execution_id,artifact_type,cid,client_id,payload_bytes,retrieval_ms,round,upload_ms,verified
seed_10001-clients_5-joint_dirichlet_0.3-submitted-label_flip-B4,model,bafkreidx4bxgmjkwvo7u53upchpv66oaz2mrtjr2jqy24tigp7cchdk5ke,0,2204,21.137750009074807,1,43.97708299802616,True
seed_10001-clients_5-joint_dirichlet_0.3-submitted-label_flip-B4,metrics,bafkreihxjnwjqr6eiyzb6c4ftnp4pfdz6ootrzfe6z2hfxjwx63nj5oysi,0,207,24.091791012324393,1,45.94429099233821,True
seed_10001-clients_5-joint_dirichlet_0.3-submitted-label_flip-B4,metadata,bafkreif5np5h5ojvx7eplncbmufoqzv73yi6evzggwlqt4enfhb6cwsqxm,0,91,1.0864579817280173,1,32.97504101647064,True
seed_10001-clients_5-joint_dirichlet_0.3-submitted-label_flip-B4,bound_manifest,bafkreibsrzn2vdqoyp67yqsxwrx6xy4ppoe7rs5mzxwkg6tsklmtz3zuka,0,340,19.163249991834164,1,53.477542009204626,True
seed_10001-clients_5-joint_dirichlet_0.3-submitted-label_flip-B4,proof,bafkreicdy6u7nyhthf7bugwt5tzqhahumv22jcv7mnva7qvkr6ho633qfq,0,124,28.664125013165176,1,52.396834013052285,True
seed_10001-clients_5-joint_dirichlet_0.3-submitted-label_flip-B4,public,bafkreiewyskhri5efu372zvyzph2kpjzex6qzu7n7nucsdmtxtqutgxfzm,0,296,20.46354196500033,1,64.68329200288281,True
seed_10001-clients_5-joint_dirichlet_0.3-submitted-label_flip-B4,submission_manifest,bafkreigxm5e7aqfmihqzuuptwnuu3pxwwtvsqjst6fg5uuyevtbjb74d7y,0,545,31.130374991334975,1,56.991167017258704,True
seed_10001-clients_5-joint_dirichlet_0.3-submitted-label_flip-B4,model,bafkreihad5yl43jkaplk7otznk3ggjbq7sifwfchcdtt5zzrjl5hkvfala,1,2156,4.954165953677148,1,41.123082977719605,True
seed_10001-clients_5-joint_dirichlet_0.3-submitted-label_flip-B4,metrics,bafkreieefl5ibmisfn5dkxgvj3unytdv36t5zpel5j35vjtjp3ajndztpi,1,222,4.6446670312434435,1,37.126542010810226,True
seed_10001-clients_5-joint_dirichlet_0.3-submitted-label_flip-B4,metadata,bafkreihrcpq52g3n6phhnaad7jqgvtuvp4vepblbldxomtuh5jkvidezhi,1,91,4.146791994571686,1,29.52866698615253,True
seed_10001-clients_5-joint_dirichlet_0.3-submitted-label_flip-B4,bound_manifest,bafkreih6dypowcfb325hfwfy2cu3blwbne5a274gnamui2zjl5bkrfvl2m,1,340,1.3380000018514693,1,36.53216699603945,True
seed_10001-clients_5-joint_dirichlet_0.3-submitted-label_flip-B4,proof,bafkreiedakmpq66hpwjhdqosychxpilvnmth6zc3uz6zarlemuidfobzky,1,760,20.06716700270772,1,44.57533301319927,True
seed_10001-clients_5-joint_dirichlet_0.3-submitted-label_flip-B4,public,bafkreidi66is4avxgvzjtsnztta5jal2rkurgt6wnwvel5dsvqy6id3rmy,1,319,0.8552499930374324,1,33.079583023209125,True
seed_10001-clients_5-joint_dirichlet_0.3-submitted-label_flip-B4,submission_manifest,bafkreidu7puaazffy64yhbvbdxnnk5k4jlt7j3siktkr4u7yuk4y7ixt4i,1,544,23.176125017926097,1,51.83479096740484,True
seed_10001-clients_5-joint_dirichlet_0.3-submitted-label_flip-B4,model,bafkreiccsllbn2biroz2lxagy3bd4lugpe3wtuw2xu2bzf32r2y2w6hifu,2,2162,1.2307079741731286,1,28.499041043687612,True
seed_10001-clients_5-joint_dirichlet_0.3-submitted-label_flip-B4,metrics,bafkreie4tfb3iabzgalz4r75o5ciz7sih4wucgnjr5j2gm46gprajyomd4,2,218,2.3022079840302467,1,32.33895800076425,True
seed_10001-clients_5-joint_dirichlet_0.3-submitted-label_flip-B4,metadata,bafkreigw4u745o7q6bg4243os5fivsxszig5u7vduzlnse723bc5cbohry,2,91,2.4103749892674387,1,38.419125019572675,True
seed_10001-clients_5-joint_dirichlet_0.3-submitted-label_flip-B4,bound_manifest,bafkreifmeasgvbcxvvaqer7bvkc7cnga2obtm7ee4gifoegnfdvbptsjzi,2,340,2.303666027728468,1,40.78329197363928,True
seed_10001-clients_5-joint_dirichlet_0.3-submitted-label_flip-B4,proof,bafkreiegzq32lhd2c5pdakwlhd2ubbi6bsyip25i4ddc6ghg7qrx2pxpt4,2,154,2.227791992481798,1,34.59816594840959,True
seed_10001-clients_5-joint_dirichlet_0.3-submitted-label_flip-B4,public,bafkreiblhtmn55v4xdlmai7towi5pe46indloundiswlo3zyrtg3zmcx3a,2,303,2.117792028002441,1,30.772541998885572,True
seed_10001-clients_5-joint_dirichlet_0.3-submitted-label_flip-B4,submission_manifest,bafkreihnj2p2htfp6grk2wuier4mdgxvrwane3ly7llatjzygxfyqxpgom,2,545,1.870916981715709,1,31.710791983641684,True
seed_10001-clients_5-joint_dirichlet_0.3-submitted-label_flip-B4,model,bafkreieroyxwxa7frlewi7qff55kqposhngtsz5khewad4qxuhcwsioenq,3,2177,1.9904160290025175,1,31.354250037111342,True
seed_10001-clients_5-joint_dirichlet_0.3-submitted-label_flip-B4,metrics,bafkreih2dpqupqw3pkypynyyud3grvhkvgepl5viridikzqjb2bn7bctsa,3,225,2.1252500009723008,1,33.574583008885384,True
seed_10001-clients_5-joint_dirichlet_0.3-submitted-label_flip-B4,metadata,bafkreiax4jcfngsmfx7ablyakljmi2imjjeke5wqnqj2yaez4wmj32ajsi,3,91,3.962957998737693,1,32.64720900915563,True
seed_10001-clients_5-joint_dirichlet_0.3-submitted-label_flip-B4,bound_manifest,bafkreifegjyjxd4epa4dtucb4d6qxzbihtfphf5kiwxwbroksaxm7daytq,3,340,2.21295899245888,1,32.37924998393282,True
seed_10001-clients_5-joint_dirichlet_0.3-submitted-label_flip-B4,proof,bafkreih656j6asefrzzsjbdjx3xkcpn3bnzwm5wcnw422d7tlfobs3akze,3,150,4.225832992233336,1,30.402416945435107,True
seed_10001-clients_5-joint_dirichlet_0.3-submitted-label_flip-B4,public,bafkreide534e45xwnt4yeupakzloso5mfvjjmpqdivlfcdhclnomiyoasy,3,321,1.716708007734269,1,31.58833400812,True
seed_10001-clients_5-joint_dirichlet_0.3-submitted-label_flip-B4,submission_manifest,bafkreiai7pbueww5ag44a6ixvypxxtuv4536p5ciyuzqa5idnjpejpsbve,3,545,1.9095410243608057,1,32.612500013783574,True
seed_10001-clients_5-joint_dirichlet_0.3-submitted-label_flip-B4,model,bafkreigdqleqcexujuytjvsmb3ng6kzkxeadhmksn7jkvjli5kuxsfignq,4,2000,2.2752080112695694,1,31.298624991904944,True
seed_10001-clients_5-joint_dirichlet_0.3-submitted-label_flip-B4,metrics,bafkreifo2wketab4hcvaho46uzo4bhgxklo5y6wzuxmm7ex3awknzbfl7q,4,222,3.958375018555671,1,32.675832975655794,True
seed_10001-clients_5-joint_dirichlet_0.3-submitted-label_flip-B4,metadata,bafkreidlkbv47ak663est4aqpiylecbjckyhakdffitugczppalrbanbze,4,91,2.050874987617135,1,32.81462495215237,True
seed_10001-clients_5-joint_dirichlet_0.3-submitted-label_flip-B4,bound_manifest,bafkreihkgasbxmxkxfwdjqvr23n7gaw4rb3ysteyrlr3dlw3jtrgxoyscu,4,340,2.4701670045033097,1,33.74158398946747,True
seed_10001-clients_5-joint_dirichlet_0.3-submitted-label_flip-B4,proof,bafkreiarhjmz55lltupnvdgik37i4v6jj42ozujwhnjzvycxxtnomyqtda,4,756,19.973249989561737,1,47.2206249833107,True
seed_10001-clients_5-joint_dirichlet_0.3-submitted-label_flip-B4,public,bafkreih4qcalejbxesufo3w26iyi4jmmdiz67efjpkj63wfaofknpdefri,4,314,0.6765000289306045,1,34.95112503878772,True
seed_10001-clients_5-joint_dirichlet_0.3-submitted-label_flip-B4,submission_manifest,bafkreidwqh2myrirk5uqchq3anmf63ptr6xba54hh6p4wdk7gv3obafywu,4,544,25.18462500302121,1,43.00229100044817,True
seed_10001-clients_5-joint_dirichlet_0.3-submitted-label_flip-B4,global_model,bafkreiamkka5kkdzlpuponkizdx4yjerofjoyep62wkmgxfjlfpop73lqa,global,2182,19.03241698164493,1,42.49945800984278,True
seed_10001-clients_5-joint_dirichlet_0.3-submitted-label_flip-B4,report,bafkreielvvlwmx7okldngzty7xxgjl7maj4ta4krqur4nhazaghdfxyzcq,global,1827,19.177000038325787,1,50.33512500813231,True
seed_10001-clients_5-joint_dirichlet_0.3-submitted-label_flip-B4,model,bafkreih2nwutdlcquueurcrocgw4vyhdqgqthewwzidy63fz6mfds7n6je,0,2212,22.11058302782476,2,55.79908296931535,True
seed_10001-clients_5-joint_dirichlet_0.3-submitted-label_flip-B4,metrics,bafkreihb67uvkfycndiwylk7g3zwv43lmapjzedba27uuo4qurczalctku,0,207,22.793416981585324,2,54.70312503166497,True
seed_10001-clients_5-joint_dirichlet_0.3-submitted-label_flip-B4,metadata,bafkreifuzxccxuglddhrffwime3iitw2q7u3uiticuylw5dtwc5q2nz7kq,0,91,2.0658329594880342,2,31.782083970028907,True
seed_10001-clients_5-joint_dirichlet_0.3-submitted-label_flip-B4,bound_manifest,bafkreie5goxq7pjow7vkfnmigbul4ksdpvj7vh6otqv6wkmyrtxomhzvkm,0,340,22.646082972642034,2,51.76566704176366,True
seed_10001-clients_5-joint_dirichlet_0.3-submitted-label_flip-B4,proof,bafkreidezp7rejq4sielbhgxkc5mfatkgngnls2u2n3p6yyktb4otml66q,0,124,18.40070803882554,2,52.907457982655615,True
seed_10001-clients_5-joint_dirichlet_0.3-submitted-label_flip-B4,public,bafkreihpk5cklyzzcqydnm3hw6w2estlecnhyuaucww3kjyukhmfa3uoxu,0,298,22.613624983932823,2,50.64174998551607,True
seed_10001-clients_5-joint_dirichlet_0.3-submitted-label_flip-B4,submission_manifest,bafkreicrwtb6ftnw266e3l5v3hjtekn3festhttu6qydjwimqh55txibdm,0,545,16.393124999012798,2,56.45079101668671,True
seed_10001-clients_5-joint_dirichlet_0.3-submitted-label_flip-B4,model,bafkreidndj6nnz3fx7ybq4sddu4vebkng4nx7u6ymtqox4snzpqpfg5wi4,1,2154,22.975708998274058,2,52.590792009141296,True
seed_10001-clients_5-joint_dirichlet_0.3-submitted-label_flip-B4,metrics,bafkreifo54nhg5ed4qrbsgi7x2gru6xej5g7wtrkelxrwejerw2yxcrax4,1,223,22.176540980581194,2,51.789040968287736,True
seed_10001-clients_5-joint_dirichlet_0.3-submitted-label_flip-B4,metadata,bafkreiewk6zf35wsftpa3jn6l2pkgk6qzsww4vcvfbljsrgkpdkkzmhjzq,1,91,2.066875051241368,2,27.508875005878508,True
seed_10001-clients_5-joint_dirichlet_0.3-submitted-label_flip-B4,bound_manifest,bafkreihrmxn4ag7cpga3ikea7mkmjce3pvxgys6gbzebp7dsxjpdeqmpfm,1,340,22.68062502844259,2,49.02804200537503,True
seed_10001-clients_5-joint_dirichlet_0.3-submitted-label_flip-B4,proof,bafkreico5f6zivxwzm7fu27axswc2pfvg6a472t5bz2fhtiz3f5u4hfk3a,1,757,20.34733397886157,2,46.491459012031555,True
seed_10001-clients_5-joint_dirichlet_0.3-submitted-label_flip-B4,public,bafkreiblpgf7vwvwv7tlcbj2d2jgk5avydb6wbhpcnbjv535rngllas7oy,1,321,23.4085830161348,2,52.91504197521135,True
seed_10001-clients_5-joint_dirichlet_0.3-submitted-label_flip-B4,submission_manifest,bafkreigiazekkqqn5c43k3vfyca4o5zpg4x6bk5okk5uf3ku57hrmkumvq,1,544,24.642249976750463,2,54.189582995604724,True
seed_10001-clients_5-joint_dirichlet_0.3-submitted-label_flip-B4,model,bafkreiexnav7nkw6pnevbeexdbp2gzfyugiygl64tjamw3hkrmgarg46jm,2,2269,19.156374968588352,2,54.40287495730445,True
seed_10001-clients_5-joint_dirichlet_0.3-submitted-label_flip-B4,metrics,bafkreiejbaus6xtb7vpu5wt6w7qdxanhtnz7k2uwghpqnbtjoijvaou6au,2,218,1.9414580310694873,2,32.14737499365583,True
seed_10001-clients_5-joint_dirichlet_0.3-submitted-label_flip-B4,metadata,bafkreiaimftgdtz44askvfbairrsnrwqtagisn2zf2jbfuwmaeyih3ix2m,2,91,2.4050840293057263,2,30.18120798515156,True
seed_10001-clients_5-joint_dirichlet_0.3-submitted-label_flip-B4,bound_manifest,bafkreiaaswij4o6dxhgvngwqan3q3i4ik2o76gl5mhfzgcubthv7bhw2wm,2,340,18.299791030585766,2,53.762791969347745,True
seed_10001-clients_5-joint_dirichlet_0.3-submitted-label_flip-B4,proof,bafkreibdl4tf7sfjxkdicddkyjny5oia7hoa6oen5k5uakgwshjk36eyaa,2,154,2.042165957391262,2,32.98100002575666,True
seed_10001-clients_5-joint_dirichlet_0.3-submitted-label_flip-B4,public,bafkreihgsbvtqjkc7i65nmrfhtqytkeu5nttsqkf7lzgrnxlfoco7uxoce,2,302,22.247582965064794,2,54.568582971114665,True
seed_10001-clients_5-joint_dirichlet_0.3-submitted-label_flip-B4,submission_manifest,bafkreieqnkk72n2xg3worxw3yylu4rbxzacml7t6edktxhz47ho57pd5g4,2,545,21.206874982453883,2,51.87695799395442,True
seed_10001-clients_5-joint_dirichlet_0.3-submitted-label_flip-B4,model,bafkreigmhnlrw37kw3hnvuqwkfagaj263ffjdd7sobctc6imieejcqr7bq,3,2243,22.32720801839605,2,51.77291703876108,True
seed_10001-clients_5-joint_dirichlet_0.3-submitted-label_flip-B4,metrics,bafkreihfrazxbcx34todshqvqcdsjw2f4s3rxr5ni6iuiknpzraymkunfe,3,225,20.36516700172797,2,55.89866696391255,True
seed_10001-clients_5-joint_dirichlet_0.3-submitted-label_flip-B4,metadata,bafkreihjr3scpuwgf6hwibjgdt2csrbmlguqitr6ap5xzqb7uq5qartqti,3,91,2.0177910337224603,2,34.7652499913238,True
seed_10001-clients_5-joint_dirichlet_0.3-submitted-label_flip-B4,bound_manifest,bafkreiazy535aoe6izq6w34ujfor3r4xzgdy6g24jtoveaqkjrd4i3d7qi,3,340,18.12362502096221,2,53.701666998676956,True
seed_10001-clients_5-joint_dirichlet_0.3-submitted-label_flip-B4,proof,bafkreihqdsipzopfdgkmcfqcknr2lsfl7kbzp336d6qjjfqiyuzdb7jhre,3,150,18.40604201424867,2,54.578542010858655,True
seed_10001-clients_5-joint_dirichlet_0.3-submitted-label_flip-B4,public,bafkreibgx7yzku6qbmyprexjf4radnf7rq6ofixkzdrbcupmgn4fs4yfyy,3,323,18.349416030105203,2,48.65883302409202,True
seed_10001-clients_5-joint_dirichlet_0.3-submitted-label_flip-B4,submission_manifest,bafkreiegmi4pyku26wkow5wdhszvt5z3ddh45qanvg23qwofiabmfbnkty,3,545,18.085291958414018,2,44.728374981787056,True
seed_10001-clients_5-joint_dirichlet_0.3-submitted-label_flip-B4,model,bafkreigxmz2ep22pxm3rfts5kh2qx3q73zrekmwworbeyjrarg4rvuosvi,4,2159,22.609999985434115,2,46.253209002316,True
seed_10001-clients_5-joint_dirichlet_0.3-submitted-label_flip-B4,metrics,bafkreiacv723ggscas3stquln6xboheceoafeapdn5xp5gtztpjdc3jshm,4,222,25.574250030331314,2,45.98649998661131,True
seed_10001-clients_5-joint_dirichlet_0.3-submitted-label_flip-B4,metadata,bafkreidwqrlhr3ykdjtel3lkhaoel6np5ov3rov3eccdldkwyhz7a5ivpu,4,91,1.0758750140666962,2,31.537832983303815,True
seed_10001-clients_5-joint_dirichlet_0.3-submitted-label_flip-B4,bound_manifest,bafkreicigfaezfyftcgnfbpmypx4zuof4vmgaxytnmepc5nqcwmgnsanp4,4,340,23.04029103834182,2,49.94470899691805,True
seed_10001-clients_5-joint_dirichlet_0.3-submitted-label_flip-B4,proof,bafkreiehdacacp5mtcvvi7zcjtzgh5vowbnbyki2736m3p4z5xs6pl5cbu,4,150,21.402332989964634,2,47.599333978723735,True
seed_10001-clients_5-joint_dirichlet_0.3-submitted-label_flip-B4,public,bafkreicshdchwwg32uowkndjl5himzploamzba5fmanu56n5y2bba2k3wq,4,313,22.624832985457033,2,48.5668329638429,True
seed_10001-clients_5-joint_dirichlet_0.3-submitted-label_flip-B4,submission_manifest,bafkreiejuhgikusct7tdidgauonnmubbksr7pzj2sxku4qq6cxysghbtxe,4,545,22.38087495788932,2,49.70620799576864,True
seed_10001-clients_5-joint_dirichlet_0.3-submitted-label_flip-B4,global_model,bafkreiey7ustyahthqvczbo32cf56b6ppw4v7wwtscx7nb5azqcvfx2sae,global,2162,19.422332989051938,2,48.5185410361737,True
seed_10001-clients_5-joint_dirichlet_0.3-submitted-label_flip-B4,report,bafkreiemd2df4v24n7abe5b265m2ln4qyhh3fite4ku47nqtmjrhsh563u,global,1823,22.336750000249594,2,53.326499997638166,True
seed_10001-clients_5-joint_dirichlet_0.3-submitted-label_flip-B4,model,bafkreibzqictgzfgiblgig26xndjlfebeb6y6j6l42hf2txf5iktwxlbyi,0,2221,25.13695799279958,3,44.452707981690764,True
seed_10001-clients_5-joint_dirichlet_0.3-submitted-label_flip-B4,metrics,bafkreih6gis2fxfjtiuwptz6hghyqt7d73xnf2dxq2xnk2flrixdyeyn2u,0,216,22.132334008347243,3,47.345666971523315,True
seed_10001-clients_5-joint_dirichlet_0.3-submitted-label_flip-B4,metadata,bafkreibd3vdc5s2jakup2cxbdxswsczy3helinqofu2spa7bgsub3wkqgq,0,91,2.3027079878374934,3,27.980500017292798,True
seed_10001-clients_5-joint_dirichlet_0.3-submitted-label_flip-B4,bound_manifest,bafkreigyodelq6y3rmoboargv3p76q4nl6xam2gktxt57w5v2tle7novye,0,340,18.391416990198195,3,50.71108299307525,True
seed_10001-clients_5-joint_dirichlet_0.3-submitted-label_flip-B4,proof,bafkreifybjsrg7egow7v4ke6eosgum3oqnay53victyc6dio25kj3knqby,0,139,18.224457977339625,3,49.470792000647634,True
seed_10001-clients_5-joint_dirichlet_0.3-submitted-label_flip-B4,public,bafkreidh67u7ykyzqzlnpizvhyxo5hgrbinnz7h6mo7its77o2pqnvcdxq,0,307,18.169292015954852,3,45.85958400275558,True
seed_10001-clients_5-joint_dirichlet_0.3-submitted-label_flip-B4,submission_manifest,bafkreibuoiwk5zcodm2lpimtkk2r5qeob7isglgrf3lc5amgqgjcokegsu,0,545,19.137167022563517,3,59.97962498804554,True
seed_10001-clients_5-joint_dirichlet_0.3-submitted-label_flip-B4,model,bafkreiaruswqbeuiwhpou3ju5b75ine7b5wbu6lywn3zve2n75ymp5to2m,1,2140,22.127292002551258,3,49.74437499186024,True
seed_10001-clients_5-joint_dirichlet_0.3-submitted-label_flip-B4,metrics,bafkreiaszdyd7ilctgdyv3yry5jm5bixpvcpdpm226ijneyxm2dvin3aum,1,224,22.126166964881122,3,51.66729097254574,True
seed_10001-clients_5-joint_dirichlet_0.3-submitted-label_flip-B4,metadata,bafkreihaem7bjnnfpp3wmvuupfka56zxqtozrtf6kd77bncedzs2rtvfum,1,91,1.06487498851493,3,32.37425000406802,True
seed_10001-clients_5-joint_dirichlet_0.3-submitted-label_flip-B4,bound_manifest,bafkreigz37rrsuamehhx4cpwcndwfqeez5itst2jy43zd6bk7niy3ehusq,1,340,20.193417032714933,3,47.57329198764637,True
seed_10001-clients_5-joint_dirichlet_0.3-submitted-label_flip-B4,proof,bafkreifu6wyjjujsxxd5horb2mc4lmzutf46tdkjbdqivb6jjyhw6birkq,1,758,18.145791022107005,3,44.76404201705009,True
seed_10001-clients_5-joint_dirichlet_0.3-submitted-label_flip-B4,public,bafkreicj4ow27e62a7v3gcrtmhgta2faguq6oisslbcpdybv2pgfzp4fx4,1,321,22.103625000454485,3,49.74983399733901,True
seed_10001-clients_5-joint_dirichlet_0.3-submitted-label_flip-B4,submission_manifest,bafkreihosp4gestprubuutxd37q4wu2mxkaup4jwwm7deomhxvvhhzoxny,1,544,15.94129198929295,3,50.802167039364576,True
seed_10001-clients_5-joint_dirichlet_0.3-submitted-label_flip-B4,model,bafkreigrs3xz6kdzuu2z6ib3l4rwxra5rhy3iembkv7itspr6kb3crmyvq,2,2249,16.983249981421977,3,50.89870799565688,True
seed_10001-clients_5-joint_dirichlet_0.3-submitted-label_flip-B4,metrics,bafkreifjzsuh4jbus7d3bk6di2cy7rtwuxl2lid7qpcqc6ihdh3tcsiopu,2,218,15.930958034005016,3,40.979540965054184,True
seed_10001-clients_5-joint_dirichlet_0.3-submitted-label_flip-B4,metadata,bafkreia2xz7yi4bonoimmsesuyxglm3nltrwh6plqjdgunsyhfsrq2ualq,2,91,0.4433330032043159,3,28.008666005916893,True
seed_10001-clients_5-joint_dirichlet_0.3-submitted-label_flip-B4,bound_manifest,bafkreihkqwuzja7qihn74wbmfq7wzf72hkcny5wjbdocudzndxgp6meutu,2,340,23.00666703376919,3,44.11258298205212,True
seed_10001-clients_5-joint_dirichlet_0.3-submitted-label_flip-B4,proof,bafkreiewfknuqaubzuexqyuaohzt3taa42s2u4ft7pz5a3fgrkcmelaeoe,2,154,0.5745000089518726,3,31.85512503841892,True
seed_10001-clients_5-joint_dirichlet_0.3-submitted-label_flip-B4,public,bafkreig3tafw2gmvlqi76qhf7gugyr42fjoozbwzlwnnw35d75lvbssjlu,2,304,21.169374987948686,3,49.894875031895936,True
seed_10001-clients_5-joint_dirichlet_0.3-submitted-label_flip-B4,submission_manifest,bafkreiarrvxgdylrnpvrpvwjuzikyr6cvtuauaz6vyitakbgaojp4eup54,2,545,20.006832957733423,3,51.85933399479836,True
seed_10001-clients_5-joint_dirichlet_0.3-submitted-label_flip-B4,model,bafkreicn6wym6vqrpc6vycqt34ufs4lefqhtv4za3idqahbkesa7sxjjte,3,2233,21.54537499882281,3,46.62704101065174,True
seed_10001-clients_5-joint_dirichlet_0.3-submitted-label_flip-B4,metrics,bafkreiconi6g5hr43ppzu5b33huihu65burkbudfhikzrj2nqau2ipou2m,3,225,19.730750005692244,3,50.60524999862537,True
seed_10001-clients_5-joint_dirichlet_0.3-submitted-label_flip-B4,metadata,bafkreid345tuvtzdgjl54fhr2ym64ybeelpqyo72eesstnomqnqjouwrf4,3,91,1.9334160024300218,3,32.625417050439864,True
seed_10001-clients_5-joint_dirichlet_0.3-submitted-label_flip-B4,bound_manifest,bafkreig5m3el4qgttbygwdzgs6jw32pio4hw5jhjgrayafx5aanol7tnba,3,340,25.085332978051156,3,53.07670804904774,True
seed_10001-clients_5-joint_dirichlet_0.3-submitted-label_flip-B4,proof,bafkreih52w6vhdq4agcuhgwql53bi6ccyav5jltcx4cguf6eccc2434q7y,3,150,20.75404196511954,3,57.613874960225075,True
seed_10001-clients_5-joint_dirichlet_0.3-submitted-label_flip-B4,public,bafkreif564ddvo7ymbyipdxyyz4rss6f3s56xpyl65gdbdpo6hbvqmir2a,3,323,22.355041990522295,3,52.47804196551442,True
seed_10001-clients_5-joint_dirichlet_0.3-submitted-label_flip-B4,submission_manifest,bafkreifhur5dv5n5hqsmjti4qfcngqv5zrtq6pwm2tf3mgw2dk6pq5mbsq,3,545,22.158625011797994,3,63.84012498892844,True
seed_10001-clients_5-joint_dirichlet_0.3-submitted-label_flip-B4,model,bafkreigkgnsgkhq2w5c34gqjsd4sdmxoofza75fyov4scq7vmhrt27aofu,4,2149,19.912292016670108,3,56.95862497668713,True
seed_10001-clients_5-joint_dirichlet_0.3-submitted-label_flip-B4,metrics,bafkreidjv23qoppstqs5ee7ztsbruyiaozsujidbkfc6juc3eckh655s4a,4,222,18.425374990329146,3,53.568415984045714,True
seed_10001-clients_5-joint_dirichlet_0.3-submitted-label_flip-B4,metadata,bafkreieywl3zmegfk6uuhj7guzk5gl2mi2unbzxrzkfuafu6tnx7uammkq,4,91,2.0979580003768206,3,30.09308298351243,True
seed_10001-clients_5-joint_dirichlet_0.3-submitted-label_flip-B4,bound_manifest,bafkreidz2ozxzkz2bqba74fdscqikx5zw2rsauibddvydta4xrn6pzip5u,4,340,17.74541602935642,3,46.75149999093264,True
seed_10001-clients_5-joint_dirichlet_0.3-submitted-label_flip-B4,proof,bafkreie366nqij4h7xcu2mifq6stuxjxjbiledqvy2xiipq3bmkzqovizq,4,150,20.291583030484617,3,56.67120800353587,True
seed_10001-clients_5-joint_dirichlet_0.3-submitted-label_flip-B4,public,bafkreibpzfrabnksyjwo4rldetsfhjguuw6xjjffuyuaoqpbnzvkm77i6i,4,313,20.158333994913846,3,59.80779096717015,True
seed_10001-clients_5-joint_dirichlet_0.3-submitted-label_flip-B4,submission_manifest,bafkreih6pfbhtu5x3zk7ydf5osreckmx6wp6tvdf4vkpipjq6cnvm5qgnu,4,545,20.824250008445233,3,65.37708296673372,True
seed_10001-clients_5-joint_dirichlet_0.3-submitted-label_flip-B4,global_model,bafkreidzihc3hb4qos6c3y4pbvcilmmb34jbukyo7wuy6tqgo3zhdwcjjm,global,2148,21.308124996721745,3,45.52933300146833,True
seed_10001-clients_5-joint_dirichlet_0.3-submitted-label_flip-B4,report,bafkreigkdnkme2didl6l23j2r3ckffxsethusyj46ax4tmj44ob7ybu2za,global,1822,21.54549997067079,3,48.86650003027171,True
seed_10001-clients_5-joint_dirichlet_0.3-submitted-label_flip-B7,model,bafkreidx4bxgmjkwvo7u53upchpv66oaz2mrtjr2jqy24tigp7cchdk5ke,0,2204,0.8277500164695084,1,29.212833964265883,True
seed_10001-clients_5-joint_dirichlet_0.3-submitted-label_flip-B7,metrics,bafkreihxjnwjqr6eiyzb6c4ftnp4pfdz6ootrzfe6z2hfxjwx63nj5oysi,0,207,0.7679999689571559,1,32.95833303127438,True
seed_10001-clients_5-joint_dirichlet_0.3-submitted-label_flip-B7,metadata,bafkreif5np5h5ojvx7eplncbmufoqzv73yi6evzggwlqt4enfhb6cwsqxm,0,91,0.6918750004842877,1,35.001249983906746,True
seed_10001-clients_5-joint_dirichlet_0.3-submitted-label_flip-B7,bound_manifest,bafkreibsrzn2vdqoyp67yqsxwrx6xy4ppoe7rs5mzxwkg6tsklmtz3zuka,0,340,1.140834006946534,1,40.98995798267424,True
seed_10001-clients_5-joint_dirichlet_0.3-submitted-label_flip-B7,proof,bafkreicdy6u7nyhthf7bugwt5tzqhahumv22jcv7mnva7qvkr6ho633qfq,0,124,4.581790999509394,1,43.11062500346452,True
seed_10001-clients_5-joint_dirichlet_0.3-submitted-label_flip-B7,public,bafkreiewyskhri5efu372zvyzph2kpjzex6qzu7n7nucsdmtxtqutgxfzm,0,296,2.1440410055220127,1,39.935292035806924,True
seed_10001-clients_5-joint_dirichlet_0.3-submitted-label_flip-B7,submission_manifest,bafkreigxm5e7aqfmihqzuuptwnuu3pxwwtvsqjst6fg5uuyevtbjb74d7y,0,545,2.508041972760111,1,36.09412495279685,True
seed_10001-clients_5-joint_dirichlet_0.3-submitted-label_flip-B7,model,bafkreihad5yl43jkaplk7otznk3ggjbq7sifwfchcdtt5zzrjl5hkvfala,1,2156,1.0903329821303487,1,31.131208001170307,True
seed_10001-clients_5-joint_dirichlet_0.3-submitted-label_flip-B7,metrics,bafkreieefl5ibmisfn5dkxgvj3unytdv36t5zpel5j35vjtjp3ajndztpi,1,222,1.1001249658875167,1,31.83641697978601,True
seed_10001-clients_5-joint_dirichlet_0.3-submitted-label_flip-B7,metadata,bafkreihrcpq52g3n6phhnaad7jqgvtuvp4vepblbldxomtuh5jkvidezhi,1,91,1.7855840269476175,1,31.96383302565664,True
seed_10001-clients_5-joint_dirichlet_0.3-submitted-label_flip-B7,bound_manifest,bafkreih6dypowcfb325hfwfy2cu3blwbne5a274gnamui2zjl5bkrfvl2m,1,340,1.9811250385828316,1,34.84208299778402,True
seed_10001-clients_5-joint_dirichlet_0.3-submitted-label_flip-B7,proof,bafkreibsxbt4sfdvahb6w3sh7dzxntfjvkd4rkpilvynko7adwxllpngfe,1,759,32.03849995043129,1,72.14395800838247,True
seed_10001-clients_5-joint_dirichlet_0.3-submitted-label_flip-B7,public,bafkreidi66is4avxgvzjtsnztta5jal2rkurgt6wnwvel5dsvqy6id3rmy,1,319,0.45433297054842114,1,39.078000001609325,True
seed_10001-clients_5-joint_dirichlet_0.3-submitted-label_flip-B7,submission_manifest,bafkreidyiehe4adlzqv7ridwockkju6xq4lslbtv5i6nimywe4jrnhb5fa,1,544,25.120791979134083,1,53.853041026741266,True
seed_10001-clients_5-joint_dirichlet_0.3-submitted-label_flip-B7,model,bafkreiccsllbn2biroz2lxagy3bd4lugpe3wtuw2xu2bzf32r2y2w6hifu,2,2162,0.6202500080689788,1,56.605542020406574,True
seed_10001-clients_5-joint_dirichlet_0.3-submitted-label_flip-B7,metrics,bafkreie4tfb3iabzgalz4r75o5ciz7sih4wucgnjr5j2gm46gprajyomd4,2,218,0.7064159726724029,1,37.551957997493446,True
seed_10001-clients_5-joint_dirichlet_0.3-submitted-label_flip-B7,metadata,bafkreigw4u745o7q6bg4243os5fivsxszig5u7vduzlnse723bc5cbohry,2,91,0.6191660067997873,1,32.968333980534226,True
seed_10001-clients_5-joint_dirichlet_0.3-submitted-label_flip-B7,bound_manifest,bafkreifmeasgvbcxvvaqer7bvkc7cnga2obtm7ee4gifoegnfdvbptsjzi,2,340,0.5603330209851265,1,31.99024999048561,True
seed_10001-clients_5-joint_dirichlet_0.3-submitted-label_flip-B7,proof,bafkreiegzq32lhd2c5pdakwlhd2ubbi6bsyip25i4ddc6ghg7qrx2pxpt4,2,154,0.8759999764151871,1,35.760374972596765,True
seed_10001-clients_5-joint_dirichlet_0.3-submitted-label_flip-B7,public,bafkreiblhtmn55v4xdlmai7towi5pe46indloundiswlo3zyrtg3zmcx3a,2,303,0.8920410182327032,1,36.027666996233165,True
seed_10001-clients_5-joint_dirichlet_0.3-submitted-label_flip-B7,submission_manifest,bafkreihnj2p2htfp6grk2wuier4mdgxvrwane3ly7llatjzygxfyqxpgom,2,545,2.017916995100677,1,35.52362497430295,True
seed_10001-clients_5-joint_dirichlet_0.3-submitted-label_flip-B7,model,bafkreieroyxwxa7frlewi7qff55kqposhngtsz5khewad4qxuhcwsioenq,3,2177,1.924125012010336,1,28.282541956286877,True
seed_10001-clients_5-joint_dirichlet_0.3-submitted-label_flip-B7,metrics,bafkreih2dpqupqw3pkypynyyud3grvhkvgepl5viridikzqjb2bn7bctsa,3,225,2.199042006395757,1,38.960292004048824,True
seed_10001-clients_5-joint_dirichlet_0.3-submitted-label_flip-B7,metadata,bafkreiax4jcfngsmfx7ablyakljmi2imjjeke5wqnqj2yaez4wmj32ajsi,3,91,1.9499579793773592,1,28.717125009279698,True
seed_10001-clients_5-joint_dirichlet_0.3-submitted-label_flip-B7,bound_manifest,bafkreifegjyjxd4epa4dtucb4d6qxzbihtfphf5kiwxwbroksaxm7daytq,3,340,2.639208047185093,1,32.004583976231515,True
seed_10001-clients_5-joint_dirichlet_0.3-submitted-label_flip-B7,proof,bafkreih656j6asefrzzsjbdjx3xkcpn3bnzwm5wcnw422d7tlfobs3akze,3,150,1.6405419446527958,1,31.100958993192762,True
seed_10001-clients_5-joint_dirichlet_0.3-submitted-label_flip-B7,public,bafkreide534e45xwnt4yeupakzloso5mfvjjmpqdivlfcdhclnomiyoasy,3,321,1.5595839940942824,1,29.596207954455167,True
seed_10001-clients_5-joint_dirichlet_0.3-submitted-label_flip-B7,submission_manifest,bafkreiai7pbueww5ag44a6ixvypxxtuv4536p5ciyuzqa5idnjpejpsbve,3,545,1.7657920252531767,1,34.377583011519164,True
seed_10001-clients_5-joint_dirichlet_0.3-submitted-label_flip-B7,model,bafkreigdqleqcexujuytjvsmb3ng6kzkxeadhmksn7jkvjli5kuxsfignq,4,2000,1.1595829855650663,1,32.77912503108382,True
seed_10001-clients_5-joint_dirichlet_0.3-submitted-label_flip-B7,metrics,bafkreifo2wketab4hcvaho46uzo4bhgxklo5y6wzuxmm7ex3awknzbfl7q,4,222,1.6724169836379588,1,31.791957968380302,True
seed_10001-clients_5-joint_dirichlet_0.3-submitted-label_flip-B7,metadata,bafkreidlkbv47ak663est4aqpiylecbjckyhakdffitugczppalrbanbze,4,91,1.3448339886963367,1,29.833750042598695,True
seed_10001-clients_5-joint_dirichlet_0.3-submitted-label_flip-B7,bound_manifest,bafkreihkgasbxmxkxfwdjqvr23n7gaw4rb3ysteyrlr3dlw3jtrgxoyscu,4,340,2.4755000486038625,1,33.39091700036079,True
seed_10001-clients_5-joint_dirichlet_0.3-submitted-label_flip-B7,proof,bafkreidozah7kz3ml5ycz74ea3rmmuepozpmpwmpriwjglch66dc3yeaoy,4,759,22.257290955167264,1,44.41129101905972,True
seed_10001-clients_5-joint_dirichlet_0.3-submitted-label_flip-B7,public,bafkreih4qcalejbxesufo3w26iyi4jmmdiz67efjpkj63wfaofknpdefri,4,314,0.6944580236449838,1,32.90341701358557,True
seed_10001-clients_5-joint_dirichlet_0.3-submitted-label_flip-B7,submission_manifest,bafkreihmoepxko6uroj476u5dmjaxfjzkxjph2fmjbwx6orqwo6c5rhghq,4,544,22.044125013053417,1,47.661000047810376,True
seed_10001-clients_5-joint_dirichlet_0.3-submitted-label_flip-B7,global_model,bafkreiaxydwfttqveqcquv4xqtzzhl4q7abkps74a4xtgvnltflfkk5t7a,global,2182,23.46683299401775,1,45.77074997359887,True
seed_10001-clients_5-joint_dirichlet_0.3-submitted-label_flip-B7,report,bafkreievslm33sur6s3oim6imxovkrz6r5ttkpgsihwpsz5wfjlusxglha,global,1822,25.595499959308654,1,69.3343750317581,True
seed_10001-clients_5-joint_dirichlet_0.3-submitted-label_flip-B7,model,bafkreidzetsayrd6tyb7fmy3j6kxivyjcxojjtjqe3clluwlnxoyajj3d4,0,2208,29.305208998266608,2,54.799833975266665,True
seed_10001-clients_5-joint_dirichlet_0.3-submitted-label_flip-B7,metrics,bafkreihb67uvkfycndiwylk7g3zwv43lmapjzedba27uuo4qurczalctku,0,207,2.3149169865064323,2,35.203166014980525,True
seed_10001-clients_5-joint_dirichlet_0.3-submitted-label_flip-B7,metadata,bafkreifuzxccxuglddhrffwime3iitw2q7u3uiticuylw5dtwc5q2nz7kq,0,91,2.431625034660101,2,36.044083011802286,True
seed_10001-clients_5-joint_dirichlet_0.3-submitted-label_flip-B7,bound_manifest,bafkreig4kvmgf64l6u3kj4hnb6oobkcxvzmb5ueiwjd6c3jjw5jowr5tra,0,340,22.21695799380541,2,55.20595796406269,True
seed_10001-clients_5-joint_dirichlet_0.3-submitted-label_flip-B7,proof,bafkreidezp7rejq4sielbhgxkc5mfatkgngnls2u2n3p6yyktb4otml66q,0,124,4.787874990142882,2,33.40175002813339,True
seed_10001-clients_5-joint_dirichlet_0.3-submitted-label_flip-B7,public,bafkreiegdb2rpyb3mgkes3c7cf6bj4zeettnxdhpozolwc4ukwg44kuxui,0,299,18.584500008728355,2,48.24683303013444,True
seed_10001-clients_5-joint_dirichlet_0.3-submitted-label_flip-B7,submission_manifest,bafkreiac5undqsil7kgysod3q73evdrgtihpjt5oju5oq74bkrkkz5tzue,0,545,20.10733401402831,2,45.2432080055587,True
seed_10001-clients_5-joint_dirichlet_0.3-submitted-label_flip-B7,model,bafkreicbbmgnbrkng75l2lkksapb3b47zgcyrkomjsysv7vtfnbpi6e54y,1,2147,19.687792053446174,2,65.35720801912248,True
seed_10001-clients_5-joint_dirichlet_0.3-submitted-label_flip-B7,metrics,bafkreifo54nhg5ed4qrbsgi7x2gru6xej5g7wtrkelxrwejerw2yxcrax4,1,223,4.145332961343229,2,31.32295800605789,True
seed_10001-clients_5-joint_dirichlet_0.3-submitted-label_flip-B7,metadata,bafkreiewk6zf35wsftpa3jn6l2pkgk6qzsww4vcvfbljsrgkpdkkzmhjzq,1,91,2.012707991525531,2,32.89987501921132,True
seed_10001-clients_5-joint_dirichlet_0.3-submitted-label_flip-B7,bound_manifest,bafkreiaycvpo6bpjtxeygkv6fb7pr7gcnpzv2joa4shhumxkr6h4qawuwa,1,340,23.48054200410843,2,54.50020800344646,True
seed_10001-clients_5-joint_dirichlet_0.3-submitted-label_flip-B7,proof,bafkreihykoqosejclzlvmoo4vrw6mr2ctdmh6bhvhtboygg2sp6oxpoqbq,1,756,20.122500020079315,2,41.74937499919906,True
seed_10001-clients_5-joint_dirichlet_0.3-submitted-label_flip-B7,public,bafkreicbwnvkhevthovz55kbbhq64ympalnzttk5nycqphmdqlt4nyzdry,1,321,21.28691697726026,2,50.836458045523614,True
seed_10001-clients_5-joint_dirichlet_0.3-submitted-label_flip-B7,submission_manifest,bafkreifklx7ulxvdryxyyvs32yxts7ytma3rkhgsihkphfogwpekqugmjm,1,544,23.271124984603375,2,55.75241701444611,True
seed_10001-clients_5-joint_dirichlet_0.3-submitted-label_flip-B7,model,bafkreigmpzhetsbkdcrxxbwpbo66hhgfqhsh3u4qxtkjupum75orws2y5m,2,2269,18.301792035344988,2,53.345207998063415,True
seed_10001-clients_5-joint_dirichlet_0.3-submitted-label_flip-B7,metrics,bafkreiejbaus6xtb7vpu5wt6w7qdxanhtnz7k2uwghpqnbtjoijvaou6au,2,218,4.315083031542599,2,34.44683400448412,True
seed_10001-clients_5-joint_dirichlet_0.3-submitted-label_flip-B7,metadata,bafkreiaimftgdtz44askvfbairrsnrwqtagisn2zf2jbfuwmaeyih3ix2m,2,91,1.7512920312583447,2,29.57387495553121,True
seed_10001-clients_5-joint_dirichlet_0.3-submitted-label_flip-B7,bound_manifest,bafkreieb4z2vgfsd6geprnfo7cvndixzni47vm6enutybrscydtsftzwc4,2,340,25.06108401576057,2,64.77245903806761,True
seed_10001-clients_5-joint_dirichlet_0.3-submitted-label_flip-B7,proof,bafkreibdl4tf7sfjxkdicddkyjny5oia7hoa6oen5k5uakgwshjk36eyaa,2,154,0.9442089940421283,2,33.58604200184345,True
seed_10001-clients_5-joint_dirichlet_0.3-submitted-label_flip-B7,public,bafkreia4si4rpa3xn3cxezgezdlojos2vnvlbaerrecpzsxz46lm3dodha,2,304,21.833624981809407,2,59.80479100253433,True
seed_10001-clients_5-joint_dirichlet_0.3-submitted-label_flip-B7,submission_manifest,bafkreibi4kh65vzcnk5mahiey2tnqxtgehu44mfxhwoigdsy4mwb57fxve,2,545,23.30699999583885,2,60.43774995487183,True
seed_10001-clients_5-joint_dirichlet_0.3-submitted-label_flip-B7,model,bafkreicoi5noyipa4fzpqafu74ymo5ywkuvqm2tyyfemhw26fe7uspgnyi,3,2253,25.678375037387013,2,56.396666972432286,True
seed_10001-clients_5-joint_dirichlet_0.3-submitted-label_flip-B7,metrics,bafkreidu5wuwttmy6xsssucogl4zsrehq577uzghc5nxmydeeb2d2ukide,3,225,28.11499999370426,2,55.616875004488975,True
seed_10001-clients_5-joint_dirichlet_0.3-submitted-label_flip-B7,metadata,bafkreihjr3scpuwgf6hwibjgdt2csrbmlguqitr6ap5xzqb7uq5qartqti,3,91,2.059832972008735,2,35.795167030300945,True
seed_10001-clients_5-joint_dirichlet_0.3-submitted-label_flip-B7,bound_manifest,bafkreia4ltui5bugxx52gdkliln2koepaydytlebo7ixoyknrq53m7daeq,3,340,23.17783300532028,2,59.8739999695681,True
seed_10001-clients_5-joint_dirichlet_0.3-submitted-label_flip-B7,proof,bafkreid2skz4xhz4dd3oumvphczzjy4tdbj3qspcnfndqqyd5ebbodzctq,3,150,23.32137495977804,2,52.54720797529444,True
seed_10001-clients_5-joint_dirichlet_0.3-submitted-label_flip-B7,public,bafkreidalt2l3eom4tpmceinwfw7gtp2rltm6ya6vnh64f4lzhkujg67uu,3,322,20.332165993750095,2,48.150707967579365,True
seed_10001-clients_5-joint_dirichlet_0.3-submitted-label_flip-B7,submission_manifest,bafkreifjmisktwxzs3cdtiwvugekw7f6trpfksnu43ohnw3f4uda5ca7zi,3,545,21.100584010127932,2,49.48258301010355,True
seed_10001-clients_5-joint_dirichlet_0.3-submitted-label_flip-B7,model,bafkreicd74rxsrd2s5ggikvqowk4nwngl4ak5xkbd4krv2xa3gp6rfd73m,4,2159,21.021374966949224,2,51.95574997924268,True
seed_10001-clients_5-joint_dirichlet_0.3-submitted-label_flip-B7,metrics,bafkreiacv723ggscas3stquln6xboheceoafeapdn5xp5gtztpjdc3jshm,4,222,1.8402909627184272,2,31.792416993994266,True
seed_10001-clients_5-joint_dirichlet_0.3-submitted-label_flip-B7,metadata,bafkreidwqrlhr3ykdjtel3lkhaoel6np5ov3rov3eccdldkwyhz7a5ivpu,4,91,2.284749993123114,2,35.72233399609104,True
seed_10001-clients_5-joint_dirichlet_0.3-submitted-label_flip-B7,bound_manifest,bafkreihskgrt2bdrmzutenhwwqv3k7jlh455ynmqvwd4fyasyl7wzl5wkq,4,340,16.05887501500547,2,51.20170803274959,True
seed_10001-clients_5-joint_dirichlet_0.3-submitted-label_flip-B7,proof,bafkreiehdacacp5mtcvvi7zcjtzgh5vowbnbyki2736m3p4z5xs6pl5cbu,4,150,0.5568340420722961,2,31.79433400509879,True
seed_10001-clients_5-joint_dirichlet_0.3-submitted-label_flip-B7,public,bafkreidv54uyej5po2o54ukha6bwbwya4q3tfcd56ojroycajqnmu2vn4a,4,311,19.99375002924353,2,47.935042006429285,True
seed_10001-clients_5-joint_dirichlet_0.3-submitted-label_flip-B7,submission_manifest,bafkreidxvgigw3gwia7bs75l5aomoay2a5ondtew2ywhn7smord3elvzba,4,545,21.02787501644343,2,43.990875012241304,True
seed_10001-clients_5-joint_dirichlet_0.3-submitted-label_flip-B7,global_model,bafkreideomcgka2w4fey4bcxxjapeyv6zqrjiknr6chrzwbej25bhsevw4,global,2155,19.053583033382893,2,53.21429099421948,True
seed_10001-clients_5-joint_dirichlet_0.3-submitted-label_flip-B7,report,bafkreigvt6o4hlxtmmdha53oaf65rl34nvrdgxclqxtzhhu5aseobekmom,global,1823,23.14108400605619,2,59.925332956481725,True
seed_10001-clients_5-joint_dirichlet_0.3-submitted-label_flip-B7,model,bafkreibxfaigurqxqpwm6njxfq743okce5ocex6mmv25blnwsqcv4y6asu,0,2220,22.79087499482557,3,45.86762498365715,True
seed_10001-clients_5-joint_dirichlet_0.3-submitted-label_flip-B7,metrics,bafkreie76prv54t7hesl6u7tqrro64tpcmnbrl7r3ms4ne6s2kej6fmz3q,0,216,20.009249972645193,3,54.84079202869907,True
seed_10001-clients_5-joint_dirichlet_0.3-submitted-label_flip-B7,metadata,bafkreibd3vdc5s2jakup2cxbdxswsczy3helinqofu2spa7bgsub3wkqgq,0,91,0.5903330165892839,3,27.775415976066142,True
seed_10001-clients_5-joint_dirichlet_0.3-submitted-label_flip-B7,bound_manifest,bafkreigmgapqnkmwren53a7psda53huhqbbsbvfzocngqrmw3wdd7fthym,0,340,18.09904200490564,3,47.026249987538904,True
seed_10001-clients_5-joint_dirichlet_0.3-submitted-label_flip-B7,proof,bafkreidp4uwgujivqu3id4zanhqj2rchrazjjpqqnmdvcj3t7atoy5tlc4,0,139,18.292957975063473,3,49.85816695261747,True
seed_10001-clients_5-joint_dirichlet_0.3-submitted-label_flip-B7,public,bafkreieytpu3yromukulauvuxems3dugdecrbygi7i3nhazg55nem7czdu,0,306,23.42383295763284,3,48.67979197297245,True
seed_10001-clients_5-joint_dirichlet_0.3-submitted-label_flip-B7,submission_manifest,bafkreifuhjyhcgtpayiedmjj2zsmapnohkskoew3e5hq53hc5kqy5tooum,0,545,20.36291698459536,3,49.48712501209229,True
seed_10001-clients_5-joint_dirichlet_0.3-submitted-label_flip-B7,model,bafkreif454das7wljblqdvtlqc3jzfyvlsbnezbf5gfao5zb2hjeg65xsy,1,2149,19.076791999395937,3,45.44399998849258,True
seed_10001-clients_5-joint_dirichlet_0.3-submitted-label_flip-B7,metrics,bafkreiaszdyd7ilctgdyv3yry5jm5bixpvcpdpm226ijneyxm2dvin3aum,1,224,4.409208020661026,3,33.70899998117238,True
seed_10001-clients_5-joint_dirichlet_0.3-submitted-label_flip-B7,metadata,bafkreihaem7bjnnfpp3wmvuupfka56zxqtozrtf6kd77bncedzs2rtvfum,1,91,1.9214169587939978,3,28.417250025086105,True
seed_10001-clients_5-joint_dirichlet_0.3-submitted-label_flip-B7,bound_manifest,bafkreig4253as2j67hvjc6otjvig355zp52hrejmxg5vvec3r5egekqgeq,1,340,18.631167011335492,3,47.327374981250614,True
seed_10001-clients_5-joint_dirichlet_0.3-submitted-label_flip-B7,proof,bafkreicnjjmifw656e74ixxkjkxk7nvinwhx6e3ks4jbbs53qsblqznt5i,1,759,19.04912496684119,3,40.44645803514868,True
seed_10001-clients_5-joint_dirichlet_0.3-submitted-label_flip-B7,public,bafkreidum6knar2aeraaaqaif2wvu6ompanzueocynnkclkvqqlrdrtcra,1,321,18.080207984894514,3,44.79308397276327,True
seed_10001-clients_5-joint_dirichlet_0.3-submitted-label_flip-B7,submission_manifest,bafkreianaazhynltsqhxbzwtqeaa2o2xryaqjnjaxk53q6hmnwivmxeeze,1,544,19.148332998156548,3,47.85920900758356,True
seed_10001-clients_5-joint_dirichlet_0.3-submitted-label_flip-B7,model,bafkreibe4uuhlczyitrhsghg7u27a4qcgbytojrkeqecvukgg77h7noe24,2,2254,18.540042045060545,3,46.94620898226276,True
seed_10001-clients_5-joint_dirichlet_0.3-submitted-label_flip-B7,metrics,bafkreifjzsuh4jbus7d3bk6di2cy7rtwuxl2lid7qpcqc6ihdh3tcsiopu,2,218,2.3284999770112336,3,28.540332976263016,True
seed_10001-clients_5-joint_dirichlet_0.3-submitted-label_flip-B7,metadata,bafkreia2xz7yi4bonoimmsesuyxglm3nltrwh6plqjdgunsyhfsrq2ualq,2,91,1.8583330092951655,3,34.57537502981722,True
seed_10001-clients_5-joint_dirichlet_0.3-submitted-label_flip-B7,bound_manifest,bafkreifi7chwojxbqlby4qulxpuwrm3uaa2o3w4ytyvvr63xlv2xugv6di,2,340,23.29637500224635,3,56.822083017323166,True
seed_10001-clients_5-joint_dirichlet_0.3-submitted-label_flip-B7,proof,bafkreiewfknuqaubzuexqyuaohzt3taa42s2u4ft7pz5a3fgrkcmelaeoe,2,154,2.050874987617135,3,28.965166013222188,True
seed_10001-clients_5-joint_dirichlet_0.3-submitted-label_flip-B7,public,bafkreiahhgudyemab5smsqzgetljvgkqyqbpadahglncovfjzkk2xpiiku,2,304,21.64662501309067,3,54.17100002523512,True
seed_10001-clients_5-joint_dirichlet_0.3-submitted-label_flip-B7,submission_manifest,bafkreidiee5treubml6z2xwgzyc24iadlckezk4y6zezvitg6siwcecxlq,2,545,22.28800003649667,3,55.21920800674707,True
seed_10001-clients_5-joint_dirichlet_0.3-submitted-label_flip-B7,model,bafkreigjv4jypybhexrc5z73lgarajyghbvc243d2gvo5gidvjcupwrdxq,3,2234,24.04124999884516,3,57.31762497453019,True
seed_10001-clients_5-joint_dirichlet_0.3-submitted-label_flip-B7,metrics,bafkreih55yb6pif5ki25pr6uq3wwrlaxcqc5wm6ou5cghjbmmjsxcmmuga,3,225,21.321291977073997,3,52.14441701536998,True
seed_10001-clients_5-joint_dirichlet_0.3-submitted-label_flip-B7,metadata,bafkreid345tuvtzdgjl54fhr2ym64ybeelpqyo72eesstnomqnqjouwrf4,3,91,3.026749996934086,3,38.39291702024639,True
seed_10001-clients_5-joint_dirichlet_0.3-submitted-label_flip-B7,bound_manifest,bafkreih5fcjjnfkybpfmp6svf33dwyba6eocpzzfp5rykzxpuszpzzybfy,3,340,23.133166949264705,3,60.12995797209442,True
seed_10001-clients_5-joint_dirichlet_0.3-submitted-label_flip-B7,proof,bafkreicv3xdant2ic24j2rxokxtnxr5fqdzifj3lcbddrafltmmrb2scaa,3,150,24.447500007227063,3,55.282499990426004,True
seed_10001-clients_5-joint_dirichlet_0.3-submitted-label_flip-B7,public,bafkreibuxzgwtolbupeefc6ktdsmj6xk4hnmxe4ektqj5qaazp5uopziym,3,321,23.40704103698954,3,58.653707965277135,True
seed_10001-clients_5-joint_dirichlet_0.3-submitted-label_flip-B7,submission_manifest,bafkreievu65k23lppwubxdg3habcwqwdluteq7cyalsnuw6hr27rji4xay,3,545,20.444999972824007,3,51.50504200719297,True
seed_10001-clients_5-joint_dirichlet_0.3-submitted-label_flip-B7,model,bafkreie52srfmj5s5sj3pfjlzbexifcsbpywuzrnitrdtbpqe6lo62abyq,4,2143,17.841833003330976,3,54.84837503172457,True
seed_10001-clients_5-joint_dirichlet_0.3-submitted-label_flip-B7,metrics,bafkreigrad5acqun6yywudl6f7azb2kq5ccbpx7zbtjeeri7ttzlk5a4r4,4,222,17.419958021491766,3,44.484457990620285,True
seed_10001-clients_5-joint_dirichlet_0.3-submitted-label_flip-B7,metadata,bafkreieywl3zmegfk6uuhj7guzk5gl2mi2unbzxrzkfuafu6tnx7uammkq,4,91,1.8425419693812728,3,32.94058301253244,True
seed_10001-clients_5-joint_dirichlet_0.3-submitted-label_flip-B7,bound_manifest,bafkreichmrghnu7hqwazvc4un3tqw6foxnbhcizg2dvdxuy27ikxnp6ie4,4,340,25.154125003609806,3,62.913875037338585,True
seed_10001-clients_5-joint_dirichlet_0.3-submitted-label_flip-B7,proof,bafkreihwxwxscqawrs4nneh5kinsh2mvcxiuzoinbhv2t4ust3ig4ewdye,4,150,22.130292025394738,3,57.051333016715944,True
seed_10001-clients_5-joint_dirichlet_0.3-submitted-label_flip-B7,public,bafkreia23377zgbzi2ac7y5a44wvytylecretzab2tqbe5oj7ljyhre464,4,313,23.100625025108457,3,54.75466698408127,True
seed_10001-clients_5-joint_dirichlet_0.3-submitted-label_flip-B7,submission_manifest,bafkreidxd2f5c425gll7qc6yqdf4m4baorhljqadztloi337yvfpbaslwi,4,545,23.35670799948275,3,47.740999958477914,True
seed_10001-clients_5-joint_dirichlet_0.3-submitted-label_flip-B7,global_model,bafkreid2vswwclvlruf4g565mmz7zxixztlvpf3k22udzlzrx7q77smmjy,global,2157,18.749833980109543,3,52.41125001339242,True
seed_10001-clients_5-joint_dirichlet_0.3-submitted-label_flip-B7,report,bafkreihc64wf4laceony6lujttm5tsux4whujdeqjr6auu2jrinbizzuta,global,1827,17.28058303706348,3,48.08504198445007,True
seed_10001-clients_5-joint_dirichlet_0.3-submitted-none-B4,model,bafkreicnamfc5o6hsajrjg4zt4nkxh2bavwmxxnviwgzbhup2lg6jxan5e,0,2290,24.092999985441566,1,48.808790976181626,True
seed_10001-clients_5-joint_dirichlet_0.3-submitted-none-B4,metrics,bafkreiagl5zs5dlur5j6dkrd4reuqwmaghxf72zd2zvhpo2wxm3x64ojda,0,213,17.12229201802984,1,49.9915829859674,True
seed_10001-clients_5-joint_dirichlet_0.3-submitted-none-B4,metadata,bafkreif5np5h5ojvx7eplncbmufoqzv73yi6evzggwlqt4enfhb6cwsqxm,0,91,22.232791990973055,1,46.93020903505385,True
seed_10001-clients_5-joint_dirichlet_0.3-submitted-none-B4,bound_manifest,bafkreihj2x5gv7uofdid5wmonilxmhlmtiynkdm5nqgdgpej4c6v4typda,0,340,24.208625021856278,1,56.20866600656882,True
seed_10001-clients_5-joint_dirichlet_0.3-submitted-none-B4,proof,bafkreifqqurnzrdtclh35ownffch57c5xv2wrc4gr6kr3bbbul6ejii3pm,0,759,21.014958969317377,1,42.41445800289512,True
seed_10001-clients_5-joint_dirichlet_0.3-submitted-none-B4,public,bafkreifdapapbrs2s3tsifxpnrluqcbxwuue7cxcdkqt3ep3exzvm4ttay,0,304,26.15895902272314,1,46.85395798878744,True
seed_10001-clients_5-joint_dirichlet_0.3-submitted-none-B4,submission_manifest,bafkreic7q6a3wn6xbfl46xq2sm46rnr2r5ftyay6ize4lprmxybtxlqbaq,0,544,28.375874971970916,1,64.8684169864282,True
seed_10001-clients_5-joint_dirichlet_0.3-submitted-none-B4,model,bafkreihad5yl43jkaplk7otznk3ggjbq7sifwfchcdtt5zzrjl5hkvfala,1,2156,24.11808300530538,1,52.5638330145739,True
seed_10001-clients_5-joint_dirichlet_0.3-submitted-none-B4,metrics,bafkreieefl5ibmisfn5dkxgvj3unytdv36t5zpel5j35vjtjp3ajndztpi,1,222,22.242458013352007,1,62.191042001359165,True
seed_10001-clients_5-joint_dirichlet_0.3-submitted-none-B4,metadata,bafkreihrcpq52g3n6phhnaad7jqgvtuvp4vepblbldxomtuh5jkvidezhi,1,91,23.042374989017844,1,55.521124973893166,True
seed_10001-clients_5-joint_dirichlet_0.3-submitted-none-B4,bound_manifest,bafkreih6dypowcfb325hfwfy2cu3blwbne5a274gnamui2zjl5bkrfvl2m,1,340,28.375624970067292,1,55.906166962813586,True
seed_10001-clients_5-joint_dirichlet_0.3-submitted-none-B4,proof,bafkreid4ece6nksomfuuzqq2zcokycjxgltpwiovrimx54wbofle7ciuaq,1,757,20.86133399279788,1,48.10216702753678,True
seed_10001-clients_5-joint_dirichlet_0.3-submitted-none-B4,public,bafkreidi66is4avxgvzjtsnztta5jal2rkurgt6wnwvel5dsvqy6id3rmy,1,319,23.16679200157523,1,49.0048750070855,True
seed_10001-clients_5-joint_dirichlet_0.3-submitted-none-B4,submission_manifest,bafkreibsgvc65iekzk4r54uyt3rigvmls6xxuy6y3i5zshxtxvvxl2zoje,1,544,21.165584039408714,1,58.11449995962903,True
seed_10001-clients_5-joint_dirichlet_0.3-submitted-none-B4,model,bafkreiccsllbn2biroz2lxagy3bd4lugpe3wtuw2xu2bzf32r2y2w6hifu,2,2162,25.359499966725707,1,62.024665996432304,True
seed_10001-clients_5-joint_dirichlet_0.3-submitted-none-B4,metrics,bafkreie4tfb3iabzgalz4r75o5ciz7sih4wucgnjr5j2gm46gprajyomd4,2,218,20.182083011604846,1,61.91908294567838,True
seed_10001-clients_5-joint_dirichlet_0.3-submitted-none-B4,metadata,bafkreigw4u745o7q6bg4243os5fivsxszig5u7vduzlnse723bc5cbohry,2,91,20.143041969276965,1,58.23208304354921,True
seed_10001-clients_5-joint_dirichlet_0.3-submitted-none-B4,bound_manifest,bafkreifmeasgvbcxvvaqer7bvkc7cnga2obtm7ee4gifoegnfdvbptsjzi,2,340,18.45829194644466,1,45.46662501525134,True
seed_10001-clients_5-joint_dirichlet_0.3-submitted-none-B4,proof,bafkreiegzq32lhd2c5pdakwlhd2ubbi6bsyip25i4ddc6ghg7qrx2pxpt4,2,154,19.111583998892456,1,45.38820794550702,True
seed_10001-clients_5-joint_dirichlet_0.3-submitted-none-B4,public,bafkreiblhtmn55v4xdlmai7towi5pe46indloundiswlo3zyrtg3zmcx3a,2,303,18.70691595831886,1,45.562334009446204,True
seed_10001-clients_5-joint_dirichlet_0.3-submitted-none-B4,submission_manifest,bafkreihnj2p2htfp6grk2wuier4mdgxvrwane3ly7llatjzygxfyqxpgom,2,545,23.92350003356114,1,50.659417000133544,True
seed_10001-clients_5-joint_dirichlet_0.3-submitted-none-B4,model,bafkreieroyxwxa7frlewi7qff55kqposhngtsz5khewad4qxuhcwsioenq,3,2177,27.657250000629574,1,66.31483405362815,True
seed_10001-clients_5-joint_dirichlet_0.3-submitted-none-B4,metrics,bafkreih2dpqupqw3pkypynyyud3grvhkvgepl5viridikzqjb2bn7bctsa,3,225,24.338165996596217,1,60.737541993148625,True
seed_10001-clients_5-joint_dirichlet_0.3-submitted-none-B4,metadata,bafkreiax4jcfngsmfx7ablyakljmi2imjjeke5wqnqj2yaez4wmj32ajsi,3,91,24.193666002247483,1,60.32887496985495,True
seed_10001-clients_5-joint_dirichlet_0.3-submitted-none-B4,bound_manifest,bafkreifegjyjxd4epa4dtucb4d6qxzbihtfphf5kiwxwbroksaxm7daytq,3,340,24.2870410438627,1,55.03883404890075,True
seed_10001-clients_5-joint_dirichlet_0.3-submitted-none-B4,proof,bafkreih656j6asefrzzsjbdjx3xkcpn3bnzwm5wcnw422d7tlfobs3akze,3,150,23.9806660101749,1,57.23470903467387,True
seed_10001-clients_5-joint_dirichlet_0.3-submitted-none-B4,public,bafkreide534e45xwnt4yeupakzloso5mfvjjmpqdivlfcdhclnomiyoasy,3,321,20.178791019134223,1,62.69612500909716,True
seed_10001-clients_5-joint_dirichlet_0.3-submitted-none-B4,submission_manifest,bafkreiai7pbueww5ag44a6ixvypxxtuv4536p5ciyuzqa5idnjpejpsbve,3,545,19.888124952558428,1,63.351749966386706,True
seed_10001-clients_5-joint_dirichlet_0.3-submitted-none-B4,model,bafkreigdqleqcexujuytjvsmb3ng6kzkxeadhmksn7jkvjli5kuxsfignq,4,2000,26.564708969090134,1,58.7519999826327,True
seed_10001-clients_5-joint_dirichlet_0.3-submitted-none-B4,metrics,bafkreifo2wketab4hcvaho46uzo4bhgxklo5y6wzuxmm7ex3awknzbfl7q,4,222,22.22416701260954,1,55.61174999456853,True
seed_10001-clients_5-joint_dirichlet_0.3-submitted-none-B4,metadata,bafkreidlkbv47ak663est4aqpiylecbjckyhakdffitugczppalrbanbze,4,91,22.37241598777473,1,60.655083041638136,True
seed_10001-clients_5-joint_dirichlet_0.3-submitted-none-B4,bound_manifest,bafkreihkgasbxmxkxfwdjqvr23n7gaw4rb3ysteyrlr3dlw3jtrgxoyscu,4,340,23.172374989371747,1,54.35833299998194,True
seed_10001-clients_5-joint_dirichlet_0.3-submitted-none-B4,proof,bafkreias2xynw5qedhoptm6k6ak6655qflbmgxdozrmwgmlcpwszf63m7i,4,757,19.925375003367662,1,40.54541600635275,True
seed_10001-clients_5-joint_dirichlet_0.3-submitted-none-B4,public,bafkreih4qcalejbxesufo3w26iyi4jmmdiz67efjpkj63wfaofknpdefri,4,314,18.107415991835296,1,42.99062502104789,True
seed_10001-clients_5-joint_dirichlet_0.3-submitted-none-B4,submission_manifest,bafkreicmawpgft46sne5yf7qjx3qhdhmyhwenlhvz4csqlulpuvyrqk2ky,4,544,20.200958009809256,1,51.17029196117073,True
seed_10001-clients_5-joint_dirichlet_0.3-submitted-none-B4,global_model,bafkreigfhma3vu53cat6c6musffrjihibzxaum7cftwm4mcjaous365vuq,global,2315,18.180540995672345,1,51.66316602844745,True
seed_10001-clients_5-joint_dirichlet_0.3-submitted-none-B4,report,bafkreiexvk7qdr6qjvxv4lktefnvahdkumjpx6ji6ubk6gqwjcxfsuaqyi,global,1718,22.98920799512416,1,58.940415969118476,True
seed_10001-clients_5-joint_dirichlet_0.3-submitted-none-B4,model,bafkreidlvhuhkfvced75grkfdsxfml76i72ggvdd7tk566fhbq5oix64mi,0,2291,21.936875011306256,2,49.69650000566617,True
seed_10001-clients_5-joint_dirichlet_0.3-submitted-none-B4,metrics,bafkreieh4hrje7onhfggmllcbx3xqtvor6fje3xgygaugmqyzubws3sreu,0,213,23.56066700303927,2,55.149416031781584,True
seed_10001-clients_5-joint_dirichlet_0.3-submitted-none-B4,metadata,bafkreifuzxccxuglddhrffwime3iitw2q7u3uiticuylw5dtwc5q2nz7kq,0,91,23.823208000976592,2,60.386332974303514,True
seed_10001-clients_5-joint_dirichlet_0.3-submitted-none-B4,bound_manifest,bafkreiab62eckov34g35mpx6dh7wyuap3luljzs35dccendxkypxv3tcfi,0,340,24.514874967280775,2,57.86124995211139,True
seed_10001-clients_5-joint_dirichlet_0.3-submitted-none-B4,proof,bafkreiaunkn5wpznvc7szmwyb2gxrlrhxabdkdngjnq3xog2gk2wnvsqfq,0,757,19.90716700674966,2,44.23670802498236,True
seed_10001-clients_5-joint_dirichlet_0.3-submitted-none-B4,public,bafkreib265ulnmidcmuaega2ks5fp74pfenlygpe3rrq4xtlyy5s2ge54m,0,303,19.9265829869546,2,43.83237496949732,True
seed_10001-clients_5-joint_dirichlet_0.3-submitted-none-B4,submission_manifest,bafkreid2n2a773enzahwvoixfg6ze7ssue7gnsripq5vs3dldyah3z3pe4,0,544,24.337042006663978,2,76.28612499684095,True
seed_10001-clients_5-joint_dirichlet_0.3-submitted-none-B4,model,bafkreidp6irer2p57dcznqy3qmkj4lahs3vpvmwa7ehhrhs36v4ewf7czu,1,2292,23.460290976800025,2,59.99212502501905,True
seed_10001-clients_5-joint_dirichlet_0.3-submitted-none-B4,metrics,bafkreibt2uypdcqkm2fwxugjeeortfh6phzboztrledg23ya3veolf5z2y,1,225,24.40516697242856,2,65.96370798069984,True
seed_10001-clients_5-joint_dirichlet_0.3-submitted-none-B4,metadata,bafkreiewk6zf35wsftpa3jn6l2pkgk6qzsww4vcvfbljsrgkpdkkzmhjzq,1,91,24.861207988578826,2,61.587125004734844,True
seed_10001-clients_5-joint_dirichlet_0.3-submitted-none-B4,bound_manifest,bafkreibl3xtvfb6mw5h7loxk5u6c4shria67mc47pr6xnh2fykufrsbowm,1,340,23.126167012378573,2,51.95016699144617,True
seed_10001-clients_5-joint_dirichlet_0.3-submitted-none-B4,proof,bafkreignigwnggfdifxwezsw6kofegbuk67reitjr4es4jc3tujuhbvyca,1,137,22.034958004951477,2,48.835041001439095,True
seed_10001-clients_5-joint_dirichlet_0.3-submitted-none-B4,public,bafkreibcl6vaztuym7qfvdixygxfbi2hylg4psxdnvrvdy65tjw6ixdwdi,1,322,25.085542001761496,2,46.793750021606684,True
seed_10001-clients_5-joint_dirichlet_0.3-submitted-none-B4,submission_manifest,bafkreibj4m7g2fk3orgchw4padt5kanbh2y63nqgiw2apmcsrwkwgjj6i4,1,545,22.1831250237301,2,53.956041985657066,True
seed_10001-clients_5-joint_dirichlet_0.3-submitted-none-B4,model,bafkreihb3ofk2lrle6wh546fardtn3tze23no4iyes5gmiaxir7nreorhu,2,2294,22.219291946385056,2,52.7254170156084,True
seed_10001-clients_5-joint_dirichlet_0.3-submitted-none-B4,metrics,bafkreiejbaus6xtb7vpu5wt6w7qdxanhtnz7k2uwghpqnbtjoijvaou6au,2,218,19.980875018518418,2,55.86537497583777,True
seed_10001-clients_5-joint_dirichlet_0.3-submitted-none-B4,metadata,bafkreiaimftgdtz44askvfbairrsnrwqtagisn2zf2jbfuwmaeyih3ix2m,2,91,21.884749992750585,2,54.893874970730394,True
seed_10001-clients_5-joint_dirichlet_0.3-submitted-none-B4,bound_manifest,bafkreicpachuwpdxinaaza7fx6ieerfmzb4mormidq4hzxf26jehhibiye,2,340,16.913416038732976,2,53.166500001680106,True
seed_10001-clients_5-joint_dirichlet_0.3-submitted-none-B4,proof,bafkreibdl4tf7sfjxkdicddkyjny5oia7hoa6oen5k5uakgwshjk36eyaa,2,154,25.27433302020654,2,55.64345803577453,True
seed_10001-clients_5-joint_dirichlet_0.3-submitted-none-B4,public,bafkreifyleoq6466ptn37gd2lkpsxnljmgakqqjnq4kwkl444ycfiiy76q,2,304,22.069958969950676,2,55.82295800559223,True
seed_10001-clients_5-joint_dirichlet_0.3-submitted-none-B4,submission_manifest,bafkreigv5lchybjkausdz6oplankup2z3kkxrc62ywsg4cvltznjaprbda,2,545,23.04212504532188,2,53.08237503049895,True
seed_10001-clients_5-joint_dirichlet_0.3-submitted-none-B4,model,bafkreieiivptndvsdukbkffatie3zkdzrlpmsbl3ldixn4uwelmrj5ugsq,3,2290,22.946625016629696,2,51.92229198291898,True
seed_10001-clients_5-joint_dirichlet_0.3-submitted-none-B4,metrics,bafkreig5ow3hh35buizl4ns6sqjq2whzrc5zk7dicksmibfd57q2ajer4i,3,226,22.06620801007375,2,53.15845797304064,True
seed_10001-clients_5-joint_dirichlet_0.3-submitted-none-B4,metadata,bafkreihjr3scpuwgf6hwibjgdt2csrbmlguqitr6ap5xzqb7uq5qartqti,3,91,22.068416990805417,2,57.89645900949836,True
seed_10001-clients_5-joint_dirichlet_0.3-submitted-none-B4,bound_manifest,bafkreidslmgckskoldmsnwlxcyaubol27odl44ovkkhykcum5bzn53k2l4,3,340,26.6900829738006,2,56.66679097339511,True
seed_10001-clients_5-joint_dirichlet_0.3-submitted-none-B4,proof,bafkreicx4w2y6xicxkdr5wcmeenqop4sgfisddo265io24ni36uppeyhvu,3,150,21.296875027474016,2,52.45295900385827,True
seed_10001-clients_5-joint_dirichlet_0.3-submitted-none-B4,public,bafkreidfjikn4dvwbsvr2svxvxjacdqqbavk7mxxomvrxza7ydx3otr66m,3,323,18.330957973375916,2,51.746124983765185,True
seed_10001-clients_5-joint_dirichlet_0.3-submitted-none-B4,submission_manifest,bafkreieym2hce2piyz2wluoqtad5hjqtbd3jfxvxot7hjouxbyyiockgcq,3,545,24.814083008095622,2,56.233708979561925,True
seed_10001-clients_5-joint_dirichlet_0.3-submitted-none-B4,model,bafkreid43w2zfcgegdmszqoa6p6xs5ke2p7q473nx53wdqgaeqe6yhb6gi,4,2297,23.03837501676753,2,52.80904198298231,True
seed_10001-clients_5-joint_dirichlet_0.3-submitted-none-B4,metrics,bafkreiasohz6s6ql2g3rcd2cli4jp4ekibbkvk4f7mqwjadzwxzasdsqq4,4,221,22.371375001966953,2,55.50245800986886,True
seed_10001-clients_5-joint_dirichlet_0.3-submitted-none-B4,metadata,bafkreidwqrlhr3ykdjtel3lkhaoel6np5ov3rov3eccdldkwyhz7a5ivpu,4,91,22.32287498190999,2,55.646041000727564,True
seed_10001-clients_5-joint_dirichlet_0.3-submitted-none-B4,bound_manifest,bafkreia6qkebn45wdq27ia32vhbgicirbg6y7hcmnnmzaq2e5zfve2ke3a,4,340,23.211457999423146,2,53.89262497192249,True
seed_10001-clients_5-joint_dirichlet_0.3-submitted-none-B4,proof,bafkreid7czsuzmbmseddmwvcttb4bk2b7o5bbleaniqpxeo5mse4uz5xuy,4,758,16.03025000076741,2,40.794249973259866,True
seed_10001-clients_5-joint_dirichlet_0.3-submitted-none-B4,public,bafkreig2hfcqjeb6vp6xvvvvu4wrqnrsayzwllj44ss5j4k5jfv6zgsila,4,312,21.90516603877768,2,47.99358296440914,True
seed_10001-clients_5-joint_dirichlet_0.3-submitted-none-B4,submission_manifest,bafkreiavi467r2yr5tloev3jvjmkceox6bczneozy4cypctj6ll473b5jy,4,544,21.08816703548655,2,45.17387499799952,True
seed_10001-clients_5-joint_dirichlet_0.3-submitted-none-B4,global_model,bafkreie6ze7htynoxotwiv4gb5xeaclclxditylrr7cms2ghoxnzwj4bky,global,2294,20.31699998769909,2,42.50237497035414,True
seed_10001-clients_5-joint_dirichlet_0.3-submitted-none-B4,report,bafkreicew2qscbal2bbxbutj2jbga3pnpl5pmcggcozkdu5pde3gdo4y6e,global,1714,18.346249999012798,2,48.38016600115225,True
seed_10001-clients_5-joint_dirichlet_0.3-submitted-none-B4,model,bafkreieub62hvjk5z3t7uaoxrqidclqklpnjgkhcfiftz2s5sckn546hre,0,2281,22.146667004562914,3,50.80770800122991,True
seed_10001-clients_5-joint_dirichlet_0.3-submitted-none-B4,metrics,bafkreihd2wwknxs4uup66aolnro2xyk6m3hinylvnripkou4pjud74ujsi,0,213,22.237708035390824,3,52.26324999239296,True
seed_10001-clients_5-joint_dirichlet_0.3-submitted-none-B4,metadata,bafkreibd3vdc5s2jakup2cxbdxswsczy3helinqofu2spa7bgsub3wkqgq,0,91,23.24104099534452,3,54.01733401231468,True
seed_10001-clients_5-joint_dirichlet_0.3-submitted-none-B4,bound_manifest,bafkreib4va7a56vine7iv4gn5tuhpbefwfwlsrw2ucadx5fe2jmeyyeofe,0,340,23.59983400674537,3,49.47904101572931,True
seed_10001-clients_5-joint_dirichlet_0.3-submitted-none-B4,proof,bafkreiet36btseh2tledr3suydkjvbzlw4b4tbdco5ggfi5aqd7skn5qxi,0,759,21.020375017542392,3,42.37766703590751,True
seed_10001-clients_5-joint_dirichlet_0.3-submitted-none-B4,public,bafkreifb6dftrl5eg4a5t5yn4ci7n5wscev4l4p5ugu5bqnv6omb2cf4ou,0,304,23.19808304309845,3,57.909625000320375,True
seed_10001-clients_5-joint_dirichlet_0.3-submitted-none-B4,submission_manifest,bafkreiefdbxi3lygc7rpuz6yq5y6u4tiz4suh7zt44f2g6q3axolxeqpny,0,544,24.19158403063193,3,59.83049998758361,True
seed_10001-clients_5-joint_dirichlet_0.3-submitted-none-B4,model,bafkreibvg4euyh4chq3nzcb7dc2sxbgoozjsk5vn46hyi4gj454gnv7nne,1,2280,24.08704097615555,3,49.49779197340831,True
seed_10001-clients_5-joint_dirichlet_0.3-submitted-none-B4,metrics,bafkreifmjdvicwa2k52qr5264632pwniighlryd4xxk5h7sfs72co6pmr4,1,223,19.19258403358981,3,49.42274995846674,True
seed_10001-clients_5-joint_dirichlet_0.3-submitted-none-B4,metadata,bafkreihaem7bjnnfpp3wmvuupfka56zxqtozrtf6kd77bncedzs2rtvfum,1,91,21.257542015518993,3,48.937292012851685,True
seed_10001-clients_5-joint_dirichlet_0.3-submitted-none-B4,bound_manifest,bafkreihxhjcy5yayfdacpbtbloylpe72gdlt2pijungnrogpo4qmyqq5xa,1,340,21.178374998271465,3,47.92179202195257,True
seed_10001-clients_5-joint_dirichlet_0.3-submitted-none-B4,proof,bafkreicqi7373brfdvyw525zdqwxtczlawgbpwcqwpdgrbvok5lqz45xmu,1,137,18.62325001275167,3,52.570250001735985,True
seed_10001-clients_5-joint_dirichlet_0.3-submitted-none-B4,public,bafkreigpwhlphyjyw4hinmqcylpiztvxzyq6qp555he2dvqte3exdzerjy,1,320,22.21204194938764,3,45.88645801413804,True
seed_10001-clients_5-joint_dirichlet_0.3-submitted-none-B4,submission_manifest,bafkreigddmmr265dwry5qt77eezfiic55q63qulpibxr4wuqpy2uddoduq,1,545,22.23158295964822,3,50.45308300759643,True
seed_10001-clients_5-joint_dirichlet_0.3-submitted-none-B4,model,bafkreiapfhyrrazidy6txvwpft5afqv3fbpvlgnrtw6crfgadh4ki26uby,2,2273,19.121208984870464,3,49.4558330392465,True
seed_10001-clients_5-joint_dirichlet_0.3-submitted-none-B4,metrics,bafkreihhroctavcty6lsvc56zvxw2sm2xt6lwjzcw2djnusryfjf534yki,2,218,23.476291971746832,3,52.0172500400804,True
seed_10001-clients_5-joint_dirichlet_0.3-submitted-none-B4,metadata,bafkreia2xz7yi4bonoimmsesuyxglm3nltrwh6plqjdgunsyhfsrq2ualq,2,91,19.25725000910461,3,54.831374960485846,True
seed_10001-clients_5-joint_dirichlet_0.3-submitted-none-B4,bound_manifest,bafkreidm5oughvfcfyrcorv3zprqboxhf6thapwv4bhgmulzbow5p5uuxu,2,340,20.31620900379494,3,52.64599999645725,True
seed_10001-clients_5-joint_dirichlet_0.3-submitted-none-B4,proof,bafkreiewfknuqaubzuexqyuaohzt3taa42s2u4ft7pz5a3fgrkcmelaeoe,2,154,22.237750003114343,3,52.491582988295704,True
seed_10001-clients_5-joint_dirichlet_0.3-submitted-none-B4,public,bafkreihy44miu4tzog3fk2bub6xplbbmb4cbxpwbsrmtidrk2gvmelhirq,2,303,27.565083000808954,3,42.789499973878264,True
seed_10001-clients_5-joint_dirichlet_0.3-submitted-none-B4,submission_manifest,bafkreiaer3ejgcnkkltghlc7hm5mgqjtqexgphqlgw3vry56wykhxcyndy,2,545,21.97133400477469,3,54.729208000935614,True
seed_10001-clients_5-joint_dirichlet_0.3-submitted-none-B4,model,bafkreiakmdkjpkzpafwkagmupyjdkwpbbmxo3gel4r6akddnlnxuwc3hyy,3,2275,25.298083026427776,3,56.317957991268486,True
seed_10001-clients_5-joint_dirichlet_0.3-submitted-none-B4,metrics,bafkreib5ydkrwnldyoduzvl6mowsladws4lnry4swntcgdccnp7s3nxfpu,3,224,22.192916949279606,3,53.56137501075864,True
seed_10001-clients_5-joint_dirichlet_0.3-submitted-none-B4,metadata,bafkreid345tuvtzdgjl54fhr2ym64ybeelpqyo72eesstnomqnqjouwrf4,3,91,24.398375011514872,3,47.96916601480916,True
seed_10001-clients_5-joint_dirichlet_0.3-submitted-none-B4,bound_manifest,bafkreihpjsraguavlrn2rgy7zta36gbuy6xhoxiskrpiph5vurwrqz5ycy,3,340,19.301457970868796,3,54.768667032476515,True
seed_10001-clients_5-joint_dirichlet_0.3-submitted-none-B4,proof,bafkreigyi4fkhumc57yaotcmolfent3watvbzcrkelgcg2oh3vkj7e2i2a,3,137,22.378666966687888,3,48.33754198625684,True
seed_10001-clients_5-joint_dirichlet_0.3-submitted-none-B4,public,bafkreigbj4qpv5slfux2nornsbdyhg5j24t6axo6qtppi3eo3ceqmtyame,3,321,22.310458996798843,3,55.646374996285886,True
seed_10001-clients_5-joint_dirichlet_0.3-submitted-none-B4,submission_manifest,bafkreidnyom2w7crrqzujofjmuvpflsneeyjnkexdae444cgguhds4qcou,3,545,19.361791026312858,3,49.5601249858737,True
seed_10001-clients_5-joint_dirichlet_0.3-submitted-none-B4,model,bafkreif7zzeq2uqpmliaygzdhbc3vp3bswyj27jyvhnyx2w66ucoczmju4,4,2283,22.14712498243898,3,48.69291599607095,True
seed_10001-clients_5-joint_dirichlet_0.3-submitted-none-B4,metrics,bafkreibcybpslkfo4akfnkgpp3djeydm4a6kifhzkubhwsnkovfhsi2r6u,4,221,24.073333013802767,3,53.8816669723019,True
seed_10001-clients_5-joint_dirichlet_0.3-submitted-none-B4,metadata,bafkreieywl3zmegfk6uuhj7guzk5gl2mi2unbzxrzkfuafu6tnx7uammkq,4,91,23.741040960885584,3,54.59375004284084,True
seed_10001-clients_5-joint_dirichlet_0.3-submitted-none-B4,bound_manifest,bafkreif7xucjlzlbjpuqo2xwknbknidlxysudyi2jvvbkn5np5s3q5s2ci,4,340,21.416790958028287,3,51.674457965418696,True
seed_10001-clients_5-joint_dirichlet_0.3-submitted-none-B4,proof,bafkreid5araey6fiax7kmbc5pcbs7cpqr22jhxxnjspibt2eqr7c2nrmmu,4,758,29.126958979759365,3,62.325458973646164,True
seed_10001-clients_5-joint_dirichlet_0.3-submitted-none-B4,public,bafkreiha33crk57kl77tuqslvlm22qlsnel7weatlsqjcy3w2zfjsrjcjy,4,313,32.25575003307313,3,78.99670803453773,True
seed_10001-clients_5-joint_dirichlet_0.3-submitted-none-B4,submission_manifest,bafkreigepzhkizlkha2bgzv4vdzloupkzaxlgzim5laprvnaahaegmia5u,4,544,34.5327079994604,3,80.9855000115931,True
seed_10001-clients_5-joint_dirichlet_0.3-submitted-none-B4,global_model,bafkreichjddukaw7vhsz2qlfezj42tmlvx6biowvsaxbschrfe77slipx4,global,2283,27.913958998396993,3,59.664374974090606,True
seed_10001-clients_5-joint_dirichlet_0.3-submitted-none-B4,report,bafkreichrjk4cy372jqhwdmvowadjiv7q4qjylkityiplxmqd5pvw7vb6u,global,1714,20.335083012469113,3,60.409249970689416,True
seed_10001-clients_5-joint_dirichlet_0.3-submitted-none-B7,model,bafkreicnamfc5o6hsajrjg4zt4nkxh2bavwmxxnviwgzbhup2lg6jxan5e,0,2290,0.811958045233041,1,29.113291995599866,True
seed_10001-clients_5-joint_dirichlet_0.3-submitted-none-B7,metrics,bafkreiagl5zs5dlur5j6dkrd4reuqwmaghxf72zd2zvhpo2wxm3x64ojda,0,213,0.61645801179111,1,27.917042025364935,True
seed_10001-clients_5-joint_dirichlet_0.3-submitted-none-B7,metadata,bafkreif5np5h5ojvx7eplncbmufoqzv73yi6evzggwlqt4enfhb6cwsqxm,0,91,0.6249580183066428,1,33.84491603355855,True
seed_10001-clients_5-joint_dirichlet_0.3-submitted-none-B7,bound_manifest,bafkreihj2x5gv7uofdid5wmonilxmhlmtiynkdm5nqgdgpej4c6v4typda,0,340,0.8725840016268194,1,35.928041965235025,True
seed_10001-clients_5-joint_dirichlet_0.3-submitted-none-B7,proof,bafkreiatp35tnwoqrahx5sxvoemes6rqs3fmnilagtnevgaieznbn7fcee,0,757,21.70549996662885,1,39.650708029512316,True
seed_10001-clients_5-joint_dirichlet_0.3-submitted-none-B7,public,bafkreifdapapbrs2s3tsifxpnrluqcbxwuue7cxcdkqt3ep3exzvm4ttay,0,304,0.8003749535419047,1,33.65537500940263,True
seed_10001-clients_5-joint_dirichlet_0.3-submitted-none-B7,submission_manifest,bafkreifjqihm3ltk2h4kr7rz5npanw7zb6batjiauqrcjuqtem4kjdpe6i,0,544,24.10224999766797,1,52.124249981716275,True
seed_10001-clients_5-joint_dirichlet_0.3-submitted-none-B7,model,bafkreihad5yl43jkaplk7otznk3ggjbq7sifwfchcdtt5zzrjl5hkvfala,1,2156,3.170625015627593,1,41.060666961129755,True
seed_10001-clients_5-joint_dirichlet_0.3-submitted-none-B7,metrics,bafkreieefl5ibmisfn5dkxgvj3unytdv36t5zpel5j35vjtjp3ajndztpi,1,222,2.1823749993927777,1,31.384916976094246,True
seed_10001-clients_5-joint_dirichlet_0.3-submitted-none-B7,metadata,bafkreihrcpq52g3n6phhnaad7jqgvtuvp4vepblbldxomtuh5jkvidezhi,1,91,2.820583002176136,1,39.54308299580589,True
seed_10001-clients_5-joint_dirichlet_0.3-submitted-none-B7,bound_manifest,bafkreih6dypowcfb325hfwfy2cu3blwbne5a274gnamui2zjl5bkrfvl2m,1,340,2.1844159928150475,1,32.73612499469891,True
seed_10001-clients_5-joint_dirichlet_0.3-submitted-none-B7,proof,bafkreifmxvvphshugdkozlf2xuyfbgydzd7whkxtn5qfui6j5jijbobub4,1,757,19.586624985095114,1,42.714708019047976,True
seed_10001-clients_5-joint_dirichlet_0.3-submitted-none-B7,public,bafkreidi66is4avxgvzjtsnztta5jal2rkurgt6wnwvel5dsvqy6id3rmy,1,319,0.7448330288752913,1,35.0431670085527,True
seed_10001-clients_5-joint_dirichlet_0.3-submitted-none-B7,submission_manifest,bafkreifw2ojdbestp36xiq7sjy3buxcquh2xncdmrgxrhylogvkocwvfru,1,544,20.343958982266486,1,47.98912501428276,True
seed_10001-clients_5-joint_dirichlet_0.3-submitted-none-B7,model,bafkreiccsllbn2biroz2lxagy3bd4lugpe3wtuw2xu2bzf32r2y2w6hifu,2,2162,1.0745420004241168,1,38.66466699400917,True
seed_10001-clients_5-joint_dirichlet_0.3-submitted-none-B7,metrics,bafkreie4tfb3iabzgalz4r75o5ciz7sih4wucgnjr5j2gm46gprajyomd4,2,218,4.1484159883111715,1,41.38324997620657,True
seed_10001-clients_5-joint_dirichlet_0.3-submitted-none-B7,metadata,bafkreigw4u745o7q6bg4243os5fivsxszig5u7vduzlnse723bc5cbohry,2,91,2.511250029783696,1,36.48779197828844,True
seed_10001-clients_5-joint_dirichlet_0.3-submitted-none-B7,bound_manifest,bafkreifmeasgvbcxvvaqer7bvkc7cnga2obtm7ee4gifoegnfdvbptsjzi,2,340,1.8850420019589365,1,35.52587499143556,True
seed_10001-clients_5-joint_dirichlet_0.3-submitted-none-B7,proof,bafkreiegzq32lhd2c5pdakwlhd2ubbi6bsyip25i4ddc6ghg7qrx2pxpt4,2,154,2.1665000240318477,1,31.498958996962756,True
seed_10001-clients_5-joint_dirichlet_0.3-submitted-none-B7,public,bafkreiblhtmn55v4xdlmai7towi5pe46indloundiswlo3zyrtg3zmcx3a,2,303,1.718916988465935,1,34.68383400468156,True
seed_10001-clients_5-joint_dirichlet_0.3-submitted-none-B7,submission_manifest,bafkreihnj2p2htfp6grk2wuier4mdgxvrwane3ly7llatjzygxfyqxpgom,2,545,5.183874978683889,1,46.983374981209636,True
seed_10001-clients_5-joint_dirichlet_0.3-submitted-none-B7,model,bafkreieroyxwxa7frlewi7qff55kqposhngtsz5khewad4qxuhcwsioenq,3,2177,2.6758339954540133,1,34.386750019621104,True
seed_10001-clients_5-joint_dirichlet_0.3-submitted-none-B7,metrics,bafkreih2dpqupqw3pkypynyyud3grvhkvgepl5viridikzqjb2bn7bctsa,3,225,2.024041023105383,1,38.73795800609514,True
seed_10001-clients_5-joint_dirichlet_0.3-submitted-none-B7,metadata,bafkreiax4jcfngsmfx7ablyakljmi2imjjeke5wqnqj2yaez4wmj32ajsi,3,91,2.553667000029236,1,37.327959027606994,True
seed_10001-clients_5-joint_dirichlet_0.3-submitted-none-B7,bound_manifest,bafkreifegjyjxd4epa4dtucb4d6qxzbihtfphf5kiwxwbroksaxm7daytq,3,340,4.224333039019257,1,42.011666984762996,True
seed_10001-clients_5-joint_dirichlet_0.3-submitted-none-B7,proof,bafkreih656j6asefrzzsjbdjx3xkcpn3bnzwm5wcnw422d7tlfobs3akze,3,150,3.952500002924353,1,34.28004198940471,True
seed_10001-clients_5-joint_dirichlet_0.3-submitted-none-B7,public,bafkreide534e45xwnt4yeupakzloso5mfvjjmpqdivlfcdhclnomiyoasy,3,321,3.7429159856401384,1,34.36216700356454,True
seed_10001-clients_5-joint_dirichlet_0.3-submitted-none-B7,submission_manifest,bafkreiai7pbueww5ag44a6ixvypxxtuv4536p5ciyuzqa5idnjpejpsbve,3,545,3.934583975933492,1,31.66554099880159,True
seed_10001-clients_5-joint_dirichlet_0.3-submitted-none-B7,model,bafkreigdqleqcexujuytjvsmb3ng6kzkxeadhmksn7jkvjli5kuxsfignq,4,2000,2.2643330157734454,1,36.41158394748345,True
seed_10001-clients_5-joint_dirichlet_0.3-submitted-none-B7,metrics,bafkreifo2wketab4hcvaho46uzo4bhgxklo5y6wzuxmm7ex3awknzbfl7q,4,222,1.9808749784715474,1,33.66429201560095,True
seed_10001-clients_5-joint_dirichlet_0.3-submitted-none-B7,metadata,bafkreidlkbv47ak663est4aqpiylecbjckyhakdffitugczppalrbanbze,4,91,1.5250830329023302,1,28.141582966782153,True
seed_10001-clients_5-joint_dirichlet_0.3-submitted-none-B7,bound_manifest,bafkreihkgasbxmxkxfwdjqvr23n7gaw4rb3ysteyrlr3dlw3jtrgxoyscu,4,340,1.167665992397815,1,36.11570905195549,True
seed_10001-clients_5-joint_dirichlet_0.3-submitted-none-B7,proof,bafkreidxmqxatxyszm4fdwro7jbkifusm7c5qp3wfoacuz4m2owuv4y6sy,4,757,22.04199996776879,1,46.892750018741935,True
seed_10001-clients_5-joint_dirichlet_0.3-submitted-none-B7,public,bafkreih4qcalejbxesufo3w26iyi4jmmdiz67efjpkj63wfaofknpdefri,4,314,1.377917011268437,1,34.01333402143791,True
seed_10001-clients_5-joint_dirichlet_0.3-submitted-none-B7,submission_manifest,bafkreiglcvhp2awgheghfapoozead5gms2hymkouooghncxxoat6wzvoxm,4,544,20.173374970909208,1,54.173459007870406,True
seed_10001-clients_5-joint_dirichlet_0.3-submitted-none-B7,global_model,bafkreicvykri5l6ze5xmpvdiuripjj2v74gbn2j3uo7kje6oaa5xvrpqme,global,2071,22.493625001516193,1,45.75375001877546,True
seed_10001-clients_5-joint_dirichlet_0.3-submitted-none-B7,report,bafkreicoinenepgrnarv5u3tnlxeacndkvzhut6bctjg3zqs7siivcgiwy,global,1823,23.459541029296815,1,62.48891697032377,True
seed_10001-clients_5-joint_dirichlet_0.3-submitted-none-B7,model,bafkreic4j6un7rtzom5ncchekrnkvzow7qvb6na5jqdqawbqyuvou4kdom,0,2274,27.304208022542298,2,47.4272079882212,True
seed_10001-clients_5-joint_dirichlet_0.3-submitted-none-B7,metrics,bafkreieh4hrje7onhfggmllcbx3xqtvor6fje3xgygaugmqyzubws3sreu,0,213,2.351792005356401,2,38.384374987799674,True
seed_10001-clients_5-joint_dirichlet_0.3-submitted-none-B7,metadata,bafkreifuzxccxuglddhrffwime3iitw2q7u3uiticuylw5dtwc5q2nz7kq,0,91,2.649083035066724,2,40.37716699531302,True
seed_10001-clients_5-joint_dirichlet_0.3-submitted-none-B7,bound_manifest,bafkreiby76pasus3agqnyomiumnyf4ycsdqsuhxtsgipyavg4b4zjr2hom,0,340,24.20629095286131,2,54.847000050358474,True
seed_10001-clients_5-joint_dirichlet_0.3-submitted-none-B7,proof,bafkreicqxzidmdam6xxjjzixcqf3pkwqpdni2x4a4txon3zwf7egh5cvbq,0,757,21.09741698950529,2,42.49849996995181,True
seed_10001-clients_5-joint_dirichlet_0.3-submitted-none-B7,public,bafkreih6njeiowveiujwq5rdxqeuk22wzsyxzrrgcmcp464uif2kdvl7da,0,304,22.115415951702744,2,49.985958030447364,True
seed_10001-clients_5-joint_dirichlet_0.3-submitted-none-B7,submission_manifest,bafkreif7t2ifhmuvyinyhbvovqh3is7mbglwuqh6ymcl5aihvkbwokc4ue,0,544,25.824124983046204,2,53.81875002058223,True
seed_10001-clients_5-joint_dirichlet_0.3-submitted-none-B7,model,bafkreidw4ru4abnp64eq7dfs6z6mlm2x2evtz6jdvqo2nuuwwlvojjwqcu,1,2141,29.5714579988271,2,62.034792033955455,True
seed_10001-clients_5-joint_dirichlet_0.3-submitted-none-B7,metrics,bafkreigcp36ygu3zytxe3fwnmxowjvmcapsfixtnibfvxkshld3boa5vru,1,225,23.1748329824768,2,49.684249970596284,True
seed_10001-clients_5-joint_dirichlet_0.3-submitted-none-B7,metadata,bafkreiewk6zf35wsftpa3jn6l2pkgk6qzsww4vcvfbljsrgkpdkkzmhjzq,1,91,1.4990420313552022,2,27.286667027510703,True
seed_10001-clients_5-joint_dirichlet_0.3-submitted-none-B7,bound_manifest,bafkreidp3gq5iqwqdrq4iv7mbg5twj276lrzoeu2idowundxesfnlpsvhi,1,340,18.296165973879397,2,46.85087502002716,True
seed_10001-clients_5-joint_dirichlet_0.3-submitted-none-B7,proof,bafkreieh5qgyv7x4wk3pxxjeam3t4jc6hinet2gkfjnxw26ee4trwab7ny,1,759,27.62829198036343,2,193.56887502362952,True
seed_10001-clients_5-joint_dirichlet_0.3-submitted-none-B7,public,bafkreihju3pqo2lvcawtr5vispakmoo25bsk6t2n42z6qwllmfpy4vvnoq,1,320,27.618667052593082,2,60.05649996222928,True
seed_10001-clients_5-joint_dirichlet_0.3-submitted-none-B7,submission_manifest,bafkreic24mgnhctlabzjjunccivscasot75j7k4psgpcgb2wbd6szzps54,1,544,24.39358300762251,2,57.187166006769985,True
seed_10001-clients_5-joint_dirichlet_0.3-submitted-none-B7,model,bafkreicyh2kapxfc4fekaqqdn7j55ldw444scuqhajntuwmk33m2ohakw4,2,2241,23.418249969836324,2,50.19633402116597,True
seed_10001-clients_5-joint_dirichlet_0.3-submitted-none-B7,metrics,bafkreidrht76fbegapitwywjtzr5ewalsysweqtmt3e7gl3cttdbfu6dua,2,218,23.887958959676325,2,47.76983300689608,True
seed_10001-clients_5-joint_dirichlet_0.3-submitted-none-B7,metadata,bafkreiaimftgdtz44askvfbairrsnrwqtagisn2zf2jbfuwmaeyih3ix2m,2,91,1.6392089892178774,2,31.017250032164156,True
seed_10001-clients_5-joint_dirichlet_0.3-submitted-none-B7,bound_manifest,bafkreiczlimciznjme7wcjgtu5b2wsr3crqdsncdgc5djhtohhesgksjfy,2,340,23.80366699071601,2,55.343415995594114,True
seed_10001-clients_5-joint_dirichlet_0.3-submitted-none-B7,proof,bafkreibdl4tf7sfjxkdicddkyjny5oia7hoa6oen5k5uakgwshjk36eyaa,2,154,4.4538750080391765,2,35.06529197329655,True
seed_10001-clients_5-joint_dirichlet_0.3-submitted-none-B7,public,bafkreida3du4m3lciatuzzlbqogtatx7zko67hiii5kz4kwna7d2upbari,2,303,17.93341594748199,2,55.38741697091609,True
seed_10001-clients_5-joint_dirichlet_0.3-submitted-none-B7,submission_manifest,bafkreicki5ms6otve7lbftkvcu2ufkety5iien5tpn7qouhwu7cygk2bfa,2,545,22.709708951879293,2,46.719249978195876,True
seed_10001-clients_5-joint_dirichlet_0.3-submitted-none-B7,model,bafkreig7qpikxwu5fw7z7qbi7blbh2kazg7srsnczfo3ensmfo7puafvwu,3,2206,22.33333303593099,2,66.8002919992432,True
seed_10001-clients_5-joint_dirichlet_0.3-submitted-none-B7,metrics,bafkreid3av7aeev2so564mv45fvfw7hc5t5kokjyregn5ipjz53ih6yysq,3,226,23.114999989047647,2,52.81587498029694,True
seed_10001-clients_5-joint_dirichlet_0.3-submitted-none-B7,metadata,bafkreihjr3scpuwgf6hwibjgdt2csrbmlguqitr6ap5xzqb7uq5qartqti,3,91,2.433915971778333,2,39.98991602566093,True
seed_10001-clients_5-joint_dirichlet_0.3-submitted-none-B7,bound_manifest,bafkreiedjvj7mfkgzgyd336axwsifeq3pxcpmpl4bg7tbakq43afqd2m6q,3,340,23.255124979186803,2,62.70533299539238,True
seed_10001-clients_5-joint_dirichlet_0.3-submitted-none-B7,proof,bafkreigzq7tvkv7qc76qj4bw3shzbnk2yyltpffjmxwhr6sj26cmhsbcpm,3,150,21.322457992937416,2,55.11745798867196,True
seed_10001-clients_5-joint_dirichlet_0.3-submitted-none-B7,public,bafkreib557zatgyi7a5f6svbiqlbjsq6tskyumlrscdvejir5h2enlnmv4,3,324,21.290458971634507,2,52.050083002541214,True
seed_10001-clients_5-joint_dirichlet_0.3-submitted-none-B7,submission_manifest,bafkreifnyt6oiizxv4k35ug7ub2dvbmqp23c4ycehxzazuundbgx26i2em,3,545,24.0397080196999,2,52.97300004167482,True
seed_10001-clients_5-joint_dirichlet_0.3-submitted-none-B7,model,bafkreibuqghkexu6sopu6uhxyfymda5qk6hq36wpeak6cxylqo6ljlsxry,4,2077,19.433791982010007,2,48.608125012833625,True
seed_10001-clients_5-joint_dirichlet_0.3-submitted-none-B7,metrics,bafkreic6i2w2s2shyzlmhxyh6vuk64jtvvld4h6nz3reth25sgnrryip6q,4,222,22.491791984066367,2,58.813582989387214,True
seed_10001-clients_5-joint_dirichlet_0.3-submitted-none-B7,metadata,bafkreidwqrlhr3ykdjtel3lkhaoel6np5ov3rov3eccdldkwyhz7a5ivpu,4,91,1.651209022384137,2,30.35329101840034,True
seed_10001-clients_5-joint_dirichlet_0.3-submitted-none-B7,bound_manifest,bafkreidt3rzvf54ubdfqrwf37u54dbe76gfx3i27244c2zlv7aedukccpu,4,340,18.604958022478968,2,52.4750420008786,True
seed_10001-clients_5-joint_dirichlet_0.3-submitted-none-B7,proof,bafkreidc2mkp5wr6vz7oqk2q2nyekn43nissf4vsj2mnreyei3vxein4re,4,759,21.121333993505687,2,47.21441597212106,True
seed_10001-clients_5-joint_dirichlet_0.3-submitted-none-B7,public,bafkreicugdgsuyiyfc3ffbscgb5ryk5cpfn2tpt4dfhvgz4gh3hhxuueie,4,313,22.23241701722145,2,50.99408404203132,True
seed_10001-clients_5-joint_dirichlet_0.3-submitted-none-B7,submission_manifest,bafkreidjx3terndlgqwahg753hceh4q4g3lv4hzberrdmh45vbl5tunpwq,4,544,28.90958299394697,2,62.6161249820143,True
seed_10001-clients_5-joint_dirichlet_0.3-submitted-none-B7,global_model,bafkreiankewip3svxriqqrms27l57zwboipcrrq366tghfxrkewkrs32dm,global,2064,19.828666001558304,2,45.55425001308322,True
seed_10001-clients_5-joint_dirichlet_0.3-submitted-none-B7,report,bafkreiempcu34pha7xx7zkpw7w6hbbwfi3d3m3mxm7karkdrajaanxiukq,global,1824,20.24887502193451,2,45.544209016952664,True
seed_10001-clients_5-joint_dirichlet_0.3-submitted-none-B7,model,bafkreiak426l35gmyqhae7myo63lyim6k5euncx4vgyjhmmtwt5d5wgghy,0,2260,20.2466250048019,3,41.90812504384667,True
seed_10001-clients_5-joint_dirichlet_0.3-submitted-none-B7,metrics,bafkreigbouhjbwzfaqqzg5lgne2kakme4rsd4zgbp55446dqke5hg2t4tu,0,218,18.225917010568082,3,46.30200000246987,True
seed_10001-clients_5-joint_dirichlet_0.3-submitted-none-B7,metadata,bafkreibd3vdc5s2jakup2cxbdxswsczy3helinqofu2spa7bgsub3wkqgq,0,91,1.9262919668108225,3,27.971915958914906,True
seed_10001-clients_5-joint_dirichlet_0.3-submitted-none-B7,bound_manifest,bafkreiatmods5c42fc6wi5ztsyaoyltyfjtgdi54v6euwduaaxhd7uxlwi,0,340,26.824874978046864,3,60.4516250314191,True
seed_10001-clients_5-joint_dirichlet_0.3-submitted-none-B7,proof,bafkreia77632bzhbfhi3nmmjwm5ig5qyqj5osq3cyhwjphgbei5gh2uwyy,0,757,24.08029098296538,3,42.10733401123434,True
seed_10001-clients_5-joint_dirichlet_0.3-submitted-none-B7,public,bafkreic4xfe7ymm7bip2trnhtczn2b3rnqdtzkimijn3ieb4ngxrdem7ju,0,309,22.116999956779182,3,60.98133302293718,True
seed_10001-clients_5-joint_dirichlet_0.3-submitted-none-B7,submission_manifest,bafkreifjon56vbfmr47dy2s3a4hhv4gxk62i2s24a3tuy7athucrfooxke,0,544,26.668833976145834,3,61.93554197670892,True
seed_10001-clients_5-joint_dirichlet_0.3-submitted-none-B7,model,bafkreigdvnez6w6wkaoz357tz4dxlrkt6lizb54hca5xqgvpogyfjtn6eq,1,2145,22.831708018202335,3,57.24516598274931,True
seed_10001-clients_5-joint_dirichlet_0.3-submitted-none-B7,metrics,bafkreih2jgy5pduqvhdx2jvihrj2ynachdsxv4eomnkibx3gm2rrcruyly,1,225,22.546666965354234,3,43.70979202212766,True
seed_10001-clients_5-joint_dirichlet_0.3-submitted-none-B7,metadata,bafkreihaem7bjnnfpp3wmvuupfka56zxqtozrtf6kd77bncedzs2rtvfum,1,91,1.856416987720877,3,33.815290953498334,True
seed_10001-clients_5-joint_dirichlet_0.3-submitted-none-B7,bound_manifest,bafkreihof2t22tar5d5z2rlgqb55akfkuhl5ks7bi5k27ichxyxclw6dwm,1,340,24.228458001744002,3,55.12983299558982,True
seed_10001-clients_5-joint_dirichlet_0.3-submitted-none-B7,proof,bafkreibggsduvlxyhofjvcuhy3btwnc7cc6qimwqqmc3ksd6ortdz2iwai,1,758,37.027542013674974,3,60.35816698567942,True
seed_10001-clients_5-joint_dirichlet_0.3-submitted-none-B7,public,bafkreibovngdfx3obv4kwwodc6vcqrx4mcw3ing2itarrxjcsf2niwciuu,1,322,23.309500014875084,3,61.80970900459215,True
seed_10001-clients_5-joint_dirichlet_0.3-submitted-none-B7,submission_manifest,bafkreignp24qgdfyzc5hmcyoyaroet6674tepl5ebk5qwxa2jsw3n3umiy,1,544,18.249250017106533,3,49.00308296782896,True
seed_10001-clients_5-joint_dirichlet_0.3-submitted-none-B7,model,bafkreib7uaxb74jwsf3jrqpoxyknz4jucztshfd5etmcavpzziehq2ffyu,2,2232,18.71987502090633,3,49.165124946739525,True
seed_10001-clients_5-joint_dirichlet_0.3-submitted-none-B7,metrics,bafkreigzkejcluz5qxk3byckdwf2j3earzpdt7lxaxv4ktulnfkz2vnmfi,2,218,24.93175002746284,3,51.79966700961813,True
seed_10001-clients_5-joint_dirichlet_0.3-submitted-none-B7,metadata,bafkreia2xz7yi4bonoimmsesuyxglm3nltrwh6plqjdgunsyhfsrq2ualq,2,91,2.6958329835906625,3,33.268333005253226,True
seed_10001-clients_5-joint_dirichlet_0.3-submitted-none-B7,bound_manifest,bafkreibeqynfhf2tqawdt5dl3uadj3dto7cntna732nqqpjg4ump64o24a,2,340,20.03625000361353,3,62.63658299576491,True
seed_10001-clients_5-joint_dirichlet_0.3-submitted-none-B7,proof,bafkreiewfknuqaubzuexqyuaohzt3taa42s2u4ft7pz5a3fgrkcmelaeoe,2,154,2.6930829626508057,3,37.16145898215473,True
seed_10001-clients_5-joint_dirichlet_0.3-submitted-none-B7,public,bafkreiehgiczzbah3ep3c2dqw3slpl2xi4ji5rk5lccd4efjxg3bh2zn4i,2,304,22.37433398840949,3,55.41004199767485,True
seed_10001-clients_5-joint_dirichlet_0.3-submitted-none-B7,submission_manifest,bafkreihbf6wxdsig36525sin7kf6nwlm76fzfczwznwvn4t54doxpw7g3u,2,545,24.095333006698638,3,58.84454195620492,True
seed_10001-clients_5-joint_dirichlet_0.3-submitted-none-B7,model,bafkreidb6lpoz4l4xwx2cqjtko375wf5q7ze4iigpgqcwpzyhw2b6zxfbe,3,2205,24.852959031704813,3,57.21249995986,True
seed_10001-clients_5-joint_dirichlet_0.3-submitted-none-B7,metrics,bafkreig4ss7vlx5vhzjh2zptylunt7xdqiqufhuesb5vabijn2ft7itrw4,3,225,25.689625006634742,3,70.26304199825972,True
seed_10001-clients_5-joint_dirichlet_0.3-submitted-none-B7,metadata,bafkreid345tuvtzdgjl54fhr2ym64ybeelpqyo72eesstnomqnqjouwrf4,3,91,2.689708024263382,3,34.71037501003593,True
seed_10001-clients_5-joint_dirichlet_0.3-submitted-none-B7,bound_manifest,bafkreibxsjjql7bapoiuh43qe6hf2qatlfcidafaqbv6jyzx3cl6y4lmo4,3,340,23.528416000772268,3,57.70524998661131,True
seed_10001-clients_5-joint_dirichlet_0.3-submitted-none-B7,proof,bafkreic3dt2sduyw6yxgspqzkaycyowfpbbquuhohkdya7dssx3a4yohrq,3,150,24.243708001449704,3,53.81295800907537,True
seed_10001-clients_5-joint_dirichlet_0.3-submitted-none-B7,public,bafkreif4b6wg62ekzfx2lzu6vkbiigmswbou3gobynlfq7cl2hmrprmqpu,3,322,18.969333032146096,3,63.90825001290068,True
seed_10001-clients_5-joint_dirichlet_0.3-submitted-none-B7,submission_manifest,bafkreicg6xkxebyiwjz2zr73a6xwpoqtt6uljbysc5atricwmopni6m24y,3,545,25.687666959129274,3,61.9338329997845,True
seed_10001-clients_5-joint_dirichlet_0.3-submitted-none-B7,model,bafkreihqlyh5w7rx46fmunnfx5m2xrvgwrgrsx67ofxy4dbjc22t4blvry,4,2062,30.996125016827136,3,65.52379101049155,True
seed_10001-clients_5-joint_dirichlet_0.3-submitted-none-B7,metrics,bafkreiay7nt6rrick5geg6ysfk7dklq5lbxz4uxatokb6wjarywobvswka,4,222,26.255000033415854,3,56.996333005372435,True
seed_10001-clients_5-joint_dirichlet_0.3-submitted-none-B7,metadata,bafkreieywl3zmegfk6uuhj7guzk5gl2mi2unbzxrzkfuafu6tnx7uammkq,4,91,2.306375012267381,3,38.91029203077778,True
seed_10001-clients_5-joint_dirichlet_0.3-submitted-none-B7,bound_manifest,bafkreifk5blz6zrbgbcqkfyoxsmzku3n63tpswwp2dzxb65rqfaiolwg5m,4,340,24.242249957751483,3,45.080167008563876,True
seed_10001-clients_5-joint_dirichlet_0.3-submitted-none-B7,proof,bafkreidan2i53vwvbwrkk6c4eofznfwo23j2d5srq46br42u27zhbwmh6y,4,757,22.247540997341275,3,44.7136249858886,True
seed_10001-clients_5-joint_dirichlet_0.3-submitted-none-B7,public,bafkreict6x2dnkeh6z5tqpmblmeiwnqjjqaaw375zfq6uhku34fbopbtia,4,314,19.161000032909214,3,43.91870799008757,True
seed_10001-clients_5-joint_dirichlet_0.3-submitted-none-B7,submission_manifest,bafkreieso6dtqxsmyuywwihe2dsjksqx3ds4ja3zho7qrhfxeoxbhjy5ve,4,544,20.129832962993532,3,49.9222920043394,True
seed_10001-clients_5-joint_dirichlet_0.3-submitted-none-B7,global_model,bafkreiewmozgctfyr5a2bwe3y6b2pmp3grwhqqxp6duofgnvfjdqjpuavq,global,2059,28.482374968007207,3,45.22283299593255,True
seed_10001-clients_5-joint_dirichlet_0.3-submitted-none-B7,report,bafkreidoba7osmtwj62w2dnuzijpn2tt4du5fbjwaoi54vg7d2hf5xnx6i,global,1826,20.220625039655715,3,54.758707992732525,True
seed_10001-clients_5-joint_dirichlet_0.3-submitted-random_weights-B4,model,bafkreieqwqnirpc5yy44oxbpde5au4vxguhbrn6lz3x6hmch6jvyqqmrre,0,2009,23.678541998378932,1,54.83904201537371,True
seed_10001-clients_5-joint_dirichlet_0.3-submitted-random_weights-B4,metrics,bafkreiagl5zs5dlur5j6dkrd4reuqwmaghxf72zd2zvhpo2wxm3x64ojda,0,213,0.6859590066596866,1,33.89000002061948,True
seed_10001-clients_5-joint_dirichlet_0.3-submitted-random_weights-B4,metadata,bafkreif5np5h5ojvx7eplncbmufoqzv73yi6evzggwlqt4enfhb6cwsqxm,0,91,0.8541659917682409,1,44.9652909883298,True
seed_10001-clients_5-joint_dirichlet_0.3-submitted-random_weights-B4,bound_manifest,bafkreiae4tglea4frbmmhh6seqhlpdwgbbcxpyjg4zkyjnnkr7qpjiwhgu,0,340,24.617584014777094,1,66.6421249625273,True
seed_10001-clients_5-joint_dirichlet_0.3-submitted-random_weights-B4,proof,bafkreidsoryl4f3g5fjokm5a2j5fcb4nsqcxuxdawzldegpc5xrwvkmiky,0,759,22.030332998838276,1,45.511749980505556,True
seed_10001-clients_5-joint_dirichlet_0.3-submitted-random_weights-B4,public,bafkreidqnvlkducimda2nllchhqfuvgpdk6p6w43mjah62jcor2kunshlu,0,303,19.027791975531727,1,56.11683300230652,True
seed_10001-clients_5-joint_dirichlet_0.3-submitted-random_weights-B4,submission_manifest,bafkreicp3txpufc6x4fajdc2ueoljqjceew3d2jcqviy3cwlkuf5xyv7la,0,544,24.770541989710182,1,66.0369589459151,True
seed_10001-clients_5-joint_dirichlet_0.3-submitted-random_weights-B4,model,bafkreihad5yl43jkaplk7otznk3ggjbq7sifwfchcdtt5zzrjl5hkvfala,1,2156,2.405916980933398,1,52.918875007890165,True
seed_10001-clients_5-joint_dirichlet_0.3-submitted-random_weights-B4,metrics,bafkreieefl5ibmisfn5dkxgvj3unytdv36t5zpel5j35vjtjp3ajndztpi,1,222,1.8739589722827077,1,32.64612500788644,True
seed_10001-clients_5-joint_dirichlet_0.3-submitted-random_weights-B4,metadata,bafkreihrcpq52g3n6phhnaad7jqgvtuvp4vepblbldxomtuh5jkvidezhi,1,91,2.081874990835786,1,30.336625000927597,True
seed_10001-clients_5-joint_dirichlet_0.3-submitted-random_weights-B4,bound_manifest,bafkreih6dypowcfb325hfwfy2cu3blwbne5a274gnamui2zjl5bkrfvl2m,1,340,1.8754589837044477,1,31.395416997838765,True
seed_10001-clients_5-joint_dirichlet_0.3-submitted-random_weights-B4,proof,bafkreiflntg4are3pmh4pef3caarlly7pew3tnrqcpufy4da5lzbrgvanu,1,758,21.179125003982335,1,49.574917007703334,True
seed_10001-clients_5-joint_dirichlet_0.3-submitted-random_weights-B4,public,bafkreidi66is4avxgvzjtsnztta5jal2rkurgt6wnwvel5dsvqy6id3rmy,1,319,0.6150000263005495,1,48.96891600219533,True
seed_10001-clients_5-joint_dirichlet_0.3-submitted-random_weights-B4,submission_manifest,bafkreicgiweuzrmq46jmtm54y5zgkge5wqx7glhmtxaqky6ltddndsieci,1,544,26.97495894972235,1,85.01287497347221,True
seed_10001-clients_5-joint_dirichlet_0.3-submitted-random_weights-B4,model,bafkreiccsllbn2biroz2lxagy3bd4lugpe3wtuw2xu2bzf32r2y2w6hifu,2,2162,4.025791015010327,1,46.07662500347942,True
seed_10001-clients_5-joint_dirichlet_0.3-submitted-random_weights-B4,metrics,bafkreie4tfb3iabzgalz4r75o5ciz7sih4wucgnjr5j2gm46gprajyomd4,2,218,2.7547499630600214,1,40.88170797331259,True
seed_10001-clients_5-joint_dirichlet_0.3-submitted-random_weights-B4,metadata,bafkreigw4u745o7q6bg4243os5fivsxszig5u7vduzlnse723bc5cbohry,2,91,1.0010420228354633,1,34.42083398113027,True
seed_10001-clients_5-joint_dirichlet_0.3-submitted-random_weights-B4,bound_manifest,bafkreifmeasgvbcxvvaqer7bvkc7cnga2obtm7ee4gifoegnfdvbptsjzi,2,340,0.612833013292402,1,36.976250004954636,True
seed_10001-clients_5-joint_dirichlet_0.3-submitted-random_weights-B4,proof,bafkreiegzq32lhd2c5pdakwlhd2ubbi6bsyip25i4ddc6ghg7qrx2pxpt4,2,154,0.9504590416327119,1,37.19695803010836,True
seed_10001-clients_5-joint_dirichlet_0.3-submitted-random_weights-B4,public,bafkreiblhtmn55v4xdlmai7towi5pe46indloundiswlo3zyrtg3zmcx3a,2,303,2.314499986823648,1,35.53841699613258,True
seed_10001-clients_5-joint_dirichlet_0.3-submitted-random_weights-B4,submission_manifest,bafkreihnj2p2htfp6grk2wuier4mdgxvrwane3ly7llatjzygxfyqxpgom,2,545,1.1354999733157456,1,35.11991596315056,True
seed_10001-clients_5-joint_dirichlet_0.3-submitted-random_weights-B4,model,bafkreieroyxwxa7frlewi7qff55kqposhngtsz5khewad4qxuhcwsioenq,3,2177,0.5687919910997152,1,29.88866699161008,True
seed_10001-clients_5-joint_dirichlet_0.3-submitted-random_weights-B4,metrics,bafkreih2dpqupqw3pkypynyyud3grvhkvgepl5viridikzqjb2bn7bctsa,3,225,0.665667001157999,1,36.04983299737796,True
seed_10001-clients_5-joint_dirichlet_0.3-submitted-random_weights-B4,metadata,bafkreiax4jcfngsmfx7ablyakljmi2imjjeke5wqnqj2yaez4wmj32ajsi,3,91,0.7534170290455222,1,31.9169579888694,True
seed_10001-clients_5-joint_dirichlet_0.3-submitted-random_weights-B4,bound_manifest,bafkreifegjyjxd4epa4dtucb4d6qxzbihtfphf5kiwxwbroksaxm7daytq,3,340,0.9365419973619282,1,32.04995900159702,True
seed_10001-clients_5-joint_dirichlet_0.3-submitted-random_weights-B4,proof,bafkreih656j6asefrzzsjbdjx3xkcpn3bnzwm5wcnw422d7tlfobs3akze,3,150,0.8857090142555535,1,39.643125026486814,True
seed_10001-clients_5-joint_dirichlet_0.3-submitted-random_weights-B4,public,bafkreide534e45xwnt4yeupakzloso5mfvjjmpqdivlfcdhclnomiyoasy,3,321,0.623334024567157,1,33.307457983028144,True
seed_10001-clients_5-joint_dirichlet_0.3-submitted-random_weights-B4,submission_manifest,bafkreiai7pbueww5ag44a6ixvypxxtuv4536p5ciyuzqa5idnjpejpsbve,3,545,0.8293330320157111,1,36.070083966478705,True
seed_10001-clients_5-joint_dirichlet_0.3-submitted-random_weights-B4,model,bafkreigdqleqcexujuytjvsmb3ng6kzkxeadhmksn7jkvjli5kuxsfignq,4,2000,2.646791050210595,1,35.95933399628848,True
seed_10001-clients_5-joint_dirichlet_0.3-submitted-random_weights-B4,metrics,bafkreifo2wketab4hcvaho46uzo4bhgxklo5y6wzuxmm7ex3awknzbfl7q,4,222,1.911583007313311,1,33.703833003528416,True
seed_10001-clients_5-joint_dirichlet_0.3-submitted-random_weights-B4,metadata,bafkreidlkbv47ak663est4aqpiylecbjckyhakdffitugczppalrbanbze,4,91,1.8837919924408197,1,33.491000009234995,True
seed_10001-clients_5-joint_dirichlet_0.3-submitted-random_weights-B4,bound_manifest,bafkreihkgasbxmxkxfwdjqvr23n7gaw4rb3ysteyrlr3dlw3jtrgxoyscu,4,340,2.3652910022065043,1,33.73612504219636,True
seed_10001-clients_5-joint_dirichlet_0.3-submitted-random_weights-B4,proof,bafkreielezqsqvsjhsrbyqobv72cecvkzfu2cntxgub4p3pfuvtnq7vrem,4,757,23.12725002411753,1,45.35291698994115,True
seed_10001-clients_5-joint_dirichlet_0.3-submitted-random_weights-B4,public,bafkreih4qcalejbxesufo3w26iyi4jmmdiz67efjpkj63wfaofknpdefri,4,314,0.9491670061834157,1,35.345999989658594,True
seed_10001-clients_5-joint_dirichlet_0.3-submitted-random_weights-B4,submission_manifest,bafkreifrv7tuuzicpifdejomhlhu2ns467o6zxbckf6ftw2bjzx5a2gia4,4,544,23.314292018767446,1,58.83699998958036,True
seed_10001-clients_5-joint_dirichlet_0.3-submitted-random_weights-B4,global_model,bafkreihszgtyqfshndqzevzusgwxq2jaslvwkswvtaao7pqmne43tiqble,global,2035,25.571541977114975,1,56.45108304452151,True
seed_10001-clients_5-joint_dirichlet_0.3-submitted-random_weights-B4,report,bafkreibnrt7srxiz4y7wuqpybcdnt7n3jpoierjlpx3libhubg3fzi4ceq,global,1831,30.994041997473687,1,59.78449998656288,True
seed_10001-clients_5-joint_dirichlet_0.3-submitted-random_weights-B4,model,bafkreidwmuxtbxxssu4iwtz5rrayuj4vwteh5qjmllshcksmrxikp3tanq,0,2001,24.051166023127735,2,69.49270801851526,True
seed_10001-clients_5-joint_dirichlet_0.3-submitted-random_weights-B4,metrics,bafkreidkotzupfci5mxakghrxg7jrytxexrqnsrkbfkywcl4a37vyri2km,0,218,20.004749996587634,2,54.86941704293713,True
seed_10001-clients_5-joint_dirichlet_0.3-submitted-random_weights-B4,metadata,bafkreifuzxccxuglddhrffwime3iitw2q7u3uiticuylw5dtwc5q2nz7kq,0,91,0.6744999554939568,2,40.91983399121091,True
seed_10001-clients_5-joint_dirichlet_0.3-submitted-random_weights-B4,bound_manifest,bafkreic3giviltn3mzqlyxtwnvso3nvdo26phpz6l7q5wtj56iduslf6iu,0,340,27.655834041070193,2,59.994707989972085,True
seed_10001-clients_5-joint_dirichlet_0.3-submitted-random_weights-B4,proof,bafkreicx2g2sj7huypo2afenrgjsxmz4az62fog7tnnqlchk34ufin36u4,0,137,21.922915999311954,2,54.35975000727922,True
seed_10001-clients_5-joint_dirichlet_0.3-submitted-random_weights-B4,public,bafkreicsxoyxsbxwu7nhbu5nw5zd7fjhaofaepmvsele43uavzyh44ibj4,0,309,25.39737499319017,2,50.174124946352094,True
seed_10001-clients_5-joint_dirichlet_0.3-submitted-random_weights-B4,submission_manifest,bafkreifgikqefiowco67ysunjbms7ml4vlun4itp7r4npblxcrodgzuayy,0,545,32.24083298118785,2,69.73783299326897,True
seed_10001-clients_5-joint_dirichlet_0.3-submitted-random_weights-B4,model,bafkreid4wpddeygznjzhhufdpvkr6z656e227h4mebpdtbtam4h3ncxvfe,1,2015,25.334458972793072,2,59.12812502356246,True
seed_10001-clients_5-joint_dirichlet_0.3-submitted-random_weights-B4,metrics,bafkreibtlf3uv7yz7mnh3ev5xiybaqggqwzceczimw4hjjdpgxf2ttmmxa,1,224,25.27270797872916,2,56.852957990486175,True
seed_10001-clients_5-joint_dirichlet_0.3-submitted-random_weights-B4,metadata,bafkreiewk6zf35wsftpa3jn6l2pkgk6qzsww4vcvfbljsrgkpdkkzmhjzq,1,91,1.2550419778563082,2,37.02366701327264,True
seed_10001-clients_5-joint_dirichlet_0.3-submitted-random_weights-B4,bound_manifest,bafkreihghtygyro6lgt2nnrggzlv5loubu73ve4utfdkuqacorkvh6xzmy,1,340,28.28174998285249,2,56.7430829978548,True
seed_10001-clients_5-joint_dirichlet_0.3-submitted-random_weights-B4,proof,bafkreicqwrzfdseqtyxtdlafquh2ucq3kkcajqcukoh6xbcowqf4nqw53y,1,136,22.813124989625067,2,61.104292050004005,True
seed_10001-clients_5-joint_dirichlet_0.3-submitted-random_weights-B4,public,bafkreiebu6yxwliearqiymxbfi3ixpiaypzecakq5ius73v34cetujlih4,1,321,21.316332975402474,2,46.05695803184062,True
seed_10001-clients_5-joint_dirichlet_0.3-submitted-random_weights-B4,submission_manifest,bafkreicytskxv4gb4zdkh2rou6q6fpzg555ky457tebp4xwjad6ect6cmi,1,545,23.68166600354016,2,52.77270800434053,True
seed_10001-clients_5-joint_dirichlet_0.3-submitted-random_weights-B4,model,bafkreihcu43rbx5r7lvyal5mz5defdjyw7kqsrl7pq3pwzugldtpn5wiw4,2,2025,25.715374969877303,2,51.57875001896173,True
seed_10001-clients_5-joint_dirichlet_0.3-submitted-random_weights-B4,metrics,bafkreialih5rzkpuvbwnnn2awxpikt72raasjbl5tmvgetod4h5q3xjxvy,2,218,38.917875033803284,2,76.29916700534523,True
seed_10001-clients_5-joint_dirichlet_0.3-submitted-random_weights-B4,metadata,bafkreiaimftgdtz44askvfbairrsnrwqtagisn2zf2jbfuwmaeyih3ix2m,2,91,1.9535829778760672,2,41.04574996745214,True
seed_10001-clients_5-joint_dirichlet_0.3-submitted-random_weights-B4,bound_manifest,bafkreietdgu6swmzzai4fvvzcgpmkxoycxk5ikr5wgfvnnjxba4lchuf5q,2,340,20.519540994428098,2,64.20674995752051,True
seed_10001-clients_5-joint_dirichlet_0.3-submitted-random_weights-B4,proof,bafkreic5tr3w62oq6adxus3n4n2z4yqbbsahu4k32bri57qgst4u5x4rpy,2,201,23.112084018066525,2,58.26000001979992,True
seed_10001-clients_5-joint_dirichlet_0.3-submitted-random_weights-B4,public,bafkreifq54uzaber2mullqjhmkpd733eva5efgez6h6gtkytq6ctunyuce,2,301,25.123917032033205,2,53.981542005203664,True
seed_10001-clients_5-joint_dirichlet_0.3-submitted-random_weights-B4,submission_manifest,bafkreifao3gtef2rove4nnou5jfrn4k2eiy2mt4eips2nmyvi4pvjted5m,2,545,19.100541016086936,2,54.060416005086154,True
seed_10001-clients_5-joint_dirichlet_0.3-submitted-random_weights-B4,model,bafkreiel2em6lpv6owzrfwtbuyhxghytnl4vsdahaqdhxwkma7wv6dtcoy,3,2011,23.12191599048674,2,49.753499974031,True
seed_10001-clients_5-joint_dirichlet_0.3-submitted-random_weights-B4,metrics,bafkreiffgovhqklc3quhwjsrigbbdtfq2idrudbw4g4mo5cjxmyjlbm3f4,3,222,31.117333041038364,2,58.954833017196506,True
seed_10001-clients_5-joint_dirichlet_0.3-submitted-random_weights-B4,metadata,bafkreihjr3scpuwgf6hwibjgdt2csrbmlguqitr6ap5xzqb7uq5qartqti,3,91,0.5507920286618173,2,34.86287494888529,True
seed_10001-clients_5-joint_dirichlet_0.3-submitted-random_weights-B4,bound_manifest,bafkreid3whdkufuewioem4wtindkkci7a2lun6wczt3n5ucqpmgfdeqtfq,3,340,25.145082967355847,2,52.96812497545034,True
seed_10001-clients_5-joint_dirichlet_0.3-submitted-random_weights-B4,proof,bafkreicmy4sjfzswfxgcnfrgkpsfbmcu53tkfteiygimyrextzai5n7kpy,3,137,27.74820796912536,2,58.757083024829626,True
seed_10001-clients_5-joint_dirichlet_0.3-submitted-random_weights-B4,public,bafkreidjvdk7qdh4nd3jlm7zswi7ygwdtoztvsxvlkqumqedzedf7pglvm,3,319,20.305000012740493,2,63.70816699927673,True
seed_10001-clients_5-joint_dirichlet_0.3-submitted-random_weights-B4,submission_manifest,bafkreiccv5r7subf35vuxws2sildt6fbpltvfjnuojs6ai2njf26c74rqe,3,545,25.07450000848621,2,62.60712502989918,True
seed_10001-clients_5-joint_dirichlet_0.3-submitted-random_weights-B4,model,bafkreidk66coex3mwxouaqbziv5fu3faym2kkup2cwvb3ackdjpknbjhe4,4,2022,25.47433297149837,2,61.64716702187434,True
seed_10001-clients_5-joint_dirichlet_0.3-submitted-random_weights-B4,metrics,bafkreigxot76uanz7j44svdeukf3r354oxsdu7y3k7ccdwgzl3fg5jcfjy,4,219,31.47941699717194,2,60.43945800047368,True
seed_10001-clients_5-joint_dirichlet_0.3-submitted-random_weights-B4,metadata,bafkreidwqrlhr3ykdjtel3lkhaoel6np5ov3rov3eccdldkwyhz7a5ivpu,4,91,2.26320797810331,2,31.576709006913006,True
seed_10001-clients_5-joint_dirichlet_0.3-submitted-random_weights-B4,bound_manifest,bafkreie4dfvwre5t52i2stqyybfaci4oj7s7cjp3zyw6yckyxlk52itah4,4,340,23.87204096885398,2,53.8106249878183,True
seed_10001-clients_5-joint_dirichlet_0.3-submitted-random_weights-B4,proof,bafkreifnbpqawmyrnejzwvximkrys3ujyuyymbonegd255644ovacbxuxy,4,137,16.70916599687189,2,50.59712496586144,True
seed_10001-clients_5-joint_dirichlet_0.3-submitted-random_weights-B4,public,bafkreiaalxwmjrypwojs7oofyecjaz7rrkcbeqgjhuqvo75q5qk4oxjose,4,309,25.61850001802668,2,52.92870901757851,True
seed_10001-clients_5-joint_dirichlet_0.3-submitted-random_weights-B4,submission_manifest,bafkreibl242flaehjcpbzikqhdkck2dnsrifazwt7d7uqtlywqkjv24khy,4,545,25.2623749547638,2,47.90929099544883,True
seed_10001-clients_5-joint_dirichlet_0.3-submitted-random_weights-B4,global_model,bafkreiek7sj7ywv65vnzsrirjlsxocdvtd3pn6feb54qmkgvy6gdhq3arq,global,2035,24.17979098390788,2,49.746875010896474,True
seed_10001-clients_5-joint_dirichlet_0.3-submitted-random_weights-B4,report,bafkreigdrfv4ij23idnlr7pwdx7q6ueqmkfqf4k35wfmktmugckpvsxzqu,global,1820,24.35583301121369,2,54.32683404069394,True
seed_10001-clients_5-joint_dirichlet_0.3-submitted-random_weights-B4,model,bafkreicsg3tlah4oub6vy5sqvvfvefkuoyiagm7ypxzaljj2cvnirlbo3y,0,2009,18.063916999381036,3,44.866374984849244,True
seed_10001-clients_5-joint_dirichlet_0.3-submitted-random_weights-B4,metrics,bafkreievie2oylrjqgoee5gixk2sqpreoqg5xxyqvigiqzwiqtnhfvk73i,0,218,19.949042005464435,3,45.84945802344009,True
seed_10001-clients_5-joint_dirichlet_0.3-submitted-random_weights-B4,metadata,bafkreibd3vdc5s2jakup2cxbdxswsczy3helinqofu2spa7bgsub3wkqgq,0,91,2.0549999899230897,3,27.64429198578,True
seed_10001-clients_5-joint_dirichlet_0.3-submitted-random_weights-B4,bound_manifest,bafkreia4xelkiiixctuolzqbfhtrddpaptzdy5oq3dccrotczm4wr3d37y,0,340,21.073250041808933,3,47.655707981903106,True
seed_10001-clients_5-joint_dirichlet_0.3-submitted-random_weights-B4,proof,bafkreibkc43anwqw45wphyi6bpjsrzedmc4iwstzfk46caxq4de4jkpx64,0,137,20.723374967928976,3,49.076166993472725,True
seed_10001-clients_5-joint_dirichlet_0.3-submitted-random_weights-B4,public,bafkreihsaag3kbk2rohkvttwpf63pexzdquz66qzfn27h2eprv4eqdug5m,0,309,16.51341700926423,3,52.41712502902374,True
seed_10001-clients_5-joint_dirichlet_0.3-submitted-random_weights-B4,submission_manifest,bafkreiesbfoxitye3mkl7zhzpgx7riehmbhzxljseiaqgk5zw7djkfcmjq,0,545,19.860540982335806,3,43.12595899682492,True
seed_10001-clients_5-joint_dirichlet_0.3-submitted-random_weights-B4,model,bafkreibpwx2ggc2zltktmn2nl4zm77lgoqblusx5z2sz2nmeuwxepyy4ma,1,2015,18.103833019267768,3,52.54937504651025,True
seed_10001-clients_5-joint_dirichlet_0.3-submitted-random_weights-B4,metrics,bafkreihkcs2t375fn7qugnbr7tspmgbyppuzz6vccvcsqyyl5mjifkwdvu,1,224,19.136583025101572,3,44.04083400731906,True
seed_10001-clients_5-joint_dirichlet_0.3-submitted-random_weights-B4,metadata,bafkreihaem7bjnnfpp3wmvuupfka56zxqtozrtf6kd77bncedzs2rtvfum,1,91,1.1312909773550928,3,32.95099997194484,True
seed_10001-clients_5-joint_dirichlet_0.3-submitted-random_weights-B4,bound_manifest,bafkreig65hyta6wktonnc6uaiisap2e7uxlcjc2rpexnsyivn5wvrvywba,1,340,21.06258401181549,3,48.343957983888686,True
seed_10001-clients_5-joint_dirichlet_0.3-submitted-random_weights-B4,proof,bafkreigs3qnjo3zuha76slx4h7rord4ij4b4b34kjikuniabj234yb4fbm,1,136,19.041083985939622,3,46.48195899790153,True
seed_10001-clients_5-joint_dirichlet_0.3-submitted-random_weights-B4,public,bafkreibirpvcq6qyw2cqxbkrqjbvevtnruvq6woyv6eyczelt2rtyyfk7a,1,322,18.504749983549118,3,48.495625029318035,True
seed_10001-clients_5-joint_dirichlet_0.3-submitted-random_weights-B4,submission_manifest,bafkreifbfnyoqx3lgbtxe3b4pixiswh6bnhz4ptrjshq6co56hls3gq6be,1,545,18.232125032227486,3,54.110499972011894,True
seed_10001-clients_5-joint_dirichlet_0.3-submitted-random_weights-B4,model,bafkreibn45cpl3mmub75pkpk3kjdtsvaf72m4gkoor7wq4de7uxnmbqf7a,2,2025,19.397208001464605,3,46.71079199761152,True
seed_10001-clients_5-joint_dirichlet_0.3-submitted-random_weights-B4,metrics,bafkreic6qxoahzsubr7wrbfjzfjpc2uxmczbd67k7d3cm5nx3sz6ifsqsy,2,218,22.528041969053447,3,45.575958967674524,True
seed_10001-clients_5-joint_dirichlet_0.3-submitted-random_weights-B4,metadata,bafkreia2xz7yi4bonoimmsesuyxglm3nltrwh6plqjdgunsyhfsrq2ualq,2,91,2.312124997843057,3,29.516165959648788,True
seed_10001-clients_5-joint_dirichlet_0.3-submitted-random_weights-B4,bound_manifest,bafkreigohktx7dzac7jka6n6fjprnctzgkvjz2j7nfjkzhzglnyz3uhy24,2,340,21.727082959841937,3,49.062333011534065,True
seed_10001-clients_5-joint_dirichlet_0.3-submitted-random_weights-B4,proof,bafkreiht7wu4xk5dr5na374buqmlvqkxymcvvcyqyqdf5gw5o36f4nuvmq,2,201,18.305000034160912,3,46.682917047291994,True
seed_10001-clients_5-joint_dirichlet_0.3-submitted-random_weights-B4,public,bafkreih53wxbqsrrr65a56o7765yvjciwgrsybwg56bpe6bxd2vy5lbamu,2,303,17.765166994649917,3,44.96091598412022,True
seed_10001-clients_5-joint_dirichlet_0.3-submitted-random_weights-B4,submission_manifest,bafkreig5lk636gso4hpylti2fgi5qanhfu26yakup5c6ydhtvh2yymucme,2,545,22.104333038441837,3,47.16854100115597,True
seed_10001-clients_5-joint_dirichlet_0.3-submitted-random_weights-B4,model,bafkreid2krfoakqw743dqhqg7pdp4db6j3s6vfobnopvkiue2rgnrzhxba,3,2011,19.90620797732845,3,51.68604099890217,True
seed_10001-clients_5-joint_dirichlet_0.3-submitted-random_weights-B4,metrics,bafkreicn3zqs6xfz3w42jjyt6mcqn7fc5an7ybxb4xt5rac2blnqlu352y,3,222,20.308749983087182,3,54.417916981037706,True
seed_10001-clients_5-joint_dirichlet_0.3-submitted-random_weights-B4,metadata,bafkreid345tuvtzdgjl54fhr2ym64ybeelpqyo72eesstnomqnqjouwrf4,3,91,1.815917028579861,3,37.12225001072511,True
seed_10001-clients_5-joint_dirichlet_0.3-submitted-random_weights-B4,bound_manifest,bafkreiglm6q3y6ghwkt2uown5i6hbrdjek2ojgrartn3t6nw4yyzxbeciy,3,340,22.18633401207626,3,49.74062502151355,True
seed_10001-clients_5-joint_dirichlet_0.3-submitted-random_weights-B4,proof,bafkreibh4hs6fzc4nzg4ywjwsfq4327on3qcowhtxsco5b6ppu7t7uo2ja,3,137,17.83883397001773,3,46.985500026494265,True
seed_10001-clients_5-joint_dirichlet_0.3-submitted-random_weights-B4,public,bafkreigkk7mqmj6vxjzqp4rjfd7m4afnmmpzamva6yzgxmhis5gmme2gzq,3,319,19.77887499378994,3,46.087457973044366,True
seed_10001-clients_5-joint_dirichlet_0.3-submitted-random_weights-B4,submission_manifest,bafkreifsr5c57bf5v6ka22mkc7yaloacc6isfafpi6s5ya5rosljo46azm,3,545,24.764333036728203,3,48.54895803146064,True
seed_10001-clients_5-joint_dirichlet_0.3-submitted-random_weights-B4,model,bafkreiajrbf7veo4ywcrbogs5e5wn4hzrqxbvvjwc47bzhjosee4e5mh7m,4,2022,17.17441703658551,3,44.8194170021452,True
seed_10001-clients_5-joint_dirichlet_0.3-submitted-random_weights-B4,metrics,bafkreiash4gexpl3xaj2pu5keo7unfoy7sxphuhmpltlfmssbtfxi2pkom,4,219,26.963707990944386,3,53.75858297338709,True
seed_10001-clients_5-joint_dirichlet_0.3-submitted-random_weights-B4,metadata,bafkreieywl3zmegfk6uuhj7guzk5gl2mi2unbzxrzkfuafu6tnx7uammkq,4,91,0.6792919593863189,3,33.150833973195404,True
seed_10001-clients_5-joint_dirichlet_0.3-submitted-random_weights-B4,bound_manifest,bafkreiac6d6d4paqjqw6jhrwxkoqv745stps6udvcq4wf4cyosyjcuvpcu,4,340,20.484416978433728,3,49.09183399286121,True
seed_10001-clients_5-joint_dirichlet_0.3-submitted-random_weights-B4,proof,bafkreigueoxf424qmr2ipk6ejv2at7dfrf4xx6gezmd6rtch3hpjiyg7uy,4,137,19.453208020422608,3,68.35187500109896,True
seed_10001-clients_5-joint_dirichlet_0.3-submitted-random_weights-B4,public,bafkreihzeuds5fd3f6i2fjkcfgkr2vt2hyo3jnjpl7uw6iput7p2web5au,4,309,20.073542022146285,3,56.889165949542075,True
seed_10001-clients_5-joint_dirichlet_0.3-submitted-random_weights-B4,submission_manifest,bafkreicfsqlps345omrorzusmuauczs3xdl4tcg4cjlhmz3nj4a2t4h6ce,4,545,21.23108401428908,3,49.830707954242826,True
seed_10001-clients_5-joint_dirichlet_0.3-submitted-random_weights-B4,global_model,bafkreidzilzzf5t2yxnashvlscyc2z5dem4c3652kcozhb5ngtaiggiimu,global,2035,23.10929197119549,3,49.51174999587238,True
seed_10001-clients_5-joint_dirichlet_0.3-submitted-random_weights-B4,report,bafkreibsnpmrzc3frtnoade3o45rzuz7gyszt2ztlofsmfszavh6p32xea,global,1820,18.121291999705136,3,47.71545802941546,True
seed_10001-clients_5-joint_dirichlet_0.3-submitted-random_weights-B7,model,bafkreieqwqnirpc5yy44oxbpde5au4vxguhbrn6lz3x6hmch6jvyqqmrre,0,2009,0.7042500074021518,1,27.04845799598843,True
seed_10001-clients_5-joint_dirichlet_0.3-submitted-random_weights-B7,metrics,bafkreiagl5zs5dlur5j6dkrd4reuqwmaghxf72zd2zvhpo2wxm3x64ojda,0,213,0.7869999972172081,1,32.04770799493417,True
seed_10001-clients_5-joint_dirichlet_0.3-submitted-random_weights-B7,metadata,bafkreif5np5h5ojvx7eplncbmufoqzv73yi6evzggwlqt4enfhb6cwsqxm,0,91,1.0537920170463622,1,39.08979200059548,True
seed_10001-clients_5-joint_dirichlet_0.3-submitted-random_weights-B7,bound_manifest,bafkreiae4tglea4frbmmhh6seqhlpdwgbbcxpyjg4zkyjnnkr7qpjiwhgu,0,340,1.3625419815070927,1,35.881916992366314,True
seed_10001-clients_5-joint_dirichlet_0.3-submitted-random_weights-B7,proof,bafkreidw3gcg3lphblxfly5l5lctqfqiozfmmmiypyq4w5kv4radwpqjwi,0,760,20.941250026226044,1,50.42516702087596,True
seed_10001-clients_5-joint_dirichlet_0.3-submitted-random_weights-B7,public,bafkreidqnvlkducimda2nllchhqfuvgpdk6p6w43mjah62jcor2kunshlu,0,303,0.9810000192373991,1,33.060832996852696,True
seed_10001-clients_5-joint_dirichlet_0.3-submitted-random_weights-B7,submission_manifest,bafkreieu7r4rzoiq2ymshvjtd67bjziegjowynekmofmkwt4olspyl3hfq,0,544,20.16075002029538,1,49.04408298898488,True
seed_10001-clients_5-joint_dirichlet_0.3-submitted-random_weights-B7,model,bafkreihad5yl43jkaplk7otznk3ggjbq7sifwfchcdtt5zzrjl5hkvfala,1,2156,2.1957079879939556,1,38.0121250054799,True
seed_10001-clients_5-joint_dirichlet_0.3-submitted-random_weights-B7,metrics,bafkreieefl5ibmisfn5dkxgvj3unytdv36t5zpel5j35vjtjp3ajndztpi,1,222,2.95691704377532,1,40.16829200554639,True
seed_10001-clients_5-joint_dirichlet_0.3-submitted-random_weights-B7,metadata,bafkreihrcpq52g3n6phhnaad7jqgvtuvp4vepblbldxomtuh5jkvidezhi,1,91,2.650667040143162,1,42.41029097465798,True
seed_10001-clients_5-joint_dirichlet_0.3-submitted-random_weights-B7,bound_manifest,bafkreih6dypowcfb325hfwfy2cu3blwbne5a274gnamui2zjl5bkrfvl2m,1,340,5.006790976040065,1,33.06808299385011,True
seed_10001-clients_5-joint_dirichlet_0.3-submitted-random_weights-B7,proof,bafkreigqfqvwictqbaavvcwc4s3rc2j2o3hzud7tiahyn42lmeeikauifm,1,759,22.01950002927333,1,44.70520798349753,True
seed_10001-clients_5-joint_dirichlet_0.3-submitted-random_weights-B7,public,bafkreidi66is4avxgvzjtsnztta5jal2rkurgt6wnwvel5dsvqy6id3rmy,1,319,0.9162079659290612,1,37.02387498924509,True
seed_10001-clients_5-joint_dirichlet_0.3-submitted-random_weights-B7,submission_manifest,bafkreih6d2qmvaycjikupvi4etrse76ekw76bvtdal7qzjyofog53hyrum,1,544,22.994958038907498,1,59.92783297551796,True
seed_10001-clients_5-joint_dirichlet_0.3-submitted-random_weights-B7,model,bafkreiccsllbn2biroz2lxagy3bd4lugpe3wtuw2xu2bzf32r2y2w6hifu,2,2162,2.31783400522545,1,34.26529199350625,True
seed_10001-clients_5-joint_dirichlet_0.3-submitted-random_weights-B7,metrics,bafkreie4tfb3iabzgalz4r75o5ciz7sih4wucgnjr5j2gm46gprajyomd4,2,218,4.064915992785245,1,31.534707988612354,True
seed_10001-clients_5-joint_dirichlet_0.3-submitted-random_weights-B7,metadata,bafkreigw4u745o7q6bg4243os5fivsxszig5u7vduzlnse723bc5cbohry,2,91,4.275666957255453,1,32.53666695673019,True
seed_10001-clients_5-joint_dirichlet_0.3-submitted-random_weights-B7,bound_manifest,bafkreifmeasgvbcxvvaqer7bvkc7cnga2obtm7ee4gifoegnfdvbptsjzi,2,340,4.149375017732382,1,32.79179200762883,True
seed_10001-clients_5-joint_dirichlet_0.3-submitted-random_weights-B7,proof,bafkreiegzq32lhd2c5pdakwlhd2ubbi6bsyip25i4ddc6ghg7qrx2pxpt4,2,154,4.167750012129545,1,31.197333009913564,True
seed_10001-clients_5-joint_dirichlet_0.3-submitted-random_weights-B7,public,bafkreiblhtmn55v4xdlmai7towi5pe46indloundiswlo3zyrtg3zmcx3a,2,303,4.1161670233123,1,32.680375035852194,True
seed_10001-clients_5-joint_dirichlet_0.3-submitted-random_weights-B7,submission_manifest,bafkreihnj2p2htfp6grk2wuier4mdgxvrwane3ly7llatjzygxfyqxpgom,2,545,4.183084005489945,1,33.89462496852502,True
seed_10001-clients_5-joint_dirichlet_0.3-submitted-random_weights-B7,model,bafkreieroyxwxa7frlewi7qff55kqposhngtsz5khewad4qxuhcwsioenq,3,2177,1.656249980442226,1,33.53800001787022,True
seed_10001-clients_5-joint_dirichlet_0.3-submitted-random_weights-B7,metrics,bafkreih2dpqupqw3pkypynyyud3grvhkvgepl5viridikzqjb2bn7bctsa,3,225,2.2613329929299653,1,38.54550002142787,True
seed_10001-clients_5-joint_dirichlet_0.3-submitted-random_weights-B7,metadata,bafkreiax4jcfngsmfx7ablyakljmi2imjjeke5wqnqj2yaez4wmj32ajsi,3,91,3.0145830241963267,1,38.07912499178201,True
seed_10001-clients_5-joint_dirichlet_0.3-submitted-random_weights-B7,bound_manifest,bafkreifegjyjxd4epa4dtucb4d6qxzbihtfphf5kiwxwbroksaxm7daytq,3,340,2.678832970559597,1,36.55187500407919,True
seed_10001-clients_5-joint_dirichlet_0.3-submitted-random_weights-B7,proof,bafkreih656j6asefrzzsjbdjx3xkcpn3bnzwm5wcnw422d7tlfobs3akze,3,150,5.516708013601601,1,38.460458046756685,True
seed_10001-clients_5-joint_dirichlet_0.3-submitted-random_weights-B7,public,bafkreide534e45xwnt4yeupakzloso5mfvjjmpqdivlfcdhclnomiyoasy,3,321,4.827167023904622,1,41.92375001730397,True
seed_10001-clients_5-joint_dirichlet_0.3-submitted-random_weights-B7,submission_manifest,bafkreiai7pbueww5ag44a6ixvypxxtuv4536p5ciyuzqa5idnjpejpsbve,3,545,2.682458027265966,1,42.484540957957506,True
seed_10001-clients_5-joint_dirichlet_0.3-submitted-random_weights-B7,model,bafkreigdqleqcexujuytjvsmb3ng6kzkxeadhmksn7jkvjli5kuxsfignq,4,2000,2.3880410008132458,1,49.781416018959135,True
seed_10001-clients_5-joint_dirichlet_0.3-submitted-random_weights-B7,metrics,bafkreifo2wketab4hcvaho46uzo4bhgxklo5y6wzuxmm7ex3awknzbfl7q,4,222,4.715374961961061,1,39.26304099150002,True
seed_10001-clients_5-joint_dirichlet_0.3-submitted-random_weights-B7,metadata,bafkreidlkbv47ak663est4aqpiylecbjckyhakdffitugczppalrbanbze,4,91,2.471957996021956,1,35.205624997615814,True
seed_10001-clients_5-joint_dirichlet_0.3-submitted-random_weights-B7,bound_manifest,bafkreihkgasbxmxkxfwdjqvr23n7gaw4rb3ysteyrlr3dlw3jtrgxoyscu,4,340,2.621999999973923,1,35.69133300334215,True
seed_10001-clients_5-joint_dirichlet_0.3-submitted-random_weights-B7,proof,bafkreih4oc4w3kjaezuh67rssbrg7qnbkekc74rlhykz2h6itkmziisewa,4,758,19.887125003151596,1,42.71116602467373,True
seed_10001-clients_5-joint_dirichlet_0.3-submitted-random_weights-B7,public,bafkreih4qcalejbxesufo3w26iyi4jmmdiz67efjpkj63wfaofknpdefri,4,314,0.923332991078496,1,32.036042015533894,True
seed_10001-clients_5-joint_dirichlet_0.3-submitted-random_weights-B7,submission_manifest,bafkreiago6c236izxudihxewee4eluuqltzzolsm7rsb4fgwyir7wiq35q,4,544,29.006791999563575,1,67.19908304512501,True
seed_10001-clients_5-joint_dirichlet_0.3-submitted-random_weights-B7,global_model,bafkreiamu4i77xxv4cr54mybaxi2f3dbybllu55zjzpxdswfgz6utgt7jq,global,2091,24.37012502923608,1,51.069665991235524,True
seed_10001-clients_5-joint_dirichlet_0.3-submitted-random_weights-B7,report,bafkreibnzhzncdspor6sgbw53cvicjpw7k6jeurkmpzwvsvliiw7hu4nha,global,1824,26.636124996002764,1,60.297542018815875,True
seed_10001-clients_5-joint_dirichlet_0.3-submitted-random_weights-B7,model,bafkreidwmuxtbxxssu4iwtz5rrayuj4vwteh5qjmllshcksmrxikp3tanq,0,2001,1.0780000011436641,2,27.773375040851533,True
seed_10001-clients_5-joint_dirichlet_0.3-submitted-random_weights-B7,metrics,bafkreiasg3y6xecg47wwgpa3o745twmd6me4f7cp7etnosudaqy5naxj4y,0,218,25.157083000522107,2,52.85887501668185,True
seed_10001-clients_5-joint_dirichlet_0.3-submitted-random_weights-B7,metadata,bafkreifuzxccxuglddhrffwime3iitw2q7u3uiticuylw5dtwc5q2nz7kq,0,91,2.5991250295192003,2,38.89587498269975,True
seed_10001-clients_5-joint_dirichlet_0.3-submitted-random_weights-B7,bound_manifest,bafkreighpa5jt4qzo76kyc7towjxojwqr5cireywdn2odltn3dc3gldqua,0,340,17.70270796259865,2,45.30420800438151,True
seed_10001-clients_5-joint_dirichlet_0.3-submitted-random_weights-B7,proof,bafkreiczetwey4swrxkx2vflp7d5446picgsj7is5utizsuctpuenf6tce,0,757,18.077207962051034,2,43.12216700054705,True
seed_10001-clients_5-joint_dirichlet_0.3-submitted-random_weights-B7,public,bafkreif4jorcka4hxmdnl2qmi33anqjjd3c6ulntx7saaiafolvwewiere,0,308,18.098499975167215,2,48.8490000134334,True
seed_10001-clients_5-joint_dirichlet_0.3-submitted-random_weights-B7,submission_manifest,bafkreig565c5t6kubxgfrc2zxpxbsr4nxcf3sqjnizmjalhjeofal3gadm,0,544,24.13333300501108,2,58.13491600565612,True
seed_10001-clients_5-joint_dirichlet_0.3-submitted-random_weights-B7,model,bafkreid5atc6gr322m4dnilz6kdunmnp7imombyfzuk3rce53zto2w7vzi,1,2165,24.243042047601193,2,59.225291945040226,True
seed_10001-clients_5-joint_dirichlet_0.3-submitted-random_weights-B7,metrics,bafkreifxkd67vwf57an42eg6uzs6u3ejul7x4syoc6oo2jk5voxdyeohlu,1,224,21.271541016176343,2,59.09716698806733,True
seed_10001-clients_5-joint_dirichlet_0.3-submitted-random_weights-B7,metadata,bafkreiewk6zf35wsftpa3jn6l2pkgk6qzsww4vcvfbljsrgkpdkkzmhjzq,1,91,2.3133339709602296,2,39.61650002747774,True
seed_10001-clients_5-joint_dirichlet_0.3-submitted-random_weights-B7,bound_manifest,bafkreig2f2h4k6zenm6wm5ktjktpipka3kfe27cddmotlibwsrzyjcjete,1,340,20.422999979928136,2,59.722374950069934,True
seed_10001-clients_5-joint_dirichlet_0.3-submitted-random_weights-B7,proof,bafkreibxabwiagrdo26cm2m3xttaprtav5camm7slwgpwava43267tt6i4,1,761,20.25862503796816,2,47.47679200954735,True
seed_10001-clients_5-joint_dirichlet_0.3-submitted-random_weights-B7,public,bafkreia2nvlu5ip6dwmbehmq2lobdr3p7fd5nowclwwyvjmw3seuz26kb4,1,322,20.968041964806616,2,48.8930830033496,True
seed_10001-clients_5-joint_dirichlet_0.3-submitted-random_weights-B7,submission_manifest,bafkreid43xbfop6753vohvxphjxi4l25ae7xl5cx4tpvyvm5dk2gjeghuy,1,544,25.01104201655835,2,63.129208981990814,True
seed_10001-clients_5-joint_dirichlet_0.3-submitted-random_weights-B7,model,bafkreifjqvwnbqc6zdohbzcysliqyujfrxcosoz46brlt6u2t6qtxtfyja,2,2251,25.2257909742184,2,71.40233303653076,True
seed_10001-clients_5-joint_dirichlet_0.3-submitted-random_weights-B7,metrics,bafkreidrht76fbegapitwywjtzr5ewalsysweqtmt3e7gl3cttdbfu6dua,2,218,2.0912080071866512,2,37.826041982043535,True
seed_10001-clients_5-joint_dirichlet_0.3-submitted-random_weights-B7,metadata,bafkreiaimftgdtz44askvfbairrsnrwqtagisn2zf2jbfuwmaeyih3ix2m,2,91,2.229207952041179,2,31.771124980878085,True
seed_10001-clients_5-joint_dirichlet_0.3-submitted-random_weights-B7,bound_manifest,bafkreibkn3evhwckjm6rdblhecqjova2dhz7wjehfqiy3r2gku27ril2yi,2,340,22.06866699270904,2,52.71233298117295,True
seed_10001-clients_5-joint_dirichlet_0.3-submitted-random_weights-B7,proof,bafkreibdl4tf7sfjxkdicddkyjny5oia7hoa6oen5k5uakgwshjk36eyaa,2,154,2.1369169699028134,2,31.246708007529378,True
seed_10001-clients_5-joint_dirichlet_0.3-submitted-random_weights-B7,public,bafkreiebfnzx32wrkreqjrlgsisxy6gcwcxy5kxkmdj3a64t2rk7y4to2a,2,303,22.489333001431078,2,53.09366597793996,True
seed_10001-clients_5-joint_dirichlet_0.3-submitted-random_weights-B7,submission_manifest,bafkreidkvnjcmsay2jplujlgewgcvosxytogrj5t3t3t323tlmjkuadbay,2,545,21.27595798810944,2,56.433541991282254,True
seed_10001-clients_5-joint_dirichlet_0.3-submitted-random_weights-B7,model,bafkreihd7ocxr4vwmuwp5nizaej35fkxa4gbfoj5ozcvv2c5wbcjksyefi,3,2217,18.149999959859997,2,47.73266694974154,True
seed_10001-clients_5-joint_dirichlet_0.3-submitted-random_weights-B7,metrics,bafkreidyoofb4kon7kluxzt4beymrc7o2zfyn3stvzcdu3dxhss6mhaqsu,3,225,18.0970830260776,2,47.94837499503046,True
seed_10001-clients_5-joint_dirichlet_0.3-submitted-random_weights-B7,metadata,bafkreihjr3scpuwgf6hwibjgdt2csrbmlguqitr6ap5xzqb7uq5qartqti,3,91,0.7043330115266144,2,45.92591599794105,True
seed_10001-clients_5-joint_dirichlet_0.3-submitted-random_weights-B7,bound_manifest,bafkreifow4ug37vzctkb7cucflhpqk6yitpwt6x774b5oy252zht6nshdi,3,340,24.40566598670557,2,53.94570797216147,True
seed_10001-clients_5-joint_dirichlet_0.3-submitted-random_weights-B7,proof,bafkreiadv42o776jsdsmirzja2pudsasnezaspbs6e4fc5fukkd47xpa7m,3,150,23.552583996206522,2,51.025208027567714,True
seed_10001-clients_5-joint_dirichlet_0.3-submitted-random_weights-B7,public,bafkreic5bldtqz5tha7cuuw5brdwjli7gwysbuzdlwhnm37xpunkjh777a,3,323,21.99804101837799,2,52.78083303710446,True
seed_10001-clients_5-joint_dirichlet_0.3-submitted-random_weights-B7,submission_manifest,bafkreidtpg6sfu6gwfr6kj3pgttmi7zzgxdfp2s3ejs5s63trjeabbkztq,3,545,18.99612497072667,2,44.391624978743494,True
seed_10001-clients_5-joint_dirichlet_0.3-submitted-random_weights-B7,model,bafkreihaudh45lstxkfmq2mcljsqodr6k2gqgkalwfle52wdxi7w32myga,4,2074,18.141374981496483,2,46.66691704187542,True
seed_10001-clients_5-joint_dirichlet_0.3-submitted-random_weights-B7,metrics,bafkreifsrz2rkchhs5ibj47jqnnfjn22lzk4nwkkpqj4imi2ynbnzcq2sa,4,222,24.011500005144626,2,47.35379101475701,True
seed_10001-clients_5-joint_dirichlet_0.3-submitted-random_weights-B7,metadata,bafkreidwqrlhr3ykdjtel3lkhaoel6np5ov3rov3eccdldkwyhz7a5ivpu,4,91,2.6565840234979987,2,36.70483297901228,True
seed_10001-clients_5-joint_dirichlet_0.3-submitted-random_weights-B7,bound_manifest,bafkreia5xibb3hlureqqtgg2btvuugfdjfvql7dq7rsvw2ulrrendxmsea,4,340,22.543500002939254,2,44.36883295420557,True
seed_10001-clients_5-joint_dirichlet_0.3-submitted-random_weights-B7,proof,bafkreicgyuo7oxbyc7z5rn6ukm6kzhsyuzbhgbojd2gy2en46ywvcmjm6u,4,150,31.44733398221433,2,59.47891698451713,True
seed_10001-clients_5-joint_dirichlet_0.3-submitted-random_weights-B7,public,bafkreiaqlxkwnmpslvx5jwzxn5x4tlyojwwxjp2z6vln2qc3xy76zt6r6q,4,314,22.955583001021296,2,62.02041596407071,True
seed_10001-clients_5-joint_dirichlet_0.3-submitted-random_weights-B7,submission_manifest,bafkreifn2kildee7dlxlgog2hlpd2ciaq7vgtgxxvaef2bcdnbvnweaeeu,4,545,21.628416958265007,2,49.70283299917355,True
seed_10001-clients_5-joint_dirichlet_0.3-submitted-random_weights-B7,global_model,bafkreigpwvb3p4ugvbv3wvfpvbq767icv3sqjvdlpougt7istl5lllrtra,global,2051,22.80662499833852,2,49.424000026192516,True
seed_10001-clients_5-joint_dirichlet_0.3-submitted-random_weights-B7,report,bafkreieqydyw2wbrsjozif6vgmsncidhjvj5nfwcguucyrkmvtwukszotq,global,1826,18.32391700008884,2,48.362750036176294,True
seed_10001-clients_5-joint_dirichlet_0.3-submitted-random_weights-B7,model,bafkreicsg3tlah4oub6vy5sqvvfvefkuoyiagm7ypxzaljj2cvnirlbo3y,0,2009,1.468417001888156,3,29.54095898894593,True
seed_10001-clients_5-joint_dirichlet_0.3-submitted-random_weights-B7,metrics,bafkreias7qkq3zhqmueptxkiyvajpfrgwprb4gky7y262wegsss5rclyoq,0,220,21.736291993875057,3,48.943416972178966,True
seed_10001-clients_5-joint_dirichlet_0.3-submitted-random_weights-B7,metadata,bafkreibd3vdc5s2jakup2cxbdxswsczy3helinqofu2spa7bgsub3wkqgq,0,91,2.6980420225299895,3,29.569082951638848,True
seed_10001-clients_5-joint_dirichlet_0.3-submitted-random_weights-B7,bound_manifest,bafkreidicybuw4rdw25oew5f2g55jpb2wvzb6q7f4gin2phgkuihqk54u4,0,340,19.527124997694045,3,48.21325000375509,True
seed_10001-clients_5-joint_dirichlet_0.3-submitted-random_weights-B7,proof,bafkreiaq2dzfd25vma4gomxize7ykvokroy4xywqds6f7hca636raadzwi,0,760,18.115916987881064,3,52.28779203025624,True
seed_10001-clients_5-joint_dirichlet_0.3-submitted-random_weights-B7,public,bafkreiajmpze7qlnbo6lsfsqscxwizy6m4etzamiodrp23z7x53nyhf5bu,0,310,22.96674996614456,3,48.92070800997317,True
seed_10001-clients_5-joint_dirichlet_0.3-submitted-random_weights-B7,submission_manifest,bafkreidnzzalc2h24d7a6fou4ygcsta5jtkzcgdxqqirs4m3geylgkvfe4,0,544,20.243040984496474,3,50.927999953273684,True
seed_10001-clients_5-joint_dirichlet_0.3-submitted-random_weights-B7,model,bafkreifgwx2c7lnkadn5mgurxzd56cnnl5ovyto6frtrsbltfmpqebt73m,1,2043,18.216875032521784,3,47.17162495944649,True
seed_10001-clients_5-joint_dirichlet_0.3-submitted-random_weights-B7,metrics,bafkreicdbgb5ngzfxxx6gsvaepj3it2a66dmf5ej3wo7szimamfw6wz67e,1,225,17.4365839920938,3,43.60308399191126,True
seed_10001-clients_5-joint_dirichlet_0.3-submitted-random_weights-B7,metadata,bafkreihaem7bjnnfpp3wmvuupfka56zxqtozrtf6kd77bncedzs2rtvfum,1,91,2.0548750180751085,3,28.56491704005748,True
seed_10001-clients_5-joint_dirichlet_0.3-submitted-random_weights-B7,bound_manifest,bafkreiaygijg7sbli4ojznut64aftmj7omw67wpmm4bkfvucccvpla7vgi,1,340,17.22616597544402,3,45.85083300480619,True
seed_10001-clients_5-joint_dirichlet_0.3-submitted-random_weights-B7,proof,bafkreignwuiby6jlsdabnukprorpytjhhfndooavujixizegkvx4ojephm,1,137,22.10549998562783,3,43.800959014333785,True
seed_10001-clients_5-joint_dirichlet_0.3-submitted-random_weights-B7,public,bafkreid3m3zklo2gxhgcnne6wf73yaj3ygn5qucdkrwcbt6rtdmi45ui3a,1,322,17.841707973275334,3,45.88337504537776,True
seed_10001-clients_5-joint_dirichlet_0.3-submitted-random_weights-B7,submission_manifest,bafkreiaw7djic2m3lufcq7sjhwbzlwjxahjkernaogekuuowsuz7cifj64,1,545,22.102041984908283,3,61.896416009403765,True
seed_10001-clients_5-joint_dirichlet_0.3-submitted-random_weights-B7,model,bafkreigmxko6a4hc7j77lr4p4ku46j2guwrdomp6h65fajjrasczobpt74,2,2034,25.99908399861306,3,57.88316699909046,True
seed_10001-clients_5-joint_dirichlet_0.3-submitted-random_weights-B7,metrics,bafkreiact7emfoiqd6hayh7sfyq5xv2nlbmif2qphswpnocpk6xetsd7km,2,218,17.96995900804177,3,47.369582985993475,True
seed_10001-clients_5-joint_dirichlet_0.3-submitted-random_weights-B7,metadata,bafkreia2xz7yi4bonoimmsesuyxglm3nltrwh6plqjdgunsyhfsrq2ualq,2,91,2.222208015155047,3,29.930958000477403,True
seed_10001-clients_5-joint_dirichlet_0.3-submitted-random_weights-B7,bound_manifest,bafkreihh6hca3mipig3m6dzkufb3jz2pdray6ek6xm6brns6q67irh367a,2,340,19.481249968521297,3,46.76545795518905,True
seed_10001-clients_5-joint_dirichlet_0.3-submitted-random_weights-B7,proof,bafkreiewfknuqaubzuexqyuaohzt3taa42s2u4ft7pz5a3fgrkcmelaeoe,2,154,1.8541660392656922,3,27.836958004627377,True
seed_10001-clients_5-joint_dirichlet_0.3-submitted-random_weights-B7,public,bafkreihopueodhfdzgwhfii2gjsbpfsbwjen5axpvnvqkl56klitisjad4,2,303,20.7435839693062,3,52.08029202185571,True
seed_10001-clients_5-joint_dirichlet_0.3-submitted-random_weights-B7,submission_manifest,bafkreicbqcgfwjucg73bnj26tutgcs5vk7gofhxxsgvtofgtrfgdnaaeee,2,545,25.436166964937,3,47.36966697964817,True
seed_10001-clients_5-joint_dirichlet_0.3-submitted-random_weights-B7,model,bafkreicbv7zhyyaextkvhq7rvyeijg4udwolqrq2fiivoihs4bj24n7z6u,3,2029,19.632792042102665,3,49.861209001392126,True
seed_10001-clients_5-joint_dirichlet_0.3-submitted-random_weights-B7,metrics,bafkreifo5lwew77aroxqcbox3ugn4jxa3y4tfgcljnger6yonguhrgrdgu,3,224,21.123083017300814,3,44.01170898927376,True
seed_10001-clients_5-joint_dirichlet_0.3-submitted-random_weights-B7,metadata,bafkreid345tuvtzdgjl54fhr2ym64ybeelpqyo72eesstnomqnqjouwrf4,3,91,1.3327079941518605,3,32.678249990567565,True
seed_10001-clients_5-joint_dirichlet_0.3-submitted-random_weights-B7,bound_manifest,bafkreigxc3yc26ej5s4hfw73iro2uwv2dmejlnrltxcuwpaxjdjrnyfxv4,3,340,22.88574998965487,3,43.54241699911654,True
seed_10001-clients_5-joint_dirichlet_0.3-submitted-random_weights-B7,proof,bafkreiapxh7ysj5hms6ykzjkesinad4k3nsi23c6g4xeuql3l4lcexetdy,3,137,19.875083991792053,3,45.31900002621114,True
seed_10001-clients_5-joint_dirichlet_0.3-submitted-random_weights-B7,public,bafkreihq6fxlpjl7zuqnbkdl7ushyx54xbjwbqwd3ljx4gol6q75n3nqhy,3,321,19.16391699342057,3,47.19995899358764,True
seed_10001-clients_5-joint_dirichlet_0.3-submitted-random_weights-B7,submission_manifest,bafkreihzuwwuq44mxfbumfibv5364occovurd24qnrpdjqo5esrvnf54be,3,545,20.772125048097223,3,46.46824998781085,True
seed_10001-clients_5-joint_dirichlet_0.3-submitted-random_weights-B7,model,bafkreicdisx56lu37uiyg3lqvamqf4lp2fthhkppt6w4lsniak232dkuqm,4,2028,19.30608303518966,3,64.34537499444559,True
seed_10001-clients_5-joint_dirichlet_0.3-submitted-random_weights-B7,metrics,bafkreibgqi24iktzn7khscne4cnttjovjvstvmi3sfvcsdkqjhfr226lhu,4,222,23.02929200232029,3,55.590333009604365,True
seed_10001-clients_5-joint_dirichlet_0.3-submitted-random_weights-B7,metadata,bafkreieywl3zmegfk6uuhj7guzk5gl2mi2unbzxrzkfuafu6tnx7uammkq,4,91,2.494624990504235,3,32.823167042806745,True
seed_10001-clients_5-joint_dirichlet_0.3-submitted-random_weights-B7,bound_manifest,bafkreihpgokwzpqokhyzxvxweookd4bjp3ohdksemmes233pseukuhce3q,4,340,18.490791029762477,3,45.51587504101917,True
seed_10001-clients_5-joint_dirichlet_0.3-submitted-random_weights-B7,proof,bafkreiglnytnfl2tdifmcew2v2kvewjsr4pfvnbggvrur6slxqhvcwfmfy,4,758,21.91529201809317,3,43.5349170002155,True
seed_10001-clients_5-joint_dirichlet_0.3-submitted-random_weights-B7,public,bafkreihbajuzx7kjupab2wiivw3c3ibp2z73azbmfd4g5gyzsprofp5cia,4,314,19.150624983012676,3,49.99745899112895,True
seed_10001-clients_5-joint_dirichlet_0.3-submitted-random_weights-B7,submission_manifest,bafkreibcarjsq5bbih7gcszrdijkrryss53eu66hzvdjc3oxoltmh4v4zy,4,544,19.2822499666363,3,46.84199998155236,True
seed_10001-clients_5-joint_dirichlet_0.3-submitted-random_weights-B7,global_model,bafkreiddcfha5i77xmbmbobehwsprtojj3seiw3t7cg4no2v4q2vbbuwrm,global,2050,25.9657499846071,3,41.51125001953915,True
seed_10001-clients_5-joint_dirichlet_0.3-submitted-random_weights-B7,report,bafkreia2m5upzmj4xhlrx4lcoeunyyq627yn4zrev6blyge7qdnnjkikqy,global,1822,26.474500016774982,3,56.39099999098107,True
seed_10001-clients_5-joint_dirichlet_0.3-submitted-sign_flip-B4,model,bafkreigeyh5r2shyyljxvnovs6mmynvbkr4cl3st4ngmcmvflojusxwfb4,0,2204,22.096458997111768,1,45.98524997709319,True
seed_10001-clients_5-joint_dirichlet_0.3-submitted-sign_flip-B4,metrics,bafkreiagl5zs5dlur5j6dkrd4reuqwmaghxf72zd2zvhpo2wxm3x64ojda,0,213,0.6908340146765113,1,31.92687500268221,True
seed_10001-clients_5-joint_dirichlet_0.3-submitted-sign_flip-B4,metadata,bafkreif5np5h5ojvx7eplncbmufoqzv73yi6evzggwlqt4enfhb6cwsqxm,0,91,1.0172920301556587,1,31.954250007402152,True
seed_10001-clients_5-joint_dirichlet_0.3-submitted-sign_flip-B4,bound_manifest,bafkreibccwcrmr5sjtdnsjopjouu227ndr5ia4pmnuxr4ypnhpbd4tn6bu,0,340,17.21795799676329,1,55.78320799395442,True
seed_10001-clients_5-joint_dirichlet_0.3-submitted-sign_flip-B4,proof,bafkreigljuq2khwfkj5ajydhrrfs74yjm6kwiqaaaigi5lp5lnz73vjoj4,0,760,21.929459006059915,1,38.8588749920018,True
seed_10001-clients_5-joint_dirichlet_0.3-submitted-sign_flip-B4,public,bafkreiciraysreywudoe36qgquisq7gmys5dbrf2rv6cotzrpw7mz3n2ui,0,304,22.272542002610862,1,43.794625031296164,True
seed_10001-clients_5-joint_dirichlet_0.3-submitted-sign_flip-B4,submission_manifest,bafkreiczglg7w6rtzn5awwekfly3h2eclw66fdh2li7ugmd235xz353m2y,0,544,18.111166020389646,1,50.6771249929443,True
seed_10001-clients_5-joint_dirichlet_0.3-submitted-sign_flip-B4,model,bafkreihad5yl43jkaplk7otznk3ggjbq7sifwfchcdtt5zzrjl5hkvfala,1,2156,4.250750003848225,1,33.01283298060298,True
seed_10001-clients_5-joint_dirichlet_0.3-submitted-sign_flip-B4,metrics,bafkreieefl5ibmisfn5dkxgvj3unytdv36t5zpel5j35vjtjp3ajndztpi,1,222,2.3885000264272094,1,38.817625027149916,True
seed_10001-clients_5-joint_dirichlet_0.3-submitted-sign_flip-B4,metadata,bafkreihrcpq52g3n6phhnaad7jqgvtuvp4vepblbldxomtuh5jkvidezhi,1,91,4.092124989256263,1,33.39837503153831,True
seed_10001-clients_5-joint_dirichlet_0.3-submitted-sign_flip-B4,bound_manifest,bafkreih6dypowcfb325hfwfy2cu3blwbne5a274gnamui2zjl5bkrfvl2m,1,340,4.1092499741353095,1,33.690999960526824,True
seed_10001-clients_5-joint_dirichlet_0.3-submitted-sign_flip-B4,proof,bafkreigbgf373n337gyw7vlvqwkic7pr4jmdtietdeb6l4xa7zsrylonoy,1,757,21.165792015381157,1,45.329333981499076,True
seed_10001-clients_5-joint_dirichlet_0.3-submitted-sign_flip-B4,public,bafkreidi66is4avxgvzjtsnztta5jal2rkurgt6wnwvel5dsvqy6id3rmy,1,319,0.9531659889034927,1,32.89679199224338,True
seed_10001-clients_5-joint_dirichlet_0.3-submitted-sign_flip-B4,submission_manifest,bafkreifgdgqscjrnzekt2vslboaidvidzwd4cwmznwmrz7pyiki7urw4ce,1,544,29.818125010933727,1,57.26820800919086,True
seed_10001-clients_5-joint_dirichlet_0.3-submitted-sign_flip-B4,model,bafkreiccsllbn2biroz2lxagy3bd4lugpe3wtuw2xu2bzf32r2y2w6hifu,2,2162,1.6008749953471124,1,40.49395798938349,True
seed_10001-clients_5-joint_dirichlet_0.3-submitted-sign_flip-B4,metrics,bafkreie4tfb3iabzgalz4r75o5ciz7sih4wucgnjr5j2gm46gprajyomd4,2,218,1.345125027000904,1,43.06387499673292,True
seed_10001-clients_5-joint_dirichlet_0.3-submitted-sign_flip-B4,metadata,bafkreigw4u745o7q6bg4243os5fivsxszig5u7vduzlnse723bc5cbohry,2,91,1.742041960824281,1,35.771834023762494,True
seed_10001-clients_5-joint_dirichlet_0.3-submitted-sign_flip-B4,bound_manifest,bafkreifmeasgvbcxvvaqer7bvkc7cnga2obtm7ee4gifoegnfdvbptsjzi,2,340,4.163334029726684,1,37.29716601083055,True
seed_10001-clients_5-joint_dirichlet_0.3-submitted-sign_flip-B4,proof,bafkreiegzq32lhd2c5pdakwlhd2ubbi6bsyip25i4ddc6ghg7qrx2pxpt4,2,154,3.780666971579194,1,38.00954105099663,True
seed_10001-clients_5-joint_dirichlet_0.3-submitted-sign_flip-B4,public,bafkreiblhtmn55v4xdlmai7towi5pe46indloundiswlo3zyrtg3zmcx3a,2,303,2.610374998766929,1,41.65262501919642,True
seed_10001-clients_5-joint_dirichlet_0.3-submitted-sign_flip-B4,submission_manifest,bafkreihnj2p2htfp6grk2wuier4mdgxvrwane3ly7llatjzygxfyqxpgom,2,545,4.638249985873699,1,36.72183398157358,True
seed_10001-clients_5-joint_dirichlet_0.3-submitted-sign_flip-B4,model,bafkreieroyxwxa7frlewi7qff55kqposhngtsz5khewad4qxuhcwsioenq,3,2177,6.198458024300635,1,36.06754099018872,True
seed_10001-clients_5-joint_dirichlet_0.3-submitted-sign_flip-B4,metrics,bafkreih2dpqupqw3pkypynyyud3grvhkvgepl5viridikzqjb2bn7bctsa,3,225,1.3129169819876552,1,31.31866699550301,True
seed_10001-clients_5-joint_dirichlet_0.3-submitted-sign_flip-B4,metadata,bafkreiax4jcfngsmfx7ablyakljmi2imjjeke5wqnqj2yaez4wmj32ajsi,3,91,4.241334041580558,1,35.99854098865762,True
seed_10001-clients_5-joint_dirichlet_0.3-submitted-sign_flip-B4,bound_manifest,bafkreifegjyjxd4epa4dtucb4d6qxzbihtfphf5kiwxwbroksaxm7daytq,3,340,1.9787500496022403,1,36.33929102215916,True
seed_10001-clients_5-joint_dirichlet_0.3-submitted-sign_flip-B4,proof,bafkreih656j6asefrzzsjbdjx3xkcpn3bnzwm5wcnw422d7tlfobs3akze,3,150,2.229416975751519,1,39.885333040729165,True
seed_10001-clients_5-joint_dirichlet_0.3-submitted-sign_flip-B4,public,bafkreide534e45xwnt4yeupakzloso5mfvjjmpqdivlfcdhclnomiyoasy,3,321,4.5892500202171504,1,35.7826660037972,True
seed_10001-clients_5-joint_dirichlet_0.3-submitted-sign_flip-B4,submission_manifest,bafkreiai7pbueww5ag44a6ixvypxxtuv4536p5ciyuzqa5idnjpejpsbve,3,545,4.159333009738475,1,34.33600004063919,True
seed_10001-clients_5-joint_dirichlet_0.3-submitted-sign_flip-B4,model,bafkreigdqleqcexujuytjvsmb3ng6kzkxeadhmksn7jkvjli5kuxsfignq,4,2000,1.5642920043319464,1,42.151792033109814,True
seed_10001-clients_5-joint_dirichlet_0.3-submitted-sign_flip-B4,metrics,bafkreifo2wketab4hcvaho46uzo4bhgxklo5y6wzuxmm7ex3awknzbfl7q,4,222,4.764000012073666,1,31.429249967914075,True
seed_10001-clients_5-joint_dirichlet_0.3-submitted-sign_flip-B4,metadata,bafkreidlkbv47ak663est4aqpiylecbjckyhakdffitugczppalrbanbze,4,91,1.7830830183811486,1,41.6884160367772,True
seed_10001-clients_5-joint_dirichlet_0.3-submitted-sign_flip-B4,bound_manifest,bafkreihkgasbxmxkxfwdjqvr23n7gaw4rb3ysteyrlr3dlw3jtrgxoyscu,4,340,2.2817919962108135,1,32.69066702341661,True
seed_10001-clients_5-joint_dirichlet_0.3-submitted-sign_flip-B4,proof,bafkreibqosdq7abda5wwfgwmgyrmp2mr2kuudnfrfzcfvb4kc2ufsrwww4,4,758,22.15758297825232,1,52.345542004331946,True
seed_10001-clients_5-joint_dirichlet_0.3-submitted-sign_flip-B4,public,bafkreih4qcalejbxesufo3w26iyi4jmmdiz67efjpkj63wfaofknpdefri,4,314,0.6142079946585,1,31.799209013115615,True
seed_10001-clients_5-joint_dirichlet_0.3-submitted-sign_flip-B4,submission_manifest,bafkreigny6nejdmf2aasttkwebly5eq6ahvpvak5qqw64nicr5lcgwvjzi,4,544,20.215250027831644,1,53.977167000994086,True
seed_10001-clients_5-joint_dirichlet_0.3-submitted-sign_flip-B4,global_model,bafkreifl55k7zbgaup5aftrswnq5pkgcu4uhgawcvrkqdvigwe7wzsu2wm,global,2239,20.148209005128592,1,42.36583301099017,True
seed_10001-clients_5-joint_dirichlet_0.3-submitted-sign_flip-B4,report,bafkreieexqe2rc2xtvedq7eraorvhfk26pbndarsfbbmb4cofw7myvakje,global,1608,27.54362503765151,1,58.77587496070191,True
seed_10001-clients_5-joint_dirichlet_0.3-submitted-sign_flip-B4,model,bafkreicrccgbm5pyhzrdokd7yvqzcdnbmq4husa5d2iaq3nuh2x6zsqrkm,0,2251,24.61249998304993,2,57.49441700754687,True
seed_10001-clients_5-joint_dirichlet_0.3-submitted-sign_flip-B4,metrics,bafkreihhvk2em7zgtdbnyvaaw27aotie3ztobi6f5uiiyqwtbqt7tm2wse,0,218,24.363750009797513,2,59.7260000067763,True
seed_10001-clients_5-joint_dirichlet_0.3-submitted-sign_flip-B4,metadata,bafkreifuzxccxuglddhrffwime3iitw2q7u3uiticuylw5dtwc5q2nz7kq,0,91,1.7901670071296394,2,41.71366698574275,True
seed_10001-clients_5-joint_dirichlet_0.3-submitted-sign_flip-B4,bound_manifest,bafkreiek65okoqnlkfvdkkzzxzszferf2ej5crml3tvayyrgd7og4exlqe,0,340,19.059374986682087,2,72.44895800249651,True
seed_10001-clients_5-joint_dirichlet_0.3-submitted-sign_flip-B4,proof,bafkreid6t3peo7wahd56zy32zklhoanrakstzvorcuzehvkn2wyayhy6ci,0,759,24.68037500511855,2,47.4713749717921,True
seed_10001-clients_5-joint_dirichlet_0.3-submitted-sign_flip-B4,public,bafkreiaqsu7jwehug7l3brdr5a5g4pz5x6xf6xz2ub5e7pca7riqbb5aly,0,310,22.253541043028235,2,56.02841702057049,True
seed_10001-clients_5-joint_dirichlet_0.3-submitted-sign_flip-B4,submission_manifest,bafkreid2x6mp3di5wre4lc3sd2lu2ndto3bsbqmzop7dyp6aembmukgdtq,0,544,32.789999968372285,2,64.70433296635747,True
seed_10001-clients_5-joint_dirichlet_0.3-submitted-sign_flip-B4,model,bafkreidpu3mpndapgpd6rgxki63cda36xngqi2tpzfdlqiff7tw2ldq4t4,1,2225,21.355082979425788,2,54.31029200553894,True
seed_10001-clients_5-joint_dirichlet_0.3-submitted-sign_flip-B4,metrics,bafkreicysplc7llixk2rwzal6r4b6niutrqbttnz5hhg4qaw7l4qogp2ti,1,211,26.316750037949532,2,60.01399998785928,True
seed_10001-clients_5-joint_dirichlet_0.3-submitted-sign_flip-B4,metadata,bafkreiewk6zf35wsftpa3jn6l2pkgk6qzsww4vcvfbljsrgkpdkkzmhjzq,1,91,2.1051669609732926,2,38.172791013494134,True
seed_10001-clients_5-joint_dirichlet_0.3-submitted-sign_flip-B4,bound_manifest,bafkreiessqrijtgbkh5ezcfnezrwfknberaiesgoirl3kjnbwkqzafw2b4,1,340,24.309000000357628,2,61.656666977796704,True
seed_10001-clients_5-joint_dirichlet_0.3-submitted-sign_flip-B4,proof,bafkreiedbzasyypxg772s5qvbxas6jqczzaupwteiqn4dchfmzxoz6ldgy,1,137,31.208958011120558,2,60.4970840504393,True
seed_10001-clients_5-joint_dirichlet_0.3-submitted-sign_flip-B4,public,bafkreiaury4ascmn4dq3nydgf76t3hrcsbjembfgg2277ngdnkgjt5tn4a,1,307,20.164583052974194,2,72.64154200674966,True
seed_10001-clients_5-joint_dirichlet_0.3-submitted-sign_flip-B4,submission_manifest,bafkreiav5kvwlr5x6jpbil3otkxx37sxbqbgymghaq46pkysrcw3cgelvm,1,545,19.589458010159433,2,68.4216670342721,True
seed_10001-clients_5-joint_dirichlet_0.3-submitted-sign_flip-B4,model,bafkreigjsm3pdynu2nqomnob6yz7irqvzsyplowgqiqviear3w6c5s5lyq,2,2297,30.722833005711436,2,59.96908398810774,True
seed_10001-clients_5-joint_dirichlet_0.3-submitted-sign_flip-B4,metrics,bafkreiejbaus6xtb7vpu5wt6w7qdxanhtnz7k2uwghpqnbtjoijvaou6au,2,218,2.517124987207353,2,45.56404199684039,True
seed_10001-clients_5-joint_dirichlet_0.3-submitted-sign_flip-B4,metadata,bafkreiaimftgdtz44askvfbairrsnrwqtagisn2zf2jbfuwmaeyih3ix2m,2,91,2.369375026319176,2,44.411208014935255,True
seed_10001-clients_5-joint_dirichlet_0.3-submitted-sign_flip-B4,bound_manifest,bafkreiar4c7y2sq5echlod6ntvezlrtsniwrujtx5iqbn3inpsflsvf2iy,2,340,20.228207984473556,2,54.87375002121553,True
seed_10001-clients_5-joint_dirichlet_0.3-submitted-sign_flip-B4,proof,bafkreibdl4tf7sfjxkdicddkyjny5oia7hoa6oen5k5uakgwshjk36eyaa,2,154,1.9890410476364195,2,28.33233296405524,True
seed_10001-clients_5-joint_dirichlet_0.3-submitted-sign_flip-B4,public,bafkreiclhxdkwsebwrjkxwwpom2khhr7ait7ruwctxazjoy5lshabmgoea,2,303,23.760957992635667,2,47.684499993920326,True
seed_10001-clients_5-joint_dirichlet_0.3-submitted-sign_flip-B4,submission_manifest,bafkreiftzby4edav4xct64tll4iw7eklymy3lfk5qijtgr3g4tbiogctsi,2,545,18.630625039804727,2,55.503415991552174,True
seed_10001-clients_5-joint_dirichlet_0.3-submitted-sign_flip-B4,model,bafkreifdqukznk2t7vhnq6vwpanm7d5zapbqk5epy2z2xocgixvqpdyiqe,3,2227,25.595709041226655,2,46.42458300804719,True
seed_10001-clients_5-joint_dirichlet_0.3-submitted-sign_flip-B4,metrics,bafkreig6l6ndj7pfqumjla2tzbkwelqixyqowuw2yhwwb44spt3gey5ssy,3,217,18.368625023867935,2,64.03133296407759,True
seed_10001-clients_5-joint_dirichlet_0.3-submitted-sign_flip-B4,metadata,bafkreihjr3scpuwgf6hwibjgdt2csrbmlguqitr6ap5xzqb7uq5qartqti,3,91,2.2639589733444154,2,31.09658299945295,True
seed_10001-clients_5-joint_dirichlet_0.3-submitted-sign_flip-B4,bound_manifest,bafkreidj6okrlpoarq3k2e7yr7joqf67y5gqhx442ckpemjcvxc3y2lh5q,3,340,20.119791966862977,2,53.4315420081839,True
seed_10001-clients_5-joint_dirichlet_0.3-submitted-sign_flip-B4,proof,bafkreichh5q3chdknhbbgzhudy2aioazunyo5ts7nxb6eny4obtxnkdk2m,3,756,24.153249978553504,2,49.555999983567744,True
seed_10001-clients_5-joint_dirichlet_0.3-submitted-sign_flip-B4,public,bafkreibifszdzlrpm5aimuc7vgxkboc4dsfl7fzf5irdigr5q2h47r2ycm,3,314,22.24983397172764,2,51.803375012241304,True
seed_10001-clients_5-joint_dirichlet_0.3-submitted-sign_flip-B4,submission_manifest,bafkreicw4jpumlhkkzxjb3yqjchk5xdysiztrzxvuwqmdjotgam5xpteh4,3,544,24.861000012606382,2,53.968208958394825,True
seed_10001-clients_5-joint_dirichlet_0.3-submitted-sign_flip-B4,model,bafkreiepykamnn7i445qdwmryuum4qx36tbszobqxqpbt5ypsckk4k7m54,4,2254,22.568208980374038,2,55.041874991729856,True
seed_10001-clients_5-joint_dirichlet_0.3-submitted-sign_flip-B4,metrics,bafkreidbp5xxuuquvgzknec4ic25bvyijfioghhajl4dqsw7tr5tohvxba,4,221,20.377625012770295,2,53.62754099769518,True
seed_10001-clients_5-joint_dirichlet_0.3-submitted-sign_flip-B4,metadata,bafkreidwqrlhr3ykdjtel3lkhaoel6np5ov3rov3eccdldkwyhz7a5ivpu,4,91,2.1057090489193797,2,28.43641594517976,True
seed_10001-clients_5-joint_dirichlet_0.3-submitted-sign_flip-B4,bound_manifest,bafkreiginwb6ijf4gx5dkjnaadiw3dpu2tmzphluw4rlpw7erls2fuz3xm,4,340,25.468083971645683,2,55.915582983288914,True
seed_10001-clients_5-joint_dirichlet_0.3-submitted-sign_flip-B4,proof,bafkreid6tzkapvkzyr65xb5ohufxpbl2uoap5lyz6rbij4l3elkdojjlhe,4,137,24.565958010498434,2,48.13254199689254,True
seed_10001-clients_5-joint_dirichlet_0.3-submitted-sign_flip-B4,public,bafkreie3hetgt6rr6vvbuzzgplzofaoutz4m3wppopskdf7n7hzlrpi7we,4,310,26.354625006206334,2,58.49870800739154,True
seed_10001-clients_5-joint_dirichlet_0.3-submitted-sign_flip-B4,submission_manifest,bafkreie4pawcbhllypb4ja5bkvyfqfmq7cmrn3tfi3aupingj3xdt5dsba,4,545,26.296583004295826,2,54.76608296157792,True
seed_10001-clients_5-joint_dirichlet_0.3-submitted-sign_flip-B4,global_model,bafkreidgh7vweopd5afh4y4bbp5mglarxddg5m64yb2rxwmxmg4bip6r7i,global,2227,23.85262498864904,2,55.037375015672296,True
seed_10001-clients_5-joint_dirichlet_0.3-submitted-sign_flip-B4,report,bafkreie3dnkyps7cw7hu33bvbe65gavk3p2ja2dgrh2hnjqcsesxjqmhsa,global,1604,25.712208007462323,2,55.46466598752886,True
seed_10001-clients_5-joint_dirichlet_0.3-submitted-sign_flip-B4,model,bafkreibxt7ygl4rz5aasflzhudc533zepd5btsxjbm4wslswkteuijgji4,0,2227,28.99575000628829,3,54.53279195353389,True
seed_10001-clients_5-joint_dirichlet_0.3-submitted-sign_flip-B4,metrics,bafkreiamvnv7zua3yc7o735kxlelma6zkmqtwkxawmko6x7nc63lyc2t5a,0,216,25.525207980535924,3,67.31891597155482,True
seed_10001-clients_5-joint_dirichlet_0.3-submitted-sign_flip-B4,metadata,bafkreibd3vdc5s2jakup2cxbdxswsczy3helinqofu2spa7bgsub3wkqgq,0,91,2.8801249573007226,3,35.84062500158325,True
seed_10001-clients_5-joint_dirichlet_0.3-submitted-sign_flip-B4,bound_manifest,bafkreieumx45wwvdpccz7tpgjlbmbm5igzbgczcxawlp6oszu2kxxfv4s4,0,340,23.48654199158773,3,62.70745903020725,True
seed_10001-clients_5-joint_dirichlet_0.3-submitted-sign_flip-B4,proof,bafkreicfuq3qvpxv43lu6hkvo3ulihkfzpxlygm2lvd3ccqg2jm5uramwi,0,756,25.14149999478832,3,57.309583004098386,True
seed_10001-clients_5-joint_dirichlet_0.3-submitted-sign_flip-B4,public,bafkreiacdfictp6wvnknovupr4yrrbukp5ozmk4l5mlfdphoy3vqgpf6f4,0,306,24.061332980636507,3,53.027625021059066,True
seed_10001-clients_5-joint_dirichlet_0.3-submitted-sign_flip-B4,submission_manifest,bafkreie3dvb6c6rnozlqfkmgtdld6jmhxldsnypaf7neneiqgw65rzvjnq,0,544,26.842375053092837,3,60.935707995668054,True
seed_10001-clients_5-joint_dirichlet_0.3-submitted-sign_flip-B4,model,bafkreiaa64zmluw5dv4ojf3upoiaiy4kojzbq2qnbhmexqgurcuppl5ita,1,2250,27.07749995170161,3,52.11037502158433,True
seed_10001-clients_5-joint_dirichlet_0.3-submitted-sign_flip-B4,metrics,bafkreih6resmcigbrywtxh7flh7vz4u3ffequmzuispt32q27vvgx5wnn4,1,211,23.01220898516476,3,68.86833399767056,True
seed_10001-clients_5-joint_dirichlet_0.3-submitted-sign_flip-B4,metadata,bafkreihaem7bjnnfpp3wmvuupfka56zxqtozrtf6kd77bncedzs2rtvfum,1,91,2.7873750077560544,3,36.051083996426314,True
seed_10001-clients_5-joint_dirichlet_0.3-submitted-sign_flip-B4,bound_manifest,bafkreietfh6pcmoqrqye5uns6n3nt5hodrohlzucizpenbzrcnrqsajn4q,1,340,24.21470795525238,3,53.64454200025648,True
seed_10001-clients_5-joint_dirichlet_0.3-submitted-sign_flip-B4,proof,bafkreic4gi5cbwbjjpqk2t5jehv2tpu4jfr2rxtz6fugbfvqpmi6qr5ao4,1,137,26.481500011868775,3,63.56770801357925,True
seed_10001-clients_5-joint_dirichlet_0.3-submitted-sign_flip-B4,public,bafkreidqn6wm3bs7x37p5bqwgfuujxeqfidrx56dpsq35altm3oulkwyfy,1,306,23.397084034513682,3,56.33637501159683,True
seed_10001-clients_5-joint_dirichlet_0.3-submitted-sign_flip-B4,submission_manifest,bafkreigwpaz65o7bjnfj4iijklh2h2q65xj2vu6je66lhegw6s265idpnm,1,545,24.398375011514872,3,58.52037499425933,True
seed_10001-clients_5-joint_dirichlet_0.3-submitted-sign_flip-B4,model,bafkreietj4tqadf4jbif3wem5wytuabokkqe5gpd6oo4q6oawc3kezht7u,2,2308,19.219292036723346,3,68.42516595497727,True
seed_10001-clients_5-joint_dirichlet_0.3-submitted-sign_flip-B4,metrics,bafkreihhroctavcty6lsvc56zvxw2sm2xt6lwjzcw2djnusryfjf534yki,2,218,4.259083012584597,3,32.08983299555257,True
seed_10001-clients_5-joint_dirichlet_0.3-submitted-sign_flip-B4,metadata,bafkreia2xz7yi4bonoimmsesuyxglm3nltrwh6plqjdgunsyhfsrq2ualq,2,91,1.9653339986689389,3,36.4909169729799,True
seed_10001-clients_5-joint_dirichlet_0.3-submitted-sign_flip-B4,bound_manifest,bafkreigdvsg6b7y26jxnij4knhvizwnmlftxbkalokd25fhjznyb6xmpia,2,340,22.727125033270568,3,65.8884160220623,True
seed_10001-clients_5-joint_dirichlet_0.3-submitted-sign_flip-B4,proof,bafkreiewfknuqaubzuexqyuaohzt3taa42s2u4ft7pz5a3fgrkcmelaeoe,2,154,0.8075000368990004,3,38.95983303664252,True
seed_10001-clients_5-joint_dirichlet_0.3-submitted-sign_flip-B4,public,bafkreiaflhopiqd7tfuopl4wvk45cunn4v7eswmicx2e35ooipeagaptgm,2,302,17.17645797180012,3,40.76241696020588,True
seed_10001-clients_5-joint_dirichlet_0.3-submitted-sign_flip-B4,submission_manifest,bafkreigk7hvtoitxkxnvoxljvnpg6qrxeszwp2jdqqf3pybhoqhurtzyei,2,545,27.104957960546017,3,64.83975000446662,True
seed_10001-clients_5-joint_dirichlet_0.3-submitted-sign_flip-B4,model,bafkreiclqjmz3vc3gkfe5vk2ldmkh54qpbiomiyxxu6xcg7fu7vvz62454,3,2242,20.256749994587153,3,55.849583994131535,True
seed_10001-clients_5-joint_dirichlet_0.3-submitted-sign_flip-B4,metrics,bafkreibmazbhgljonvfkafn6xd6xcawd2w3qw7gdqj3ze4kl6n4w5oarxq,3,222,22.740415995940566,3,45.306290965527296,True
seed_10001-clients_5-joint_dirichlet_0.3-submitted-sign_flip-B4,metadata,bafkreid345tuvtzdgjl54fhr2ym64ybeelpqyo72eesstnomqnqjouwrf4,3,91,1.115625025704503,3,29.818500042892992,True
seed_10001-clients_5-joint_dirichlet_0.3-submitted-sign_flip-B4,bound_manifest,bafkreifam767j7yfrv5ruqo2yfy3zfrcuximjropw7soa6ezqdh2imwjt4,3,340,22.661458991933614,3,58.341541967820376,True
seed_10001-clients_5-joint_dirichlet_0.3-submitted-sign_flip-B4,proof,bafkreiec4mrgotoisjtwtqt2y7xhgyro4ycip374j4ahhpsaur75k3nwa4,3,759,24.042500008363277,3,48.27458399813622,True
seed_10001-clients_5-joint_dirichlet_0.3-submitted-sign_flip-B4,public,bafkreibs3v623flqhonwccowg4wsvp55dv35oxpbgqdg2w7juiwbwrbiuq,3,319,17.889250011648983,3,50.13070901622996,True
seed_10001-clients_5-joint_dirichlet_0.3-submitted-sign_flip-B4,submission_manifest,bafkreib6dxpw6dhjey3m33c35bydgbhhbt52fefuiu7gxfe2t6lihjnfuy,3,544,21.151957975234836,3,52.869124978315085,True
seed_10001-clients_5-joint_dirichlet_0.3-submitted-sign_flip-B4,model,bafkreibjqvjltz3v5hieza2diydlsvyqay7c4qbhkdzvlkfooh7ogmkaq4,4,2269,27.02208299888298,3,52.42116696899757,True
seed_10001-clients_5-joint_dirichlet_0.3-submitted-sign_flip-B4,metrics,bafkreiayazjc5mmoh4p6pithilamjb5x6r2z6gmkvfen6mot4ksfwvbtra,4,222,20.292584027629346,3,55.17920898273587,True
seed_10001-clients_5-joint_dirichlet_0.3-submitted-sign_flip-B4,metadata,bafkreieywl3zmegfk6uuhj7guzk5gl2mi2unbzxrzkfuafu6tnx7uammkq,4,91,1.7302079941146076,3,42.89758304366842,True
seed_10001-clients_5-joint_dirichlet_0.3-submitted-sign_flip-B4,bound_manifest,bafkreigxscln5kr63vc2lkq36lzmljtb6xga2mxzkilhtwcn4zitsabyh4,4,340,25.256499997340143,3,58.227166009601206,True
seed_10001-clients_5-joint_dirichlet_0.3-submitted-sign_flip-B4,proof,bafkreieigg7e64cn7t6r4kqdsshn6cl23q7t3gme6srr5bu3emia4jd52i,4,198,24.248333007562906,3,55.25570799363777,True
seed_10001-clients_5-joint_dirichlet_0.3-submitted-sign_flip-B4,public,bafkreiak7ametqkbjntjtnowl5kv7ln6buh47sgciwphkpkxvuue7d6z4a,4,313,26.603291975334287,3,57.38987500080839,True
seed_10001-clients_5-joint_dirichlet_0.3-submitted-sign_flip-B4,submission_manifest,bafkreieqlai32qyamg4dntemhp3ab7aps3jrryp5c4cl3wpqt3fkrdymi4,4,545,26.221458974760026,3,56.536209012847394,True
seed_10001-clients_5-joint_dirichlet_0.3-submitted-sign_flip-B4,global_model,bafkreia55hq2vdjgshm3ir45nyg6cxlueexmleyjk5g2btysshqcknkocu,global,2230,26.32345794700086,3,52.16816603206098,True
seed_10001-clients_5-joint_dirichlet_0.3-submitted-sign_flip-B4,report,bafkreidl3adawr2rkw7simfptggy5jzhokz4cy25pcodskyjlb26norod4,global,1604,24.820208025630563,3,62.996833003126085,True
seed_10001-clients_5-joint_dirichlet_0.3-submitted-sign_flip-B7,model,bafkreigeyh5r2shyyljxvnovs6mmynvbkr4cl3st4ngmcmvflojusxwfb4,0,2204,0.7186249713413417,1,32.513000012841076,True
seed_10001-clients_5-joint_dirichlet_0.3-submitted-sign_flip-B7,metrics,bafkreiagl5zs5dlur5j6dkrd4reuqwmaghxf72zd2zvhpo2wxm3x64ojda,0,213,0.7349579827859998,1,37.02637495007366,True
seed_10001-clients_5-joint_dirichlet_0.3-submitted-sign_flip-B7,metadata,bafkreif5np5h5ojvx7eplncbmufoqzv73yi6evzggwlqt4enfhb6cwsqxm,0,91,0.7754169637337327,1,39.16204196866602,True
seed_10001-clients_5-joint_dirichlet_0.3-submitted-sign_flip-B7,bound_manifest,bafkreibccwcrmr5sjtdnsjopjouu227ndr5ia4pmnuxr4ypnhpbd4tn6bu,0,340,1.1012079776264727,1,39.89141702186316,True
seed_10001-clients_5-joint_dirichlet_0.3-submitted-sign_flip-B7,proof,bafkreib5g6wlwravx65gojwuz4zisr33ifv7iwoj4wrqsx6lvjjbhzjyka,0,754,21.986041974741966,1,44.17187499348074,True
seed_10001-clients_5-joint_dirichlet_0.3-submitted-sign_flip-B7,public,bafkreiciraysreywudoe36qgquisq7gmys5dbrf2rv6cotzrpw7mz3n2ui,0,304,0.7996659842319787,1,32.062584010418504,True
seed_10001-clients_5-joint_dirichlet_0.3-submitted-sign_flip-B7,submission_manifest,bafkreihkumxh3jgtrrijtg2i3k44cpb4tj4zdu5atpeekoorllbu6vmjq4,0,544,23.005084018222988,1,54.08249999163672,True
seed_10001-clients_5-joint_dirichlet_0.3-submitted-sign_flip-B7,model,bafkreihad5yl43jkaplk7otznk3ggjbq7sifwfchcdtt5zzrjl5hkvfala,1,2156,1.0492080473341048,1,30.69150005467236,True
seed_10001-clients_5-joint_dirichlet_0.3-submitted-sign_flip-B7,metrics,bafkreieefl5ibmisfn5dkxgvj3unytdv36t5zpel5j35vjtjp3ajndztpi,1,222,2.170916006434709,1,34.314208023715764,True
seed_10001-clients_5-joint_dirichlet_0.3-submitted-sign_flip-B7,metadata,bafkreihrcpq52g3n6phhnaad7jqgvtuvp4vepblbldxomtuh5jkvidezhi,1,91,1.8646660028025508,1,37.60066698305309,True
seed_10001-clients_5-joint_dirichlet_0.3-submitted-sign_flip-B7,bound_manifest,bafkreih6dypowcfb325hfwfy2cu3blwbne5a274gnamui2zjl5bkrfvl2m,1,340,2.2192500182427466,1,36.72533400822431,True
seed_10001-clients_5-joint_dirichlet_0.3-submitted-sign_flip-B7,proof,bafkreigd7stcywtqd3msp463jtxw5lxxpoxzltl72ln6s5pffsdoext6ka,1,758,22.118708002381027,1,56.8940420052968,True
seed_10001-clients_5-joint_dirichlet_0.3-submitted-sign_flip-B7,public,bafkreidi66is4avxgvzjtsnztta5jal2rkurgt6wnwvel5dsvqy6id3rmy,1,319,0.7289579953067005,1,32.79295802349225,True
seed_10001-clients_5-joint_dirichlet_0.3-submitted-sign_flip-B7,submission_manifest,bafkreihqofp56ipamthfpf7vofq565xr6e6udtktweelrlkkyr5bxxntti,1,544,25.64362494740635,1,64.88024996360764,True
seed_10001-clients_5-joint_dirichlet_0.3-submitted-sign_flip-B7,model,bafkreiccsllbn2biroz2lxagy3bd4lugpe3wtuw2xu2bzf32r2y2w6hifu,2,2162,1.733749988488853,1,31.0252089984715,True
seed_10001-clients_5-joint_dirichlet_0.3-submitted-sign_flip-B7,metrics,bafkreie4tfb3iabzgalz4r75o5ciz7sih4wucgnjr5j2gm46gprajyomd4,2,218,2.028249960858375,1,28.77912495750934,True
seed_10001-clients_5-joint_dirichlet_0.3-submitted-sign_flip-B7,metadata,bafkreigw4u745o7q6bg4243os5fivsxszig5u7vduzlnse723bc5cbohry,2,91,1.6040000482462347,1,28.647375002037734,True
seed_10001-clients_5-joint_dirichlet_0.3-submitted-sign_flip-B7,bound_manifest,bafkreifmeasgvbcxvvaqer7bvkc7cnga2obtm7ee4gifoegnfdvbptsjzi,2,340,1.976999978069216,1,32.45554200839251,True
seed_10001-clients_5-joint_dirichlet_0.3-submitted-sign_flip-B7,proof,bafkreiegzq32lhd2c5pdakwlhd2ubbi6bsyip25i4ddc6ghg7qrx2pxpt4,2,154,2.1093329996801913,1,32.67270897049457,True
seed_10001-clients_5-joint_dirichlet_0.3-submitted-sign_flip-B7,public,bafkreiblhtmn55v4xdlmai7towi5pe46indloundiswlo3zyrtg3zmcx3a,2,303,1.9901670166291296,1,34.94229097850621,True
seed_10001-clients_5-joint_dirichlet_0.3-submitted-sign_flip-B7,submission_manifest,bafkreihnj2p2htfp6grk2wuier4mdgxvrwane3ly7llatjzygxfyqxpgom,2,545,2.559708955232054,1,34.0860839933157,True
seed_10001-clients_5-joint_dirichlet_0.3-submitted-sign_flip-B7,model,bafkreieroyxwxa7frlewi7qff55kqposhngtsz5khewad4qxuhcwsioenq,3,2177,2.2303329897113144,1,31.974750047083944,True
seed_10001-clients_5-joint_dirichlet_0.3-submitted-sign_flip-B7,metrics,bafkreih2dpqupqw3pkypynyyud3grvhkvgepl5viridikzqjb2bn7bctsa,3,225,2.1802919800393283,1,32.534665951970965,True
seed_10001-clients_5-joint_dirichlet_0.3-submitted-sign_flip-B7,metadata,bafkreiax4jcfngsmfx7ablyakljmi2imjjeke5wqnqj2yaez4wmj32ajsi,3,91,1.9324589520692825,1,35.828249994665384,True
seed_10001-clients_5-joint_dirichlet_0.3-submitted-sign_flip-B7,bound_manifest,bafkreifegjyjxd4epa4dtucb4d6qxzbihtfphf5kiwxwbroksaxm7daytq,3,340,2.3299999884329736,1,34.58400000818074,True
seed_10001-clients_5-joint_dirichlet_0.3-submitted-sign_flip-B7,proof,bafkreih656j6asefrzzsjbdjx3xkcpn3bnzwm5wcnw422d7tlfobs3akze,3,150,1.9492920255288482,1,39.32912496384233,True
seed_10001-clients_5-joint_dirichlet_0.3-submitted-sign_flip-B7,public,bafkreide534e45xwnt4yeupakzloso5mfvjjmpqdivlfcdhclnomiyoasy,3,321,2.5602499954402447,1,37.509166984818876,True
seed_10001-clients_5-joint_dirichlet_0.3-submitted-sign_flip-B7,submission_manifest,bafkreiai7pbueww5ag44a6ixvypxxtuv4536p5ciyuzqa5idnjpejpsbve,3,545,2.6285829953849316,1,42.055666039232165,True
seed_10001-clients_5-joint_dirichlet_0.3-submitted-sign_flip-B7,model,bafkreigdqleqcexujuytjvsmb3ng6kzkxeadhmksn7jkvjli5kuxsfignq,4,2000,2.105165971443057,1,44.39879202982411,True
seed_10001-clients_5-joint_dirichlet_0.3-submitted-sign_flip-B7,metrics,bafkreifo2wketab4hcvaho46uzo4bhgxklo5y6wzuxmm7ex3awknzbfl7q,4,222,3.107166034169495,1,37.0307500124909,True
seed_10001-clients_5-joint_dirichlet_0.3-submitted-sign_flip-B7,metadata,bafkreidlkbv47ak663est4aqpiylecbjckyhakdffitugczppalrbanbze,4,91,1.1541249696165323,1,33.65666599711403,True
seed_10001-clients_5-joint_dirichlet_0.3-submitted-sign_flip-B7,bound_manifest,bafkreihkgasbxmxkxfwdjqvr23n7gaw4rb3ysteyrlr3dlw3jtrgxoyscu,4,340,1.1782920337282121,1,31.711791001725942,True
seed_10001-clients_5-joint_dirichlet_0.3-submitted-sign_flip-B7,proof,bafkreigywzp3tdyk7dkhgetjxgddpktjka4qaaixllamn6asy6tpmu3qi4,4,757,22.093834006227553,1,44.61020900635049,True
seed_10001-clients_5-joint_dirichlet_0.3-submitted-sign_flip-B7,public,bafkreih4qcalejbxesufo3w26iyi4jmmdiz67efjpkj63wfaofknpdefri,4,314,0.6939159939065576,1,27.968375012278557,True
seed_10001-clients_5-joint_dirichlet_0.3-submitted-sign_flip-B7,submission_manifest,bafkreigvdpk7ta36iymhvu63stjuobcznutfnm6ijqjnj4bf34cjhvae7m,4,544,22.01954199699685,1,45.898000011220574,True
seed_10001-clients_5-joint_dirichlet_0.3-submitted-sign_flip-B7,global_model,bafkreicw6ks53hdjsfthga4ygyl5mcjfubfnajwg4jhsjeetmqe75pwefa,global,2079,22.161624976433814,1,40.281416033394635,True
seed_10001-clients_5-joint_dirichlet_0.3-submitted-sign_flip-B7,report,bafkreib7twwokqv5eivxepfap532apxmykca2npdjz2f4cbsnyzfskpfla,global,1829,27.52245799638331,1,52.0946669857949,True
seed_10001-clients_5-joint_dirichlet_0.3-submitted-sign_flip-B7,model,bafkreihtgsroqegsad63ubf3dtb2ycja4vjdgndiy5wyoqjhw5kxzxs2de,0,2196,17.134334018919617,2,39.94620800949633,True
seed_10001-clients_5-joint_dirichlet_0.3-submitted-sign_flip-B7,metrics,bafkreiewtyh2i7lwqlzp6bh3nm3ogqbioi4cxemfqfgqzugohxw4ibjevu,0,218,20.764833025168628,2,63.224832993000746,True
seed_10001-clients_5-joint_dirichlet_0.3-submitted-sign_flip-B7,metadata,bafkreifuzxccxuglddhrffwime3iitw2q7u3uiticuylw5dtwc5q2nz7kq,0,91,1.3646670267917216,2,36.55058302683756,True
seed_10001-clients_5-joint_dirichlet_0.3-submitted-sign_flip-B7,bound_manifest,bafkreicr3jokm4owpcbbqrm3ngz6kfcf6lhrpxerevmau6wt6s2r7qhpkq,0,340,20.17966698622331,2,56.34837504476309,True
seed_10001-clients_5-joint_dirichlet_0.3-submitted-sign_flip-B7,proof,bafkreiae54jniolkqtwjuowsle4ubjkzp2orha3za3dfl5whfytw73cvhq,0,758,21.884916990529746,2,45.040166995022446,True
seed_10001-clients_5-joint_dirichlet_0.3-submitted-sign_flip-B7,public,bafkreieaglnrvxtibkrge34zgn4hnsblesq2kht27ecdw5z2z76vwyb4hq,0,309,19.206332974135876,2,59.84062497736886,True
seed_10001-clients_5-joint_dirichlet_0.3-submitted-sign_flip-B7,submission_manifest,bafkreiayfhq5ywdmw6gk4i4a4i4cc34gs5loqpzwhmvulnh4ebuyl7odmi,0,544,23.827083001378924,2,60.97404100000858,True
seed_10001-clients_5-joint_dirichlet_0.3-submitted-sign_flip-B7,model,bafkreia3bz3ubvrfmyt2b2j2arr3vktaynh4zy3mwvk2vy3knwyuivcdf4,1,2148,21.44904196029529,2,57.25545797031373,True
seed_10001-clients_5-joint_dirichlet_0.3-submitted-sign_flip-B7,metrics,bafkreidwultoxwxipi3ouoyu5tymnhyc4hvczrudeckysnotykoe564wmm,1,223,17.323292035143822,2,51.27475003246218,True
seed_10001-clients_5-joint_dirichlet_0.3-submitted-sign_flip-B7,metadata,bafkreiewk6zf35wsftpa3jn6l2pkgk6qzsww4vcvfbljsrgkpdkkzmhjzq,1,91,2.466415986418724,2,36.563250003382564,True
seed_10001-clients_5-joint_dirichlet_0.3-submitted-sign_flip-B7,bound_manifest,bafkreiemlqoe3ogogq6bl56h4aclddgtjkwcw46oiwzoqps7sp2vggzbli,1,340,28.99970900034532,2,59.23149996669963,True
seed_10001-clients_5-joint_dirichlet_0.3-submitted-sign_flip-B7,proof,bafkreic2rcucl32u56xydgzt3chraodiizercl6nh5vtsogzic223dcqja,1,760,22.274125018157065,2,45.44716596137732,True
seed_10001-clients_5-joint_dirichlet_0.3-submitted-sign_flip-B7,public,bafkreidckqjb36d2y4fsbx455vls5drgoqa3xrsclr7tq4pm6zckn5d7aa,1,320,32.15287497732788,2,70.89199998881668,True
seed_10001-clients_5-joint_dirichlet_0.3-submitted-sign_flip-B7,submission_manifest,bafkreiccymi7llfqsdzpb45panr53aquszfibgr4ndqthv46ij4mnfcsqy,1,544,23.42466701520607,2,55.93279202003032,True
seed_10001-clients_5-joint_dirichlet_0.3-submitted-sign_flip-B7,model,bafkreiewkrfuykfrhzdc4tv6pc3v425gob4qgks4yo4ne2j5x6jnolg4ca,2,2237,24.837124976329505,2,54.951041005551815,True
seed_10001-clients_5-joint_dirichlet_0.3-submitted-sign_flip-B7,metrics,bafkreifw62mslh3q4cvrmucjg5ymzobx7y7ungudqqfqthnypfxjzxm2k4,2,218,27.00416703009978,2,59.90695802029222,True
seed_10001-clients_5-joint_dirichlet_0.3-submitted-sign_flip-B7,metadata,bafkreiaimftgdtz44askvfbairrsnrwqtagisn2zf2jbfuwmaeyih3ix2m,2,91,1.1497500236146152,2,34.91729201050475,True
seed_10001-clients_5-joint_dirichlet_0.3-submitted-sign_flip-B7,bound_manifest,bafkreien326d2tdrewdctdepsep667hc6v4fryk6sps77fha3nlldcir7u,2,340,21.384499967098236,2,46.5290829888545,True
seed_10001-clients_5-joint_dirichlet_0.3-submitted-sign_flip-B7,proof,bafkreibdl4tf7sfjxkdicddkyjny5oia7hoa6oen5k5uakgwshjk36eyaa,2,154,1.9111669971607625,2,27.565416996367276,True
seed_10001-clients_5-joint_dirichlet_0.3-submitted-sign_flip-B7,public,bafkreidarb4y6lqkam33tscyprs4i4afxvz5tx4qgljhmcdtdbpleudqh4,2,304,18.195750017184764,2,54.58520899992436,True
seed_10001-clients_5-joint_dirichlet_0.3-submitted-sign_flip-B7,submission_manifest,bafkreif3izye4qln664zsdf3g6bca2f625qosp6prnxohur7i5em5nn4ci,2,545,25.021666020620614,2,50.703125016298145,True
seed_10001-clients_5-joint_dirichlet_0.3-submitted-sign_flip-B7,model,bafkreibjmn3spbpq72vqri2nnlhe6uxgn2mos365edoupmehakhrwnb274,3,2204,23.029625008348376,2,54.66612498275936,True
seed_10001-clients_5-joint_dirichlet_0.3-submitted-sign_flip-B7,metrics,bafkreicrvmqweagsbrelbxkzud6a3brw3jndnmkxk3qrpjr64ugu5tirqm,3,225,25.9989170008339,2,50.68404198391363,True
seed_10001-clients_5-joint_dirichlet_0.3-submitted-sign_flip-B7,metadata,bafkreihjr3scpuwgf6hwibjgdt2csrbmlguqitr6ap5xzqb7uq5qartqti,3,91,0.5050420295447111,2,34.27470795577392,True
seed_10001-clients_5-joint_dirichlet_0.3-submitted-sign_flip-B7,bound_manifest,bafkreidxinzo6b654bsop2lbay2yrcqwp5ajz27sjqvj3iqrbeevcad3fy,3,340,21.06641698628664,2,48.96233300678432,True
seed_10001-clients_5-joint_dirichlet_0.3-submitted-sign_flip-B7,proof,bafkreia2clyq2qiuldqocxhwwml325jtzwizangfuby53cx2jskxjhx6g4,3,149,16.094167018309236,2,52.925667027011514,True
seed_10001-clients_5-joint_dirichlet_0.3-submitted-sign_flip-B7,public,bafkreibs57tzcscdzdnzcuw37vwanlb7kszq3olm7rtuidhln6csl2jrye,3,323,24.115332984365523,2,59.8645830177702,True
seed_10001-clients_5-joint_dirichlet_0.3-submitted-sign_flip-B7,submission_manifest,bafkreigug5azbkxpdu52cxyrqniyepmeurhxsfdroiyfsfp2cclg7hsakq,3,545,22.655583976302296,2,57.40358401089907,True
seed_10001-clients_5-joint_dirichlet_0.3-submitted-sign_flip-B7,model,bafkreieldyzsvnrgp4bgf56bwavlkrvmxpzhguezcgocdpa7mre34fcp7i,4,2064,17.140291049145162,2,48.161584010813385,True
seed_10001-clients_5-joint_dirichlet_0.3-submitted-sign_flip-B7,metrics,bafkreieq5z65zop4ercxux242qbbtep4l2gzypflelujfzramvxxm2pqve,4,222,18.002917000558227,2,46.26029200153425,True
seed_10001-clients_5-joint_dirichlet_0.3-submitted-sign_flip-B7,metadata,bafkreidwqrlhr3ykdjtel3lkhaoel6np5ov3rov3eccdldkwyhz7a5ivpu,4,91,1.0920409695245326,2,31.823125027585775,True
seed_10001-clients_5-joint_dirichlet_0.3-submitted-sign_flip-B7,bound_manifest,bafkreiebqtnp7bkhs67bovemirmt54yqgk7cho7ovelhvso2hsrecmp73m,4,340,18.589249986689538,2,44.364625005982816,True
seed_10001-clients_5-joint_dirichlet_0.3-submitted-sign_flip-B7,proof,bafkreib2nmx2h6n7466lv6l46hsv5xjlzurrsyhkmb7dnsydl4frbwepgy,4,150,22.304915997665375,2,45.29916698811576,True
seed_10001-clients_5-joint_dirichlet_0.3-submitted-sign_flip-B7,public,bafkreibbnn72iw7li2r6gwcfzx4kj7sibpwxur7jfkchmfvc365utk2lpa,4,314,24.27587501006201,2,46.76891700364649,True
seed_10001-clients_5-joint_dirichlet_0.3-submitted-sign_flip-B7,submission_manifest,bafkreibnjgmyebaw6lev67z2nuhzfo2ht7qybyozoer26mgm456yopvmni,4,545,22.99987501464784,2,51.734708016738296,True
seed_10001-clients_5-joint_dirichlet_0.3-submitted-sign_flip-B7,global_model,bafkreifqlncftsi2uxoeajazdv4x5rlwj2a2u3blm7ykrhuvcmq6s5yd7e,global,2239,18.330999999307096,2,46.79058300098404,True
seed_10001-clients_5-joint_dirichlet_0.3-submitted-sign_flip-B7,report,bafkreiezr2b2mqh7mxrpoani7yiox7ecnrkydyj2zm5p7zzmmvuaobbpzm,global,1604,19.438249990344048,2,48.10875002294779,True
seed_10001-clients_5-joint_dirichlet_0.3-submitted-sign_flip-B7,model,bafkreiag35ll2bc3byoqylumgqueogl62zunr7abpvltbxm2lvaag2n7fy,0,2235,26.142166985664517,3,51.68158403830603,True
seed_10001-clients_5-joint_dirichlet_0.3-submitted-sign_flip-B7,metrics,bafkreifphl4vykayqu4dduf3uc6yjbtkmyjpxzavsbs7tw2u6ukaqnk5my,0,218,19.95699998224154,3,51.4346249983646,True
seed_10001-clients_5-joint_dirichlet_0.3-submitted-sign_flip-B7,metadata,bafkreibd3vdc5s2jakup2cxbdxswsczy3helinqofu2spa7bgsub3wkqgq,0,91,0.6122909835539758,3,28.535666991956532,True
seed_10001-clients_5-joint_dirichlet_0.3-submitted-sign_flip-B7,bound_manifest,bafkreihzblx5ccl6ttyrflg4t6ryyqxnj2thwfcrhr3hzziudgzyegnuf4,0,340,22.179124993272126,3,44.904707989189774,True
seed_10001-clients_5-joint_dirichlet_0.3-submitted-sign_flip-B7,proof,bafkreiby5l2ntzfdgobvqr5lifuw2wsn6u6mtaiiaeevxdfe4w2s5uw53q,0,758,16.142082982696593,3,43.17179200006649,True
seed_10001-clients_5-joint_dirichlet_0.3-submitted-sign_flip-B7,public,bafkreiekslzgzmzpgligkmjb7253zrtdgftpmiot7qlzztlihgnysec4ke,0,309,18.009083985816687,3,42.91929199825972,True
seed_10001-clients_5-joint_dirichlet_0.3-submitted-sign_flip-B7,submission_manifest,bafkreiazdpn2k7rg25mkhb3fxa3punjvprnnqvrza5sm5l4qcurjb2k4hm,0,544,18.250250024721026,3,41.83900001225993,True
seed_10001-clients_5-joint_dirichlet_0.3-submitted-sign_flip-B7,model,bafkreidedzctq4p7vwgkueazh33lz6cpbus3sjleadda3wannroajon3km,1,2246,18.775208038277924,3,52.461083978414536,True
seed_10001-clients_5-joint_dirichlet_0.3-submitted-sign_flip-B7,metrics,bafkreih6resmcigbrywtxh7flh7vz4u3ffequmzuispt32q27vvgx5wnn4,1,211,4.058707971125841,3,31.592166982591152,True
seed_10001-clients_5-joint_dirichlet_0.3-submitted-sign_flip-B7,metadata,bafkreihaem7bjnnfpp3wmvuupfka56zxqtozrtf6kd77bncedzs2rtvfum,1,91,1.9106249674223363,3,27.86808297969401,True
seed_10001-clients_5-joint_dirichlet_0.3-submitted-sign_flip-B7,bound_manifest,bafkreicoj4agwgh7jegxqgvd4ieucihy35bib6f3eybkylfc2lgupq3gzm,1,340,19.97808401938528,3,44.423708983231336,True
seed_10001-clients_5-joint_dirichlet_0.3-submitted-sign_flip-B7,proof,bafkreic4gi5cbwbjjpqk2t5jehv2tpu4jfr2rxtz6fugbfvqpmi6qr5ao4,1,137,4.25429199822247,3,38.9992079581134,True
seed_10001-clients_5-joint_dirichlet_0.3-submitted-sign_flip-B7,public,bafkreigmzgo4ik2f3e73mfv2aizprsxrgjabmf3vsayagp7kivv6rzmvmu,1,308,28.41012499993667,3,53.70458401739597,True
seed_10001-clients_5-joint_dirichlet_0.3-submitted-sign_flip-B7,submission_manifest,bafkreifkvww4c3jkkk44jnpktesi44ry35chdlgrk7c2syqromc2wd7oy4,1,545,32.4380419915542,3,67.12383299600333,True
seed_10001-clients_5-joint_dirichlet_0.3-submitted-sign_flip-B7,model,bafkreifupgda4u2tdzq3ovszydnz5dc3nuaci2zsypgv5mhdf2xkaubyym,2,2287,31.673666962888092,3,61.07537500793114,True
seed_10001-clients_5-joint_dirichlet_0.3-submitted-sign_flip-B7,metrics,bafkreigzkejcluz5qxk3byckdwf2j3earzpdt7lxaxv4ktulnfkz2vnmfi,2,218,1.9647079752758145,3,44.27370801568031,True
seed_10001-clients_5-joint_dirichlet_0.3-submitted-sign_flip-B7,metadata,bafkreia2xz7yi4bonoimmsesuyxglm3nltrwh6plqjdgunsyhfsrq2ualq,2,91,2.4384999996982515,3,33.48937502596527,True
seed_10001-clients_5-joint_dirichlet_0.3-submitted-sign_flip-B7,bound_manifest,bafkreibddsod5pydn2kmjm7iw4gvny7xlyjjjxavuzvhmsbbag4gka3ugq,2,340,23.776707996148616,3,53.06199996266514,True
seed_10001-clients_5-joint_dirichlet_0.3-submitted-sign_flip-B7,proof,bafkreiewfknuqaubzuexqyuaohzt3taa42s2u4ft7pz5a3fgrkcmelaeoe,2,154,2.0314580178819597,3,33.439041988458484,True
seed_10001-clients_5-joint_dirichlet_0.3-submitted-sign_flip-B7,public,bafkreiby5ngogoz4mxttkshbed5ltwlg6wjvg4e7of3inaftoql2u5v564,2,304,22.501208004541695,3,53.84083301760256,True
seed_10001-clients_5-joint_dirichlet_0.3-submitted-sign_flip-B7,submission_manifest,bafkreian43nbrgp4q2rsa2yvoziavwkm2qao5oyctnajqp35oejk77aet4,2,545,22.35149999614805,3,44.03987497789785,True
seed_10001-clients_5-joint_dirichlet_0.3-submitted-sign_flip-B7,model,bafkreiait2z3n5fsrfobpbw4qs7yd4zmwuxeitlahqcts27guudimchmbm,3,2238,23.527875018771738,3,44.521542033180594,True
seed_10001-clients_5-joint_dirichlet_0.3-submitted-sign_flip-B7,metrics,bafkreihcr4icizp64b2ltlao7qsr4bzuxjaenlc75trzgkgv5pfoo4tvqq,3,222,23.42183399014175,3,55.020041996613145,True
seed_10001-clients_5-joint_dirichlet_0.3-submitted-sign_flip-B7,metadata,bafkreid345tuvtzdgjl54fhr2ym64ybeelpqyo72eesstnomqnqjouwrf4,3,91,1.7661669990047812,3,33.25354203116149,True
seed_10001-clients_5-joint_dirichlet_0.3-submitted-sign_flip-B7,bound_manifest,bafkreifbo5adis7ouw75ir2ywlya4knrqpj53i6za6thzc2mcl2g4ju3ba,3,340,18.51099997293204,3,50.76845799339935,True
seed_10001-clients_5-joint_dirichlet_0.3-submitted-sign_flip-B7,proof,bafkreiaejl3m2or4wnayzsej5qyis6clqqh3stfx4isvxughhuh744arii,3,754,18.05437495931983,3,42.61745896656066,True
seed_10001-clients_5-joint_dirichlet_0.3-submitted-sign_flip-B7,public,bafkreigrhkgundxiimv3i532ukxbtwuy5enjj5m4x3e6t4ii5gmuhpuwyy,3,319,17.18949998030439,3,43.95262501202524,True
seed_10001-clients_5-joint_dirichlet_0.3-submitted-sign_flip-B7,submission_manifest,bafkreifgglzuo7tiiry5fpbcjhxu4u47iclo6qxgby23aibc4q3cn6jhee,3,544,18.133750010747463,3,46.91208299482241,True
seed_10001-clients_5-joint_dirichlet_0.3-submitted-sign_flip-B7,model,bafkreibag2rk4zp3fyzfax77vbudv2ixjjm5xxa62rwuyoc7ji6m3t7loe,4,2269,19.422790966928005,3,47.96774999704212,True
seed_10001-clients_5-joint_dirichlet_0.3-submitted-sign_flip-B7,metrics,bafkreiayuidspilcuo2zn6ekaihgkaewwi4x2g735opfe3k7kpkwbajmfa,4,222,29.717333964072168,3,59.255583968479186,True
seed_10001-clients_5-joint_dirichlet_0.3-submitted-sign_flip-B7,metadata,bafkreieywl3zmegfk6uuhj7guzk5gl2mi2unbzxrzkfuafu6tnx7uammkq,4,91,2.288667019456625,3,33.59795798314735,True
seed_10001-clients_5-joint_dirichlet_0.3-submitted-sign_flip-B7,bound_manifest,bafkreih5sncyqcmyds3xk4bhypm7rpgkedfhmcibrrqb4pvj6mbqgqvyju,4,340,23.48362503107637,3,57.70558404037729,True
seed_10001-clients_5-joint_dirichlet_0.3-submitted-sign_flip-B7,proof,bafkreiayjb6ord5n2vldmkqrviil2dziq652oarqvhn4htvotcf4rw2xvi,4,198,23.234874999616295,3,51.60000000614673,True
seed_10001-clients_5-joint_dirichlet_0.3-submitted-sign_flip-B7,public,bafkreieic7ekuxiqzwjlhma2mx7ksjrqdriuurlglfybhfztbruiccy57i,4,313,18.582999997306615,3,53.65408299257979,True
seed_10001-clients_5-joint_dirichlet_0.3-submitted-sign_flip-B7,submission_manifest,bafkreigxcc2hxtzxc67mj6i32uheys6u3xqxqm7hwrbysg4u43rkjkwgda,4,545,22.126791009213775,3,50.54641701281071,True
seed_10001-clients_5-joint_dirichlet_0.3-submitted-sign_flip-B7,global_model,bafkreiemqubjplqrfdfgcfon4pa2jyu5aq3gjssompzhakkq4mvzzgxwai,global,2214,17.982332967221737,3,44.72100001294166,True
seed_10001-clients_5-joint_dirichlet_0.3-submitted-sign_flip-B7,report,bafkreidl3adawr2rkw7simfptggy5jzhokz4cy25pcodskyjlb26norod4,global,1604,2.0772499847225845,3,31.50045801885426,True
seed_10002-clients_5-joint_dirichlet_0.3-submitted-label_flip-B4,model,bafkreicsvmnsag4zcgduk4w4qwsjw2yviyc6sac6mptprsailvlmgspuge,0,2085,0.5909160245209932,1,26.26541705103591,True
seed_10002-clients_5-joint_dirichlet_0.3-submitted-label_flip-B4,metrics,bafkreigr3ioxrphp7iwq5bri2vzou5ccdxctltpzb2qovaff7rzp4h3lje,0,218,0.5437920335680246,1,32.72754099452868,True
seed_10002-clients_5-joint_dirichlet_0.3-submitted-label_flip-B4,metadata,bafkreihmgnfvm3aubvecmqnf7zi5oeuy7zthoxcmxuihxh2dk3qlmh3woi,0,91,0.7396669825538993,1,31.916917010676116,True
seed_10002-clients_5-joint_dirichlet_0.3-submitted-label_flip-B4,bound_manifest,bafkreie7wrbqs4zwnpgrlp6et6wa643fw64763toqvfinprmmf3idwrvcm,0,340,0.8364999666810036,1,34.95508397463709,True
seed_10002-clients_5-joint_dirichlet_0.3-submitted-label_flip-B4,proof,bafkreiexamv6fsdera6frvwzr3bm6l3w7peoaz3l34f4g5pebylmo7xcfy,0,154,2.7511250227689743,1,29.13525002077222,True
seed_10002-clients_5-joint_dirichlet_0.3-submitted-label_flip-B4,public,bafkreib43vxhluf7egd7ma57swv635nudxng6xyxesulx3zzs5svy4ncai,0,302,0.9160839836113155,1,41.96562501601875,True
seed_10002-clients_5-joint_dirichlet_0.3-submitted-label_flip-B4,submission_manifest,bafkreiexgnbs7ks73mi6ytr552dre3tixcfbt724yk3fpzapkn7g3k7sau,0,545,0.7764999754726887,1,42.99670801265165,True
seed_10002-clients_5-joint_dirichlet_0.3-submitted-label_flip-B4,model,bafkreib7axz7k4kroqluljxqoymcblrfz3miwyq2kvlxlk5s7si4nbcvru,1,2138,22.02308300184086,1,58.931667008437216,True
seed_10002-clients_5-joint_dirichlet_0.3-submitted-label_flip-B4,metrics,bafkreigxk4kdpcnnr4houq5kqeo2gpcwer52ltdyikwzkkiocljls4tybi,1,220,21.276500017847866,1,48.70937502710149,True
seed_10002-clients_5-joint_dirichlet_0.3-submitted-label_flip-B4,metadata,bafkreicyvghrn2cklezhl5ahr3yyssxtrfwtrvry4amhp2dy6jdsbdgiuu,1,91,2.4988329969346523,1,37.126416980754584,True
seed_10002-clients_5-joint_dirichlet_0.3-submitted-label_flip-B4,bound_manifest,bafkreidwj7642hvhyvtmzxedgl4y6ttnuko4uvktvmpwns3veiz3dyekme,1,340,20.095832995139062,1,46.259624999947846,True
seed_10002-clients_5-joint_dirichlet_0.3-submitted-label_flip-B4,proof,bafkreibv3jhujirwjk7hhbkymfdd6vp54xmoq5cqtie7i2cj2ee2u3xtfq,1,136,21.19483397109434,1,51.481999980751425,True
seed_10002-clients_5-joint_dirichlet_0.3-submitted-label_flip-B4,public,bafkreiblawsgulnezptnmn37bpjtta4qvwih6lbfba4wzthvlivv2kioyq,1,310,22.541499987710267,1,46.86454200418666,True
seed_10002-clients_5-joint_dirichlet_0.3-submitted-label_flip-B4,submission_manifest,bafkreifrcte5iozlyollst7lecq6h76qygmfh6dbtqxi4chw5tkhkmyfra,1,545,23.30154099036008,1,52.55183298140764,True
seed_10002-clients_5-joint_dirichlet_0.3-submitted-label_flip-B4,model,bafkreiecfvs3lgep6wfalfrdtdbmr6pzgmpzcxhcwq57yf44jqrkzmkmbe,2,2269,2.223165996838361,1,27.635500009637326,True
seed_10002-clients_5-joint_dirichlet_0.3-submitted-label_flip-B4,metrics,bafkreihcd3qscx4tqgtsnjaaq3hglntbxe7vsfbxe5ecrgeobobb2xkd6y,2,217,1.6196250217035413,1,28.662541997618973,True
seed_10002-clients_5-joint_dirichlet_0.3-submitted-label_flip-B4,metadata,bafkreia4kt3dwm3ctn7kjjvmrovzmgyiusyd6mhg3wa2gluiij5sdjtk4q,2,91,1.7132909852080047,1,27.671666000969708,True
seed_10002-clients_5-joint_dirichlet_0.3-submitted-label_flip-B4,bound_manifest,bafkreiblrwaux3qkgkpwwcj7v77c53dm3wpt7x65oaq24gm5tvdbeac47e,2,340,2.90191697422415,1,32.005749992094934,True
seed_10002-clients_5-joint_dirichlet_0.3-submitted-label_flip-B4,proof,bafkreiastxaa5vdsrawzusr3wd5pci3cfhglhg3m6s3vxgcl7q33gch3py,2,757,18.069750047288835,1,41.779750026762486,True
seed_10002-clients_5-joint_dirichlet_0.3-submitted-label_flip-B4,public,bafkreifwecvv5w3drm6bclt7w27fsox3lkd4oqchjngzzwnjlpx4cmp7em,2,309,0.7271250360645354,1,38.928624999243766,True
seed_10002-clients_5-joint_dirichlet_0.3-submitted-label_flip-B4,submission_manifest,bafkreic7oi7jhgwjskpb3yo2hqfafdaa3plbmpqaitzspy5k5meoktfe24,2,544,19.05295898905024,1,57.110374968033284,True
seed_10002-clients_5-joint_dirichlet_0.3-submitted-label_flip-B4,model,bafkreidusgoh74ly2ecbci65h2bnwmxktz73xyholmpkdc2jub5tek5m5e,3,2076,1.1480830144137144,1,30.55954200681299,True
seed_10002-clients_5-joint_dirichlet_0.3-submitted-label_flip-B4,metrics,bafkreib67srendym5ekvdbv2lwqbvz2xejraplyx6erx3okot3lvty4vmu,3,223,1.4697910519316792,1,30.092333036009222,True
seed_10002-clients_5-joint_dirichlet_0.3-submitted-label_flip-B4,metadata,bafkreihya6pc6k2sgeqgqpxi2nbcu5sbbqlw36eqt2q2cuh2vbsw4ilkta,3,91,1.1149999918416142,1,30.900665966328233,True
seed_10002-clients_5-joint_dirichlet_0.3-submitted-label_flip-B4,bound_manifest,bafkreibrjpecsx4h3g5vde3bccpxqh4pkwjv7pupnqmwrtpijqzc2bgav4,3,340,1.101875037420541,1,46.09600000549108,True
seed_10002-clients_5-joint_dirichlet_0.3-submitted-label_flip-B4,proof,bafkreia3ykvxt4siuqdxjdnzlrxbggra47be6bhms5i4sru2kdvftim2p4,3,759,20.288749947212636,1,47.3459159838967,True
seed_10002-clients_5-joint_dirichlet_0.3-submitted-label_flip-B4,public,bafkreiblvh2zew6k6ayh2vyolpzhanxjxofmqo5jnstzdtegvujyumdqpq,3,315,0.6713749608024955,1,32.99429197795689,True
seed_10002-clients_5-joint_dirichlet_0.3-submitted-label_flip-B4,submission_manifest,bafkreihqnbzzogqs2wbilc4kqspaty7b5kepduta3ifil7yq3erjfdce74,3,544,19.278000050690025,1,46.897082997020334,True
seed_10002-clients_5-joint_dirichlet_0.3-submitted-label_flip-B4,model,bafkreic4kir7jzx7ovdrsn52txaeuhjcjhzwrrt6aqf4o5hidxpoqcg6oi,4,2274,0.9363339631818235,1,36.7409159662202,True
seed_10002-clients_5-joint_dirichlet_0.3-submitted-label_flip-B4,metrics,bafkreibqyfj42ajl3r6n3dne5zqyezcem35yau7ie5euodl64ojcwr7y24,4,216,2.226292039267719,1,32.200457993894815,True
seed_10002-clients_5-joint_dirichlet_0.3-submitted-label_flip-B4,metadata,bafkreifynjguyveuesrg66q67nuxjdk76nxfspoli2ri2gordpf3joindu,4,91,4.807708028238267,1,29.632167017553,True
seed_10002-clients_5-joint_dirichlet_0.3-submitted-label_flip-B4,bound_manifest,bafkreigdaih6a3rdbxfcfv6tvbyax2e52q45jignt2lqkcp4ad5rrgfgfm,4,340,0.6714590126648545,1,28.7927919998765,True
seed_10002-clients_5-joint_dirichlet_0.3-submitted-label_flip-B4,proof,bafkreiaecz4poqwkhebrjpa6y7hacug4jvqbndivzku2x4og4xskpgtqki,4,757,18.12554197385907,1,48.47350000636652,True
seed_10002-clients_5-joint_dirichlet_0.3-submitted-label_flip-B4,public,bafkreick342426o56tjzoi2iolwpttxnel3m7sshfadqrd5skerjmzi4ym,4,304,0.6991249974817038,1,32.99691597931087,True
seed_10002-clients_5-joint_dirichlet_0.3-submitted-label_flip-B4,submission_manifest,bafkreihqc7w4aqhz7p7d5v4gxeuccjp6jghuecuqj5jzp6nx5d5l7hd3wm,4,544,20.11854195734486,1,48.0762500083074,True
seed_10002-clients_5-joint_dirichlet_0.3-submitted-label_flip-B4,global_model,bafkreibbsr2f6imrwwqjjidbhkoppomkbkloabm5hiu72i7eual5exid34,global,2315,19.213791994843632,1,39.134834019932896,True
seed_10002-clients_5-joint_dirichlet_0.3-submitted-label_flip-B4,report,bafkreig3lqfw5r56h2c3sif5csss3l5wr5c5wcifnauhzvdzz722dvg2nu,global,1718,26.501291955355555,1,55.62462500529364,True
seed_10002-clients_5-joint_dirichlet_0.3-submitted-label_flip-B4,model,bafkreihfyg3ecn3ti3qj3b3qccixjrwxxkwtivaxwcndg7rjk6ohljd3lm,0,2267,17.05941598629579,2,47.538749990053475,True
seed_10002-clients_5-joint_dirichlet_0.3-submitted-label_flip-B4,metrics,bafkreibtmvkp7jnko64tjmbipv3ietx7qabk4rhmhtmchqm4z75mpoqrbm,0,218,0.9151250123977661,2,31.878166017122567,True
seed_10002-clients_5-joint_dirichlet_0.3-submitted-label_flip-B4,metadata,bafkreifc32knpe6lhbzxpddl5xa4d36u3furb7n4gid2iyguvp2sblfuri,0,91,1.8089580116793513,2,27.31062500970438,True
seed_10002-clients_5-joint_dirichlet_0.3-submitted-label_flip-B4,bound_manifest,bafkreicy4i3xo7e2ogli65fip6ipm2lgf4xdh4faf2xvi6hd6kf4gfcv44,0,340,22.248458000831306,2,58.493874967098236,True
seed_10002-clients_5-joint_dirichlet_0.3-submitted-label_flip-B4,proof,bafkreibtqnhfgmb3yugkdzqhzrhepy4hbhfenl66lgw6w72tbdq25kj4sm,0,154,1.677249965723604,2,27.931292017456144,True
seed_10002-clients_5-joint_dirichlet_0.3-submitted-label_flip-B4,public,bafkreihvdkmvztdjll6xe7sg2lqlvmieeymo2wemkeeqj7vfts2o27hp5u,0,303,21.75429096678272,2,50.30695901950821,True
seed_10002-clients_5-joint_dirichlet_0.3-submitted-label_flip-B4,submission_manifest,bafkreiadxli4dgrbximzhj3hcg2qxgzotxgfhq3jh4wd3b3fy2ggl22mea,0,545,24.3534580222331,2,50.35179201513529,True
seed_10002-clients_5-joint_dirichlet_0.3-submitted-label_flip-B4,model,bafkreih7zzua7g3pm6kfaiowjbvxq7mnwwlxecjhqmp5as4ffqs4oqw24u,1,2303,21.211916988249868,2,52.06945800455287,True
seed_10002-clients_5-joint_dirichlet_0.3-submitted-label_flip-B4,metrics,bafkreifhv6zdtfcwh3ax2vv5dig74dvwum3v6wimktznbkc74ywjchmxfa,1,222,16.04374998714775,2,42.98841702984646,True
seed_10002-clients_5-joint_dirichlet_0.3-submitted-label_flip-B4,metadata,bafkreicnhlp7zwweo6je5zo57z47lih5nh73ly7xm6ybnwvm4unybnpenu,1,91,0.7967920391820371,2,27.861832990311086,True
seed_10002-clients_5-joint_dirichlet_0.3-submitted-label_flip-B4,bound_manifest,bafkreig4sxkojro5zkolrygmyug5g7oqjkzm56qxznm6a4frkihuizkf3q,1,340,19.75108397891745,2,51.89462500857189,True
seed_10002-clients_5-joint_dirichlet_0.3-submitted-label_flip-B4,proof,bafkreieubrvkt2adlblyoawdhaepllkylcstet527ezv22xqxj6ssohkje,1,198,19.244916969910264,2,47.76162497000769,True
seed_10002-clients_5-joint_dirichlet_0.3-submitted-label_flip-B4,public,bafkreifesdh63cdd3fn5kdei66hk3l4wqadpslvtc5jfoso2hoz4yzl6nm,1,314,19.20691697159782,2,49.25491602625698,True
seed_10002-clients_5-joint_dirichlet_0.3-submitted-label_flip-B4,submission_manifest,bafkreicdbqi4h3focfjoxt4nzjbcimvdx5qg67ydqfzaeou4p3bgdsovly,1,545,18.775541975628585,2,59.239207999780774,True
seed_10002-clients_5-joint_dirichlet_0.3-submitted-label_flip-B4,model,bafkreib2smjqr7sv5lssufsac5a6skl622ciljv65jk7leq76vhrewp4nu,2,2286,18.175499979406595,2,46.100416977424175,True
seed_10002-clients_5-joint_dirichlet_0.3-submitted-label_flip-B4,metrics,bafkreih5lcogjq3nxsmf7nxiiqtdmtmvp6hd6m2jjswueolrsg7xgnhudm,2,217,1.9736659596674144,2,27.111625007819384,True
seed_10002-clients_5-joint_dirichlet_0.3-submitted-label_flip-B4,metadata,bafkreicjrvcav7nd6wdgrji5gj46k45cwptob4ne6b4ob44yldvkutz7he,2,91,2.630000002682209,2,28.605583996977657,True
seed_10002-clients_5-joint_dirichlet_0.3-submitted-label_flip-B4,bound_manifest,bafkreiafpi6wj3gpsvo4cpllzqnzlng2fi4fhdjhsmhi4ttu64zzivkx2m,2,340,23.33766600349918,2,46.82820802554488,True
seed_10002-clients_5-joint_dirichlet_0.3-submitted-label_flip-B4,proof,bafkreia6xw3wqlsepnlclzh7sh2enzant2krrmvppbwzhu7dei4buy4y74,2,758,18.085332994814962,2,48.68541599716991,True
seed_10002-clients_5-joint_dirichlet_0.3-submitted-label_flip-B4,public,bafkreiexgovp6flwjjfjollfla4lk3yzmbjr4j26zd2kmjlyhv6lbzllhi,2,307,19.10712494282052,2,44.99966697767377,True
seed_10002-clients_5-joint_dirichlet_0.3-submitted-label_flip-B4,submission_manifest,bafkreia5d2vc6htohx3ft57qcacditwcbunr4yafszkdt6mujakh4aln7y,2,544,18.10733397724107,2,48.815791960805655,True
seed_10002-clients_5-joint_dirichlet_0.3-submitted-label_flip-B4,model,bafkreibweshqqsk4srhx7hw3wdmkba23qh6voeju6gzixgwesxht766pra,3,2290,19.600166007876396,2,45.082208001986146,True
seed_10002-clients_5-joint_dirichlet_0.3-submitted-label_flip-B4,metrics,bafkreieczvcqlxkky4eqcdacttzjr3mbfvxzrms2s5mx3baau3uwefahka,3,222,2.5548749836161733,2,28.355207992717624,True
seed_10002-clients_5-joint_dirichlet_0.3-submitted-label_flip-B4,metadata,bafkreidvr6xqvf5po7jdvvjsvs2utlreqyygozlsgedjusp6xdi6buvqfm,3,91,2.6692909887060523,2,28.269374975934625,True
seed_10002-clients_5-joint_dirichlet_0.3-submitted-label_flip-B4,bound_manifest,bafkreib7pcy6knmovjpwjii3qovjlrt6yh5liwqurkn5mygldzch5o2ahq,3,340,17.984959005843848,2,45.38304201560095,True
seed_10002-clients_5-joint_dirichlet_0.3-submitted-label_flip-B4,proof,bafkreidlzyjdw5rntnsx4wsa4zj2k2gfgtz45rwl4pefrzfa7xavqgkkfe,3,759,22.12500001769513,2,45.641165983397514,True
seed_10002-clients_5-joint_dirichlet_0.3-submitted-label_flip-B4,public,bafkreibjlxlp4panfehpd6fpybx7cecbx7o5fc6sa7nifepk2baxi2nnmy,3,316,27.180958015378565,2,49.016333010513335,True
seed_10002-clients_5-joint_dirichlet_0.3-submitted-label_flip-B4,submission_manifest,bafkreiberwwec5vb6vbzoqjrfuj2bdutnpdim7p34kqj5ebphhi2cmimbm,3,544,29.999541002325714,2,61.99979200027883,True
seed_10002-clients_5-joint_dirichlet_0.3-submitted-label_flip-B4,model,bafkreia4dbvgzipso2bdajqzq3mkqicu5qv4t3n7d6berk63l2hbleisee,4,2274,25.63120803097263,2,56.957125023473054,True
seed_10002-clients_5-joint_dirichlet_0.3-submitted-label_flip-B4,metrics,bafkreiglxlgzhju4gr6hw5qwalxbnc5zsc4idacz33zkn5fewqshlpfxd4,4,216,2.657375007402152,2,37.55987499607727,True
seed_10002-clients_5-joint_dirichlet_0.3-submitted-label_flip-B4,metadata,bafkreifgks4slo3fms4ococ4kuxng2ooxod6ug7che7giffjyl4v5c3pim,4,91,2.4646249949000776,2,30.112208041828126,True
seed_10002-clients_5-joint_dirichlet_0.3-submitted-label_flip-B4,bound_manifest,bafkreidpta67b2npkk5yze73ctu4a25rvzrgi5eremgq5mohgvqar2omku,4,340,22.307499952148646,2,55.57379202218726,True
seed_10002-clients_5-joint_dirichlet_0.3-submitted-label_flip-B4,proof,bafkreifsm4j6hwdorpxfpsfckels5s2yzbwbaygu2fwv5d6ly3p3lqa6dm,4,754,20.153500023297966,2,43.49933302728459,True
seed_10002-clients_5-joint_dirichlet_0.3-submitted-label_flip-B4,public,bafkreidugwoy4fn3ybw74375a3lb6wagalzd4lcqh3su4yojpj4a3eamvy,4,306,20.321707997936755,2,52.789875015150756,True
seed_10002-clients_5-joint_dirichlet_0.3-submitted-label_flip-B4,submission_manifest,bafkreig5wggg3uivfubuj6xgy2in6kukxycj2ekzpn2q2xewqte2fcbmpm,4,544,27.43979200022295,2,63.923624984454364,True
seed_10002-clients_5-joint_dirichlet_0.3-submitted-label_flip-B4,global_model,bafkreihjqpnqksfvwilpaustpdscgcworvetdx5ct3liayg25r6e7droty,global,2299,23.47512502456084,2,40.598625026177615,True
seed_10002-clients_5-joint_dirichlet_0.3-submitted-label_flip-B4,report,bafkreidu7heuosusfvmuwpjev6aw5alimy5lfntqc43ky6uwpfihikrkh4,global,1719,24.291541951242834,2,57.47795902425423,True
seed_10002-clients_5-joint_dirichlet_0.3-submitted-label_flip-B4,model,bafkreidxx7pmkwa6jsisld7vvwwavhp2xmqtzasj2f26brxmhmj6zxqkze,0,2276,18.02862499607727,3,48.31049998756498,True
seed_10002-clients_5-joint_dirichlet_0.3-submitted-label_flip-B4,metrics,bafkreie35uzjfwpun2vq4mfdxpfpvt2w4ojgeiboonxcynvwpruqhwkjca,0,218,16.991125012282282,3,47.94612497789785,True
seed_10002-clients_5-joint_dirichlet_0.3-submitted-label_flip-B4,metadata,bafkreiey3diiuyer6xumz2z3zmvtbnrw7us2drrs3z3hndtj5tpsbcjf5q,0,91,1.7296660225838423,3,31.823332945350558,True
seed_10002-clients_5-joint_dirichlet_0.3-submitted-label_flip-B4,bound_manifest,bafkreielqois4xh5mu474l5i5kmpzip7p5invh7zybc7622tzttqshmvuq,0,340,20.346875011455268,3,48.88924997067079,True
seed_10002-clients_5-joint_dirichlet_0.3-submitted-label_flip-B4,proof,bafkreiadlfbjdqzlkv7sm2fpco6qhczpuqavxsz4xdw7t7z4hvqnrdnr4e,0,154,2.90079100523144,3,37.5079580117017,True
seed_10002-clients_5-joint_dirichlet_0.3-submitted-label_flip-B4,public,bafkreiekep6tughzr2qa24mdxcvcnxl3cxhjag4yttvq2vvc72smvigoky,0,303,23.027124989312142,3,53.522625006735325,True
seed_10002-clients_5-joint_dirichlet_0.3-submitted-label_flip-B4,submission_manifest,bafkreicgpftxa7vjc7sioioaunop27g443h42a555n2k3tmoanwa2zb4ya,0,545,23.30370800336823,3,59.63129200972617,True
seed_10002-clients_5-joint_dirichlet_0.3-submitted-label_flip-B4,model,bafkreigtq5fkt4ps4vtyf3a7jgakahagugtg7v4xduvvhh7at7c2vl3pje,1,2302,19.71866696840152,3,53.39245800860226,True
seed_10002-clients_5-joint_dirichlet_0.3-submitted-label_flip-B4,metrics,bafkreibfxozpmrl2qcclzmqqoy554vptekgaclgwer5ewqjv26jrmzwsp4,1,220,1.8278330098837614,3,43.03604201413691,True
seed_10002-clients_5-joint_dirichlet_0.3-submitted-label_flip-B4,metadata,bafkreicvtu6z7zfw2twqkqgb3z26sq4ge7sjwl555arm73avcdqlimippe,1,91,1.2961250031366944,3,42.41116699995473,True
seed_10002-clients_5-joint_dirichlet_0.3-submitted-label_flip-B4,bound_manifest,bafkreid6nbdvy44cprbunhwrv27w2vitgowlognopabd6lkxuwvadzjnda,1,340,22.363791009411216,3,58.135207975283265,True
seed_10002-clients_5-joint_dirichlet_0.3-submitted-label_flip-B4,proof,bafkreiemn7lcx3fjfamyk6ydq4c3shytwyuxsv2wshhrzzpmae3baks3fm,1,755,17.042042047251016,3,42.81633300706744,True
seed_10002-clients_5-joint_dirichlet_0.3-submitted-label_flip-B4,public,bafkreia7ke5ikejjjzlhkcw7fgeiicxcqo5potlheve2x4pe3mi6mtui2e,1,312,18.095374980475754,3,45.989207981619984,True
seed_10002-clients_5-joint_dirichlet_0.3-submitted-label_flip-B4,submission_manifest,bafkreifl4bi5lr7qmaudbjxrl5o3qeentebbfjdopoaeoewlegoqpzj35y,1,544,25.11570800561458,3,50.04470801213756,True
seed_10002-clients_5-joint_dirichlet_0.3-submitted-label_flip-B4,model,bafkreidlzvhblhbzb3kjsehzbezi5pa6bakvkig6jekpbfhavdhzpugdim,2,2278,23.973000003024936,3,64.96408296516165,True
seed_10002-clients_5-joint_dirichlet_0.3-submitted-label_flip-B4,metrics,bafkreifcwp54mdqepx4o3sdtpaxnqonpirpyrcc4hyc7x2eyefecjbczay,2,217,1.6032079583965242,3,29.313749982975423,True
seed_10002-clients_5-joint_dirichlet_0.3-submitted-label_flip-B4,metadata,bafkreicpg4n4ouh2xl7li6sj4uxjvirzmhvxtzmljkrigl47nvkatpho3y,2,91,1.1765829985961318,3,33.91300002112985,True
seed_10002-clients_5-joint_dirichlet_0.3-submitted-label_flip-B4,bound_manifest,bafkreicx7byaj2cfvdf7u3mo7bbwwjbm5n5gs6filkazu6lpdpjxmbowoy,2,340,17.35416700830683,3,48.27441700035706,True
seed_10002-clients_5-joint_dirichlet_0.3-submitted-label_flip-B4,proof,bafkreihk75bzinay5tvubhtff6pvkdcchun4ollywlk5kbs3ajt66yd2zi,2,760,23.102042032405734,3,45.704875024966896,True
seed_10002-clients_5-joint_dirichlet_0.3-submitted-label_flip-B4,public,bafkreih76bm374gqa3gsnunhfqve2ycr6jskljtxe65nkxnrp7shdwaxhm,2,308,31.09854197828099,3,58.04962501861155,True
seed_10002-clients_5-joint_dirichlet_0.3-submitted-label_flip-B4,submission_manifest,bafkreig7fodgfyayvonnvd24s2ilhv7geaj25dsf3pvgrgvmcuweuwwqfy,2,544,24.44745897082612,3,69.68649994814768,True
seed_10002-clients_5-joint_dirichlet_0.3-submitted-label_flip-B4,model,bafkreifxiqufgg6u2aowcvdjidwoh3oho2ydb5tdi53slduq427cdi453e,3,2289,24.689750047400594,3,52.99349996494129,True
seed_10002-clients_5-joint_dirichlet_0.3-submitted-label_flip-B4,metrics,bafkreihjgeiqu3y4j3nhvsbtwu5fnxxtyiack4ttun5nxcf5au4ds36asa,3,221,34.13612500298768,3,60.97758299438283,True
seed_10002-clients_5-joint_dirichlet_0.3-submitted-label_flip-B4,metadata,bafkreickiwcr2tgefp6inx4amr5yot7c2lgbiob75p7wflsmdolcaem5uu,3,91,0.49595802556723356,3,36.30724997492507,True
seed_10002-clients_5-joint_dirichlet_0.3-submitted-label_flip-B4,bound_manifest,bafkreia5vbwsmzdirsqkbqsc6y2edu5vgsjbrikz3o7svu4vtf7iiwfrxa,3,340,29.195666022133082,3,62.84262501867488,True
seed_10002-clients_5-joint_dirichlet_0.3-submitted-label_flip-B4,proof,bafkreiaspfhddv6hos64hq6hjt353xo2mjqbqrrpvydzhw3h2xdlidcze4,3,137,25.687541987281293,3,69.83112497255206,True
seed_10002-clients_5-joint_dirichlet_0.3-submitted-label_flip-B4,public,bafkreiafpqxx3tbcjzmtn2l4ddjrenthnlessq4iu7wia4xqrd57qbbcsy,3,316,26.940374984405935,3,63.69995803106576,True
seed_10002-clients_5-joint_dirichlet_0.3-submitted-label_flip-B4,submission_manifest,bafkreiallxrvdk2shj2f56rzfzlekhc4ccvlpoebm6ymawpwl5bp3mqa7m,3,545,15.786707983352244,3,63.31591698108241,True
seed_10002-clients_5-joint_dirichlet_0.3-submitted-label_flip-B4,model,bafkreibnhllafpss6g2uwcxdsueytxuiz4d2ma7rcqecyoqnylsonoat64,4,2280,22.289416985586286,3,46.85029201209545,True
seed_10002-clients_5-joint_dirichlet_0.3-submitted-label_flip-B4,metrics,bafkreiab5bmbzf2vvk4cslsnnre5fnqzegzoe7wioyzu7qobpsgfapdbxa,4,216,1.7542919958941638,3,29.625791998114437,True
seed_10002-clients_5-joint_dirichlet_0.3-submitted-label_flip-B4,metadata,bafkreibobq6bd7a4rlzzwfr7wpzjs23gmcwn7vxujjae66kykqprjnrzye,4,91,2.4114580010063946,3,33.0842089606449,True
seed_10002-clients_5-joint_dirichlet_0.3-submitted-label_flip-B4,bound_manifest,bafkreibihlq72ame25loamxpt642kr3epbrwawaqxyzx5iwzokzg4dapym,4,340,24.53045902075246,3,52.46325000189245,True
seed_10002-clients_5-joint_dirichlet_0.3-submitted-label_flip-B4,proof,bafkreia62iil4stkl6i4gtaypxktz2wchztznkjfvl456jloqyew22ju24,4,759,18.180458981078118,3,50.64933298854157,True
seed_10002-clients_5-joint_dirichlet_0.3-submitted-label_flip-B4,public,bafkreigjcotwtwaxtcldym3wlyvvt4eoafebypnxnxzi5nkpndyfjdludy,4,306,19.259958993643522,3,53.82366600679234,True
seed_10002-clients_5-joint_dirichlet_0.3-submitted-label_flip-B4,submission_manifest,bafkreib37iwzzxillnusypvprdg4uaelgmqvi3lssraarxeoznhhtemi6q,4,544,23.054792021866888,3,48.94562502158806,True
seed_10002-clients_5-joint_dirichlet_0.3-submitted-label_flip-B4,global_model,bafkreicumdsgo5si2pf6fo2yvdk73fusph6x37bsnnk433hin5rxsiibie,global,2296,19.56133299972862,3,47.46191599406302,True
seed_10002-clients_5-joint_dirichlet_0.3-submitted-label_flip-B4,report,bafkreihdtrm4h7lmjejtrn6emvn6db22jno32yhvy6dycistmervcvbylq,global,1718,19.027834001462907,3,44.83541700756177,True
seed_10002-clients_5-joint_dirichlet_0.3-submitted-label_flip-B7,model,bafkreicsvmnsag4zcgduk4w4qwsjw2yviyc6sac6mptprsailvlmgspuge,0,2085,0.6629169802181423,1,25.62762500019744,True
seed_10002-clients_5-joint_dirichlet_0.3-submitted-label_flip-B7,metrics,bafkreigr3ioxrphp7iwq5bri2vzou5ccdxctltpzb2qovaff7rzp4h3lje,0,218,0.5424999981187284,1,37.957999971695244,True
seed_10002-clients_5-joint_dirichlet_0.3-submitted-label_flip-B7,metadata,bafkreihmgnfvm3aubvecmqnf7zi5oeuy7zthoxcmxuihxh2dk3qlmh3woi,0,91,0.6877920241095126,1,29.9335410236381,True
seed_10002-clients_5-joint_dirichlet_0.3-submitted-label_flip-B7,bound_manifest,bafkreie7wrbqs4zwnpgrlp6et6wa643fw64763toqvfinprmmf3idwrvcm,0,340,0.9126670192927122,1,30.870834016241133,True
seed_10002-clients_5-joint_dirichlet_0.3-submitted-label_flip-B7,proof,bafkreiexamv6fsdera6frvwzr3bm6l3w7peoaz3l34f4g5pebylmo7xcfy,0,154,4.271541023626924,1,33.02575001725927,True
seed_10002-clients_5-joint_dirichlet_0.3-submitted-label_flip-B7,public,bafkreib43vxhluf7egd7ma57swv635nudxng6xyxesulx3zzs5svy4ncai,0,302,3.7750829942524433,1,36.23629198409617,True
seed_10002-clients_5-joint_dirichlet_0.3-submitted-label_flip-B7,submission_manifest,bafkreiexgnbs7ks73mi6ytr552dre3tixcfbt724yk3fpzapkn7g3k7sau,0,545,2.374415984377265,1,42.26099996594712,True
seed_10002-clients_5-joint_dirichlet_0.3-submitted-label_flip-B7,model,bafkreib7axz7k4kroqluljxqoymcblrfz3miwyq2kvlxlk5s7si4nbcvru,1,2138,2.565916976891458,1,38.05937501601875,True
seed_10002-clients_5-joint_dirichlet_0.3-submitted-label_flip-B7,metrics,bafkreigxk4kdpcnnr4houq5kqeo2gpcwer52ltdyikwzkkiocljls4tybi,1,220,4.951624956447631,1,37.628291989676654,True
seed_10002-clients_5-joint_dirichlet_0.3-submitted-label_flip-B7,metadata,bafkreicyvghrn2cklezhl5ahr3yyssxtrfwtrvry4amhp2dy6jdsbdgiuu,1,91,1.3013329589739442,1,32.695624977350235,True
seed_10002-clients_5-joint_dirichlet_0.3-submitted-label_flip-B7,bound_manifest,bafkreidwj7642hvhyvtmzxedgl4y6ttnuko4uvktvmpwns3veiz3dyekme,1,340,1.8280000076629221,1,27.716166980098933,True
seed_10002-clients_5-joint_dirichlet_0.3-submitted-label_flip-B7,proof,bafkreibv3jhujirwjk7hhbkymfdd6vp54xmoq5cqtie7i2cj2ee2u3xtfq,1,136,3.840999968815595,1,33.618458022829145,True
seed_10002-clients_5-joint_dirichlet_0.3-submitted-label_flip-B7,public,bafkreiblawsgulnezptnmn37bpjtta4qvwih6lbfba4wzthvlivv2kioyq,1,310,2.1342080435715616,1,36.7995830019936,True
seed_10002-clients_5-joint_dirichlet_0.3-submitted-label_flip-B7,submission_manifest,bafkreifrcte5iozlyollst7lecq6h76qygmfh6dbtqxi4chw5tkhkmyfra,1,545,4.2891670018434525,1,32.18908404232934,True
seed_10002-clients_5-joint_dirichlet_0.3-submitted-label_flip-B7,model,bafkreiecfvs3lgep6wfalfrdtdbmr6pzgmpzcxhcwq57yf44jqrkzmkmbe,2,2269,2.4079169961623847,1,41.66454199003056,True
seed_10002-clients_5-joint_dirichlet_0.3-submitted-label_flip-B7,metrics,bafkreihcd3qscx4tqgtsnjaaq3hglntbxe7vsfbxe5ecrgeobobb2xkd6y,2,217,4.109542001970112,1,34.74816697416827,True
seed_10002-clients_5-joint_dirichlet_0.3-submitted-label_flip-B7,metadata,bafkreia4kt3dwm3ctn7kjjvmrovzmgyiusyd6mhg3wa2gluiij5sdjtk4q,2,91,3.2920420053415,1,34.454167005605996,True
seed_10002-clients_5-joint_dirichlet_0.3-submitted-label_flip-B7,bound_manifest,bafkreiblrwaux3qkgkpwwcj7v77c53dm3wpt7x65oaq24gm5tvdbeac47e,2,340,3.085708012804389,1,35.49241699511185,True
seed_10002-clients_5-joint_dirichlet_0.3-submitted-label_flip-B7,proof,bafkreihx2kd5g43ov2enhfanlrt25vu2pk6rzmsa3b4nkkyzdykeq3arni,2,758,22.15679199434817,1,48.711375042330474,True
seed_10002-clients_5-joint_dirichlet_0.3-submitted-label_flip-B7,public,bafkreifwecvv5w3drm6bclt7w27fsox3lkd4oqchjngzzwnjlpx4cmp7em,2,309,0.696083006914705,1,33.9410409796983,True
seed_10002-clients_5-joint_dirichlet_0.3-submitted-label_flip-B7,submission_manifest,bafkreiay4qafqouypcbaao4gzujsnegcg3mwtcynrmh44u3nyv4b2nvake,2,544,19.10679100546986,1,54.89362496882677,True
seed_10002-clients_5-joint_dirichlet_0.3-submitted-label_flip-B7,model,bafkreidusgoh74ly2ecbci65h2bnwmxktz73xyholmpkdc2jub5tek5m5e,3,2076,2.872082986868918,1,46.179624972864985,True
seed_10002-clients_5-joint_dirichlet_0.3-submitted-label_flip-B7,metrics,bafkreib67srendym5ekvdbv2lwqbvz2xejraplyx6erx3okot3lvty4vmu,3,223,4.11091698333621,1,34.8574579693377,True
seed_10002-clients_5-joint_dirichlet_0.3-submitted-label_flip-B7,metadata,bafkreihya6pc6k2sgeqgqpxi2nbcu5sbbqlw36eqt2q2cuh2vbsw4ilkta,3,91,5.383250012528151,1,38.74074999475852,True
seed_10002-clients_5-joint_dirichlet_0.3-submitted-label_flip-B7,bound_manifest,bafkreibrjpecsx4h3g5vde3bccpxqh4pkwjv7pupnqmwrtpijqzc2bgav4,3,340,2.6870419969782233,1,32.3909159633331,True
seed_10002-clients_5-joint_dirichlet_0.3-submitted-label_flip-B7,proof,bafkreigulq7ig7rjhrwrvknpwuegswabvlaawvpi2a36k4kix5pg4soa2m,3,755,17.039791971910745,1,44.86974998144433,True
seed_10002-clients_5-joint_dirichlet_0.3-submitted-label_flip-B7,public,bafkreiblvh2zew6k6ayh2vyolpzhanxjxofmqo5jnstzdtegvujyumdqpq,3,315,0.6960839964449406,1,33.95187499700114,True
seed_10002-clients_5-joint_dirichlet_0.3-submitted-label_flip-B7,submission_manifest,bafkreibbghyxwjuarwoijlvhoxz423pba7gcgbgezkalwxc4llll3aylpu,3,544,19.090540998149663,1,48.12666599173099,True
seed_10002-clients_5-joint_dirichlet_0.3-submitted-label_flip-B7,model,bafkreic4kir7jzx7ovdrsn52txaeuhjcjhzwrrt6aqf4o5hidxpoqcg6oi,4,2274,2.1258749766275287,1,35.548708983697,True
seed_10002-clients_5-joint_dirichlet_0.3-submitted-label_flip-B7,metrics,bafkreibqyfj42ajl3r6n3dne5zqyezcem35yau7ie5euodl64ojcwr7y24,4,216,0.9727920405566692,1,47.05095896497369,True
seed_10002-clients_5-joint_dirichlet_0.3-submitted-label_flip-B7,metadata,bafkreifynjguyveuesrg66q67nuxjdk76nxfspoli2ri2gordpf3joindu,4,91,2.362750004976988,1,34.900000027846545,True
seed_10002-clients_5-joint_dirichlet_0.3-submitted-label_flip-B7,bound_manifest,bafkreigdaih6a3rdbxfcfv6tvbyax2e52q45jignt2lqkcp4ad5rrgfgfm,4,340,0.546540948562324,1,35.03012500004843,True
seed_10002-clients_5-joint_dirichlet_0.3-submitted-label_flip-B7,proof,bafkreic4u2akv42boczqggb4j7z2nvfa6sxve2kkgthaan2l4ml7t3wedm,4,759,22.028167033568025,1,48.49374998593703,True
seed_10002-clients_5-joint_dirichlet_0.3-submitted-label_flip-B7,public,bafkreick342426o56tjzoi2iolwpttxnel3m7sshfadqrd5skerjmzi4ym,4,304,0.7584589766338468,1,36.08225000789389,True
seed_10002-clients_5-joint_dirichlet_0.3-submitted-label_flip-B7,submission_manifest,bafkreib7fkcts3lqmpnqytqwxnkciy5ge4vwe4ixlre6ntfamcrb4bykpi,4,544,19.7804169729352,1,48.79087500739843,True
seed_10002-clients_5-joint_dirichlet_0.3-submitted-label_flip-B7,global_model,bafkreiflgd3y3itfmid2wjigjckzuxguads77amfdyhft6sutkwixzvuj4,global,2261,24.810542003251612,1,40.58191704098135,True
seed_10002-clients_5-joint_dirichlet_0.3-submitted-label_flip-B7,report,bafkreig3lqfw5r56h2c3sif5csss3l5wr5c5wcifnauhzvdzz722dvg2nu,global,1718,1.0509580024518073,1,31.758875004015863,True
seed_10002-clients_5-joint_dirichlet_0.3-submitted-label_flip-B7,model,bafkreialmjuoyzutn6uas3cvhzc734ncbpqmyrlqnewme2yky4pcq3ohwe,0,2250,22.03387499321252,2,42.92862501461059,True
seed_10002-clients_5-joint_dirichlet_0.3-submitted-label_flip-B7,metrics,bafkreibtmvkp7jnko64tjmbipv3ietx7qabk4rhmhtmchqm4z75mpoqrbm,0,218,1.1182919843122363,2,41.7525420198217,True
seed_10002-clients_5-joint_dirichlet_0.3-submitted-label_flip-B7,metadata,bafkreifc32knpe6lhbzxpddl5xa4d36u3furb7n4gid2iyguvp2sblfuri,0,91,1.3331249938346446,2,45.87816697312519,True
seed_10002-clients_5-joint_dirichlet_0.3-submitted-label_flip-B7,bound_manifest,bafkreidblnpp5vqe67v3uuo2nn6gfm72ucpgykfobmwhc4ltxldocxsvgm,0,340,22.77333301026374,2,55.346416018437594,True
seed_10002-clients_5-joint_dirichlet_0.3-submitted-label_flip-B7,proof,bafkreibtqnhfgmb3yugkdzqhzrhepy4hbhfenl66lgw6w72tbdq25kj4sm,0,154,1.2116669677197933,2,36.45875002257526,True
seed_10002-clients_5-joint_dirichlet_0.3-submitted-label_flip-B7,public,bafkreibxe5nmqx5ogyey7frwmuq7ziuezemowl7c5xes4vom4cjdstpqaq,0,301,27.570375008508563,2,56.765458022709936,True
seed_10002-clients_5-joint_dirichlet_0.3-submitted-label_flip-B7,submission_manifest,bafkreihgbdclivgziemu36b3qkgced7agwiwrsse4bw3riurg6no6c62ae,0,545,20.166874979622662,2,44.21087499940768,True
seed_10002-clients_5-joint_dirichlet_0.3-submitted-label_flip-B7,model,bafkreidqfjaotaxhcnynh72fuaseloajklu4umpdjjcu7yl7eywntzdklm,1,2282,25.49245796399191,2,63.501875032670796,True
seed_10002-clients_5-joint_dirichlet_0.3-submitted-label_flip-B7,metrics,bafkreidqkek3656cobzarijq6ktvfgak66xo2e7n7kwv7ewhip43xqg25e,1,222,23.219041991978884,2,57.92825005482882,True
seed_10002-clients_5-joint_dirichlet_0.3-submitted-label_flip-B7,metadata,bafkreicnhlp7zwweo6je5zo57z47lih5nh73ly7xm6ybnwvm4unybnpenu,1,91,1.1417079949751496,2,34.97937502106652,True
seed_10002-clients_5-joint_dirichlet_0.3-submitted-label_flip-B7,bound_manifest,bafkreic5j3pdolj4qvo6l27wje4vly3w5xpouhletkrvoo24nsbfcyrlae,1,340,25.05308302352205,2,59.4719999935478,True
seed_10002-clients_5-joint_dirichlet_0.3-submitted-label_flip-B7,proof,bafkreibxfgof5f27hh2fvgwrw3ymwr4yfbwusdryviuzzjtsx4bjavq57i,1,198,19.210208032745868,2,62.80462502036244,True
seed_10002-clients_5-joint_dirichlet_0.3-submitted-label_flip-B7,public,bafkreiew7xvmricufueb3md3vc7rvbqbq3gj43v7vhuugg2o5uxozgfksa,1,313,29.872332990635186,2,164.9971249862574,True
seed_10002-clients_5-joint_dirichlet_0.3-submitted-label_flip-B7,submission_manifest,bafkreiefikvppjhvhh2hxbnpcndc6n6ga45774eq4cm4eqckhce7puvqbq,1,545,20.174124976620078,2,50.73516600532457,True
seed_10002-clients_5-joint_dirichlet_0.3-submitted-label_flip-B7,model,bafkreicmgxsxh67oj5yk35dydwgufjbckrvzss2quoj6yjzputrzvcy5ze,2,2267,18.31025001592934,2,47.754833998624235,True
seed_10002-clients_5-joint_dirichlet_0.3-submitted-label_flip-B7,metrics,bafkreih5lcogjq3nxsmf7nxiiqtdmtmvp6hd6m2jjswueolrsg7xgnhudm,2,217,1.8651660066097975,2,33.34745904430747,True
seed_10002-clients_5-joint_dirichlet_0.3-submitted-label_flip-B7,metadata,bafkreicjrvcav7nd6wdgrji5gj46k45cwptob4ne6b4ob44yldvkutz7he,2,91,2.246666990686208,2,35.77666595811024,True
seed_10002-clients_5-joint_dirichlet_0.3-submitted-label_flip-B7,bound_manifest,bafkreibptvwsx4hmygstu3scg2rt6fgcn2ggjeiohnmpiruwle6eonh4q4,2,340,24.54612503061071,2,66.27087498782203,True
seed_10002-clients_5-joint_dirichlet_0.3-submitted-label_flip-B7,proof,bafkreig4lvkt7d7nqb6rarr6yej25wjiejjahdixfdwnicovkgpmswnrxu,2,758,26.08495799358934,2,53.83074999554083,True
seed_10002-clients_5-joint_dirichlet_0.3-submitted-label_flip-B7,public,bafkreicsf3m7wtagexqd5tcadnbqrsbqvub2ohvs43azvr7dcl3tqvc66m,2,308,25.782834040001035,2,59.08991699106991,True
seed_10002-clients_5-joint_dirichlet_0.3-submitted-label_flip-B7,submission_manifest,bafkreiaqlyvqiq5v6jdq2cpyzxbli5d3tpkwltedvse36xwlhvqkgqmboi,2,544,21.080082980915904,2,61.84320797910914,True
seed_10002-clients_5-joint_dirichlet_0.3-submitted-label_flip-B7,model,bafkreihjoa5q3olxyvwe65ge6otbzbz7z3f4hqfmswdin2ctz62clqhsca,3,2244,18.213125003967434,2,56.54579104157165,True
seed_10002-clients_5-joint_dirichlet_0.3-submitted-label_flip-B7,metrics,bafkreieczvcqlxkky4eqcdacttzjr3mbfvxzrms2s5mx3baau3uwefahka,3,222,1.6811250243335962,2,32.981625001411885,True
seed_10002-clients_5-joint_dirichlet_0.3-submitted-label_flip-B7,metadata,bafkreidvr6xqvf5po7jdvvjsvs2utlreqyygozlsgedjusp6xdi6buvqfm,3,91,1.6822500037960708,2,38.810874975752085,True
seed_10002-clients_5-joint_dirichlet_0.3-submitted-label_flip-B7,bound_manifest,bafkreidwk3r7aeg7fwxg2qfjqaf62imwc66ja53js36lc6it2fvtzhpbza,3,340,26.09762502834201,2,54.899875016417354,True
seed_10002-clients_5-joint_dirichlet_0.3-submitted-label_flip-B7,proof,bafkreihllo3iolsggnpbuv2l6eywamzgrx5q4pb47yxnbm3zlsvxkztrie,3,760,22.30312500614673,2,43.69024996412918,True
seed_10002-clients_5-joint_dirichlet_0.3-submitted-label_flip-B7,public,bafkreiblvca2gykqrrooospoa73qfxlcagaqngrwfxzm5upkmtz3toqcvq,3,316,21.314917015843093,2,50.80454202834517,True
seed_10002-clients_5-joint_dirichlet_0.3-submitted-label_flip-B7,submission_manifest,bafkreih7fujspx2qxd76mgwnkl2dkh3rv2yvaila4ddwhwccsfkpb2c7f4,3,544,22.376541048288345,2,55.75933400541544,True
seed_10002-clients_5-joint_dirichlet_0.3-submitted-label_flip-B7,model,bafkreiay4rqilv72klbkkxgyd2ihkknucrtt5aogvmnif5l5hjel6w6rai,4,2291,21.22029202291742,2,53.656707983464,True
seed_10002-clients_5-joint_dirichlet_0.3-submitted-label_flip-B7,metrics,bafkreiglxlgzhju4gr6hw5qwalxbnc5zsc4idacz33zkn5fewqshlpfxd4,4,216,0.9617499890737236,2,31.773292052093893,True
seed_10002-clients_5-joint_dirichlet_0.3-submitted-label_flip-B7,metadata,bafkreifgks4slo3fms4ococ4kuxng2ooxod6ug7che7giffjyl4v5c3pim,4,91,1.667875039856881,2,32.2276660008356,True
seed_10002-clients_5-joint_dirichlet_0.3-submitted-label_flip-B7,bound_manifest,bafkreigpn4w2eangu4jau6fbjjsf2tdw7eeqxzmxhlca2yawouin65rcl4,4,340,20.075292035471648,2,54.66408299980685,True
seed_10002-clients_5-joint_dirichlet_0.3-submitted-label_flip-B7,proof,bafkreigyw2u7q7em7ikw6ezqzd3poxahbpatmsftn6wueguqw2uacpfi54,4,756,17.07545801764354,2,44.80212501948699,True
seed_10002-clients_5-joint_dirichlet_0.3-submitted-label_flip-B7,public,bafkreifgnpwbnwmg3roosgw6kz7h3ephy6tjjllvjboghwgmigeie6bcxy,4,306,16.15187496645376,2,40.926207962911576,True
seed_10002-clients_5-joint_dirichlet_0.3-submitted-label_flip-B7,submission_manifest,bafkreigpixitrqhklm3larisefb2vgl63tjtzrtzef64dbyrvu3yfta2bu,4,544,21.38995804125443,2,43.862041959073395,True
seed_10002-clients_5-joint_dirichlet_0.3-submitted-label_flip-B7,global_model,bafkreiewvvluvef75guag3s4mgwqdzh5334pn44klqiufjnc7woxglfymi,global,2249,22.85920799477026,2,43.290624977089465,True
seed_10002-clients_5-joint_dirichlet_0.3-submitted-label_flip-B7,report,bafkreihlufoxmbku37kircyr4ro5qq7n7oujpozi2fdrja2cpgw4rqoqvu,global,1718,24.164416012354195,2,57.836208026856184,True
seed_10002-clients_5-joint_dirichlet_0.3-submitted-label_flip-B7,model,bafkreien4wite6rjq3w657wd3f4kvuf26ke5qthdzndgkv6334stxev7hi,0,2253,25.122583960182965,3,48.959959007333964,True
seed_10002-clients_5-joint_dirichlet_0.3-submitted-label_flip-B7,metrics,bafkreigsfwggekof3x435duvqiqrvkoewc4xvlmvnja2zoa6ppbtuw2u4y,0,218,20.1424160040915,3,46.783292025793344,True
seed_10002-clients_5-joint_dirichlet_0.3-submitted-label_flip-B7,metadata,bafkreiey3diiuyer6xumz2z3zmvtbnrw7us2drrs3z3hndtj5tpsbcjf5q,0,91,1.8309159786440432,3,39.58545799832791,True
seed_10002-clients_5-joint_dirichlet_0.3-submitted-label_flip-B7,bound_manifest,bafkreidzbsp7y7hevtn4vnf6tdrh4fvximsepco64gbaxpjnplwlkjhhyy,0,340,32.327292021363974,3,61.75295799039304,True
seed_10002-clients_5-joint_dirichlet_0.3-submitted-label_flip-B7,proof,bafkreiadlfbjdqzlkv7sm2fpco6qhczpuqavxsz4xdw7t7z4hvqnrdnr4e,0,154,1.8514159601181746,3,39.44966703420505,True
seed_10002-clients_5-joint_dirichlet_0.3-submitted-label_flip-B7,public,bafkreiamhakqdfyfryzsdxkuy2jucd4xgkkpiv6vsjebsarn7moscsfxbm,0,303,25.183709047269076,3,55.00766704790294,True
seed_10002-clients_5-joint_dirichlet_0.3-submitted-label_flip-B7,submission_manifest,bafkreigcfawoptgppckl5abuszgk5i5lyu76icd3e47sfga5ndh7r2rbry,0,545,23.766583006363362,3,62.016500043682754,True
seed_10002-clients_5-joint_dirichlet_0.3-submitted-label_flip-B7,model,bafkreicwzgeghkqqheeg6zphfyvafxkguawifmlirlawqdclippiz5jxfe,1,2273,22.437874984461814,3,50.82920903805643,True
seed_10002-clients_5-joint_dirichlet_0.3-submitted-label_flip-B7,metrics,bafkreibfxozpmrl2qcclzmqqoy554vptekgaclgwer5ewqjv26jrmzwsp4,1,220,1.2145420187152922,3,29.569082951638848,True
seed_10002-clients_5-joint_dirichlet_0.3-submitted-label_flip-B7,metadata,bafkreicvtu6z7zfw2twqkqgb3z26sq4ge7sjwl555arm73avcdqlimippe,1,91,0.8376669720746577,3,33.85883301962167,True
seed_10002-clients_5-joint_dirichlet_0.3-submitted-label_flip-B7,bound_manifest,bafkreidhruh6pcdclzerjyhokonlmtmvvmfbvrs3j425yi62lb6i4nkdri,1,340,26.805332978256047,3,53.075832955073565,True
seed_10002-clients_5-joint_dirichlet_0.3-submitted-label_flip-B7,proof,bafkreihfqjtxxuspxsu5ahrogfn2uvd3e2zwdojr5vgeoarmtcsdaxzjnq,1,757,24.236958008259535,3,47.41387499962002,True
seed_10002-clients_5-joint_dirichlet_0.3-submitted-label_flip-B7,public,bafkreihgdwwylaf2se237ji4sqyijyh3asj62toozwkm2wb4wh5jhjiyja,1,311,23.051041003782302,3,58.91195801086724,True
seed_10002-clients_5-joint_dirichlet_0.3-submitted-label_flip-B7,submission_manifest,bafkreiejfhm3o33rtxo7vu3qfw5fdai37vusamtn4kdmiwb45yeoxmbopi,1,544,18.282084027305245,3,51.70274997362867,True
seed_10002-clients_5-joint_dirichlet_0.3-submitted-label_flip-B7,model,bafkreicozs6filwb37kzmamhcxlm4rxzk4or75pv7swfldn2giohro4n3u,2,2252,22.342875017784536,3,53.83804201846942,True
seed_10002-clients_5-joint_dirichlet_0.3-submitted-label_flip-B7,metrics,bafkreifcwp54mdqepx4o3sdtpaxnqonpirpyrcc4hyc7x2eyefecjbczay,2,217,1.0341249871999025,3,40.06924998247996,True
seed_10002-clients_5-joint_dirichlet_0.3-submitted-label_flip-B7,metadata,bafkreicpg4n4ouh2xl7li6sj4uxjvirzmhvxtzmljkrigl47nvkatpho3y,2,91,1.0475419694557786,3,33.81841699592769,True
seed_10002-clients_5-joint_dirichlet_0.3-submitted-label_flip-B7,bound_manifest,bafkreih3htybd5gy3ohowxahrgn552xkkuc5fqogxdhs6i6ian6sebj5km,2,340,16.576374997384846,3,53.40600002091378,True
seed_10002-clients_5-joint_dirichlet_0.3-submitted-label_flip-B7,proof,bafkreiggbwb22x3e4libxy4jw3gjhcub3me7on46zzlszyngfa36vziv7q,2,759,20.983666996471584,3,42.295666004065424,True
seed_10002-clients_5-joint_dirichlet_0.3-submitted-label_flip-B7,public,bafkreif3dydrdnjkt7bg3ygn5en7o3i4hrts7j22bnxm5q2xl35lsfpd54,2,307,22.216124983970076,3,50.903875031508505,True
seed_10002-clients_5-joint_dirichlet_0.3-submitted-label_flip-B7,submission_manifest,bafkreia5zfbbdpysbx3xdt2wj6miocjfm4p7dgt2mhx6tqchkxrkyapluu,2,544,20.247791951987892,3,50.94004195416346,True
seed_10002-clients_5-joint_dirichlet_0.3-submitted-label_flip-B7,model,bafkreidtgeflmyniorujvddeuyasate6dhr3ec4gol3x6f3nz7thbbhorq,3,2227,21.05833397945389,3,50.8127500070259,True
seed_10002-clients_5-joint_dirichlet_0.3-submitted-label_flip-B7,metrics,bafkreice73n2rz2ukxgwrgpct7brhkmueto6bnbipdb4cmnl4am7nqcmwu,3,221,1.0414579883217812,3,35.91787500772625,True
seed_10002-clients_5-joint_dirichlet_0.3-submitted-label_flip-B7,metadata,bafkreickiwcr2tgefp6inx4amr5yot7c2lgbiob75p7wflsmdolcaem5uu,3,91,1.183000043965876,3,45.17037497134879,True
seed_10002-clients_5-joint_dirichlet_0.3-submitted-label_flip-B7,bound_manifest,bafkreiab64qo4pbwk3cvs54cgwcddnpyqd2d5iw5phhzsf5nh6dojj2g5a,3,340,24.507708963938057,3,49.75645896047354,True
seed_10002-clients_5-joint_dirichlet_0.3-submitted-label_flip-B7,proof,bafkreibnpaybxiaawypfcsdaws55mkyjtdcblhkqhtdnca5ql6gx44afum,3,137,0.8497089729644358,3,31.769166002050042,True
seed_10002-clients_5-joint_dirichlet_0.3-submitted-label_flip-B7,public,bafkreidiyeqaxdtb3nhhcw2u7qxljv3joe2eu7z266ppxdnknf2kr4cmkq,3,313,22.31829200172797,3,47.908582957461476,True
seed_10002-clients_5-joint_dirichlet_0.3-submitted-label_flip-B7,submission_manifest,bafkreig2lpc2z27fef4pqnu77x7ll4w2b66fw4mqxvwdc6druskp6pzqsi,3,545,20.00370796304196,3,50.9350830106996,True
seed_10002-clients_5-joint_dirichlet_0.3-submitted-label_flip-B7,model,bafkreiemoglzmxkcqjpqtm253xh233lqhkrp726nxrsbzulbbpvarqdgwy,4,2274,17.309207993093878,3,52.693417004775256,True
seed_10002-clients_5-joint_dirichlet_0.3-submitted-label_flip-B7,metrics,bafkreiab5bmbzf2vvk4cslsnnre5fnqzegzoe7wioyzu7qobpsgfapdbxa,4,216,1.0227499878965318,3,38.197999994736165,True
seed_10002-clients_5-joint_dirichlet_0.3-submitted-label_flip-B7,metadata,bafkreibobq6bd7a4rlzzwfr7wpzjs23gmcwn7vxujjae66kykqprjnrzye,4,91,0.8362089865840971,3,29.783957987092435,True
seed_10002-clients_5-joint_dirichlet_0.3-submitted-label_flip-B7,bound_manifest,bafkreiedu2nlijak25uog5irbpfktbbydu4s7o5pdmve2l7enju3g7plei,4,340,28.175083978567272,3,65.25074999080971,True
seed_10002-clients_5-joint_dirichlet_0.3-submitted-label_flip-B7,proof,bafkreiarwo2xqyd3cofn66la4gcfyi5n4ifs472sq5ojplg3gzfxpyntiy,4,760,17.129332991316915,3,42.58979100268334,True
seed_10002-clients_5-joint_dirichlet_0.3-submitted-label_flip-B7,public,bafkreicdwj32scl67mptjzpespse3tboqg246u6n644zvfrlynq5zqk5ha,4,306,19.321249972563237,3,46.78812500787899,True
seed_10002-clients_5-joint_dirichlet_0.3-submitted-label_flip-B7,submission_manifest,bafkreiehoreevlgh3ttx2waj5irk4dymau5tk5oa6c2piipf6ppgtcdoke,4,544,27.374666999094188,3,45.89154198765755,True
seed_10002-clients_5-joint_dirichlet_0.3-submitted-label_flip-B7,global_model,bafkreib54bydbdwt66setju2lqy2aawpampjlx7ayc2aotwabqkllxmcoa,global,2266,25.110541959293187,3,51.024582993704826,True
seed_10002-clients_5-joint_dirichlet_0.3-submitted-label_flip-B7,report,bafkreihdtrm4h7lmjejtrn6emvn6db22jno32yhvy6dycistmervcvbylq,global,1718,4.97637502849102,3,35.02816701075062,True
seed_10002-clients_5-joint_dirichlet_0.3-submitted-none-B4,model,bafkreicsvmnsag4zcgduk4w4qwsjw2yviyc6sac6mptprsailvlmgspuge,0,2085,16.74108300358057,1,58.34312504157424,True
seed_10002-clients_5-joint_dirichlet_0.3-submitted-none-B4,metrics,bafkreigr3ioxrphp7iwq5bri2vzou5ccdxctltpzb2qovaff7rzp4h3lje,0,218,25.088125024922192,1,49.49795897118747,True
seed_10002-clients_5-joint_dirichlet_0.3-submitted-none-B4,metadata,bafkreihmgnfvm3aubvecmqnf7zi5oeuy7zthoxcmxuihxh2dk3qlmh3woi,0,91,22.243332990910858,1,53.03054198157042,True
seed_10002-clients_5-joint_dirichlet_0.3-submitted-none-B4,bound_manifest,bafkreie7wrbqs4zwnpgrlp6et6wa643fw64763toqvfinprmmf3idwrvcm,0,340,25.106207991484553,1,57.022249966394156,True
seed_10002-clients_5-joint_dirichlet_0.3-submitted-none-B4,proof,bafkreiexamv6fsdera6frvwzr3bm6l3w7peoaz3l34f4g5pebylmo7xcfy,0,154,1.0546249686740339,1,38.55458402540535,True
seed_10002-clients_5-joint_dirichlet_0.3-submitted-none-B4,public,bafkreib43vxhluf7egd7ma57swv635nudxng6xyxesulx3zzs5svy4ncai,0,302,27.264125004876405,1,55.17062498256564,True
seed_10002-clients_5-joint_dirichlet_0.3-submitted-none-B4,submission_manifest,bafkreiexgnbs7ks73mi6ytr552dre3tixcfbt724yk3fpzapkn7g3k7sau,0,545,36.95466701174155,1,57.298417028505355,True
seed_10002-clients_5-joint_dirichlet_0.3-submitted-none-B4,model,bafkreidtj2cqf5xszm4mprgsxibrqetamhzh6vtdangpdmst6p4nije4bi,1,2215,24.64037499157712,1,53.533250000327826,True
seed_10002-clients_5-joint_dirichlet_0.3-submitted-none-B4,metrics,bafkreifp32kanzubrxc2l3gi7wvqab6w7bbd6e5tnzdiz2qdo7wlc4zywe,1,220,24.631084001157433,1,56.19524995563552,True
seed_10002-clients_5-joint_dirichlet_0.3-submitted-none-B4,metadata,bafkreicyvghrn2cklezhl5ahr3yyssxtrfwtrvry4amhp2dy6jdsbdgiuu,1,91,19.286499998997897,1,60.67591696046293,True
seed_10002-clients_5-joint_dirichlet_0.3-submitted-none-B4,bound_manifest,bafkreibra26fatrunjf45emtgmlxperybccng7qbz5n4uo2aqtjapeo5ve,1,340,18.297166971024126,1,46.38929199427366,True
seed_10002-clients_5-joint_dirichlet_0.3-submitted-none-B4,proof,bafkreid5h5uyzyqxgo5yguah32xoqgafel37m7rg4usgtbt7hgu3gv3j54,1,756,19.19087499845773,1,43.12783299246803,True
seed_10002-clients_5-joint_dirichlet_0.3-submitted-none-B4,public,bafkreicflbltych5kvi4nb74xpfqwxqctrjdbpaksnf2537t7x4aoczoqm,1,310,18.107499985489994,1,43.92254201229662,True
seed_10002-clients_5-joint_dirichlet_0.3-submitted-none-B4,submission_manifest,bafkreigholsr3upxlwni6hgl6z2er4kme25ldi3tzf7c7sj7qppp4ocshq,1,544,18.19070801138878,1,46.891417005099356,True
seed_10002-clients_5-joint_dirichlet_0.3-submitted-none-B4,model,bafkreiecfvs3lgep6wfalfrdtdbmr6pzgmpzcxhcwq57yf44jqrkzmkmbe,2,2269,17.66491698799655,1,45.66299996804446,True
seed_10002-clients_5-joint_dirichlet_0.3-submitted-none-B4,metrics,bafkreihcd3qscx4tqgtsnjaaq3hglntbxe7vsfbxe5ecrgeobobb2xkd6y,2,217,24.58754100371152,1,44.706166023388505,True
seed_10002-clients_5-joint_dirichlet_0.3-submitted-none-B4,metadata,bafkreia4kt3dwm3ctn7kjjvmrovzmgyiusyd6mhg3wa2gluiij5sdjtk4q,2,91,19.22337501309812,1,47.980208008084446,True
seed_10002-clients_5-joint_dirichlet_0.3-submitted-none-B4,bound_manifest,bafkreiblrwaux3qkgkpwwcj7v77c53dm3wpt7x65oaq24gm5tvdbeac47e,2,340,25.92004102189094,1,58.69724997319281,True
seed_10002-clients_5-joint_dirichlet_0.3-submitted-none-B4,proof,bafkreicymh444qkhxy6pcm57ic5bjkrr5wnjxnfgn3wxtmvo7jyeazt7s4,2,755,22.284667007625103,1,49.575583019759506,True
seed_10002-clients_5-joint_dirichlet_0.3-submitted-none-B4,public,bafkreifwecvv5w3drm6bclt7w27fsox3lkd4oqchjngzzwnjlpx4cmp7em,2,309,22.157291998155415,1,49.9404160073027,True
seed_10002-clients_5-joint_dirichlet_0.3-submitted-none-B4,submission_manifest,bafkreihs44tq6e6ytu4cpvax7h3c6ipjb2ogiet4h5vernmfs35lh7bmdq,2,544,23.28666701214388,1,58.9817920117639,True
seed_10002-clients_5-joint_dirichlet_0.3-submitted-none-B4,model,bafkreidusgoh74ly2ecbci65h2bnwmxktz73xyholmpkdc2jub5tek5m5e,3,2076,29.424458043649793,1,59.59091702243313,True
seed_10002-clients_5-joint_dirichlet_0.3-submitted-none-B4,metrics,bafkreib67srendym5ekvdbv2lwqbvz2xejraplyx6erx3okot3lvty4vmu,3,223,19.75254202261567,1,65.37133298115805,True
seed_10002-clients_5-joint_dirichlet_0.3-submitted-none-B4,metadata,bafkreihya6pc6k2sgeqgqpxi2nbcu5sbbqlw36eqt2q2cuh2vbsw4ilkta,3,91,19.21041595051065,1,53.69500000961125,True
seed_10002-clients_5-joint_dirichlet_0.3-submitted-none-B4,bound_manifest,bafkreibrjpecsx4h3g5vde3bccpxqh4pkwjv7pupnqmwrtpijqzc2bgav4,3,340,18.90775002539158,1,51.26083403592929,True
seed_10002-clients_5-joint_dirichlet_0.3-submitted-none-B4,proof,bafkreigfihiajvbdxehavtkasqnxdczzkwlazdcw5sifhqivnkdgcbkeo4,3,758,18.044041993562132,1,47.23516700323671,True
seed_10002-clients_5-joint_dirichlet_0.3-submitted-none-B4,public,bafkreiblvh2zew6k6ayh2vyolpzhanxjxofmqo5jnstzdtegvujyumdqpq,3,315,20.08270804071799,1,46.918332984205335,True
seed_10002-clients_5-joint_dirichlet_0.3-submitted-none-B4,submission_manifest,bafkreienhcq4gpg3r3gi72vp57ifp2r6cvm5ifuj7nmmqenq6zpitrk26a,3,544,19.136999966576695,1,47.8709579911083,True
seed_10002-clients_5-joint_dirichlet_0.3-submitted-none-B4,model,bafkreic4kir7jzx7ovdrsn52txaeuhjcjhzwrrt6aqf4o5hidxpoqcg6oi,4,2274,18.29362497664988,1,46.798416995443404,True
seed_10002-clients_5-joint_dirichlet_0.3-submitted-none-B4,metrics,bafkreibqyfj42ajl3r6n3dne5zqyezcem35yau7ie5euodl64ojcwr7y24,4,216,21.563040965702385,1,43.77849999582395,True
seed_10002-clients_5-joint_dirichlet_0.3-submitted-none-B4,metadata,bafkreifynjguyveuesrg66q67nuxjdk76nxfspoli2ri2gordpf3joindu,4,91,18.55479198275134,1,58.06295800721273,True
seed_10002-clients_5-joint_dirichlet_0.3-submitted-none-B4,bound_manifest,bafkreigdaih6a3rdbxfcfv6tvbyax2e52q45jignt2lqkcp4ad5rrgfgfm,4,340,22.356333036441356,1,51.67983297724277,True
seed_10002-clients_5-joint_dirichlet_0.3-submitted-none-B4,proof,bafkreiclab3kbd3vq7mms6wpntltp2au2mbqqoaltrisygl6y22vqbfgnu,4,759,20.949041994754225,1,46.282124996650964,True
seed_10002-clients_5-joint_dirichlet_0.3-submitted-none-B4,public,bafkreick342426o56tjzoi2iolwpttxnel3m7sshfadqrd5skerjmzi4ym,4,304,17.11679098661989,1,43.9196249935776,True
seed_10002-clients_5-joint_dirichlet_0.3-submitted-none-B4,submission_manifest,bafkreibfsbaxgcm2rc6uwc7glywkxfwj7tbscjvt4v3wjxc2dsmq3qa6ae,4,544,23.66612496552989,1,49.96033298084512,True
seed_10002-clients_5-joint_dirichlet_0.3-submitted-none-B4,global_model,bafkreia36gs6rny2rwanceu2rrohkda6hxwslv6upztnabho2squdjgnjq,global,2319,18.70333298575133,1,53.20195900276303,True
seed_10002-clients_5-joint_dirichlet_0.3-submitted-none-B4,report,bafkreib2bzagc67lac4lob6gy5m2nuar3mbphbnarts6jouafvpn6blqoq,global,1723,29.68920802231878,1,65.6793339876458,True
seed_10002-clients_5-joint_dirichlet_0.3-submitted-none-B4,model,bafkreihlyjoub2b33zl4ifdf4xdxh3blfhgjoh7zneqo5itd3usfmnm5fe,0,2266,20.98550001392141,2,41.409124969504774,True
seed_10002-clients_5-joint_dirichlet_0.3-submitted-none-B4,metrics,bafkreibtmvkp7jnko64tjmbipv3ietx7qabk4rhmhtmchqm4z75mpoqrbm,0,218,18.03441601805389,2,45.04437500145286,True
seed_10002-clients_5-joint_dirichlet_0.3-submitted-none-B4,metadata,bafkreifc32knpe6lhbzxpddl5xa4d36u3furb7n4gid2iyguvp2sblfuri,0,91,16.282875032629818,2,47.94658301398158,True
seed_10002-clients_5-joint_dirichlet_0.3-submitted-none-B4,bound_manifest,bafkreidv5dwarlznkoi5bzyjd43tfzxesch4vlk6rz4blmgnb7fmdjer3a,0,340,22.320125019177794,2,55.83899997873232,True
seed_10002-clients_5-joint_dirichlet_0.3-submitted-none-B4,proof,bafkreibtqnhfgmb3yugkdzqhzrhepy4hbhfenl66lgw6w72tbdq25kj4sm,0,154,1.2834169901907444,2,32.84995898138732,True
seed_10002-clients_5-joint_dirichlet_0.3-submitted-none-B4,public,bafkreibxrc2vjtr6lssxybhhs7jk6uxxqxi6u3yubhbu6a5feqp2upsd4y,0,302,21.585874957963824,2,52.61295801028609,True
seed_10002-clients_5-joint_dirichlet_0.3-submitted-none-B4,submission_manifest,bafkreidfu5y5xe3usvqiovacqckd4cuehj5cdqqbfcwu7kggb3mm4v4hri,0,545,19.476792018394917,2,43.94466697704047,True
seed_10002-clients_5-joint_dirichlet_0.3-submitted-none-B4,model,bafkreigkh74i4rgv3ozyqrybfzh5f5ddhusbd7tf63vmnuw6kie7jh6may,1,2297,23.500541981775314,2,46.338875021319836,True
seed_10002-clients_5-joint_dirichlet_0.3-submitted-none-B4,metrics,bafkreiddb2jlpeuqmmpiqe63awjmydaxy2bc2lt7254fk3p33jlq52tvay,1,220,18.25591694796458,2,45.35591701278463,True
seed_10002-clients_5-joint_dirichlet_0.3-submitted-none-B4,metadata,bafkreicnhlp7zwweo6je5zo57z47lih5nh73ly7xm6ybnwvm4unybnpenu,1,91,23.20279198465869,2,44.161709025502205,True
seed_10002-clients_5-joint_dirichlet_0.3-submitted-none-B4,bound_manifest,bafkreiee53wjzxvdcsrxkndqh3acquqensros5xa7tdeodtn2ddfprfleu,1,340,18.343832984101027,2,44.63279095944017,True
seed_10002-clients_5-joint_dirichlet_0.3-submitted-none-B4,proof,bafkreid76ja2q24edyt6477wt6eeu274y7fzflcst75hymuc3ta5psa5gu,1,758,20.130124990828335,2,51.6777079901658,True
seed_10002-clients_5-joint_dirichlet_0.3-submitted-none-B4,public,bafkreia6up5ui45vr53hzri3fwnhg7ltul3fzh6y3qm3umx6t6tpbtm7ny,1,311,23.10145803494379,2,49.96133304666728,True
seed_10002-clients_5-joint_dirichlet_0.3-submitted-none-B4,submission_manifest,bafkreicpnvex4lxhfjut4i4uz63phh5s3mxxe3wgxhcz6sce6fyaktb3xa,1,544,31.760791956912726,2,59.06975001562387,True
seed_10002-clients_5-joint_dirichlet_0.3-submitted-none-B4,model,bafkreih4cb6jjd3xfxqgizi45q2htwc7aj6qvdp33fjsz6vm2baqytvrbi,2,2301,24.339916999451816,2,57.95575003139675,True
seed_10002-clients_5-joint_dirichlet_0.3-submitted-none-B4,metrics,bafkreih5lcogjq3nxsmf7nxiiqtdmtmvp6hd6m2jjswueolrsg7xgnhudm,2,217,24.36441701138392,2,53.93095896579325,True
seed_10002-clients_5-joint_dirichlet_0.3-submitted-none-B4,metadata,bafkreicjrvcav7nd6wdgrji5gj46k45cwptob4ne6b4ob44yldvkutz7he,2,91,23.760708048939705,2,67.03037495026365,True
seed_10002-clients_5-joint_dirichlet_0.3-submitted-none-B4,bound_manifest,bafkreialqcnljgnd5fq3spg5paywod3hlhr44bkybncszqsmyh57duo3u4,2,340,18.302499956917018,2,53.50679199909791,True
seed_10002-clients_5-joint_dirichlet_0.3-submitted-none-B4,proof,bafkreiehwabczbr3dogynh4inrlvefiomq52utmjtqcyddze5wrk3dv2aa,2,759,20.03854198846966,2,40.78083299100399,True
seed_10002-clients_5-joint_dirichlet_0.3-submitted-none-B4,public,bafkreifulimidn77vdxuv5izcmn4rmvnguiy75gpgn4wdhu5jwhibri6ke,2,307,20.21504199365154,2,49.899375007953495,True
seed_10002-clients_5-joint_dirichlet_0.3-submitted-none-B4,submission_manifest,bafkreigxkirv7ipeoh7wyhplsxh3a3g5iarimmwvsou62f3qcfsqj5s3jm,2,544,23.058332968503237,2,62.137375003658235,True
seed_10002-clients_5-joint_dirichlet_0.3-submitted-none-B4,model,bafkreibsnjky6jyqv2fhwfs7em5jknvfonvmaol6oi5mpuzptiagsu3xgm,3,2283,24.887042003683746,2,59.2036250163801,True
seed_10002-clients_5-joint_dirichlet_0.3-submitted-none-B4,metrics,bafkreieczvcqlxkky4eqcdacttzjr3mbfvxzrms2s5mx3baau3uwefahka,3,222,24.656500027049333,2,60.69829099578783,True
seed_10002-clients_5-joint_dirichlet_0.3-submitted-none-B4,metadata,bafkreidvr6xqvf5po7jdvvjsvs2utlreqyygozlsgedjusp6xdi6buvqfm,3,91,22.13274996029213,2,49.908542016055435,True
seed_10002-clients_5-joint_dirichlet_0.3-submitted-none-B4,bound_manifest,bafkreig6evlxk5ykwz7o3gop357dvyzm4436udz3tn762xbzjdhubx4wne,3,340,23.33079103846103,2,56.62499996833503,True
seed_10002-clients_5-joint_dirichlet_0.3-submitted-none-B4,proof,bafkreifyixo6bptjlntsaeud5466rnr37dj3eu63y7h4n2e3xzzxoydahe,3,759,24.170666991267353,2,42.98516601556912,True
seed_10002-clients_5-joint_dirichlet_0.3-submitted-none-B4,public,bafkreifeuf2exuiteu6sq2y6els2v322yd5kapsejgotrueqrcvi7pgtfe,3,317,20.193375006783754,2,49.99383399263024,True
seed_10002-clients_5-joint_dirichlet_0.3-submitted-none-B4,submission_manifest,bafkreifa3pcd2tvmw5s5hw5yidn7dizypkhlucrry3z3odlzbiclivv3zm,3,544,21.18795900605619,2,50.96508399583399,True
seed_10002-clients_5-joint_dirichlet_0.3-submitted-none-B4,model,bafkreiceelitjagvdip7cutmg5chyhtqdeptvvrzltkf3yr5unezizzjjm,4,2291,19.17504199082032,2,55.74041703948751,True
seed_10002-clients_5-joint_dirichlet_0.3-submitted-none-B4,metrics,bafkreiglxlgzhju4gr6hw5qwalxbnc5zsc4idacz33zkn5fewqshlpfxd4,4,216,25.223792006727308,2,59.51975000789389,True
seed_10002-clients_5-joint_dirichlet_0.3-submitted-none-B4,metadata,bafkreifgks4slo3fms4ococ4kuxng2ooxod6ug7che7giffjyl4v5c3pim,4,91,22.56658294936642,2,55.7272500009276,True
seed_10002-clients_5-joint_dirichlet_0.3-submitted-none-B4,bound_manifest,bafkreib4cc6lvnllbabvyzsjpt2laerqwnothtfjgfklwzpduifjo4hg6u,4,340,23.36266601923853,2,59.408666973467916,True
seed_10002-clients_5-joint_dirichlet_0.3-submitted-none-B4,proof,bafkreihjh7ubat5je6hshuznypz7vl5oy54esbzvh2p7qvdqyike4326ya,4,758,18.08991696452722,2,45.57454102905467,True
seed_10002-clients_5-joint_dirichlet_0.3-submitted-none-B4,public,bafkreifneouleycjpphvraql4esasetejdc3s5k2ctjhtwmgddqobid7kq,4,306,19.122041994705796,2,46.918208012357354,True
seed_10002-clients_5-joint_dirichlet_0.3-submitted-none-B4,submission_manifest,bafkreiexfr6c5rwv6dbdgjphnkftys3qkmithlnbssbcpricpqm5whb45y,4,544,21.278500033076853,2,49.83104200800881,True
seed_10002-clients_5-joint_dirichlet_0.3-submitted-none-B4,global_model,bafkreibv5eftmkc6zmkxlzq5p2p4cbf3h7uafqzijbw6dc3xzca5h7biym,global,2299,19.26325005479157,2,44.007499993313104,True
seed_10002-clients_5-joint_dirichlet_0.3-submitted-none-B4,report,bafkreiee4jce77ch3j6pxqdvrzms3kbdjbqxoofjsh2ivtl7vn6rjdcsyu,global,1774,16.824707970954478,2,42.51195798860863,True
seed_10002-clients_5-joint_dirichlet_0.3-submitted-none-B4,model,bafkreiff2uqjfyz4df5inlruziqcw4tkeq2tyqm4puerwuk5xsgcsr3fg4,0,2284,20.168374991044402,3,41.92208399763331,True
seed_10002-clients_5-joint_dirichlet_0.3-submitted-none-B4,metrics,bafkreicc5ryalwu47gzqxtxxs4qeormdmzkzyoiig3etcqwozm34mzxomy,0,218,25.330582982860506,3,48.388708964921534,True
seed_10002-clients_5-joint_dirichlet_0.3-submitted-none-B4,metadata,bafkreiey3diiuyer6xumz2z3zmvtbnrw7us2drrs3z3hndtj5tpsbcjf5q,0,91,23.185416008345783,3,57.09479097276926,True
seed_10002-clients_5-joint_dirichlet_0.3-submitted-none-B4,bound_manifest,bafkreidrxtkzce24i6ef57bg3mzlzgtcrr63y2qoyb2y4h6xwegdeacv5q,0,340,20.951375016011298,3,56.08929099980742,True
seed_10002-clients_5-joint_dirichlet_0.3-submitted-none-B4,proof,bafkreiadlfbjdqzlkv7sm2fpco6qhczpuqavxsz4xdw7t7z4hvqnrdnr4e,0,154,5.1880000391975045,3,48.29829197842628,True
seed_10002-clients_5-joint_dirichlet_0.3-submitted-none-B4,public,bafkreibirptztivvuxnptipl2s34ainpuw7liwue5zl55s2mzvucyhzsc4,0,302,31.2997080036439,3,66.78375002229586,True
seed_10002-clients_5-joint_dirichlet_0.3-submitted-none-B4,submission_manifest,bafkreievecyqmwwwcg6d5p7vvfst5me7yknvwfl5eyckvxg4spv4oh6dhm,0,545,24.344874953385442,3,59.98775002080947,True
seed_10002-clients_5-joint_dirichlet_0.3-submitted-none-B4,model,bafkreiaxgwpq2qsiqojqauhf5t2d7zotbfuzqzrn6cvekmdk2mpcc7ziq4,1,2278,26.224375003948808,3,59.182917000725865,True
seed_10002-clients_5-joint_dirichlet_0.3-submitted-none-B4,metrics,bafkreibfxozpmrl2qcclzmqqoy554vptekgaclgwer5ewqjv26jrmzwsp4,1,220,19.102416990790516,3,44.83637498924509,True
seed_10002-clients_5-joint_dirichlet_0.3-submitted-none-B4,metadata,bafkreicvtu6z7zfw2twqkqgb3z26sq4ge7sjwl555arm73avcdqlimippe,1,91,17.340666032396257,3,47.90804203366861,True
seed_10002-clients_5-joint_dirichlet_0.3-submitted-none-B4,bound_manifest,bafkreifapqtuqmmzx7djwckqg7ii3e5jjiu6z4dr47iqie5vgxaqn5b7zy,1,340,18.222208018414676,3,43.751333956606686,True
seed_10002-clients_5-joint_dirichlet_0.3-submitted-none-B4,proof,bafkreie2ua3oeobv7vaobrpcf743btx4uzr7smfh6ihw4nndnmcnyxm4ey,1,761,18.061375012621284,3,48.4494169941172,True
seed_10002-clients_5-joint_dirichlet_0.3-submitted-none-B4,public,bafkreif5fqpjizp5creemuru3wrfzgjxpcsl3w2eyhuyvrgvgbdathpqqi,1,311,19.105999963358045,3,44.95266597950831,True
seed_10002-clients_5-joint_dirichlet_0.3-submitted-none-B4,submission_manifest,bafkreicp5fu7dknmaiahx57yo4nzz6cr5pqcaxan5yjbeqca2rts3457sy,1,544,21.23758301604539,3,58.14533296506852,True
seed_10002-clients_5-joint_dirichlet_0.3-submitted-none-B4,model,bafkreiehal33hqg2zt5isrryzn42nopv5srly5hj7wgyqzumewgwqpubea,2,2277,24.43804102949798,3,53.107458050362766,True
seed_10002-clients_5-joint_dirichlet_0.3-submitted-none-B4,metrics,bafkreifcwp54mdqepx4o3sdtpaxnqonpirpyrcc4hyc7x2eyefecjbczay,2,217,27.448457956779748,3,58.46579105127603,True
seed_10002-clients_5-joint_dirichlet_0.3-submitted-none-B4,metadata,bafkreicpg4n4ouh2xl7li6sj4uxjvirzmhvxtzmljkrigl47nvkatpho3y,2,91,20.991207973565906,3,54.42054197192192,True
seed_10002-clients_5-joint_dirichlet_0.3-submitted-none-B4,bound_manifest,bafkreigd75aa36bcxgymthuayhmihmpf3ngy5o2dkkmhlmfp77ok7j3qae,2,340,18.17679201485589,3,47.89358301786706,True
seed_10002-clients_5-joint_dirichlet_0.3-submitted-none-B4,proof,bafkreigcwqgmau22vnt2t4gcikaugx5fkzyvytocgbdlzwiwettsohv4iy,2,759,20.982999994885176,3,45.08816701127216,True
seed_10002-clients_5-joint_dirichlet_0.3-submitted-none-B4,public,bafkreifioxwagdd2gdzoolpndev62vl7diajs36eckn7hyorrtxrzsr7iy,2,307,18.15720897866413,3,43.88362501049414,True
seed_10002-clients_5-joint_dirichlet_0.3-submitted-none-B4,submission_manifest,bafkreigt66amzcb43hotfiannydv3pk66cfoz2bgdkwiftruiftdcamvhm,2,544,20.153417019173503,3,53.05716599104926,True
seed_10002-clients_5-joint_dirichlet_0.3-submitted-none-B4,model,bafkreigjbeopnyqdd4rq23kzwrgc24elibejjnknrv2kl6zbpqg3ac2asy,3,2273,18.345542019233108,3,45.12199998134747,True
seed_10002-clients_5-joint_dirichlet_0.3-submitted-none-B4,metrics,bafkreice73n2rz2ukxgwrgpct7brhkmueto6bnbipdb4cmnl4am7nqcmwu,3,221,19.164791970979422,3,47.72537504322827,True
seed_10002-clients_5-joint_dirichlet_0.3-submitted-none-B4,metadata,bafkreickiwcr2tgefp6inx4amr5yot7c2lgbiob75p7wflsmdolcaem5uu,3,91,18.981416011229157,3,44.65145897120237,True
seed_10002-clients_5-joint_dirichlet_0.3-submitted-none-B4,bound_manifest,bafkreidcec7jt6vx4w3n6qnmj4qfadabnllwivlmgs7k5ab43jj272tjzi,3,340,18.409457989037037,3,44.30200002389029,True
seed_10002-clients_5-joint_dirichlet_0.3-submitted-none-B4,proof,bafkreibnpaybxiaawypfcsdaws55mkyjtdcblhkqhtdnca5ql6gx44afum,3,137,21.052416996099055,3,44.76808296749368,True
seed_10002-clients_5-joint_dirichlet_0.3-submitted-none-B4,public,bafkreifv7jcwcxdkvetndrks7xb3iqamhbm5pxzfvqoh5lbeynk7cm3mhi,3,313,19.245208997745067,3,52.266167011111975,True
seed_10002-clients_5-joint_dirichlet_0.3-submitted-none-B4,submission_manifest,bafkreic37tjkrogie4gu6rfloruf7tdc2oxvy2r4bolcblmpwm5cutjalq,3,545,22.32499996898696,3,45.49387498991564,True
seed_10002-clients_5-joint_dirichlet_0.3-submitted-none-B4,model,bafkreife6hcll42ch4bma5bytkx5lyewb5k2zxds6be6czzclvwglmtuva,4,2278,18.212041002698243,3,56.62687501171604,True
seed_10002-clients_5-joint_dirichlet_0.3-submitted-none-B4,metrics,bafkreiab5bmbzf2vvk4cslsnnre5fnqzegzoe7wioyzu7qobpsgfapdbxa,4,216,22.482250002212822,3,55.380667035933584,True
seed_10002-clients_5-joint_dirichlet_0.3-submitted-none-B4,metadata,bafkreibobq6bd7a4rlzzwfr7wpzjs23gmcwn7vxujjae66kykqprjnrzye,4,91,18.37108301697299,3,45.54650001227856,True
seed_10002-clients_5-joint_dirichlet_0.3-submitted-none-B4,bound_manifest,bafkreibhfq7mgxam2kjg6lvmxdig4go5dc3dlw4k5ozu5mjyyn7p4xat2m,4,340,18.278957984875888,3,45.30795896425843,True
seed_10002-clients_5-joint_dirichlet_0.3-submitted-none-B4,proof,bafkreia44naio6oujlf3xpgvomi5yi5idq5hq4iveubooh7jyck6vp3aiu,4,755,22.06929196836427,3,53.48083301214501,True
seed_10002-clients_5-joint_dirichlet_0.3-submitted-none-B4,public,bafkreic6f2zpvi2v4zuuu6sq62ryi5zo4eqfagddmjjw4qs7v56ojlizjm,4,306,26.720167021267116,3,50.96766701899469,True
seed_10002-clients_5-joint_dirichlet_0.3-submitted-none-B4,submission_manifest,bafkreiaq6jv7dbwdftswbqkujtgjzwesc4wydtafncjeobvdidinw5j5oe,4,544,27.841375034768134,3,60.65095798112452,True
seed_10002-clients_5-joint_dirichlet_0.3-submitted-none-B4,global_model,bafkreiebbrk74s5c6vrnrko2cx474wjodyci345d3jwh4wwd4noybhpudi,global,2277,26.826416957192123,3,53.269665979314595,True
seed_10002-clients_5-joint_dirichlet_0.3-submitted-none-B4,report,bafkreielz4cqojmrx2t7fszefgtl3e33z6n7zlw2lmd6dxus2neoogfcve,global,1719,22.60204200865701,3,55.086417007260025,True
seed_10002-clients_5-joint_dirichlet_0.3-submitted-none-B7,model,bafkreicsvmnsag4zcgduk4w4qwsjw2yviyc6sac6mptprsailvlmgspuge,0,2085,0.6375000230036676,1,30.838333012070507,True
seed_10002-clients_5-joint_dirichlet_0.3-submitted-none-B7,metrics,bafkreigr3ioxrphp7iwq5bri2vzou5ccdxctltpzb2qovaff7rzp4h3lje,0,218,0.6943340413272381,1,31.987916969228536,True
seed_10002-clients_5-joint_dirichlet_0.3-submitted-none-B7,metadata,bafkreihmgnfvm3aubvecmqnf7zi5oeuy7zthoxcmxuihxh2dk3qlmh3woi,0,91,0.8472080226056278,1,36.98350000195205,True
seed_10002-clients_5-joint_dirichlet_0.3-submitted-none-B7,bound_manifest,bafkreie7wrbqs4zwnpgrlp6et6wa643fw64763toqvfinprmmf3idwrvcm,0,340,0.9053749963641167,1,31.940374989062548,True
seed_10002-clients_5-joint_dirichlet_0.3-submitted-none-B7,proof,bafkreiexamv6fsdera6frvwzr3bm6l3w7peoaz3l34f4g5pebylmo7xcfy,0,154,2.473916974849999,1,33.081041008699685,True
seed_10002-clients_5-joint_dirichlet_0.3-submitted-none-B7,public,bafkreib43vxhluf7egd7ma57swv635nudxng6xyxesulx3zzs5svy4ncai,0,302,2.464416960719973,1,35.99341702647507,True
seed_10002-clients_5-joint_dirichlet_0.3-submitted-none-B7,submission_manifest,bafkreiexgnbs7ks73mi6ytr552dre3tixcfbt724yk3fpzapkn7g3k7sau,0,545,2.4364999844692647,1,35.11108399834484,True
seed_10002-clients_5-joint_dirichlet_0.3-submitted-none-B7,model,bafkreidtj2cqf5xszm4mprgsxibrqetamhzh6vtdangpdmst6p4nije4bi,1,2215,1.396083040162921,1,33.368792035616934,True
seed_10002-clients_5-joint_dirichlet_0.3-submitted-none-B7,metrics,bafkreifp32kanzubrxc2l3gi7wvqab6w7bbd6e5tnzdiz2qdo7wlc4zywe,1,220,1.6225409926846623,1,28.614874987397343,True
seed_10002-clients_5-joint_dirichlet_0.3-submitted-none-B7,metadata,bafkreicyvghrn2cklezhl5ahr3yyssxtrfwtrvry4amhp2dy6jdsbdgiuu,1,91,1.5699579962529242,1,32.568665978033096,True
seed_10002-clients_5-joint_dirichlet_0.3-submitted-none-B7,bound_manifest,bafkreibra26fatrunjf45emtgmlxperybccng7qbz5n4uo2aqtjapeo5ve,1,340,2.2442080080509186,1,34.64570897631347,True
seed_10002-clients_5-joint_dirichlet_0.3-submitted-none-B7,proof,bafkreih52oo3sgxhodjk6nwc3eqohaill274ocdvi36tntnkatfu257fya,1,758,21.074790973216295,1,41.16112500196323,True
seed_10002-clients_5-joint_dirichlet_0.3-submitted-none-B7,public,bafkreicflbltych5kvi4nb74xpfqwxqctrjdbpaksnf2537t7x4aoczoqm,1,310,0.8943750290200114,1,33.030540973413736,True
seed_10002-clients_5-joint_dirichlet_0.3-submitted-none-B7,submission_manifest,bafkreidjghckmhh7vhsn7awpm4dbghpgbxly2gb7cejwx7xmec4f2wqf4i,1,544,18.093249993398786,1,46.78983299527317,True
seed_10002-clients_5-joint_dirichlet_0.3-submitted-none-B7,model,bafkreiecfvs3lgep6wfalfrdtdbmr6pzgmpzcxhcwq57yf44jqrkzmkmbe,2,2269,0.9864160092547536,1,27.907416981179267,True
seed_10002-clients_5-joint_dirichlet_0.3-submitted-none-B7,metrics,bafkreihcd3qscx4tqgtsnjaaq3hglntbxe7vsfbxe5ecrgeobobb2xkd6y,2,217,1.0523329838179052,1,40.10616603773087,True
seed_10002-clients_5-joint_dirichlet_0.3-submitted-none-B7,metadata,bafkreia4kt3dwm3ctn7kjjvmrovzmgyiusyd6mhg3wa2gluiij5sdjtk4q,2,91,0.8442500256933272,1,36.34925000369549,True
seed_10002-clients_5-joint_dirichlet_0.3-submitted-none-B7,bound_manifest,bafkreiblrwaux3qkgkpwwcj7v77c53dm3wpt7x65oaq24gm5tvdbeac47e,2,340,0.7688750047236681,1,44.172666035592556,True
seed_10002-clients_5-joint_dirichlet_0.3-submitted-none-B7,proof,bafkreifdoxi4pxq6h2dtuxhzlzglp7v5wl2ob5tik5r6rihdb6onadny3i,2,758,20.038791000843048,1,47.17637499561533,True
seed_10002-clients_5-joint_dirichlet_0.3-submitted-none-B7,public,bafkreifwecvv5w3drm6bclt7w27fsox3lkd4oqchjngzzwnjlpx4cmp7em,2,309,0.7031250279396772,1,30.81516601378098,True
seed_10002-clients_5-joint_dirichlet_0.3-submitted-none-B7,submission_manifest,bafkreiagucfenpdphjjmaao3npsou5jvcgn7c6rhgcurqef6jtk54eup6i,2,544,26.234666991513222,1,47.84254200058058,True
seed_10002-clients_5-joint_dirichlet_0.3-submitted-none-B7,model,bafkreidusgoh74ly2ecbci65h2bnwmxktz73xyholmpkdc2jub5tek5m5e,3,2076,1.4227500068955123,1,38.50433399202302,True
seed_10002-clients_5-joint_dirichlet_0.3-submitted-none-B7,metrics,bafkreib67srendym5ekvdbv2lwqbvz2xejraplyx6erx3okot3lvty4vmu,3,223,2.7044160524383187,1,32.74175000842661,True
seed_10002-clients_5-joint_dirichlet_0.3-submitted-none-B7,metadata,bafkreihya6pc6k2sgeqgqpxi2nbcu5sbbqlw36eqt2q2cuh2vbsw4ilkta,3,91,1.8934999825432897,1,29.463999962899834,True
seed_10002-clients_5-joint_dirichlet_0.3-submitted-none-B7,bound_manifest,bafkreibrjpecsx4h3g5vde3bccpxqh4pkwjv7pupnqmwrtpijqzc2bgav4,3,340,2.0007920102216303,1,36.83229198213667,True
seed_10002-clients_5-joint_dirichlet_0.3-submitted-none-B7,proof,bafkreie7kqqxt2pkudcnauzvjr7ort637owjvpukbbe5w7zafxlgdkbxe4,3,761,24.002416990697384,1,45.93716701492667,True
seed_10002-clients_5-joint_dirichlet_0.3-submitted-none-B7,public,bafkreiblvh2zew6k6ayh2vyolpzhanxjxofmqo5jnstzdtegvujyumdqpq,3,315,0.6589170079678297,1,33.07279199361801,True
seed_10002-clients_5-joint_dirichlet_0.3-submitted-none-B7,submission_manifest,bafkreiaxqsf25hku45qbz2xmiv74hymyb4wa43n6brj4s4nywe3vdkge5y,3,544,26.11529198475182,1,53.04745800094679,True
seed_10002-clients_5-joint_dirichlet_0.3-submitted-none-B7,model,bafkreic4kir7jzx7ovdrsn52txaeuhjcjhzwrrt6aqf4o5hidxpoqcg6oi,4,2274,2.171957981772721,1,36.94762499071658,True
seed_10002-clients_5-joint_dirichlet_0.3-submitted-none-B7,metrics,bafkreibqyfj42ajl3r6n3dne5zqyezcem35yau7ie5euodl64ojcwr7y24,4,216,1.738541992381215,1,28.664540965110064,True
seed_10002-clients_5-joint_dirichlet_0.3-submitted-none-B7,metadata,bafkreifynjguyveuesrg66q67nuxjdk76nxfspoli2ri2gordpf3joindu,4,91,1.9046670058742166,1,33.65145804127678,True
seed_10002-clients_5-joint_dirichlet_0.3-submitted-none-B7,bound_manifest,bafkreigdaih6a3rdbxfcfv6tvbyax2e52q45jignt2lqkcp4ad5rrgfgfm,4,340,1.787375018466264,1,32.67183300340548,True
seed_10002-clients_5-joint_dirichlet_0.3-submitted-none-B7,proof,bafkreicax66qj6akqafnskthjasev57dfwtbfqwt23w6hi6rejex266afm,4,755,20.15450003091246,1,52.58499999763444,True
seed_10002-clients_5-joint_dirichlet_0.3-submitted-none-B7,public,bafkreick342426o56tjzoi2iolwpttxnel3m7sshfadqrd5skerjmzi4ym,4,304,0.794124964158982,1,37.31591597897932,True
seed_10002-clients_5-joint_dirichlet_0.3-submitted-none-B7,submission_manifest,bafkreigtpyvcgjsvefljmkriyb3aphm3f3z2ravzzqfd4ymxyowpozboui,4,544,27.09091699216515,1,52.98066703835502,True
seed_10002-clients_5-joint_dirichlet_0.3-submitted-none-B7,global_model,bafkreid65e6p4gkqkqrb6nxbculs34aomkt6xdudskxuvsn6n2ttxwlk7q,global,2287,24.303166021127254,1,40.222665993496776,True
seed_10002-clients_5-joint_dirichlet_0.3-submitted-none-B7,report,bafkreie6yfs2g7abpgbbvo3knfzaf7is6tdcs5gnndgfmx3vygbugoxh4y,global,1722,31.603624986018986,1,55.431083019357175,True
seed_10002-clients_5-joint_dirichlet_0.3-submitted-none-B7,model,bafkreidsmhjsyqvzvz3i7y4e2mfw5msri2n3g6iiozwebdpxbxsm2g6icy,0,2243,25.931125041097403,2,47.99545794958249,True
seed_10002-clients_5-joint_dirichlet_0.3-submitted-none-B7,metrics,bafkreibtmvkp7jnko64tjmbipv3ietx7qabk4rhmhtmchqm4z75mpoqrbm,0,218,1.4023330295458436,2,39.907332975417376,True
seed_10002-clients_5-joint_dirichlet_0.3-submitted-none-B7,metadata,bafkreifc32knpe6lhbzxpddl5xa4d36u3furb7n4gid2iyguvp2sblfuri,0,91,2.540334011428058,2,34.22816697275266,True
seed_10002-clients_5-joint_dirichlet_0.3-submitted-none-B7,bound_manifest,bafkreig36f5pzizpcj4b5qumlc4xgulpac5s2xfuehhh7p7sdhve3lhh5a,0,340,26.169917022343725,2,64.65141696389765,True
seed_10002-clients_5-joint_dirichlet_0.3-submitted-none-B7,proof,bafkreibtqnhfgmb3yugkdzqhzrhepy4hbhfenl66lgw6w72tbdq25kj4sm,0,154,3.056375018786639,2,38.77941600512713,True
seed_10002-clients_5-joint_dirichlet_0.3-submitted-none-B7,public,bafkreib3nng4pw5fuxinuqsadh65avlc2z62exiypkjlluhnblvispo33m,0,303,26.117875007912517,2,60.47779199434444,True
seed_10002-clients_5-joint_dirichlet_0.3-submitted-none-B7,submission_manifest,bafkreibviblqhtlrmjduos76fbsmugw7dfihfj7pzrzntjknum23s62jja,0,545,34.18083401629701,2,58.79195797024295,True
seed_10002-clients_5-joint_dirichlet_0.3-submitted-none-B7,model,bafkreiarkk255l6bp3ovuddhjc42oi3t3ms334ulqtvlobkam5ldn2gwt4,1,2277,28.80491700489074,2,64.32908400893211,True
seed_10002-clients_5-joint_dirichlet_0.3-submitted-none-B7,metrics,bafkreibrzxn4rbtge3jsmmtnhshxqsktwrq6qif5p5dtjcj7getin6ckbu,1,220,25.707833003252745,2,68.5650419909507,True
seed_10002-clients_5-joint_dirichlet_0.3-submitted-none-B7,metadata,bafkreicnhlp7zwweo6je5zo57z47lih5nh73ly7xm6ybnwvm4unybnpenu,1,91,2.2048749960958958,2,36.64312500040978,True
seed_10002-clients_5-joint_dirichlet_0.3-submitted-none-B7,bound_manifest,bafkreicy3p3s2cvwzrlaqibuwpjyxonkf5ttmszxnkaoqvub3qi3ec64yu,1,340,29.545500001404434,2,59.2231250484474,True
seed_10002-clients_5-joint_dirichlet_0.3-submitted-none-B7,proof,bafkreidsaity4sjrgbuag6meo5ivtyw5p4a73tappp52dszndrrfvbp5mu,1,760,19.141333003062755,2,44.182625017128885,True
seed_10002-clients_5-joint_dirichlet_0.3-submitted-none-B7,public,bafkreia7tqs3mrdsukcb77krnn6abefo4wlxi7aueckvnrgux427bgmb7y,1,310,19.065083004534245,2,50.96174997743219,True
seed_10002-clients_5-joint_dirichlet_0.3-submitted-none-B7,submission_manifest,bafkreicmrxwwkq5klnhw6pm4zm25ezkgzkoz5gkw6mi4jbdw6aia2fg4wy,1,544,21.316083031706512,2,50.80404202453792,True
seed_10002-clients_5-joint_dirichlet_0.3-submitted-none-B7,model,bafkreig7wofhzg4ukbpmfzxct24qdc26lrzatvzup7qqcwk4mnpdcdb554,2,2276,21.426916995551437,2,51.95333296433091,True
seed_10002-clients_5-joint_dirichlet_0.3-submitted-none-B7,metrics,bafkreih5lcogjq3nxsmf7nxiiqtdmtmvp6hd6m2jjswueolrsg7xgnhudm,2,217,2.3438329808413982,2,37.78237500227988,True
seed_10002-clients_5-joint_dirichlet_0.3-submitted-none-B7,metadata,bafkreicjrvcav7nd6wdgrji5gj46k45cwptob4ne6b4ob44yldvkutz7he,2,91,2.1310420124791563,2,29.03033298207447,True
seed_10002-clients_5-joint_dirichlet_0.3-submitted-none-B7,bound_manifest,bafkreidvw2bjojfm5pg7boh6oonep2e6pwq22teaodw2thiw4akf6it5gi,2,340,29.104667017236352,2,51.24733399134129,True
seed_10002-clients_5-joint_dirichlet_0.3-submitted-none-B7,proof,bafkreibivesrjdaihq5qlvxephu37feq3rptyklola7zjb4n2mtz7vs4hm,2,758,20.14995797071606,2,43.930791958700866,True
seed_10002-clients_5-joint_dirichlet_0.3-submitted-none-B7,public,bafkreielx4i4z6qkacq327kwa5za3wqpu6f2qqhykoviuyuivwz7zbctmi,2,307,16.03154098847881,2,54.43537497194484,True
seed_10002-clients_5-joint_dirichlet_0.3-submitted-none-B7,submission_manifest,bafkreibc6hpjnwd7g7rm3wiea2fwonndj5gnurlnzenqdlcnhfqy3p6cny,2,544,24.074624991044402,2,43.84383303113282,True
seed_10002-clients_5-joint_dirichlet_0.3-submitted-none-B7,model,bafkreigs63zvo7gqtv54vseapqikl7hgo6vr2usorl7c5j7kp7kp6x4dda,3,2275,17.197374952957034,2,55.79925002530217,True
seed_10002-clients_5-joint_dirichlet_0.3-submitted-none-B7,metrics,bafkreicf342e7wfzbygtp3g3k7di3ykmnsn5bfjx7djh4dxmgpecdoqn5a,3,222,19.186500052455813,2,48.890416976064444,True
seed_10002-clients_5-joint_dirichlet_0.3-submitted-none-B7,metadata,bafkreidvr6xqvf5po7jdvvjsvs2utlreqyygozlsgedjusp6xdi6buvqfm,3,91,0.7996250060386956,2,39.56716600805521,True
seed_10002-clients_5-joint_dirichlet_0.3-submitted-none-B7,bound_manifest,bafkreibfiitiiidct5psqeblxvkmte3e73tyil4xtttr7ot6qqsru62bym,3,340,24.537709017749876,2,56.4492919947952,True
seed_10002-clients_5-joint_dirichlet_0.3-submitted-none-B7,proof,bafkreidp3rqglwoti52os7m7xhhnoe2lqjjatmonnv7e2mgqru47jdejq4,3,761,21.07916702516377,2,45.84804200567305,True
seed_10002-clients_5-joint_dirichlet_0.3-submitted-none-B7,public,bafkreifgougbjy54ac35jnabnek4kfywl4lbucpgvxn7ydqqwfdvs6mepm,3,316,18.12829199479893,2,44.86020898912102,True
seed_10002-clients_5-joint_dirichlet_0.3-submitted-none-B7,submission_manifest,bafkreif2egiyvnaq4liwcguptp7obzqegwclw5xlirqd6jjldpooitdkc4,3,544,20.062249968759716,2,51.032249990385026,True
seed_10002-clients_5-joint_dirichlet_0.3-submitted-none-B7,model,bafkreihdnnxjl2r5npvpwjycpj2frz3nv3e3etuklvfjhp46k3eroansqq,4,2293,26.22795896604657,2,50.580166978761554,True
seed_10002-clients_5-joint_dirichlet_0.3-submitted-none-B7,metrics,bafkreiglxlgzhju4gr6hw5qwalxbnc5zsc4idacz33zkn5fewqshlpfxd4,4,216,2.462124975863844,2,38.32212497945875,True
seed_10002-clients_5-joint_dirichlet_0.3-submitted-none-B7,metadata,bafkreifgks4slo3fms4ococ4kuxng2ooxod6ug7che7giffjyl4v5c3pim,4,91,3.0004159780219197,2,28.34979200270027,True
seed_10002-clients_5-joint_dirichlet_0.3-submitted-none-B7,bound_manifest,bafkreics7gxcflc2waf2ouohiutxl6n5xv2vxdti2ffztdauu7tgzmcbby,4,340,27.033958001993597,2,57.378207973670214,True
seed_10002-clients_5-joint_dirichlet_0.3-submitted-none-B7,proof,bafkreialnms4ooqczszy5vmseirxnbg3ij3toepzl67inpm3rxwgwcshu4,4,758,21.987207990605384,2,51.11029098043218,True
seed_10002-clients_5-joint_dirichlet_0.3-submitted-none-B7,public,bafkreiggqbvag4ja5ttthftwkubt3w2mcxn6fje7a3kdi2yzagikgjtshm,4,307,17.82133401138708,2,58.365374978166074,True
seed_10002-clients_5-joint_dirichlet_0.3-submitted-none-B7,submission_manifest,bafkreih6rqqqztbeyekgtn5das5asdbdwgxhdqvvzbcbub5edmulaabi7u,4,544,29.163457977119833,2,67.60145799489692,True
seed_10002-clients_5-joint_dirichlet_0.3-submitted-none-B7,global_model,bafkreihukqexzprn3f3hitlhm3gfnccohwu2eii73wqdxxvct6uxkhuwjy,global,2293,28.920084005221725,2,62.440000008791685,True
seed_10002-clients_5-joint_dirichlet_0.3-submitted-none-B7,report,bafkreigple3e7zxyejner5peh7emhvizpskjuhdiv22pgs7whnbvqum564,global,1725,22.56545895943418,2,65.23304199799895,True
seed_10002-clients_5-joint_dirichlet_0.3-submitted-none-B7,model,bafkreig6pewg44m5pmszrwhx3yyptb5ghj3e2ml5gy4aiqf5jgmyejnavi,0,2263,22.0050000352785,3,52.535415976308286,True
seed_10002-clients_5-joint_dirichlet_0.3-submitted-none-B7,metrics,bafkreiguzm5v3i3ti6lla5osc44acvvydlvjkkjefimm6bqzhobvjsdx4q,0,218,16.242707963101566,3,55.060042010154575,True
seed_10002-clients_5-joint_dirichlet_0.3-submitted-none-B7,metadata,bafkreiey3diiuyer6xumz2z3zmvtbnrw7us2drrs3z3hndtj5tpsbcjf5q,0,91,1.120208005886525,3,27.890667028259486,True
seed_10002-clients_5-joint_dirichlet_0.3-submitted-none-B7,bound_manifest,bafkreibdxqimy4hf7pwwskhrjnpgx5y3d2ydsng2dejizaz5xqaithmz7e,0,340,20.198833022732288,3,52.62045800918713,True
seed_10002-clients_5-joint_dirichlet_0.3-submitted-none-B7,proof,bafkreiadlfbjdqzlkv7sm2fpco6qhczpuqavxsz4xdw7t7z4hvqnrdnr4e,0,154,1.5344169805757701,3,31.728959002066404,True
seed_10002-clients_5-joint_dirichlet_0.3-submitted-none-B7,public,bafkreibcnpaned5l2g7llahu2w7souvah7iexonvc75lvhiq2hz7luel34,0,303,18.2118330267258,3,45.96216703066602,True
seed_10002-clients_5-joint_dirichlet_0.3-submitted-none-B7,submission_manifest,bafkreia22autt2ymhanx2vpy3gx7lkfi3lxjlmrwavkxqaggchte6pfjda,0,545,17.861458007246256,3,47.17183398315683,True
seed_10002-clients_5-joint_dirichlet_0.3-submitted-none-B7,model,bafkreic6ovcqog6i4lmkmwabqq6v4xtoz2yj2moqlieyj5umvqdcdy3fqi,1,2258,19.427667022682726,3,44.453457987401634,True
seed_10002-clients_5-joint_dirichlet_0.3-submitted-none-B7,metrics,bafkreibfxozpmrl2qcclzmqqoy554vptekgaclgwer5ewqjv26jrmzwsp4,1,220,1.6347080236300826,3,28.72879203641787,True
seed_10002-clients_5-joint_dirichlet_0.3-submitted-none-B7,metadata,bafkreicvtu6z7zfw2twqkqgb3z26sq4ge7sjwl555arm73avcdqlimippe,1,91,2.5031249970197678,3,29.944583016913384,True
seed_10002-clients_5-joint_dirichlet_0.3-submitted-none-B7,bound_manifest,bafkreidkwlqpxtg54pc5uvcouiux4twer3u2y2ccffu5alz7rrvstsisy4,1,340,22.16966700507328,3,44.39004202140495,True
seed_10002-clients_5-joint_dirichlet_0.3-submitted-none-B7,proof,bafkreifjo5lqc2jdgxynxbme7vfqt2julb2jbicj5unwl35vydogoab4ua,1,758,20.567541010677814,3,48.032166028860956,True
seed_10002-clients_5-joint_dirichlet_0.3-submitted-none-B7,public,bafkreigcxkjayjneyor3zkvqdzfdvt5d4mxbaynfotiuff2pbhd3nxju6i,1,311,24.69774999190122,3,59.03687496902421,True
seed_10002-clients_5-joint_dirichlet_0.3-submitted-none-B7,submission_manifest,bafkreie3eiojk3bulcpxg2zx6darldhlnlbprhygd7x3f6bkcnvt23wkli,1,544,29.141707986127585,3,59.50087500968948,True
seed_10002-clients_5-joint_dirichlet_0.3-submitted-none-B7,model,bafkreihpklpklicd57unv43rxmjytazna6ef4oltttn3johdykamn2r2uu,2,2257,19.822292029857635,3,67.60004197712988,True
seed_10002-clients_5-joint_dirichlet_0.3-submitted-none-B7,metrics,bafkreifcwp54mdqepx4o3sdtpaxnqonpirpyrcc4hyc7x2eyefecjbczay,2,217,2.2701669950038195,3,34.56845798064023,True
seed_10002-clients_5-joint_dirichlet_0.3-submitted-none-B7,metadata,bafkreicpg4n4ouh2xl7li6sj4uxjvirzmhvxtzmljkrigl47nvkatpho3y,2,91,2.090958005283028,3,27.46895799646154,True
seed_10002-clients_5-joint_dirichlet_0.3-submitted-none-B7,bound_manifest,bafkreihxplwvaxxzrbcdaqk3hmlu2avbjurbjciy772c2od75wyapffyvy,2,340,24.43445799872279,3,56.00758298533037,True
seed_10002-clients_5-joint_dirichlet_0.3-submitted-none-B7,proof,bafkreiexx5dy6wgjrbs3katkdcbpnstf5keha4wpnf4tbp4d64c2po2ona,2,759,17.14341703336686,3,45.69445800734684,True
seed_10002-clients_5-joint_dirichlet_0.3-submitted-none-B7,public,bafkreic5tfgtji27win4tgsqqvdg6stjdgeksg7ida3nfkr5l7khstgnby,2,307,20.155625010374933,3,49.88579201744869,True
seed_10002-clients_5-joint_dirichlet_0.3-submitted-none-B7,submission_manifest,bafkreicysnh5ovlk5zivdtcu2pvkwc7n25pkk3yid5um3ft3a2sm3t4v7y,2,544,25.35662497393787,3,75.7237920188345,True
seed_10002-clients_5-joint_dirichlet_0.3-submitted-none-B7,model,bafkreid6fldvihkaa3lyscgjlfl34adaycvpxv2jsodn536okr46b2fr7i,3,2261,25.822124967817217,3,52.501041966024786,True
seed_10002-clients_5-joint_dirichlet_0.3-submitted-none-B7,metrics,bafkreibj6oykbpxgr3dw6qzxydxgry6udoqzrnqz4hrjdf2xcq3pylftem,3,222,19.524917006492615,3,52.45950003154576,True
seed_10002-clients_5-joint_dirichlet_0.3-submitted-none-B7,metadata,bafkreickiwcr2tgefp6inx4amr5yot7c2lgbiob75p7wflsmdolcaem5uu,3,91,1.6011249972507358,3,27.690374990925193,True
seed_10002-clients_5-joint_dirichlet_0.3-submitted-none-B7,bound_manifest,bafkreia32favchvu6yt7fudqfgqoln4anv3mfl7365fyljub7btisujx2m,3,340,19.299958017654717,3,52.45404102606699,True
seed_10002-clients_5-joint_dirichlet_0.3-submitted-none-B7,proof,bafkreih2js3s5obiqxsttsj6ewbypa4zapnd3iod4yzscbijxi6hnjqx54,3,137,18.26174999587238,3,48.43670898117125,True
seed_10002-clients_5-joint_dirichlet_0.3-submitted-none-B7,public,bafkreigpbs7yj3jxrbqe5gsrzyoxd6y3p7fa2ciuqifruwcwdh47uqnihi,3,317,23.990666959434748,3,51.51162500260398,True
seed_10002-clients_5-joint_dirichlet_0.3-submitted-none-B7,submission_manifest,bafkreiget3wneazulx47z6bhjcpo6nieueiuekwriyho45cjrehodohvza,3,545,22.37804204924032,3,59.88974997308105,True
seed_10002-clients_5-joint_dirichlet_0.3-submitted-none-B7,model,bafkreih57vdtwn6pbo65ketbdkl65vuk3imzztz3iyrlzyb63bp66ogojm,4,2270,22.72579201962799,3,49.87412499031052,True
seed_10002-clients_5-joint_dirichlet_0.3-submitted-none-B7,metrics,bafkreiab5bmbzf2vvk4cslsnnre5fnqzegzoe7wioyzu7qobpsgfapdbxa,4,216,1.8497090204618871,3,27.90370798902586,True
seed_10002-clients_5-joint_dirichlet_0.3-submitted-none-B7,metadata,bafkreibobq6bd7a4rlzzwfr7wpzjs23gmcwn7vxujjae66kykqprjnrzye,4,91,1.9974579918198287,3,30.509957985486835,True
seed_10002-clients_5-joint_dirichlet_0.3-submitted-none-B7,bound_manifest,bafkreidf3yvy4afgmzfctj2n4cuazrjcnld3scmb6ngfofjfeb2di7xxfu,4,340,23.355000012088567,3,52.694750018417835,True
seed_10002-clients_5-joint_dirichlet_0.3-submitted-none-B7,proof,bafkreifnjqmhv3gxrxnbdri5cwla2ddukhlmw53nym2obm46rpkr5dxmfa,4,759,18.010957981459796,3,42.8340409998782,True
seed_10002-clients_5-joint_dirichlet_0.3-submitted-none-B7,public,bafkreigpuq7poqzkoo5wpehlljywk4thys5e4cqzfgd2fkagnslezrefwm,4,305,22.22016704035923,3,58.91950003569946,True
seed_10002-clients_5-joint_dirichlet_0.3-submitted-none-B7,submission_manifest,bafkreig2hsxhzllynhyx7rxpee3klt7xbzum7wtcry56doys7vfr3ds52q,4,544,25.749041000381112,3,53.93787496723235,True
seed_10002-clients_5-joint_dirichlet_0.3-submitted-none-B7,global_model,bafkreihab7inchzp56i44dyzn7gv5lxwdn27kqrb5474cxykznmac3jlcy,global,2251,25.67420800914988,3,51.01983301574364,True
seed_10002-clients_5-joint_dirichlet_0.3-submitted-none-B7,report,bafkreiaqhcehqw7yo5dzgxtxkj5xc377cuccyflovhhdu6e2op2hyu74ui,global,1722,18.61362502677366,3,53.08679101290181,True
seed_10002-clients_5-joint_dirichlet_0.3-submitted-random_weights-B4,model,bafkreicsvmnsag4zcgduk4w4qwsjw2yviyc6sac6mptprsailvlmgspuge,0,2085,0.590750016272068,1,27.149500034283847,True
seed_10002-clients_5-joint_dirichlet_0.3-submitted-random_weights-B4,metrics,bafkreigr3ioxrphp7iwq5bri2vzou5ccdxctltpzb2qovaff7rzp4h3lje,0,218,0.5612919921986759,1,31.936666986439377,True
seed_10002-clients_5-joint_dirichlet_0.3-submitted-random_weights-B4,metadata,bafkreihmgnfvm3aubvecmqnf7zi5oeuy7zthoxcmxuihxh2dk3qlmh3woi,0,91,0.7106250268407166,1,35.11162498034537,True
seed_10002-clients_5-joint_dirichlet_0.3-submitted-random_weights-B4,bound_manifest,bafkreie7wrbqs4zwnpgrlp6et6wa643fw64763toqvfinprmmf3idwrvcm,0,340,0.9190000128000975,1,36.88045800663531,True
seed_10002-clients_5-joint_dirichlet_0.3-submitted-random_weights-B4,proof,bafkreiexamv6fsdera6frvwzr3bm6l3w7peoaz3l34f4g5pebylmo7xcfy,0,154,3.0643329955637455,1,36.84695897391066,True
seed_10002-clients_5-joint_dirichlet_0.3-submitted-random_weights-B4,public,bafkreib43vxhluf7egd7ma57swv635nudxng6xyxesulx3zzs5svy4ncai,0,302,1.6884590149857104,1,39.127917028963566,True
seed_10002-clients_5-joint_dirichlet_0.3-submitted-random_weights-B4,submission_manifest,bafkreiexgnbs7ks73mi6ytr552dre3tixcfbt724yk3fpzapkn7g3k7sau,0,545,1.3210410252213478,1,33.48062501754612,True
seed_10002-clients_5-joint_dirichlet_0.3-submitted-random_weights-B4,model,bafkreiga3ylvu452lfxc3vebbgdxpch7wmlkbmksopeyqgkosciiok6iau,1,2002,28.32250000210479,1,65.37125003524125,True
seed_10002-clients_5-joint_dirichlet_0.3-submitted-random_weights-B4,metrics,bafkreifp32kanzubrxc2l3gi7wvqab6w7bbd6e5tnzdiz2qdo7wlc4zywe,1,220,2.237041015177965,1,41.057666996493936,True
seed_10002-clients_5-joint_dirichlet_0.3-submitted-random_weights-B4,metadata,bafkreicyvghrn2cklezhl5ahr3yyssxtrfwtrvry4amhp2dy6jdsbdgiuu,1,91,1.9710420165210962,1,29.9245830392465,True
seed_10002-clients_5-joint_dirichlet_0.3-submitted-random_weights-B4,bound_manifest,bafkreifxwruolm3mv5plpl4dnofatzcnecsupb5g6nj4npld5bcmjukmwq,1,340,24.902125005610287,1,53.71937499148771,True
seed_10002-clients_5-joint_dirichlet_0.3-submitted-random_weights-B4,proof,bafkreiczrpan4ebjth22uytv2aptdknottlvrqjwvzkvqmynlp3ve7aipy,1,759,18.119582964573056,1,41.48941702442244,True
seed_10002-clients_5-joint_dirichlet_0.3-submitted-random_weights-B4,public,bafkreicozazq66qlavgyx2a7wacdcq6wzljxccp2by2gl6v56sr3onhbk4,1,312,19.077334029134363,1,47.82266600523144,True
seed_10002-clients_5-joint_dirichlet_0.3-submitted-random_weights-B4,submission_manifest,bafkreienworw2lpl7nrmqzbamys3alsir4rveokoar42irslyypvwla3k4,1,544,19.137875002343208,1,50.947833980899304,True
seed_10002-clients_5-joint_dirichlet_0.3-submitted-random_weights-B4,model,bafkreiecfvs3lgep6wfalfrdtdbmr6pzgmpzcxhcwq57yf44jqrkzmkmbe,2,2269,1.8985000206157565,1,30.049042019527406,True
seed_10002-clients_5-joint_dirichlet_0.3-submitted-random_weights-B4,metrics,bafkreihcd3qscx4tqgtsnjaaq3hglntbxe7vsfbxe5ecrgeobobb2xkd6y,2,217,2.3839169880375266,1,39.28154200548306,True
seed_10002-clients_5-joint_dirichlet_0.3-submitted-random_weights-B4,metadata,bafkreia4kt3dwm3ctn7kjjvmrovzmgyiusyd6mhg3wa2gluiij5sdjtk4q,2,91,2.5137090124189854,1,37.88604197325185,True
seed_10002-clients_5-joint_dirichlet_0.3-submitted-random_weights-B4,bound_manifest,bafkreiblrwaux3qkgkpwwcj7v77c53dm3wpt7x65oaq24gm5tvdbeac47e,2,340,2.5264580035582185,1,38.80687500350177,True
seed_10002-clients_5-joint_dirichlet_0.3-submitted-random_weights-B4,proof,bafkreifnfe6mkoq3qwnaf64fxg4pnsi3jxtoqwj4feuftu5dpj6bzlmmgm,2,757,24.692332954145968,1,48.32750000059605,True
seed_10002-clients_5-joint_dirichlet_0.3-submitted-random_weights-B4,public,bafkreifwecvv5w3drm6bclt7w27fsox3lkd4oqchjngzzwnjlpx4cmp7em,2,309,0.689166015945375,1,43.85912499856204,True
seed_10002-clients_5-joint_dirichlet_0.3-submitted-random_weights-B4,submission_manifest,bafkreiglhil75od6pwhlvgvuhp2xajunn4evwyo462esl3y32lmjva5zzm,2,544,25.778915965929627,1,56.04370898799971,True
seed_10002-clients_5-joint_dirichlet_0.3-submitted-random_weights-B4,model,bafkreidusgoh74ly2ecbci65h2bnwmxktz73xyholmpkdc2jub5tek5m5e,3,2076,2.355500007979572,1,29.007416975218803,True
seed_10002-clients_5-joint_dirichlet_0.3-submitted-random_weights-B4,metrics,bafkreib67srendym5ekvdbv2lwqbvz2xejraplyx6erx3okot3lvty4vmu,3,223,1.8114999984391034,1,29.471000016201288,True
seed_10002-clients_5-joint_dirichlet_0.3-submitted-random_weights-B4,metadata,bafkreihya6pc6k2sgeqgqpxi2nbcu5sbbqlw36eqt2q2cuh2vbsw4ilkta,3,91,2.3354999721050262,1,28.391708969138563,True
seed_10002-clients_5-joint_dirichlet_0.3-submitted-random_weights-B4,bound_manifest,bafkreibrjpecsx4h3g5vde3bccpxqh4pkwjv7pupnqmwrtpijqzc2bgav4,3,340,1.891916966997087,1,29.312958009541035,True
seed_10002-clients_5-joint_dirichlet_0.3-submitted-random_weights-B4,proof,bafkreiacmmqycxcn4obqsxu7p7kczatkld3gmt5d2woqi26e4expcx6iai,3,759,18.18562496919185,1,49.68045902205631,True
seed_10002-clients_5-joint_dirichlet_0.3-submitted-random_weights-B4,public,bafkreiblvh2zew6k6ayh2vyolpzhanxjxofmqo5jnstzdtegvujyumdqpq,3,315,0.7084159879013896,1,34.04791699722409,True
seed_10002-clients_5-joint_dirichlet_0.3-submitted-random_weights-B4,submission_manifest,bafkreidwnnperhv73ydpmtmu7jcigmfusgtjswsff5qjx2a6cxohmhhg6a,3,544,20.18391602905467,1,50.162166997324675,True
seed_10002-clients_5-joint_dirichlet_0.3-submitted-random_weights-B4,model,bafkreic4kir7jzx7ovdrsn52txaeuhjcjhzwrrt6aqf4o5hidxpoqcg6oi,4,2274,2.325874986127019,1,28.847666981164366,True
seed_10002-clients_5-joint_dirichlet_0.3-submitted-random_weights-B4,metrics,bafkreibqyfj42ajl3r6n3dne5zqyezcem35yau7ie5euodl64ojcwr7y24,4,216,2.0072089973837137,1,27.77245797915384,True
seed_10002-clients_5-joint_dirichlet_0.3-submitted-random_weights-B4,metadata,bafkreifynjguyveuesrg66q67nuxjdk76nxfspoli2ri2gordpf3joindu,4,91,2.2327089682221413,1,41.31179099204019,True
seed_10002-clients_5-joint_dirichlet_0.3-submitted-random_weights-B4,bound_manifest,bafkreigdaih6a3rdbxfcfv6tvbyax2e52q45jignt2lqkcp4ad5rrgfgfm,4,340,1.9992919987998903,1,38.51899999426678,True
seed_10002-clients_5-joint_dirichlet_0.3-submitted-random_weights-B4,proof,bafkreigplwmq7jtbav7rbrnplg4tkkspgysomk27oeadqg2tv5w5czvkbi,4,753,21.281209017615765,1,41.22579196700826,True
seed_10002-clients_5-joint_dirichlet_0.3-submitted-random_weights-B4,public,bafkreick342426o56tjzoi2iolwpttxnel3m7sshfadqrd5skerjmzi4ym,4,304,0.6890409858897328,1,32.987457991112024,True
seed_10002-clients_5-joint_dirichlet_0.3-submitted-random_weights-B4,submission_manifest,bafkreidsavowqioozktordmwqf4oeizlhcvehwlud4za3lv4ylj5hlsec4,4,544,26.40370896551758,1,58.96975001087412,True
seed_10002-clients_5-joint_dirichlet_0.3-submitted-random_weights-B4,global_model,bafkreih2y3zcjaeywgl6ylp7n3ggihjyq2ry7uzzfe4zzyf4nt4joeptdq,global,2074,20.92733298195526,1,49.28454203763977,True
seed_10002-clients_5-joint_dirichlet_0.3-submitted-random_weights-B4,report,bafkreie2b3mg7dacrx6btjxudacopjfnfd2kc46kauhesb426pvm6xz5iy,global,1829,18.34995800163597,1,43.72470802627504,True
seed_10002-clients_5-joint_dirichlet_0.3-submitted-random_weights-B4,model,bafkreibogbcuczjaxgp6li6lli6tksl4qauomkkk55fyydivqbu4h45jie,0,2068,26.200708001852036,2,57.96225002268329,True
seed_10002-clients_5-joint_dirichlet_0.3-submitted-random_weights-B4,metrics,bafkreibmbjuk22jelnt42pcskvv2ko4vgtmriimmk5hasw3ttmql6kyyti,0,218,24.207667040172964,2,65.30900002690032,True
seed_10002-clients_5-joint_dirichlet_0.3-submitted-random_weights-B4,metadata,bafkreifc32knpe6lhbzxpddl5xa4d36u3furb7n4gid2iyguvp2sblfuri,0,91,1.895916007924825,2,33.14950002823025,True
seed_10002-clients_5-joint_dirichlet_0.3-submitted-random_weights-B4,bound_manifest,bafkreiauuql5tjmuultwov2zojppqdxsrrumkwrmvgwpn6lspcm4rowhrq,0,340,23.363875050563365,2,46.12412495771423,True
seed_10002-clients_5-joint_dirichlet_0.3-submitted-random_weights-B4,proof,bafkreibtqnhfgmb3yugkdzqhzrhepy4hbhfenl66lgw6w72tbdq25kj4sm,0,154,0.5369580467231572,2,29.555417015217245,True
seed_10002-clients_5-joint_dirichlet_0.3-submitted-random_weights-B4,public,bafkreiavshrsnahhuswfnhln4havxc62fjhdyhqv7vmuxytpouurjiraeu,0,303,22.34687499003485,2,52.23308299900964,True
seed_10002-clients_5-joint_dirichlet_0.3-submitted-random_weights-B4,submission_manifest,bafkreibryrt4gsqbcojlm6qaxayptajbnohypbja4xiq7mvwv4rqyrfw4i,0,545,23.769334016833454,2,60.71112502831966,True
seed_10002-clients_5-joint_dirichlet_0.3-submitted-random_weights-B4,model,bafkreihrj4su5vp37h5v53yvxcjtn3ybscrzruus5r2h4h4wx5v4crvr2e,1,2013,22.41874998435378,2,52.036667009815574,True
seed_10002-clients_5-joint_dirichlet_0.3-submitted-random_weights-B4,metrics,bafkreiegs6tzd6cbteagqmlfghd2nf54b4yh7zzosa5hk7wp5moxv2fqzy,1,221,21.348292008042336,2,53.602749947458506,True
seed_10002-clients_5-joint_dirichlet_0.3-submitted-random_weights-B4,metadata,bafkreicnhlp7zwweo6je5zo57z47lih5nh73ly7xm6ybnwvm4unybnpenu,1,91,0.8550409693270922,2,30.732834013178945,True
seed_10002-clients_5-joint_dirichlet_0.3-submitted-random_weights-B4,bound_manifest,bafkreiakay25dok72vn4ivvkuld6yfv2dby7f5fm47sy4pzoxshyux5i3i,1,340,20.162749977316707,2,46.88779101707041,True
seed_10002-clients_5-joint_dirichlet_0.3-submitted-random_weights-B4,proof,bafkreihihwivnkksettntnxqgmhugulzke7djdqbtgci4lej3kb4oaf2d4,1,758,19.956959004048258,2,41.33208398707211,True
seed_10002-clients_5-joint_dirichlet_0.3-submitted-random_weights-B4,public,bafkreifhzzg7wt2o2lc7ci6sdamijg5siod242lpmlgey6ursdclndtkba,1,312,19.005000009201467,2,45.86991702672094,True
seed_10002-clients_5-joint_dirichlet_0.3-submitted-random_weights-B4,submission_manifest,bafkreiampiky3mezrraomvpkwvphduf6vmeof6a6rp7at5qig4lxwgwyiq,1,544,21.357541962061077,2,52.86608298774809,True
seed_10002-clients_5-joint_dirichlet_0.3-submitted-random_weights-B4,model,bafkreiaf5nxop3jdqiji6anhumchtxrxemyefmcldrgbxxnfzx2gsen55u,2,2070,23.221457959152758,2,45.92566704377532,True
seed_10002-clients_5-joint_dirichlet_0.3-submitted-random_weights-B4,metrics,bafkreibsenxgxmvtwuvbxwz6yklwqvtusxzh5idfewvlhhrayppbmkwqfe,2,221,18.305125006008893,2,48.521916032768786,True
seed_10002-clients_5-joint_dirichlet_0.3-submitted-random_weights-B4,metadata,bafkreicjrvcav7nd6wdgrji5gj46k45cwptob4ne6b4ob44yldvkutz7he,2,91,1.849625026807189,2,31.392541015520692,True
seed_10002-clients_5-joint_dirichlet_0.3-submitted-random_weights-B4,bound_manifest,bafkreib46bw46nggfsoskawi6ysbwyrmoxwbbma55ttdbaisjtsjg7ksky,2,340,18.09945801505819,2,47.032165981363505,True
seed_10002-clients_5-joint_dirichlet_0.3-submitted-random_weights-B4,proof,bafkreidvd5n6mlaish2hdjawqshon22dtjg2am7bgoirdsyfyhvarlfkeq,2,755,20.968457974959165,2,46.116874960716814,True
seed_10002-clients_5-joint_dirichlet_0.3-submitted-random_weights-B4,public,bafkreiedybhtylucdvvqtfxoastdsi33oxs56jlvcajzjpxrkummmht7zy,2,310,27.12420903844759,2,54.93133299751207,True
seed_10002-clients_5-joint_dirichlet_0.3-submitted-random_weights-B4,submission_manifest,bafkreidmmil3xtqnmoxgmxig6rrsa4ivldqpthxpqshnzeje53k5x23usy,2,544,23.11004197690636,2,62.894208007492125,True
seed_10002-clients_5-joint_dirichlet_0.3-submitted-random_weights-B4,model,bafkreig53awq3bdztcoccp7tr7hosecttorhfvwrtmmuzqznaiosn7vkva,3,2069,22.697957989294082,2,62.75729200569913,True
seed_10002-clients_5-joint_dirichlet_0.3-submitted-random_weights-B4,metrics,bafkreifm7buwqhx7lov36stowwmnzrjcc5doe3n3s2a2vwybwwmi7evf6e,3,223,23.08737504063174,2,51.06562504079193,True
seed_10002-clients_5-joint_dirichlet_0.3-submitted-random_weights-B4,metadata,bafkreidvr6xqvf5po7jdvvjsvs2utlreqyygozlsgedjusp6xdi6buvqfm,3,91,1.4947089948691428,2,30.640499957371503,True
seed_10002-clients_5-joint_dirichlet_0.3-submitted-random_weights-B4,bound_manifest,bafkreial2mjte5ox7aoqpezunx4tpyw4hixynsfimb42jznlb46ltd47wi,3,340,22.649666003417224,2,47.57441702531651,True
seed_10002-clients_5-joint_dirichlet_0.3-submitted-random_weights-B4,proof,bafkreibifwwm4xr2hbkscqjecd4bb3ovlfnops34zdgn7f5i5cifz75vni,3,137,26.883000042289495,2,65.10374997742474,True
seed_10002-clients_5-joint_dirichlet_0.3-submitted-random_weights-B4,public,bafkreib4wjh4i76khm7fspnsyxfrrdzhvxdwgprhflqrsowiicqirq5cri,3,317,18.90845800517127,2,63.33829095819965,True
seed_10002-clients_5-joint_dirichlet_0.3-submitted-random_weights-B4,submission_manifest,bafkreiapdvkmct5rtrai36aysdqxreljzfjflitroedredeipjppc6jftu,3,545,23.18391698645428,2,61.05416698846966,True
seed_10002-clients_5-joint_dirichlet_0.3-submitted-random_weights-B4,model,bafkreia4m47jsjdld4qaqztjjbxmhzctenvyjvmvanofanl6n3o2etlila,4,2068,22.50141598051414,2,66.07237498974428,True
seed_10002-clients_5-joint_dirichlet_0.3-submitted-random_weights-B4,metrics,bafkreic7d5iiqbggmg5ddwdmtrlmb6l5xhphrytkeqrwwxwumpkownu7om,4,217,22.252833005040884,2,51.71324999537319,True
seed_10002-clients_5-joint_dirichlet_0.3-submitted-random_weights-B4,metadata,bafkreifgks4slo3fms4ococ4kuxng2ooxod6ug7che7giffjyl4v5c3pim,4,91,1.8193340511061251,2,31.714749988168478,True
seed_10002-clients_5-joint_dirichlet_0.3-submitted-random_weights-B4,bound_manifest,bafkreifpfpsivsujcbb4vosljsn36jw52msvzvfsrtwz3jlqdf2s4bvwz4,4,340,19.065125030465424,2,47.823583998251706,True
seed_10002-clients_5-joint_dirichlet_0.3-submitted-random_weights-B4,proof,bafkreif2dzirvzmsuciny5fwpagavmp2eknw33xc5dxfpqvsx6uuvnp5ni,4,759,17.09995901910588,2,40.26779200648889,True
seed_10002-clients_5-joint_dirichlet_0.3-submitted-random_weights-B4,public,bafkreib4nmwjflcscfhz5izgi7amfrh34aekp3i7rtrskpj5sdh3g2dpfi,4,309,23.01787497708574,2,62.05779197625816,True
seed_10002-clients_5-joint_dirichlet_0.3-submitted-random_weights-B4,submission_manifest,bafkreicruv3d4wrrnttkq7pz2war4smu4zwmjt7dlmyht6dhcm52fbyvli,4,544,21.3274999987334,2,48.00654202699661,True
seed_10002-clients_5-joint_dirichlet_0.3-submitted-random_weights-B4,global_model,bafkreigbqvj66ikg5jzb6intvilojn6quhotukdml62cl3lwa6bgpl662q,global,2058,20.25512495310977,2,50.65424996428192,True
seed_10002-clients_5-joint_dirichlet_0.3-submitted-random_weights-B4,report,bafkreigbf7fjk5wqsfkytdnw4xpiqxq4zyewqfroydrkcm5zea3sh7h4wq,global,1828,20.055415981914848,2,44.9533750070259,True
seed_10002-clients_5-joint_dirichlet_0.3-submitted-random_weights-B4,model,bafkreibp54y3vhlrx7n5gaadkezxbujsjwn5jj2vgnez65lhve2br7izye,0,2055,19.949000037740916,3,41.69850004836917,True
seed_10002-clients_5-joint_dirichlet_0.3-submitted-random_weights-B4,metrics,bafkreidkrf6wuacjsyv62zswb4tu7vbw5jlieyxzqkuzf2v3n6prl2zv24,0,218,23.432625050190836,3,57.04237497411668,True
seed_10002-clients_5-joint_dirichlet_0.3-submitted-random_weights-B4,metadata,bafkreiey3diiuyer6xumz2z3zmvtbnrw7us2drrs3z3hndtj5tpsbcjf5q,0,91,2.494291984476149,3,34.76079099345952,True
seed_10002-clients_5-joint_dirichlet_0.3-submitted-random_weights-B4,bound_manifest,bafkreidqupaiuslpxo6udcpcx3ekuaa2vfdkrjiaeilqmd622wvottmgge,0,340,24.67283303849399,3,46.70379200251773,True
seed_10002-clients_5-joint_dirichlet_0.3-submitted-random_weights-B4,proof,bafkreiadlfbjdqzlkv7sm2fpco6qhczpuqavxsz4xdw7t7z4hvqnrdnr4e,0,154,2.6455000042915344,3,34.60991696920246,True
seed_10002-clients_5-joint_dirichlet_0.3-submitted-random_weights-B4,public,bafkreihvcdnvskzkfckrf62enc3xfgjwssr7vlsqjypg2ozk4t5ctjsmjm,0,302,19.417500006966293,3,57.585209026001394,True
seed_10002-clients_5-joint_dirichlet_0.3-submitted-random_weights-B4,submission_manifest,bafkreibz34owgmz5opwzdyldftwrvzabz3ionu5wa6wrf7tmy4robxpsye,0,545,19.477333989925683,3,44.71887496765703,True
seed_10002-clients_5-joint_dirichlet_0.3-submitted-random_weights-B4,model,bafkreidufcgqnepn7yrrb6l5g3q5qecnfitm3ufuiweyobvlh3fsh7vuoy,1,2016,19.175374996848404,3,49.1193329798989,True
seed_10002-clients_5-joint_dirichlet_0.3-submitted-random_weights-B4,metrics,bafkreifh2kwfegrn3deukb2fe4e7y7c6eqd6emc32q2rq3bakkvrzwipgi,1,220,18.190208007581532,3,48.22312499163672,True
seed_10002-clients_5-joint_dirichlet_0.3-submitted-random_weights-B4,metadata,bafkreicvtu6z7zfw2twqkqgb3z26sq4ge7sjwl555arm73avcdqlimippe,1,91,1.8687500269152224,3,32.40391699364409,True
seed_10002-clients_5-joint_dirichlet_0.3-submitted-random_weights-B4,bound_manifest,bafkreiclceqegfb575szl4dmszpzqbxzd3xelhnhhlrqncylatr3vv3tle,1,340,27.539667033124715,3,48.886208969634026,True
seed_10002-clients_5-joint_dirichlet_0.3-submitted-random_weights-B4,proof,bafkreifegeqd2xmnrlloofo6q27t47as6c7jld2t2bx45bjajug6toscdm,1,757,17.252416990231723,3,48.98862499976531,True
seed_10002-clients_5-joint_dirichlet_0.3-submitted-random_weights-B4,public,bafkreifxtng3erhvdovq33q6ecrudpgzcbdwgdgzpkagaw72enn7uxtotm,1,312,19.036499958019704,3,56.949833990074694,True
seed_10002-clients_5-joint_dirichlet_0.3-submitted-random_weights-B4,submission_manifest,bafkreieg6dnz3p7yut3r6qawhqzwfm6qurzbeqiqf4xbsmnt6dl6erhdpa,1,544,24.80408299015835,3,69.91324998671189,True
seed_10002-clients_5-joint_dirichlet_0.3-submitted-random_weights-B4,model,bafkreicfkzhgpiebdrcz6c2ih3rq7nrwqvhf6j2aq3vvnoeay2tvgbnxn4,2,2055,26.242292020469904,3,55.92762498417869,True
seed_10002-clients_5-joint_dirichlet_0.3-submitted-random_weights-B4,metrics,bafkreigs64ozk5xccl2c7la3m2elkt4zvr6wjqm6g2k7awempli2fu733y,2,221,27.7029579738155,3,64.14483301341534,True
seed_10002-clients_5-joint_dirichlet_0.3-submitted-random_weights-B4,metadata,bafkreicpg4n4ouh2xl7li6sj4uxjvirzmhvxtzmljkrigl47nvkatpho3y,2,91,2.677000011317432,3,37.376082967966795,True
seed_10002-clients_5-joint_dirichlet_0.3-submitted-random_weights-B4,bound_manifest,bafkreia7ibdeveje4bwye2lkhoadxlp3zgezearhh7vwogux5p6zannl74,2,340,24.224916007369757,3,65.75100001646206,True
seed_10002-clients_5-joint_dirichlet_0.3-submitted-random_weights-B4,proof,bafkreigyy2ldgp52lovil66ixspbicqcftrelwiw6ups3jldbj5w2zycku,2,758,20.068917016033083,3,41.52362496824935,True
seed_10002-clients_5-joint_dirichlet_0.3-submitted-random_weights-B4,public,bafkreicyibqlrn6tns7qr6zff6smcct4sast2lgend5bvw5uhj4of63os4,2,312,26.900666009169072,3,53.20662498706952,True
seed_10002-clients_5-joint_dirichlet_0.3-submitted-random_weights-B4,submission_manifest,bafkreifg6s4ferrxhkmcsvgezz36x7j3wxpt5u3shuhonmo3vjj2qunhqm,2,544,25.94012499321252,3,66.23841600958258,True
seed_10002-clients_5-joint_dirichlet_0.3-submitted-random_weights-B4,model,bafkreibjtvvtg7wi47rb5ie23mfwx3x7ffgdgwunpdumvgpqym4hoiauxy,3,2048,23.273833037819713,3,59.590999968349934,True
seed_10002-clients_5-joint_dirichlet_0.3-submitted-random_weights-B4,metrics,bafkreiemora7c6j6cpc7spohryzry6pbor6zpdpojuxtkeaepeqf7ryz4y,3,223,22.971624974161386,3,47.24283399991691,True
seed_10002-clients_5-joint_dirichlet_0.3-submitted-random_weights-B4,metadata,bafkreickiwcr2tgefp6inx4amr5yot7c2lgbiob75p7wflsmdolcaem5uu,3,91,0.6055829580873251,3,32.04604203347117,True
seed_10002-clients_5-joint_dirichlet_0.3-submitted-random_weights-B4,bound_manifest,bafkreig4oyoogok6g4ilkwfz67qaeefmqkreovg3jxzhsdpvyllhtzr6na,3,340,19.05029098270461,3,44.89329201169312,True
seed_10002-clients_5-joint_dirichlet_0.3-submitted-random_weights-B4,proof,bafkreieusbcaocrpbho75zotbpqe5w6p5x6x7o5w2onlwveax4s5xmuz4q,3,137,28.068625018931925,3,56.717583967838436,True
seed_10002-clients_5-joint_dirichlet_0.3-submitted-random_weights-B4,public,bafkreiddvunwzaa5hoepialvuz5ld7pak4pajzkuqk5nk4z42azmb2ud4a,3,318,22.192583011928946,3,44.99283304903656,True
seed_10002-clients_5-joint_dirichlet_0.3-submitted-random_weights-B4,submission_manifest,bafkreibav3yvmdb7wzc4tao4fhyaoisdiilzjibmm2c5l2wt6jpbgxqqzu,3,545,26.86241699848324,3,59.91679197177291,True
seed_10002-clients_5-joint_dirichlet_0.3-submitted-random_weights-B4,model,bafkreiajh7alaltqg7dwcb5zt4lfw44e7zgquw7ye3svvzkjogveon32mm,4,2059,24.384832999203354,3,58.321667020209134,True
seed_10002-clients_5-joint_dirichlet_0.3-submitted-random_weights-B4,metrics,bafkreiej5vvwotovmnyzthqwte5jtatxn4v5i2dj7l62pv7i4oeh7bjuku,4,218,22.7068749954924,3,44.54616701696068,True
seed_10002-clients_5-joint_dirichlet_0.3-submitted-random_weights-B4,metadata,bafkreibobq6bd7a4rlzzwfr7wpzjs23gmcwn7vxujjae66kykqprjnrzye,4,91,2.385707979556173,3,33.28629198949784,True
seed_10002-clients_5-joint_dirichlet_0.3-submitted-random_weights-B4,bound_manifest,bafkreif4bjiujkpvjg2nv6hpb57kttoigsjzddrhcu6fm3qry74vflrfrq,4,340,18.951375037431717,3,44.62683299789205,True
seed_10002-clients_5-joint_dirichlet_0.3-submitted-random_weights-B4,proof,bafkreigptxu7mipyrrmyehaimv6a33jvmacfqpoyy7uc3mgryh52ohtumu,4,758,18.107042007613927,3,43.18866704124957,True
seed_10002-clients_5-joint_dirichlet_0.3-submitted-random_weights-B4,public,bafkreicupskf7spsen6ma247jvmgpimpd5nd6bgliyvbb4ocim7se3ioxy,4,310,19.122375000733882,3,45.839082973543555,True
seed_10002-clients_5-joint_dirichlet_0.3-submitted-random_weights-B4,submission_manifest,bafkreiamjqokbwo2fhjzvxkaz35xcp2kbszkfqoi6wizpaavkulvw6ubry,4,544,20.145124988630414,3,47.89466696092859,True
seed_10002-clients_5-joint_dirichlet_0.3-submitted-random_weights-B4,global_model,bafkreiaek5nk4u4qfi5lnazcdcd4ygo2dbl7onjhztzmiqhmew7md3roou,global,2060,20.22258297074586,3,46.97908303933218,True
seed_10002-clients_5-joint_dirichlet_0.3-submitted-random_weights-B4,report,bafkreifxzwrrfypj7fkbynkuplzonkhp6og7zrun2dsjevbev3mvghiik4,global,1834,25.926791015081108,3,52.84316698089242,True
seed_10002-clients_5-joint_dirichlet_0.3-submitted-random_weights-B7,model,bafkreicsvmnsag4zcgduk4w4qwsjw2yviyc6sac6mptprsailvlmgspuge,0,2085,0.9087080252356827,1,26.101208000909537,True
seed_10002-clients_5-joint_dirichlet_0.3-submitted-random_weights-B7,metrics,bafkreigr3ioxrphp7iwq5bri2vzou5ccdxctltpzb2qovaff7rzp4h3lje,0,218,1.0467079700902104,1,33.94350002054125,True
seed_10002-clients_5-joint_dirichlet_0.3-submitted-random_weights-B7,metadata,bafkreihmgnfvm3aubvecmqnf7zi5oeuy7zthoxcmxuihxh2dk3qlmh3woi,0,91,0.867208989802748,1,42.156249983236194,True
seed_10002-clients_5-joint_dirichlet_0.3-submitted-random_weights-B7,bound_manifest,bafkreie7wrbqs4zwnpgrlp6et6wa643fw64763toqvfinprmmf3idwrvcm,0,340,0.7225419976748526,1,31.968792027328163,True
seed_10002-clients_5-joint_dirichlet_0.3-submitted-random_weights-B7,proof,bafkreiexamv6fsdera6frvwzr3bm6l3w7peoaz3l34f4g5pebylmo7xcfy,0,154,2.977082971483469,1,27.767624997068197,True
seed_10002-clients_5-joint_dirichlet_0.3-submitted-random_weights-B7,public,bafkreib43vxhluf7egd7ma57swv635nudxng6xyxesulx3zzs5svy4ncai,0,302,0.7634999928995967,1,33.0042089917697,True
seed_10002-clients_5-joint_dirichlet_0.3-submitted-random_weights-B7,submission_manifest,bafkreiexgnbs7ks73mi6ytr552dre3tixcfbt724yk3fpzapkn7g3k7sau,0,545,0.8868749719113111,1,31.959125015418977,True
seed_10002-clients_5-joint_dirichlet_0.3-submitted-random_weights-B7,model,bafkreiga3ylvu452lfxc3vebbgdxpch7wmlkbmksopeyqgkosciiok6iau,1,2002,1.9314170349389315,1,27.888707991223782,True
seed_10002-clients_5-joint_dirichlet_0.3-submitted-random_weights-B7,metrics,bafkreifp32kanzubrxc2l3gi7wvqab6w7bbd6e5tnzdiz2qdo7wlc4zywe,1,220,1.5000419807620347,1,36.32679203292355,True
seed_10002-clients_5-joint_dirichlet_0.3-submitted-random_weights-B7,metadata,bafkreicyvghrn2cklezhl5ahr3yyssxtrfwtrvry4amhp2dy6jdsbdgiuu,1,91,2.162999997381121,1,33.75741699710488,True
seed_10002-clients_5-joint_dirichlet_0.3-submitted-random_weights-B7,bound_manifest,bafkreifxwruolm3mv5plpl4dnofatzcnecsupb5g6nj4npld5bcmjukmwq,1,340,1.6648749588057399,1,38.297667051665485,True
seed_10002-clients_5-joint_dirichlet_0.3-submitted-random_weights-B7,proof,bafkreig7rwatxrehyvblafciij5ptvs45tckw4irh6byqnxnsuru4afm7m,1,755,22.125791991129518,1,44.31587498402223,True
seed_10002-clients_5-joint_dirichlet_0.3-submitted-random_weights-B7,public,bafkreicozazq66qlavgyx2a7wacdcq6wzljxccp2by2gl6v56sr3onhbk4,1,312,0.8852499886415899,1,32.60591597063467,True
seed_10002-clients_5-joint_dirichlet_0.3-submitted-random_weights-B7,submission_manifest,bafkreiephogpv4a6jogh6mwari4l5p7xyqgruiaansrjm47ulbg5oiffae,1,544,20.74733399786055,1,53.19012503605336,True
seed_10002-clients_5-joint_dirichlet_0.3-submitted-random_weights-B7,model,bafkreiecfvs3lgep6wfalfrdtdbmr6pzgmpzcxhcwq57yf44jqrkzmkmbe,2,2269,0.8702910272404552,1,32.18595898943022,True
seed_10002-clients_5-joint_dirichlet_0.3-submitted-random_weights-B7,metrics,bafkreihcd3qscx4tqgtsnjaaq3hglntbxe7vsfbxe5ecrgeobobb2xkd6y,2,217,1.0058750049211085,1,31.58349997829646,True
seed_10002-clients_5-joint_dirichlet_0.3-submitted-random_weights-B7,metadata,bafkreia4kt3dwm3ctn7kjjvmrovzmgyiusyd6mhg3wa2gluiij5sdjtk4q,2,91,1.0006249649450183,1,33.86216697981581,True
seed_10002-clients_5-joint_dirichlet_0.3-submitted-random_weights-B7,bound_manifest,bafkreiblrwaux3qkgkpwwcj7v77c53dm3wpt7x65oaq24gm5tvdbeac47e,2,340,0.9133329731412232,1,31.87016595620662,True
seed_10002-clients_5-joint_dirichlet_0.3-submitted-random_weights-B7,proof,bafkreidilg4v42lospl6uwhoujnknki2saq5igvqsgqjx32p35glytaoeq,2,758,26.620374992489815,1,74.22591600334272,True
seed_10002-clients_5-joint_dirichlet_0.3-submitted-random_weights-B7,public,bafkreifwecvv5w3drm6bclt7w27fsox3lkd4oqchjngzzwnjlpx4cmp7em,2,309,1.128333038650453,1,32.266082998830825,True
seed_10002-clients_5-joint_dirichlet_0.3-submitted-random_weights-B7,submission_manifest,bafkreie6qzpun7eadksr7c6tnosqxzx45xcljtllq2xxvfyex72boymvem,2,544,23.031999997328967,1,54.00920799002051,True
seed_10002-clients_5-joint_dirichlet_0.3-submitted-random_weights-B7,model,bafkreidusgoh74ly2ecbci65h2bnwmxktz73xyholmpkdc2jub5tek5m5e,3,2076,0.8497500093653798,1,31.593500054441392,True
seed_10002-clients_5-joint_dirichlet_0.3-submitted-random_weights-B7,metrics,bafkreib67srendym5ekvdbv2lwqbvz2xejraplyx6erx3okot3lvty4vmu,3,223,1.0174589697271585,1,38.861417036969215,True
seed_10002-clients_5-joint_dirichlet_0.3-submitted-random_weights-B7,metadata,bafkreihya6pc6k2sgeqgqpxi2nbcu5sbbqlw36eqt2q2cuh2vbsw4ilkta,3,91,0.9307500440627337,1,39.44829199463129,True
seed_10002-clients_5-joint_dirichlet_0.3-submitted-random_weights-B7,bound_manifest,bafkreibrjpecsx4h3g5vde3bccpxqh4pkwjv7pupnqmwrtpijqzc2bgav4,3,340,0.8669579983688891,1,30.78383399406448,True
seed_10002-clients_5-joint_dirichlet_0.3-submitted-random_weights-B7,proof,bafkreiebtopodcp6pau4oyg6tnq7g2ay6ngvveqiyfyb2v6xz7g6hwcn6e,3,758,20.1862080139108,1,41.44199995789677,True
seed_10002-clients_5-joint_dirichlet_0.3-submitted-random_weights-B7,public,bafkreiblvh2zew6k6ayh2vyolpzhanxjxofmqo5jnstzdtegvujyumdqpq,3,315,0.6704159895889461,1,31.90429200185463,True
seed_10002-clients_5-joint_dirichlet_0.3-submitted-random_weights-B7,submission_manifest,bafkreigv4bdpqq6purtnnjqy6nsemjwdx4pe4xvf3gtmkr3uee4lzh4qa4,3,544,23.08362501207739,1,52.961083012633026,True
seed_10002-clients_5-joint_dirichlet_0.3-submitted-random_weights-B7,model,bafkreic4kir7jzx7ovdrsn52txaeuhjcjhzwrrt6aqf4o5hidxpoqcg6oi,4,2274,1.6721670399419963,1,36.87025001272559,True
seed_10002-clients_5-joint_dirichlet_0.3-submitted-random_weights-B7,metrics,bafkreibqyfj42ajl3r6n3dne5zqyezcem35yau7ie5euodl64ojcwr7y24,4,216,1.2613750295713544,1,33.78633299143985,True
seed_10002-clients_5-joint_dirichlet_0.3-submitted-random_weights-B7,metadata,bafkreifynjguyveuesrg66q67nuxjdk76nxfspoli2ri2gordpf3joindu,4,91,1.919708971399814,1,40.11741699650884,True
seed_10002-clients_5-joint_dirichlet_0.3-submitted-random_weights-B7,bound_manifest,bafkreigdaih6a3rdbxfcfv6tvbyax2e52q45jignt2lqkcp4ad5rrgfgfm,4,340,7.536457967944443,1,32.70095802145079,True
seed_10002-clients_5-joint_dirichlet_0.3-submitted-random_weights-B7,proof,bafkreial4iifvz4jbjt6nypph2lqfuuke7iyael7v53hruyzon4hw36aci,4,758,16.186791006475687,1,42.19666699646041,True
seed_10002-clients_5-joint_dirichlet_0.3-submitted-random_weights-B7,public,bafkreick342426o56tjzoi2iolwpttxnel3m7sshfadqrd5skerjmzi4ym,4,304,0.8932080236263573,1,31.93279099650681,True
seed_10002-clients_5-joint_dirichlet_0.3-submitted-random_weights-B7,submission_manifest,bafkreiglx6miroyiz5cmidlgxg3wqrozo7arqpq6h7lchjkkufltnqypsu,4,544,21.140291006304324,1,48.91587502788752,True
seed_10002-clients_5-joint_dirichlet_0.3-submitted-random_weights-B7,global_model,bafkreiaw77eip7luui6fvcpx7tnluc32w7mmp77vj46mymqreqylryipd4,global,2312,23.088333022315055,1,38.492541993036866,True
seed_10002-clients_5-joint_dirichlet_0.3-submitted-random_weights-B7,report,bafkreicgz2seuye2vy7yixtx7hdis7k2n3mrbqzvhu2spq6lbjt5bvvvji,global,1806,20.090666017495096,1,57.91299999691546,True
seed_10002-clients_5-joint_dirichlet_0.3-submitted-random_weights-B7,model,bafkreifzcjwvh3i6euuyt6ldpr3ohrwxa3y354y6qegqswpx677b34k6xu,0,2252,20.020583004225045,2,55.323541979305446,True
seed_10002-clients_5-joint_dirichlet_0.3-submitted-random_weights-B7,metrics,bafkreiafltaaodncvffc3oicxomxv7ybnn6wpyj5jc46jgkhbkpjmlpoiy,0,218,16.02854096563533,2,43.90237503685057,True
seed_10002-clients_5-joint_dirichlet_0.3-submitted-random_weights-B7,metadata,bafkreifc32knpe6lhbzxpddl5xa4d36u3furb7n4gid2iyguvp2sblfuri,0,91,0.9447910124436021,2,32.96941699227318,True
seed_10002-clients_5-joint_dirichlet_0.3-submitted-random_weights-B7,bound_manifest,bafkreicpyz6ypbzs2u2q4yim5ivcev6ehbkpdgn3hkme5dwp7sjt5nqfwi,0,340,18.99166702060029,2,42.25545795634389,True
seed_10002-clients_5-joint_dirichlet_0.3-submitted-random_weights-B7,proof,bafkreibtqnhfgmb3yugkdzqhzrhepy4hbhfenl66lgw6w72tbdq25kj4sm,0,154,0.7928750128485262,2,29.916000028606504,True
seed_10002-clients_5-joint_dirichlet_0.3-submitted-random_weights-B7,public,bafkreibff4n4gqktb5bjzb5v34a5amsouqh2ub32x5najip3nqwrljx6di,0,303,25.361000036355108,2,66.35449995519593,True
seed_10002-clients_5-joint_dirichlet_0.3-submitted-random_weights-B7,submission_manifest,bafkreibuthjujq4cqmggmlxsme33fwokqgy3boxb4a6a6g2vrq6pxcwwty,0,545,21.41641703201458,2,65.68245799280703,True
seed_10002-clients_5-joint_dirichlet_0.3-submitted-random_weights-B7,model,bafkreihrj4su5vp37h5v53yvxcjtn3ybscrzruus5r2h4h4wx5v4crvr2e,1,2013,1.3798750005662441,2,37.77770802844316,True
seed_10002-clients_5-joint_dirichlet_0.3-submitted-random_weights-B7,metrics,bafkreicmfkvdm3nyyq7q7k7fmbyi6pcapfcd4unvnfvdgkg2bptibjsrg4,1,220,0.8260409813374281,2,36.35258396388963,True
seed_10002-clients_5-joint_dirichlet_0.3-submitted-random_weights-B7,metadata,bafkreicnhlp7zwweo6je5zo57z47lih5nh73ly7xm6ybnwvm4unybnpenu,1,91,0.7995000341907144,2,44.0887080039829,True
seed_10002-clients_5-joint_dirichlet_0.3-submitted-random_weights-B7,bound_manifest,bafkreihjwod4c7fi4obmmrb6zufqzoiaf3oen3ytlswuvggy2ykqqbcaam,1,340,19.438916991930455,2,53.34579199552536,True
seed_10002-clients_5-joint_dirichlet_0.3-submitted-random_weights-B7,proof,bafkreihczhanxfug5xdq5rqyrrwvdlthnblr5yldidrmfdydeeyry3xmly,1,760,17.036625009495765,2,38.124749960843474,True
seed_10002-clients_5-joint_dirichlet_0.3-submitted-random_weights-B7,public,bafkreidgngau4xdc2b436riazegek5e2jecjgow4ea32t6vpwpma4csuny,1,312,18.116332998033613,2,43.054957990534604,True
seed_10002-clients_5-joint_dirichlet_0.3-submitted-random_weights-B7,submission_manifest,bafkreiglyz22seihlwrj33frumcerj5dthxh4z2yk4gcuxh37aw2znuyi4,1,544,20.109749981202185,2,45.988625031895936,True
seed_10002-clients_5-joint_dirichlet_0.3-submitted-random_weights-B7,model,bafkreidoidttm2mqr5wouyj5ldrsjkfxz5lcmxfhkdzbw72o55757v4sze,2,2293,19.475665991194546,2,47.587540990207344,True
seed_10002-clients_5-joint_dirichlet_0.3-submitted-random_weights-B7,metrics,bafkreih5lcogjq3nxsmf7nxiiqtdmtmvp6hd6m2jjswueolrsg7xgnhudm,2,217,3.8122920086607337,2,31.777750002220273,True
seed_10002-clients_5-joint_dirichlet_0.3-submitted-random_weights-B7,metadata,bafkreicjrvcav7nd6wdgrji5gj46k45cwptob4ne6b4ob44yldvkutz7he,2,91,1.5868329792283475,2,31.549083010759205,True
seed_10002-clients_5-joint_dirichlet_0.3-submitted-random_weights-B7,bound_manifest,bafkreicbmud7hpz6jchuatq6ensjqp7ppjxqorwhy54be6n2ivqopq2xni,2,340,17.708165978547186,2,52.484459010884166,True
seed_10002-clients_5-joint_dirichlet_0.3-submitted-random_weights-B7,proof,bafkreigjzgu6dfqzvir33p6vllkyhkusbdptqihoh3kspso4uw3ynzpg5y,2,758,20.99300001282245,2,40.989625034853816,True
seed_10002-clients_5-joint_dirichlet_0.3-submitted-random_weights-B7,public,bafkreiahlj55io4ueoj6526imz76hgpayuzm56dycgi2su54kgrpguosjq,2,307,21.592125005554408,2,53.389042033813894,True
seed_10002-clients_5-joint_dirichlet_0.3-submitted-random_weights-B7,submission_manifest,bafkreidech5kvxhq4yj3isyn5ygcq5fbozqcrxsqlk7myyzszz5p6pj7ue,2,544,21.11779199913144,2,50.08979100966826,True
seed_10002-clients_5-joint_dirichlet_0.3-submitted-random_weights-B7,model,bafkreihlmjwpkl7rspbmzu7giojqxjhfxbc442v6rxykypinvckolbaqgq,3,2292,20.12604201445356,2,46.66662501404062,True
seed_10002-clients_5-joint_dirichlet_0.3-submitted-random_weights-B7,metrics,bafkreiaxtejliv7645qelmwsf7e73uo5nrg45dwcbcqiis7ocnsrjdiqku,3,222,26.175167004112154,2,48.86725003598258,True
seed_10002-clients_5-joint_dirichlet_0.3-submitted-random_weights-B7,metadata,bafkreidvr6xqvf5po7jdvvjsvs2utlreqyygozlsgedjusp6xdi6buvqfm,3,91,3.438665997236967,2,34.42587499739602,True
seed_10002-clients_5-joint_dirichlet_0.3-submitted-random_weights-B7,bound_manifest,bafkreiav5pofbsqn76dmmukgydk6y4wqav7zaot7n3ohtd2wm7fz4pgrby,3,340,18.284208024851978,2,46.19904200080782,True
seed_10002-clients_5-joint_dirichlet_0.3-submitted-random_weights-B7,proof,bafkreiczybc3f2qq527njfjvrxqi5h4sl3gq7leuexix46wvridpduiwni,3,760,22.12441700976342,2,48.03408303996548,True
seed_10002-clients_5-joint_dirichlet_0.3-submitted-random_weights-B7,public,bafkreigjdm27dqw44dc2jgdxpt4kvlbnul4vprjx3ykw72djn3nid23fui,3,316,17.101208039093763,2,47.91099997237325,True
seed_10002-clients_5-joint_dirichlet_0.3-submitted-random_weights-B7,submission_manifest,bafkreif7cyj6gszzedwnz43khncplfkv4qw4gydgtfixe2stwsytnsnsxm,3,544,20.216832985170186,2,43.12441701767966,True
seed_10002-clients_5-joint_dirichlet_0.3-submitted-random_weights-B7,model,bafkreig4kkpscay2cwvt3czxlwksvvtitdl7ob5g7yw3purbdlhftwx7xu,4,2280,26.371249987278134,2,58.49466595100239,True
seed_10002-clients_5-joint_dirichlet_0.3-submitted-random_weights-B7,metrics,bafkreiglxlgzhju4gr6hw5qwalxbnc5zsc4idacz33zkn5fewqshlpfxd4,4,216,1.7911250470206141,2,36.107499967329204,True
seed_10002-clients_5-joint_dirichlet_0.3-submitted-random_weights-B7,metadata,bafkreifgks4slo3fms4ococ4kuxng2ooxod6ug7che7giffjyl4v5c3pim,4,91,1.8504580366425216,2,34.22995802247897,True
seed_10002-clients_5-joint_dirichlet_0.3-submitted-random_weights-B7,bound_manifest,bafkreiaxrzh45i57mgnfivcqrgz4m7gnh3xforrawifhk4owk75ptbl3wy,4,340,18.387749965768307,2,62.2657909989357,True
seed_10002-clients_5-joint_dirichlet_0.3-submitted-random_weights-B7,proof,bafkreibfuwwyiy4tvajckc5q5kwbliwgdl652q5yz3spibgskwacelfm5e,4,757,21.09879197087139,2,42.13912499835715,True
seed_10002-clients_5-joint_dirichlet_0.3-submitted-random_weights-B7,public,bafkreifhjre6vrndtujdvzlax5l3juluartatmkpv5cbes5e5koytzbfoy,4,307,24.102082999888808,2,49.00970798917115,True
seed_10002-clients_5-joint_dirichlet_0.3-submitted-random_weights-B7,submission_manifest,bafkreiacx372dv7lujpv2le6rnwcwmvxvzs3asaol6g5e7j36s6h3swxjm,4,544,16.013165994081646,2,44.07166695455089,True
seed_10002-clients_5-joint_dirichlet_0.3-submitted-random_weights-B7,global_model,bafkreifz2do42qhupw2zp73qaz6ngjw46ef6ksyniujhf6xhnhgd4ls6oq,global,2309,16.143125016242266,2,32.86583302542567,True
seed_10002-clients_5-joint_dirichlet_0.3-submitted-random_weights-B7,report,bafkreielk7ncmhoj4r2rrcjq7poqrxst6zdqjhom6zdwcxomcd343bnwmi,global,1804,18.878125003539026,2,47.98870801459998,True
seed_10002-clients_5-joint_dirichlet_0.3-submitted-random_weights-B7,model,bafkreibmgduzfxba46x23l4cqpkdyecmc5fnzcoyvszudd3gfrurxd63vq,0,2266,26.11920895287767,3,45.00695801107213,True
seed_10002-clients_5-joint_dirichlet_0.3-submitted-random_weights-B7,metrics,bafkreihpfid7vhilxltuqo4qt5na5s3445lcf5dnylk35fvtmj5lekbjqu,0,218,20.527083019260317,3,54.024833953008056,True
seed_10002-clients_5-joint_dirichlet_0.3-submitted-random_weights-B7,metadata,bafkreiey3diiuyer6xumz2z3zmvtbnrw7us2drrs3z3hndtj5tpsbcjf5q,0,91,1.9902919884771109,3,31.722125015221536,True
seed_10002-clients_5-joint_dirichlet_0.3-submitted-random_weights-B7,bound_manifest,bafkreicwwloy3gewnwx7hziveu5jxpwixvjohu5qi4mho2ye6nl4p5jnii,0,340,22.152499994263053,3,48.68191701825708,True
seed_10002-clients_5-joint_dirichlet_0.3-submitted-random_weights-B7,proof,bafkreiadlfbjdqzlkv7sm2fpco6qhczpuqavxsz4xdw7t7z4hvqnrdnr4e,0,154,2.244458009954542,3,32.145542034413666,True
seed_10002-clients_5-joint_dirichlet_0.3-submitted-random_weights-B7,public,bafkreiagoatdkk3qc7f3snxyft7ldnxl3wpteaz7ejd4arjr3imreyyxg4,0,304,21.08962496276945,3,41.53262497857213,True
seed_10002-clients_5-joint_dirichlet_0.3-submitted-random_weights-B7,submission_manifest,bafkreihzhejhc5tcjqxomy2i22uqobknn6f3lkjtimiyk72czhk5m26h5u,0,545,15.992625034414232,3,46.28695803694427,True
seed_10002-clients_5-joint_dirichlet_0.3-submitted-random_weights-B7,model,bafkreidufcgqnepn7yrrb6l5g3q5qecnfitm3ufuiweyobvlh3fsh7vuoy,1,2016,0.7708339835517108,3,31.79866698337719,True
seed_10002-clients_5-joint_dirichlet_0.3-submitted-random_weights-B7,metrics,bafkreihqi66l3bxoh3hiajb7stufsaq6xtnbsa5g7n5kbvs3qk5z3thtdi,1,220,0.7960419752635062,3,27.92470797430724,True
seed_10002-clients_5-joint_dirichlet_0.3-submitted-random_weights-B7,metadata,bafkreicvtu6z7zfw2twqkqgb3z26sq4ge7sjwl555arm73avcdqlimippe,1,91,0.7219170220196247,3,27.89816603763029,True
seed_10002-clients_5-joint_dirichlet_0.3-submitted-random_weights-B7,bound_manifest,bafkreicdu4ukvrorl5amc5g73dtqgbbdwll3qbd6ngxcglwbsnw7ys6mjy,1,340,19.24791600322351,3,60.90133299585432,True
seed_10002-clients_5-joint_dirichlet_0.3-submitted-random_weights-B7,proof,bafkreifnvjp73nkypjkfzxcp47lyix2ocxkvp6cfngxorkgpuf746kq2r4,1,758,20.188459020573646,3,44.40616595093161,True
seed_10002-clients_5-joint_dirichlet_0.3-submitted-random_weights-B7,public,bafkreihl5t527u5fgjiwrguvsikpij6sip7buhon5kpaq2ios672dubinu,1,311,16.923999995924532,3,56.216708035208285,True
seed_10002-clients_5-joint_dirichlet_0.3-submitted-random_weights-B7,submission_manifest,bafkreih74vcn47ecycvbx5cdmr65qjcxr32ep7btfna4zuqralavpifvsu,1,544,21.289541968144476,3,54.99066604534164,True
seed_10002-clients_5-joint_dirichlet_0.3-submitted-random_weights-B7,model,bafkreid72dc5rrxgiupdo4zyzitljfqcyqv6y4xzfokyx4s5ytyi3lirza,2,2290,16.410332988016307,3,58.68233396904543,True
seed_10002-clients_5-joint_dirichlet_0.3-submitted-random_weights-B7,metrics,bafkreifcwp54mdqepx4o3sdtpaxnqonpirpyrcc4hyc7x2eyefecjbczay,2,217,1.34712498402223,3,33.90670899534598,True
seed_10002-clients_5-joint_dirichlet_0.3-submitted-random_weights-B7,metadata,bafkreicpg4n4ouh2xl7li6sj4uxjvirzmhvxtzmljkrigl47nvkatpho3y,2,91,0.8065829752013087,3,31.960499996785074,True
seed_10002-clients_5-joint_dirichlet_0.3-submitted-random_weights-B7,bound_manifest,bafkreid5wsttnrnqblazvtggc5dk5g4225es7nzvyq7wpm2wuo64kp5dli,2,340,23.14999996451661,3,61.78533402271569,True
seed_10002-clients_5-joint_dirichlet_0.3-submitted-random_weights-B7,proof,bafkreibo2fy5odq4ev3j7tnbjzr57vekluhf2m2fqm2bdyb3ageuoy6rle,2,758,23.955749988090247,3,46.83137504616752,True
seed_10002-clients_5-joint_dirichlet_0.3-submitted-random_weights-B7,public,bafkreidrwzx4kvrpnvt2mchypfr7j6odgozygzeq64ojosgjbwjurp6fwi,2,308,24.194042023736984,3,51.57991702435538,True
seed_10002-clients_5-joint_dirichlet_0.3-submitted-random_weights-B7,submission_manifest,bafkreihpezfkosaredettpnicpsscckgjgfp2cpluufc6smjzhhpz4xyxi,2,544,17.044999985955656,3,44.97637500753626,True
seed_10002-clients_5-joint_dirichlet_0.3-submitted-random_weights-B7,model,bafkreibu26k7ej3p7r5lrsjis7qxbyrtvkvldgm4nbagv3fdqphp2xbsza,3,2284,23.306709015741944,3,45.873249997384846,True
seed_10002-clients_5-joint_dirichlet_0.3-submitted-random_weights-B7,metrics,bafkreibvhayqxkomkxbygss4t44mzxacrtwlejrjtb6aduofl6skhb42r4,3,222,34.12525000749156,3,63.93891596235335,True
seed_10002-clients_5-joint_dirichlet_0.3-submitted-random_weights-B7,metadata,bafkreickiwcr2tgefp6inx4amr5yot7c2lgbiob75p7wflsmdolcaem5uu,3,91,3.071665996685624,3,38.982334022875875,True
seed_10002-clients_5-joint_dirichlet_0.3-submitted-random_weights-B7,bound_manifest,bafkreihgbnbzgrgaealnnf5gkivtllxc4zkv5pwdtyq3rchwscr3yvlr4a,3,340,28.664625016972423,3,56.31304200505838,True
seed_10002-clients_5-joint_dirichlet_0.3-submitted-random_weights-B7,proof,bafkreiaflvsaow25ljxon7xqqk2tsubhfu4v5jm6mda5p4jzm4rk22yzny,3,757,22.715125000104308,3,51.20987503323704,True
seed_10002-clients_5-joint_dirichlet_0.3-submitted-random_weights-B7,public,bafkreiatrult3bay6epzrmm6ilvqon4bwzjoulxx37g36es7itx7mfsymm,3,316,17.045582993887365,3,46.01254197768867,True
seed_10002-clients_5-joint_dirichlet_0.3-submitted-random_weights-B7,submission_manifest,bafkreifb5xuual275iillajq4qbjrj5guq67r6326tptg5jvbqke4dppba,3,544,18.167000031098723,3,45.77091598184779,True
seed_10002-clients_5-joint_dirichlet_0.3-submitted-random_weights-B7,model,bafkreigbwfs7d4s4b3eyw2umx77iccn5d2void7hqm6lt7t6jofr5li3ym,4,2282,21.03804104262963,3,51.71866697492078,True
seed_10002-clients_5-joint_dirichlet_0.3-submitted-random_weights-B7,metrics,bafkreiab5bmbzf2vvk4cslsnnre5fnqzegzoe7wioyzu7qobpsgfapdbxa,4,216,0.8548329933546484,3,29.99241597717628,True
seed_10002-clients_5-joint_dirichlet_0.3-submitted-random_weights-B7,metadata,bafkreibobq6bd7a4rlzzwfr7wpzjs23gmcwn7vxujjae66kykqprjnrzye,4,91,5.565791041590273,3,38.94366597523913,True
seed_10002-clients_5-joint_dirichlet_0.3-submitted-random_weights-B7,bound_manifest,bafkreihzg4mcriexd7tzf3vpekkxr5sejdllomvrly4ri3o4wmtkk42msq,4,340,24.011166009586304,3,70.1061250292696,True
seed_10002-clients_5-joint_dirichlet_0.3-submitted-random_weights-B7,proof,bafkreibzc7msqsyj2z7aau2fifzg4kqehbthvfxd6p2toxe6a6sx6hvrre,4,760,23.117207980249077,3,57.50458303373307,True
seed_10002-clients_5-joint_dirichlet_0.3-submitted-random_weights-B7,public,bafkreicg7pufi3pmr2fmjfvsh7vhuo3asshvefbofbytmrqlbh4imhhvya,4,305,26.17395797278732,3,57.960957987233996,True
seed_10002-clients_5-joint_dirichlet_0.3-submitted-random_weights-B7,submission_manifest,bafkreihyy6wrructzbmso3wci5r4go3bceupvqgsqgmjll6hnlxmkdzf3m,4,544,24.145792005583644,3,54.68516703695059,True
seed_10002-clients_5-joint_dirichlet_0.3-submitted-random_weights-B7,global_model,bafkreihzw3miepaecrzjhybxheetkhr3dc6nfckzaff37lo3ixtlfatgem,global,2281,25.40337498066947,3,55.72579201543704,True
seed_10002-clients_5-joint_dirichlet_0.3-submitted-random_weights-B7,report,bafkreiag5rtgeorabbargs6eudc6lmiwffog66dhmdciyqvxttlqc2ayz4,global,1773,21.500582981389016,3,59.02300000889227,True
seed_10002-clients_5-joint_dirichlet_0.3-submitted-sign_flip-B4,model,bafkreicsvmnsag4zcgduk4w4qwsjw2yviyc6sac6mptprsailvlmgspuge,0,2085,0.5757089820690453,1,27.88904099725187,True
seed_10002-clients_5-joint_dirichlet_0.3-submitted-sign_flip-B4,metrics,bafkreigr3ioxrphp7iwq5bri2vzou5ccdxctltpzb2qovaff7rzp4h3lje,0,218,0.6299999658949673,1,32.0120410178788,True
seed_10002-clients_5-joint_dirichlet_0.3-submitted-sign_flip-B4,metadata,bafkreihmgnfvm3aubvecmqnf7zi5oeuy7zthoxcmxuihxh2dk3qlmh3woi,0,91,0.7625420112162828,1,31.94408299168572,True
seed_10002-clients_5-joint_dirichlet_0.3-submitted-sign_flip-B4,bound_manifest,bafkreie7wrbqs4zwnpgrlp6et6wa643fw64763toqvfinprmmf3idwrvcm,0,340,0.6221670191735029,1,34.808582975529134,True
seed_10002-clients_5-joint_dirichlet_0.3-submitted-sign_flip-B4,proof,bafkreiexamv6fsdera6frvwzr3bm6l3w7peoaz3l34f4g5pebylmo7xcfy,0,154,2.159374998882413,1,33.15933304838836,True
seed_10002-clients_5-joint_dirichlet_0.3-submitted-sign_flip-B4,public,bafkreib43vxhluf7egd7ma57swv635nudxng6xyxesulx3zzs5svy4ncai,0,302,2.3430000292137265,1,35.01804202096537,True
seed_10002-clients_5-joint_dirichlet_0.3-submitted-sign_flip-B4,submission_manifest,bafkreiexgnbs7ks73mi6ytr552dre3tixcfbt724yk3fpzapkn7g3k7sau,0,545,1.8617910100147128,1,29.607207980006933,True
seed_10002-clients_5-joint_dirichlet_0.3-submitted-sign_flip-B4,model,bafkreifuzaikcwwup6l7ajebzqrh4nicxz64t2q5xdtu2b6pxjdawraodi,1,2149,27.323875052388757,1,56.818791024852544,True
seed_10002-clients_5-joint_dirichlet_0.3-submitted-sign_flip-B4,metrics,bafkreifp32kanzubrxc2l3gi7wvqab6w7bbd6e5tnzdiz2qdo7wlc4zywe,1,220,2.405332983471453,1,32.88270899793133,True
seed_10002-clients_5-joint_dirichlet_0.3-submitted-sign_flip-B4,metadata,bafkreicyvghrn2cklezhl5ahr3yyssxtrfwtrvry4amhp2dy6jdsbdgiuu,1,91,1.8290000152774155,1,41.118583001662046,True
seed_10002-clients_5-joint_dirichlet_0.3-submitted-sign_flip-B4,bound_manifest,bafkreieqjofjholzyqshyfhlo4d4b3acjhifnavbfjcnht4db6m77wqoaa,1,340,21.434374968521297,1,48.426292021758854,True
seed_10002-clients_5-joint_dirichlet_0.3-submitted-sign_flip-B4,proof,bafkreie7v26b26on6nu6njhfnfph3kmah5ldma6c53xqhpn3de5q6v7the,1,758,22.10237499093637,1,45.71891704108566,True
seed_10002-clients_5-joint_dirichlet_0.3-submitted-sign_flip-B4,public,bafkreif7jzpjomwlz34ckxdyov462patk46wy7p4s2c37nctiume7l4mli,1,312,29.857749992515892,1,61.25566700939089,True
seed_10002-clients_5-joint_dirichlet_0.3-submitted-sign_flip-B4,submission_manifest,bafkreidx7ge3cefgkjdshuacpgav446qvqwrb5gtav5ix6znm4y5li63wq,1,544,25.220625044312328,1,61.39395805075765,True
seed_10002-clients_5-joint_dirichlet_0.3-submitted-sign_flip-B4,model,bafkreiecfvs3lgep6wfalfrdtdbmr6pzgmpzcxhcwq57yf44jqrkzmkmbe,2,2269,2.084915991872549,1,36.69300000183284,True
seed_10002-clients_5-joint_dirichlet_0.3-submitted-sign_flip-B4,metrics,bafkreihcd3qscx4tqgtsnjaaq3hglntbxe7vsfbxe5ecrgeobobb2xkd6y,2,217,1.7881669919006526,1,27.855084044858813,True
seed_10002-clients_5-joint_dirichlet_0.3-submitted-sign_flip-B4,metadata,bafkreia4kt3dwm3ctn7kjjvmrovzmgyiusyd6mhg3wa2gluiij5sdjtk4q,2,91,1.951708982232958,1,31.32854198338464,True
seed_10002-clients_5-joint_dirichlet_0.3-submitted-sign_flip-B4,bound_manifest,bafkreiblrwaux3qkgkpwwcj7v77c53dm3wpt7x65oaq24gm5tvdbeac47e,2,340,1.9212919869460166,1,33.61983300419524,True
seed_10002-clients_5-joint_dirichlet_0.3-submitted-sign_flip-B4,proof,bafkreighobbq25ehu4zmimdfelxol7drwnuylbsrilop6pfx4ifvprdczu,2,759,18.084166978951544,1,45.669417013414204,True
seed_10002-clients_5-joint_dirichlet_0.3-submitted-sign_flip-B4,public,bafkreifwecvv5w3drm6bclt7w27fsox3lkd4oqchjngzzwnjlpx4cmp7em,2,309,0.8343340014107525,1,33.89687498565763,True
seed_10002-clients_5-joint_dirichlet_0.3-submitted-sign_flip-B4,submission_manifest,bafkreiecdpez6bai4frdh5ujs4fszzm2orcwctbiz7vgqhxxvtlt73h22a,2,544,23.07733299676329,1,48.93524997169152,True
seed_10002-clients_5-joint_dirichlet_0.3-submitted-sign_flip-B4,model,bafkreidusgoh74ly2ecbci65h2bnwmxktz73xyholmpkdc2jub5tek5m5e,3,2076,1.2628340045921504,1,33.587041951250285,True
seed_10002-clients_5-joint_dirichlet_0.3-submitted-sign_flip-B4,metrics,bafkreib67srendym5ekvdbv2lwqbvz2xejraplyx6erx3okot3lvty4vmu,3,223,1.2836660025641322,1,34.72554200561717,True
seed_10002-clients_5-joint_dirichlet_0.3-submitted-sign_flip-B4,metadata,bafkreihya6pc6k2sgeqgqpxi2nbcu5sbbqlw36eqt2q2cuh2vbsw4ilkta,3,91,0.7672909996472299,1,27.811584004666656,True
seed_10002-clients_5-joint_dirichlet_0.3-submitted-sign_flip-B4,bound_manifest,bafkreibrjpecsx4h3g5vde3bccpxqh4pkwjv7pupnqmwrtpijqzc2bgav4,3,340,0.7259169942699373,1,33.92887499649078,True
seed_10002-clients_5-joint_dirichlet_0.3-submitted-sign_flip-B4,proof,bafkreifbwkfwaob7jrb4kbzutt64p4nsrduov5kppugz2zvg23oxgf6zne,3,755,22.112249978818,1,43.87541598407552,True
seed_10002-clients_5-joint_dirichlet_0.3-submitted-sign_flip-B4,public,bafkreiblvh2zew6k6ayh2vyolpzhanxjxofmqo5jnstzdtegvujyumdqpq,3,315,0.7067910046316683,1,35.025250050239265,True
seed_10002-clients_5-joint_dirichlet_0.3-submitted-sign_flip-B4,submission_manifest,bafkreihfp5cqotp52oethpe7jkhmvwtfad5m37n6uxmpd2e4khqw6dgnzi,3,544,21.05808403575793,1,53.81704104365781,True
seed_10002-clients_5-joint_dirichlet_0.3-submitted-sign_flip-B4,model,bafkreic4kir7jzx7ovdrsn52txaeuhjcjhzwrrt6aqf4o5hidxpoqcg6oi,4,2274,1.7644999898038805,1,32.68333297455683,True
seed_10002-clients_5-joint_dirichlet_0.3-submitted-sign_flip-B4,metrics,bafkreibqyfj42ajl3r6n3dne5zqyezcem35yau7ie5euodl64ojcwr7y24,4,216,2.186249999795109,1,28.754625003784895,True
seed_10002-clients_5-joint_dirichlet_0.3-submitted-sign_flip-B4,metadata,bafkreifynjguyveuesrg66q67nuxjdk76nxfspoli2ri2gordpf3joindu,4,91,3.3095830003730953,1,34.98983400641009,True
seed_10002-clients_5-joint_dirichlet_0.3-submitted-sign_flip-B4,bound_manifest,bafkreigdaih6a3rdbxfcfv6tvbyax2e52q45jignt2lqkcp4ad5rrgfgfm,4,340,2.2425419883802533,1,33.25558401411399,True
seed_10002-clients_5-joint_dirichlet_0.3-submitted-sign_flip-B4,proof,bafkreicnm4zpwtyzvn7i6dp6pex2lnscahhpkvdm3mjfqbd3bwvwp26kyi,4,754,17.227749980520457,1,41.40545800328255,True
seed_10002-clients_5-joint_dirichlet_0.3-submitted-sign_flip-B4,public,bafkreick342426o56tjzoi2iolwpttxnel3m7sshfadqrd5skerjmzi4ym,4,304,0.7834999705664814,1,33.01216696854681,True
seed_10002-clients_5-joint_dirichlet_0.3-submitted-sign_flip-B4,submission_manifest,bafkreibqp6ajpvq7mgzsxk2lojxm37i3u6wet7wkpcry65iujd3brcpdg4,4,544,22.168208961375058,1,47.02066699974239,True
seed_10002-clients_5-joint_dirichlet_0.3-submitted-sign_flip-B4,global_model,bafkreiez4al2aw3g6cezfxxk6xolcfgaeuet7jffuvxqtud36lrldlpipa,global,2319,17.896874982398003,1,46.44066700711846,True
seed_10002-clients_5-joint_dirichlet_0.3-submitted-sign_flip-B4,report,bafkreiecadtka6jvwlwsprwixxlwybe633ww2ofmpce7s4fnhs3bic5ooy,global,1722,24.07745795790106,1,50.94641703180969,True
seed_10002-clients_5-joint_dirichlet_0.3-submitted-sign_flip-B4,model,bafkreiaakrbwo2pmuxq252qpbouxm5lg3lajq57322e5zoql6nvxc25bda,0,2260,26.041749981231987,2,43.630083033349365,True
seed_10002-clients_5-joint_dirichlet_0.3-submitted-sign_flip-B4,metrics,bafkreic36xcyw7sv5qbcsz4zziov3dtfewl23kr5usto4vazy26k7pls2u,0,218,21.259166998788714,2,49.927166022825986,True
seed_10002-clients_5-joint_dirichlet_0.3-submitted-sign_flip-B4,metadata,bafkreifc32knpe6lhbzxpddl5xa4d36u3furb7n4gid2iyguvp2sblfuri,0,91,0.5614999681711197,2,32.00129099423066,True
seed_10002-clients_5-joint_dirichlet_0.3-submitted-sign_flip-B4,bound_manifest,bafkreie5h2i3azhtvxppfpgbsvopkpo66akoi5mnnegpduhj223rpa5x2m,0,340,22.243958024773747,2,52.09579202346504,True
seed_10002-clients_5-joint_dirichlet_0.3-submitted-sign_flip-B4,proof,bafkreibtqnhfgmb3yugkdzqhzrhepy4hbhfenl66lgw6w72tbdq25kj4sm,0,154,1.1790420394390821,2,28.79662497434765,True
seed_10002-clients_5-joint_dirichlet_0.3-submitted-sign_flip-B4,public,bafkreifnae3n5djy5qtpf6fkfl3v6id7fzxwe366etrpm4bznwmrcdypra,0,303,18.450375006068498,2,44.13487500278279,True
seed_10002-clients_5-joint_dirichlet_0.3-submitted-sign_flip-B4,submission_manifest,bafkreiecavqwokblienofs4hoy3qwfzzsa4xdwy22uucrygvqvzkjztutm,0,545,18.465665983967483,2,44.71366596408188,True
seed_10002-clients_5-joint_dirichlet_0.3-submitted-sign_flip-B4,model,bafkreidx43dtzw6djkkn3xcaes5srbvjyogs4qoc5bj5hivl7p6nj5j2ci,1,2220,22.264416969846934,2,44.067250040825456,True
seed_10002-clients_5-joint_dirichlet_0.3-submitted-sign_flip-B4,metrics,bafkreiddb2jlpeuqmmpiqe63awjmydaxy2bc2lt7254fk3p33jlq52tvay,1,220,1.227041007950902,2,35.74566601309925,True
seed_10002-clients_5-joint_dirichlet_0.3-submitted-sign_flip-B4,metadata,bafkreicnhlp7zwweo6je5zo57z47lih5nh73ly7xm6ybnwvm4unybnpenu,1,91,2.7977919671684504,2,30.214665981475264,True
seed_10002-clients_5-joint_dirichlet_0.3-submitted-sign_flip-B4,bound_manifest,bafkreibttscdpnp6y6cvywqd7iamdh7ax35al4h5hjaxvc6s7r65rsxikq,1,340,20.09291702415794,2,53.56974998721853,True
seed_10002-clients_5-joint_dirichlet_0.3-submitted-sign_flip-B4,proof,bafkreihjakzvbsywurvs5pugi6hw5xurocl7k7lq7x3uer76i5anjlzhey,1,760,18.127125047612935,2,47.05379199003801,True
seed_10002-clients_5-joint_dirichlet_0.3-submitted-sign_flip-B4,public,bafkreifqw3dykpfiu55dspjziwveof6dxwjp7xfucdthvew762d65bd6bi,1,310,22.18470798106864,2,44.85320899402723,True
seed_10002-clients_5-joint_dirichlet_0.3-submitted-sign_flip-B4,submission_manifest,bafkreigdzqnsm76yyohbvbk3b4hgblaghvjoo2zu4lo7g5d4fehccrwlnm,1,544,26.216541009489447,2,60.74620899744332,True
seed_10002-clients_5-joint_dirichlet_0.3-submitted-sign_flip-B4,model,bafkreifrhhvl4uw7hxgmlvlqe6ye5f6cfbmcu553f3hgs7offw7yhr4y3i,2,2303,25.745209015440196,2,59.86895802197978,True
seed_10002-clients_5-joint_dirichlet_0.3-submitted-sign_flip-B4,metrics,bafkreih5lcogjq3nxsmf7nxiiqtdmtmvp6hd6m2jjswueolrsg7xgnhudm,2,217,0.7611670298501849,2,31.691875017713755,True
seed_10002-clients_5-joint_dirichlet_0.3-submitted-sign_flip-B4,metadata,bafkreicjrvcav7nd6wdgrji5gj46k45cwptob4ne6b4ob44yldvkutz7he,2,91,0.6804580334573984,2,32.76324999751523,True
seed_10002-clients_5-joint_dirichlet_0.3-submitted-sign_flip-B4,bound_manifest,bafkreihejptl6nekckf6moj3spqwmc7sz4tfatrtkueryg3ellc3keaq6e,2,340,28.07512495201081,2,61.055125028360635,True
seed_10002-clients_5-joint_dirichlet_0.3-submitted-sign_flip-B4,proof,bafkreid6d7mifwdsenkmsfrkoj5vi7e36ha75xza4mu62nsgeo5r6ndc2q,2,759,20.142916997428983,2,42.87579201627523,True
seed_10002-clients_5-joint_dirichlet_0.3-submitted-sign_flip-B4,public,bafkreibi34m4ojzhvit2kggylypbryqjb6ycrlf3nekitkrafv3pvdtfay,2,308,19.087959022726864,2,41.86908301198855,True
seed_10002-clients_5-joint_dirichlet_0.3-submitted-sign_flip-B4,submission_manifest,bafkreidwdgtjcpdfkma45ln3n3nulp773vwduakbumla33roiwtixbykpy,2,544,18.099417036864907,2,47.95591701986268,True
seed_10002-clients_5-joint_dirichlet_0.3-submitted-sign_flip-B4,model,bafkreig2mayysdo3b7xt2cadkbc3wj2fld54wcugxrgjyyznwml2ltohny,3,2284,21.963541978038847,2,44.252833002246916,True
seed_10002-clients_5-joint_dirichlet_0.3-submitted-sign_flip-B4,metrics,bafkreibmyfmxt6non3z3h2dma3fdiw7txdpubr2m7ixdovb72hnxpeof4y,3,223,18.08454201091081,2,46.81999998865649,True
seed_10002-clients_5-joint_dirichlet_0.3-submitted-sign_flip-B4,metadata,bafkreidvr6xqvf5po7jdvvjsvs2utlreqyygozlsgedjusp6xdi6buvqfm,3,91,1.928791985847056,2,28.448124998249114,True
seed_10002-clients_5-joint_dirichlet_0.3-submitted-sign_flip-B4,bound_manifest,bafkreibpr2pybrnhcwfio5zhbi67f7jrvv4leunqyclbxuna5emkvrqmc4,3,340,22.783084015827626,2,44.9507919838652,True
seed_10002-clients_5-joint_dirichlet_0.3-submitted-sign_flip-B4,proof,bafkreiamnf54hwdnh27do5bltgvj5pxu32d4inrea7nf5kg26prwy72jqe,3,756,23.017916013486683,2,44.25654100487009,True
seed_10002-clients_5-joint_dirichlet_0.3-submitted-sign_flip-B4,public,bafkreifbnlyp423x4fyzsi4x7gps2suptxqww2uifhp7xddzwfpmzcuage,3,318,21.970667003188282,2,48.98837499786168,True
seed_10002-clients_5-joint_dirichlet_0.3-submitted-sign_flip-B4,submission_manifest,bafkreiauclugydgayonsdv2np4tyweli3gwvdk5ujr56iwtrdwqg76mqdi,3,544,24.172708042897284,2,50.93912495067343,True
seed_10002-clients_5-joint_dirichlet_0.3-submitted-sign_flip-B4,model,bafkreibf5dy5ggegzz5kt33kfo7tcwh4luqhu64chajejzqbvuijvedftm,4,2300,23.274749983102083,2,48.22483396856114,True
seed_10002-clients_5-joint_dirichlet_0.3-submitted-sign_flip-B4,metrics,bafkreiglxlgzhju4gr6hw5qwalxbnc5zsc4idacz33zkn5fewqshlpfxd4,4,216,2.2199589875526726,2,33.64504099590704,True
seed_10002-clients_5-joint_dirichlet_0.3-submitted-sign_flip-B4,metadata,bafkreifgks4slo3fms4ococ4kuxng2ooxod6ug7che7giffjyl4v5c3pim,4,91,2.416083007119596,2,30.34050000132993,True
seed_10002-clients_5-joint_dirichlet_0.3-submitted-sign_flip-B4,bound_manifest,bafkreicg5qhc654kwsxxdrdiefgl6rptz3ibjdggunde6znuakqzrntdtm,4,340,24.452042009215802,2,44.48041698196903,True
seed_10002-clients_5-joint_dirichlet_0.3-submitted-sign_flip-B4,proof,bafkreigfen2gogyqmrafv6z6e2sso3xmnodaftj7ddu26iushhjjyehk44,4,760,17.087207990698516,2,41.22604202711955,True
seed_10002-clients_5-joint_dirichlet_0.3-submitted-sign_flip-B4,public,bafkreihv6fummwvzqq4hvaerlrmrpo54kz7fca3ldesogdcpg3e752hlzu,4,307,18.027333018835634,2,44.01445901021361,True
seed_10002-clients_5-joint_dirichlet_0.3-submitted-sign_flip-B4,submission_manifest,bafkreign7iksapxhpx6orqkd74pdfqahuim6tjt7b4g5wkfetvt3vfcfoq,4,544,46.58750002272427,2,57.13554105022922,True
seed_10002-clients_5-joint_dirichlet_0.3-submitted-sign_flip-B4,global_model,bafkreibusa365jofg2vzbcgki5qyokuzmga6rwkadwfaecwlhf4e5jxj5m,global,2316,22.36795803764835,2,52.522415993735194,True
seed_10002-clients_5-joint_dirichlet_0.3-submitted-sign_flip-B4,report,bafkreifymbipachwwwiu4oblur2eycwckn4gbfp233mntdh4t5wbblyira,global,1722,27.486666978802532,2,54.39262499567121,True
seed_10002-clients_5-joint_dirichlet_0.3-submitted-sign_flip-B4,model,bafkreig7nxxz2ila27nzuurx7yntfzsi72btruzkc6ksjo6yuf5b3mxhkq,0,2262,23.49545800825581,3,47.75566700845957,True
seed_10002-clients_5-joint_dirichlet_0.3-submitted-sign_flip-B4,metrics,bafkreib7ulp5k6pvzkfjq5vlquus3vqpdhjinnsizacmk6hrow5rlpyjny,0,218,24.169375014025718,3,57.817500026430935,True
seed_10002-clients_5-joint_dirichlet_0.3-submitted-sign_flip-B4,metadata,bafkreiey3diiuyer6xumz2z3zmvtbnrw7us2drrs3z3hndtj5tpsbcjf5q,0,91,2.3077920195646584,3,30.323332990519702,True
seed_10002-clients_5-joint_dirichlet_0.3-submitted-sign_flip-B4,bound_manifest,bafkreicmbqgiadk4v32a2fereasqmnic5uscneynuqf65d7nisgtk5o2la,0,340,18.449250026606023,3,43.687457975465804,True
seed_10002-clients_5-joint_dirichlet_0.3-submitted-sign_flip-B4,proof,bafkreiadlfbjdqzlkv7sm2fpco6qhczpuqavxsz4xdw7t7z4hvqnrdnr4e,0,154,2.1591249969787896,3,31.413125048857182,True
seed_10002-clients_5-joint_dirichlet_0.3-submitted-sign_flip-B4,public,bafkreia4zjtp7436cpgzdv2zewyaoivyigxutp73srvv73rabsxt4qstou,0,303,32.949874992482364,3,59.46283304365352,True
seed_10002-clients_5-joint_dirichlet_0.3-submitted-sign_flip-B4,submission_manifest,bafkreier7zrtxibvb3vzatrf3ru6fhdsskxj65x3mkqrjm355wqxoebqze,0,545,21.413167007267475,3,64.23295801505446,True
seed_10002-clients_5-joint_dirichlet_0.3-submitted-sign_flip-B4,model,bafkreicvsnx2ux4mldtfyinlc7mqvnkr2zd2ijbfkbrwyemfrw2fhdl3ve,1,2217,24.68362497165799,3,48.06954198284075,True
seed_10002-clients_5-joint_dirichlet_0.3-submitted-sign_flip-B4,metrics,bafkreibfxozpmrl2qcclzmqqoy554vptekgaclgwer5ewqjv26jrmzwsp4,1,220,2.23912502406165,3,31.79941698908806,True
seed_10002-clients_5-joint_dirichlet_0.3-submitted-sign_flip-B4,metadata,bafkreicvtu6z7zfw2twqkqgb3z26sq4ge7sjwl555arm73avcdqlimippe,1,91,1.9477499881759286,3,27.24095800658688,True
seed_10002-clients_5-joint_dirichlet_0.3-submitted-sign_flip-B4,bound_manifest,bafkreidbh4x4jtoedi6lcx2qezwms3cggsidubarpaasf4kacoy2zblhiq,1,340,18.463166954461485,3,45.50537501927465,True
seed_10002-clients_5-joint_dirichlet_0.3-submitted-sign_flip-B4,proof,bafkreignzmsrvnguberhiyv5ex47jjbh3wdnbkvipyf3fqrob3xk6pqxem,1,759,22.208957991097122,3,44.08937500556931,True
seed_10002-clients_5-joint_dirichlet_0.3-submitted-sign_flip-B4,public,bafkreiheejbt4rnm5mr7ykidrs357t2lum3x7ro6pjqzldwoipwfowv2fq,1,310,19.07249999931082,3,44.90987496683374,True
seed_10002-clients_5-joint_dirichlet_0.3-submitted-sign_flip-B4,submission_manifest,bafkreice44c2wp5a6r4dik7lotbo5ftdpe3ucvf3vvl5336jnwdwqffddm,1,544,19.205541000701487,3,50.97375001059845,True
seed_10002-clients_5-joint_dirichlet_0.3-submitted-sign_flip-B4,model,bafkreiedydgapxfwom6jdbo3iygrjjivbgacnsq27ejrtre7iuxjbhry4q,2,2285,19.592291966546327,3,45.22504098713398,True
seed_10002-clients_5-joint_dirichlet_0.3-submitted-sign_flip-B4,metrics,bafkreifcwp54mdqepx4o3sdtpaxnqonpirpyrcc4hyc7x2eyefecjbczay,2,217,2.521792019251734,3,28.997833956964314,True
seed_10002-clients_5-joint_dirichlet_0.3-submitted-sign_flip-B4,metadata,bafkreicpg4n4ouh2xl7li6sj4uxjvirzmhvxtzmljkrigl47nvkatpho3y,2,91,2.087000000756234,3,27.73312502540648,True
seed_10002-clients_5-joint_dirichlet_0.3-submitted-sign_flip-B4,bound_manifest,bafkreifbsybcrgaycdoucpwpovmwjlupktft6am5fuibbd3pcjlxjoako4,2,340,18.981207977049053,3,48.79304103087634,True
seed_10002-clients_5-joint_dirichlet_0.3-submitted-sign_flip-B4,proof,bafkreifynnt5dohrs2ksqzaa3gaqhhjfviilmuetzlku6pieqvpdud3jmm,2,758,18.046583980321884,3,41.82474996196106,True
seed_10002-clients_5-joint_dirichlet_0.3-submitted-sign_flip-B4,public,bafkreidyppkmsghhi3dctbegagbqhudbd2k3atb3gzgjl6toopcbasqcwa,2,307,22.319332987535745,3,47.91008302709088,True
seed_10002-clients_5-joint_dirichlet_0.3-submitted-sign_flip-B4,submission_manifest,bafkreic5uex5icyrqnrsncjrvxwwwg23br2zssovcaw2rdxsls7wpjx7bq,2,544,23.18687498336658,3,55.56983302813023,True
seed_10002-clients_5-joint_dirichlet_0.3-submitted-sign_flip-B4,model,bafkreihmqe23ukuu5ucts4dshqeklr7ebnrsnzdypik6mbfuahw6gdkmau,3,2282,22.705999959725887,3,54.757458972744644,True
seed_10002-clients_5-joint_dirichlet_0.3-submitted-sign_flip-B4,metrics,bafkreidf4vkwcf6xxja4vtappoythy47flisoq52j3g3z3ajfrie5a5swe,3,222,21.08195796608925,3,48.85745799401775,True
seed_10002-clients_5-joint_dirichlet_0.3-submitted-sign_flip-B4,metadata,bafkreickiwcr2tgefp6inx4amr5yot7c2lgbiob75p7wflsmdolcaem5uu,3,91,2.0674580009654164,3,30.477624968625605,True
seed_10002-clients_5-joint_dirichlet_0.3-submitted-sign_flip-B4,bound_manifest,bafkreicc7xnw3op4iks7hvjii5yop36x3kcxhssxc3uvmzb5exuv4c2fo4,3,340,22.80329097993672,3,55.49825000343844,True
seed_10002-clients_5-joint_dirichlet_0.3-submitted-sign_flip-B4,proof,bafkreieybue2ewvx6g3kiqiefg7ve4mugaa4gd4yjjzhhfcaheahavzk4u,3,758,20.065165997948498,3,42.055041005369276,True
seed_10002-clients_5-joint_dirichlet_0.3-submitted-sign_flip-B4,public,bafkreibzvy3rn6l5rxjdvdbgwizw4yifjwvae74grgef4znbrwm6rw2aii,3,315,16.14662498468533,3,39.874833018984646,True
seed_10002-clients_5-joint_dirichlet_0.3-submitted-sign_flip-B4,submission_manifest,bafkreifrf65im5ciy7aevu2nuc5dbv3rvyxhbx6bmuddz4itu3fc6nxoqe,3,544,18.114292004611343,3,44.14087499026209,True
seed_10002-clients_5-joint_dirichlet_0.3-submitted-sign_flip-B4,model,bafkreia5p6dbjraui2igsoem4eu2s4pysmenbo2tzgxsca4e64w7ebqose,4,2284,29.894665989559144,3,60.087208985351026,True
seed_10002-clients_5-joint_dirichlet_0.3-submitted-sign_flip-B4,metrics,bafkreiab5bmbzf2vvk4cslsnnre5fnqzegzoe7wioyzu7qobpsgfapdbxa,4,216,1.9434999558143318,3,40.88820796459913,True
seed_10002-clients_5-joint_dirichlet_0.3-submitted-sign_flip-B4,metadata,bafkreibobq6bd7a4rlzzwfr7wpzjs23gmcwn7vxujjae66kykqprjnrzye,4,91,1.0936670005321503,3,32.03549998579547,True
seed_10002-clients_5-joint_dirichlet_0.3-submitted-sign_flip-B4,bound_manifest,bafkreibxj55nb33wkewiziygwdtp2yt5hwkcbxy7ti3qrhi65yunz4plw4,4,340,20.94858296914026,3,52.656292042229325,True
seed_10002-clients_5-joint_dirichlet_0.3-submitted-sign_flip-B4,proof,bafkreibpenc2dlkqtlgssilzerjkijbrv66itb56jzcrjuwyvnettvp544,4,759,28.16858299775049,3,55.14424998546019,True
seed_10002-clients_5-joint_dirichlet_0.3-submitted-sign_flip-B4,public,bafkreiegwdccygklnospovvuxzd3ayhomra46ion5fowbd6soh5ckjbhsu,4,305,24.032458022702485,3,57.032582990359515,True
seed_10002-clients_5-joint_dirichlet_0.3-submitted-sign_flip-B4,submission_manifest,bafkreignf4ybzodm7rlgxvgeyknjmoyoiihlpctsk5dosvhggjboednkbe,4,544,25.30758298235014,3,67.4374169902876,True
seed_10002-clients_5-joint_dirichlet_0.3-submitted-sign_flip-B4,global_model,bafkreickk65ntrjd2opmb7asxzszjlzpgxfujet4w5qa7d4n6z57vlx2le,global,2310,21.19075000518933,3,45.240583014674485,True
seed_10002-clients_5-joint_dirichlet_0.3-submitted-sign_flip-B4,report,bafkreidl5q3gz5p7tuuur4ompxyg6f3pq6sxylnmbjjn373os2iwrdvb3m,global,1722,23.331457981839776,3,55.7607079972513,True
seed_10002-clients_5-joint_dirichlet_0.3-submitted-sign_flip-B7,model,bafkreicsvmnsag4zcgduk4w4qwsjw2yviyc6sac6mptprsailvlmgspuge,0,2085,0.8829589933156967,1,32.34429098665714,True
seed_10002-clients_5-joint_dirichlet_0.3-submitted-sign_flip-B7,metrics,bafkreigr3ioxrphp7iwq5bri2vzou5ccdxctltpzb2qovaff7rzp4h3lje,0,218,0.8840829832479358,1,31.866166042163968,True
seed_10002-clients_5-joint_dirichlet_0.3-submitted-sign_flip-B7,metadata,bafkreihmgnfvm3aubvecmqnf7zi5oeuy7zthoxcmxuihxh2dk3qlmh3woi,0,91,0.9544169879518449,1,31.198416952975094,True
seed_10002-clients_5-joint_dirichlet_0.3-submitted-sign_flip-B7,bound_manifest,bafkreie7wrbqs4zwnpgrlp6et6wa643fw64763toqvfinprmmf3idwrvcm,0,340,1.0354580008424819,1,37.87062497576699,True
seed_10002-clients_5-joint_dirichlet_0.3-submitted-sign_flip-B7,proof,bafkreiexamv6fsdera6frvwzr3bm6l3w7peoaz3l34f4g5pebylmo7xcfy,0,154,1.20975001482293,1,39.679709007032216,True
seed_10002-clients_5-joint_dirichlet_0.3-submitted-sign_flip-B7,public,bafkreib43vxhluf7egd7ma57swv635nudxng6xyxesulx3zzs5svy4ncai,0,302,5.832874972838908,1,41.34495899779722,True
seed_10002-clients_5-joint_dirichlet_0.3-submitted-sign_flip-B7,submission_manifest,bafkreiexgnbs7ks73mi6ytr552dre3tixcfbt724yk3fpzapkn7g3k7sau,0,545,1.3411249965429306,1,38.382291968446225,True
seed_10002-clients_5-joint_dirichlet_0.3-submitted-sign_flip-B7,model,bafkreifuzaikcwwup6l7ajebzqrh4nicxz64t2q5xdtu2b6pxjdawraodi,1,2149,1.382417045533657,1,35.85391701199114,True
seed_10002-clients_5-joint_dirichlet_0.3-submitted-sign_flip-B7,metrics,bafkreifp32kanzubrxc2l3gi7wvqab6w7bbd6e5tnzdiz2qdo7wlc4zywe,1,220,1.3445829972624779,1,33.25829195091501,True
seed_10002-clients_5-joint_dirichlet_0.3-submitted-sign_flip-B7,metadata,bafkreicyvghrn2cklezhl5ahr3yyssxtrfwtrvry4amhp2dy6jdsbdgiuu,1,91,3.279500000644475,1,41.31408303510398,True
seed_10002-clients_5-joint_dirichlet_0.3-submitted-sign_flip-B7,bound_manifest,bafkreieqjofjholzyqshyfhlo4d4b3acjhifnavbfjcnht4db6m77wqoaa,1,340,3.73633299022913,1,32.68012503394857,True
seed_10002-clients_5-joint_dirichlet_0.3-submitted-sign_flip-B7,proof,bafkreiejxjideg2t7b5on2oqhbceyt56zkowolutudjlswyky34yu63izu,1,759,23.280207999050617,1,75.0443339929916,True
seed_10002-clients_5-joint_dirichlet_0.3-submitted-sign_flip-B7,public,bafkreif7jzpjomwlz34ckxdyov462patk46wy7p4s2c37nctiume7l4mli,1,312,0.710916006937623,1,35.45558400219306,True
seed_10002-clients_5-joint_dirichlet_0.3-submitted-sign_flip-B7,submission_manifest,bafkreigndihzk2bklozml7pixeqk75dg3eukj6oepht5giqquk2qd5nvpy,1,544,17.00970798265189,1,45.168208016548306,True
seed_10002-clients_5-joint_dirichlet_0.3-submitted-sign_flip-B7,model,bafkreiecfvs3lgep6wfalfrdtdbmr6pzgmpzcxhcwq57yf44jqrkzmkmbe,2,2269,1.8685419927351177,1,34.814791986718774,True
seed_10002-clients_5-joint_dirichlet_0.3-submitted-sign_flip-B7,metrics,bafkreihcd3qscx4tqgtsnjaaq3hglntbxe7vsfbxe5ecrgeobobb2xkd6y,2,217,2.1110419766046107,1,41.689999983645976,True
seed_10002-clients_5-joint_dirichlet_0.3-submitted-sign_flip-B7,metadata,bafkreia4kt3dwm3ctn7kjjvmrovzmgyiusyd6mhg3wa2gluiij5sdjtk4q,2,91,1.2802089913748205,1,33.86429202510044,True
seed_10002-clients_5-joint_dirichlet_0.3-submitted-sign_flip-B7,bound_manifest,bafkreiblrwaux3qkgkpwwcj7v77c53dm3wpt7x65oaq24gm5tvdbeac47e,2,340,1.5553340199403465,1,37.287832994479686,True
seed_10002-clients_5-joint_dirichlet_0.3-submitted-sign_flip-B7,proof,bafkreifm7m4kqqj4acjfc6zdn722ktmirozsg4oh6ycwpayvtk7wmtk2zi,2,757,18.951833015307784,1,51.1416660156101,True
seed_10002-clients_5-joint_dirichlet_0.3-submitted-sign_flip-B7,public,bafkreifwecvv5w3drm6bclt7w27fsox3lkd4oqchjngzzwnjlpx4cmp7em,2,309,0.9371250052936375,1,34.157500020228326,True
seed_10002-clients_5-joint_dirichlet_0.3-submitted-sign_flip-B7,submission_manifest,bafkreifllzonsmz7pkdx7l6prjhcus2hml35j5kjocptaxd2iqch73b6be,2,544,24.086792021989822,1,44.81037496589124,True
seed_10002-clients_5-joint_dirichlet_0.3-submitted-sign_flip-B7,model,bafkreidusgoh74ly2ecbci65h2bnwmxktz73xyholmpkdc2jub5tek5m5e,3,2076,0.7859159959480166,1,35.55941698141396,True
seed_10002-clients_5-joint_dirichlet_0.3-submitted-sign_flip-B7,metrics,bafkreib67srendym5ekvdbv2lwqbvz2xejraplyx6erx3okot3lvty4vmu,3,223,1.533165981527418,1,38.696959032677114,True
seed_10002-clients_5-joint_dirichlet_0.3-submitted-sign_flip-B7,metadata,bafkreihya6pc6k2sgeqgqpxi2nbcu5sbbqlw36eqt2q2cuh2vbsw4ilkta,3,91,3.054416971281171,1,28.292790986597538,True
seed_10002-clients_5-joint_dirichlet_0.3-submitted-sign_flip-B7,bound_manifest,bafkreibrjpecsx4h3g5vde3bccpxqh4pkwjv7pupnqmwrtpijqzc2bgav4,3,340,1.9858340383507311,1,36.710500018671155,True
seed_10002-clients_5-joint_dirichlet_0.3-submitted-sign_flip-B7,proof,bafkreibd7xz3lfe2mykjko5ujhe4laj6wn2cuzkg7fk7sd2bshtipj3yc4,3,757,24.293499998748302,1,41.2935420172289,True
seed_10002-clients_5-joint_dirichlet_0.3-submitted-sign_flip-B7,public,bafkreiblvh2zew6k6ayh2vyolpzhanxjxofmqo5jnstzdtegvujyumdqpq,3,315,1.0730840149335563,1,29.852750012651086,True
seed_10002-clients_5-joint_dirichlet_0.3-submitted-sign_flip-B7,submission_manifest,bafkreiaexcfgvvbo7t3ebe5ujjazdsw7bneahpziu3jbjulvogzxjqyrky,3,544,25.041083979886025,1,53.953666996676475,True
seed_10002-clients_5-joint_dirichlet_0.3-submitted-sign_flip-B7,model,bafkreic4kir7jzx7ovdrsn52txaeuhjcjhzwrrt6aqf4o5hidxpoqcg6oi,4,2274,0.9850420174188912,1,36.48249997058883,True
seed_10002-clients_5-joint_dirichlet_0.3-submitted-sign_flip-B7,metrics,bafkreibqyfj42ajl3r6n3dne5zqyezcem35yau7ie5euodl64ojcwr7y24,4,216,1.067416975274682,1,32.97108301194385,True
seed_10002-clients_5-joint_dirichlet_0.3-submitted-sign_flip-B7,metadata,bafkreifynjguyveuesrg66q67nuxjdk76nxfspoli2ri2gordpf3joindu,4,91,4.420415963977575,1,32.777292013633996,True
seed_10002-clients_5-joint_dirichlet_0.3-submitted-sign_flip-B7,bound_manifest,bafkreigdaih6a3rdbxfcfv6tvbyax2e52q45jignt2lqkcp4ad5rrgfgfm,4,340,2.489958016667515,1,34.003457985818386,True
seed_10002-clients_5-joint_dirichlet_0.3-submitted-sign_flip-B7,proof,bafkreifdu5aauyjg5mhhvjpytrgxfmrudj6yplkyu4g63ix27yxtn3slve,4,757,17.17745902715251,1,46.054250036831945,True
seed_10002-clients_5-joint_dirichlet_0.3-submitted-sign_flip-B7,public,bafkreick342426o56tjzoi2iolwpttxnel3m7sshfadqrd5skerjmzi4ym,4,304,1.075791020411998,1,32.98654098762199,True
seed_10002-clients_5-joint_dirichlet_0.3-submitted-sign_flip-B7,submission_manifest,bafkreidfelzeuknqapmkgntrv4st3zb4qj2k7lrxsjadcndzxhnqamu7tu,4,544,21.948625042568892,1,53.001125052105635,True
seed_10002-clients_5-joint_dirichlet_0.3-submitted-sign_flip-B7,global_model,bafkreihmu4veyv73f3tilftd5gvqa4zq56dgnfkzdahrjvbmi7no7wqnca,global,2305,25.04874998703599,1,51.72537500038743,True
seed_10002-clients_5-joint_dirichlet_0.3-submitted-sign_flip-B7,report,bafkreihfs7w6awowe22dqftrcuyk4aztmzmpgurxzwekbvpirqiwka7n2q,global,1802,22.021375014446676,1,55.625416978728026,True
seed_10002-clients_5-joint_dirichlet_0.3-submitted-sign_flip-B7,model,bafkreiafvk2bd7dke5vmopznsnr5ssruywr664yb7eyiwsnqwni7rpkjea,0,2241,23.442417033948004,2,59.493084030691534,True
seed_10002-clients_5-joint_dirichlet_0.3-submitted-sign_flip-B7,metrics,bafkreic36xcyw7sv5qbcsz4zziov3dtfewl23kr5usto4vazy26k7pls2u,0,218,1.3904590159654617,2,28.378457995131612,True
seed_10002-clients_5-joint_dirichlet_0.3-submitted-sign_flip-B7,metadata,bafkreifc32knpe6lhbzxpddl5xa4d36u3furb7n4gid2iyguvp2sblfuri,0,91,1.5059169963933527,2,30.796459002885967,True
seed_10002-clients_5-joint_dirichlet_0.3-submitted-sign_flip-B7,bound_manifest,bafkreidnuw5u4sudc425f2bopc4yi45gpht4ujjpgdysueaug67yw5f5xe,0,340,23.99979199981317,2,64.17445797706023,True
seed_10002-clients_5-joint_dirichlet_0.3-submitted-sign_flip-B7,proof,bafkreibtqnhfgmb3yugkdzqhzrhepy4hbhfenl66lgw6w72tbdq25kj4sm,0,154,2.445208025164902,2,31.430832983460277,True
seed_10002-clients_5-joint_dirichlet_0.3-submitted-sign_flip-B7,public,bafkreibdwjh5ttce5xfnviombsu35wcqpkz2j6kcldsk26nlxk7idu24ju,0,303,23.817582987248898,2,55.905125045683235,True
seed_10002-clients_5-joint_dirichlet_0.3-submitted-sign_flip-B7,submission_manifest,bafkreiam7o4qduyw32dr2aa7yw5hyheuiyo365xtnvaaidbt3akfog4vri,0,545,25.37337498506531,2,61.693625000771135,True
seed_10002-clients_5-joint_dirichlet_0.3-submitted-sign_flip-B7,model,bafkreiawxd5hnmr6lo4cl5acg32qxhrs4sr7wbjaznwely3ilmiu5xex54,1,2205,23.42966600554064,2,53.119458025321364,True
seed_10002-clients_5-joint_dirichlet_0.3-submitted-sign_flip-B7,metrics,bafkreicmfkvdm3nyyq7q7k7fmbyi6pcapfcd4unvnfvdgkg2bptibjsrg4,1,220,24.433250015135854,2,55.701375007629395,True
seed_10002-clients_5-joint_dirichlet_0.3-submitted-sign_flip-B7,metadata,bafkreicnhlp7zwweo6je5zo57z47lih5nh73ly7xm6ybnwvm4unybnpenu,1,91,1.4365840470418334,2,31.782292004209012,True
seed_10002-clients_5-joint_dirichlet_0.3-submitted-sign_flip-B7,bound_manifest,bafkreid5ytphsejethdz3wk42qz2ro5xm3xc4v3ynjgbqzv2ugc4kb7pdi,1,340,27.467124979011714,2,65.59591699624434,True
seed_10002-clients_5-joint_dirichlet_0.3-submitted-sign_flip-B7,proof,bafkreihgwqtdjfrfs6hdm5rxmec6knlpeeed6yxbmmnnghd3l3rncd3dui,1,760,16.155083023477346,2,47.81983298016712,True
seed_10002-clients_5-joint_dirichlet_0.3-submitted-sign_flip-B7,public,bafkreigvox7x2d24yhjl2p6cldkfarbvdva62wlamsldlphaazm3qmq5zy,1,312,18.22949998313561,2,42.81091596931219,True
seed_10002-clients_5-joint_dirichlet_0.3-submitted-sign_flip-B7,submission_manifest,bafkreifiscci7c7segznaoelshzxd2njmibbwtwbelnx6ojypturfe3fdu,1,544,16.38799998909235,2,40.73700000299141,True
seed_10002-clients_5-joint_dirichlet_0.3-submitted-sign_flip-B7,model,bafkreiegrfcbfpzurfhfrawbkznrwdk2sjrw5cvihrhhfmqhztmf5mzw4i,2,2277,22.56695897085592,2,51.269125018734485,True
seed_10002-clients_5-joint_dirichlet_0.3-submitted-sign_flip-B7,metrics,bafkreih5lcogjq3nxsmf7nxiiqtdmtmvp6hd6m2jjswueolrsg7xgnhudm,2,217,2.0471669849939644,2,37.69358299905434,True
seed_10002-clients_5-joint_dirichlet_0.3-submitted-sign_flip-B7,metadata,bafkreicjrvcav7nd6wdgrji5gj46k45cwptob4ne6b4ob44yldvkutz7he,2,91,1.627666992135346,2,27.571290964260697,True
seed_10002-clients_5-joint_dirichlet_0.3-submitted-sign_flip-B7,bound_manifest,bafkreihmteb5wldoomsrjk765orhzbk6n4lggbfttfroth6u3yybjiog4i,2,340,26.710917009040713,2,59.71104098716751,True
seed_10002-clients_5-joint_dirichlet_0.3-submitted-sign_flip-B7,proof,bafkreibmguphiia75yjc35vizvpdwmnfzaun564cueidciqp4ontpyiz2y,2,760,20.081249997019768,2,51.83758301427588,True
seed_10002-clients_5-joint_dirichlet_0.3-submitted-sign_flip-B7,public,bafkreif6ly6xwmzb44nmgsu7luwkooenfx42zrhjtk2nw3w5x4wqd3brza,2,308,20.26258298428729,2,49.911290989257395,True
seed_10002-clients_5-joint_dirichlet_0.3-submitted-sign_flip-B7,submission_manifest,bafkreif7u7nfvt37tbjiyyugl2wo5k57bqz4zxk46mlsbxfasbiri7lptu,2,544,22.366459015756845,2,48.972624994348735,True
seed_10002-clients_5-joint_dirichlet_0.3-submitted-sign_flip-B7,model,bafkreigx3qsvi5ht3f5ngcgebyulizipkkw6utzev4xwv5z6pykwqtt7ku,3,2265,22.264375002123415,2,61.3681249669753,True
seed_10002-clients_5-joint_dirichlet_0.3-submitted-sign_flip-B7,metrics,bafkreige4ukzqitpcu53c3ljsdml556fnc4mblcp2leqteonwaioxa3g2u,3,223,22.537000011652708,2,59.606791008263826,True
seed_10002-clients_5-joint_dirichlet_0.3-submitted-sign_flip-B7,metadata,bafkreidvr6xqvf5po7jdvvjsvs2utlreqyygozlsgedjusp6xdi6buvqfm,3,91,2.3102090344764292,2,35.24983295938,True
seed_10002-clients_5-joint_dirichlet_0.3-submitted-sign_flip-B7,bound_manifest,bafkreifhd4z57iuss4km46mlr4kcvz66obnoktivcqdgqbele7gsgzf3ni,3,340,22.006583982147276,2,52.4232920142822,True
seed_10002-clients_5-joint_dirichlet_0.3-submitted-sign_flip-B7,proof,bafkreiay755r4m2kp5itqvcmvuydbarkogf2d2qas23ifdqu4lv24eopzu,3,762,21.21608395827934,2,47.8938749874942,True
seed_10002-clients_5-joint_dirichlet_0.3-submitted-sign_flip-B7,public,bafkreiechjt2epvtbxf7otat5xgpz7esdw2tdkulq5iswymgsdawqwnriy,3,316,23.06762500666082,2,51.99545802315697,True
seed_10002-clients_5-joint_dirichlet_0.3-submitted-sign_flip-B7,submission_manifest,bafkreifb336lacsdhvjmvhxdvhgb7336yipbcmu6pf6jfzjesbdw5oatue,3,544,16.935958003159612,2,49.942916026338935,True
seed_10002-clients_5-joint_dirichlet_0.3-submitted-sign_flip-B7,model,bafkreib6inxrecbeavcsxtsh6jqaj72u5ihceyk2brnfn3tyq43eo5v5za,4,2290,22.28870801627636,2,53.803708986379206,True
seed_10002-clients_5-joint_dirichlet_0.3-submitted-sign_flip-B7,metrics,bafkreiglxlgzhju4gr6hw5qwalxbnc5zsc4idacz33zkn5fewqshlpfxd4,4,216,3.8692079833708704,2,34.08066701376811,True
seed_10002-clients_5-joint_dirichlet_0.3-submitted-sign_flip-B7,metadata,bafkreifgks4slo3fms4ococ4kuxng2ooxod6ug7che7giffjyl4v5c3pim,4,91,1.3680830015800893,2,29.274167027324438,True
seed_10002-clients_5-joint_dirichlet_0.3-submitted-sign_flip-B7,bound_manifest,bafkreiadyhsfddwtyyxphwigmsr3avizw4ze2gcs4fnxlli267us6ssyoa,4,340,24.166833027265966,2,59.40962501335889,True
seed_10002-clients_5-joint_dirichlet_0.3-submitted-sign_flip-B7,proof,bafkreigbejmm45crbyxxqcen4viqpddn6nhuboowt3tqczzinndwddzbae,4,757,23.253458028193563,2,53.862207976635545,True
seed_10002-clients_5-joint_dirichlet_0.3-submitted-sign_flip-B7,public,bafkreiewfvs2xw56xddratxqu55eocmhdjzfnvvts7yjbcwdbahi65vghy,4,306,23.135917028412223,2,60.883875004947186,True
seed_10002-clients_5-joint_dirichlet_0.3-submitted-sign_flip-B7,submission_manifest,bafkreif2vccdcoc7hxwxmy72j3f56ae2hneuu3nbwnp7pezk3cbfl2apje,4,544,24.588708009105176,2,59.05087501741946,True
seed_10002-clients_5-joint_dirichlet_0.3-submitted-sign_flip-B7,global_model,bafkreiehvzfu2dvrvrvfayde5ezzmcewa65rn4a7tv7ksufhuclyhcrmua,global,2290,27.06370799569413,2,54.78108301758766,True
seed_10002-clients_5-joint_dirichlet_0.3-submitted-sign_flip-B7,report,bafkreibjgmoez5j46ve35uqb4eo736adg5txpwoqhms4s4eaqjbcu6wgpm,global,1802,22.23137504188344,2,54.60945900995284,True
seed_10002-clients_5-joint_dirichlet_0.3-submitted-sign_flip-B7,model,bafkreigvaae2cqmhj52lqcosijfvp65komko7jsv2geuoostvepxp6nkrm,0,2245,24.10145796602592,3,49.517542007379234,True
seed_10002-clients_5-joint_dirichlet_0.3-submitted-sign_flip-B7,metrics,bafkreigvts2cerlt3udakfizxovxnb5bgh2d63fnhqknrwumezdvtsnvfa,0,218,21.141457953490317,3,53.29149996396154,True
seed_10002-clients_5-joint_dirichlet_0.3-submitted-sign_flip-B7,metadata,bafkreiey3diiuyer6xumz2z3zmvtbnrw7us2drrs3z3hndtj5tpsbcjf5q,0,91,1.2845000019297004,3,31.775415991432965,True
seed_10002-clients_5-joint_dirichlet_0.3-submitted-sign_flip-B7,bound_manifest,bafkreifrnixkrhozzycnol3vcor5tgxfckmpvujxjxwjzvi2rvs6jyseku,0,340,27.218292001634836,3,51.384666992817074,True
seed_10002-clients_5-joint_dirichlet_0.3-submitted-sign_flip-B7,proof,bafkreiadlfbjdqzlkv7sm2fpco6qhczpuqavxsz4xdw7t7z4hvqnrdnr4e,0,154,1.841292018070817,3,33.49770896602422,True
seed_10002-clients_5-joint_dirichlet_0.3-submitted-sign_flip-B7,public,bafkreiefvixojcaqf62lzrcohowfekclr34ib6dbyxorbyefjsrekxd4ie,0,303,21.22883399715647,3,57.68133397214115,True
seed_10002-clients_5-joint_dirichlet_0.3-submitted-sign_flip-B7,submission_manifest,bafkreihxwkdioljyyz2iejhc4eftsy7ksfdjmluwhlty6gl5f7bfcw4rue,0,545,30.169665988069028,3,69.20550001086667,True
seed_10002-clients_5-joint_dirichlet_0.3-submitted-sign_flip-B7,model,bafkreibme4nvg3tbje5nbh6a5rmo66ix65nimbrmb4fs6dynzihyamnjay,1,2199,27.96862501418218,3,68.22929199552163,True
seed_10002-clients_5-joint_dirichlet_0.3-submitted-sign_flip-B7,metrics,bafkreihqi66l3bxoh3hiajb7stufsaq6xtnbsa5g7n5kbvs3qk5z3thtdi,1,220,24.38941696891561,3,57.438834046479315,True
seed_10002-clients_5-joint_dirichlet_0.3-submitted-sign_flip-B7,metadata,bafkreicvtu6z7zfw2twqkqgb3z26sq4ge7sjwl555arm73avcdqlimippe,1,91,4.212458967231214,3,33.83933403529227,True
seed_10002-clients_5-joint_dirichlet_0.3-submitted-sign_flip-B7,bound_manifest,bafkreid7hnoaky6xzb74i6r3p2gyfaj4eohcp4ntyszpazzn7brhtobfti,1,340,29.659583000466228,3,56.44029099494219,True
seed_10002-clients_5-joint_dirichlet_0.3-submitted-sign_flip-B7,proof,bafkreienwm2h2kdov7djrxmdy5ozytwctkc4kodczb77rwklzzsp2dvuxe,1,757,21.130833018105477,3,42.11675003170967,True
seed_10002-clients_5-joint_dirichlet_0.3-submitted-sign_flip-B7,public,bafkreifkaddmsvzx6olmza6hdtjwv7jg2242ov25czhr33npyqtez75nsu,1,312,21.21962496312335,3,40.87670799344778,True
seed_10002-clients_5-joint_dirichlet_0.3-submitted-sign_flip-B7,submission_manifest,bafkreiaokxnvcgov3vcsshkdnvqoyy3hoah6rjumv2knsy2sjgi5qictm4,1,544,28.618792013730854,3,60.79974997555837,True
seed_10002-clients_5-joint_dirichlet_0.3-submitted-sign_flip-B7,model,bafkreifw42dydtkm6kpf4n7nw2wls232ws4tccfn6hqtuenr7f6ikwzk2a,2,2265,27.74520800448954,3,69.45745798293501,True
seed_10002-clients_5-joint_dirichlet_0.3-submitted-sign_flip-B7,metrics,bafkreifcwp54mdqepx4o3sdtpaxnqonpirpyrcc4hyc7x2eyefecjbczay,2,217,4.044959030579776,3,37.41633298341185,True
seed_10002-clients_5-joint_dirichlet_0.3-submitted-sign_flip-B7,metadata,bafkreicpg4n4ouh2xl7li6sj4uxjvirzmhvxtzmljkrigl47nvkatpho3y,2,91,0.8321250206790864,3,41.105291980784386,True
seed_10002-clients_5-joint_dirichlet_0.3-submitted-sign_flip-B7,bound_manifest,bafkreihaqhp5gohthz33ohyyuow2htmfn3gxqaywlbwzzhogblfnpmtit4,2,340,24.550583970267326,3,62.81004101037979,True
seed_10002-clients_5-joint_dirichlet_0.3-submitted-sign_flip-B7,proof,bafkreibc4fph63nvnlo2xbilsxnskee6omhwjomamjkf5uqhhhoufodqbi,2,758,27.223790995776653,3,47.516292019281536,True
seed_10002-clients_5-joint_dirichlet_0.3-submitted-sign_flip-B7,public,bafkreicfm3cntjxr3vttevohcj5wmrdhbw25uxxl6po6tdtuwknwy55v3u,2,308,17.036625009495765,3,48.00391697790474,True
seed_10002-clients_5-joint_dirichlet_0.3-submitted-sign_flip-B7,submission_manifest,bafkreicndrkpema7ayc36hpmq524l2sh7uaul6ip544t535i27fwhkdawq,2,544,19.209999998565763,3,44.78354100137949,True
seed_10002-clients_5-joint_dirichlet_0.3-submitted-sign_flip-B7,model,bafkreiekgih4zffrgiqzt3teansquj7lquus2gqo4p5j564qbeqmazsifa,3,2264,28.227292001247406,3,45.96741602290422,True
seed_10002-clients_5-joint_dirichlet_0.3-submitted-sign_flip-B7,metrics,bafkreihlynve6mxoiuecafz4wkvxgyj3arirspvntdxs5tzz4lehlldgmu,3,222,23.26366602210328,3,62.48050002614036,True
seed_10002-clients_5-joint_dirichlet_0.3-submitted-sign_flip-B7,metadata,bafkreickiwcr2tgefp6inx4amr5yot7c2lgbiob75p7wflsmdolcaem5uu,3,91,3.6279999767430127,3,32.200290996115655,True
seed_10002-clients_5-joint_dirichlet_0.3-submitted-sign_flip-B7,bound_manifest,bafkreiexqp6u367wd37fhgsjducylbwv6dwtvz3kcaw6jdvayh4maqtxjq,3,340,21.24891703715548,3,54.903084004763514,True
seed_10002-clients_5-joint_dirichlet_0.3-submitted-sign_flip-B7,proof,bafkreif52zaounhlwltcjllm47a5bb6drnmctnvgtqicai7stuo54vlqx4,3,760,20.104499999433756,3,50.52316701039672,True
seed_10002-clients_5-joint_dirichlet_0.3-submitted-sign_flip-B7,public,bafkreic2lbbuqv3tgel44ogpd43gt5iwzhuzgqp4te5tsosbrzemhk5b2i,3,316,16.187959001399577,3,40.89479200774804,True
seed_10002-clients_5-joint_dirichlet_0.3-submitted-sign_flip-B7,submission_manifest,bafkreiap62kavpbhi6fixle6yka4inyqkh5b5lm2vaf6u5g2hh2lijjg2y,3,544,18.170208029914647,3,47.72770905401558,True
seed_10002-clients_5-joint_dirichlet_0.3-submitted-sign_flip-B7,model,bafkreicx75bpg63qxsmah4u376e7a4s7qpk7optuo3kxui2qk5oadjpsai,4,2293,23.210084007587284,3,46.72495799604803,True
seed_10002-clients_5-joint_dirichlet_0.3-submitted-sign_flip-B7,metrics,bafkreiab5bmbzf2vvk4cslsnnre5fnqzegzoe7wioyzu7qobpsgfapdbxa,4,216,1.108333992306143,3,42.87408298114315,True
seed_10002-clients_5-joint_dirichlet_0.3-submitted-sign_flip-B7,metadata,bafkreibobq6bd7a4rlzzwfr7wpzjs23gmcwn7vxujjae66kykqprjnrzye,4,91,1.1257079895585775,3,35.734541015699506,True
seed_10002-clients_5-joint_dirichlet_0.3-submitted-sign_flip-B7,bound_manifest,bafkreidgnuejxywgeofqrvgwtp5okzfqlvfkjpxojbgcvwddf47ibue3pq,4,340,22.41800003685057,3,58.96895896876231,True
seed_10002-clients_5-joint_dirichlet_0.3-submitted-sign_flip-B7,proof,bafkreia42s7hyshv2payvqacdt2erds4a4vkbyirminu3twpm7xrfvw4k4,4,756,20.052290987223387,3,42.526458972133696,True
seed_10002-clients_5-joint_dirichlet_0.3-submitted-sign_flip-B7,public,bafkreiakfpcqyefz6t32babv43r6fqheeght5e2sa466k6iji3sgkzyyii,4,305,16.267916013021022,3,43.914124951697886,True
seed_10002-clients_5-joint_dirichlet_0.3-submitted-sign_flip-B7,submission_manifest,bafkreihiqge3adpf5uijnfh4o7u6lnq2fj67v6fcxu6kqbnyk3iinf6xqi,4,544,26.213083998300135,3,55.87562499567866,True
seed_10002-clients_5-joint_dirichlet_0.3-submitted-sign_flip-B7,global_model,bafkreihruoosfi2wnqtnqtxgvqzdpjo2frwn2i5q6ibuucj2n7fnnwq5be,global,2286,30.479292036034167,3,61.39466702006757,True
seed_10002-clients_5-joint_dirichlet_0.3-submitted-sign_flip-B7,report,bafkreiholgndsnfekswm3xdqorl2wg26dlwz22hj5xjl6upjksi5r2mvgi,global,1806,48.92479203408584,3,74.31833300506696,True
seed_10003-clients_5-joint_dirichlet_0.3-submitted-label_flip-B4,model,bafkreiaprixr2gpq3ywgknymmrpaocc4wa3tgiwvsg67qfxas3tln73pya,0,2204,20.237124990671873,1,45.00725003890693,True
seed_10003-clients_5-joint_dirichlet_0.3-submitted-label_flip-B4,metrics,bafkreih664ri42cfinhoruadomc6tnx5delugwlm5saasaamufx5m62tum,0,210,23.24733295245096,1,57.95300001045689,True
seed_10003-clients_5-joint_dirichlet_0.3-submitted-label_flip-B4,metadata,bafkreiei2qylpjyvsu3jsbzgy7eaxgp6lgnchehsaxhnpqb3na5qvypfau,0,91,1.2137910234741867,1,37.81574999447912,True
seed_10003-clients_5-joint_dirichlet_0.3-submitted-label_flip-B4,bound_manifest,bafkreig7eqsriywkabhdk4i27uiwcsx5jf5ro4wxllblvdkjt2tazyqnpm,0,340,23.219000024255365,1,56.277833005879074,True
seed_10003-clients_5-joint_dirichlet_0.3-submitted-label_flip-B4,proof,bafkreibkvgbmewx3k7mhlda36q5wx4dern5esqrqsjy7yxkinee4szmz5q,0,138,18.84754200000316,1,56.732375000137836,True
seed_10003-clients_5-joint_dirichlet_0.3-submitted-label_flip-B4,public,bafkreibl4feqx3zqntrlpexlr7hbst3vjoyzr6pbmddyobabnpjfsy6ii4,0,307,19.58474999992177,1,46.05533299036324,True
seed_10003-clients_5-joint_dirichlet_0.3-submitted-label_flip-B4,submission_manifest,bafkreihajaqiocwcuddnv4meak3y7vhx7z2oimhxioib6fsmpv5htfa6ve,0,545,26.182457979302853,1,61.82308302959427,True
seed_10003-clients_5-joint_dirichlet_0.3-submitted-label_flip-B4,model,bafkreie6l7ktec5na7i36tcomfvdex67u3gwkxgn43ahyfwnan3x6r3o7y,1,1587,0.7910840213298798,1,36.56929201679304,True
seed_10003-clients_5-joint_dirichlet_0.3-submitted-label_flip-B4,metrics,bafkreigtsxnjgfff2gjghg7s7putonopzwtjzzpqi6g7kyognxe7cwgmlu,1,220,0.5766249960288405,1,31.983374967239797,True
seed_10003-clients_5-joint_dirichlet_0.3-submitted-label_flip-B4,metadata,bafkreiah6em6nxtnh622p53zhr7p2jxuudjbmvnx57xbw6ibki73k7yogy,1,90,0.7026250241324306,1,37.19045897014439,True
seed_10003-clients_5-joint_dirichlet_0.3-submitted-label_flip-B4,bound_manifest,bafkreiammawcskdazka5uebxbfo76z6fmtbif3jrpkqskenje64fyp5rlm,1,340,0.5846660351380706,1,31.92779200617224,True
seed_10003-clients_5-joint_dirichlet_0.3-submitted-label_flip-B4,proof,bafkreiape6n67ndd34u6bijelbmatov3yk2ilrhl5fvvqf4aqf6mndubga,1,757,19.100834033451974,1,45.0379999820143,True
seed_10003-clients_5-joint_dirichlet_0.3-submitted-label_flip-B4,public,bafkreihgntz4vmf4vsajt7iscwovj6b7q2lsegpbdgpauf6iqrq2tiqtou,1,316,0.882041989825666,1,35.95933399628848,True
seed_10003-clients_5-joint_dirichlet_0.3-submitted-label_flip-B4,submission_manifest,bafkreiaifiqkjgkovtap4zg57omuhpk6wifan5g732qx3rx7xlwvhbhwmy,1,544,21.15233294898644,1,50.993625016417354,True
seed_10003-clients_5-joint_dirichlet_0.3-submitted-label_flip-B4,model,bafkreic6fzt3zlpd3ryaz7fsiydvxwqwwvnt5qxsjo7c4r46y3rjq4qcki,2,2295,2.6696670101955533,1,34.951957990415394,True
seed_10003-clients_5-joint_dirichlet_0.3-submitted-label_flip-B4,metrics,bafkreia3n5f56u2ga6xc2dqt5xlyh2fr6ww72manfyg7dix6v2p3wibpzm,2,210,2.2200840176083148,1,33.81979197729379,True
seed_10003-clients_5-joint_dirichlet_0.3-submitted-label_flip-B4,metadata,bafkreieixghh7ixqv5uzgc736zuey765jwgwrzqzuo5h5webhycgyqyxqa,2,91,2.9200409771874547,1,36.36475000530481,True
seed_10003-clients_5-joint_dirichlet_0.3-submitted-label_flip-B4,bound_manifest,bafkreicx25o7luwmlgoss3d3btbzcaduf2u34xqalnybf47kgfxbfj5y2i,2,340,6.644667009823024,1,33.679084037430584,True
seed_10003-clients_5-joint_dirichlet_0.3-submitted-label_flip-B4,proof,bafkreif2ouowzko5z5v6owkl7g77hh2nuwb23kwdnkuk2jdbjhn63dlgja,2,758,24.044916965067387,1,43.912709050346166,True
seed_10003-clients_5-joint_dirichlet_0.3-submitted-label_flip-B4,public,bafkreiendh3vfd6scgwtmwy6buwv4lflwoc22bssgxntqxanqnz7pld4cu,2,308,0.8062500273808837,1,28.08799996273592,True
seed_10003-clients_5-joint_dirichlet_0.3-submitted-label_flip-B4,submission_manifest,bafkreidia6qfhb5bmb5k5e2juyfsgu4nsh6laixdlkucezrvg6qptkmmvu,2,544,21.581166016403586,1,50.73762498795986,True
seed_10003-clients_5-joint_dirichlet_0.3-submitted-label_flip-B4,model,bafkreiettt3czz3qyivhqpcqe3333blywbdjfmyze5dopynk36yyj6usem,3,2217,2.3842499940656126,1,34.97729200171307,True
seed_10003-clients_5-joint_dirichlet_0.3-submitted-label_flip-B4,metrics,bafkreihz3rxxp7pra42b5xhebzjzjtjn3kr372nseg3pe7urtoqy3cfshi,3,222,2.3445000406354666,1,35.52308300277218,True
seed_10003-clients_5-joint_dirichlet_0.3-submitted-label_flip-B4,metadata,bafkreidhgowycyvb4uoikp54jv7mdgywabnbvhfcr2jxk6dmr76ufnmthu,3,91,0.5711250123567879,1,40.78216600464657,True
seed_10003-clients_5-joint_dirichlet_0.3-submitted-label_flip-B4,bound_manifest,bafkreiek77674b37225dpbpjfeafrfaxrccwilcw2n6zi6d46bol7xzqjm,3,340,6.307459028903395,1,42.72229096386582,True
seed_10003-clients_5-joint_dirichlet_0.3-submitted-label_flip-B4,proof,bafkreihgodbockttbcl4lvop5s55n5fhyfmrfn3ocyfurpf7gd6bew4n7i,3,760,23.099167039617896,1,50.957457977347076,True
seed_10003-clients_5-joint_dirichlet_0.3-submitted-label_flip-B4,public,bafkreih6svyhoatzisz3dtqx6lozwrwhsrwct6bgvkka7t55m7uxsy5x6a,3,319,0.9602910140529275,1,38.01783302333206,True
seed_10003-clients_5-joint_dirichlet_0.3-submitted-label_flip-B4,submission_manifest,bafkreibtyenqlusoylscbvovaex5xkitjjcjr63pabz3m7rgtszpmrxlvm,3,544,28.40637497138232,1,67.71395797841251,True
seed_10003-clients_5-joint_dirichlet_0.3-submitted-label_flip-B4,model,bafkreieqiwsxugpqm5s4mlstox4oi6g2z7iinwbkrd7nfyshseg2qiae7a,4,2248,2.6067919679917395,1,41.81412502657622,True
seed_10003-clients_5-joint_dirichlet_0.3-submitted-label_flip-B4,metrics,bafkreifef563ujfj4onohv6n5d2s4dyciwbdx34cdsnamjraarvjjhddhy,4,218,1.8078329740092158,1,33.29875000054017,True
seed_10003-clients_5-joint_dirichlet_0.3-submitted-label_flip-B4,metadata,bafkreigofpubpzfip5zlg2qtuy4eexfkol4tmabepczxtep2ebbhz6nyki,4,91,1.8839999684132636,1,34.152999985963106,True
seed_10003-clients_5-joint_dirichlet_0.3-submitted-label_flip-B4,bound_manifest,bafkreid32o4czo4sm7axtabaxmtkd4hb2xezoggukeuzb6v43lr3ptefwa,4,340,2.5605420232750475,1,38.51808398030698,True
seed_10003-clients_5-joint_dirichlet_0.3-submitted-label_flip-B4,proof,bafkreig5fbdddj3lt3d2sanch45rf6nxvlgvl4d5mzu53eurdzefgwp3km,4,154,1.808291010092944,1,38.61562500242144,True
seed_10003-clients_5-joint_dirichlet_0.3-submitted-label_flip-B4,public,bafkreibeiazjhnevhvymutwqcv6fdcp2xufucmjyffbvqudefbw2p5srzq,4,303,3.6840420216321945,1,31.555334047880024,True
seed_10003-clients_5-joint_dirichlet_0.3-submitted-label_flip-B4,submission_manifest,bafkreie5ncmcuexqu2mdthyrumaqkyazbjm6z3kka6ppoeuqs4lqioqfhe,4,545,1.7829170101322234,1,34.38579197973013,True
seed_10003-clients_5-joint_dirichlet_0.3-submitted-label_flip-B4,global_model,bafkreih7vvsnklq2un2s25iucyoc4l6gra2hgjbjp7cmr5jq726yzj22oi,global,2318,23.60754198161885,1,51.4607920194976,True
seed_10003-clients_5-joint_dirichlet_0.3-submitted-label_flip-B4,report,bafkreifgtaqbywol6sm2446epncfn7jqwd5jk57hr5chqjyt7jsunms7sm,global,1826,22.185957990586758,1,56.81558302603662,True
seed_10003-clients_5-joint_dirichlet_0.3-submitted-label_flip-B4,model,bafkreidrmhocng6kfmzteym6vufhkxi5fa3xthue6ky2dddxzbddw2qfgq,0,2242,18.33962497767061,2,46.78049997892231,True
seed_10003-clients_5-joint_dirichlet_0.3-submitted-label_flip-B4,metrics,bafkreif6ppkvghaocf7oj3sijwng2fsuqg4yu4ynwpaflzblix5xd34kgy,0,217,23.442249977961183,2,59.14100003428757,True
seed_10003-clients_5-joint_dirichlet_0.3-submitted-label_flip-B4,metadata,bafkreibuccmcc37uriiggjsk6gorkaeynfletpryh2mkmlxqqqw52sb6wu,0,91,2.88604199886322,2,32.43216598639265,True
seed_10003-clients_5-joint_dirichlet_0.3-submitted-label_flip-B4,bound_manifest,bafkreidr65u4jkgzvuvikfe5a6awfpreeju3pvojmuns74gkwex2vomw4i,0,340,19.06474999850616,2,56.09649996040389,True
seed_10003-clients_5-joint_dirichlet_0.3-submitted-label_flip-B4,proof,bafkreiabtluwvl7avpdkiy7dlm2pssq7ibjc33zrpf6s34eycnlcbxrii4,0,138,28.163582959678024,2,59.87524997908622,True
seed_10003-clients_5-joint_dirichlet_0.3-submitted-label_flip-B4,public,bafkreig53avxj7haa5as6l64dxlbew6chlqyzhgpcn5okzypnrz3ihvp64,0,314,22.210667026229203,2,50.57950003538281,True
seed_10003-clients_5-joint_dirichlet_0.3-submitted-label_flip-B4,submission_manifest,bafkreid64ftpjqutq7uhiapgantf2sav4tngxhn2vplp7m5bnyv7wfs7s4,0,545,17.008125025313348,2,50.91737495968118,True
seed_10003-clients_5-joint_dirichlet_0.3-submitted-label_flip-B4,model,bafkreihaxceytkmm5bqjnajre3dhwhtdldrllfy2rbsvjgtin344hypxsu,1,2280,24.347333004698157,2,51.814042031764984,True
seed_10003-clients_5-joint_dirichlet_0.3-submitted-label_flip-B4,metrics,bafkreifxykwwohqnjmn7g5xplzkvqt4epebirdjd4mhrcpv5b3x7bfcq4a,1,221,18.22874997742474,2,43.63450000528246,True
seed_10003-clients_5-joint_dirichlet_0.3-submitted-label_flip-B4,metadata,bafkreicstoivr3h6z27mbgtpguzj63v3swu4kk6krzgmumivruqpu2f3eu,1,90,1.946625008713454,2,32.53366600256413,True
seed_10003-clients_5-joint_dirichlet_0.3-submitted-label_flip-B4,bound_manifest,bafkreidm3nr4igjotz3i7kzlh3xap5rk2ddhea226kz3xtxdwflgsm6tme,1,340,18.036166962701827,2,49.81062497245148,True
seed_10003-clients_5-joint_dirichlet_0.3-submitted-label_flip-B4,proof,bafkreibu44xbafrsvguzry7yjwvekliji4wdusy2ztg6smi6nvawxypcgm,1,150,19.867499999236315,2,62.72270897170529,True
seed_10003-clients_5-joint_dirichlet_0.3-submitted-label_flip-B4,public,bafkreieccf73lwuwstbpfroqok4wdljg2zxum2cskwxd4otig4wr3h6q5y,1,318,22.143749985843897,2,44.49445800855756,True
seed_10003-clients_5-joint_dirichlet_0.3-submitted-label_flip-B4,submission_manifest,bafkreicesriy6p7vsrpgearksb4vrzefyofldekelithltmrxyqx7idf74,1,545,21.456416987348348,2,51.775667001493275,True
seed_10003-clients_5-joint_dirichlet_0.3-submitted-label_flip-B4,model,bafkreibi7rzkjod2cjefbkhb2xjrprbj4jyeyctyy74dxv7c22xkc5rkoy,2,2276,17.120833043009043,2,48.12412499450147,True
seed_10003-clients_5-joint_dirichlet_0.3-submitted-label_flip-B4,metrics,bafkreidcmogqxviwekvsj32mi4uvmvlzy2jcp7cjftj5qmhxu4hami54l4,2,210,3.553417045623064,2,33.11775001930073,True
seed_10003-clients_5-joint_dirichlet_0.3-submitted-label_flip-B4,metadata,bafkreifcb3vxoxyzbipcyau7fq2korko5g4lw7h746rhxfcakfuq6uhwbm,2,91,4.327833012212068,2,33.87654200196266,True
seed_10003-clients_5-joint_dirichlet_0.3-submitted-label_flip-B4,bound_manifest,bafkreianxnp73slc7lvoj54zvued5rnxagsjmnhndg5jjcx3dnnlm4a3rq,2,340,16.39604102820158,2,41.31595802027732,True
seed_10003-clients_5-joint_dirichlet_0.3-submitted-label_flip-B4,proof,bafkreiho7ddrydjmcdw2etjzos5zvu3yn2qvkh7hvbmgfprcibpguqb3n4,2,758,21.0707500227727,2,46.01516603725031,True
seed_10003-clients_5-joint_dirichlet_0.3-submitted-label_flip-B4,public,bafkreidyiutrksgt2vk57gbwy4blivkvwmfa64sjaeka2k73iftzrwlfxa,2,305,18.0308329872787,2,47.1014580107294,True
seed_10003-clients_5-joint_dirichlet_0.3-submitted-label_flip-B4,submission_manifest,bafkreiaictww4y2rhbogy3lvh35owziy3rp6sf2n7eyvzkkf3l2233gspy,2,544,25.048542011063546,2,47.15058300644159,True
seed_10003-clients_5-joint_dirichlet_0.3-submitted-label_flip-B4,model,bafkreieafloy2bm6xqandf2wvy6arcznuic3wtcbtnafyppnwujhpg2d6a,3,2271,21.01637504529208,2,62.83133395481855,True
seed_10003-clients_5-joint_dirichlet_0.3-submitted-label_flip-B4,metrics,bafkreicdramoafzvn4it4g5gf7bly43allb6jc6wci5qlwauwh3aj7fsny,3,226,21.58333401894197,2,47.61512501863763,True
seed_10003-clients_5-joint_dirichlet_0.3-submitted-label_flip-B4,metadata,bafkreifbqxqgrpbb2qwaqfz5p2dzkbma2s4u2tbpyec77dgllvcbpkgsyu,3,91,2.3843750241212547,2,31.664334004744887,True
seed_10003-clients_5-joint_dirichlet_0.3-submitted-label_flip-B4,bound_manifest,bafkreigblutg6qbkqf2nd3r7hdjhpphd6guoyd22bm33pz4t7wes64ff4q,3,340,16.05954096885398,2,45.88550003245473,True
seed_10003-clients_5-joint_dirichlet_0.3-submitted-label_flip-B4,proof,bafkreifni25emlhximue7a5bedckzh2mtk4m2ayvhsv7drsytfsxa4ofja,3,150,16.173957963474095,2,45.78962497180328,True
seed_10003-clients_5-joint_dirichlet_0.3-submitted-label_flip-B4,public,bafkreiagp2edjlbu4hylu6ktktymwioqdvujarjfpzesnt6igedviwd2ae,3,323,18.994832993485034,2,44.23129197675735,True
seed_10003-clients_5-joint_dirichlet_0.3-submitted-label_flip-B4,submission_manifest,bafkreiebneqcfgg55l644sdvzu3o5kam5kvxnbmt4oqpgllc4wmigyd6hq,3,545,19.39312496688217,2,49.61870901752263,True
seed_10003-clients_5-joint_dirichlet_0.3-submitted-label_flip-B4,model,bafkreigo5oumnfkxmqq52kubpiniaokjpvov7zjqcofebaklmgw3yxcrhe,4,2283,24.27737502148375,2,47.66108299372718,True
seed_10003-clients_5-joint_dirichlet_0.3-submitted-label_flip-B4,metrics,bafkreihfg2wocbeoftmtrgmyti3sczqe4vossxmujp6qsun7pkycnr4mpa,4,218,23.185042024124414,2,58.88512503588572,True
seed_10003-clients_5-joint_dirichlet_0.3-submitted-label_flip-B4,metadata,bafkreihyduhawwgzbljrufv7g6wjyyx5pldglsh6ztyrz6m5lmkwaqmzyq,4,91,2.134874986950308,2,33.61895802663639,True
seed_10003-clients_5-joint_dirichlet_0.3-submitted-label_flip-B4,bound_manifest,bafkreiegf7khqhaoblibk6nlxdpnwvbpxqq54yhfaxek7g3zt66sb6yrfa,4,340,21.43816597526893,2,48.382500011939555,True
seed_10003-clients_5-joint_dirichlet_0.3-submitted-label_flip-B4,proof,bafkreid4qieeifexl2q6r6uxsykoenrlm332ff7zkmutosl635zticxcoa,4,154,1.438374980352819,2,31.788833031896502,True
seed_10003-clients_5-joint_dirichlet_0.3-submitted-label_flip-B4,public,bafkreicekpbadnwq3oi6oxsnabmcw6yhrf54he7bnrds3gtdzad4z7exne,4,304,21.29799994872883,2,49.73137495107949,True
seed_10003-clients_5-joint_dirichlet_0.3-submitted-label_flip-B4,submission_manifest,bafkreig5keeuzydqzzop4eejgokzskx2ydafxkh6l3wdlmerkrmli4cxmy,4,545,21.476999972946942,2,49.95366698130965,True
seed_10003-clients_5-joint_dirichlet_0.3-submitted-label_flip-B4,global_model,bafkreibsiunx4gl2nbnvnqn6mbwoen3vwiiybcj6qglt7me7sdlhsbvuoq,global,2284,15.958875010255724,2,50.235999980941415,True
seed_10003-clients_5-joint_dirichlet_0.3-submitted-label_flip-B4,report,bafkreiboxxro3spa6tqmudyczywm4swfsoz43eodxkmrrpkqvlhi5mnupm,global,1825,16.3586669950746,2,43.07695903116837,True
seed_10003-clients_5-joint_dirichlet_0.3-submitted-label_flip-B4,model,bafkreiammwfrjr5wlwnapgqyak7r7eoheydwnqoj4qzbvbzm24ykcy543q,0,2274,17.106999992392957,3,37.848624982871115,True
seed_10003-clients_5-joint_dirichlet_0.3-submitted-label_flip-B4,metrics,bafkreied3vq5lrgcc3qzoexyrg6kqtb4jjnjmqkvauranbcl25s5mxtnjm,0,225,17.824625014327466,3,45.30050000175834,True
seed_10003-clients_5-joint_dirichlet_0.3-submitted-label_flip-B4,metadata,bafkreigyolc5zsokwmqrbpwrvcoio25zec2c3bqyde2b2snchhwtmwllxi,0,91,2.220458001829684,3,27.858415967784822,True
seed_10003-clients_5-joint_dirichlet_0.3-submitted-label_flip-B4,bound_manifest,bafkreifpbtcxed6dscixw775dexx36t2oolpifqgco5v6lfqw6zqt3rote,0,340,21.185749967116863,3,44.67520798789337,True
seed_10003-clients_5-joint_dirichlet_0.3-submitted-label_flip-B4,proof,bafkreiag6rvolah2rnbalc4cqoaup55hz2ptq4fqxigdxu76sy5d6qmwqu,0,198,16.00016700103879,3,43.44179201871157,True
seed_10003-clients_5-joint_dirichlet_0.3-submitted-label_flip-B4,public,bafkreig3m3bfxhx3dvvmoqbp452saiw4bcjbqor7qupzyzmndgztzmbx7i,0,323,24.327500024810433,3,50.85841700201854,True
seed_10003-clients_5-joint_dirichlet_0.3-submitted-label_flip-B4,submission_manifest,bafkreigyakm4t5ducgplo6hxuu4izwikyo2xbcsc4q7gfq3fenc4i3ssky,0,545,18.224957981146872,3,44.710292015224695,True
seed_10003-clients_5-joint_dirichlet_0.3-submitted-label_flip-B4,model,bafkreidt6ujxfk52ga4a5iquolagxr6vgqhvs2xv3q4fcugjlowkvzqjwe,1,2271,18.272707995492965,3,45.330708962865174,True
seed_10003-clients_5-joint_dirichlet_0.3-submitted-label_flip-B4,metrics,bafkreiha7oyup7iz2gpfqi5mxdl5neilocms4yjurp2m5gcweftjat2edu,1,225,18.10191705590114,3,46.676166995894164,True
seed_10003-clients_5-joint_dirichlet_0.3-submitted-label_flip-B4,metadata,bafkreihgbgsjtubkawzouodi2llr5dnfl5faxc4hsaawg7pnmcq4lyfvqa,1,90,2.114167029503733,3,30.166958982590586,True
seed_10003-clients_5-joint_dirichlet_0.3-submitted-label_flip-B4,bound_manifest,bafkreihfqhedodutastoirocrdnqlx6fqqupdgvdav6g5ey6jtb3hl3mha,1,340,17.128541017882526,3,43.71045797597617,True
seed_10003-clients_5-joint_dirichlet_0.3-submitted-label_flip-B4,proof,bafkreief7umzulz5hcvzpdnuwcfww2safwnhwhqol4ta22ambogerufeui,1,137,26.348333049099892,3,50.66362500656396,True
seed_10003-clients_5-joint_dirichlet_0.3-submitted-label_flip-B4,public,bafkreiascnlszeybhugztsmeqgefdkanbdwiwiqbyfzsqyihhmcgc3cilq,1,323,23.480125004425645,3,55.24050001986325,True
seed_10003-clients_5-joint_dirichlet_0.3-submitted-label_flip-B4,submission_manifest,bafkreidxutmpdxyqe5bjscbt22kefi4jseu5i6wqgjrrw6ezfbv432sccu,1,545,24.32033297372982,3,53.68150002323091,True
seed_10003-clients_5-joint_dirichlet_0.3-submitted-label_flip-B4,model,bafkreidpwcqjzqkwqqeo333d36jyhau6zuibziyvwnwnazn5z4l2eh6plm,2,2273,19.493124971631914,3,44.19208294712007,True
seed_10003-clients_5-joint_dirichlet_0.3-submitted-label_flip-B4,metrics,bafkreick63loeobrvraq2fbwszgmrrjurvym2xirshyqpanr7o3k3tvvwy,2,210,1.8638750188983977,3,27.079958003014326,True
seed_10003-clients_5-joint_dirichlet_0.3-submitted-label_flip-B4,metadata,bafkreic6sidawwemurau4v7uupou473otzqs5bymlivacahs5i3lxhqgai,2,91,2.8154170140624046,3,28.807291004341096,True
seed_10003-clients_5-joint_dirichlet_0.3-submitted-label_flip-B4,bound_manifest,bafkreigfpz4wbwbdpg2ilcfxy3pcpaigx3mgqnh4c245tdla37txplelem,2,340,18.40374997118488,3,44.50000001816079,True
seed_10003-clients_5-joint_dirichlet_0.3-submitted-label_flip-B4,proof,bafkreie67fhoyqynot6fnqb44jjet7jkx4qowp3urpe3vcrhf4fpx3wudy,2,757,20.139125001151115,3,46.72091704560444,True
seed_10003-clients_5-joint_dirichlet_0.3-submitted-label_flip-B4,public,bafkreifbyaxvuutwnpk3y3iqv3mvos5qrwmhz4sc7gfgtxuptnz5evvp64,2,307,28.30762497615069,3,61.92479096353054,True
seed_10003-clients_5-joint_dirichlet_0.3-submitted-label_flip-B4,submission_manifest,bafkreicyjoktwxtijboj6k6ttli46yntmnxfau745mvtzgenr6vbkr7r6u,2,544,19.011707976460457,3,59.123250015545636,True
seed_10003-clients_5-joint_dirichlet_0.3-submitted-label_flip-B4,model,bafkreibn34rktrnywtmkj6w2q7xbrlmktel2cmurvstusjfv4rijr6tiee,3,2273,24.145541014149785,3,52.04412498278543,True
seed_10003-clients_5-joint_dirichlet_0.3-submitted-label_flip-B4,metrics,bafkreif3amogq4tmaivfny6qwv4qj776t3aq3rgobhcd3tuc5jutzvd2va,3,225,23.311999975703657,3,54.48879103641957,True
seed_10003-clients_5-joint_dirichlet_0.3-submitted-label_flip-B4,metadata,bafkreigbua7amcja2gnxnp34vhqw4l7hfluapwcjx66hd7xwix5xl6qfoi,3,91,2.67295801313594,3,28.76770799048245,True
seed_10003-clients_5-joint_dirichlet_0.3-submitted-label_flip-B4,bound_manifest,bafkreibscfefbcuqdjy3i6zisqhzxng3evjpnbku2cblahkhltil7ew2ba,3,340,22.364666976500303,3,52.53887502476573,True
seed_10003-clients_5-joint_dirichlet_0.3-submitted-label_flip-B4,proof,bafkreibgusfbxz3pzkqw23zacfucynkcf5pb2rvoybbimsthygmcs3hksy,3,150,23.402666032779962,3,47.297416953369975,True
seed_10003-clients_5-joint_dirichlet_0.3-submitted-label_flip-B4,public,bafkreigxfakqjg4fia4tgj7xxezipaukqiarcmv45qub6gkxjcjys5u4f4,3,321,27.934459038078785,3,46.93920799763873,True
seed_10003-clients_5-joint_dirichlet_0.3-submitted-label_flip-B4,submission_manifest,bafkreig63xwpuqyfsmi6li54qfh33aewzgatpibm67oh7hntugq3tsmwvi,3,545,21.117958007380366,3,50.14974996447563,True
seed_10003-clients_5-joint_dirichlet_0.3-submitted-label_flip-B4,model,bafkreib3xgcdtir4kunmlmoeu4dypiumfvbmnyhqzqeieprmteiq4nphoe,4,2276,21.607041999232024,3,56.11679196590558,True
seed_10003-clients_5-joint_dirichlet_0.3-submitted-label_flip-B4,metrics,bafkreicbxd3jyb6xxqrqtj25bahhmpfumkufepvgxwtocy7cauanbnfv2i,4,218,23.969332978595048,3,52.679457992780954,True
seed_10003-clients_5-joint_dirichlet_0.3-submitted-label_flip-B4,metadata,bafkreibkizdqegjiczv24uxzk6c54f4dmfotsevmrgialljhywzh6mrhwu,4,91,2.796292013954371,3,34.11941701779142,True
seed_10003-clients_5-joint_dirichlet_0.3-submitted-label_flip-B4,bound_manifest,bafkreigwew342k7wzgdgb7igqcmzdmnieyysms2hz2hl6ahssdk5xstxja,4,340,18.263082951307297,3,49.1272920044139,True
seed_10003-clients_5-joint_dirichlet_0.3-submitted-label_flip-B4,proof,bafkreicb5ufe4oux4tdmvsjkgjgyypodfa7jo64fktmropo4inw56mdnsm,4,154,2.525916032027453,3,31.736375007312745,True
seed_10003-clients_5-joint_dirichlet_0.3-submitted-label_flip-B4,public,bafkreibrl25stdlehhxf45lj7ikmsx6eg3owlgma2bqznybdbnizm2lb5y,4,302,20.061708986759186,3,43.81704097613692,True
seed_10003-clients_5-joint_dirichlet_0.3-submitted-label_flip-B4,submission_manifest,bafkreia7htspotxpviyekqgdrpammrdccbbwm5wro2vmqvuz5scm7llrpe,4,545,24.190124997403473,3,61.858166998717934,True
seed_10003-clients_5-joint_dirichlet_0.3-submitted-label_flip-B4,global_model,bafkreia4n5w4kndv77vwi66ri4aa3oagobnapyf2rrx6m7qkohunbtu3tm,global,2281,18.566999991890043,3,47.38904203986749,True
seed_10003-clients_5-joint_dirichlet_0.3-submitted-label_flip-B4,report,bafkreid54vx6fhmb5tobpsqiy6okyedw55v4bjqxiagyqiu664ibghwauu,global,1793,18.590541963931173,3,47.406667028553784,True
seed_10003-clients_5-joint_dirichlet_0.3-submitted-label_flip-B7,model,bafkreiaprixr2gpq3ywgknymmrpaocc4wa3tgiwvsg67qfxas3tln73pya,0,2204,0.9329579770565033,1,29.932208999525756,True
seed_10003-clients_5-joint_dirichlet_0.3-submitted-label_flip-B7,metrics,bafkreih664ri42cfinhoruadomc6tnx5delugwlm5saasaamufx5m62tum,0,210,0.9264590335078537,1,33.782374986913055,True
seed_10003-clients_5-joint_dirichlet_0.3-submitted-label_flip-B7,metadata,bafkreiei2qylpjyvsu3jsbzgy7eaxgp6lgnchehsaxhnpqb3na5qvypfau,0,91,1.1902920086868107,1,35.81304202089086,True
seed_10003-clients_5-joint_dirichlet_0.3-submitted-label_flip-B7,bound_manifest,bafkreig7eqsriywkabhdk4i27uiwcsx5jf5ro4wxllblvdkjt2tazyqnpm,0,340,1.7019580118358135,1,37.95066598104313,True
seed_10003-clients_5-joint_dirichlet_0.3-submitted-label_flip-B7,proof,bafkreibkvgbmewx3k7mhlda36q5wx4dern5esqrqsjy7yxkinee4szmz5q,0,138,1.5637499745935202,1,39.757249993272126,True
seed_10003-clients_5-joint_dirichlet_0.3-submitted-label_flip-B7,public,bafkreibl4feqx3zqntrlpexlr7hbst3vjoyzr6pbmddyobabnpjfsy6ii4,0,307,2.5408330257050693,1,36.94520896533504,True
seed_10003-clients_5-joint_dirichlet_0.3-submitted-label_flip-B7,submission_manifest,bafkreihajaqiocwcuddnv4meak3y7vhx7z2oimhxioib6fsmpv5htfa6ve,0,545,2.5677080266177654,1,41.53708298690617,True
seed_10003-clients_5-joint_dirichlet_0.3-submitted-label_flip-B7,model,bafkreie6l7ktec5na7i36tcomfvdex67u3gwkxgn43ahyfwnan3x6r3o7y,1,1587,1.3502910151146352,1,38.20012498181313,True
seed_10003-clients_5-joint_dirichlet_0.3-submitted-label_flip-B7,metrics,bafkreigtsxnjgfff2gjghg7s7putonopzwtjzzpqi6g7kyognxe7cwgmlu,1,220,1.9208749872632325,1,37.450124975293875,True
seed_10003-clients_5-joint_dirichlet_0.3-submitted-label_flip-B7,metadata,bafkreiah6em6nxtnh622p53zhr7p2jxuudjbmvnx57xbw6ibki73k7yogy,1,90,1.692207995802164,1,45.79112498322502,True
seed_10003-clients_5-joint_dirichlet_0.3-submitted-label_flip-B7,bound_manifest,bafkreiammawcskdazka5uebxbfo76z6fmtbif3jrpkqskenje64fyp5rlm,1,340,1.0537499911151826,1,28.021749982144684,True
seed_10003-clients_5-joint_dirichlet_0.3-submitted-label_flip-B7,proof,bafkreifffgn3nz2qio2qvc2vcqmpnv4rigjbjkwm3exvgrh5iyeh2e7lh4,1,760,20.31091699609533,1,43.39679196709767,True
seed_10003-clients_5-joint_dirichlet_0.3-submitted-label_flip-B7,public,bafkreihgntz4vmf4vsajt7iscwovj6b7q2lsegpbdgpauf6iqrq2tiqtou,1,316,0.9298339718952775,1,33.91916700638831,True
seed_10003-clients_5-joint_dirichlet_0.3-submitted-label_flip-B7,submission_manifest,bafkreieripu3k4ztyfwywy73p3afzbgwkzxqysenyxorayig3lk5cv7uvq,1,544,20.246291998773813,1,46.84245801763609,True
seed_10003-clients_5-joint_dirichlet_0.3-submitted-label_flip-B7,model,bafkreic6fzt3zlpd3ryaz7fsiydvxwqwwvnt5qxsjo7c4r46y3rjq4qcki,2,2295,1.7465410055592656,1,32.757667009718716,True
seed_10003-clients_5-joint_dirichlet_0.3-submitted-label_flip-B7,metrics,bafkreia3n5f56u2ga6xc2dqt5xlyh2fr6ww72manfyg7dix6v2p3wibpzm,2,210,1.5968750230967999,1,31.091833021491766,True
seed_10003-clients_5-joint_dirichlet_0.3-submitted-label_flip-B7,metadata,bafkreieixghh7ixqv5uzgc736zuey765jwgwrzqzuo5h5webhycgyqyxqa,2,91,4.315917030908167,1,32.61500003281981,True
seed_10003-clients_5-joint_dirichlet_0.3-submitted-label_flip-B7,bound_manifest,bafkreicx25o7luwmlgoss3d3btbzcaduf2u34xqalnybf47kgfxbfj5y2i,2,340,4.364416003227234,1,33.49750000052154,True
seed_10003-clients_5-joint_dirichlet_0.3-submitted-label_flip-B7,proof,bafkreifdy5vnzhnvupokma3xiufv3zhy2xrorvplizaq63ch6wsmfvnxny,2,760,16.063666029367596,1,36.903749976772815,True
seed_10003-clients_5-joint_dirichlet_0.3-submitted-label_flip-B7,public,bafkreiendh3vfd6scgwtmwy6buwv4lflwoc22bssgxntqxanqnz7pld4cu,2,308,0.8878749795258045,1,31.88608295749873,True
seed_10003-clients_5-joint_dirichlet_0.3-submitted-label_flip-B7,submission_manifest,bafkreibp3vclyp4hc5gbmna3qjqisqwocqw2ww2yegz3dwxgrdov6lfbba,2,544,17.229166987817734,1,41.84412496397272,True
seed_10003-clients_5-joint_dirichlet_0.3-submitted-label_flip-B7,model,bafkreiettt3czz3qyivhqpcqe3333blywbdjfmyze5dopynk36yyj6usem,3,2217,0.6689170259051025,1,31.878334004431963,True
seed_10003-clients_5-joint_dirichlet_0.3-submitted-label_flip-B7,metrics,bafkreihz3rxxp7pra42b5xhebzjzjtjn3kr372nseg3pe7urtoqy3cfshi,3,222,2.014208002947271,1,31.89300000667572,True
seed_10003-clients_5-joint_dirichlet_0.3-submitted-label_flip-B7,metadata,bafkreidhgowycyvb4uoikp54jv7mdgywabnbvhfcr2jxk6dmr76ufnmthu,3,91,4.230374994222075,1,35.688208998180926,True
seed_10003-clients_5-joint_dirichlet_0.3-submitted-label_flip-B7,bound_manifest,bafkreiek77674b37225dpbpjfeafrfaxrccwilcw2n6zi6d46bol7xzqjm,3,340,4.707666055765003,1,35.52779200254008,True
seed_10003-clients_5-joint_dirichlet_0.3-submitted-label_flip-B7,proof,bafkreibhwkkebqms36p265jl2zxa2v6qpq34kjfl7bthca67jqogjxyhxi,3,759,21.19108400074765,1,46.8329589930363,True
seed_10003-clients_5-joint_dirichlet_0.3-submitted-label_flip-B7,public,bafkreih6svyhoatzisz3dtqx6lozwrwhsrwct6bgvkka7t55m7uxsy5x6a,3,319,0.9601669735275209,1,34.93720799451694,True
seed_10003-clients_5-joint_dirichlet_0.3-submitted-label_flip-B7,submission_manifest,bafkreiau2hudnjp42bdxtm6gw7odsyg6ptco6di33g5nrw53koiodpqbii,3,544,16.066125012002885,1,43.890041997656226,True
seed_10003-clients_5-joint_dirichlet_0.3-submitted-label_flip-B7,model,bafkreieqiwsxugpqm5s4mlstox4oi6g2z7iinwbkrd7nfyshseg2qiae7a,4,2248,0.9140839683823287,1,31.784457969479263,True
seed_10003-clients_5-joint_dirichlet_0.3-submitted-label_flip-B7,metrics,bafkreifef563ujfj4onohv6n5d2s4dyciwbdx34cdsnamjraarvjjhddhy,4,218,0.8346670074388385,1,31.827750033698976,True
seed_10003-clients_5-joint_dirichlet_0.3-submitted-label_flip-B7,metadata,bafkreigofpubpzfip5zlg2qtuy4eexfkol4tmabepczxtep2ebbhz6nyki,4,91,1.4038339722901583,1,32.189082994591445,True
seed_10003-clients_5-joint_dirichlet_0.3-submitted-label_flip-B7,bound_manifest,bafkreid32o4czo4sm7axtabaxmtkd4hb2xezoggukeuzb6v43lr3ptefwa,4,340,1.0609999881125987,1,35.11608298867941,True
seed_10003-clients_5-joint_dirichlet_0.3-submitted-label_flip-B7,proof,bafkreig5fbdddj3lt3d2sanch45rf6nxvlgvl4d5mzu53eurdzefgwp3km,4,154,0.9318749653175473,1,43.765250011347234,True
seed_10003-clients_5-joint_dirichlet_0.3-submitted-label_flip-B7,public,bafkreibeiazjhnevhvymutwqcv6fdcp2xufucmjyffbvqudefbw2p5srzq,4,303,0.9479169966652989,1,38.40662498259917,True
seed_10003-clients_5-joint_dirichlet_0.3-submitted-label_flip-B7,submission_manifest,bafkreie5ncmcuexqu2mdthyrumaqkyazbjm6z3kka6ppoeuqs4lqioqfhe,4,545,0.8639590232633054,1,57.891624979674816,True
seed_10003-clients_5-joint_dirichlet_0.3-submitted-label_flip-B7,global_model,bafkreifummwler2sttr72wrd5liz3mdliwgjr2hdt2wmuf3schumtobaeu,global,1892,17.12916698306799,1,49.818458035588264,True
seed_10003-clients_5-joint_dirichlet_0.3-submitted-label_flip-B7,report,bafkreiabvstrfspz3iuxugpwl5yfn7j4tyvxeqron3kw4z22eu5ye5yhca,global,1805,18.068249977659434,1,52.06004198407754,True
seed_10003-clients_5-joint_dirichlet_0.3-submitted-label_flip-B7,model,bafkreifzbyfxy3xq7xckyrykn22han3h3eqmbvs7sqoact5dj575dlazzu,0,2196,21.118042001035064,2,41.5817920002155,True
seed_10003-clients_5-joint_dirichlet_0.3-submitted-label_flip-B7,metrics,bafkreickx2aopfy6g2dpzvatbx5uxankblszrevszv4xczzcfba3lrus4y,0,210,20.110290963202715,2,53.60045796260238,True
seed_10003-clients_5-joint_dirichlet_0.3-submitted-label_flip-B7,metadata,bafkreibuccmcc37uriiggjsk6gorkaeynfletpryh2mkmlxqqqw52sb6wu,0,91,0.9746249997988343,2,28.886875021271408,True
seed_10003-clients_5-joint_dirichlet_0.3-submitted-label_flip-B7,bound_manifest,bafkreidjdqoxbownctmwbrtjbm5q2hjjpup2gfkxnkxwfcpo24ldhr5ma4,0,340,22.05508400220424,2,46.85662500560284,True
seed_10003-clients_5-joint_dirichlet_0.3-submitted-label_flip-B7,proof,bafkreieyu32adhfw5s4eaq7amtgv2vrhyj7se36qq7vrgwvm6pudqpfq4e,0,138,21.13433403428644,2,57.642584026325494,True
seed_10003-clients_5-joint_dirichlet_0.3-submitted-label_flip-B7,public,bafkreicrok3jz6sjao3moblmxsrdjv5oa6mgin7ch47gnh27qcflhhinua,0,307,18.01291696028784,2,59.92129095830023,True
seed_10003-clients_5-joint_dirichlet_0.3-submitted-label_flip-B7,submission_manifest,bafkreiao4xguc2dphyp3adh4bmnpkvkeifo2oghzdgwjda2exsmev5skxm,0,545,15.930416993796825,2,42.91133297374472,True
seed_10003-clients_5-joint_dirichlet_0.3-submitted-label_flip-B7,model,bafkreiebudwmwulk36go4zdnvykuoe76lsorjo4wjrqkw4sedzuo7n3d3i,1,1866,21.071708004456013,2,49.06841600313783,True
seed_10003-clients_5-joint_dirichlet_0.3-submitted-label_flip-B7,metrics,bafkreiasbh3w6bwi6pxqrbofhfivfnkgxry45ceicvfq5gdfwljrghhabi,1,220,16.178290999960154,2,55.88687496492639,True
seed_10003-clients_5-joint_dirichlet_0.3-submitted-label_flip-B7,metadata,bafkreicstoivr3h6z27mbgtpguzj63v3swu4kk6krzgmumivruqpu2f3eu,1,90,0.9125830256380141,2,38.05141698103398,True
seed_10003-clients_5-joint_dirichlet_0.3-submitted-label_flip-B7,bound_manifest,bafkreidqlcejat5fo3wjf3es3yk2242ys7y74ihxbhj4vts7k4lrnu4gqy,1,340,23.076041019521654,2,41.22687497874722,True
seed_10003-clients_5-joint_dirichlet_0.3-submitted-label_flip-B7,proof,bafkreihqnsynmxnabjifh6fjcmfiwguhmr7sbpgc4fj4q6bb5ekeeybpum,1,760,20.556375035084784,2,37.89270803099498,True
seed_10003-clients_5-joint_dirichlet_0.3-submitted-label_flip-B7,public,bafkreihynhcbpgtbarxg6km6t2edm6o2gxecoel6p2msafcigty3773sny,1,316,21.908249997068197,2,40.900457999669015,True
seed_10003-clients_5-joint_dirichlet_0.3-submitted-label_flip-B7,submission_manifest,bafkreidzpg66x2gvgedhpiim27wkqd4j3tc4ecxfwvgo7rtye5x7uol424,1,544,16.085624985862523,2,41.02187498938292,True
seed_10003-clients_5-joint_dirichlet_0.3-submitted-label_flip-B7,model,bafkreig676slntlwmfywqydob6c2idjx3syp477rgbsogh5osna746nezi,2,2281,20.32754203537479,2,47.042999998666346,True
seed_10003-clients_5-joint_dirichlet_0.3-submitted-label_flip-B7,metrics,bafkreihhpn2bbajtkliuz4wjyt3ifsbp5n7ol46qzeaquqcna2mv73errm,2,223,20.311916014179587,2,49.851707997731864,True
seed_10003-clients_5-joint_dirichlet_0.3-submitted-label_flip-B7,metadata,bafkreifcb3vxoxyzbipcyau7fq2korko5g4lw7h746rhxfcakfuq6uhwbm,2,91,1.9658749806694686,2,31.826791993808,True
seed_10003-clients_5-joint_dirichlet_0.3-submitted-label_flip-B7,bound_manifest,bafkreidbyycy2bwqmeauumz4rwyhta23cak2pwwzlr737px2enx42imlb4,2,340,16.87304105143994,2,53.97170805372298,True
seed_10003-clients_5-joint_dirichlet_0.3-submitted-label_flip-B7,proof,bafkreihdumxdmxkp3gmnvrajhqdvu26edaj737ea3d2zaz4nqm2sz57sju,2,755,16.009541985113174,2,47.07879200577736,True
seed_10003-clients_5-joint_dirichlet_0.3-submitted-label_flip-B7,public,bafkreibua7vsb6oltlq2tltemmnwm7qqg7ooetde4f2um45muaqafpxwim,2,319,28.141750022768974,2,55.93737500021234,True
seed_10003-clients_5-joint_dirichlet_0.3-submitted-label_flip-B7,submission_manifest,bafkreig7kjrmcax6ncogj75gcwgsr7idfgc23iqeejml3tflh7xmuxfku4,2,544,25.18387499731034,2,63.96258296445012,True
seed_10003-clients_5-joint_dirichlet_0.3-submitted-label_flip-B7,model,bafkreibb3iblmhey63e6del7g2uxonc4xlh67vdrm6iyzrmjmsm6agcn4m,3,2202,20.172208023723215,2,50.02954200608656,True
seed_10003-clients_5-joint_dirichlet_0.3-submitted-label_flip-B7,metrics,bafkreibl7aygiy3cxstcanhcmdmfw3d3g7zrudsxpevynemuhfsfqcefxu,3,222,16.98725001187995,2,50.47558399382979,True
seed_10003-clients_5-joint_dirichlet_0.3-submitted-label_flip-B7,metadata,bafkreifbqxqgrpbb2qwaqfz5p2dzkbma2s4u2tbpyec77dgllvcbpkgsyu,3,91,3.057750000152737,2,34.9385830340907,True
seed_10003-clients_5-joint_dirichlet_0.3-submitted-label_flip-B7,bound_manifest,bafkreibqmnpj5pknl56zsv6b6lk34qxzqwu44cgpgyxmbqscjbjqros7hy,3,340,24.652708030771464,2,53.527124982792884,True
seed_10003-clients_5-joint_dirichlet_0.3-submitted-label_flip-B7,proof,bafkreigetc4mat5mzje623mo7obmipjw4ez66ogvppni7ofjlfklklsfqa,3,757,21.031374984886497,2,44.698750018142164,True
seed_10003-clients_5-joint_dirichlet_0.3-submitted-label_flip-B7,public,bafkreifbatlbiph7t5iuzfhdi2kxdflnvz2bwepijac5uurq2w6egumlbm,3,320,15.965541999321431,2,47.108415979892015,True
seed_10003-clients_5-joint_dirichlet_0.3-submitted-label_flip-B7,submission_manifest,bafkreidyhzehmnyrfx6iyhzl3dxet5vehjibjuda5k27p2cjf6qpt6ogvu,3,544,16.01825002580881,2,41.064999997615814,True
seed_10003-clients_5-joint_dirichlet_0.3-submitted-label_flip-B7,model,bafkreib7clxffdmilzklwgniuhxihiiwd4ad4agvkuqakgvsjkx6a42qei,4,2241,25.687000015750527,2,45.180165965575725,True
seed_10003-clients_5-joint_dirichlet_0.3-submitted-label_flip-B7,metrics,bafkreiaeqeemtu4bqo4bokvpraxr2m4lssoj56hdhi3sbpl6qqtvqewksa,4,218,19.97487503103912,2,61.89216603524983,True
seed_10003-clients_5-joint_dirichlet_0.3-submitted-label_flip-B7,metadata,bafkreihyduhawwgzbljrufv7g6wjyyx5pldglsh6ztyrz6m5lmkwaqmzyq,4,91,3.997333988081664,2,36.07320797163993,True
seed_10003-clients_5-joint_dirichlet_0.3-submitted-label_flip-B7,bound_manifest,bafkreiclqvuzb3gkf4i7yoo36a7r2irq7g7zzznkncge2sqfd4pbaxhcru,4,340,22.262083017267287,2,52.590624953154474,True
seed_10003-clients_5-joint_dirichlet_0.3-submitted-label_flip-B7,proof,bafkreid4qieeifexl2q6r6uxsykoenrlm332ff7zkmutosl635zticxcoa,4,154,2.3777500027790666,2,35.33975000027567,True
seed_10003-clients_5-joint_dirichlet_0.3-submitted-label_flip-B7,public,bafkreig6i5umrb52jzr4nhdh6jnlef73axbfrqsfmv2dauz7p7im7jnru4,4,303,19.08599998569116,2,57.52695898991078,True
seed_10003-clients_5-joint_dirichlet_0.3-submitted-label_flip-B7,submission_manifest,bafkreihozzfbnxpkhn4csuevfg2rqdor2plginrcjnyztvkk5yxjjmth2i,4,545,22.026917024049908,2,47.57995798718184,True
seed_10003-clients_5-joint_dirichlet_0.3-submitted-label_flip-B7,global_model,bafkreicsxngr2kfnh3kynueayj6qbeg7qpml3pcafky65d5uk6wf3hcz74,global,1889,23.945416964124888,2,44.53625000314787,True
seed_10003-clients_5-joint_dirichlet_0.3-submitted-label_flip-B7,report,bafkreigf5x3ncql3giadriqgoamqo26wfsioa3gflklav5fvozrloszi2i,global,1802,26.871457986999303,2,60.68058300297707,True
seed_10003-clients_5-joint_dirichlet_0.3-submitted-label_flip-B7,model,bafkreifvg2a5ilhfz45pho4jo2v6xhpqzzwnqzic5g3ogg64iqt22rkf5y,0,2192,23.193166009150445,3,49.37149997567758,True
seed_10003-clients_5-joint_dirichlet_0.3-submitted-label_flip-B7,metrics,bafkreid23ft4ncpl73urfmvmxl4biuh2tfjyan36pgk2mhzln36s6fxbhy,0,217,23.026457987725735,3,51.86129204230383,True
seed_10003-clients_5-joint_dirichlet_0.3-submitted-label_flip-B7,metadata,bafkreigyolc5zsokwmqrbpwrvcoio25zec2c3bqyde2b2snchhwtmwllxi,0,91,4.984416998922825,3,35.90104199247435,True
seed_10003-clients_5-joint_dirichlet_0.3-submitted-label_flip-B7,bound_manifest,bafkreid56u5bm3fhyhyawkokcyhzxms6gqysfve2xpp6ntpho7hthfu5ci,0,340,22.77799998410046,3,45.27195799164474,True
seed_10003-clients_5-joint_dirichlet_0.3-submitted-label_flip-B7,proof,bafkreihrielqsnxrzpa23gekrerlarhh6n7jgsoybit3fupkhbri6hmmgy,0,138,24.17712495662272,3,46.807208040263504,True
seed_10003-clients_5-joint_dirichlet_0.3-submitted-label_flip-B7,public,bafkreidnicyskxk22fvkrx3z5flhmgi5gjqirwdrz6z37x4zfndav5j2cu,0,315,26.053791982121766,3,60.61354198027402,True
seed_10003-clients_5-joint_dirichlet_0.3-submitted-label_flip-B7,submission_manifest,bafkreidodiiramnlkba2lwpvvty5hi3elmljmuf4rwhlnosddsdnxpru3y,0,545,18.31491698976606,3,58.789709000848234,True
seed_10003-clients_5-joint_dirichlet_0.3-submitted-label_flip-B7,model,bafkreih6sys57f3sdpibcibxobkbbrqi73y7o62nysfacteetyysdxxflq,1,1853,18.092291022185236,3,56.06012500356883,True
seed_10003-clients_5-joint_dirichlet_0.3-submitted-label_flip-B7,metrics,bafkreidefqbgt22iy6u7sqpqesg5mhszkl4hzn33sz3nc7hzuafcxkw7ge,1,220,22.299624979496002,3,55.9767919476144,True
seed_10003-clients_5-joint_dirichlet_0.3-submitted-label_flip-B7,metadata,bafkreihgbgsjtubkawzouodi2llr5dnfl5faxc4hsaawg7pnmcq4lyfvqa,1,90,4.090000002179295,3,33.583167009055614,True
seed_10003-clients_5-joint_dirichlet_0.3-submitted-label_flip-B7,bound_manifest,bafkreia6qmq6dp6aa7heclf3vk63hhfs7rtxw4ubxtecp3gkq2abxcrq4e,1,340,22.365584038197994,3,55.638124991673976,True
seed_10003-clients_5-joint_dirichlet_0.3-submitted-label_flip-B7,proof,bafkreig4azytyekfgjzmcc3mmibfnmq25p5j4yuxan5aybmycnma7gydaq,1,760,22.10004098014906,3,45.36233399994671,True
seed_10003-clients_5-joint_dirichlet_0.3-submitted-label_flip-B7,public,bafkreig6tb75yx32q64vhrb7h4bjrhytwqwclcfas75vfdtkaj2ybmfc2e,1,317,17.058541998267174,3,39.97733298456296,True
seed_10003-clients_5-joint_dirichlet_0.3-submitted-label_flip-B7,submission_manifest,bafkreiccsgwpsm67wl2ozjqlysnjtqy3p36gz4sjv4co3jsyjflewnuqv4,1,544,16.219082986935973,3,41.955458000302315,True
seed_10003-clients_5-joint_dirichlet_0.3-submitted-label_flip-B7,model,bafkreicsg5lqhtmtmphv2vwubrsvb426xx2g3bklf7nizzbe6vxpxztizi,2,2272,22.163250017911196,3,44.752708985470235,True
seed_10003-clients_5-joint_dirichlet_0.3-submitted-label_flip-B7,metrics,bafkreihj2nmdmtvm6fyf3cqfzsbfurnbqyv5kaukzbsa6urbavnyuxrbiu,2,226,19.43525002570823,3,61.896583007182926,True
seed_10003-clients_5-joint_dirichlet_0.3-submitted-label_flip-B7,metadata,bafkreic6sidawwemurau4v7uupou473otzqs5bymlivacahs5i3lxhqgai,2,91,2.6619580457918346,3,33.35649997461587,True
seed_10003-clients_5-joint_dirichlet_0.3-submitted-label_flip-B7,bound_manifest,bafkreieexwjjmpgiasjtvhh7y3t56ftsesdyz4me5ef5iensczauxbyp74,2,340,19.91945900954306,3,63.08883399469778,True
seed_10003-clients_5-joint_dirichlet_0.3-submitted-label_flip-B7,proof,bafkreifqege5gvrlap5u2zxipeouzssnetjtjs3bqro7elvct3dye2psm4,2,757,16.054624982643872,3,43.106584053020924,True
seed_10003-clients_5-joint_dirichlet_0.3-submitted-label_flip-B7,public,bafkreiatlwnm3tzsmhot3uorg3djgco6zm34ri7d5awt2g77t2lq2swldm,2,324,18.15408398397267,3,43.95091702463105,True
seed_10003-clients_5-joint_dirichlet_0.3-submitted-label_flip-B7,submission_manifest,bafkreicqgugz35icpjr76z3yctxje2r5ghybxobhiu2unau3d7y7h7e664,2,544,19.052999967243522,3,41.12037498271093,True
seed_10003-clients_5-joint_dirichlet_0.3-submitted-label_flip-B7,model,bafkreicokmxkpbyk5drfo5rfndiozews2hmd2cz2up5yl5q45sdiq3tyjq,3,2202,18.158291990403086,3,48.458208970259875,True
seed_10003-clients_5-joint_dirichlet_0.3-submitted-label_flip-B7,metrics,bafkreihpvddl7wenf4pw5ngzvhijgj46fd4zhyzpdloxoyznq7zjngitq4,3,222,17.204166972078383,3,44.76641700603068,True
seed_10003-clients_5-joint_dirichlet_0.3-submitted-label_flip-B7,metadata,bafkreigbua7amcja2gnxnp34vhqw4l7hfluapwcjx66hd7xwix5xl6qfoi,3,91,1.8926250049844384,3,37.84908400848508,True
seed_10003-clients_5-joint_dirichlet_0.3-submitted-label_flip-B7,bound_manifest,bafkreicm72tq6okl6xjoodcvsc6yy2gta2tujsn7zvsnzwhpmjnuduh5dq,3,340,18.395291990600526,3,45.849916990846395,True
seed_10003-clients_5-joint_dirichlet_0.3-submitted-label_flip-B7,proof,bafkreibvbzesmx6wt3j4jdwsvzkdxte63ycxrqmj5mfl7t25y5wfxtczyy,3,759,20.150165946688503,3,46.54741700505838,True
seed_10003-clients_5-joint_dirichlet_0.3-submitted-label_flip-B7,public,bafkreicwlrfhhsvhsqnmt5fuqxnrvk4sddgabxmqgo3hdilrafuyjpotni,3,320,23.097500030416995,3,56.037791015114635,True
seed_10003-clients_5-joint_dirichlet_0.3-submitted-label_flip-B7,submission_manifest,bafkreihp2bzmmkckrir3lohj74mh7efbzsk2kza2kucpm6gcwkkkt6hlge,3,544,22.964042029343545,3,53.01333300303668,True
seed_10003-clients_5-joint_dirichlet_0.3-submitted-label_flip-B7,model,bafkreig4llgupujr72kjzb62w2plak2vcq5oz474w22oum7dtj7rcdp3iq,4,2232,22.052708023693413,3,57.6850829529576,True
seed_10003-clients_5-joint_dirichlet_0.3-submitted-label_flip-B7,metrics,bafkreic5vbtgksdpzyc3kvvxmaecvxgkfyh3jh3zlgipgvw7du226m6jvu,4,218,21.04920899728313,3,54.909958969801664,True
seed_10003-clients_5-joint_dirichlet_0.3-submitted-label_flip-B7,metadata,bafkreibkizdqegjiczv24uxzk6c54f4dmfotsevmrgialljhywzh6mrhwu,4,91,1.1264579952694476,3,29.959833016619086,True
seed_10003-clients_5-joint_dirichlet_0.3-submitted-label_flip-B7,bound_manifest,bafkreigousqudkzrvlvvx2bvvts63rafid65xuaq7i5l7e6ufh5mezlbbe,4,340,19.31762503227219,3,41.76579200429842,True
seed_10003-clients_5-joint_dirichlet_0.3-submitted-label_flip-B7,proof,bafkreihwyn5ycgzrdnefsgt3fdo4ef5a7ybjzjwtgbncnfth6iejwpvhyu,4,202,16.962540976237506,3,43.794917000923306,True
seed_10003-clients_5-joint_dirichlet_0.3-submitted-label_flip-B7,public,bafkreiatf2uv6i52xe56veybg5qpqod2bzam3kzgwr4fqepcl4ouud2c2i,4,303,23.16049998626113,3,55.18279201351106,True
seed_10003-clients_5-joint_dirichlet_0.3-submitted-label_flip-B7,submission_manifest,bafkreieokl54cy6gjrntjeoy2ewygpf3s7zylngzdvcxqqi3sydtfa5xhe,4,545,27.073791017755866,3,57.83279100432992,True
seed_10003-clients_5-joint_dirichlet_0.3-submitted-label_flip-B7,global_model,bafkreifthaxm5hvu2liabafpr3qdiptw5mnw6h5ys2ydgd5k3xz6y4ql2y,global,1886,28.16099999472499,3,53.690875007305294,True
seed_10003-clients_5-joint_dirichlet_0.3-submitted-label_flip-B7,report,bafkreiftveku2r63gmygvpsww4jqovkdv5mjxgnys3jdnrvz6n3rchm35q,global,1805,19.31691699428484,3,50.89079198660329,True
seed_10003-clients_5-joint_dirichlet_0.3-submitted-none-B4,model,bafkreic6ee2tlvfrapauv6xa2rsmat4oym2eu6sy7wnvsriaonwbrb35vy,0,2294,26.1362079763785,1,57.382875005714595,True
seed_10003-clients_5-joint_dirichlet_0.3-submitted-none-B4,metrics,bafkreieh43x6hcfkgzikocczll3bn2yuqqcm3ja5rgjtlssrhz3d6fhaae,0,211,24.0095829940401,1,55.20233401330188,True
seed_10003-clients_5-joint_dirichlet_0.3-submitted-none-B4,metadata,bafkreiei2qylpjyvsu3jsbzgy7eaxgp6lgnchehsaxhnpqb3na5qvypfau,0,91,24.3959579966031,1,53.97216702112928,True
seed_10003-clients_5-joint_dirichlet_0.3-submitted-none-B4,bound_manifest,bafkreib3r3tlbkwczvj4ynbwizv75bavh4srmiruug4mdr7e5unox2qyca,0,340,22.368457983247936,1,51.43549997592345,True
seed_10003-clients_5-joint_dirichlet_0.3-submitted-none-B4,proof,bafkreif5cee4pl63uufvx4stlnp4oexgu6r5c4afx2d3s4jvuzbfyovnta,0,756,18.212500028312206,1,49.236750055570155,True
seed_10003-clients_5-joint_dirichlet_0.3-submitted-none-B4,public,bafkreiapxfoqh2ehuewwbwap3j4gey7ekg2px5aqq6rg7zcems3yu34pvy,0,308,18.024209013674408,1,43.87162497732788,True
seed_10003-clients_5-joint_dirichlet_0.3-submitted-none-B4,submission_manifest,bafkreibfxnq3pbif2htl7umrsrecokherwa5xncvurlc6erjpcyazpmtce,0,544,18.800416961312294,1,47.127457975875586,True
seed_10003-clients_5-joint_dirichlet_0.3-submitted-none-B4,model,bafkreie6l7ktec5na7i36tcomfvdex67u3gwkxgn43ahyfwnan3x6r3o7y,1,1587,23.374208016321063,1,48.7295410130173,True
seed_10003-clients_5-joint_dirichlet_0.3-submitted-none-B4,metrics,bafkreigtsxnjgfff2gjghg7s7putonopzwtjzzpqi6g7kyognxe7cwgmlu,1,220,23.476250004023314,1,46.610916033387184,True
seed_10003-clients_5-joint_dirichlet_0.3-submitted-none-B4,metadata,bafkreiah6em6nxtnh622p53zhr7p2jxuudjbmvnx57xbw6ibki73k7yogy,1,90,28.466958028730005,1,55.023042019456625,True
seed_10003-clients_5-joint_dirichlet_0.3-submitted-none-B4,bound_manifest,bafkreiammawcskdazka5uebxbfo76z6fmtbif3jrpkqskenje64fyp5rlm,1,340,22.455375001300126,1,52.47745895758271,True
seed_10003-clients_5-joint_dirichlet_0.3-submitted-none-B4,proof,bafkreia6sv5b2d63a2whmmbwiwaqbefkk74wz6nnori7aqnu3yl6w3ycgy,1,758,21.151958033442497,1,42.86766704171896,True
seed_10003-clients_5-joint_dirichlet_0.3-submitted-none-B4,public,bafkreihgntz4vmf4vsajt7iscwovj6b7q2lsegpbdgpauf6iqrq2tiqtou,1,316,23.2593750115484,1,40.90829100459814,True
seed_10003-clients_5-joint_dirichlet_0.3-submitted-none-B4,submission_manifest,bafkreib7icvko5o6bcrqrjqff774nbxrpcm2upmqvwwmbe2o6te6i5ta5m,1,544,16.060625028330833,1,44.830124999862164,True
seed_10003-clients_5-joint_dirichlet_0.3-submitted-none-B4,model,bafkreic6fzt3zlpd3ryaz7fsiydvxwqwwvnt5qxsjo7c4r46y3rjq4qcki,2,2295,15.834957943297923,1,75.86779101984575,True
seed_10003-clients_5-joint_dirichlet_0.3-submitted-none-B4,metrics,bafkreia3n5f56u2ga6xc2dqt5xlyh2fr6ww72manfyg7dix6v2p3wibpzm,2,210,19.871083030011505,1,57.43854201864451,True
seed_10003-clients_5-joint_dirichlet_0.3-submitted-none-B4,metadata,bafkreieixghh7ixqv5uzgc736zuey765jwgwrzqzuo5h5webhycgyqyxqa,2,91,29.431540984660387,1,66.04641600279137,True
seed_10003-clients_5-joint_dirichlet_0.3-submitted-none-B4,bound_manifest,bafkreicx25o7luwmlgoss3d3btbzcaduf2u34xqalnybf47kgfxbfj5y2i,2,340,22.005290957167745,1,68.23270802851766,True
seed_10003-clients_5-joint_dirichlet_0.3-submitted-none-B4,proof,bafkreih23dfakziu75kcyp23lcuct4q5omsitv7ina7mkhhavtevinm4lq,2,756,17.176916997414082,1,44.784124998841435,True
seed_10003-clients_5-joint_dirichlet_0.3-submitted-none-B4,public,bafkreiendh3vfd6scgwtmwy6buwv4lflwoc22bssgxntqxanqnz7pld4cu,2,308,30.14495800016448,1,70.01754100201651,True
seed_10003-clients_5-joint_dirichlet_0.3-submitted-none-B4,submission_manifest,bafkreih6qiafuttt2mizkbmh5vfmei44m2b6d6w2kjxskithqijvq46efq,2,544,20.199500024318695,1,53.66291699465364,True
seed_10003-clients_5-joint_dirichlet_0.3-submitted-none-B4,model,bafkreiettt3czz3qyivhqpcqe3333blywbdjfmyze5dopynk36yyj6usem,3,2217,22.694540966767818,1,46.762040990870446,True
seed_10003-clients_5-joint_dirichlet_0.3-submitted-none-B4,metrics,bafkreihz3rxxp7pra42b5xhebzjzjtjn3kr372nseg3pe7urtoqy3cfshi,3,222,28.065499966032803,1,63.79408296197653,True
seed_10003-clients_5-joint_dirichlet_0.3-submitted-none-B4,metadata,bafkreidhgowycyvb4uoikp54jv7mdgywabnbvhfcr2jxk6dmr76ufnmthu,3,91,18.7385409954004,1,62.90029198862612,True
seed_10003-clients_5-joint_dirichlet_0.3-submitted-none-B4,bound_manifest,bafkreiek77674b37225dpbpjfeafrfaxrccwilcw2n6zi6d46bol7xzqjm,3,340,23.488625010941178,1,63.546791032422334,True
seed_10003-clients_5-joint_dirichlet_0.3-submitted-none-B4,proof,bafkreiff36bk243epcskhyvtp7wywhf5rvkhadgbtdwxv4ri2dlwlopmse,3,758,25.197791983373463,1,50.53737497655675,True
seed_10003-clients_5-joint_dirichlet_0.3-submitted-none-B4,public,bafkreih6svyhoatzisz3dtqx6lozwrwhsrwct6bgvkka7t55m7uxsy5x6a,3,319,18.10787501744926,1,51.84341699350625,True
seed_10003-clients_5-joint_dirichlet_0.3-submitted-none-B4,submission_manifest,bafkreiaosdqsxjdarrmjfibjbpcq6465vwdhtccnn3tqkauarvstunway4,3,544,22.34083297662437,1,65.73454197496176,True
seed_10003-clients_5-joint_dirichlet_0.3-submitted-none-B4,model,bafkreieqiwsxugpqm5s4mlstox4oi6g2z7iinwbkrd7nfyshseg2qiae7a,4,2248,16.936708008870482,1,59.08333294792101,True
seed_10003-clients_5-joint_dirichlet_0.3-submitted-none-B4,metrics,bafkreifef563ujfj4onohv6n5d2s4dyciwbdx34cdsnamjraarvjjhddhy,4,218,31.044083007145673,1,58.947374986018986,True
seed_10003-clients_5-joint_dirichlet_0.3-submitted-none-B4,metadata,bafkreigofpubpzfip5zlg2qtuy4eexfkol4tmabepczxtep2ebbhz6nyki,4,91,27.45170798152685,1,56.65566702373326,True
seed_10003-clients_5-joint_dirichlet_0.3-submitted-none-B4,bound_manifest,bafkreid32o4czo4sm7axtabaxmtkd4hb2xezoggukeuzb6v43lr3ptefwa,4,340,23.104250023607165,1,57.51175002660602,True
seed_10003-clients_5-joint_dirichlet_0.3-submitted-none-B4,proof,bafkreig5fbdddj3lt3d2sanch45rf6nxvlgvl4d5mzu53eurdzefgwp3km,4,154,3.7554589798673987,1,32.31658402364701,True
seed_10003-clients_5-joint_dirichlet_0.3-submitted-none-B4,public,bafkreibeiazjhnevhvymutwqcv6fdcp2xufucmjyffbvqudefbw2p5srzq,4,303,27.692666044458747,1,64.50345797929913,True
seed_10003-clients_5-joint_dirichlet_0.3-submitted-none-B4,submission_manifest,bafkreie5ncmcuexqu2mdthyrumaqkyazbjm6z3kka6ppoeuqs4lqioqfhe,4,545,22.84033299656585,1,51.493999955710024,True
seed_10003-clients_5-joint_dirichlet_0.3-submitted-none-B4,global_model,bafkreia66fytybwx4nyjy4esfjygcmcaewglhycbpe4esknatcofzsx3vy,global,2314,21.485500037670135,1,38.536707987077534,True
seed_10003-clients_5-joint_dirichlet_0.3-submitted-none-B4,report,bafkreidvdpq7w5a5kybthvdqqhk6ntv2oro4yho6qiaz3yiqmd7c6e2xoa,global,1804,19.412291992921382,1,56.102833012118936,True
seed_10003-clients_5-joint_dirichlet_0.3-submitted-none-B4,model,bafkreihxjuwjkudanmgfhsxpcj5dxrtybq25ofn6z255od6ksueh2dwxfu,0,2291,17.019083024933934,2,62.3546660062857,True
seed_10003-clients_5-joint_dirichlet_0.3-submitted-none-B4,metrics,bafkreiatmubdvda6ijznrbimndflngt4iyn53wjv2tkzimcxd2tvbd33za,0,211,25.58783395215869,2,59.27033303305507,True
seed_10003-clients_5-joint_dirichlet_0.3-submitted-none-B4,metadata,bafkreibuccmcc37uriiggjsk6gorkaeynfletpryh2mkmlxqqqw52sb6wu,0,91,28.144416981376708,2,60.92908402206376,True
seed_10003-clients_5-joint_dirichlet_0.3-submitted-none-B4,bound_manifest,bafkreigc3prxbunwltdnqftvvzhhdgebuaptdu5z6o3c674hpjrthnu6jy,0,340,28.90420804033056,2,72.04437500331551,True
seed_10003-clients_5-joint_dirichlet_0.3-submitted-none-B4,proof,bafkreidxa3lupetp425h4fq6mxkouiodgl3wx2mt3luz4p5ebe5refoifq,0,760,21.168457984458655,2,41.722207970451564,True
seed_10003-clients_5-joint_dirichlet_0.3-submitted-none-B4,public,bafkreig5llj6abkbkejqhefa6zs3bafhi43afk3szs6w5gj3ta4picw33u,0,306,19.052499963436276,2,51.902459003031254,True
seed_10003-clients_5-joint_dirichlet_0.3-submitted-none-B4,submission_manifest,bafkreibc243fsrqxt5rth6nrwm7n4n6fvqz7dgqjgdtibr2jb6lrgn725u,0,544,15.899624966550618,2,49.03391597326845,True
seed_10003-clients_5-joint_dirichlet_0.3-submitted-none-B4,model,bafkreietqt4fxosrejk7s6utzmpl3noiezj44grygwet7ydgzruhhb7uku,1,2284,17.227625008672476,2,43.619583011604846,True
seed_10003-clients_5-joint_dirichlet_0.3-submitted-none-B4,metrics,bafkreifc4aoujsqu2iiybgykutwwhm3q7vgq27vxunnbbhkxhjbuhjlrpq,1,225,16.995792044326663,2,40.99270899314433,True
seed_10003-clients_5-joint_dirichlet_0.3-submitted-none-B4,metadata,bafkreicstoivr3h6z27mbgtpguzj63v3swu4kk6krzgmumivruqpu2f3eu,1,90,21.16741699865088,2,41.999957989901304,True
seed_10003-clients_5-joint_dirichlet_0.3-submitted-none-B4,bound_manifest,bafkreidbkhzljvuy6ww3ycmi4kigqvfehreehrok6xqs6xqeipz4a3pyki,1,340,23.454834008589387,2,50.90149998432025,True
seed_10003-clients_5-joint_dirichlet_0.3-submitted-none-B4,proof,bafkreibuijuczocdjpecb4oigws7iykuz4lgbapwcsdnlkzarq7xcgdkwu,1,150,23.893292003776878,2,61.98324996512383,True
seed_10003-clients_5-joint_dirichlet_0.3-submitted-none-B4,public,bafkreiaweqdv7lnxggncutpys6eb3tyl635tm72ik2xwoj2gjsoz5dezfu,1,320,25.295292027294636,2,53.93354099942371,True
seed_10003-clients_5-joint_dirichlet_0.3-submitted-none-B4,submission_manifest,bafkreid6ixd6pedwwybch5ce6fwnu2hcyphrwu6cgegg237gyddgmyjpwq,1,545,28.174334031064063,2,61.93954200716689,True
seed_10003-clients_5-joint_dirichlet_0.3-submitted-none-B4,model,bafkreiaj7ltu4omaopzb7iqb6d3eai4q4kaqcpwqjqfyaj2juesrvirzo4,2,2288,22.157166968099773,2,58.67675004992634,True
seed_10003-clients_5-joint_dirichlet_0.3-submitted-none-B4,metrics,bafkreidcmogqxviwekvsj32mi4uvmvlzy2jcp7cjftj5qmhxu4hami54l4,2,210,17.117541981860995,2,46.7572909547016,True
seed_10003-clients_5-joint_dirichlet_0.3-submitted-none-B4,metadata,bafkreifcb3vxoxyzbipcyau7fq2korko5g4lw7h746rhxfcakfuq6uhwbm,2,91,26.112542022019625,2,61.41595798544586,True
seed_10003-clients_5-joint_dirichlet_0.3-submitted-none-B4,bound_manifest,bafkreib6hecugexxm2gyniyeucolejs3osku5iiw3l2h2u7kyhuedlcbcm,2,340,25.17329202964902,2,55.11991697130725,True
seed_10003-clients_5-joint_dirichlet_0.3-submitted-none-B4,proof,bafkreiahn6peym27lzbjfjac5h6ryqfxhcfuhoaisb327rumftpr6f2htu,2,756,17.16824999311939,2,43.78008295316249,True
seed_10003-clients_5-joint_dirichlet_0.3-submitted-none-B4,public,bafkreia5ru5ffpr7vxu3w44nx62wpad4slma3ecsql4k2uyultbbam7dve,2,305,22.14120898861438,2,46.86654102988541,True
seed_10003-clients_5-joint_dirichlet_0.3-submitted-none-B4,submission_manifest,bafkreig2cjtvs747mnqq623rzp3llb2xs37k6fbcih6neotun36j62ahnm,2,544,25.029584008734673,2,54.93566603399813,True
seed_10003-clients_5-joint_dirichlet_0.3-submitted-none-B4,model,bafkreib5lxeszwt3gniig6q6dquvvkfyr2tzfofgdvo5c32rocn6cwaf2u,3,2275,18.05816701380536,2,45.41095794411376,True
seed_10003-clients_5-joint_dirichlet_0.3-submitted-none-B4,metrics,bafkreihgxghug6h62msnkh5ou4ijxoqxfuy4pyf6d7szibzsa2eq7am24y,3,225,18.219541991129518,2,46.43591702915728,True
seed_10003-clients_5-joint_dirichlet_0.3-submitted-none-B4,metadata,bafkreifbqxqgrpbb2qwaqfz5p2dzkbma2s4u2tbpyec77dgllvcbpkgsyu,3,91,22.698208049405366,2,43.85354102123529,True
seed_10003-clients_5-joint_dirichlet_0.3-submitted-none-B4,bound_manifest,bafkreia34jjken4jr7ikfg4wii7tzxlpk5fchk7vccns4eyjpidenif5w4,3,340,24.452959012705833,2,63.96645802306011,True
seed_10003-clients_5-joint_dirichlet_0.3-submitted-none-B4,proof,bafkreihjrpvyvfymvvjpfc7buodlm66creeozpvlqol3niscx2skxy65ce,3,150,17.953874950762838,2,57.639374979771674,True
seed_10003-clients_5-joint_dirichlet_0.3-submitted-none-B4,public,bafkreic2xzq27t7pumsryepnwtckqrunsl7szbj2yqt4njva6jnhpywwfi,3,323,26.12858300562948,2,47.90187499020249,True
seed_10003-clients_5-joint_dirichlet_0.3-submitted-none-B4,submission_manifest,bafkreicms5wukw2u4jate6q3ohwm45h6dsskzy2x4qey4oso6jtqvmad2e,3,545,20.224499981850386,2,59.0327910031192,True
seed_10003-clients_5-joint_dirichlet_0.3-submitted-none-B4,model,bafkreibeiqp4nbzaoanonx6gtmtmn5vs7elm3gjne24hy3o3bmta4rytra,4,2290,21.097874967381358,2,51.68745794799179,True
seed_10003-clients_5-joint_dirichlet_0.3-submitted-none-B4,metrics,bafkreid3bkfgme2m5bqc2yr7pakgbxfei2d4cpwtlljh2cqzs3k56lpufy,4,218,18.239042023196816,2,60.603166988585144,True
seed_10003-clients_5-joint_dirichlet_0.3-submitted-none-B4,metadata,bafkreihyduhawwgzbljrufv7g6wjyyx5pldglsh6ztyrz6m5lmkwaqmzyq,4,91,22.19104196410626,2,56.511167029384524,True
seed_10003-clients_5-joint_dirichlet_0.3-submitted-none-B4,bound_manifest,bafkreiaymn4y2y7vuhlh5powmxubgbmo4bvdm6a7f363s5ea4qxdpenzc4,4,340,24.381875002291054,2,41.94170900154859,True
seed_10003-clients_5-joint_dirichlet_0.3-submitted-none-B4,proof,bafkreid4qieeifexl2q6r6uxsykoenrlm332ff7zkmutosl635zticxcoa,4,154,2.1700000506825745,2,31.378792016766965,True
seed_10003-clients_5-joint_dirichlet_0.3-submitted-none-B4,public,bafkreibnsadahwpq4yhbgjjsdj4sijsfqueemgoyse2zhc3ts6dcddlu6q,4,304,17.92320900131017,2,45.62704102136195,True
seed_10003-clients_5-joint_dirichlet_0.3-submitted-none-B4,submission_manifest,bafkreicdyuhyjsa5ty2773lzamktsj2arvtr6x7p7cuul2gfpj2idiwst4,4,545,17.16312498319894,2,42.75887500261888,True
seed_10003-clients_5-joint_dirichlet_0.3-submitted-none-B4,global_model,bafkreics5xasqvj5rj3ghqhqmoju226ejcfjhnrfgw43tqx7346g6hc754,global,2303,21.538542001508176,2,49.272832984570414,True
seed_10003-clients_5-joint_dirichlet_0.3-submitted-none-B4,report,bafkreiaz72txxpml3l4jbr2v3x5yu4c66xmcg5wk6eir3iteq7usubdj4m,global,1766,16.15583396051079,2,50.55583402281627,True
seed_10003-clients_5-joint_dirichlet_0.3-submitted-none-B4,model,bafkreigplrxnlnopg65wzyhw2qvuupezllmjkmm4t67t7x76bgrvvbh6si,0,2273,20.191042043734342,3,33.42933295061812,True
seed_10003-clients_5-joint_dirichlet_0.3-submitted-none-B4,metrics,bafkreihrh5bojpad4cyasormffnakc4gtls6f3o6pnz3qma7stogflplrm,0,211,17.198792018461972,3,55.646541994065046,True
seed_10003-clients_5-joint_dirichlet_0.3-submitted-none-B4,metadata,bafkreigyolc5zsokwmqrbpwrvcoio25zec2c3bqyde2b2snchhwtmwllxi,0,91,19.51024995651096,3,45.43591698165983,True
seed_10003-clients_5-joint_dirichlet_0.3-submitted-none-B4,bound_manifest,bafkreibpcxz4e5h2ge3himkr3pr7kjzjgg4pzd4dxangvaoqepklhzor4i,0,340,18.285584053955972,3,49.77275000419468,True
seed_10003-clients_5-joint_dirichlet_0.3-submitted-none-B4,proof,bafkreicvsudo6dv6qkzxet2et4uncea2rlthmfk7ajmnulj3xzkhj4emhy,0,759,21.063124993816018,3,51.273791992571205,True
seed_10003-clients_5-joint_dirichlet_0.3-submitted-none-B4,public,bafkreifxnh3qmkhbtf2gae4zug24eq564g2ui56c5gh74256imhacygcge,0,309,23.382124956697226,3,56.906624988187104,True
seed_10003-clients_5-joint_dirichlet_0.3-submitted-none-B4,submission_manifest,bafkreibcpku76sogo6dvzb5kimq5yqby4er45njianshmryyz7wppienaq,0,544,26.865333027672023,3,55.74716697447002,True
seed_10003-clients_5-joint_dirichlet_0.3-submitted-none-B4,model,bafkreifgwvmxcwrr35nrr2hxc2hwgtxwoq2kexe6ruhpnh4agndl3z2up4,1,2265,26.271291018929332,3,61.57525000162423,True
seed_10003-clients_5-joint_dirichlet_0.3-submitted-none-B4,metrics,bafkreic2w6sjld3imk3f6dv4oerhvzyu5gzpg4rqpyratfmmjcyjt7ztim,1,225,16.39187498949468,3,46.03529197629541,True
seed_10003-clients_5-joint_dirichlet_0.3-submitted-none-B4,metadata,bafkreihgbgsjtubkawzouodi2llr5dnfl5faxc4hsaawg7pnmcq4lyfvqa,1,90,17.562708002515137,3,45.76508398167789,True
seed_10003-clients_5-joint_dirichlet_0.3-submitted-none-B4,bound_manifest,bafkreigkunze3qt6hibketakql3ksx6p43nd2x34llrtglwflu4clplydu,1,340,25.56124998955056,3,46.69208300765604,True
seed_10003-clients_5-joint_dirichlet_0.3-submitted-none-B4,proof,bafkreihkquqlbbv4pya52ibxwxborl534b4qi6uvcisgytjtrqwyq6fnwa,1,137,21.459624986164272,3,60.934916022233665,True
seed_10003-clients_5-joint_dirichlet_0.3-submitted-none-B4,public,bafkreic3f2uwrwug5w7e5lccha7vbft44rnttl2nj4bjqvzmf2ouq2udhu,1,322,24.104417010676116,3,52.68612498184666,True
seed_10003-clients_5-joint_dirichlet_0.3-submitted-none-B4,submission_manifest,bafkreihicmgdszpz5cpp3v4devavenqsllbt7plt3ovxcpb5lphhfvfqnm,1,545,21.1129579693079,3,52.58262500865385,True
seed_10003-clients_5-joint_dirichlet_0.3-submitted-none-B4,model,bafkreihkmcgodjg62znqljsg4cmvlxtmkreg4dbi4xmxcq4h7toefk544u,2,2281,24.810332979541272,3,54.81529200915247,True
seed_10003-clients_5-joint_dirichlet_0.3-submitted-none-B4,metrics,bafkreick63loeobrvraq2fbwszgmrrjurvym2xirshyqpanr7o3k3tvvwy,2,210,20.715457969345152,3,45.23300001164898,True
seed_10003-clients_5-joint_dirichlet_0.3-submitted-none-B4,metadata,bafkreic6sidawwemurau4v7uupou473otzqs5bymlivacahs5i3lxhqgai,2,91,17.210832971613854,3,44.50550000183284,True
seed_10003-clients_5-joint_dirichlet_0.3-submitted-none-B4,bound_manifest,bafkreihis2g7r4wwes75b4tdlyygwphehhkgg4hqjx65tqc5ntm6gnbgsq,2,340,24.646707985084504,3,48.03995799738914,True
seed_10003-clients_5-joint_dirichlet_0.3-submitted-none-B4,proof,bafkreif22e2oi5cunus337t5nkswd4byhxjkrb27pmxhabbajsh7dkxyke,2,756,18.95254198461771,3,46.320749970618635,True
seed_10003-clients_5-joint_dirichlet_0.3-submitted-none-B4,public,bafkreicsyeubbww5agdeampd5d3tyiwtgpxtguosrvjsaekbdj57rekmmi,2,308,21.139250020496547,3,47.815000056289136,True
seed_10003-clients_5-joint_dirichlet_0.3-submitted-none-B4,submission_manifest,bafkreibobspgplrq3uga6ichc72ffju2en4leegrva5aea4ylyugpvugyu,2,544,24.545792024582624,3,56.98583397315815,True
seed_10003-clients_5-joint_dirichlet_0.3-submitted-none-B4,model,bafkreihvwzau3njyjobiom3o6spvm2nlc5ztgjggwuppprblt335b4rzue,3,2281,29.33591598412022,3,44.214333000127226,True
seed_10003-clients_5-joint_dirichlet_0.3-submitted-none-B4,metrics,bafkreihhds2tcukk747fu5cbrcj6yfopcspnpzjvagzcx4poq7lxzwgzcy,3,226,20.285959006287158,3,56.50183302350342,True
seed_10003-clients_5-joint_dirichlet_0.3-submitted-none-B4,metadata,bafkreigbua7amcja2gnxnp34vhqw4l7hfluapwcjx66hd7xwix5xl6qfoi,3,91,31.70420799870044,3,63.83041600929573,True
seed_10003-clients_5-joint_dirichlet_0.3-submitted-none-B4,bound_manifest,bafkreigqjuhwuzr37xdofnzsqrrscxgwp4nvcthhtnaqf5xbi66yp3pzcm,3,340,31.04029200039804,3,59.39779203617945,True
seed_10003-clients_5-joint_dirichlet_0.3-submitted-none-B4,proof,bafkreigc7nmnvo4odfydkszuff5dcacj3l7b5hww53ybmdbyvl6ruep64e,3,137,24.24129197606817,3,63.32766596460715,True
seed_10003-clients_5-joint_dirichlet_0.3-submitted-none-B4,public,bafkreialiersu4vlzhps4freuo2jncwpiemumyrinnkrzvxnnalk2fuk7u,3,323,26.443833950906992,3,61.35916704079136,True
seed_10003-clients_5-joint_dirichlet_0.3-submitted-none-B4,submission_manifest,bafkreibu4riabrwy34zntn623renlvnld54th423mjdyjiaptmxa3sgeby,3,545,26.765791000798345,3,56.776540994178504,True
seed_10003-clients_5-joint_dirichlet_0.3-submitted-none-B4,model,bafkreidxmpec2uuslgvae2ovgtprhf4yzqwnncoqfrfmmv5rcyqcdkf7b4,4,2282,18.778625002596527,3,47.55474999547005,True
seed_10003-clients_5-joint_dirichlet_0.3-submitted-none-B4,metrics,bafkreicaoodyj2kyebml5n2nqpdvrvhnvkwvgia5g4j6ox53iuoih6z6oe,4,218,21.152333007194102,3,44.71370799001306,True
seed_10003-clients_5-joint_dirichlet_0.3-submitted-none-B4,metadata,bafkreibkizdqegjiczv24uxzk6c54f4dmfotsevmrgialljhywzh6mrhwu,4,91,32.26599999470636,3,64.73208300303668,True
seed_10003-clients_5-joint_dirichlet_0.3-submitted-none-B4,bound_manifest,bafkreiclp7da4rabuuczg7rdqvst53532kgvxvzkw4cet3xru57sudf2aa,4,340,20.00941603910178,3,60.08287501754239,True
seed_10003-clients_5-joint_dirichlet_0.3-submitted-none-B4,proof,bafkreicb5ufe4oux4tdmvsjkgjgyypodfa7jo64fktmropo4inw56mdnsm,4,154,2.0992080098949373,3,32.45554200839251,True
seed_10003-clients_5-joint_dirichlet_0.3-submitted-none-B4,public,bafkreiaeqnvfdeuwpw5mcoaazaltso3fum77fqmzk4mpqcd7c3uanudozu,4,303,24.323041958268732,3,53.41975000919774,True
seed_10003-clients_5-joint_dirichlet_0.3-submitted-none-B4,submission_manifest,bafkreigo22nxiwumq2yvqejxg6pgu2rt4etl64a4gtpqye26xgna2i43dm,4,545,29.40195903647691,3,57.37275001592934,True
seed_10003-clients_5-joint_dirichlet_0.3-submitted-none-B4,global_model,bafkreifgbcp5xt3x6ou65oweiqa6mj4lcsj4tp53b3twpyd5ldj5tdw66a,global,2287,36.21566703077406,3,50.64354196656495,True
seed_10003-clients_5-joint_dirichlet_0.3-submitted-none-B4,report,bafkreifkf5bdc4g3qzq3e25jekx4z657m7ouhayp5nio65cllkqfjimc5u,global,1718,18.439916020724922,3,58.87070897733793,True
seed_10003-clients_5-joint_dirichlet_0.3-submitted-none-B7,model,bafkreic6ee2tlvfrapauv6xa2rsmat4oym2eu6sy7wnvsriaonwbrb35vy,0,2294,0.8935830555856228,1,27.988874993752688,True
seed_10003-clients_5-joint_dirichlet_0.3-submitted-none-B7,metrics,bafkreieh43x6hcfkgzikocczll3bn2yuqqcm3ja5rgjtlssrhz3d6fhaae,0,211,0.7313340320251882,1,38.84779097279534,True
seed_10003-clients_5-joint_dirichlet_0.3-submitted-none-B7,metadata,bafkreiei2qylpjyvsu3jsbzgy7eaxgp6lgnchehsaxhnpqb3na5qvypfau,0,91,0.8823329699225724,1,34.0103330090642,True
seed_10003-clients_5-joint_dirichlet_0.3-submitted-none-B7,bound_manifest,bafkreib3r3tlbkwczvj4ynbwizv75bavh4srmiruug4mdr7e5unox2qyca,0,340,1.3623330160044134,1,33.98120799101889,True
seed_10003-clients_5-joint_dirichlet_0.3-submitted-none-B7,proof,bafkreiczpp2r4ga24mptqfg2hnxob3fbveunncnjisgdxlaqr3sg4mo5ni,0,761,18.18691601511091,1,43.08508400572464,True
seed_10003-clients_5-joint_dirichlet_0.3-submitted-none-B7,public,bafkreiapxfoqh2ehuewwbwap3j4gey7ekg2px5aqq6rg7zcems3yu34pvy,0,308,0.7815830176696181,1,32.11870795348659,True
seed_10003-clients_5-joint_dirichlet_0.3-submitted-none-B7,submission_manifest,bafkreidq6eeyopoto26rkcdrn67nbjkvepi4lzn2byumpd4bhmhxktfsku,0,544,17.19237503129989,1,41.9346250128001,True
seed_10003-clients_5-joint_dirichlet_0.3-submitted-none-B7,model,bafkreie6l7ktec5na7i36tcomfvdex67u3gwkxgn43ahyfwnan3x6r3o7y,1,1587,0.5770420539192855,1,27.78374997433275,True
seed_10003-clients_5-joint_dirichlet_0.3-submitted-none-B7,metrics,bafkreigtsxnjgfff2gjghg7s7putonopzwtjzzpqi6g7kyognxe7cwgmlu,1,220,0.9653749875724316,1,36.81245801271871,True
seed_10003-clients_5-joint_dirichlet_0.3-submitted-none-B7,metadata,bafkreiah6em6nxtnh622p53zhr7p2jxuudjbmvnx57xbw6ibki73k7yogy,1,90,1.8837919924408197,1,36.63966601016,True
seed_10003-clients_5-joint_dirichlet_0.3-submitted-none-B7,bound_manifest,bafkreiammawcskdazka5uebxbfo76z6fmtbif3jrpkqskenje64fyp5rlm,1,340,1.7544589936733246,1,33.71849999530241,True
seed_10003-clients_5-joint_dirichlet_0.3-submitted-none-B7,proof,bafkreiadt4hgjv2ukze5ugcpgzj7scov6asagaopgzlm6je75wmmcds6me,1,759,19.163457967806607,1,41.275458002928644,True
seed_10003-clients_5-joint_dirichlet_0.3-submitted-none-B7,public,bafkreihgntz4vmf4vsajt7iscwovj6b7q2lsegpbdgpauf6iqrq2tiqtou,1,316,0.8812090381979942,1,41.94616700988263,True
seed_10003-clients_5-joint_dirichlet_0.3-submitted-none-B7,submission_manifest,bafkreia32pqslaihfygwzj3qo5vb7ldswwmwlls6jfso2l64on26ufllzu,1,544,19.255166000220925,1,58.83754201931879,True
seed_10003-clients_5-joint_dirichlet_0.3-submitted-none-B7,model,bafkreic6fzt3zlpd3ryaz7fsiydvxwqwwvnt5qxsjo7c4r46y3rjq4qcki,2,2295,2.118667005561292,1,37.88962500402704,True
seed_10003-clients_5-joint_dirichlet_0.3-submitted-none-B7,metrics,bafkreia3n5f56u2ga6xc2dqt5xlyh2fr6ww72manfyg7dix6v2p3wibpzm,2,210,1.566916995216161,1,32.520667009521276,True
seed_10003-clients_5-joint_dirichlet_0.3-submitted-none-B7,metadata,bafkreieixghh7ixqv5uzgc736zuey765jwgwrzqzuo5h5webhycgyqyxqa,2,91,1.7216660198755562,1,31.450833019334823,True
seed_10003-clients_5-joint_dirichlet_0.3-submitted-none-B7,bound_manifest,bafkreicx25o7luwmlgoss3d3btbzcaduf2u34xqalnybf47kgfxbfj5y2i,2,340,1.7620839644223452,1,32.53583301557228,True
seed_10003-clients_5-joint_dirichlet_0.3-submitted-none-B7,proof,bafkreidm6xuw5vk6vswevcnqbup32msvqqjkppspvhup3wrnmsp5yz4rz4,2,759,20.15012496849522,1,42.19004203332588,True
seed_10003-clients_5-joint_dirichlet_0.3-submitted-none-B7,public,bafkreiendh3vfd6scgwtmwy6buwv4lflwoc22bssgxntqxanqnz7pld4cu,2,308,0.6606670212931931,1,31.870041973888874,True
seed_10003-clients_5-joint_dirichlet_0.3-submitted-none-B7,submission_manifest,bafkreiezjbmpbi5zkzjug6dflci5bopzwbesfdnzxemu2l3txtabkmcyza,2,544,23.045957961585373,1,54.96720800874755,True
seed_10003-clients_5-joint_dirichlet_0.3-submitted-none-B7,model,bafkreiettt3czz3qyivhqpcqe3333blywbdjfmyze5dopynk36yyj6usem,3,2217,0.9524589986540377,1,34.58954097004607,True
seed_10003-clients_5-joint_dirichlet_0.3-submitted-none-B7,metrics,bafkreihz3rxxp7pra42b5xhebzjzjtjn3kr372nseg3pe7urtoqy3cfshi,3,222,1.8541659810580313,1,38.23266696417704,True
seed_10003-clients_5-joint_dirichlet_0.3-submitted-none-B7,metadata,bafkreidhgowycyvb4uoikp54jv7mdgywabnbvhfcr2jxk6dmr76ufnmthu,3,91,1.4152080402709544,1,31.282250012736768,True
seed_10003-clients_5-joint_dirichlet_0.3-submitted-none-B7,bound_manifest,bafkreiek77674b37225dpbpjfeafrfaxrccwilcw2n6zi6d46bol7xzqjm,3,340,1.459833001717925,1,31.342624977696687,True
seed_10003-clients_5-joint_dirichlet_0.3-submitted-none-B7,proof,bafkreicfeluvmkickbk6cgwkv32n2wtoeawwlruq7nybv4ygo62ugmunvm,3,758,18.202707986347377,1,42.481582961045206,True
seed_10003-clients_5-joint_dirichlet_0.3-submitted-none-B7,public,bafkreih6svyhoatzisz3dtqx6lozwrwhsrwct6bgvkka7t55m7uxsy5x6a,3,319,0.8149999775923789,1,28.1331249861978,True
seed_10003-clients_5-joint_dirichlet_0.3-submitted-none-B7,submission_manifest,bafkreignrzs44cgwmxuq6c4bfsethnqayl3reizjfryvvi4qesakoept7e,3,544,18.17425002809614,1,52.020291972439736,True
seed_10003-clients_5-joint_dirichlet_0.3-submitted-none-B7,model,bafkreieqiwsxugpqm5s4mlstox4oi6g2z7iinwbkrd7nfyshseg2qiae7a,4,2248,0.9508339571766555,1,33.55487494263798,True
seed_10003-clients_5-joint_dirichlet_0.3-submitted-none-B7,metrics,bafkreifef563ujfj4onohv6n5d2s4dyciwbdx34cdsnamjraarvjjhddhy,4,218,2.0459170336835086,1,35.69262503879145,True
seed_10003-clients_5-joint_dirichlet_0.3-submitted-none-B7,metadata,bafkreigofpubpzfip5zlg2qtuy4eexfkol4tmabepczxtep2ebbhz6nyki,4,91,1.5295419725589454,1,36.262207955587655,True
seed_10003-clients_5-joint_dirichlet_0.3-submitted-none-B7,bound_manifest,bafkreid32o4czo4sm7axtabaxmtkd4hb2xezoggukeuzb6v43lr3ptefwa,4,340,2.6475830236449838,1,32.64733398100361,True
seed_10003-clients_5-joint_dirichlet_0.3-submitted-none-B7,proof,bafkreig5fbdddj3lt3d2sanch45rf6nxvlgvl4d5mzu53eurdzefgwp3km,4,154,2.5203750119544566,1,38.72987499926239,True
seed_10003-clients_5-joint_dirichlet_0.3-submitted-none-B7,public,bafkreibeiazjhnevhvymutwqcv6fdcp2xufucmjyffbvqudefbw2p5srzq,4,303,1.4085000148043036,1,36.851749988272786,True
seed_10003-clients_5-joint_dirichlet_0.3-submitted-none-B7,submission_manifest,bafkreie5ncmcuexqu2mdthyrumaqkyazbjm6z3kka6ppoeuqs4lqioqfhe,4,545,1.5229160198941827,1,35.71799997007474,True
seed_10003-clients_5-joint_dirichlet_0.3-submitted-none-B7,global_model,bafkreibxbrfwhadjw4jolcv2fbarlah2ekfriwrqm25wwdo5pxocym6usy,global,2295,24.576750001870096,1,46.700250008143485,True
seed_10003-clients_5-joint_dirichlet_0.3-submitted-none-B7,report,bafkreieh37zoy3pfet3vvqyx6k72pryn2s5uujoe5js56weh7rj3nk6jyy,global,1833,26.12508402671665,1,59.47054200805724,True
seed_10003-clients_5-joint_dirichlet_0.3-submitted-none-B7,model,bafkreidhv4u6auugrv3xtusg44d64wyoap4bavao2mfyldltlrnvajtmdy,0,2280,25.356124970130622,2,58.181957982014865,True
seed_10003-clients_5-joint_dirichlet_0.3-submitted-none-B7,metrics,bafkreigdycdbetoaz6jxq3cnndurlebe5mnw5ubjqsdwrrxh74prwi3uhm,0,222,25.093124946579337,2,59.748750005383044,True
seed_10003-clients_5-joint_dirichlet_0.3-submitted-none-B7,metadata,bafkreibuccmcc37uriiggjsk6gorkaeynfletpryh2mkmlxqqqw52sb6wu,0,91,3.0425419681705534,2,33.70204201200977,True
seed_10003-clients_5-joint_dirichlet_0.3-submitted-none-B7,bound_manifest,bafkreicl77s3moudgqf6bosamnta7x7avkzsv6fpvlnyiovigilvli5ncu,0,340,17.964750004466623,2,46.37191700749099,True
seed_10003-clients_5-joint_dirichlet_0.3-submitted-none-B7,proof,bafkreiew6clp4vibsi24mzfrefhjisjdwu5wi4u43uq6kcldekqngnqgba,0,755,17.17658300185576,2,37.72045799996704,True
seed_10003-clients_5-joint_dirichlet_0.3-submitted-none-B7,public,bafkreigomid3bislqswse23vhj4lfkhcprxfly7meob6fg5ld3qe6kd4ii,0,318,17.258792009670287,2,43.97583397803828,True
seed_10003-clients_5-joint_dirichlet_0.3-submitted-none-B7,submission_manifest,bafkreiekuch7yuacln6kjpzcy5ty2b7dh4lipjgcs6l2qo2dbxaewjfxau,0,544,16.22070901794359,2,46.63645901018754,True
seed_10003-clients_5-joint_dirichlet_0.3-submitted-none-B7,model,bafkreidpzuluwvlohobayrbb6nrpgnyfjjpyq2elhl4ipx3u4f4dsqq2ea,1,2251,16.070333018433303,2,40.69441603496671,True
seed_10003-clients_5-joint_dirichlet_0.3-submitted-none-B7,metrics,bafkreihqrxoqsi4sqqgog2nkrtb5ivnh5nqbu45yehw3igtcqapiwz6ooe,1,220,17.100874974858016,2,40.973707975354046,True
seed_10003-clients_5-joint_dirichlet_0.3-submitted-none-B7,metadata,bafkreicstoivr3h6z27mbgtpguzj63v3swu4kk6krzgmumivruqpu2f3eu,1,90,0.6398750119842589,2,31.903708004392684,True
seed_10003-clients_5-joint_dirichlet_0.3-submitted-none-B7,bound_manifest,bafkreiag7mnxguucrckljf2n6idrh2aolgaawhgznpdaobehzoddvb6uti,1,340,21.26862498698756,2,44.81695801950991,True
seed_10003-clients_5-joint_dirichlet_0.3-submitted-none-B7,proof,bafkreiaih6llopaht4vr5miuol73d7otkvixjhybyowotdzwhdzrja3mvu,1,150,17.05420797225088,2,57.134290982503444,True
seed_10003-clients_5-joint_dirichlet_0.3-submitted-none-B7,public,bafkreigye7feowswycgtxyhgtbdqsdptlh6f4tqe35wnbs6a43vepv7p4u,1,317,17.688875028397888,2,43.88954199384898,True
seed_10003-clients_5-joint_dirichlet_0.3-submitted-none-B7,submission_manifest,bafkreiccoxtnwjcy42gm7ps2ev4e52wfolnxd55frnh7q6lubv3uzwgvue,1,545,17.64304196694866,2,46.92699998850003,True
seed_10003-clients_5-joint_dirichlet_0.3-submitted-none-B7,model,bafkreihmch5ozfjpn5umodeiegwnudini2geuk5a74hcb7pyyxau55nbxm,2,2282,17.775624990463257,2,51.80970794754103,True
seed_10003-clients_5-joint_dirichlet_0.3-submitted-none-B7,metrics,bafkreidcmogqxviwekvsj32mi4uvmvlzy2jcp7cjftj5qmhxu4hami54l4,2,210,1.6663330025039613,2,32.21600002143532,True
seed_10003-clients_5-joint_dirichlet_0.3-submitted-none-B7,metadata,bafkreifcb3vxoxyzbipcyau7fq2korko5g4lw7h746rhxfcakfuq6uhwbm,2,91,1.7915409989655018,2,37.56691701710224,True
seed_10003-clients_5-joint_dirichlet_0.3-submitted-none-B7,bound_manifest,bafkreieyiquvs2gbjh4u35jld4nvjrtlpzilyepwcxjciykn2rflpseqfq,2,340,27.59729203535244,2,61.48199999006465,True
seed_10003-clients_5-joint_dirichlet_0.3-submitted-none-B7,proof,bafkreialnlsxcatqmxahf3bkdbypuoag63j372sb7nc5l7k7eyqnv2wzz4,2,758,19.933125004172325,2,42.45591600192711,True
seed_10003-clients_5-joint_dirichlet_0.3-submitted-none-B7,public,bafkreifyh4v7icfl2fuy2hqfi37ncrvrsm6hp47xxvdxnx3qtaceae32nu,2,305,19.239709014073014,2,53.00195800373331,True
seed_10003-clients_5-joint_dirichlet_0.3-submitted-none-B7,submission_manifest,bafkreichp6mixu6erbkhxcgtusletzvifxu62m5oli274gyhgp4e34bbci,2,544,17.093250004108995,2,47.765083028934896,True
seed_10003-clients_5-joint_dirichlet_0.3-submitted-none-B7,model,bafkreia65drzgshsap6zb75okhtxe6a55u75wbhzmxw755rxtblj6nzani,3,2248,18.545166996773332,2,43.720124987885356,True
seed_10003-clients_5-joint_dirichlet_0.3-submitted-none-B7,metrics,bafkreibt7lznnfttasb2erxsw2cmpkoq7wwufi23rbymsfkihnm5f5nzye,3,224,25.31900000758469,2,53.936917043756694,True
seed_10003-clients_5-joint_dirichlet_0.3-submitted-none-B7,metadata,bafkreifbqxqgrpbb2qwaqfz5p2dzkbma2s4u2tbpyec77dgllvcbpkgsyu,3,91,1.7122920253314078,2,35.47504101879895,True
seed_10003-clients_5-joint_dirichlet_0.3-submitted-none-B7,bound_manifest,bafkreicqloveahuy3lgb5drr6nv5vsfzmuoeqnrlnuw2uyugoerdfwbdxi,3,340,23.0932499980554,2,56.35641701519489,True
seed_10003-clients_5-joint_dirichlet_0.3-submitted-none-B7,proof,bafkreieazof4hsdabhq5cfjxbswuoeal3ruhzbz7tm73ixdzzuuugdqeoy,3,755,23.18845799891278,2,41.49908298859373,True
seed_10003-clients_5-joint_dirichlet_0.3-submitted-none-B7,public,bafkreiarlrsofp2yirztpu6fzjbky4u5p27pazjm4m4vrsyodmrtnmnjxi,3,321,21.033999975770712,2,57.97054199501872,True
seed_10003-clients_5-joint_dirichlet_0.3-submitted-none-B7,submission_manifest,bafkreic645hhmkr7p4n2zkvxhqvquvxgjnlyxtvukkdwwrh2pkgxxcxqi4,3,544,20.637125009670854,2,59.97999996179715,True
seed_10003-clients_5-joint_dirichlet_0.3-submitted-none-B7,model,bafkreibbcnyvl5i7vhcreg5tngmey4wozjay6slleyadlhhjjo5ws2dcdq,4,2281,23.622707987669855,2,53.58512495877221,True
seed_10003-clients_5-joint_dirichlet_0.3-submitted-none-B7,metrics,bafkreieadx5p6frop46wcfz3ccxksgxb2ns2xnzrrjfp57ks4c6vcbajma,4,218,27.502582990564406,2,46.68233304983005,True
seed_10003-clients_5-joint_dirichlet_0.3-submitted-none-B7,metadata,bafkreihyduhawwgzbljrufv7g6wjyyx5pldglsh6ztyrz6m5lmkwaqmzyq,4,91,2.9530409956350923,2,29.58737500011921,True
seed_10003-clients_5-joint_dirichlet_0.3-submitted-none-B7,bound_manifest,bafkreifpbvp5r2w655dyvcenupg73njweasc7qxmx4hmhznt7mu6jqzble,4,340,20.215500029735267,2,59.823458024766296,True
seed_10003-clients_5-joint_dirichlet_0.3-submitted-none-B7,proof,bafkreid4qieeifexl2q6r6uxsykoenrlm332ff7zkmutosl635zticxcoa,4,154,2.816332969814539,2,34.72624998539686,True
seed_10003-clients_5-joint_dirichlet_0.3-submitted-none-B7,public,bafkreic2zvnrstctesz3olmhhvv4exlidqv6lg3licc4dwjvw7n4skor4q,4,304,17.568084003869444,2,44.75654102861881,True
seed_10003-clients_5-joint_dirichlet_0.3-submitted-none-B7,submission_manifest,bafkreiduz3ixgfoppn5kgjhwld2ykcjgnyizz5qifmwrnqq4rzymdzxtgi,4,545,28.068959014490247,2,63.17400000989437,True
seed_10003-clients_5-joint_dirichlet_0.3-submitted-none-B7,global_model,bafkreif53lfe33ew5as6jrv3en2klcnxouowmf6md2wwxkaduqzdqpm5r4,global,2276,24.061666044872254,2,48.962124972604215,True
seed_10003-clients_5-joint_dirichlet_0.3-submitted-none-B7,report,bafkreicguuu5ypysq2zczxefauwafuiymto7bfeenjgs3qxztrl7dgyzly,global,1825,21.496666013263166,2,48.28675003955141,True
seed_10003-clients_5-joint_dirichlet_0.3-submitted-none-B7,model,bafkreiewy2idkwpcjw24eytzjqvb5ub4pyfepgcctnmyibqevbgit2lpou,0,2264,18.185499997343868,3,43.22658298769966,True
seed_10003-clients_5-joint_dirichlet_0.3-submitted-none-B7,metrics,bafkreif3ssxluog2wndsrv42fzlnpwmznnr7grwccdwav74flrnvlemq2a,0,215,19.15537496097386,3,46.83416697662324,True
seed_10003-clients_5-joint_dirichlet_0.3-submitted-none-B7,metadata,bafkreigyolc5zsokwmqrbpwrvcoio25zec2c3bqyde2b2snchhwtmwllxi,0,91,0.9491670061834157,3,28.579749981872737,True
seed_10003-clients_5-joint_dirichlet_0.3-submitted-none-B7,bound_manifest,bafkreia4zny22nlowy4hclrh2k4hfvn5qgnaq3iyixjexbwafryd7qxbxi,0,340,17.100958968512714,3,44.886666000820696,True
seed_10003-clients_5-joint_dirichlet_0.3-submitted-none-B7,proof,bafkreibt3w62xrvg5vzwepch42g7dsctgiabg7vpogccb76iksogc2wyhu,0,756,16.278417024295777,3,36.188292026054114,True
seed_10003-clients_5-joint_dirichlet_0.3-submitted-none-B7,public,bafkreih6dbyzweqykrreep3nrxgfw4eovoxwekacjlblyqajw2daqvpk7m,0,313,18.19158298894763,3,42.93037502793595,True
seed_10003-clients_5-joint_dirichlet_0.3-submitted-none-B7,submission_manifest,bafkreidzuchsdqhs3zvd37m5a324szndrtpuabby3p3tiud77t2ashrzjq,0,544,20.969292032532394,3,46.832584019284695,True
seed_10003-clients_5-joint_dirichlet_0.3-submitted-none-B7,model,bafkreihnc2in6ktjutxuzryhrnp5najuuej2x5hys4t7izy7pkk2f4c6mu,1,2262,24.427165975794196,3,58.59375,True
seed_10003-clients_5-joint_dirichlet_0.3-submitted-none-B7,metrics,bafkreieqfy23ks6utqqnm4p3742kddrhk5z42binoghrl5np4lis6wpck4,1,225,17.134791996795684,3,50.5261659855023,True
seed_10003-clients_5-joint_dirichlet_0.3-submitted-none-B7,metadata,bafkreihgbgsjtubkawzouodi2llr5dnfl5faxc4hsaawg7pnmcq4lyfvqa,1,90,1.402250025421381,3,32.51345799071714,True
seed_10003-clients_5-joint_dirichlet_0.3-submitted-none-B7,bound_manifest,bafkreidq4bh2itebvbvfsvmtaicig56sp6chwewfn27f6nhbjey23qtzjm,1,340,23.45595898805186,3,66.33604201488197,True
seed_10003-clients_5-joint_dirichlet_0.3-submitted-none-B7,proof,bafkreie6axz5dcm3udiufk7hczyvq7ib4veato5ndx2vbk4xstbhvrzmae,1,137,23.346500005573034,3,58.43237496446818,True
seed_10003-clients_5-joint_dirichlet_0.3-submitted-none-B7,public,bafkreihpatxtb76uvvsgh4zpann4rvk2mziuqf2vwgqkfvmi4dyzsby67e,1,322,23.969750036485493,3,63.325125025585294,True
seed_10003-clients_5-joint_dirichlet_0.3-submitted-none-B7,submission_manifest,bafkreied3xlzinzelnddk7pqpvbuy35nn3wuqzzndh5rmafbr6jr2q7qhq,1,545,18.92958302050829,3,56.908167025540024,True
seed_10003-clients_5-joint_dirichlet_0.3-submitted-none-B7,model,bafkreiagko6auehhoorfr7zhzhvh4rlkpahfxxlkugxplwzogdjojr3cai,2,2284,18.61183298751712,3,53.20970801403746,True
seed_10003-clients_5-joint_dirichlet_0.3-submitted-none-B7,metrics,bafkreick63loeobrvraq2fbwszgmrrjurvym2xirshyqpanr7o3k3tvvwy,2,210,4.178208997473121,3,32.459916023071855,True
seed_10003-clients_5-joint_dirichlet_0.3-submitted-none-B7,metadata,bafkreic6sidawwemurau4v7uupou473otzqs5bymlivacahs5i3lxhqgai,2,91,1.488375011831522,3,28.395417029969394,True
seed_10003-clients_5-joint_dirichlet_0.3-submitted-none-B7,bound_manifest,bafkreiefqohy4mcjpzvyscety7hqw3letybqudu6rs6mwp5t32b56mxs7e,2,340,25.428875000216067,3,44.56033295718953,True
seed_10003-clients_5-joint_dirichlet_0.3-submitted-none-B7,proof,bafkreicqngwl25gonrldgukeoa6jy6xptzonuny5ncd5m5jhc74zxfa72u,2,759,24.290833971463144,3,51.95233295671642,True
seed_10003-clients_5-joint_dirichlet_0.3-submitted-none-B7,public,bafkreid7aifeu6mpwuu5f4jlrwarrwvxgkto2smpjykpdxpnjvkv5h6khy,2,308,18.197375000454485,3,53.96683298749849,True
seed_10003-clients_5-joint_dirichlet_0.3-submitted-none-B7,submission_manifest,bafkreiejfb75xhfq5zbg34wmpc6vxemxwurguvt5fiyp7pnl7ui2qdpufq,2,544,19.518124987371266,3,45.95283296657726,True
seed_10003-clients_5-joint_dirichlet_0.3-submitted-none-B7,model,bafkreiamf4q7xi3uxhv2x4nm3zaa5a7rqfyd76g2dsp67yg7dwp6auqrzi,3,2262,18.98420898942277,3,44.05320901423693,True
seed_10003-clients_5-joint_dirichlet_0.3-submitted-none-B7,metrics,bafkreihrgyoanzzch4shsyyvledef6pjlmibcqthmjza53f6ge3yq3obzm,3,225,22.739582986105233,3,45.58691696729511,True
seed_10003-clients_5-joint_dirichlet_0.3-submitted-none-B7,metadata,bafkreigbua7amcja2gnxnp34vhqw4l7hfluapwcjx66hd7xwix5xl6qfoi,3,91,1.58641702728346,3,37.64745802618563,True
seed_10003-clients_5-joint_dirichlet_0.3-submitted-none-B7,bound_manifest,bafkreiefby4h56khvwwp5eablapff6kteksfmv6bsqif6vqeawe7zbws2u,3,340,23.183042008895427,3,59.12145902402699,True
seed_10003-clients_5-joint_dirichlet_0.3-submitted-none-B7,proof,bafkreibs7ulkg3ixkw6fhhb24xieowhng7hxtgmd7v2atortslk7fc5hwe,3,149,18.17754202056676,3,52.56612499943003,True
seed_10003-clients_5-joint_dirichlet_0.3-submitted-none-B7,public,bafkreicvcbmf5ty4gmcxj7xxvqtbqzum5rddoftia2p2mddj6voipws6hu,3,323,23.14229100011289,3,47.7565000182949,True
seed_10003-clients_5-joint_dirichlet_0.3-submitted-none-B7,submission_manifest,bafkreib6ukzn5qwazmmfui7t7ajxigzwvsnesu6ugcyflinwxy5pop2pdy,3,545,17.262541048694402,3,50.7845840184018,True
seed_10003-clients_5-joint_dirichlet_0.3-submitted-none-B7,model,bafkreigxcfs6nvi7rnnk6cd3a2xagk7iq5tlawwynirpwb5of526usfnxq,4,2278,22.518542013131082,3,43.54770801728591,True
seed_10003-clients_5-joint_dirichlet_0.3-submitted-none-B7,metrics,bafkreifi7atprub7gixhcbihmnlrvvrygkrmrqjqkiti7bulzgpoppltja,4,218,19.40208300948143,3,50.79083301825449,True
seed_10003-clients_5-joint_dirichlet_0.3-submitted-none-B7,metadata,bafkreibkizdqegjiczv24uxzk6c54f4dmfotsevmrgialljhywzh6mrhwu,4,91,2.0190830109640956,3,36.01670800708234,True
seed_10003-clients_5-joint_dirichlet_0.3-submitted-none-B7,bound_manifest,bafkreid4chmqj6zvtcrv3jnyie4pdslbdhxvc76lbd35t6sl5nz7naozl4,4,340,29.32341699488461,3,60.43124996358529,True
seed_10003-clients_5-joint_dirichlet_0.3-submitted-none-B7,proof,bafkreicb5ufe4oux4tdmvsjkgjgyypodfa7jo64fktmropo4inw56mdnsm,4,154,2.350958005990833,3,31.63904102984816,True
seed_10003-clients_5-joint_dirichlet_0.3-submitted-none-B7,public,bafkreib5uurhk47mvyzz44xgslc5xtxajo2yyljwh6xwotdtbxkzmaqzwq,4,304,22.395582986064255,3,49.364958016667515,True
seed_10003-clients_5-joint_dirichlet_0.3-submitted-none-B7,submission_manifest,bafkreihw7it6qr3xc7bgmtepcilypy7c7dkemgmua3gsvtmh4f2snvwpaq,4,545,28.54737505549565,3,53.994250018149614,True
seed_10003-clients_5-joint_dirichlet_0.3-submitted-none-B7,global_model,bafkreie2nwopw4dnfdsej6dutfbbcnjegqmfy62agizdbezaalsh2cbfgm,global,2284,18.9226659713313,3,50.6320419954136,True
seed_10003-clients_5-joint_dirichlet_0.3-submitted-none-B7,report,bafkreig7qfphyp7vm6f5s2smhv2igqph4ymhmqe76ej4hvlzcawalocfha,global,1799,19.75945895537734,3,50.49720802344382,True
seed_10003-clients_5-joint_dirichlet_0.3-submitted-random_weights-B4,model,bafkreieaoqdr535s5pyhdafjivcsib73hlqqcr67zrwhtnl654kuig5yry,0,2001,20.27462504338473,1,40.5689170002006,True
seed_10003-clients_5-joint_dirichlet_0.3-submitted-random_weights-B4,metrics,bafkreieh43x6hcfkgzikocczll3bn2yuqqcm3ja5rgjtlssrhz3d6fhaae,0,211,0.6539579480886459,1,32.05920901382342,True
seed_10003-clients_5-joint_dirichlet_0.3-submitted-random_weights-B4,metadata,bafkreiei2qylpjyvsu3jsbzgy7eaxgp6lgnchehsaxhnpqb3na5qvypfau,0,91,0.8872089674696326,1,32.8562919748947,True
seed_10003-clients_5-joint_dirichlet_0.3-submitted-random_weights-B4,bound_manifest,bafkreif2mnmomvu65vd3cy4fjjhi7nena5k6okkbvdrlftgdewx2ho4jyy,0,340,20.37512499373406,1,58.32225002814084,True
seed_10003-clients_5-joint_dirichlet_0.3-submitted-random_weights-B4,proof,bafkreicyer2nl2trroyedxe57bxko3yz2jmnb7ijgcl32y6gbxon2ycmda,0,761,17.153332999441773,1,40.57425004430115,True
seed_10003-clients_5-joint_dirichlet_0.3-submitted-random_weights-B4,public,bafkreihc3l4tdj36qabhzg7pt5bqcih3csog2aq5jkqqvn7pmxxl5kak4y,0,309,28.260332997888327,1,43.09216601541266,True
seed_10003-clients_5-joint_dirichlet_0.3-submitted-random_weights-B4,submission_manifest,bafkreie7ogibijeuejdcimlubcem4g7be3rm7dxs7wbsdpcptblj2hxbfe,0,544,23.149750020820647,1,54.128625022713095,True
seed_10003-clients_5-joint_dirichlet_0.3-submitted-random_weights-B4,model,bafkreie6l7ktec5na7i36tcomfvdex67u3gwkxgn43ahyfwnan3x6r3o7y,1,1587,2.1139169693924487,1,33.138625032734126,True
seed_10003-clients_5-joint_dirichlet_0.3-submitted-random_weights-B4,metrics,bafkreigtsxnjgfff2gjghg7s7putonopzwtjzzpqi6g7kyognxe7cwgmlu,1,220,1.8929170328192413,1,38.77824998926371,True
seed_10003-clients_5-joint_dirichlet_0.3-submitted-random_weights-B4,metadata,bafkreiah6em6nxtnh622p53zhr7p2jxuudjbmvnx57xbw6ibki73k7yogy,1,90,2.4849160108715296,1,40.24679196299985,True
seed_10003-clients_5-joint_dirichlet_0.3-submitted-random_weights-B4,bound_manifest,bafkreiammawcskdazka5uebxbfo76z6fmtbif3jrpkqskenje64fyp5rlm,1,340,1.5450000064447522,1,33.27183297369629,True
seed_10003-clients_5-joint_dirichlet_0.3-submitted-random_weights-B4,proof,bafkreietdzvlt3k2w3go3daxanxxvw7c7i772c5nx5hai6sjqo3ou5nqmq,1,759,24.99841700773686,1,53.21845901198685,True
seed_10003-clients_5-joint_dirichlet_0.3-submitted-random_weights-B4,public,bafkreihgntz4vmf4vsajt7iscwovj6b7q2lsegpbdgpauf6iqrq2tiqtou,1,316,0.6075840210542083,1,33.24837499530986,True
seed_10003-clients_5-joint_dirichlet_0.3-submitted-random_weights-B4,submission_manifest,bafkreifl33muawil7zkrff45ptj6vyst3ygvo2xs66xxhv7xfuihkn2coi,1,544,23.943791980855167,1,59.033083030954,True
seed_10003-clients_5-joint_dirichlet_0.3-submitted-random_weights-B4,model,bafkreic6fzt3zlpd3ryaz7fsiydvxwqwwvnt5qxsjo7c4r46y3rjq4qcki,2,2295,1.0238750255666673,1,40.88616697117686,True
seed_10003-clients_5-joint_dirichlet_0.3-submitted-random_weights-B4,metrics,bafkreia3n5f56u2ga6xc2dqt5xlyh2fr6ww72manfyg7dix6v2p3wibpzm,2,210,1.4131249627098441,1,36.809333018027246,True
seed_10003-clients_5-joint_dirichlet_0.3-submitted-random_weights-B4,metadata,bafkreieixghh7ixqv5uzgc736zuey765jwgwrzqzuo5h5webhycgyqyxqa,2,91,1.2113749980926514,1,34.82412500306964,True
seed_10003-clients_5-joint_dirichlet_0.3-submitted-random_weights-B4,bound_manifest,bafkreicx25o7luwmlgoss3d3btbzcaduf2u34xqalnybf47kgfxbfj5y2i,2,340,2.1637079771608114,1,31.015457992907614,True
seed_10003-clients_5-joint_dirichlet_0.3-submitted-random_weights-B4,proof,bafkreietfq3cezmkfwpxdzfl6su2jzwxasjsnkkfossngu3zlzs2y2ctxe,2,759,18.081707996316254,1,47.73045802721754,True
seed_10003-clients_5-joint_dirichlet_0.3-submitted-random_weights-B4,public,bafkreiendh3vfd6scgwtmwy6buwv4lflwoc22bssgxntqxanqnz7pld4cu,2,308,0.8083750144578516,1,28.996957989875227,True
seed_10003-clients_5-joint_dirichlet_0.3-submitted-random_weights-B4,submission_manifest,bafkreibmwd4lampwwtaokua4jugxhhpw6ifzousjymcu5noh6lo3ku7dje,2,544,19.371665955986828,1,43.84208295959979,True
seed_10003-clients_5-joint_dirichlet_0.3-submitted-random_weights-B4,model,bafkreiettt3czz3qyivhqpcqe3333blywbdjfmyze5dopynk36yyj6usem,3,2217,1.286416023503989,1,30.80233302898705,True
seed_10003-clients_5-joint_dirichlet_0.3-submitted-random_weights-B4,metrics,bafkreihz3rxxp7pra42b5xhebzjzjtjn3kr372nseg3pe7urtoqy3cfshi,3,222,2.6145410374738276,1,42.87987499265,True
seed_10003-clients_5-joint_dirichlet_0.3-submitted-random_weights-B4,metadata,bafkreidhgowycyvb4uoikp54jv7mdgywabnbvhfcr2jxk6dmr76ufnmthu,3,91,5.939875030890107,1,33.3539160201326,True
seed_10003-clients_5-joint_dirichlet_0.3-submitted-random_weights-B4,bound_manifest,bafkreiek77674b37225dpbpjfeafrfaxrccwilcw2n6zi6d46bol7xzqjm,3,340,2.4874579976312816,1,34.707667015027255,True
seed_10003-clients_5-joint_dirichlet_0.3-submitted-random_weights-B4,proof,bafkreificm7idtd2lqg3kqdckwambanb5suwqsoitk32y6dmszwbhkn6ai,3,759,20.204250002279878,1,42.24591702222824,True
seed_10003-clients_5-joint_dirichlet_0.3-submitted-random_weights-B4,public,bafkreih6svyhoatzisz3dtqx6lozwrwhsrwct6bgvkka7t55m7uxsy5x6a,3,319,0.7524999673478305,1,31.86195797752589,True
seed_10003-clients_5-joint_dirichlet_0.3-submitted-random_weights-B4,submission_manifest,bafkreialj6u33wmqij6onx3qpvnyddn4oiijzilqqha75bnea24k6jqzji,3,544,23.97708297939971,1,45.20545800914988,True
seed_10003-clients_5-joint_dirichlet_0.3-submitted-random_weights-B4,model,bafkreieqiwsxugpqm5s4mlstox4oi6g2z7iinwbkrd7nfyshseg2qiae7a,4,2248,1.0965830297209322,1,36.352750030346215,True
seed_10003-clients_5-joint_dirichlet_0.3-submitted-random_weights-B4,metrics,bafkreifef563ujfj4onohv6n5d2s4dyciwbdx34cdsnamjraarvjjhddhy,4,218,2.364708052482456,1,33.10408297693357,True
seed_10003-clients_5-joint_dirichlet_0.3-submitted-random_weights-B4,metadata,bafkreigofpubpzfip5zlg2qtuy4eexfkol4tmabepczxtep2ebbhz6nyki,4,91,2.2254580399021506,1,31.744042003992945,True
seed_10003-clients_5-joint_dirichlet_0.3-submitted-random_weights-B4,bound_manifest,bafkreid32o4czo4sm7axtabaxmtkd4hb2xezoggukeuzb6v43lr3ptefwa,4,340,2.2653330233879387,1,31.67491697240621,True
seed_10003-clients_5-joint_dirichlet_0.3-submitted-random_weights-B4,proof,bafkreig5fbdddj3lt3d2sanch45rf6nxvlgvl4d5mzu53eurdzefgwp3km,4,154,2.1763339755125344,1,31.597915978636593,True
seed_10003-clients_5-joint_dirichlet_0.3-submitted-random_weights-B4,public,bafkreibeiazjhnevhvymutwqcv6fdcp2xufucmjyffbvqudefbw2p5srzq,4,303,2.608667011372745,1,34.59541703341529,True
seed_10003-clients_5-joint_dirichlet_0.3-submitted-random_weights-B4,submission_manifest,bafkreie5ncmcuexqu2mdthyrumaqkyazbjm6z3kka6ppoeuqs4lqioqfhe,4,545,1.5060000005178154,1,32.109874999150634,True
seed_10003-clients_5-joint_dirichlet_0.3-submitted-random_weights-B4,global_model,bafkreibqwhufweryix6zxasmvtt4r236hxkaw5ufhwzbdiewcahb6vqtee,global,2055,22.359833994414657,1,47.70875000394881,True
seed_10003-clients_5-joint_dirichlet_0.3-submitted-random_weights-B4,report,bafkreigz5nqlmcdshykllq5kuv7k7srbra2dnjpzvbmpu6dtbu2ppa5tuq,global,1831,19.160875002853572,1,46.05633398750797,True
seed_10003-clients_5-joint_dirichlet_0.3-submitted-random_weights-B4,model,bafkreibmowmafavxvzlqsy3odiaxobzlfzydpufisrp5cu65iz2lo3b7bq,0,1997,20.2045000041835,2,40.724166959989816,True
seed_10003-clients_5-joint_dirichlet_0.3-submitted-random_weights-B4,metrics,bafkreid3l325xjd6n2v36zdwq7e5shadngajb64mrk23bt72vbatxj5qcu,0,225,18.318957998417318,2,46.975749952252954,True
seed_10003-clients_5-joint_dirichlet_0.3-submitted-random_weights-B4,metadata,bafkreibuccmcc37uriiggjsk6gorkaeynfletpryh2mkmlxqqqw52sb6wu,0,91,1.9896249868907034,2,32.38279098877683,True
seed_10003-clients_5-joint_dirichlet_0.3-submitted-random_weights-B4,bound_manifest,bafkreiebg6zl4imav2jr2ujpagmk5rlzr7jiu2t2jrieo2w5q6tlzwcsmm,0,340,20.868792023975402,2,43.74687501695007,True
seed_10003-clients_5-joint_dirichlet_0.3-submitted-random_weights-B4,proof,bafkreies4kueewkac3rb44gx7ywglgt5brlypneqtuehd642ppt6cin76q,0,137,18.215457967016846,2,53.30162501195446,True
seed_10003-clients_5-joint_dirichlet_0.3-submitted-random_weights-B4,public,bafkreibhwadxxwag6ntksfqaglqdlnqt6oy5g54w5psdzrmrsvrujvs5fm,0,323,19.11387499421835,2,47.59870900306851,True
seed_10003-clients_5-joint_dirichlet_0.3-submitted-random_weights-B4,submission_manifest,bafkreihdsyljbeyopxc2ogktvj2xdi22c4phdww7bf622566asy3gux3qi,0,545,24.153250036761165,2,43.50741603411734,True
seed_10003-clients_5-joint_dirichlet_0.3-submitted-random_weights-B4,model,bafkreiav5wsomndftkqix67d7mcuu46ab3icodsw4tuisa7o6kvfoxwlvy,1,2030,19.034208031371236,2,52.17208300018683,True
seed_10003-clients_5-joint_dirichlet_0.3-submitted-random_weights-B4,metrics,bafkreiawlls54kn2syqczpatps6imij7bd46dvq3xxhemsteqhr4hfnz2q,1,225,18.058499961625785,2,44.81408401625231,True
seed_10003-clients_5-joint_dirichlet_0.3-submitted-random_weights-B4,metadata,bafkreicstoivr3h6z27mbgtpguzj63v3swu4kk6krzgmumivruqpu2f3eu,1,90,2.0527499727904797,2,31.93283296423033,True
seed_10003-clients_5-joint_dirichlet_0.3-submitted-random_weights-B4,bound_manifest,bafkreibrn4jnxjvso4x4u3nyuup6ipnjn6aqavjozdejbg3uonowmyzjma,1,340,19.222833041567355,2,42.78841696213931,True
seed_10003-clients_5-joint_dirichlet_0.3-submitted-random_weights-B4,proof,bafkreiegzut2nt2clcxfyulg23k57fqfk2rlaan7hjnxvna72c35avu5pq,1,757,20.280375028960407,2,43.41441695578396,True
seed_10003-clients_5-joint_dirichlet_0.3-submitted-random_weights-B4,public,bafkreihyhmq2bq5cvuiievhwyhasjldzmaspvaeirbqqkzcrlqm73hy3za,1,321,28.32849998958409,2,53.04766702465713,True
seed_10003-clients_5-joint_dirichlet_0.3-submitted-random_weights-B4,submission_manifest,bafkreigcwyik3azpmfg7ctepb6vyf6icn2khhbwbuzwg2o7thqzhkmjiha,1,544,27.122957981191576,2,59.97370800469071,True
seed_10003-clients_5-joint_dirichlet_0.3-submitted-random_weights-B4,model,bafkreifbuklz67kt534smiikuggrgdqsyiy645ymwbgu52v6fkcnywf2km,2,2047,24.22820799984038,2,50.65908300457522,True
seed_10003-clients_5-joint_dirichlet_0.3-submitted-random_weights-B4,metrics,bafkreih3bgj2x5bgytjvswqzmqrjbi5jbyokgdxxbunv7ueigz4bza6pii,2,223,23.752583016175777,2,60.93966698972508,True
seed_10003-clients_5-joint_dirichlet_0.3-submitted-random_weights-B4,metadata,bafkreifcb3vxoxyzbipcyau7fq2korko5g4lw7h746rhxfcakfuq6uhwbm,2,91,2.0622090087272227,2,28.1449580215849,True
seed_10003-clients_5-joint_dirichlet_0.3-submitted-random_weights-B4,bound_manifest,bafkreiaixtk5yhwxv2td2ka43t3abs744sfpjq56w7kqtgje46mpxzfu5m,2,340,26.108291000127792,2,45.609167020302266,True
seed_10003-clients_5-joint_dirichlet_0.3-submitted-random_weights-B4,proof,bafkreic4ulvjoizjufvyx2orljnbbeuqhv2ckjwbqeie52aoegp42kqlb4,2,137,23.309290991164744,2,63.80133400671184,True
seed_10003-clients_5-joint_dirichlet_0.3-submitted-random_weights-B4,public,bafkreidt2xnj4pbcozxelbvssqzvx45ouepypq6e3z3kvutditbmq7epse,2,319,18.288874998688698,2,53.390708984807134,True
seed_10003-clients_5-joint_dirichlet_0.3-submitted-random_weights-B4,submission_manifest,bafkreifz74dkjq7ehjgfsckpv56owodrwr53vxqu5s3fjyzwavikji32p4,2,545,21.63970796391368,2,49.57129096146673,True
seed_10003-clients_5-joint_dirichlet_0.3-submitted-random_weights-B4,model,bafkreif3ov6jvi6u3kmkwgv7kiyj6udyewiw7pbt3zb6ako5u6gzmfshte,3,2035,23.092459014151245,2,54.01575000723824,True
seed_10003-clients_5-joint_dirichlet_0.3-submitted-random_weights-B4,metrics,bafkreibkcnrthgsivbyxrryyvvpvoccp3qb64iruiupxdzpnevyzydohlm,3,223,25.562709022779018,2,64.74520801566541,True
seed_10003-clients_5-joint_dirichlet_0.3-submitted-random_weights-B4,metadata,bafkreifbqxqgrpbb2qwaqfz5p2dzkbma2s4u2tbpyec77dgllvcbpkgsyu,3,91,1.5815829974599183,2,40.56916700210422,True
seed_10003-clients_5-joint_dirichlet_0.3-submitted-random_weights-B4,bound_manifest,bafkreiecwf5oyzqovkxajpi5qsfpby3fxq5hiztqodjqh6imz4o5i6tal4,3,340,17.04370800871402,2,59.411666996311396,True
seed_10003-clients_5-joint_dirichlet_0.3-submitted-random_weights-B4,proof,bafkreigy7h2x6scj7dj22aa4csy6a5add7ng47yx2gmuxuc5lzot7zik6a,3,759,20.174083998426795,2,41.48433299269527,True
seed_10003-clients_5-joint_dirichlet_0.3-submitted-random_weights-B4,public,bafkreiaexuercgn2xiac4gjb2degej7fzcxk3zdh67bbemnrokpikeb4e4,3,321,30.09516600286588,2,62.946708989329636,True
seed_10003-clients_5-joint_dirichlet_0.3-submitted-random_weights-B4,submission_manifest,bafkreifeolijhv5psappchegc2ntd4wmnkms4llay2tgka3c6nej5z2rse,3,544,25.46600002096966,2,73.02708300994709,True
seed_10003-clients_5-joint_dirichlet_0.3-submitted-random_weights-B4,model,bafkreic7j5v6sjy6o2hhuecgnfjekaxzuo3vljhq4g555yh47eydfswz2e,4,2037,22.273082984611392,2,57.131499983370304,True
seed_10003-clients_5-joint_dirichlet_0.3-submitted-random_weights-B4,metrics,bafkreidwa33lqab45rdno26sr44tyjvv5yqpwg4jhdezgihpebw3g5guya,4,218,22.10308297071606,2,48.708332993555814,True
seed_10003-clients_5-joint_dirichlet_0.3-submitted-random_weights-B4,metadata,bafkreihyduhawwgzbljrufv7g6wjyyx5pldglsh6ztyrz6m5lmkwaqmzyq,4,91,0.9131249971687794,2,31.788041989784688,True
seed_10003-clients_5-joint_dirichlet_0.3-submitted-random_weights-B4,bound_manifest,bafkreidtjtds4ra7bj32kso2gcruv7ivw3ytpd7m2ob55fqxfwzlcylk2u,4,340,21.282834000885487,2,49.781582958530635,True
seed_10003-clients_5-joint_dirichlet_0.3-submitted-random_weights-B4,proof,bafkreidqxhybtmjozryow65sxzzgss26yo6zqty2qrivryvcoor3y3ekbm,4,202,21.99704200029373,2,47.76350001338869,True
seed_10003-clients_5-joint_dirichlet_0.3-submitted-random_weights-B4,public,bafkreiapjwbvp2monyyaoskmpoe7wix7fb3pwy26yxbqnk3iek63v3crfe,4,302,22.526999993715435,2,51.57195799984038,True
seed_10003-clients_5-joint_dirichlet_0.3-submitted-random_weights-B4,submission_manifest,bafkreidtsi6telyaz7jcjfrpkrzvd433b7utg77uxbrgqitcnriwl4ndie,4,545,18.511542002670467,2,50.76862499117851,True
seed_10003-clients_5-joint_dirichlet_0.3-submitted-random_weights-B4,global_model,bafkreidqyy4emxf2gluoeveu7uxmef7jctjy3z7tsoiyr3nmdgfvgj2dqu,global,2039,18.53645802475512,2,37.854540976695716,True
seed_10003-clients_5-joint_dirichlet_0.3-submitted-random_weights-B4,report,bafkreibqfvddzdmzsppctuf3ipbsla4a434jyqzn3apktcc3auwere5xaa,global,1825,26.918458053842187,2,49.56233303528279,True
seed_10003-clients_5-joint_dirichlet_0.3-submitted-random_weights-B4,model,bafkreiepbnecsf3kjdfytr2d6jeglm7yggsmwke7j675u6cba2m7qeukoy,0,2004,21.114374976605177,3,44.56887498963624,True
seed_10003-clients_5-joint_dirichlet_0.3-submitted-random_weights-B4,metrics,bafkreicano3uxzsnqntzmjk2qyihd2pjwwk75zoxcvz5bdvhia3ou4463y,0,223,19.58054199349135,3,47.424792021047324,True
seed_10003-clients_5-joint_dirichlet_0.3-submitted-random_weights-B4,metadata,bafkreigyolc5zsokwmqrbpwrvcoio25zec2c3bqyde2b2snchhwtmwllxi,0,91,1.8597079906612635,3,27.82170899445191,True
seed_10003-clients_5-joint_dirichlet_0.3-submitted-random_weights-B4,bound_manifest,bafkreiavvrif76mmyrsd47wry4p63lc4bf5ebflxw3lomxpii4vuuuuauu,0,340,17.189082980621606,3,45.410708989948034,True
seed_10003-clients_5-joint_dirichlet_0.3-submitted-random_weights-B4,proof,bafkreihgdqv4htrnio7sjupwtgbe6b575bknyii7jl64k4ymfxltn2e3h4,0,137,16.712000011466444,3,45.673999993596226,True
seed_10003-clients_5-joint_dirichlet_0.3-submitted-random_weights-B4,public,bafkreifw2ye25iyehrofek2s7tqz6yj6rsaybja7hebwcgszhdcjidicrm,0,319,22.491374984383583,3,46.58841696800664,True
seed_10003-clients_5-joint_dirichlet_0.3-submitted-random_weights-B4,submission_manifest,bafkreibu5ewokyrpq7dhi7z2h2h2gvv6h357tznliqxq46toitun5apuhe,0,545,24.289916967973113,3,57.956375007051975,True
seed_10003-clients_5-joint_dirichlet_0.3-submitted-random_weights-B4,model,bafkreidrtyo2texpmg2kstoxvbuxf7khwtnb7rcluiy4e2cdxffd4grk6y,1,2039,20.332542015239596,3,49.455582979135215,True
seed_10003-clients_5-joint_dirichlet_0.3-submitted-random_weights-B4,metrics,bafkreigfqyya7h3qol3jpwse4ki6iov3kwlisetz5o5zzlrd2vol5xmu3e,1,225,22.073915984947234,3,53.68695902870968,True
seed_10003-clients_5-joint_dirichlet_0.3-submitted-random_weights-B4,metadata,bafkreihgbgsjtubkawzouodi2llr5dnfl5faxc4hsaawg7pnmcq4lyfvqa,1,90,1.618292008060962,3,27.79270795872435,True
seed_10003-clients_5-joint_dirichlet_0.3-submitted-random_weights-B4,bound_manifest,bafkreieqf7ny7ra2y46yr5p7vm2mff3dqm3unntwntksaumvrcz6ibhuuq,1,340,17.455958004575223,3,49.69241702929139,True
seed_10003-clients_5-joint_dirichlet_0.3-submitted-random_weights-B4,proof,bafkreicj653ndgtublgobgk3t4qx44s5llcbkjago6p4morb3d26htrcti,1,759,26.085374993272126,3,46.55958397779614,True
seed_10003-clients_5-joint_dirichlet_0.3-submitted-random_weights-B4,public,bafkreidq6s54f7srvc55s5gtxlkp3rdv2igmiosgto2khplecpmbg4kpx4,1,322,25.223416974768043,3,70.82824996905401,True
seed_10003-clients_5-joint_dirichlet_0.3-submitted-random_weights-B4,submission_manifest,bafkreihjr5epvgvwqdixgcwzsbfl4w66l5ixmvnqkstmypnk7czqix5ggq,1,544,23.564125003758818,3,55.85224996320903,True
seed_10003-clients_5-joint_dirichlet_0.3-submitted-random_weights-B4,model,bafkreieq3wafrbdoibcg2da5a3pdt5jrcp665fzgvnytwzwvuip4niswuu,2,2039,19.25279200077057,3,44.04100001556799,True
seed_10003-clients_5-joint_dirichlet_0.3-submitted-random_weights-B4,metrics,bafkreicuvcsegsjam7nery7kctutykuwthjtnu2gmd7n2cbyi6ucca6epq,2,223,18.22187501238659,3,50.7178750121966,True
seed_10003-clients_5-joint_dirichlet_0.3-submitted-random_weights-B4,metadata,bafkreic6sidawwemurau4v7uupou473otzqs5bymlivacahs5i3lxhqgai,2,91,1.880750001873821,3,32.564833003561944,True
seed_10003-clients_5-joint_dirichlet_0.3-submitted-random_weights-B4,bound_manifest,bafkreie3fudormsur4xvumg672n3zuj26pok4f4ucb7vdsh5cvoekibn7u,2,340,21.460624993778765,3,54.86595898400992,True
seed_10003-clients_5-joint_dirichlet_0.3-submitted-random_weights-B4,proof,bafkreigjdpcsfkzuqrvwvfd74wetvqbnga4rdgumz65oqtdut3omt6u2de,2,137,17.610207956749946,3,46.81108397198841,True
seed_10003-clients_5-joint_dirichlet_0.3-submitted-random_weights-B4,public,bafkreiaqedktmoic3kibkxiiy4krrycbwtwzu5l76dfwyygpa3nb7rebou,2,320,26.54541697120294,3,44.00395799893886,True
seed_10003-clients_5-joint_dirichlet_0.3-submitted-random_weights-B4,submission_manifest,bafkreie3gmkmh3imppeu5xratfi5osuq3t4qbu4mwnrj7raw2hrhafyfuu,2,545,24.17041698936373,3,54.2363750282675,True
seed_10003-clients_5-joint_dirichlet_0.3-submitted-random_weights-B4,model,bafkreiadlletdej2mrn5wzfhyk5jrt67rnjgak7gdhvj3da5bib3kevfy4,3,2035,26.920082978904247,3,50.49516598228365,True
seed_10003-clients_5-joint_dirichlet_0.3-submitted-random_weights-B4,metrics,bafkreig57ea7uvlzefbb7qlmeyj36z3emy4bkxyyfmuxmugrbo5squq7jm,3,223,24.961707997135818,3,53.77558298641816,True
seed_10003-clients_5-joint_dirichlet_0.3-submitted-random_weights-B4,metadata,bafkreigbua7amcja2gnxnp34vhqw4l7hfluapwcjx66hd7xwix5xl6qfoi,3,91,1.2192919966764748,3,29.77983298478648,True
seed_10003-clients_5-joint_dirichlet_0.3-submitted-random_weights-B4,bound_manifest,bafkreibj7tbjcwq24hiwjenz2wgine37o2yjbtid3fp2hvitwr3wxg2nb4,3,340,18.005000019911677,3,43.31370798172429,True
seed_10003-clients_5-joint_dirichlet_0.3-submitted-random_weights-B4,proof,bafkreihocr4kfxopwwt6ifdvdowawbejg4qme3twa5oc4dwh3kuodzlui4,3,756,17.059709003660828,3,44.16779102757573,True
seed_10003-clients_5-joint_dirichlet_0.3-submitted-random_weights-B4,public,bafkreidqie4xrmx4ezxbhfux424zpafzp7ouynb7u7xxtya7wyivpvyfwq,3,321,28.273000032640994,3,56.9695410085842,True
seed_10003-clients_5-joint_dirichlet_0.3-submitted-random_weights-B4,submission_manifest,bafkreihihe4mqqd3y47vykgchtudqoccd4zgjduyeiw6z6erpgop2f2yfy,3,544,23.291708959732205,3,50.80458300653845,True
seed_10003-clients_5-joint_dirichlet_0.3-submitted-random_weights-B4,model,bafkreiehwydkgj5xukecsdiw6jq3ms7osplcrgdw46rnvopnqkqlyw5724,4,2044,25.40654200129211,3,50.30408297898248,True
seed_10003-clients_5-joint_dirichlet_0.3-submitted-random_weights-B4,metrics,bafkreif43h6xrdtky6g5wp5jmwqyqxf5ozvrgikgasexh4jaupigxq5rvi,4,218,21.312124968972057,3,53.713625005912036,True
seed_10003-clients_5-joint_dirichlet_0.3-submitted-random_weights-B4,metadata,bafkreibkizdqegjiczv24uxzk6c54f4dmfotsevmrgialljhywzh6mrhwu,4,91,2.36679200315848,3,28.91495800577104,True
seed_10003-clients_5-joint_dirichlet_0.3-submitted-random_weights-B4,bound_manifest,bafkreielplklarmfcgifbrxct5rwg3biivzkmcclh2ucqcerkwgw5rbwz4,4,340,16.279084025882185,3,59.5430419780314,True
seed_10003-clients_5-joint_dirichlet_0.3-submitted-random_weights-B4,proof,bafkreigyczofxwtugn3bainvnuyisqjwru7c6xqchfs24ubd5x74pwmdfe,4,202,17.99779199063778,3,40.6807090039365,True
seed_10003-clients_5-joint_dirichlet_0.3-submitted-random_weights-B4,public,bafkreideykzlowzh627yzuegtnbi6s54jmtnb6xu74gtsbmqaqyxh6z3ou,4,304,18.607374979183078,3,45.840707956813276,True
seed_10003-clients_5-joint_dirichlet_0.3-submitted-random_weights-B4,submission_manifest,bafkreihdfqxdsrykeqniricklv4zbx4atsiddjmy6rxriufkq7bgmqiiby,4,545,21.38854202348739,3,45.66908301785588,True
seed_10003-clients_5-joint_dirichlet_0.3-submitted-random_weights-B4,global_model,bafkreieylhrwx7phxgbhgc5wmglxj6rfczk7njyil7p265wgym32qmodqm,global,2045,19.535375002305955,3,40.899333951529115,True
seed_10003-clients_5-joint_dirichlet_0.3-submitted-random_weights-B4,report,bafkreidqy3zbycgktlmqx42v4qxjvdyqvqlsz6hzml3qqqoy4lp7qloi7m,global,1828,16.60087500931695,3,41.14749998552725,True
seed_10003-clients_5-joint_dirichlet_0.3-submitted-random_weights-B7,model,bafkreieaoqdr535s5pyhdafjivcsib73hlqqcr67zrwhtnl654kuig5yry,0,2001,2.4177919840440154,1,28.88175001135096,True
seed_10003-clients_5-joint_dirichlet_0.3-submitted-random_weights-B7,metrics,bafkreieh43x6hcfkgzikocczll3bn2yuqqcm3ja5rgjtlssrhz3d6fhaae,0,211,0.916041957680136,1,34.98933301307261,True
seed_10003-clients_5-joint_dirichlet_0.3-submitted-random_weights-B7,metadata,bafkreiei2qylpjyvsu3jsbzgy7eaxgp6lgnchehsaxhnpqb3na5qvypfau,0,91,0.7916669710539281,1,32.04604098573327,True
seed_10003-clients_5-joint_dirichlet_0.3-submitted-random_weights-B7,bound_manifest,bafkreif2mnmomvu65vd3cy4fjjhi7nena5k6okkbvdrlftgdewx2ho4jyy,0,340,1.017166010569781,1,31.136999954469502,True
seed_10003-clients_5-joint_dirichlet_0.3-submitted-random_weights-B7,proof,bafkreifnafyiet46g6bxns4m6vlybhngg553b326rxsnzrbdp75aw6mioy,0,757,20.09854099014774,1,41.64579196367413,True
seed_10003-clients_5-joint_dirichlet_0.3-submitted-random_weights-B7,public,bafkreihc3l4tdj36qabhzg7pt5bqcih3csog2aq5jkqqvn7pmxxl5kak4y,0,309,0.9323750273324549,1,33.51279202615842,True
seed_10003-clients_5-joint_dirichlet_0.3-submitted-random_weights-B7,submission_manifest,bafkreihlprfcyfzoozu27jjhc7ozcqdjl3c5wpfhqlj2bafur55s3xlgau,0,544,16.185040993150324,1,42.743333033286035,True
seed_10003-clients_5-joint_dirichlet_0.3-submitted-random_weights-B7,model,bafkreie6l7ktec5na7i36tcomfvdex67u3gwkxgn43ahyfwnan3x6r3o7y,1,1587,0.9916669805534184,1,27.643500012345612,True
seed_10003-clients_5-joint_dirichlet_0.3-submitted-random_weights-B7,metrics,bafkreigtsxnjgfff2gjghg7s7putonopzwtjzzpqi6g7kyognxe7cwgmlu,1,220,0.6837919936515391,1,28.214208025019616,True
seed_10003-clients_5-joint_dirichlet_0.3-submitted-random_weights-B7,metadata,bafkreiah6em6nxtnh622p53zhr7p2jxuudjbmvnx57xbw6ibki73k7yogy,1,90,1.451792020816356,1,30.256624973844737,True
seed_10003-clients_5-joint_dirichlet_0.3-submitted-random_weights-B7,bound_manifest,bafkreiammawcskdazka5uebxbfo76z6fmtbif3jrpkqskenje64fyp5rlm,1,340,3.9291659486480057,1,38.361124985385686,True
seed_10003-clients_5-joint_dirichlet_0.3-submitted-random_weights-B7,proof,bafkreidigujx6gwyxbwiy6e2qfdqptheu6znltwss252a7t65trikm4zuq,1,756,24.235332966782153,1,42.41370904492214,True
seed_10003-clients_5-joint_dirichlet_0.3-submitted-random_weights-B7,public,bafkreihgntz4vmf4vsajt7iscwovj6b7q2lsegpbdgpauf6iqrq2tiqtou,1,316,0.8904169662855566,1,31.969917006790638,True
seed_10003-clients_5-joint_dirichlet_0.3-submitted-random_weights-B7,submission_manifest,bafkreidk3x7kdhtdnrejjwuqw45zynltfkuruzkiolgyaouhzblpejtvsu,1,544,23.074000026099384,1,47.08487499738112,True
seed_10003-clients_5-joint_dirichlet_0.3-submitted-random_weights-B7,model,bafkreic6fzt3zlpd3ryaz7fsiydvxwqwwvnt5qxsjo7c4r46y3rjq4qcki,2,2295,1.2475419789552689,1,40.77470803167671,True
seed_10003-clients_5-joint_dirichlet_0.3-submitted-random_weights-B7,metrics,bafkreia3n5f56u2ga6xc2dqt5xlyh2fr6ww72manfyg7dix6v2p3wibpzm,2,210,4.274957987945527,1,34.31025001918897,True
seed_10003-clients_5-joint_dirichlet_0.3-submitted-random_weights-B7,metadata,bafkreieixghh7ixqv5uzgc736zuey765jwgwrzqzuo5h5webhycgyqyxqa,2,91,4.744249978102744,1,38.278791995253414,True
seed_10003-clients_5-joint_dirichlet_0.3-submitted-random_weights-B7,bound_manifest,bafkreicx25o7luwmlgoss3d3btbzcaduf2u34xqalnybf47kgfxbfj5y2i,2,340,4.027125018183142,1,36.827833973802626,True
seed_10003-clients_5-joint_dirichlet_0.3-submitted-random_weights-B7,proof,bafkreidn7f7dvl3zz65ogx6wn5qn3c657ctcjizlgt3nn3rrps25abi4hu,2,756,20.149125019088387,1,44.89008302334696,True
seed_10003-clients_5-joint_dirichlet_0.3-submitted-random_weights-B7,public,bafkreiendh3vfd6scgwtmwy6buwv4lflwoc22bssgxntqxanqnz7pld4cu,2,308,0.8516660309396684,1,27.922791021410376,True
seed_10003-clients_5-joint_dirichlet_0.3-submitted-random_weights-B7,submission_manifest,bafkreiecjwrnrw5hjfinjxqkrlnmdmvowahqkju6jmnws54midpffoy77i,2,544,26.67945803841576,1,53.54070896282792,True
seed_10003-clients_5-joint_dirichlet_0.3-submitted-random_weights-B7,model,bafkreiettt3czz3qyivhqpcqe3333blywbdjfmyze5dopynk36yyj6usem,3,2217,4.39766701310873,1,34.95837503578514,True
seed_10003-clients_5-joint_dirichlet_0.3-submitted-random_weights-B7,metrics,bafkreihz3rxxp7pra42b5xhebzjzjtjn3kr372nseg3pe7urtoqy3cfshi,3,222,4.28287498652935,1,35.710625001229346,True
seed_10003-clients_5-joint_dirichlet_0.3-submitted-random_weights-B7,metadata,bafkreidhgowycyvb4uoikp54jv7mdgywabnbvhfcr2jxk6dmr76ufnmthu,3,91,2.800165966618806,1,31.700207968242466,True
seed_10003-clients_5-joint_dirichlet_0.3-submitted-random_weights-B7,bound_manifest,bafkreiek77674b37225dpbpjfeafrfaxrccwilcw2n6zi6d46bol7xzqjm,3,340,2.5193329784087837,1,38.383416016586125,True
seed_10003-clients_5-joint_dirichlet_0.3-submitted-random_weights-B7,proof,bafkreigxyb2ddx2rnetwubxtwytm3prtsa7bgwhq5a2azw5kzj5cutujca,3,759,18.16600002348423,1,128.5723329638131,True
seed_10003-clients_5-joint_dirichlet_0.3-submitted-random_weights-B7,public,bafkreih6svyhoatzisz3dtqx6lozwrwhsrwct6bgvkka7t55m7uxsy5x6a,3,319,1.3103330275043845,1,34.95545900659636,True
seed_10003-clients_5-joint_dirichlet_0.3-submitted-random_weights-B7,submission_manifest,bafkreieas4uaqkdkb352w3dzj7sjf77dckbmfbho665fwv2tvqhddfnu7a,3,544,22.065417026169598,1,63.59041697578505,True
seed_10003-clients_5-joint_dirichlet_0.3-submitted-random_weights-B7,model,bafkreieqiwsxugpqm5s4mlstox4oi6g2z7iinwbkrd7nfyshseg2qiae7a,4,2248,2.9598749824799597,1,46.07658297754824,True
seed_10003-clients_5-joint_dirichlet_0.3-submitted-random_weights-B7,metrics,bafkreifef563ujfj4onohv6n5d2s4dyciwbdx34cdsnamjraarvjjhddhy,4,218,1.814541989006102,1,39.72162498394027,True
seed_10003-clients_5-joint_dirichlet_0.3-submitted-random_weights-B7,metadata,bafkreigofpubpzfip5zlg2qtuy4eexfkol4tmabepczxtep2ebbhz6nyki,4,91,4.4322090107016265,1,34.38583400566131,True
seed_10003-clients_5-joint_dirichlet_0.3-submitted-random_weights-B7,bound_manifest,bafkreid32o4czo4sm7axtabaxmtkd4hb2xezoggukeuzb6v43lr3ptefwa,4,340,2.417750016320497,1,32.73179102689028,True
seed_10003-clients_5-joint_dirichlet_0.3-submitted-random_weights-B7,proof,bafkreig5fbdddj3lt3d2sanch45rf6nxvlgvl4d5mzu53eurdzefgwp3km,4,154,4.054499964695424,1,34.895542019512504,True
seed_10003-clients_5-joint_dirichlet_0.3-submitted-random_weights-B7,public,bafkreibeiazjhnevhvymutwqcv6fdcp2xufucmjyffbvqudefbw2p5srzq,4,303,4.3753329664468765,1,35.4096659575589,True
seed_10003-clients_5-joint_dirichlet_0.3-submitted-random_weights-B7,submission_manifest,bafkreie5ncmcuexqu2mdthyrumaqkyazbjm6z3kka6ppoeuqs4lqioqfhe,4,545,1.000499993097037,1,37.09199995500967,True
seed_10003-clients_5-joint_dirichlet_0.3-submitted-random_weights-B7,global_model,bafkreigf7ab3kvxohltwk52yq7q5zqlzbbzyzylmfywy72gfejuhkhbv3u,global,2268,25.068083021324128,1,52.851042011752725,True
seed_10003-clients_5-joint_dirichlet_0.3-submitted-random_weights-B7,report,bafkreifnmlf4l6aes6e55q5sco5ajatjk5egrzyhffyeeyrlhk4vd3jgiu,global,1834,22.04366697696969,1,48.94133302150294,True
seed_10003-clients_5-joint_dirichlet_0.3-submitted-random_weights-B7,model,bafkreibmowmafavxvzlqsy3odiaxobzlfzydpufisrp5cu65iz2lo3b7bq,0,1997,0.7962080417200923,2,25.499291950836778,True
seed_10003-clients_5-joint_dirichlet_0.3-submitted-random_weights-B7,metrics,bafkreihqbyibsd67id2x2545cg444h6n36xrzrbqb24zrtucpaitfuflei,0,223,22.263000020757318,2,44.139583013020456,True
seed_10003-clients_5-joint_dirichlet_0.3-submitted-random_weights-B7,metadata,bafkreibuccmcc37uriiggjsk6gorkaeynfletpryh2mkmlxqqqw52sb6wu,0,91,0.9889579960145056,2,35.06870899582282,True
seed_10003-clients_5-joint_dirichlet_0.3-submitted-random_weights-B7,bound_manifest,bafkreiad7j7x7j3fkk7nhhxfryikgpm4x2fnrpqmg3jf2dgzp4hdybgnhm,0,340,20.816333999391645,2,63.01487499149516,True
seed_10003-clients_5-joint_dirichlet_0.3-submitted-random_weights-B7,proof,bafkreihm5kjb7ondie2comlteryt5s6c2ahtadzcvobjbufuzzuxy4z76y,0,758,16.0007500089705,2,41.748124989680946,True
seed_10003-clients_5-joint_dirichlet_0.3-submitted-random_weights-B7,public,bafkreibxh4ycn44tq33lxlrvrefjlibmveudv6bekuwealsdcgjkznlxze,0,320,19.984040991403162,2,45.108458027243614,True
seed_10003-clients_5-joint_dirichlet_0.3-submitted-random_weights-B7,submission_manifest,bafkreihprk2kuceleyvzj3gpylepqhtisfkjwvaz2upqbjfdjdbjsuhsei,0,544,20.080249989405274,2,49.92416698951274,True
seed_10003-clients_5-joint_dirichlet_0.3-submitted-random_weights-B7,model,bafkreihpw2f45hyxeh6nccwa42qiekxcyydzoz3ubo4pt5wf3wlvqk6jfe,1,2237,24.64520902140066,2,50.824792007915676,True
seed_10003-clients_5-joint_dirichlet_0.3-submitted-random_weights-B7,metrics,bafkreidmd362nofvxrivhyxq7v3fcqd3bylfbjhruocobxtarqqgiqjoxu,1,220,25.573916034772992,2,55.06220902316272,True
seed_10003-clients_5-joint_dirichlet_0.3-submitted-random_weights-B7,metadata,bafkreicstoivr3h6z27mbgtpguzj63v3swu4kk6krzgmumivruqpu2f3eu,1,90,2.0324999932199717,2,39.59024994401261,True
seed_10003-clients_5-joint_dirichlet_0.3-submitted-random_weights-B7,bound_manifest,bafkreihoa5v6bn3xiuookqftd7gz3vq3ssyhndfvrcp2tbplsjq6u77x4m,1,340,18.159332976210862,2,60.94625004334375,True
seed_10003-clients_5-joint_dirichlet_0.3-submitted-random_weights-B7,proof,bafkreigks6oyfab2cweinrx6fbd3h265kg55tnpcp3jvv7u6f5mbgr4jfa,1,760,19.93691601091996,2,40.639374987222254,True
seed_10003-clients_5-joint_dirichlet_0.3-submitted-random_weights-B7,public,bafkreicsquztkzz6lvyy4kvnabjvm54n2n332bvwwbp4v7hz756f3txtvm,1,317,17.946666048374027,2,43.12641703290865,True
seed_10003-clients_5-joint_dirichlet_0.3-submitted-random_weights-B7,submission_manifest,bafkreih54wxp5ozn3bmzgifcbdnw2gydkywyk33s6o2d2m553uhk2igs2m,1,544,19.085042004007846,2,47.02533403178677,True
seed_10003-clients_5-joint_dirichlet_0.3-submitted-random_weights-B7,model,bafkreibsfmpsjmxcen3ofjtq2w6bodya2zjnuzthmbao6p2ilg3ah4lxxi,2,2291,21.413207985460758,2,52.12154204491526,True
seed_10003-clients_5-joint_dirichlet_0.3-submitted-random_weights-B7,metrics,bafkreiegw4pkzfarptoivfgaafykicdyd35wnijqa73sqr3td2lbyvuyzu,2,216,21.387249988038093,2,65.17962500220165,True
seed_10003-clients_5-joint_dirichlet_0.3-submitted-random_weights-B7,metadata,bafkreifcb3vxoxyzbipcyau7fq2korko5g4lw7h746rhxfcakfuq6uhwbm,2,91,2.2475000005215406,2,36.405624996405095,True
seed_10003-clients_5-joint_dirichlet_0.3-submitted-random_weights-B7,bound_manifest,bafkreiaml7yawy6glbhnwccr4gpheh7b46mngva63gvryk7d55wkxkg5qi,2,340,24.099999980535358,2,59.92587498622015,True
seed_10003-clients_5-joint_dirichlet_0.3-submitted-random_weights-B7,proof,bafkreifkao7qakayx5xolmbkm7ra4d46xwvo5yb2acqz76foc6cxpsmsqi,2,758,15.97641600528732,2,49.12508401321247,True
seed_10003-clients_5-joint_dirichlet_0.3-submitted-random_weights-B7,public,bafkreid2vv3pumpocd43qxkydajofyscs3cqq2xymrx7gv3jqvlj6l45ka,2,313,17.108500003814697,2,46.013500017579645,True
seed_10003-clients_5-joint_dirichlet_0.3-submitted-random_weights-B7,submission_manifest,bafkreig3sq7vn3fk57yxsldntshq5ovah7wjyr64eoa4d4szboecm76vam,2,544,18.120415974408388,2,42.8855000063777,True
seed_10003-clients_5-joint_dirichlet_0.3-submitted-random_weights-B7,model,bafkreihbyvdi3txia6azg6i3mwafbgkjavr4as27p6gou2uisygnnhwspa,3,2236,23.392958974000067,2,49.733583990018815,True
seed_10003-clients_5-joint_dirichlet_0.3-submitted-random_weights-B7,metrics,bafkreier2rvqhcuw57laxe2755rpab5nqbaqis3hwsukxd7vtapehe6upi,3,224,26.31479100091383,2,56.007000035606325,True
seed_10003-clients_5-joint_dirichlet_0.3-submitted-random_weights-B7,metadata,bafkreifbqxqgrpbb2qwaqfz5p2dzkbma2s4u2tbpyec77dgllvcbpkgsyu,3,91,2.040583989582956,2,33.9320829953067,True
seed_10003-clients_5-joint_dirichlet_0.3-submitted-random_weights-B7,bound_manifest,bafkreibrmceitfihbuxvn33tlb2hnv5umjknhc2r27spg4ypwathwj74zq,3,340,21.195917041040957,2,44.60854205535725,True
seed_10003-clients_5-joint_dirichlet_0.3-submitted-random_weights-B7,proof,bafkreibktn4bb7qvgnyipmc2ise4mtm2uzucmoj2qve3vweknvvldy5u4a,3,755,22.13937498163432,2,41.55679204268381,True
seed_10003-clients_5-joint_dirichlet_0.3-submitted-random_weights-B7,public,bafkreig3x3kidzgqy3mb5jbqts6o34caxm6f3mkh65wm3cujszd6zcfhda,3,318,17.964500002563,2,42.83087502699345,True
seed_10003-clients_5-joint_dirichlet_0.3-submitted-random_weights-B7,submission_manifest,bafkreibe3jmade5njyzijq6u7rxmme66dk4szylcabzgohx2oh3srurb6y,3,544,16.023874981328845,2,40.746458049397916,True
seed_10003-clients_5-joint_dirichlet_0.3-submitted-random_weights-B7,model,bafkreiai2hkscrlpbdwwn33rzttedbl3kkqlter6adzaoeor5bi4tvypi4,4,2285,16.114333004225045,2,39.64587498921901,True
seed_10003-clients_5-joint_dirichlet_0.3-submitted-random_weights-B7,metrics,bafkreibwh4o3vb2rukbup74wtzkekz4ufwye56vr3yspgcaxjm6j5rtele,4,218,16.104124952107668,2,39.787207962945104,True
seed_10003-clients_5-joint_dirichlet_0.3-submitted-random_weights-B7,metadata,bafkreihyduhawwgzbljrufv7g6wjyyx5pldglsh6ztyrz6m5lmkwaqmzyq,4,91,0.7340000011026859,2,31.99658397352323,True
seed_10003-clients_5-joint_dirichlet_0.3-submitted-random_weights-B7,bound_manifest,bafkreigmura2duriqzcfgvdnj3g2vjinles5ncf7iji433ldxuluxdts6q,4,340,17.215459025464952,2,42.982166982255876,True
seed_10003-clients_5-joint_dirichlet_0.3-submitted-random_weights-B7,proof,bafkreid4qieeifexl2q6r6uxsykoenrlm332ff7zkmutosl635zticxcoa,4,154,2.7423750143498182,2,33.76287501305342,True
seed_10003-clients_5-joint_dirichlet_0.3-submitted-random_weights-B7,public,bafkreieqdqw2m3gsu3xeuz5ecoln6kvwjhdkyrulmd4aqfoltj7d5y55jq,4,302,22.31241698609665,2,48.869125021155924,True
seed_10003-clients_5-joint_dirichlet_0.3-submitted-random_weights-B7,submission_manifest,bafkreihtjz7at7zogfm5our3y2ashgj4appgxooqnyeob5em2fophr2dju,4,545,23.22016702964902,2,54.9847079673782,True
seed_10003-clients_5-joint_dirichlet_0.3-submitted-random_weights-B7,global_model,bafkreiebuqhpfnv3p4qnx2di4xsh77tdnnk5amdabht6b3rnvpqa7yie6u,global,2279,18.57737498357892,2,46.95954197086394,True
seed_10003-clients_5-joint_dirichlet_0.3-submitted-random_weights-B7,report,bafkreiht3fafg6xscn4o7yg7ugqjouasyttqn3f6oucy5slwubqvkszhpm,global,1834,23.828750010579824,2,43.73450001003221,True
seed_10003-clients_5-joint_dirichlet_0.3-submitted-random_weights-B7,model,bafkreiepbnecsf3kjdfytr2d6jeglm7yggsmwke7j675u6cba2m7qeukoy,0,2004,1.3792910031042993,3,38.03095803596079,True
seed_10003-clients_5-joint_dirichlet_0.3-submitted-random_weights-B7,metrics,bafkreihq3hdjfikg4sbt4g4oyqtptv4rj74o3hzlzunoffduyhhfv7cvqm,0,224,26.006333995610476,3,72.45604100171477,True
seed_10003-clients_5-joint_dirichlet_0.3-submitted-random_weights-B7,metadata,bafkreigyolc5zsokwmqrbpwrvcoio25zec2c3bqyde2b2snchhwtmwllxi,0,91,2.7037920081056654,3,47.01941699022427,True
seed_10003-clients_5-joint_dirichlet_0.3-submitted-random_weights-B7,bound_manifest,bafkreieawf6vhbhomw7qyzccli2qicnl4xp4xdhi5rw3duvylwdo22hjg4,0,340,26.016707997769117,3,46.64575000060722,True
seed_10003-clients_5-joint_dirichlet_0.3-submitted-random_weights-B7,proof,bafkreihgcddjuedlcgr6xgnjhf35u5e7l6ujhy5ahdc7fwm3zi3zjioize,0,760,20.065999997314066,3,41.67895799037069,True
seed_10003-clients_5-joint_dirichlet_0.3-submitted-random_weights-B7,public,bafkreih3vnecbdh4mkmqqqzmhxjfhv6xvuhn5clup3qw3djlkavn53mwba,0,322,23.127458000089973,3,49.98116701608524,True
seed_10003-clients_5-joint_dirichlet_0.3-submitted-random_weights-B7,submission_manifest,bafkreig3bffomjcbvlfqa7u2i3sjh2ai5f46kjdt4u6skilkna5tg6egoa,0,544,23.108040972147137,3,48.90420800074935,True
seed_10003-clients_5-joint_dirichlet_0.3-submitted-random_weights-B7,model,bafkreicoiim3qlvi4vglq62esar6ke4hzifjflnk542kimi7gywqykhc4a,1,2249,18.723040993791074,3,55.01800001366064,True
seed_10003-clients_5-joint_dirichlet_0.3-submitted-random_weights-B7,metrics,bafkreiar2uyiuvyfzw7hajoorto3iexvxjpsjv3lwhitcp4d5qprtk56ha,1,220,25.738165946677327,3,56.895250047091395,True
seed_10003-clients_5-joint_dirichlet_0.3-submitted-random_weights-B7,metadata,bafkreihgbgsjtubkawzouodi2llr5dnfl5faxc4hsaawg7pnmcq4lyfvqa,1,90,1.5689999563619494,3,31.619207991752774,True
seed_10003-clients_5-joint_dirichlet_0.3-submitted-random_weights-B7,bound_manifest,bafkreih567dg7oagf2hjlndogt4wzcjv64vpp3mg4unipajv5atrf665gu,1,340,23.1931249727495,3,44.08170800888911,True
seed_10003-clients_5-joint_dirichlet_0.3-submitted-random_weights-B7,proof,bafkreiappt3uuigzfoy7fluv7oqwq57r5m7szh3xki52thacy56jtfewhq,1,757,20.080082991626114,3,46.273167012259364,True
seed_10003-clients_5-joint_dirichlet_0.3-submitted-random_weights-B7,public,bafkreihgsb5kebppzwc6uagd6egjcr24ldgko5k6s3zbavakbruba34c2q,1,316,22.184957982972264,3,47.94541600858793,True
seed_10003-clients_5-joint_dirichlet_0.3-submitted-random_weights-B7,submission_manifest,bafkreicp5caijlljntlhntnadc4ts7stln2p57cae2f35yzewjqqscrffm,1,544,27.15216699289158,3,59.936874953564256,True
seed_10003-clients_5-joint_dirichlet_0.3-submitted-random_weights-B7,model,bafkreig4ohcekqralds3fi2yvb4cw5rb6jyrevixcwl4khqsypxzws667u,2,2274,22.01795799192041,3,53.76154201803729,True
seed_10003-clients_5-joint_dirichlet_0.3-submitted-random_weights-B7,metrics,bafkreigqeayf5ls3wz22ning6iqsmjsao4scvr5lohok2pl33wgd4vltuu,2,226,19.196166947949678,3,57.70833301357925,True
seed_10003-clients_5-joint_dirichlet_0.3-submitted-random_weights-B7,metadata,bafkreic6sidawwemurau4v7uupou473otzqs5bymlivacahs5i3lxhqgai,2,91,4.150416993070394,3,31.621874950360507,True
seed_10003-clients_5-joint_dirichlet_0.3-submitted-random_weights-B7,bound_manifest,bafkreifebtwcjocmtfk2rd7olhtwnqdkaazytzawmadb36mtkusujr7tvi,2,340,22.186584013979882,3,48.87254204368219,True
seed_10003-clients_5-joint_dirichlet_0.3-submitted-random_weights-B7,proof,bafkreifdhfumfzczlle2ohub6qqbhw5ospobg24hqe2dfhqdxlxvhvtyaq,2,758,20.019125018734485,3,45.86266598198563,True
seed_10003-clients_5-joint_dirichlet_0.3-submitted-random_weights-B7,public,bafkreia6gqixtkqopdtkpdfes52gyzwo5jo52v43n63uji7uqgbvqb6nzm,2,322,16.981165972538292,3,42.010042001493275,True
seed_10003-clients_5-joint_dirichlet_0.3-submitted-random_weights-B7,submission_manifest,bafkreiei6qneqvnzjo654cqg3nwl4fahlknjoidpulnw444r425wzmq3w4,2,544,18.08599999640137,3,40.044624998699874,True
seed_10003-clients_5-joint_dirichlet_0.3-submitted-random_weights-B7,model,bafkreibwwxk3m4g7i3esziymwv3dxqkrz3x3xq4phxulxfne5mumobap3m,3,2257,17.117499955929816,3,44.74804102210328,True
seed_10003-clients_5-joint_dirichlet_0.3-submitted-random_weights-B7,metrics,bafkreighqhsj267i4oyrph3d3fvw2jif7envdzdhyx4rospmc5yhlyypai,3,224,18.761833023745567,3,45.55766697740182,True
seed_10003-clients_5-joint_dirichlet_0.3-submitted-random_weights-B7,metadata,bafkreigbua7amcja2gnxnp34vhqw4l7hfluapwcjx66hd7xwix5xl6qfoi,3,91,3.496292047202587,3,33.730417024344206,True
seed_10003-clients_5-joint_dirichlet_0.3-submitted-random_weights-B7,bound_manifest,bafkreigv7vkkh4e7phg3sspb6ruyghlfp5u6ryx766jwa35zsm5zhjmwrm,3,340,18.401000008452684,3,44.7152080014348,True
seed_10003-clients_5-joint_dirichlet_0.3-submitted-random_weights-B7,proof,bafkreieyhjzutxtr44cluqslowkusx6t66cyqhordd5qd6fhjheejc7tji,3,760,20.25608398253098,3,44.20637502335012,True
seed_10003-clients_5-joint_dirichlet_0.3-submitted-random_weights-B7,public,bafkreigggtobh7wgmxm4l6jrptc3oi24gbytmiuhpnl4ab7exjllfocgqu,3,320,22.972750011831522,3,51.02204199647531,True
seed_10003-clients_5-joint_dirichlet_0.3-submitted-random_weights-B7,submission_manifest,bafkreigbojkwvqbkxn33hebaz3du4vlrtpsqmabfoh5fiqv3e4mtzkgdoi,3,544,20.081833994481713,3,44.974958000238985,True
seed_10003-clients_5-joint_dirichlet_0.3-submitted-random_weights-B7,model,bafkreidesckulcbfycnkc3a2jbemd7xheh5poanwg3rdyjcsp4m673t4lu,4,2271,19.66099999845028,3,45.678333030082285,True
seed_10003-clients_5-joint_dirichlet_0.3-submitted-random_weights-B7,metrics,bafkreihmt5zl2anvmm3mwjggbjfxdibzwjaifx6ftruf4amfgvclsugxiy,4,218,17.594332981389016,3,49.024583015125245,True
seed_10003-clients_5-joint_dirichlet_0.3-submitted-random_weights-B7,metadata,bafkreibkizdqegjiczv24uxzk6c54f4dmfotsevmrgialljhywzh6mrhwu,4,91,3.4172500018030405,3,31.997541955206543,True
seed_10003-clients_5-joint_dirichlet_0.3-submitted-random_weights-B7,bound_manifest,bafkreiacqzxrnjrz5g7kzpk7wggt5u23d43fuaxbydjfu3wzvddvoqwbki,4,340,17.23191700875759,3,42.860291025135666,True
seed_10003-clients_5-joint_dirichlet_0.3-submitted-random_weights-B7,proof,bafkreicb5ufe4oux4tdmvsjkgjgyypodfa7jo64fktmropo4inw56mdnsm,4,154,1.7441660165786743,3,30.512124998494983,True
seed_10003-clients_5-joint_dirichlet_0.3-submitted-random_weights-B7,public,bafkreig72jtkupfy4r263b6p3x37wl4nzydcllnpx6mb37vrzrdcluynji,4,303,17.920500016771257,3,44.50070799794048,True
seed_10003-clients_5-joint_dirichlet_0.3-submitted-random_weights-B7,submission_manifest,bafkreievkfdtyvsi2lkfqv4smay5qrs5mx4shkuf54goain7j2ytlbgzja,4,545,26.242499996442348,3,59.12754201563075,True
seed_10003-clients_5-joint_dirichlet_0.3-submitted-random_weights-B7,global_model,bafkreibritbwujwh7eq4uwikobhgqyxy2u4uc2povms7d3tpinceesobqa,global,2254,20.26654197834432,3,42.01858298620209,True
seed_10003-clients_5-joint_dirichlet_0.3-submitted-random_weights-B7,report,bafkreidizkm6gix42lvnvsgdupfy3ct2rsy5xmjdapnefk4tc7rjhsftuu,global,1833,22.2419579513371,3,48.92766696866602,True
seed_10003-clients_5-joint_dirichlet_0.3-submitted-sign_flip-B4,model,bafkreidtarrerbtaduncqyvij2rd5xrfs46nssmmb2kn5ucfhn7nh4ui3i,0,2210,22.11600000737235,1,47.67129197716713,True
seed_10003-clients_5-joint_dirichlet_0.3-submitted-sign_flip-B4,metrics,bafkreieh43x6hcfkgzikocczll3bn2yuqqcm3ja5rgjtlssrhz3d6fhaae,0,211,0.8032079786062241,1,34.03558302670717,True
seed_10003-clients_5-joint_dirichlet_0.3-submitted-sign_flip-B4,metadata,bafkreiei2qylpjyvsu3jsbzgy7eaxgp6lgnchehsaxhnpqb3na5qvypfau,0,91,1.0750420042313635,1,30.868541973177344,True
seed_10003-clients_5-joint_dirichlet_0.3-submitted-sign_flip-B4,bound_manifest,bafkreidjrao4nmizosejltyx3hftbi6dthvk4dn67dkktk6wnnwieqodvq,0,340,24.59095901576802,1,72.18050002120435,True
seed_10003-clients_5-joint_dirichlet_0.3-submitted-sign_flip-B4,proof,bafkreihttjo53yhov6ndici6xtdn6gyedfgox7tzyr5pkoot627u7khxny,0,758,19.189916958566755,1,44.85133301932365,True
seed_10003-clients_5-joint_dirichlet_0.3-submitted-sign_flip-B4,public,bafkreickjkf3k7mwcldbjwiyea6ubx44urtdgblgt5iecu3ab7w3vauusq,0,308,26.086750032845885,1,48.04404196329415,True
seed_10003-clients_5-joint_dirichlet_0.3-submitted-sign_flip-B4,submission_manifest,bafkreifconzoupcbvvjcd3v72cklstvqbdf3zuxqauenywpnep4yprt2z4,0,544,24.61712498916313,1,54.92924997815862,True
seed_10003-clients_5-joint_dirichlet_0.3-submitted-sign_flip-B4,model,bafkreie6l7ktec5na7i36tcomfvdex67u3gwkxgn43ahyfwnan3x6r3o7y,1,1587,1.9293329678475857,1,32.17237495118752,True
seed_10003-clients_5-joint_dirichlet_0.3-submitted-sign_flip-B4,metrics,bafkreigtsxnjgfff2gjghg7s7putonopzwtjzzpqi6g7kyognxe7cwgmlu,1,220,3.8003749796189368,1,32.61104103876278,True
seed_10003-clients_5-joint_dirichlet_0.3-submitted-sign_flip-B4,metadata,bafkreiah6em6nxtnh622p53zhr7p2jxuudjbmvnx57xbw6ibki73k7yogy,1,90,2.7953339740633965,1,32.582333020400256,True
seed_10003-clients_5-joint_dirichlet_0.3-submitted-sign_flip-B4,bound_manifest,bafkreiammawcskdazka5uebxbfo76z6fmtbif3jrpkqskenje64fyp5rlm,1,340,1.8367089796811342,1,31.922791968099773,True
seed_10003-clients_5-joint_dirichlet_0.3-submitted-sign_flip-B4,proof,bafkreifee56d4go7ak2sdiw6j5aejxtke6zbv6rj4fpa76e6rp42qcjmje,1,758,18.121792003512383,1,50.35170796327293,True
seed_10003-clients_5-joint_dirichlet_0.3-submitted-sign_flip-B4,public,bafkreihgntz4vmf4vsajt7iscwovj6b7q2lsegpbdgpauf6iqrq2tiqtou,1,316,0.965291983447969,1,34.92716699838638,True
seed_10003-clients_5-joint_dirichlet_0.3-submitted-sign_flip-B4,submission_manifest,bafkreieysgrqtklxc7nqof52l6t7twpkihs4jafmob767hgpvdeitkt6wi,1,544,22.181499982252717,1,50.90754199773073,True
seed_10003-clients_5-joint_dirichlet_0.3-submitted-sign_flip-B4,model,bafkreic6fzt3zlpd3ryaz7fsiydvxwqwwvnt5qxsjo7c4r46y3rjq4qcki,2,2295,0.8084999863058329,1,33.724125009030104,True
seed_10003-clients_5-joint_dirichlet_0.3-submitted-sign_flip-B4,metrics,bafkreia3n5f56u2ga6xc2dqt5xlyh2fr6ww72manfyg7dix6v2p3wibpzm,2,210,0.622916966676712,1,31.88475000206381,True
seed_10003-clients_5-joint_dirichlet_0.3-submitted-sign_flip-B4,metadata,bafkreieixghh7ixqv5uzgc736zuey765jwgwrzqzuo5h5webhycgyqyxqa,2,91,0.8227919461205602,1,28.86008401401341,True
seed_10003-clients_5-joint_dirichlet_0.3-submitted-sign_flip-B4,bound_manifest,bafkreicx25o7luwmlgoss3d3btbzcaduf2u34xqalnybf47kgfxbfj5y2i,2,340,1.103999966289848,1,33.8041249779053,True
seed_10003-clients_5-joint_dirichlet_0.3-submitted-sign_flip-B4,proof,bafkreict4jnriupypbtjbbp2qwtpwlnait2c4yqfd3rzatyjhv5e57wysu,2,758,16.061500005889684,1,42.55170904798433,True
seed_10003-clients_5-joint_dirichlet_0.3-submitted-sign_flip-B4,public,bafkreiendh3vfd6scgwtmwy6buwv4lflwoc22bssgxntqxanqnz7pld4cu,2,308,1.035875000525266,1,31.99879202293232,True
seed_10003-clients_5-joint_dirichlet_0.3-submitted-sign_flip-B4,submission_manifest,bafkreif3zoszznhpn2yu7cdfzgspmundvh3ntv6nrnnkftlsclbk7vrgpi,2,544,26.208957948256284,1,68.0383329745382,True
seed_10003-clients_5-joint_dirichlet_0.3-submitted-sign_flip-B4,model,bafkreiettt3czz3qyivhqpcqe3333blywbdjfmyze5dopynk36yyj6usem,3,2217,1.4765829546377063,1,44.668791990261525,True
seed_10003-clients_5-joint_dirichlet_0.3-submitted-sign_flip-B4,metrics,bafkreihz3rxxp7pra42b5xhebzjzjtjn3kr372nseg3pe7urtoqy3cfshi,3,222,1.272000023163855,1,43.821792001836,True
seed_10003-clients_5-joint_dirichlet_0.3-submitted-sign_flip-B4,metadata,bafkreidhgowycyvb4uoikp54jv7mdgywabnbvhfcr2jxk6dmr76ufnmthu,3,91,0.7400839822366834,1,44.53041701344773,True
seed_10003-clients_5-joint_dirichlet_0.3-submitted-sign_flip-B4,bound_manifest,bafkreiek77674b37225dpbpjfeafrfaxrccwilcw2n6zi6d46bol7xzqjm,3,340,2.287458977662027,1,45.59424996841699,True
seed_10003-clients_5-joint_dirichlet_0.3-submitted-sign_flip-B4,proof,bafkreicltw7dy3rmigw2gdytjniegyhbxcqeabqjapideepyk4bsr75nfi,3,757,21.381292026489973,1,42.229457991197705,True
seed_10003-clients_5-joint_dirichlet_0.3-submitted-sign_flip-B4,public,bafkreih6svyhoatzisz3dtqx6lozwrwhsrwct6bgvkka7t55m7uxsy5x6a,3,319,0.8229159866459668,1,28.012167022097856,True
seed_10003-clients_5-joint_dirichlet_0.3-submitted-sign_flip-B4,submission_manifest,bafkreifdsdvgsps4ljzjzysjclfm5ppv2shk6x4esghiu6fs4yewydqzva,3,544,24.34091700706631,1,55.01887499121949,True
seed_10003-clients_5-joint_dirichlet_0.3-submitted-sign_flip-B4,model,bafkreieqiwsxugpqm5s4mlstox4oi6g2z7iinwbkrd7nfyshseg2qiae7a,4,2248,1.4055419596843421,1,37.63604199048132,True
seed_10003-clients_5-joint_dirichlet_0.3-submitted-sign_flip-B4,metrics,bafkreifef563ujfj4onohv6n5d2s4dyciwbdx34cdsnamjraarvjjhddhy,4,218,1.2786670122295618,1,33.9274579891935,True
seed_10003-clients_5-joint_dirichlet_0.3-submitted-sign_flip-B4,metadata,bafkreigofpubpzfip5zlg2qtuy4eexfkol4tmabepczxtep2ebbhz6nyki,4,91,2.2442920017056167,1,33.027041994500905,True
seed_10003-clients_5-joint_dirichlet_0.3-submitted-sign_flip-B4,bound_manifest,bafkreid32o4czo4sm7axtabaxmtkd4hb2xezoggukeuzb6v43lr3ptefwa,4,340,2.9019159846939147,1,36.30554198753089,True
seed_10003-clients_5-joint_dirichlet_0.3-submitted-sign_flip-B4,proof,bafkreig5fbdddj3lt3d2sanch45rf6nxvlgvl4d5mzu53eurdzefgwp3km,4,154,1.941625028848648,1,38.59587496845052,True
seed_10003-clients_5-joint_dirichlet_0.3-submitted-sign_flip-B4,public,bafkreibeiazjhnevhvymutwqcv6fdcp2xufucmjyffbvqudefbw2p5srzq,4,303,1.5085000195540488,1,34.80979200685397,True
seed_10003-clients_5-joint_dirichlet_0.3-submitted-sign_flip-B4,submission_manifest,bafkreie5ncmcuexqu2mdthyrumaqkyazbjm6z3kka6ppoeuqs4lqioqfhe,4,545,1.6323330346494913,1,31.612666964065284,True
seed_10003-clients_5-joint_dirichlet_0.3-submitted-sign_flip-B4,global_model,bafkreifcpcpsad62y3yy2ovhez6v3uxv5x4cfv4nqtt67cg7zzdffidf4u,global,2275,26.788916962686926,1,56.832833972293884,True
seed_10003-clients_5-joint_dirichlet_0.3-submitted-sign_flip-B4,report,bafkreic3enew5zv35vhcqwwlqweo6tcouw4mednrpjzjolyizqg7fl2k3i,global,1839,22.41700002923608,1,57.07529198843986,True
seed_10003-clients_5-joint_dirichlet_0.3-submitted-sign_flip-B4,model,bafkreidiakzucypblpgabbkuexubv7a3q6f3uuwqfkdkfrmi2o4dom6bea,0,2225,21.102834027260542,2,49.48391602374613,True
seed_10003-clients_5-joint_dirichlet_0.3-submitted-sign_flip-B4,metrics,bafkreibglj6zsleuzaugbcr2t2n6dp2swbo2vef7a6sd4gzar5an4wbhfm,0,215,21.0452500032261,2,45.93158303759992,True
seed_10003-clients_5-joint_dirichlet_0.3-submitted-sign_flip-B4,metadata,bafkreibuccmcc37uriiggjsk6gorkaeynfletpryh2mkmlxqqqw52sb6wu,0,91,0.8403750252909958,2,33.90887501882389,True
seed_10003-clients_5-joint_dirichlet_0.3-submitted-sign_flip-B4,bound_manifest,bafkreiads3slvf4y2q5tbdevkdh7bjyds4zczi7pnkucl62wqrbsla5d7a,0,340,21.662084036506712,2,50.69108301540837,True
seed_10003-clients_5-joint_dirichlet_0.3-submitted-sign_flip-B4,proof,bafkreiftnr3zhelelnun27dfqgj3wm7nniuqw5khy2dls5zgldt7btr3li,0,758,21.11816598335281,2,42.37333300989121,True
seed_10003-clients_5-joint_dirichlet_0.3-submitted-sign_flip-B4,public,bafkreiftkbcuwu5zn422aogrv6bdryd4r6y5ztx3ojhnqjmmiu2aclcog4,0,312,25.20891703898087,2,60.01041701529175,True
seed_10003-clients_5-joint_dirichlet_0.3-submitted-sign_flip-B4,submission_manifest,bafkreiesb56azblstt2l2kkzi2k2zeyyvmyboyx2tr2hfenlxli2hsuzlu,0,544,20.60004195664078,2,51.8690409953706,True
seed_10003-clients_5-joint_dirichlet_0.3-submitted-sign_flip-B4,model,bafkreigouw7qldtg2kyiqu6jrst6xtnh4ypekxrafebjw5n6ywwk5ickra,1,2258,24.27587501006201,2,50.464834028389305,True
seed_10003-clients_5-joint_dirichlet_0.3-submitted-sign_flip-B4,metrics,bafkreidojvyt5uwq46bciv3gbdj6i4uw4ctjqpydgthnue4gskbf2gwn6y,1,211,26.47754200734198,2,62.866499996744096,True
seed_10003-clients_5-joint_dirichlet_0.3-submitted-sign_flip-B4,metadata,bafkreicstoivr3h6z27mbgtpguzj63v3swu4kk6krzgmumivruqpu2f3eu,1,90,1.4482910046353936,2,33.56941702077165,True
seed_10003-clients_5-joint_dirichlet_0.3-submitted-sign_flip-B4,bound_manifest,bafkreieskgzm22qmxq7foh4com56aty5lpuz6h3aar6gr5i3suxdh72kbu,1,340,18.116416002158076,2,49.89145899889991,True
seed_10003-clients_5-joint_dirichlet_0.3-submitted-sign_flip-B4,proof,bafkreieuzpd56i4mkokbwg2tubpesvxel7xs4aaallleydxndhevx44tmy,1,758,24.081666953861713,2,49.13304198998958,True
seed_10003-clients_5-joint_dirichlet_0.3-submitted-sign_flip-B4,public,bafkreig2y4zbsajnb2le4sdfwa3vq4ezltqyfq65hn3u2fmtpdfxwgwate,1,306,20.067207980901003,2,51.91900004865602,True
seed_10003-clients_5-joint_dirichlet_0.3-submitted-sign_flip-B4,submission_manifest,bafkreigsacxq2imupw3ilai7vtuskatkkm2fcn5slkfnqmgbn54e4d624i,1,544,17.996916023548692,2,51.75854102708399,True
seed_10003-clients_5-joint_dirichlet_0.3-submitted-sign_flip-B4,model,bafkreifzjl6lxw47244v5xsxwiqfse5zvjmi64c6iz26wttolznrkqhhtm,2,2289,27.098749997094274,2,47.00383299496025,True
seed_10003-clients_5-joint_dirichlet_0.3-submitted-sign_flip-B4,metrics,bafkreidwrriw453p3rbyjxp7vnjdpzqy4zer2x5ulza6mt5ih4lklye27i,2,216,22.901125019416213,2,63.299083965830505,True
seed_10003-clients_5-joint_dirichlet_0.3-submitted-sign_flip-B4,metadata,bafkreifcb3vxoxyzbipcyau7fq2korko5g4lw7h746rhxfcakfuq6uhwbm,2,91,2.536625019274652,2,35.60141701018438,True
seed_10003-clients_5-joint_dirichlet_0.3-submitted-sign_flip-B4,bound_manifest,bafkreib7fkqrvdekiinyflvyi5y3ecxnmdgytsnseadwj2bzwd6jhpxgp4,2,340,20.069083955604583,2,60.451375029515475,True
seed_10003-clients_5-joint_dirichlet_0.3-submitted-sign_flip-B4,proof,bafkreidtadc5bwi42rogxtsfj2yfzpbr65duadnmyd24giaejcbg3gwlju,2,757,24.017290968913585,2,48.01758303074166,True
seed_10003-clients_5-joint_dirichlet_0.3-submitted-sign_flip-B4,public,bafkreicvn6hbbgyh4kch35bgzeozitecmeorpg5424uvnwsu6fqxfrzq6u,2,312,20.037957991007715,2,47.02858399832621,True
seed_10003-clients_5-joint_dirichlet_0.3-submitted-sign_flip-B4,submission_manifest,bafkreigxv66jk364i6dgcgwwd5m3h3hrdcwzg5ilqjnc7wtpf3ciypcpxm,2,544,25.714333984069526,2,57.93516698759049,True
seed_10003-clients_5-joint_dirichlet_0.3-submitted-sign_flip-B4,model,bafkreihdjeje4f6jmgy4dmgnkvbeobx4h2clpi2flxkk7yxb2t7rx3kdpa,3,2249,28.182332986034453,2,61.53804197674617,True
seed_10003-clients_5-joint_dirichlet_0.3-submitted-sign_flip-B4,metrics,bafkreibswccdb5wbgntt5hvy2ebsmyc5kqjk2j5mopb4x7q4eiwdcgz7wy,3,222,20.874209003522992,2,63.65158298285678,True
seed_10003-clients_5-joint_dirichlet_0.3-submitted-sign_flip-B4,metadata,bafkreifbqxqgrpbb2qwaqfz5p2dzkbma2s4u2tbpyec77dgllvcbpkgsyu,3,91,1.821042038500309,2,41.67525004595518,True
seed_10003-clients_5-joint_dirichlet_0.3-submitted-sign_flip-B4,bound_manifest,bafkreigjmd47acgbvusarby7ff6wq4wia6kq2wpybrs5cfksgs3jftjrsq,3,340,17.047458968590945,2,44.13412499707192,True
seed_10003-clients_5-joint_dirichlet_0.3-submitted-sign_flip-B4,proof,bafkreiauewoiwlb2vqpd6hbomgghtgg3d35ezau2qsq2f3kdiyvfcgjpce,3,758,18.06770800612867,2,46.36562499217689,True
seed_10003-clients_5-joint_dirichlet_0.3-submitted-sign_flip-B4,public,bafkreicp276asohle2e5a2i7hdvk4qedx27u66ktc64t3aktewfl5pm3cq,3,318,23.2627090299502,2,58.90854197787121,True
seed_10003-clients_5-joint_dirichlet_0.3-submitted-sign_flip-B4,submission_manifest,bafkreiackjy23bv24g4oyrpp453uj6jpqkljswzikhwegtfpc3bhnix3qa,3,544,24.102291965391487,2,65.33741700695828,True
seed_10003-clients_5-joint_dirichlet_0.3-submitted-sign_flip-B4,model,bafkreiesadv5uo2cuswo6xvz5ox2w4uji4f3q7ofdizpqhzadr2keyin2e,4,2290,25.254207954276353,2,64.92937495931983,True
seed_10003-clients_5-joint_dirichlet_0.3-submitted-sign_flip-B4,metrics,bafkreiaxancpwzsz6ez2xvbbnnj5nnuyvwc4o6hlna7gtcicjfxgarqdeu,4,218,21.39604202238843,2,63.21008299710229,True
seed_10003-clients_5-joint_dirichlet_0.3-submitted-sign_flip-B4,metadata,bafkreihyduhawwgzbljrufv7g6wjyyx5pldglsh6ztyrz6m5lmkwaqmzyq,4,91,1.397083979099989,2,31.798916985280812,True
seed_10003-clients_5-joint_dirichlet_0.3-submitted-sign_flip-B4,bound_manifest,bafkreichkui27yvvec4gltuno5fd645zthtmyra3xofbc6rwjjdj2xv2vi,4,340,18.223875027615577,2,41.850459005218,True
seed_10003-clients_5-joint_dirichlet_0.3-submitted-sign_flip-B4,proof,bafkreid4qieeifexl2q6r6uxsykoenrlm332ff7zkmutosl635zticxcoa,4,154,1.719666994176805,2,31.69462498044595,True
seed_10003-clients_5-joint_dirichlet_0.3-submitted-sign_flip-B4,public,bafkreibj75krxng5k3rzi7roszrmugtktsqa6pgknzraqhd4yn4lfpf3rm,4,304,17.235959006939083,2,44.698125042486936,True
seed_10003-clients_5-joint_dirichlet_0.3-submitted-sign_flip-B4,submission_manifest,bafkreifgsyuwyhbeuyth3tscww2dtkanjhiwzpr7adrqingziiqxseijl4,4,545,21.84733300236985,2,51.12012499012053,True
seed_10003-clients_5-joint_dirichlet_0.3-submitted-sign_flip-B4,global_model,bafkreiftjhvevzul466tpm2y4zt7y25hn5fmffuuf2jlvhecpgwb72hpgi,global,2284,20.256416988559067,2,36.45650000544265,True
seed_10003-clients_5-joint_dirichlet_0.3-submitted-sign_flip-B4,report,bafkreibrey6uxvextot63jyojoiuqyhu7mehfz3yrqtxceyz476mw2yybm,global,1838,23.0782080325298,2,43.842249957378954,True
seed_10003-clients_5-joint_dirichlet_0.3-submitted-sign_flip-B4,model,bafkreihpmv76lcfxdvxazcahijz4i2ev4wkecvyyudkim5mlo5bk4hlvuu,0,2230,16.122917004395276,3,49.13783399388194,True
seed_10003-clients_5-joint_dirichlet_0.3-submitted-sign_flip-B4,metrics,bafkreifdz3yp7uz7oj3zqjx6szobqg6ydwi663ftvxifowcahiok2imyqq,0,222,20.244124985765666,3,47.75875003542751,True
seed_10003-clients_5-joint_dirichlet_0.3-submitted-sign_flip-B4,metadata,bafkreigyolc5zsokwmqrbpwrvcoio25zec2c3bqyde2b2snchhwtmwllxi,0,91,0.5513749783858657,3,27.795834001153708,True
seed_10003-clients_5-joint_dirichlet_0.3-submitted-sign_flip-B4,bound_manifest,bafkreih3tqblgcyy2kzk3fegxk6p5tmvnoy54d3h76gcbkcsm75jlcq2hq,0,340,24.97024997137487,3,49.9998340383172,True
seed_10003-clients_5-joint_dirichlet_0.3-submitted-sign_flip-B4,proof,bafkreietnrtesadjtsowwv4jhi2jctvynmxbwvodeqohagcr75wy5zdbou,0,757,18.035833025351167,3,52.91595798917115,True
seed_10003-clients_5-joint_dirichlet_0.3-submitted-sign_flip-B4,public,bafkreifozavtdrot4weqv4m2csfb3ulugep77uho44n626e5nmtcanpm6u,0,318,17.17820903286338,3,42.99195797648281,True
seed_10003-clients_5-joint_dirichlet_0.3-submitted-sign_flip-B4,submission_manifest,bafkreifma4dp4p22u6fxjrllcfczpuqyowqz4vd3hwvofokd76nx32vpi4,0,544,23.050874995533377,3,46.023584029171616,True
seed_10003-clients_5-joint_dirichlet_0.3-submitted-sign_flip-B4,model,bafkreige4b4tfshbm6pprrx4ay6ex2i5bxa6catxcaas3ikjtmnbn5raoe,1,2252,28.277874982450157,3,58.57475002994761,True
seed_10003-clients_5-joint_dirichlet_0.3-submitted-sign_flip-B4,metrics,bafkreibspjarweitjyfkkmaapd3htsvnyryrcs7yehklqvyjpcq5y7g2yq,1,211,18.223916995339096,3,66.9751669629477,True
seed_10003-clients_5-joint_dirichlet_0.3-submitted-sign_flip-B4,metadata,bafkreihgbgsjtubkawzouodi2llr5dnfl5faxc4hsaawg7pnmcq4lyfvqa,1,90,2.890791045501828,3,37.58933302015066,True
seed_10003-clients_5-joint_dirichlet_0.3-submitted-sign_flip-B4,bound_manifest,bafkreigxfiznanzi6pdksfeqt3chdanynq6u6zpmmumwcs52xhgpblbmmu,1,340,21.859875007066876,3,51.4757499913685,True
seed_10003-clients_5-joint_dirichlet_0.3-submitted-sign_flip-B4,proof,bafkreidbxmxecb37gzzizuof63vibfpd4ha36pafbjw3gspflk23ig6ymm,1,758,20.08354099234566,3,43.469500029459596,True
seed_10003-clients_5-joint_dirichlet_0.3-submitted-sign_flip-B4,public,bafkreib6pwve3v7h3y3b5q6njsnwtxk7gjs5z544felfdmhcvjcfzgucrq,1,306,21.09487500274554,3,53.973790956661105,True
seed_10003-clients_5-joint_dirichlet_0.3-submitted-sign_flip-B4,submission_manifest,bafkreih3woyn7syof47rtnu3a23g6e762ewg5avzrydfer7q3f2paj2xfu,1,544,20.28900000732392,3,46.045249968301505,True
seed_10003-clients_5-joint_dirichlet_0.3-submitted-sign_flip-B4,model,bafkreifsqbh4roxt2qju3vbzjykbxp4zbyrrafm7bkf2eqs44pqwhrteae,2,2287,19.14558303542435,3,47.541874984744936,True
seed_10003-clients_5-joint_dirichlet_0.3-submitted-sign_flip-B4,metrics,bafkreibaxtpp3k2hqoc5bj2icmvtd2o4jnepji5ktqe2q3wwchelt5yzeq,2,216,16.048666962888092,3,48.29008399974555,True
seed_10003-clients_5-joint_dirichlet_0.3-submitted-sign_flip-B4,metadata,bafkreic6sidawwemurau4v7uupou473otzqs5bymlivacahs5i3lxhqgai,2,91,2.1477090194821358,3,29.13183404598385,True
seed_10003-clients_5-joint_dirichlet_0.3-submitted-sign_flip-B4,bound_manifest,bafkreicd2lb7aeswrqopfga5fndu55eewg7ypors4o64h7k6s3wxgkrkse,2,340,22.481959022115916,3,55.36308296723291,True
seed_10003-clients_5-joint_dirichlet_0.3-submitted-sign_flip-B4,proof,bafkreigda3mdrw4euzwvxr4zesb5db6x4llrjirnieslhhlqbaa4udlnsi,2,757,22.177916951477528,3,47.92891698889434,True
seed_10003-clients_5-joint_dirichlet_0.3-submitted-sign_flip-B4,public,bafkreibthgokqms32rkcufp53pxuuybzf7cjejci6yc4pnmgwfpuyxv7c4,2,313,28.21679098997265,3,63.01158299902454,True
seed_10003-clients_5-joint_dirichlet_0.3-submitted-sign_flip-B4,submission_manifest,bafkreicd6bgjiwx6rr5y5qcwcsijg6lttdibcny7vnbqqgvs2sh2eekfjq,2,544,25.463957979809493,3,60.30654103960842,True
seed_10003-clients_5-joint_dirichlet_0.3-submitted-sign_flip-B4,model,bafkreigblho4tg7z6lro5f4rybqhsh6klscatbzv5iir7n2q7dhqwmuaku,3,2254,19.881624961271882,3,50.191457965411246,True
seed_10003-clients_5-joint_dirichlet_0.3-submitted-sign_flip-B4,metrics,bafkreih76pugshzsjyws5fhmqjyyoeif2xxsb2un6poqojiald27sbyvqy,3,222,18.339166010264307,3,46.846000012010336,True
seed_10003-clients_5-joint_dirichlet_0.3-submitted-sign_flip-B4,metadata,bafkreigbua7amcja2gnxnp34vhqw4l7hfluapwcjx66hd7xwix5xl6qfoi,3,91,2.326000016182661,3,30.76937497826293,True
seed_10003-clients_5-joint_dirichlet_0.3-submitted-sign_flip-B4,bound_manifest,bafkreiduwmh3t34orudsyghf6wcnijolij3c3hh6ytr74xbbsrbrwp3ize,3,340,25.287625030614436,3,56.65183300152421,True
seed_10003-clients_5-joint_dirichlet_0.3-submitted-sign_flip-B4,proof,bafkreifqiliablktq62gaen5ag4yjh4xnxsuu3nzx6mk57hy2fbni664xu,3,757,20.161249965894967,3,42.323665984440595,True
seed_10003-clients_5-joint_dirichlet_0.3-submitted-sign_flip-B4,public,bafkreidvrx2eyhee7vgs3hmrrmr4op4yafzywt2yyuqxyk66bohrg5ml6i,3,318,18.338666995987296,3,42.72891697473824,True
seed_10003-clients_5-joint_dirichlet_0.3-submitted-sign_flip-B4,submission_manifest,bafkreibbk43hzitucue5z5wrwhoybalhcvv3zizqd7fyyrdbdorpiroy64,3,544,17.176875029690564,3,46.888291952200234,True
seed_10003-clients_5-joint_dirichlet_0.3-submitted-sign_flip-B4,model,bafkreihqslrmdkkduat4gklkiqbxlyxhbg2tpush5vke66467m35ljh4ku,4,2289,29.01099994778633,3,52.906166994944215,True
seed_10003-clients_5-joint_dirichlet_0.3-submitted-sign_flip-B4,metrics,bafkreihto7mwwm32ssjowpxxfnk6a657zs66zuokvdixk7tpkirt4rofxa,4,218,21.206707984674722,3,50.509832974057645,True
seed_10003-clients_5-joint_dirichlet_0.3-submitted-sign_flip-B4,metadata,bafkreibkizdqegjiczv24uxzk6c54f4dmfotsevmrgialljhywzh6mrhwu,4,91,2.3115839576348662,3,31.892166996840388,True
seed_10003-clients_5-joint_dirichlet_0.3-submitted-sign_flip-B4,bound_manifest,bafkreie6ludmgdbtplplilb6rcwo6lx7y4h7goiymmikjz2axqullumpte,4,340,18.326833029277623,3,51.635041018016636,True
seed_10003-clients_5-joint_dirichlet_0.3-submitted-sign_flip-B4,proof,bafkreicb5ufe4oux4tdmvsjkgjgyypodfa7jo64fktmropo4inw56mdnsm,4,154,2.1958330180495977,3,34.663707949221134,True
seed_10003-clients_5-joint_dirichlet_0.3-submitted-sign_flip-B4,public,bafkreiaxxgq5von7di7o6zniheitjcnru75c3wfu4mnmdd4hfgylznk2j4,4,301,26.455249986611307,3,61.03391601936892,True
seed_10003-clients_5-joint_dirichlet_0.3-submitted-sign_flip-B4,submission_manifest,bafkreih3srcrir5kj7ecuzwesswgw7ahfqg3letfqbjhg2cszod72txttq,4,545,25.45937499962747,3,59.57633297657594,True
seed_10003-clients_5-joint_dirichlet_0.3-submitted-sign_flip-B4,global_model,bafkreib2gzgbwzvyqjh4vqdy4of55x4urchhxvdpfsj74k3j64uf5hbdbe,global,2266,24.54483398469165,3,65.87475002743304,True
seed_10003-clients_5-joint_dirichlet_0.3-submitted-sign_flip-B4,report,bafkreidr67h6zabutxudqqizyoyfw3nwvpu4ztgttp3chvejz6cuyb5vqa,global,1836,17.54562498535961,3,50.928124983329326,True
seed_10003-clients_5-joint_dirichlet_0.3-submitted-sign_flip-B7,model,bafkreidtarrerbtaduncqyvij2rd5xrfs46nssmmb2kn5ucfhn7nh4ui3i,0,2210,0.7834589923731983,1,34.68808298930526,True
seed_10003-clients_5-joint_dirichlet_0.3-submitted-sign_flip-B7,metrics,bafkreieh43x6hcfkgzikocczll3bn2yuqqcm3ja5rgjtlssrhz3d6fhaae,0,211,6.214416993316263,1,33.94804202252999,True
seed_10003-clients_5-joint_dirichlet_0.3-submitted-sign_flip-B7,metadata,bafkreiei2qylpjyvsu3jsbzgy7eaxgp6lgnchehsaxhnpqb3na5qvypfau,0,91,0.8852919563651085,1,36.93316603312269,True
seed_10003-clients_5-joint_dirichlet_0.3-submitted-sign_flip-B7,bound_manifest,bafkreidjrao4nmizosejltyx3hftbi6dthvk4dn67dkktk6wnnwieqodvq,0,340,0.8337500039488077,1,43.93341694958508,True
seed_10003-clients_5-joint_dirichlet_0.3-submitted-sign_flip-B7,proof,bafkreif7kmdie6vrgoy36jwfqkc4lls2ktd2urui2lgifrvz5i5lpclrj4,0,757,25.00804205192253,1,39.459125022403896,True
seed_10003-clients_5-joint_dirichlet_0.3-submitted-sign_flip-B7,public,bafkreickjkf3k7mwcldbjwiyea6ubx44urtdgblgt5iecu3ab7w3vauusq,0,308,0.895833014510572,1,35.88645800482482,True
seed_10003-clients_5-joint_dirichlet_0.3-submitted-sign_flip-B7,submission_manifest,bafkreicdrugjdrl7uyv2diq536bbrv3ow2oxxiokjdjc6qkta5ghkan6py,0,544,18.486667016986758,1,52.53879202064127,True
seed_10003-clients_5-joint_dirichlet_0.3-submitted-sign_flip-B7,model,bafkreie6l7ktec5na7i36tcomfvdex67u3gwkxgn43ahyfwnan3x6r3o7y,1,1587,3.7882080068811774,1,38.22770802071318,True
seed_10003-clients_5-joint_dirichlet_0.3-submitted-sign_flip-B7,metrics,bafkreigtsxnjgfff2gjghg7s7putonopzwtjzzpqi6g7kyognxe7cwgmlu,1,220,3.3402919652871788,1,33.84604200255126,True
seed_10003-clients_5-joint_dirichlet_0.3-submitted-sign_flip-B7,metadata,bafkreiah6em6nxtnh622p53zhr7p2jxuudjbmvnx57xbw6ibki73k7yogy,1,90,1.8035420216619968,1,40.52449995651841,True
seed_10003-clients_5-joint_dirichlet_0.3-submitted-sign_flip-B7,bound_manifest,bafkreiammawcskdazka5uebxbfo76z6fmtbif3jrpkqskenje64fyp5rlm,1,340,1.8193330033682287,1,36.86033398844302,True
seed_10003-clients_5-joint_dirichlet_0.3-submitted-sign_flip-B7,proof,bafkreibdb6zgkalxob6dehozghtjkgk4psl62nmhfux54kq6lqax36ixgy,1,757,16.086624993477017,1,39.706458046566695,True
seed_10003-clients_5-joint_dirichlet_0.3-submitted-sign_flip-B7,public,bafkreihgntz4vmf4vsajt7iscwovj6b7q2lsegpbdgpauf6iqrq2tiqtou,1,316,0.9072499815374613,1,32.0757920271717,True
seed_10003-clients_5-joint_dirichlet_0.3-submitted-sign_flip-B7,submission_manifest,bafkreicwtp5ctuf6bydf6k2bo4smtvris7xdmt7hiblrxbd4a7uafjljwa,1,544,19.125417049508542,1,49.907541018910706,True
seed_10003-clients_5-joint_dirichlet_0.3-submitted-sign_flip-B7,model,bafkreic6fzt3zlpd3ryaz7fsiydvxwqwwvnt5qxsjo7c4r46y3rjq4qcki,2,2295,1.995416998397559,1,33.21224998217076,True
seed_10003-clients_5-joint_dirichlet_0.3-submitted-sign_flip-B7,metrics,bafkreia3n5f56u2ga6xc2dqt5xlyh2fr6ww72manfyg7dix6v2p3wibpzm,2,210,3.875874972436577,1,36.66962496936321,True
seed_10003-clients_5-joint_dirichlet_0.3-submitted-sign_flip-B7,metadata,bafkreieixghh7ixqv5uzgc736zuey765jwgwrzqzuo5h5webhycgyqyxqa,2,91,2.938167017418891,1,42.33083297731355,True
seed_10003-clients_5-joint_dirichlet_0.3-submitted-sign_flip-B7,bound_manifest,bafkreicx25o7luwmlgoss3d3btbzcaduf2u34xqalnybf47kgfxbfj5y2i,2,340,4.2229589889757335,1,37.124124995898455,True
seed_10003-clients_5-joint_dirichlet_0.3-submitted-sign_flip-B7,proof,bafkreihhjtrk4hqbrqkmtxz4ldinrqyrzfibv3sfqnirc3zay2gh6i4bky,2,758,21.490667015314102,1,44.38962502172217,True
seed_10003-clients_5-joint_dirichlet_0.3-submitted-sign_flip-B7,public,bafkreiendh3vfd6scgwtmwy6buwv4lflwoc22bssgxntqxanqnz7pld4cu,2,308,0.8965840097516775,1,33.21183304069564,True
seed_10003-clients_5-joint_dirichlet_0.3-submitted-sign_flip-B7,submission_manifest,bafkreiapdrlbb3hn3hg7fxjb2ybspvhv3ytrwzrnw4gmt2yjn2ybw7czri,2,544,28.179417015053332,1,66.96920900139958,True
seed_10003-clients_5-joint_dirichlet_0.3-submitted-sign_flip-B7,model,bafkreiettt3czz3qyivhqpcqe3333blywbdjfmyze5dopynk36yyj6usem,3,2217,2.3457080242224038,1,39.06699997605756,True
seed_10003-clients_5-joint_dirichlet_0.3-submitted-sign_flip-B7,metrics,bafkreihz3rxxp7pra42b5xhebzjzjtjn3kr372nseg3pe7urtoqy3cfshi,3,222,2.6240830193273723,1,43.19716600002721,True
seed_10003-clients_5-joint_dirichlet_0.3-submitted-sign_flip-B7,metadata,bafkreidhgowycyvb4uoikp54jv7mdgywabnbvhfcr2jxk6dmr76ufnmthu,3,91,4.548874974716455,1,40.98166601033881,True
seed_10003-clients_5-joint_dirichlet_0.3-submitted-sign_flip-B7,bound_manifest,bafkreiek77674b37225dpbpjfeafrfaxrccwilcw2n6zi6d46bol7xzqjm,3,340,2.491041028406471,1,44.58312503993511,True
seed_10003-clients_5-joint_dirichlet_0.3-submitted-sign_flip-B7,proof,bafkreihyymmspfzk3uknghmpc3lcxa2pvfuzmgjsd5wwp67t7uo3qjrbjq,3,759,18.67108402075246,1,44.97387498850003,True
seed_10003-clients_5-joint_dirichlet_0.3-submitted-sign_flip-B7,public,bafkreih6svyhoatzisz3dtqx6lozwrwhsrwct6bgvkka7t55m7uxsy5x6a,3,319,0.8857920183800161,1,30.966375023126602,True
seed_10003-clients_5-joint_dirichlet_0.3-submitted-sign_flip-B7,submission_manifest,bafkreigla64elzxo66dtmiautw6jrrukx5zdrpsmaqnktoa2jbx7y24s4e,3,544,20.08195803500712,1,58.44566703308374,True
seed_10003-clients_5-joint_dirichlet_0.3-submitted-sign_flip-B7,model,bafkreieqiwsxugpqm5s4mlstox4oi6g2z7iinwbkrd7nfyshseg2qiae7a,4,2248,1.2464589672163129,1,32.3365000076592,True
seed_10003-clients_5-joint_dirichlet_0.3-submitted-sign_flip-B7,metrics,bafkreifef563ujfj4onohv6n5d2s4dyciwbdx34cdsnamjraarvjjhddhy,4,218,4.12341597257182,1,34.151375002693385,True
seed_10003-clients_5-joint_dirichlet_0.3-submitted-sign_flip-B7,metadata,bafkreigofpubpzfip5zlg2qtuy4eexfkol4tmabepczxtep2ebbhz6nyki,4,91,4.024750029202551,1,35.641832975670695,True
seed_10003-clients_5-joint_dirichlet_0.3-submitted-sign_flip-B7,bound_manifest,bafkreid32o4czo4sm7axtabaxmtkd4hb2xezoggukeuzb6v43lr3ptefwa,4,340,4.1190829942934215,1,37.42870903806761,True
seed_10003-clients_5-joint_dirichlet_0.3-submitted-sign_flip-B7,proof,bafkreig5fbdddj3lt3d2sanch45rf6nxvlgvl4d5mzu53eurdzefgwp3km,4,154,4.303709021769464,1,34.57962500397116,True
seed_10003-clients_5-joint_dirichlet_0.3-submitted-sign_flip-B7,public,bafkreibeiazjhnevhvymutwqcv6fdcp2xufucmjyffbvqudefbw2p5srzq,4,303,1.3333750539459288,1,34.28583301138133,True
seed_10003-clients_5-joint_dirichlet_0.3-submitted-sign_flip-B7,submission_manifest,bafkreie5ncmcuexqu2mdthyrumaqkyazbjm6z3kka6ppoeuqs4lqioqfhe,4,545,1.4179580030031502,1,36.95004200562835,True
seed_10003-clients_5-joint_dirichlet_0.3-submitted-sign_flip-B7,global_model,bafkreiccwukqz7zyybat4stp6j7s3caafpegxly62gxtwj2pujundzwhgu,global,2190,23.328791023232043,1,49.343957973178476,True
seed_10003-clients_5-joint_dirichlet_0.3-submitted-sign_flip-B7,report,bafkreiaasgestxzzwnt2vyfvlsl6cbsnvbm2tuxbg5yjmv4jubyhyx7p5e,global,1808,20.821833983063698,1,50.11695803841576,True
seed_10003-clients_5-joint_dirichlet_0.3-submitted-sign_flip-B7,model,bafkreihurczvdswfefssbemojts7ttg32i7t56ixvdxfok5k4oyvsvzjee,0,2220,16.072999977041036,2,36.82066698092967,True
seed_10003-clients_5-joint_dirichlet_0.3-submitted-sign_flip-B7,metrics,bafkreifcboio4bp7ddfc5qxpsqau2uctdamgcwj3klcptxagtnsqszpc2a,0,225,21.204582997597754,2,47.974665998481214,True
seed_10003-clients_5-joint_dirichlet_0.3-submitted-sign_flip-B7,metadata,bafkreibuccmcc37uriiggjsk6gorkaeynfletpryh2mkmlxqqqw52sb6wu,0,91,1.3038339675404131,2,41.991124977357686,True
seed_10003-clients_5-joint_dirichlet_0.3-submitted-sign_flip-B7,bound_manifest,bafkreigjrlmlhps75ickthfyo6ojsurj5dyfskh3qfabjb5y5zxw6u4qom,0,340,24.545083986595273,2,59.18462504632771,True
seed_10003-clients_5-joint_dirichlet_0.3-submitted-sign_flip-B7,proof,bafkreihfgjcbyzkx2o2mk5wwheem2iodhtdkjbmgzjgvk3z4sjnsh4n7km,0,760,16.573917004279792,2,41.86862497590482,True
seed_10003-clients_5-joint_dirichlet_0.3-submitted-sign_flip-B7,public,bafkreicybzgznyduww2yhxx4mfr2ffkipxcg33oebtot466ilp5ll4u2d4,0,321,19.09270801115781,2,43.43949997564778,True
seed_10003-clients_5-joint_dirichlet_0.3-submitted-sign_flip-B7,submission_manifest,bafkreicae3ra4ehh6wzn5d3levaairxxwr4mqb7gzuzeon6e3l72k7i57a,0,544,19.116709008812904,2,47.95400000875816,True
seed_10003-clients_5-joint_dirichlet_0.3-submitted-sign_flip-B7,model,bafkreidl5ufsrgyzgsle5cc4ver7artpplnfmbymzdo2mtjk7yacpcktqe,1,2166,22.83599996007979,2,49.43366697989404,True
seed_10003-clients_5-joint_dirichlet_0.3-submitted-sign_flip-B7,metrics,bafkreidojvyt5uwq46bciv3gbdj6i4uw4ctjqpydgthnue4gskbf2gwn6y,1,211,1.4400829677470028,2,31.473334005568177,True
seed_10003-clients_5-joint_dirichlet_0.3-submitted-sign_flip-B7,metadata,bafkreicstoivr3h6z27mbgtpguzj63v3swu4kk6krzgmumivruqpu2f3eu,1,90,1.809125009458512,2,35.60645796824247,True
seed_10003-clients_5-joint_dirichlet_0.3-submitted-sign_flip-B7,bound_manifest,bafkreiaiulair7dvrq3c7m5cutomgt5snyqruihsu66xftcldhrlfj7yuq,1,340,23.20345799671486,2,55.429791973438114,True
seed_10003-clients_5-joint_dirichlet_0.3-submitted-sign_flip-B7,proof,bafkreifbleof64ddaeodmtn7bbxk2r7pu7fxdiv7zplkr2lfjjdw5pbz2a,1,758,24.250124988611788,2,44.96579198166728,True
seed_10003-clients_5-joint_dirichlet_0.3-submitted-sign_flip-B7,public,bafkreiaill64ft45j4ssea6mmhycusudvbl472vt4qbqshkaizvbribwc4,1,307,22.033290995750576,2,52.95779195148498,True
seed_10003-clients_5-joint_dirichlet_0.3-submitted-sign_flip-B7,submission_manifest,bafkreidek4meogbz4yyuzp44xhn33hvdwzmrtpizf3vvhu3l3d42p7v4gu,1,544,18.108832999132574,2,60.91129098786041,True
seed_10003-clients_5-joint_dirichlet_0.3-submitted-sign_flip-B7,model,bafkreie6xichokcxxbicl3ato5vbfbkjnpqgv3uhuawv3zp6osabukgksi,2,2269,23.652374977245927,2,58.502666011918336,True
seed_10003-clients_5-joint_dirichlet_0.3-submitted-sign_flip-B7,metrics,bafkreia2rjmyg53w7wtmtakdtpl373byjfhwkvq73h2pbcqsgtyccod2zq,2,221,25.08216700516641,2,60.19312498392537,True
seed_10003-clients_5-joint_dirichlet_0.3-submitted-sign_flip-B7,metadata,bafkreifcb3vxoxyzbipcyau7fq2korko5g4lw7h746rhxfcakfuq6uhwbm,2,91,3.4093750291503966,2,42.0961250201799,True
seed_10003-clients_5-joint_dirichlet_0.3-submitted-sign_flip-B7,bound_manifest,bafkreifdnp6h2owbwahgcciaimiooeatlyh3qlzka2fk3bcbpt73vumw5q,2,340,28.41791696846485,2,53.87000000337139,True
seed_10003-clients_5-joint_dirichlet_0.3-submitted-sign_flip-B7,proof,bafkreih43jomo3r7ys3w7vgyjszvyzl2qtsske2fxnkewsyissrcu7qnnq,2,757,16.055791988037527,2,39.96900003403425,True
seed_10003-clients_5-joint_dirichlet_0.3-submitted-sign_flip-B7,public,bafkreig7pijxlcsx4kdh6khvrlsejpopoqxpqghywowevrx4rhxpwpeomu,2,318,19.11545795155689,2,39.71979202469811,True
seed_10003-clients_5-joint_dirichlet_0.3-submitted-sign_flip-B7,submission_manifest,bafkreig4z4nwzv5umuupzlg56xc53wzfjlu2i4qcljeqvf7envjvs7d5gi,2,544,23.110290989279747,2,62.022792000789195,True
seed_10003-clients_5-joint_dirichlet_0.3-submitted-sign_flip-B7,model,bafkreifcbtaznkvzi4yc5z6opee6clhqtiqj4cb5hwcbwudr7zvydg5che,3,2194,25.273416948039085,2,57.328833965584636,True
seed_10003-clients_5-joint_dirichlet_0.3-submitted-sign_flip-B7,metrics,bafkreie4qlej4faxwl4dplbblau2jnvw3nxyb3uvvwmkj3ihngyawt7tvm,3,222,26.966042001731694,2,56.474499986507,True
seed_10003-clients_5-joint_dirichlet_0.3-submitted-sign_flip-B7,metadata,bafkreifbqxqgrpbb2qwaqfz5p2dzkbma2s4u2tbpyec77dgllvcbpkgsyu,3,91,2.030292002018541,2,36.1750420415774,True
seed_10003-clients_5-joint_dirichlet_0.3-submitted-sign_flip-B7,bound_manifest,bafkreia7eqfwr2setwk53y7sbfydiisdhyqt5texmkfqksvus557m7k6km,3,340,16.90870797028765,2,45.90741702122614,True
seed_10003-clients_5-joint_dirichlet_0.3-submitted-sign_flip-B7,proof,bafkreifdjrj5e7qkoahfhf4imk23xvtej5ltxm6kccmuu6r7ta4fcnd26i,3,759,22.256582975387573,2,39.4110000343062,True
seed_10003-clients_5-joint_dirichlet_0.3-submitted-sign_flip-B7,public,bafkreidcouq3vwmbhau2sdobatiuzfr5wmbyrv35gzcpck3bhiprml4g3q,3,319,23.090666974894702,2,42.115500022191554,True
seed_10003-clients_5-joint_dirichlet_0.3-submitted-sign_flip-B7,submission_manifest,bafkreibuw4ziv2rwvy4m7qw6wysmdvz55hvqq3cu2i4mndjvqui2kmdktm,3,544,26.22208301909268,2,63.857999979518354,True
seed_10003-clients_5-joint_dirichlet_0.3-submitted-sign_flip-B7,model,bafkreiae5zg4piknducwu5g76ulnslvumr4yny54dv6crncwst46rwdf5i,4,2243,19.37591697787866,2,54.93579100584611,True
seed_10003-clients_5-joint_dirichlet_0.3-submitted-sign_flip-B7,metrics,bafkreihhhbwmpvsfaxv46euzsxgvfcjnnrj4x3z54pwsr5mzosqezph3qq,4,218,31.33441600948572,2,62.73637502454221,True
seed_10003-clients_5-joint_dirichlet_0.3-submitted-sign_flip-B7,metadata,bafkreihyduhawwgzbljrufv7g6wjyyx5pldglsh6ztyrz6m5lmkwaqmzyq,4,91,2.58845800999552,2,38.04183297324926,True
seed_10003-clients_5-joint_dirichlet_0.3-submitted-sign_flip-B7,bound_manifest,bafkreieha7237tfq7kjraqvkng7zkh6plx3tcrmn6ingg4u6vajwvv5s2e,4,340,19.36004200251773,2,57.90000001434237,True
seed_10003-clients_5-joint_dirichlet_0.3-submitted-sign_flip-B7,proof,bafkreid4qieeifexl2q6r6uxsykoenrlm332ff7zkmutosl635zticxcoa,4,154,1.727209019009024,2,32.32866700273007,True
seed_10003-clients_5-joint_dirichlet_0.3-submitted-sign_flip-B7,public,bafkreiaun3fl7jgyehmlss4hfg2nbsawgsrqsdcz6we4dietaft3qc6o64,4,304,21.655290969647467,2,53.450875042472035,True
seed_10003-clients_5-joint_dirichlet_0.3-submitted-sign_flip-B7,submission_manifest,bafkreicggtmuduwqp6uxaisgb6wiki7njdox6sqke5rg3hbgl52x4kyhhq,4,545,25.12349997414276,2,59.90358401322737,True
seed_10003-clients_5-joint_dirichlet_0.3-submitted-sign_flip-B7,global_model,bafkreiem3hegwlwpd623yebtvvttbfwtf4mx4kpo6pdr34z7av7dsdoute,global,2188,28.360042022541165,2,53.645834035705775,True
seed_10003-clients_5-joint_dirichlet_0.3-submitted-sign_flip-B7,report,bafkreiej6tqalmai7jucs43ozplve357s47isrtxjqp6jhke2pqlqjfrhi,global,1809,18.387417017947882,2,60.90300000505522,True
seed_10003-clients_5-joint_dirichlet_0.3-submitted-sign_flip-B7,model,bafkreicdxmiindmmkgkcxg6qqdihl2vnbvovx32lflj44jtf2dp56ryuyq,0,2208,18.227791995741427,3,43.92100003315136,True
seed_10003-clients_5-joint_dirichlet_0.3-submitted-sign_flip-B7,metrics,bafkreiglm6tvwoqhazldvzpie4xkyjaiq2fkrdounkwpoynlnvl77w45im,0,224,26.009334018453956,3,61.54379097279161,True
seed_10003-clients_5-joint_dirichlet_0.3-submitted-sign_flip-B7,metadata,bafkreigyolc5zsokwmqrbpwrvcoio25zec2c3bqyde2b2snchhwtmwllxi,0,91,1.0718340054154396,3,34.94574996875599,True
seed_10003-clients_5-joint_dirichlet_0.3-submitted-sign_flip-B7,bound_manifest,bafkreieaqtemvvzqwhazoqyjwwotph7cl42smiyhxqqmet37am7f5rnsgq,0,340,16.134749981574714,3,43.085417011752725,True
seed_10003-clients_5-joint_dirichlet_0.3-submitted-sign_flip-B7,proof,bafkreiagculwhk326kccx5umwdphkll5zzkxgkqnqtdxd5whpqxzwlaqrm,0,761,21.14433399401605,3,39.540792000479996,True
seed_10003-clients_5-joint_dirichlet_0.3-submitted-sign_flip-B7,public,bafkreifklt3ka77whgbgom2yvtz7mtfydzj5cstkknsltfwv2qghtfcauy,0,321,20.05879202624783,3,53.06979198940098,True
seed_10003-clients_5-joint_dirichlet_0.3-submitted-sign_flip-B7,submission_manifest,bafkreiby3ibng7grouwr72z3z22vlgwsyh4wixssvaoy4udfevcxw2imnm,0,544,21.148792002350092,3,60.96487498143688,True
seed_10003-clients_5-joint_dirichlet_0.3-submitted-sign_flip-B7,model,bafkreifubaot3wijkrsg2lqzim7jgp5lb4gjanqgrvsbl2o3z5jsj35xhe,1,2182,22.232124989386648,3,49.64770801598206,True
seed_10003-clients_5-joint_dirichlet_0.3-submitted-sign_flip-B7,metrics,bafkreibspjarweitjyfkkmaapd3htsvnyryrcs7yehklqvyjpcq5y7g2yq,1,211,1.3868749956600368,3,32.79662498971447,True
seed_10003-clients_5-joint_dirichlet_0.3-submitted-sign_flip-B7,metadata,bafkreihgbgsjtubkawzouodi2llr5dnfl5faxc4hsaawg7pnmcq4lyfvqa,1,90,1.8839170224964619,3,32.75424998719245,True
seed_10003-clients_5-joint_dirichlet_0.3-submitted-sign_flip-B7,bound_manifest,bafkreidlnjrbil6g33gwhf2xeef7qzm5gc76ljgx5l2algtj6dht5p7xhy,1,340,17.545541981235147,3,44.46237499359995,True
seed_10003-clients_5-joint_dirichlet_0.3-submitted-sign_flip-B7,proof,bafkreid33f3uttrgjwtt6fhnalek2xo6iibvuenykbtmtvfkeuzhl5yl4q,1,755,17.113624955527484,3,39.161625027190894,True
seed_10003-clients_5-joint_dirichlet_0.3-submitted-sign_flip-B7,public,bafkreigydb3y2cbt4enpey3ms4svu3wsqlyx3fjverhbnilnvyboghfw54,1,306,16.97379205143079,3,49.589165952056646,True
seed_10003-clients_5-joint_dirichlet_0.3-submitted-sign_flip-B7,submission_manifest,bafkreibzbnlfsjwk6ewqdnfuu34avxyt3yyfp7qatx2fcxeytbkjcypzyy,1,544,18.044208991341293,3,46.102457970846444,True
seed_10003-clients_5-joint_dirichlet_0.3-submitted-sign_flip-B7,model,bafkreifkd34rhtzaonr62yud3evktjooh74vk7cbz7s7e5fopfmsshvj2u,2,2271,20.130124990828335,3,44.85079098958522,True
seed_10003-clients_5-joint_dirichlet_0.3-submitted-sign_flip-B7,metrics,bafkreiggwdkladrqm2yshhhkgptpusl2xfqus7squaqdyatxbbwg54nk6a,2,226,16.927040996961296,3,45.791582961101085,True
seed_10003-clients_5-joint_dirichlet_0.3-submitted-sign_flip-B7,metadata,bafkreic6sidawwemurau4v7uupou473otzqs5bymlivacahs5i3lxhqgai,2,91,0.6382080027833581,3,32.884249987546355,True
seed_10003-clients_5-joint_dirichlet_0.3-submitted-sign_flip-B7,bound_manifest,bafkreibeoo2peqo2iwsymf4ohozrd24ewgbuo5wyy5zvwburzb6ezg564y,2,340,22.186500020325184,3,50.78200000571087,True
seed_10003-clients_5-joint_dirichlet_0.3-submitted-sign_flip-B7,proof,bafkreicxjtgybcc5urq3sd7xaxz24tuvjhsu4ddyhw5lpqc3un6vohx5zq,2,758,21.49725001072511,3,42.41500003263354,True
seed_10003-clients_5-joint_dirichlet_0.3-submitted-sign_flip-B7,public,bafkreibwspdpobcqrcqouenffwgssyj7mda3viawbugphx57utsdiokuty,2,323,28.85941695421934,3,58.2299999659881,True
seed_10003-clients_5-joint_dirichlet_0.3-submitted-sign_flip-B7,submission_manifest,bafkreibw7kei5yxtzyear3uwohlf5tel7iyrqhenpeucad3k67j724ronm,2,544,21.300500025972724,3,56.0082090087235,True
seed_10003-clients_5-joint_dirichlet_0.3-submitted-sign_flip-B7,model,bafkreieaxn2wzztpt2np7iea54ehp5z4eh7attsto376c476knzbgy6qzu,3,2192,22.83416601130739,3,54.61341701447964,True
seed_10003-clients_5-joint_dirichlet_0.3-submitted-sign_flip-B7,metrics,bafkreifkyvijd6rm3tgtgy5jxsi6dupn6huw2jcq2shloerdcpggvqbcna,3,222,24.87883297726512,3,70.73049998143688,True
seed_10003-clients_5-joint_dirichlet_0.3-submitted-sign_flip-B7,metadata,bafkreigbua7amcja2gnxnp34vhqw4l7hfluapwcjx66hd7xwix5xl6qfoi,3,91,2.142000012099743,3,41.515416000038385,True
seed_10003-clients_5-joint_dirichlet_0.3-submitted-sign_flip-B7,bound_manifest,bafkreicqvi4e4zrvdp2ug2lfhue4fhtspusahxehuwj6ffcblrqmnenzbq,3,340,24.865125014912337,3,57.1958749787882,True
seed_10003-clients_5-joint_dirichlet_0.3-submitted-sign_flip-B7,proof,bafkreidkfept6z7gcltj5a3owqf5yzfzsy4sol6rxrlznkipzi6mdfavnq,3,757,21.028875024057925,3,49.124250013846904,True
seed_10003-clients_5-joint_dirichlet_0.3-submitted-sign_flip-B7,public,bafkreig25nndxb6futmqpfyy6jvpsabzczfss2izywa5x3cook3nspyg7e,3,320,21.93429198814556,3,55.87754194857553,True
seed_10003-clients_5-joint_dirichlet_0.3-submitted-sign_flip-B7,submission_manifest,bafkreiehva7ozup7nuxvowcyzvvcukxpxcqvlp4dkcyaulna7qmlhj3mse,3,544,19.31987499119714,3,57.47458297992125,True
seed_10003-clients_5-joint_dirichlet_0.3-submitted-sign_flip-B7,model,bafkreiaijadvp5mac4pivk5jdpfnjrlpp76lwo4zia3aljr67jqy23nl7u,4,2254,26.487750001251698,3,53.18287498084828,True
seed_10003-clients_5-joint_dirichlet_0.3-submitted-sign_flip-B7,metrics,bafkreia5u74ham34rwbzhdznsglazavemyttzmycx3gujdchyvrfbca3p4,4,218,22.40258303936571,3,48.874291009269655,True
seed_10003-clients_5-joint_dirichlet_0.3-submitted-sign_flip-B7,metadata,bafkreibkizdqegjiczv24uxzk6c54f4dmfotsevmrgialljhywzh6mrhwu,4,91,5.5672909948043525,3,34.00837501976639,True
seed_10003-clients_5-joint_dirichlet_0.3-submitted-sign_flip-B7,bound_manifest,bafkreic42iyaer7d4hbtixyiirdkeel6h3lzzzpvne7rzluilemtmlaope,4,340,26.58520801924169,3,63.5565830161795,True
seed_10003-clients_5-joint_dirichlet_0.3-submitted-sign_flip-B7,proof,bafkreiecy3iqguob3fdthpovwpblxp22yofkpyrnv4wq3qfrveucmw3myq,4,202,29.38195801107213,3,68.26529098907486,True
seed_10003-clients_5-joint_dirichlet_0.3-submitted-sign_flip-B7,public,bafkreidvm4plkhzipwl6cusph6ijcqulerj6wg5eap3tiligau6yoszffm,4,304,41.02891596267,3,68.97058303002268,True
seed_10003-clients_5-joint_dirichlet_0.3-submitted-sign_flip-B7,submission_manifest,bafkreie6pxqvp44t3taeb2dk2xxpv3gx7zlhas54bcv3e7sd5klkcfgvni,4,545,18.452083982992917,3,51.83720903005451,True
seed_10003-clients_5-joint_dirichlet_0.3-submitted-sign_flip-B7,global_model,bafkreigbovwuryp5de6b2g3pxyniigouegfbziv6ok4dzx3hhpaclzshgq,global,2183,22.559208038728684,3,49.584332969971,True
seed_10003-clients_5-joint_dirichlet_0.3-submitted-sign_flip-B7,report,bafkreigfymbqfmyza7sh55zzvqnglxkba33gvzopjecwulm6kltw6o4dhi,global,1805,22.2392090363428,3,57.136707997415215,True
