scenario_id,seed,client_count,partition,policy_profile,method,round,client_id,train_samples,evaluation_samples,valid_update,approved,accuracy,macro_f1,demographic_parity_gap,equal_opportunity_gap,equalized_odds_gap,subgroup_accuracy_gap,undefined_metrics,runtime_ms
threshold_sensitivity,7001,10,joint_dirichlet_0.3,lenient,B3,1,0,135,34,True,False,0.7058823529411765,0.41379310344827586,,,,,"comparison_groups,subgroup_accuracy_gap",1.43162501626648
threshold_sensitivity,7001,10,joint_dirichlet_0.3,lenient,B3,1,1,424,106,True,False,0.9905660377358491,0.4976303317535545,,,,,"comparison_groups,subgroup_accuracy_gap",1.738457998726517
threshold_sensitivity,7001,10,joint_dirichlet_0.3,lenient,B3,1,2,1192,299,True,True,0.9431438127090301,0.4853700516351119,0.0,0.0,,0.06666666666666665,"equalized_odds_gap,false_positive_rate_gap",1.0985830158460885
threshold_sensitivity,7001,10,joint_dirichlet_0.3,lenient,B3,1,3,186,47,True,True,0.8723404255319149,0.4659090909090909,0.0,0.0,0.0,0.052380952380952306,,0.6979579920880497
threshold_sensitivity,7001,10,joint_dirichlet_0.3,lenient,B3,1,4,2968,742,True,True,0.7776280323450134,0.7669256381798002,0.31873340447179693,0.4709677419354839,0.4709677419354839,0.11268828945082754,,1.6079999913927168
threshold_sensitivity,7001,10,joint_dirichlet_0.3,lenient,B3,1,5,1777,445,True,True,0.7460674157303371,0.7453266413099079,0.29061671087533153,0.04999999999999993,0.31773879142300193,0.16097480106100792,,1.2379999971017241
threshold_sensitivity,7001,10,joint_dirichlet_0.3,lenient,B3,1,6,9674,2419,True,True,0.9524596940884663,0.49636738558577154,0.0007874015748031496,,,0.09055118110236215,"equal_opportunity_gap,equalized_odds_gap",4.226666991598904
threshold_sensitivity,7001,10,joint_dirichlet_0.3,lenient,B3,1,7,928,233,True,True,0.8626609442060086,0.5183462532299742,0.07407407407407407,,,0.8919453434016541,"equal_opportunity_gap,equalized_odds_gap",0.9581249905750155
threshold_sensitivity,7001,10,joint_dirichlet_0.3,lenient,B3,1,8,400,101,True,False,0.9801980198019802,0.495,,,,,"comparison_groups,subgroup_accuracy_gap",0.7825419888831675
threshold_sensitivity,7001,10,joint_dirichlet_0.3,lenient,B3,1,9,2821,706,True,True,0.9886685552407932,0.49715099715099714,0.0,0.0,0.0,0.003337541537881128,,1.5446250035893172
threshold_sensitivity,7001,10,joint_dirichlet_0.3,lenient,B3,2,0,135,34,True,False,0.7352941176470589,0.423728813559322,,,,,"comparison_groups,subgroup_accuracy_gap",0.7147500000428408
threshold_sensitivity,7001,10,joint_dirichlet_0.3,lenient,B3,2,1,424,106,True,False,0.9905660377358491,0.4976303317535545,,,,,"comparison_groups,subgroup_accuracy_gap",1.0069580166600645
threshold_sensitivity,7001,10,joint_dirichlet_0.3,lenient,B3,2,2,1192,299,True,True,0.9565217391304348,0.7060869565217391,0.02352941176470591,0.004201680672268893,,0.050980392156862786,"equalized_odds_gap,false_positive_rate_gap",1.1231250246055424
threshold_sensitivity,7001,10,joint_dirichlet_0.3,lenient,B3,2,3,186,47,True,True,0.9148936170212766,0.7267441860465116,0.05714285714285716,0.0,0.5,0.10952380952380947,,0.7592080219183117
threshold_sensitivity,7001,10,joint_dirichlet_0.3,lenient,B3,2,4,2968,742,True,True,0.7021563342318059,0.6376849059313514,0.16691068814055637,0.33548387096774196,0.33548387096774196,0.23150606744918978,,1.5980829775799066
threshold_sensitivity,7001,10,joint_dirichlet_0.3,lenient,B3,2,5,1777,445,True,True,0.6898876404494382,0.6574173249430981,0.12491710875331564,0.21499999999999997,0.21499999999999997,0.0002486737400529959,,1.2870409991592169
threshold_sensitivity,7001,10,joint_dirichlet_0.3,lenient,B3,2,6,9674,2419,True,True,0.9532864820173625,0.5132372084243741,0.002362204724409449,,,0.08897637795275593,"equal_opportunity_gap,equalized_odds_gap",3.8241249858401716
threshold_sensitivity,7001,10,joint_dirichlet_0.3,lenient,B3,2,7,928,233,True,False,0.9184549356223176,0.8101059494702526,0.5586120100683207,,,0.3685724559510968,"equal_opportunity_gap,equalized_odds_gap",0.9387499885633588
threshold_sensitivity,7001,10,joint_dirichlet_0.3,lenient,B3,2,8,400,101,True,False,0.9801980198019802,0.495,,,,,"comparison_groups,subgroup_accuracy_gap",0.7494169985875487
threshold_sensitivity,7001,10,joint_dirichlet_0.3,lenient,B3,2,9,2821,706,True,True,0.9886685552407932,0.49715099715099714,0.0,0.0,0.0,0.003337541537881128,,1.461582985939458
threshold_sensitivity,7001,10,joint_dirichlet_0.3,lenient,B3,3,0,135,34,True,False,0.7352941176470589,0.423728813559322,,,,,"comparison_groups,subgroup_accuracy_gap",0.6595829909201711
threshold_sensitivity,7001,10,joint_dirichlet_0.3,lenient,B3,3,1,424,106,True,False,0.9905660377358491,0.4976303317535545,,,,,"comparison_groups,subgroup_accuracy_gap",0.7369170198217034
threshold_sensitivity,7001,10,joint_dirichlet_0.3,lenient,B3,3,2,1192,299,True,True,0.8896321070234113,0.6463060544144532,0.10650623885918009,0.13731856378915208,,0.11042780748663106,"equalized_odds_gap,false_positive_rate_gap",1.045042008627206
threshold_sensitivity,7001,10,joint_dirichlet_0.3,lenient,B3,3,3,186,47,True,True,0.7872340425531915,0.7032828282828283,0.00952380952380949,0.058064516129032295,0.058064516129032295,0.06190476190476191,,0.6690000009257346
threshold_sensitivity,7001,10,joint_dirichlet_0.3,lenient,B3,3,4,2968,742,True,True,0.6549865229110512,0.5503030303030303,0.10102489019033675,0.2064516129032258,0.2064516129032258,0.28275057696602723,,1.403292000759393
threshold_sensitivity,7001,10,joint_dirichlet_0.3,lenient,B3,3,5,1777,445,True,True,0.6202247191011236,0.5459320754716981,0.09532493368700266,0.13499999999999998,0.13499999999999998,0.07427055702917773,,1.0862500057555735
threshold_sensitivity,7001,10,joint_dirichlet_0.3,lenient,B3,3,6,9674,2419,True,True,0.9536998759818107,0.521463897131553,0.0031496062992125984,,,0.08818897637795275,"equal_opportunity_gap,equalized_odds_gap",3.0939169810153544
threshold_sensitivity,7001,10,joint_dirichlet_0.3,lenient,B3,3,7,928,233,True,False,0.7982832618025751,0.7071063681831555,0.6285508809780654,,,0.06058971592952178,"equal_opportunity_gap,equalized_odds_gap",0.8967909961938858
threshold_sensitivity,7001,10,joint_dirichlet_0.3,lenient,B3,3,8,400,101,True,False,0.8712871287128713,0.5319073083778967,,,,,"comparison_groups,subgroup_accuracy_gap",0.8643750043120235
threshold_sensitivity,7001,10,joint_dirichlet_0.3,lenient,B3,3,9,2821,706,True,True,0.9886685552407932,0.49715099715099714,0.0,0.0,0.0,0.003337541537881128,,1.5254160098265857
threshold_sensitivity,7001,10,joint_dirichlet_0.3,lenient,B3,4,0,135,34,True,False,0.7352941176470589,0.423728813559322,,,,,"comparison_groups,subgroup_accuracy_gap",0.6825419841334224
threshold_sensitivity,7001,10,joint_dirichlet_0.3,lenient,B3,4,1,424,106,True,False,0.9905660377358491,0.4976303317535545,,,,,"comparison_groups,subgroup_accuracy_gap",0.7438749889843166
threshold_sensitivity,7001,10,joint_dirichlet_0.3,lenient,B3,4,2,1192,299,True,True,0.705685618729097,0.5294033481184719,0.14474153297682713,0.18143621084797557,,0.18787878787878787,"equalized_odds_gap,false_positive_rate_gap",0.9881670121103525
threshold_sensitivity,7001,10,joint_dirichlet_0.3,lenient,B3,4,3,186,47,True,True,0.6170212765957447,0.559375,0.12619047619047624,0.18387096774193545,0.18387096774193545,0.1785714285714286,,0.6790829938836396
threshold_sensitivity,7001,10,joint_dirichlet_0.3,lenient,B3,4,4,2968,742,True,True,0.633423180592992,0.5067695044820474,0.0746705710102489,0.15161290322580645,0.15161290322580645,0.30617663845943865,,1.5148340025916696
threshold_sensitivity,7001,10,joint_dirichlet_0.3,lenient,B3,4,5,1777,445,True,True,0.6,0.5096691922943595,0.06888262599469495,0.08499999999999999,0.08499999999999999,0.09590517241379315,,1.1461669928394258
threshold_sensitivity,7001,10,joint_dirichlet_0.3,lenient,B3,4,6,9674,2419,True,True,0.9532864820173625,0.5210798991514778,0.002279284280065514,,,0.0873186543588057,"equal_opportunity_gap,equalized_odds_gap",2.9938330117147416
threshold_sensitivity,7001,10,joint_dirichlet_0.3,lenient,B3,4,7,928,233,True,False,0.6695278969957081,0.6052845796757089,0.4956850053937432,,,0.24811218985976258,"equal_opportunity_gap,equalized_odds_gap",0.879917002748698
threshold_sensitivity,7001,10,joint_dirichlet_0.3,lenient,B3,4,8,400,101,True,False,0.6534653465346535,0.4439200880918672,,,,,"comparison_groups,subgroup_accuracy_gap",0.7216249941848218
threshold_sensitivity,7001,10,joint_dirichlet_0.3,lenient,B3,4,9,2821,706,True,True,0.9886685552407932,0.49715099715099714,0.0,0.0,0.0,0.003337541537881128,,1.3955830072518438
threshold_sensitivity,7001,10,joint_dirichlet_0.3,lenient,B3,5,0,135,34,True,False,0.7352941176470589,0.423728813559322,,,,,"comparison_groups,subgroup_accuracy_gap",0.6990410038270056
threshold_sensitivity,7001,10,joint_dirichlet_0.3,lenient,B3,5,1,424,106,True,False,0.9905660377358491,0.4976303317535545,,,,,"comparison_groups,subgroup_accuracy_gap",0.7443329959642142
threshold_sensitivity,7001,10,joint_dirichlet_0.3,lenient,B3,5,2,1192,299,True,True,0.5719063545150501,0.45388127853881277,0.13208556149732614,0.16653934300993117,,0.19090909090909086,"equalized_odds_gap,false_positive_rate_gap",0.964292004937306
threshold_sensitivity,7001,10,joint_dirichlet_0.3,lenient,B3,5,3,186,47,True,False,0.5106382978723404,0.4765133171912833,0.15714285714285714,0.2129032258064516,0.2129032258064516,0.2095238095238095,,0.6503750046249479
threshold_sensitivity,7001,10,joint_dirichlet_0.3,lenient,B3,5,4,2968,742,True,True,0.6226415094339622,0.4806259687015649,0.05710102489019034,0.11935483870967742,0.11935483870967742,0.31788966920614437,,1.5387920138891786
threshold_sensitivity,7001,10,joint_dirichlet_0.3,lenient,B3,5,5,1777,445,True,True,0.5842696629213483,0.48164915219020155,0.05205570291777188,0.04999999999999999,0.04999999999999999,0.11273209549071628,,1.1446249845903367
threshold_sensitivity,7001,10,joint_dirichlet_0.3,lenient,B3,5,6,9674,2419,True,True,0.9532864820173625,0.5210798991514778,0.002279284280065514,,,0.0873186543588057,"equal_opportunity_gap,equalized_odds_gap",3.308624989585951
threshold_sensitivity,7001,10,joint_dirichlet_0.3,lenient,B3,5,7,928,233,True,False,0.5965665236051502,0.5499342429722176,0.44534340165408126,,,0.37252786767349877,"equal_opportunity_gap,equalized_odds_gap",0.8880840032361448
threshold_sensitivity,7001,10,joint_dirichlet_0.3,lenient,B3,5,8,400,101,True,False,0.5148514851485149,0.3733063188552615,,,,,"comparison_groups,subgroup_accuracy_gap",0.7084999815560877
threshold_sensitivity,7001,10,joint_dirichlet_0.3,lenient,B3,5,9,2821,706,True,True,0.9886685552407932,0.49715099715099714,0.0,0.0,0.0,0.003337541537881128,,1.4339160115923733
threshold_sensitivity,7001,10,joint_dirichlet_0.3,submitted,B3,1,0,135,34,True,False,0.7058823529411765,0.41379310344827586,,,,,"comparison_groups,subgroup_accuracy_gap",0.7677499961573631
threshold_sensitivity,7001,10,joint_dirichlet_0.3,submitted,B3,1,1,424,106,True,False,0.9905660377358491,0.4976303317535545,,,,,"comparison_groups,subgroup_accuracy_gap",0.7323330210056156
threshold_sensitivity,7001,10,joint_dirichlet_0.3,submitted,B3,1,2,1192,299,True,True,0.9431438127090301,0.4853700516351119,0.0,0.0,,0.06666666666666665,"equalized_odds_gap,false_positive_rate_gap",0.946875021327287
threshold_sensitivity,7001,10,joint_dirichlet_0.3,submitted,B3,1,3,186,47,True,True,0.8723404255319149,0.4659090909090909,0.0,0.0,0.0,0.052380952380952306,,0.63308299286291
threshold_sensitivity,7001,10,joint_dirichlet_0.3,submitted,B3,1,4,2968,742,True,False,0.7776280323450134,0.7669256381798002,0.31873340447179693,0.4709677419354839,0.4709677419354839,0.11268828945082754,,1.4653329853899777
threshold_sensitivity,7001,10,joint_dirichlet_0.3,submitted,B3,1,5,1777,445,True,False,0.7460674157303371,0.7453266413099079,0.29061671087533153,0.04999999999999993,0.31773879142300193,0.16097480106100792,,1.2783750134985894
threshold_sensitivity,7001,10,joint_dirichlet_0.3,submitted,B3,1,6,9674,2419,True,True,0.9524596940884663,0.49636738558577154,0.0007874015748031496,,,0.09055118110236215,"equal_opportunity_gap,equalized_odds_gap",3.2456250046379864
threshold_sensitivity,7001,10,joint_dirichlet_0.3,submitted,B3,1,7,928,233,True,True,0.8626609442060086,0.5183462532299742,0.07407407407407407,,,0.8919453434016541,"equal_opportunity_gap,equalized_odds_gap",0.8691660186741501
threshold_sensitivity,7001,10,joint_dirichlet_0.3,submitted,B3,1,8,400,101,True,False,0.9801980198019802,0.495,,,,,"comparison_groups,subgroup_accuracy_gap",0.7006659870967269
threshold_sensitivity,7001,10,joint_dirichlet_0.3,submitted,B3,1,9,2821,706,True,True,0.9886685552407932,0.49715099715099714,0.0,0.0,0.0,0.003337541537881128,,1.374292012769729
threshold_sensitivity,7001,10,joint_dirichlet_0.3,submitted,B3,2,0,135,34,True,False,0.7352941176470589,0.423728813559322,,,,,"comparison_groups,subgroup_accuracy_gap",0.6882919988129288
threshold_sensitivity,7001,10,joint_dirichlet_0.3,submitted,B3,2,1,424,106,True,False,0.9905660377358491,0.4976303317535545,,,,,"comparison_groups,subgroup_accuracy_gap",0.7518329948652536
threshold_sensitivity,7001,10,joint_dirichlet_0.3,submitted,B3,2,2,1192,299,True,True,0.9531772575250836,0.6961382113821138,0.0008021390374332027,0.018525592055003814,,0.02825311942959008,"equalized_odds_gap,false_positive_rate_gap",0.95554199651815
threshold_sensitivity,7001,10,joint_dirichlet_0.3,submitted,B3,2,3,186,47,True,True,0.9148936170212766,0.7267441860465116,0.05714285714285716,0.0,0.5,0.10952380952380947,,0.6460419972427189
threshold_sensitivity,7001,10,joint_dirichlet_0.3,submitted,B3,2,4,2968,742,True,True,0.6563342318059299,0.5543165645559065,0.1054172767203514,0.2129032258064516,0.2129032258064516,0.281286448122689,,1.4051249891053885
threshold_sensitivity,7001,10,joint_dirichlet_0.3,submitted,B3,2,5,1777,445,True,True,0.6404494382022472,0.5781590672101621,0.11695954907161803,0.18000000000000002,0.18000000000000002,0.05263594164456242,,1.094959006877616
threshold_sensitivity,7001,10,joint_dirichlet_0.3,submitted,B3,2,6,9674,2419,True,True,0.9532864820173625,0.5132372084243741,0.002362204724409449,,,0.08897637795275593,"equal_opportunity_gap,equalized_odds_gap",3.210082999430597
threshold_sensitivity,7001,10,joint_dirichlet_0.3,submitted,B3,2,7,928,233,True,False,0.9227467811158798,0.827832512315271,0.5859403092412802,,,0.3315354189140597,"equal_opportunity_gap,equalized_odds_gap",1.0032080172095448
threshold_sensitivity,7001,10,joint_dirichlet_0.3,submitted,B3,2,8,400,101,True,False,0.9801980198019802,0.495,,,,,"comparison_groups,subgroup_accuracy_gap",0.8917500090319663
threshold_sensitivity,7001,10,joint_dirichlet_0.3,submitted,B3,2,9,2821,706,True,True,0.9886685552407932,0.49715099715099714,0.0,0.0,0.0,0.003337541537881128,,1.3941249926574528
threshold_sensitivity,7001,10,joint_dirichlet_0.3,submitted,B3,3,0,135,34,True,False,0.7352941176470589,0.423728813559322,,,,,"comparison_groups,subgroup_accuracy_gap",0.6325829890556633
threshold_sensitivity,7001,10,joint_dirichlet_0.3,submitted,B3,3,1,424,106,True,False,0.9905660377358491,0.4976303317535545,,,,,"comparison_groups,subgroup_accuracy_gap",0.7084160170052201
threshold_sensitivity,7001,10,joint_dirichlet_0.3,submitted,B3,3,2,1192,299,True,True,0.8494983277591973,0.6313799621928167,0.1158645276292335,0.15508021390374327,,0.14331550802139037,"equalized_odds_gap,false_positive_rate_gap",1.272665977012366
threshold_sensitivity,7001,10,joint_dirichlet_0.3,submitted,B3,3,3,186,47,True,True,0.723404255319149,0.6457971014492754,0.016666666666666607,0.022580645161290325,0.022580645161290325,0.0357142857142857,,0.7400830218102783
threshold_sensitivity,7001,10,joint_dirichlet_0.3,submitted,B3,3,4,2968,742,True,True,0.623989218328841,0.48348158035903643,0.05856515373352855,0.12258064516129032,0.12258064516129032,0.3164255403628061,,1.458667014958337
threshold_sensitivity,7001,10,joint_dirichlet_0.3,submitted,B3,3,5,1777,445,True,False,0.6,0.5096691922943595,0.06888262599469495,0.08499999999999999,0.08499999999999999,0.09590517241379315,,1.1177919805049896
threshold_sensitivity,7001,10,joint_dirichlet_0.3,submitted,B3,3,6,9674,2419,True,True,0.9532864820173625,0.5132372084243741,0.002362204724409449,,,0.08897637795275593,"equal_opportunity_gap,equalized_odds_gap",3.0768750002607703
threshold_sensitivity,7001,10,joint_dirichlet_0.3,submitted,B3,3,7,928,233,True,False,0.7725321888412017,0.6904159041339718,0.5800071916576771,,,0.08971592952175478,"equal_opportunity_gap,equalized_odds_gap",0.875957979587838
threshold_sensitivity,7001,10,joint_dirichlet_0.3,submitted,B3,3,8,400,101,True,False,0.7821782178217822,0.47986891385767794,,,,,"comparison_groups,subgroup_accuracy_gap",0.9290419984608889
threshold_sensitivity,7001,10,joint_dirichlet_0.3,submitted,B3,3,9,2821,706,True,True,0.9886685552407932,0.49715099715099714,0.0,0.0,0.0,0.003337541537881128,,1.4523339923471212
threshold_sensitivity,7001,10,joint_dirichlet_0.3,submitted,B3,4,0,135,34,True,False,0.7352941176470589,0.423728813559322,,,,,"comparison_groups,subgroup_accuracy_gap",0.6456660048570484
threshold_sensitivity,7001,10,joint_dirichlet_0.3,submitted,B3,4,1,424,106,True,False,0.9905660377358491,0.4976303317535545,,,,,"comparison_groups,subgroup_accuracy_gap",0.7026669918559492
threshold_sensitivity,7001,10,joint_dirichlet_0.3,submitted,B3,4,2,1192,299,True,True,0.6421404682274248,0.4985501794642717,0.10784313725490191,0.1470588235294118,,0.16666666666666663,"equalized_odds_gap,false_positive_rate_gap",0.9419999842066318
threshold_sensitivity,7001,10,joint_dirichlet_0.3,submitted,B3,4,3,186,47,True,False,0.5319148936170213,0.4931372549019608,0.12857142857142856,0.18064516129032254,0.18064516129032254,0.18095238095238092,,0.6307500007096678
threshold_sensitivity,7001,10,joint_dirichlet_0.3,submitted,B3,4,4,2968,742,True,False,0.6172506738544474,0.46695402298850575,0.048316251830161056,0.1032258064516129,0.1032258064516129,0.3237461845794972,,1.6048329998739064
threshold_sensitivity,7001,10,joint_dirichlet_0.3,submitted,B3,4,5,1777,445,True,False,0.5707865168539326,0.4537210214089685,0.03282493368700265,0.015,0.023148148148148147,0.12715517241379315,,1.2102919863536954
threshold_sensitivity,7001,10,joint_dirichlet_0.3,submitted,B3,4,6,9674,2419,True,True,0.9532864820173625,0.5132372084243741,0.002362204724409449,,,0.08897637795275593,"equal_opportunity_gap,equalized_odds_gap",3.0398340022657067
threshold_sensitivity,7001,10,joint_dirichlet_0.3,submitted,B3,4,7,928,233,True,False,0.6394849785407726,0.584140744518103,0.4938870909744696,,,0.32398417835311044,"equal_opportunity_gap,equalized_odds_gap",0.8517499954905361
threshold_sensitivity,7001,10,joint_dirichlet_0.3,submitted,B3,4,8,400,101,True,False,0.5643564356435643,0.39880952380952384,,,,,"comparison_groups,subgroup_accuracy_gap",0.6917499995324761
threshold_sensitivity,7001,10,joint_dirichlet_0.3,submitted,B3,4,9,2821,706,True,True,0.9886685552407932,0.49715099715099714,0.0,0.0,0.0,0.003337541537881128,,1.3828750234097242
threshold_sensitivity,7001,10,joint_dirichlet_0.3,submitted,B3,5,0,135,34,True,False,0.7352941176470589,0.423728813559322,,,,,"comparison_groups,subgroup_accuracy_gap",0.6500410090666264
threshold_sensitivity,7001,10,joint_dirichlet_0.3,submitted,B3,5,1,424,106,True,False,0.9905660377358491,0.4976303317535545,,,,,"comparison_groups,subgroup_accuracy_gap",0.7110410078894347
threshold_sensitivity,7001,10,joint_dirichlet_0.3,submitted,B3,5,2,1192,299,True,False,0.4682274247491639,0.3884379381761581,0.09046345811051698,0.11707410236822002,,0.14928698752228164,"equalized_odds_gap,false_positive_rate_gap",0.9377079841215163
threshold_sensitivity,7001,10,joint_dirichlet_0.3,submitted,B3,5,3,186,47,True,False,0.40425531914893614,0.3907407407407407,0.0761904761904762,0.10967741935483871,0.10967741935483871,0.12857142857142856,,0.6392080103978515
threshold_sensitivity,7001,10,joint_dirichlet_0.3,submitted,B3,5,4,2968,742,True,False,0.6064690026954178,0.44064768631824613,0.03367496339677892,0.07419354838709677,0.07419354838709677,0.33545921532620293,,1.3847499794792384
threshold_sensitivity,7001,10,joint_dirichlet_0.3,submitted,B3,5,5,1777,445,True,False,0.5662921348314607,0.4293393399379406,0.003978779840848809,0.020000000000000004,0.020000000000000004,0.13196286472148544,,1.089208002667874
threshold_sensitivity,7001,10,joint_dirichlet_0.3,submitted,B3,5,6,9674,2419,True,True,0.9532864820173625,0.5132372084243741,0.002362204724409449,,,0.08897637795275593,"equal_opportunity_gap,equalized_odds_gap",3.3460420090705156
threshold_sensitivity,7001,10,joint_dirichlet_0.3,submitted,B3,5,7,928,233,True,False,0.5236051502145923,0.4943991554747522,0.39500179791441925,,,0.49694354548723474,"equal_opportunity_gap,equalized_odds_gap",0.8830419974401593
threshold_sensitivity,7001,10,joint_dirichlet_0.3,submitted,B3,5,8,400,101,True,False,0.40594059405940597,0.3138586956521739,,,,,"comparison_groups,subgroup_accuracy_gap",0.7084580138325691
threshold_sensitivity,7001,10,joint_dirichlet_0.3,submitted,B3,5,9,2821,706,True,True,0.9886685552407932,0.49715099715099714,0.0,0.0,0.0,0.003337541537881128,,1.3951250002719462
threshold_sensitivity,7001,10,joint_dirichlet_0.3,moderate,B3,1,0,135,34,True,False,0.7058823529411765,0.41379310344827586,,,,,"comparison_groups,subgroup_accuracy_gap",0.7780420128256083
threshold_sensitivity,7001,10,joint_dirichlet_0.3,moderate,B3,1,1,424,106,True,False,0.9905660377358491,0.4976303317535545,,,,,"comparison_groups,subgroup_accuracy_gap",0.7355840061791241
threshold_sensitivity,7001,10,joint_dirichlet_0.3,moderate,B3,1,2,1192,299,True,True,0.9431438127090301,0.4853700516351119,0.0,0.0,,0.06666666666666665,"equalized_odds_gap,false_positive_rate_gap",0.9516660065855831
threshold_sensitivity,7001,10,joint_dirichlet_0.3,moderate,B3,1,3,186,47,True,True,0.8723404255319149,0.4659090909090909,0.0,0.0,0.0,0.052380952380952306,,0.6495409761555493
threshold_sensitivity,7001,10,joint_dirichlet_0.3,moderate,B3,1,4,2968,742,True,False,0.7776280323450134,0.7669256381798002,0.31873340447179693,0.4709677419354839,0.4709677419354839,0.11268828945082754,,1.4677500003017485
threshold_sensitivity,7001,10,joint_dirichlet_0.3,moderate,B3,1,5,1777,445,True,False,0.7460674157303371,0.7453266413099079,0.29061671087533153,0.04999999999999993,0.31773879142300193,0.16097480106100792,,1.1235830024816096
threshold_sensitivity,7001,10,joint_dirichlet_0.3,moderate,B3,1,6,9674,2419,True,False,0.9524596940884663,0.49636738558577154,0.0007874015748031496,,,0.09055118110236215,"equal_opportunity_gap,equalized_odds_gap",3.3979580039158463
threshold_sensitivity,7001,10,joint_dirichlet_0.3,moderate,B3,1,7,928,233,True,False,0.8626609442060086,0.5183462532299742,0.07407407407407407,,,0.8919453434016541,"equal_opportunity_gap,equalized_odds_gap",0.8667089859955013
threshold_sensitivity,7001,10,joint_dirichlet_0.3,moderate,B3,1,8,400,101,True,False,0.9801980198019802,0.495,,,,,"comparison_groups,subgroup_accuracy_gap",0.6991249974817038
threshold_sensitivity,7001,10,joint_dirichlet_0.3,moderate,B3,1,9,2821,706,True,True,0.9886685552407932,0.49715099715099714,0.0,0.0,0.0,0.003337541537881128,,1.3868339883629233
threshold_sensitivity,7001,10,joint_dirichlet_0.3,moderate,B3,2,0,135,34,True,False,0.7647058823529411,0.5310344827586206,,,,,"comparison_groups,subgroup_accuracy_gap",0.6255829939618707
threshold_sensitivity,7001,10,joint_dirichlet_0.3,moderate,B3,2,1,424,106,True,False,0.9905660377358491,0.4976303317535545,,,,,"comparison_groups,subgroup_accuracy_gap",0.8321669884026051
threshold_sensitivity,7001,10,joint_dirichlet_0.3,moderate,B3,2,2,1192,299,True,True,0.9565217391304348,0.6792110258314764,0.015686274509803977,0.0,,0.050980392156862786,"equalized_odds_gap,false_positive_rate_gap",0.9910000080708414
threshold_sensitivity,7001,10,joint_dirichlet_0.3,moderate,B3,2,3,186,47,True,True,0.9148936170212766,0.7267441860465116,0.05714285714285716,0.0,0.5,0.10952380952380947,,0.6484170153271407
threshold_sensitivity,7001,10,joint_dirichlet_0.3,moderate,B3,2,4,2968,742,True,False,0.7425876010781671,0.7036363218131212,0.21291907586172668,0.45483870967741935,0.45483870967741935,0.16916892076333234,,1.410875003784895
threshold_sensitivity,7001,10,joint_dirichlet_0.3,moderate,B3,2,5,1777,445,True,True,0.7303370786516854,0.7180212909766812,0.120026525198939,0.05500000000000005,0.06310916179337232,0.06714190981432366,,1.0976659832522273
threshold_sensitivity,7001,10,joint_dirichlet_0.3,moderate,B3,2,6,9674,2419,True,False,0.9532864820173625,0.5210798991514778,0.002279284280065514,,,0.0873186543588057,"equal_opportunity_gap,equalized_odds_gap",2.9550420003943145
threshold_sensitivity,7001,10,joint_dirichlet_0.3,moderate,B3,2,7,928,233,True,False,0.8884120171673819,0.70875,0.3831355627472133,,,0.5440489032722042,"equal_opportunity_gap,equalized_odds_gap",0.891125004272908
threshold_sensitivity,7001,10,joint_dirichlet_0.3,moderate,B3,2,8,400,101,True,False,0.9801980198019802,0.495,,,,,"comparison_groups,subgroup_accuracy_gap",0.7681669958401471
threshold_sensitivity,7001,10,joint_dirichlet_0.3,moderate,B3,2,9,2821,706,True,True,0.9886685552407932,0.49715099715099714,0.0,0.0,0.0,0.003337541537881128,,1.3865829969290644
threshold_sensitivity,7001,10,joint_dirichlet_0.3,moderate,B3,3,0,135,34,True,False,0.7647058823529411,0.5310344827586206,,,,,"comparison_groups,subgroup_accuracy_gap",0.626207998720929
threshold_sensitivity,7001,10,joint_dirichlet_0.3,moderate,B3,3,1,424,106,True,False,0.9905660377358491,0.4976303317535545,,,,,"comparison_groups,subgroup_accuracy_gap",0.6991249974817038
threshold_sensitivity,7001,10,joint_dirichlet_0.3,moderate,B3,3,2,1192,299,True,True,0.9498327759197325,0.7090873710838684,0.014081996434937571,0.03705118411000763,,0.005525846702317372,"equalized_odds_gap,false_positive_rate_gap",0.9349999891128391
threshold_sensitivity,7001,10,joint_dirichlet_0.3,moderate,B3,3,3,186,47,True,True,0.9148936170212766,0.7267441860465116,0.05714285714285716,0.0,0.5,0.10952380952380947,,0.6295829953160137
threshold_sensitivity,7001,10,joint_dirichlet_0.3,moderate,B3,3,4,2968,742,True,False,0.7412398921832885,0.7024188494798846,0.2143832047050649,0.45483870967741935,0.45483870967741935,0.17063304960667047,,1.4890829916112125
threshold_sensitivity,7001,10,joint_dirichlet_0.3,moderate,B3,3,5,1777,445,True,True,0.7168539325842697,0.6994790326730126,0.12325928381962864,0.10999999999999999,0.10999999999999999,0.044678381962864666,,1.1546250025276095
threshold_sensitivity,7001,10,joint_dirichlet_0.3,moderate,B3,3,6,9674,2419,True,False,0.9520463001240181,0.5345607749469214,0.004475648115787093,,,0.08636541189531466,"equal_opportunity_gap,equalized_odds_gap",2.978791017085314
threshold_sensitivity,7001,10,joint_dirichlet_0.3,moderate,B3,3,7,928,233,True,False,0.9055793991416309,0.8058333333333333,0.5987055016181231,,,0.27022653721682854,"equal_opportunity_gap,equalized_odds_gap",0.8527909812983125
threshold_sensitivity,7001,10,joint_dirichlet_0.3,moderate,B3,3,8,400,101,True,False,0.9900990099009901,0.830820770519263,,,,,"comparison_groups,subgroup_accuracy_gap",0.6928340008016676
threshold_sensitivity,7001,10,joint_dirichlet_0.3,moderate,B3,3,9,2821,706,True,True,0.9886685552407932,0.49715099715099714,0.0,0.0,0.0,0.003337541537881128,,1.3740839785896242
threshold_sensitivity,7001,10,joint_dirichlet_0.3,moderate,B3,4,0,135,34,True,False,0.7647058823529411,0.5310344827586206,,,,,"comparison_groups,subgroup_accuracy_gap",0.6684580002911389
threshold_sensitivity,7001,10,joint_dirichlet_0.3,moderate,B3,4,1,424,106,True,False,0.9811320754716981,0.49523809523809526,,,,,"comparison_groups,subgroup_accuracy_gap",0.7232920033857226
threshold_sensitivity,7001,10,joint_dirichlet_0.3,moderate,B3,4,2,1192,299,True,True,0.9163879598662207,0.6726802995139467,0.06577540106951874,0.09434682964094732,,0.06185383244206777,"equalized_odds_gap,false_positive_rate_gap",0.9803329885471612
threshold_sensitivity,7001,10,joint_dirichlet_0.3,moderate,B3,4,3,186,47,True,True,0.851063829787234,0.7223628691983122,0.033333333333333326,0.029032258064516148,0.25,0.023809523809523725,,0.6382499996107072
threshold_sensitivity,7001,10,joint_dirichlet_0.3,moderate,B3,4,4,2968,742,True,False,0.7479784366576819,0.711766844275491,0.22170384892175596,0.47096774193548385,0.47096774193548385,0.1633124053899795,,1.4063749986235052
threshold_sensitivity,7001,10,joint_dirichlet_0.3,moderate,B3,4,5,1777,445,True,True,0.7168539325842697,0.69733773804897,0.14572281167108753,0.2,0.2,0.007791777188328908,,1.0959579958580434
threshold_sensitivity,7001,10,joint_dirichlet_0.3,moderate,B3,4,6,9674,2419,True,False,0.9541132699462588,0.5889084008383845,0.011479341844671505,,,0.0807706804273487,"equal_opportunity_gap,equalized_odds_gap",3.1987089896574616
threshold_sensitivity,7001,10,joint_dirichlet_0.3,moderate,B3,4,7,928,233,True,False,0.8454935622317596,0.7385938668661182,0.5532182668104998,,,0.16037396619920885,"equal_opportunity_gap,equalized_odds_gap",0.9066659840755165
threshold_sensitivity,7001,10,joint_dirichlet_0.3,moderate,B3,4,8,400,101,True,False,0.9108910891089109,0.5673488814850072,,,,,"comparison_groups,subgroup_accuracy_gap",0.7209159957710654
threshold_sensitivity,7001,10,joint_dirichlet_0.3,moderate,B3,4,9,2821,706,True,False,0.9844192634560907,0.5729916973662506,0.02224543990248574,1.0,1.0,0.0018138812705875695,,1.377959008095786
threshold_sensitivity,7001,10,joint_dirichlet_0.3,moderate,B3,5,0,135,34,True,False,0.6764705882352942,0.5686274509803921,,,,,"comparison_groups,subgroup_accuracy_gap",0.6406249885912985
threshold_sensitivity,7001,10,joint_dirichlet_0.3,moderate,B3,5,1,424,106,True,False,0.9528301886792453,0.48792270531400966,,,,,"comparison_groups,subgroup_accuracy_gap",0.7077079790178686
threshold_sensitivity,7001,10,joint_dirichlet_0.3,moderate,B3,5,2,1192,299,True,True,0.9464882943143813,0.700250626566416,0.010160427807486605,0.032849503437738736,,0.009447415329768338,"equalized_odds_gap,false_positive_rate_gap",1.3316660188138485
threshold_sensitivity,7001,10,joint_dirichlet_0.3,moderate,B3,5,3,186,47,True,True,0.9148936170212766,0.7267441860465116,0.05714285714285716,0.0,0.5,0.10952380952380947,,0.7815840071998537
threshold_sensitivity,7001,10,joint_dirichlet_0.3,moderate,B3,5,4,2968,742,True,False,0.7870619946091644,0.7792016031218689,0.30972528972380076,0.3096774193548387,0.3096774193548387,0.10243938754746007,,1.5242910012602806
threshold_sensitivity,7001,10,joint_dirichlet_0.3,moderate,B3,5,5,1777,445,True,False,0.7348314606741573,0.7341211973913395,0.21452254641909813,0.025000000000000022,0.22051656920077972,0.1361074270557029,,1.1437500070314854
threshold_sensitivity,7001,10,joint_dirichlet_0.3,moderate,B3,5,6,9674,2419,True,False,0.9359239355105415,0.6561516162786112,0.06377884226612665,,,0.09055049580943375,"equal_opportunity_gap,equalized_odds_gap",3.1232079782057554
threshold_sensitivity,7001,10,joint_dirichlet_0.3,moderate,B3,5,7,928,233,True,False,0.9098712446351931,0.8072787427626137,0.5713772024451637,,,0.3169723121179432,"equal_opportunity_gap,equalized_odds_gap",0.9561670012772083
threshold_sensitivity,7001,10,joint_dirichlet_0.3,moderate,B3,5,8,400,101,True,False,0.9702970297029703,0.49246231155778897,,,,,"comparison_groups,subgroup_accuracy_gap",0.7102079980541021
threshold_sensitivity,7001,10,joint_dirichlet_0.3,moderate,B3,5,9,2821,706,True,False,0.9504249291784702,0.5142997542997543,0.008256787543714533,1.0,1.0,0.028688346175612667,,1.4428749855142087
threshold_sensitivity,7001,10,joint_dirichlet_0.3,strict,B3,1,0,135,34,True,False,0.7058823529411765,0.41379310344827586,,,,,"comparison_groups,subgroup_accuracy_gap",0.7831670227460563
threshold_sensitivity,7001,10,joint_dirichlet_0.3,strict,B3,1,1,424,106,True,False,0.9905660377358491,0.4976303317535545,,,,,"comparison_groups,subgroup_accuracy_gap",0.7477920153178275
threshold_sensitivity,7001,10,joint_dirichlet_0.3,strict,B3,1,2,1192,299,True,False,0.9431438127090301,0.4853700516351119,0.0,0.0,,0.06666666666666665,"equalized_odds_gap,false_positive_rate_gap",0.9683750104159117
threshold_sensitivity,7001,10,joint_dirichlet_0.3,strict,B3,1,3,186,47,True,True,0.8723404255319149,0.4659090909090909,0.0,0.0,0.0,0.052380952380952306,,0.6930829840712249
threshold_sensitivity,7001,10,joint_dirichlet_0.3,strict,B3,1,4,2968,742,True,False,0.7776280323450134,0.7669256381798002,0.31873340447179693,0.4709677419354839,0.4709677419354839,0.11268828945082754,,1.5656670148018748
threshold_sensitivity,7001,10,joint_dirichlet_0.3,strict,B3,1,5,1777,445,True,False,0.7460674157303371,0.7453266413099079,0.29061671087533153,0.04999999999999993,0.31773879142300193,0.16097480106100792,,1.1855409829877317
threshold_sensitivity,7001,10,joint_dirichlet_0.3,strict,B3,1,6,9674,2419,True,False,0.9524596940884663,0.49636738558577154,0.0007874015748031496,,,0.09055118110236215,"equal_opportunity_gap,equalized_odds_gap",3.1233750050887465
threshold_sensitivity,7001,10,joint_dirichlet_0.3,strict,B3,1,7,928,233,True,False,0.8626609442060086,0.5183462532299742,0.07407407407407407,,,0.8919453434016541,"equal_opportunity_gap,equalized_odds_gap",0.8678750018589199
threshold_sensitivity,7001,10,joint_dirichlet_0.3,strict,B3,1,8,400,101,True,False,0.9801980198019802,0.495,,,,,"comparison_groups,subgroup_accuracy_gap",0.7026660023257136
threshold_sensitivity,7001,10,joint_dirichlet_0.3,strict,B3,1,9,2821,706,True,True,0.9886685552407932,0.49715099715099714,0.0,0.0,0.0,0.003337541537881128,,1.4048329903744161
threshold_sensitivity,7001,10,joint_dirichlet_0.3,strict,B3,2,0,135,34,True,False,0.7352941176470589,0.423728813559322,,,,,"comparison_groups,subgroup_accuracy_gap",0.6313340272754431
threshold_sensitivity,7001,10,joint_dirichlet_0.3,strict,B3,2,1,424,106,True,False,0.9905660377358491,0.4976303317535545,,,,,"comparison_groups,subgroup_accuracy_gap",0.6942909967619926
threshold_sensitivity,7001,10,joint_dirichlet_0.3,strict,B3,2,2,1192,299,True,False,0.9230769230769231,0.6510022836843441,0.06265597147950086,0.08422459893048129,,0.04304812834224603,"equalized_odds_gap,false_positive_rate_gap",0.926957989577204
threshold_sensitivity,7001,10,joint_dirichlet_0.3,strict,B3,2,3,186,47,True,False,0.7872340425531915,0.6564327485380117,0.10476190476190483,0.13870967741935492,0.25,0.161904761904762,,0.6281249807216227
threshold_sensitivity,7001,10,joint_dirichlet_0.3,strict,B3,2,4,2968,742,True,False,0.601078167115903,0.43060394889663184,0.03074670571010249,0.06451612903225806,0.06451612903225806,0.3413157306995558,,1.3702080177608877
threshold_sensitivity,7001,10,joint_dirichlet_0.3,strict,B3,2,5,1777,445,True,False,0.5640449438202247,0.4312911725955204,0.011190318302387266,0.015,0.015,0.13436671087533159,,1.1064590071327984
threshold_sensitivity,7001,10,joint_dirichlet_0.3,strict,B3,2,6,9674,2419,True,False,0.9524596940884663,0.49636738558577154,0.0007874015748031496,,,0.09055118110236215,"equal_opportunity_gap,equalized_odds_gap",3.04529198911041
threshold_sensitivity,7001,10,joint_dirichlet_0.3,strict,B3,2,7,928,233,True,False,0.8326180257510729,0.7291747384734599,0.5708378281193816,,,0.10391945343401654,"equal_opportunity_gap,equalized_odds_gap",0.8623749890830368
threshold_sensitivity,7001,10,joint_dirichlet_0.3,strict,B3,2,8,400,101,True,False,0.9702970297029703,0.6923857868020304,,,,,"comparison_groups,subgroup_accuracy_gap",0.6802499992772937
threshold_sensitivity,7001,10,joint_dirichlet_0.3,strict,B3,2,9,2821,706,True,True,0.9886685552407932,0.49715099715099714,0.0,0.0,0.0,0.003337541537881128,,1.3358750147745013
threshold_sensitivity,7001,10,joint_dirichlet_0.3,strict,B3,3,0,135,34,True,False,0.7352941176470589,0.423728813559322,,,,,"comparison_groups,subgroup_accuracy_gap",0.6665409891866148
threshold_sensitivity,7001,10,joint_dirichlet_0.3,strict,B3,3,1,424,106,True,False,0.9905660377358491,0.4976303317535545,,,,,"comparison_groups,subgroup_accuracy_gap",0.7842089980840683
threshold_sensitivity,7001,10,joint_dirichlet_0.3,strict,B3,3,2,1192,299,True,False,0.4782608695652174,0.394862480539699,0.04893048128342248,0.0758212375859435,,0.1077540106951872,"equalized_odds_gap,false_positive_rate_gap",1.0032500140368938
threshold_sensitivity,7001,10,joint_dirichlet_0.3,strict,B3,3,3,186,47,True,False,0.3404255319148936,0.33561331509347925,0.06190476190476191,0.05806451612903224,0.05806451612903224,0.009523809523809545,,0.6512090039905161
threshold_sensitivity,7001,10,joint_dirichlet_0.3,strict,B3,3,4,2968,742,True,False,0.5822102425876011,0.38246348797250856,0.007320644216691069,0.016129032258064516,0.016129032258064516,0.36181353450629083,,1.3817920116707683
threshold_sensitivity,7001,10,joint_dirichlet_0.3,strict,B3,3,5,1777,445,True,False,0.5438202247191011,0.3814408282605569,0.02005968169761273,0.07,0.07,0.156001326259947,,1.0800000163726509
threshold_sensitivity,7001,10,joint_dirichlet_0.3,strict,B3,3,6,9674,2419,True,False,0.9520463001240181,0.487717069038543,0.0,,,0.09133858267716533,"equal_opportunity_gap,equalized_odds_gap",2.9110419854987413
threshold_sensitivity,7001,10,joint_dirichlet_0.3,strict,B3,3,7,928,233,True,False,0.463519313304721,0.4436804003591007,0.2948579647608774,,,0.5230133045667027,"equal_opportunity_gap,equalized_odds_gap",0.8767500112298876
threshold_sensitivity,7001,10,joint_dirichlet_0.3,strict,B3,3,8,400,101,True,False,0.5346534653465347,0.3835865472016621,,,,,"comparison_groups,subgroup_accuracy_gap",0.7015409937594086
threshold_sensitivity,7001,10,joint_dirichlet_0.3,strict,B3,3,9,2821,706,True,True,0.9886685552407932,0.49715099715099714,0.0,0.0,0.0,0.003337541537881128,,1.4490830071736127
threshold_sensitivity,7001,10,joint_dirichlet_0.3,strict,B3,4,0,135,34,True,False,0.7352941176470589,0.423728813559322,,,,,"comparison_groups,subgroup_accuracy_gap",0.6485829944722354
threshold_sensitivity,7001,10,joint_dirichlet_0.3,strict,B3,4,1,424,106,True,False,0.9905660377358491,0.4976303317535545,,,,,"comparison_groups,subgroup_accuracy_gap",0.69645800977014
threshold_sensitivity,7001,10,joint_dirichlet_0.3,strict,B3,4,2,1192,299,True,False,0.23411371237458195,0.22284773849384257,0.005347593582887694,0.0072574484339190115,,0.06131907308377896,"equalized_odds_gap,false_positive_rate_gap",0.935292016947642
threshold_sensitivity,7001,10,joint_dirichlet_0.3,strict,B3,4,3,186,47,True,False,0.19148936170212766,0.18818181818181817,0.08571428571428572,0.0967741935483871,0.0967741935483871,0.033333333333333354,,0.6320419779513031
threshold_sensitivity,7001,10,joint_dirichlet_0.3,strict,B3,4,4,2968,742,True,False,0.5808625336927223,0.37906279010319266,0.005856515373352855,0.012903225806451613,0.012903225806451613,0.36327766334962897,,1.4134999946691096
threshold_sensitivity,7001,10,joint_dirichlet_0.3,strict,B3,4,5,1777,445,True,False,0.5348314606741573,0.36120415253708366,0.007211538461538462,0.015,0.015,0.12873010610079572,,1.103667018469423
threshold_sensitivity,7001,10,joint_dirichlet_0.3,strict,B3,4,6,9674,2419,True,False,0.9520463001240181,0.487717069038543,0.0,,,0.09133858267716533,"equal_opportunity_gap,equalized_odds_gap",2.9305829957593232
threshold_sensitivity,7001,10,joint_dirichlet_0.3,strict,B3,4,7,928,233,True,False,0.26180257510729615,0.26113569321533925,0.13106796116504854,,,0.8349514563106796,"equal_opportunity_gap,equalized_odds_gap",0.8275840082205832
threshold_sensitivity,7001,10,joint_dirichlet_0.3,strict,B3,4,8,400,101,True,False,0.27722772277227725,0.23397402597402597,,,,,"comparison_groups,subgroup_accuracy_gap",0.6926669739186764
threshold_sensitivity,7001,10,joint_dirichlet_0.3,strict,B3,4,9,2821,706,True,True,0.9886685552407932,0.49715099715099714,0.0,0.0,0.0,0.003337541537881128,,1.3616670039482415
threshold_sensitivity,7001,10,joint_dirichlet_0.3,strict,B3,5,0,135,34,True,False,0.7352941176470589,0.423728813559322,,,,,"comparison_groups,subgroup_accuracy_gap",0.6357500096783042
threshold_sensitivity,7001,10,joint_dirichlet_0.3,strict,B3,5,1,424,106,True,False,0.9905660377358491,0.4976303317535545,,,,,"comparison_groups,subgroup_accuracy_gap",0.7107499986886978
threshold_sensitivity,7001,10,joint_dirichlet_0.3,strict,B3,5,2,1192,299,True,False,0.17725752508361203,0.17392183288409704,0.03458110516934046,0.043544690603514125,,0.10124777183600714,"equalized_odds_gap,false_positive_rate_gap",0.9300840029027313
threshold_sensitivity,7001,10,joint_dirichlet_0.3,strict,B3,5,3,186,47,True,False,0.14893617021276595,0.1391941391941392,0.02857142857142857,0.03225806451612903,0.03225806451612903,0.023809523809523808,,0.6237080087885261
threshold_sensitivity,7001,10,joint_dirichlet_0.3,strict,B3,5,4,2968,742,True,False,0.5808625336927223,0.37906279010319266,0.005856515373352855,0.012903225806451613,0.012903225806451613,0.36327766334962897,,1.3770000077784061
threshold_sensitivity,7001,10,joint_dirichlet_0.3,strict,B3,5,5,1777,445,True,False,0.5348314606741573,0.36120415253708366,0.007211538461538462,0.015,0.015,0.12873010610079572,,1.0661250271368772
threshold_sensitivity,7001,10,joint_dirichlet_0.3,strict,B3,5,6,9674,2419,True,False,0.9520463001240181,0.487717069038543,0.0,,,0.09133858267716533,"equal_opportunity_gap,equalized_odds_gap",2.8754579834640026
threshold_sensitivity,7001,10,joint_dirichlet_0.3,strict,B3,5,7,928,233,True,False,0.2017167381974249,0.1951790224335166,0.06310679611650485,,,0.9029126213592233,"equal_opportunity_gap,equalized_odds_gap",0.828541989903897
threshold_sensitivity,7001,10,joint_dirichlet_0.3,strict,B3,5,8,400,101,True,False,0.15841584158415842,0.14636571542209406,,,,,"comparison_groups,subgroup_accuracy_gap",0.6809160113334656
threshold_sensitivity,7001,10,joint_dirichlet_0.3,strict,B3,5,9,2821,706,True,True,0.9886685552407932,0.49715099715099714,0.0,0.0,0.0,0.003337541537881128,,1.3380000018514693
threshold_sensitivity,7002,10,joint_dirichlet_0.3,lenient,B3,1,0,186,47,True,False,0.7021276595744681,0.6572916666666666,,,,,"comparison_groups,subgroup_accuracy_gap",0.8366670226678252
threshold_sensitivity,7002,10,joint_dirichlet_0.3,lenient,B3,1,1,6493,1624,True,True,0.9981527093596059,0.49953775038520803,0.0,,,0.002581755593803803,"equal_opportunity_gap,equalized_odds_gap",2.3621659784112126
threshold_sensitivity,7002,10,joint_dirichlet_0.3,lenient,B3,1,2,1092,274,True,True,0.7627737226277372,0.6631678486997636,0.2202079590614623,0.006756756756756799,0.1071895424836602,0.4362240731667484,,0.9185420058201998
threshold_sensitivity,7002,10,joint_dirichlet_0.3,lenient,B3,1,3,2830,708,False,False,,,,,,,,0.029624992748722434
threshold_sensitivity,7002,10,joint_dirichlet_0.3,lenient,B3,1,4,573,144,True,False,0.8541666666666666,0.853821240392517,0.6512544059713872,0.4411764705882353,0.4411764705882353,0.008086253369272156,,0.75179198756814
threshold_sensitivity,7002,10,joint_dirichlet_0.3,lenient,B3,1,5,488,122,True,False,0.9836065573770492,0.49586776859504134,,,,,"comparison_groups,subgroup_accuracy_gap",0.7170419848989695
threshold_sensitivity,7002,10,joint_dirichlet_0.3,lenient,B3,1,6,4403,1101,True,True,0.9309718437783833,0.49492974069245255,0.01282051282051282,,,0.9743589743589743,"equal_opportunity_gap,equalized_odds_gap",1.8389169999863952
threshold_sensitivity,7002,10,joint_dirichlet_0.3,lenient,B3,1,7,562,141,True,True,0.7304964539007093,0.538103448275862,0.03786057692307693,0.08436724565756823,,0.7199519230769231,"equalized_odds_gap,false_positive_rate_gap",0.7550829905085266
threshold_sensitivity,7002,10,joint_dirichlet_0.3,lenient,B3,1,8,128,33,True,False,0.9393939393939394,0.7338709677419355,,,,,"comparison_groups,subgroup_accuracy_gap",0.6065830239094794
threshold_sensitivity,7002,10,joint_dirichlet_0.3,lenient,B3,1,9,3750,938,True,True,0.976545842217484,0.49406688241639696,0.0,,,0.02460850111856827,"equal_opportunity_gap,equalized_odds_gap",1.5986250073183328
threshold_sensitivity,7002,10,joint_dirichlet_0.3,lenient,B3,2,0,186,47,True,False,0.5106382978723404,0.4765133171912833,,,,,"comparison_groups,subgroup_accuracy_gap",0.635957985650748
threshold_sensitivity,7002,10,joint_dirichlet_0.3,lenient,B3,2,1,6493,1624,True,True,0.9981527093596059,0.49953775038520803,0.0,,,0.002581755593803803,"equal_opportunity_gap,equalized_odds_gap",2.249709010357037
threshold_sensitivity,7002,10,joint_dirichlet_0.3,lenient,B3,2,2,1092,274,True,True,0.6386861313868614,0.6385657752728144,0.3431324514127062,0.11824324324324326,0.11824324324324326,0.28749523653982256,,0.9070000087376684
threshold_sensitivity,7002,10,joint_dirichlet_0.3,lenient,B3,2,3,2830,708,False,False,,,,,,,,0.02924998989328742
threshold_sensitivity,7002,10,joint_dirichlet_0.3,lenient,B3,2,4,573,144,True,True,0.6527777777777778,0.6007098491570542,0.24175824175824176,0.3088235294117647,0.3088235294117647,0.4897366784159237,,0.7244999869726598
threshold_sensitivity,7002,10,joint_dirichlet_0.3,lenient,B3,2,5,488,122,True,False,0.9672131147540983,0.6582633053221288,,,,,"comparison_groups,subgroup_accuracy_gap",0.696083006914705
threshold_sensitivity,7002,10,joint_dirichlet_0.3,lenient,B3,2,6,4403,1101,True,True,0.9309718437783833,0.49492974069245255,0.01282051282051282,,,0.9743589743589743,"equal_opportunity_gap,equalized_odds_gap",1.6711670032236725
threshold_sensitivity,7002,10,joint_dirichlet_0.3,lenient,B3,2,7,562,141,True,True,0.6879432624113475,0.40756302521008403,0.0,0.0,,0.7578125,"equalized_odds_gap,false_positive_rate_gap",0.7195419748313725
threshold_sensitivity,7002,10,joint_dirichlet_0.3,lenient,B3,2,8,128,33,True,False,0.9393939393939394,0.8577586206896552,,,,,"comparison_groups,subgroup_accuracy_gap",0.6032499950379133
threshold_sensitivity,7002,10,joint_dirichlet_0.3,lenient,B3,2,9,3750,938,True,True,0.976545842217484,0.49406688241639696,0.0,,,0.02460850111856827,"equal_opportunity_gap,equalized_odds_gap",1.4986250025685877
threshold_sensitivity,7002,10,joint_dirichlet_0.3,lenient,B3,3,0,186,47,True,False,0.5106382978723404,0.42652519893899205,,,,,"comparison_groups,subgroup_accuracy_gap",0.6811250059399754
threshold_sensitivity,7002,10,joint_dirichlet_0.3,lenient,B3,3,1,6493,1624,True,True,0.9981527093596059,0.49953775038520803,0.0,,,0.002581755593803803,"equal_opportunity_gap,equalized_odds_gap",2.2319999989122152
threshold_sensitivity,7002,10,joint_dirichlet_0.3,lenient,B3,3,2,1092,274,True,False,0.43795620437956206,0.40762578616352196,0.1590723501551527,0.1579391891891892,0.1579391891891892,0.4886493548913931,,0.8817080233711749
threshold_sensitivity,7002,10,joint_dirichlet_0.3,lenient,B3,3,3,2830,708,False,False,,,,,,,,0.028332986403256655
threshold_sensitivity,7002,10,joint_dirichlet_0.3,lenient,B3,3,4,573,144,True,True,0.5625,0.44161999138302455,0.07692307692307693,0.10294117647058823,0.10294117647058823,0.6325938212730666,,0.722083990694955
threshold_sensitivity,7002,10,joint_dirichlet_0.3,lenient,B3,3,5,488,122,True,False,0.680327868852459,0.44949670253384244,,,,,"comparison_groups,subgroup_accuracy_gap",0.6939579907339066
threshold_sensitivity,7002,10,joint_dirichlet_0.3,lenient,B3,3,6,4403,1101,True,True,0.9309718437783833,0.49492974069245255,0.01282051282051282,,,0.9743589743589743,"equal_opportunity_gap,equalized_odds_gap",1.6830000095069408
threshold_sensitivity,7002,10,joint_dirichlet_0.3,lenient,B3,3,7,562,141,True,True,0.6879432624113475,0.40756302521008403,0.0,0.0,,0.7578125,"equalized_odds_gap,false_positive_rate_gap",0.7233329815790057
threshold_sensitivity,7002,10,joint_dirichlet_0.3,lenient,B3,3,8,128,33,True,False,0.6363636363636364,0.5416666666666666,,,,,"comparison_groups,subgroup_accuracy_gap",0.5995829997118562
threshold_sensitivity,7002,10,joint_dirichlet_0.3,lenient,B3,3,9,3750,938,True,True,0.976545842217484,0.49406688241639696,0.0,,,0.02460850111856827,"equal_opportunity_gap,equalized_odds_gap",1.5309590089600533
threshold_sensitivity,7002,10,joint_dirichlet_0.3,lenient,B3,4,0,186,47,True,False,0.44680851063829785,0.3088235294117647,,,,,"comparison_groups,subgroup_accuracy_gap",0.6722079997416586
threshold_sensitivity,7002,10,joint_dirichlet_0.3,lenient,B3,4,1,6493,1624,True,True,0.9981527093596059,0.49953775038520803,0.0,,,0.002581755593803803,"equal_opportunity_gap,equalized_odds_gap",2.2166249982547015
threshold_sensitivity,7002,10,joint_dirichlet_0.3,lenient,B3,4,2,1092,274,True,False,0.3905109489051095,0.33825039408795754,0.07844738417986827,0.0633445945945946,0.09934640522875816,0.5863683379606947,,0.8885840070433915
threshold_sensitivity,7002,10,joint_dirichlet_0.3,lenient,B3,4,3,2830,708,False,False,,,,,,,,0.028375012334436178
threshold_sensitivity,7002,10,joint_dirichlet_0.3,lenient,B3,4,4,573,144,True,False,0.5416666666666666,0.3998484465774185,0.04395604395604396,0.058823529411764705,0.058823529411764705,0.6655608542400995,,0.7206249865703285
threshold_sensitivity,7002,10,joint_dirichlet_0.3,lenient,B3,4,5,488,122,True,False,0.4098360655737705,0.3120300751879699,,,,,"comparison_groups,subgroup_accuracy_gap",0.7038750045467168
threshold_sensitivity,7002,10,joint_dirichlet_0.3,lenient,B3,4,6,4403,1101,True,True,0.9309718437783833,0.49492974069245255,0.01282051282051282,,,0.9743589743589743,"equal_opportunity_gap,equalized_odds_gap",1.6904999793041497
threshold_sensitivity,7002,10,joint_dirichlet_0.3,lenient,B3,4,7,562,141,True,True,0.6879432624113475,0.40756302521008403,0.0,0.0,,0.7578125,"equalized_odds_gap,false_positive_rate_gap",0.7220409752335399
threshold_sensitivity,7002,10,joint_dirichlet_0.3,lenient,B3,4,8,128,33,True,False,0.3333333333333333,0.3176691729323308,,,,,"comparison_groups,subgroup_accuracy_gap",0.6029170181136578
threshold_sensitivity,7002,10,joint_dirichlet_0.3,lenient,B3,4,9,3750,938,True,True,0.976545842217484,0.49406688241639696,0.0,,,0.02460850111856827,"equal_opportunity_gap,equalized_odds_gap",1.5276670164894313
threshold_sensitivity,7002,10,joint_dirichlet_0.3,lenient,B3,5,0,186,47,True,False,0.44680851063829785,0.3088235294117647,,,,,"comparison_groups,subgroup_accuracy_gap",0.6759579991921782
threshold_sensitivity,7002,10,joint_dirichlet_0.3,lenient,B3,5,1,6493,1624,True,True,0.9981527093596059,0.49953775038520803,0.0,,,0.002581755593803803,"equal_opportunity_gap,equalized_odds_gap",2.315167017513886
threshold_sensitivity,7002,10,joint_dirichlet_0.3,lenient,B3,5,2,1092,274,True,False,0.3759124087591241,0.3094574877304682,0.04240840546573031,0.022804054054054057,0.022804054054054057,0.6267624802656651,,0.88208302622661
threshold_sensitivity,7002,10,joint_dirichlet_0.3,lenient,B3,5,3,2830,708,False,False,,,,,,,,0.028542010113596916
threshold_sensitivity,7002,10,joint_dirichlet_0.3,lenient,B3,5,4,573,144,True,False,0.5416666666666666,0.3998484465774185,0.04395604395604396,0.058823529411764705,0.058823529411764705,0.6655608542400995,,0.7215829973574728
threshold_sensitivity,7002,10,joint_dirichlet_0.3,lenient,B3,5,5,488,122,True,False,0.2459016393442623,0.21002252252252254,,,,,"comparison_groups,subgroup_accuracy_gap",0.6990839901845902
threshold_sensitivity,7002,10,joint_dirichlet_0.3,lenient,B3,5,6,4403,1101,True,True,0.9309718437783833,0.49492974069245255,0.01282051282051282,,,0.9743589743589743,"equal_opportunity_gap,equalized_odds_gap",1.6721249849069864
threshold_sensitivity,7002,10,joint_dirichlet_0.3,lenient,B3,5,7,562,141,True,True,0.6879432624113475,0.40756302521008403,0.0,0.0,,0.7578125,"equalized_odds_gap,false_positive_rate_gap",0.7209999894257635
threshold_sensitivity,7002,10,joint_dirichlet_0.3,lenient,B3,5,8,128,33,True,False,0.21212121212121213,0.2113970588235294,,,,,"comparison_groups,subgroup_accuracy_gap",0.6033340177964419
threshold_sensitivity,7002,10,joint_dirichlet_0.3,lenient,B3,5,9,3750,938,True,True,0.976545842217484,0.49406688241639696,0.0,,,0.02460850111856827,"equal_opportunity_gap,equalized_odds_gap",1.5521659806836396
threshold_sensitivity,7002,10,joint_dirichlet_0.3,submitted,B3,1,0,186,47,True,False,0.7021276595744681,0.6572916666666666,,,,,"comparison_groups,subgroup_accuracy_gap",0.8535000088158995
threshold_sensitivity,7002,10,joint_dirichlet_0.3,submitted,B3,1,1,6493,1624,True,True,0.9981527093596059,0.49953775038520803,0.0,,,0.002581755593803803,"equal_opportunity_gap,equalized_odds_gap",2.3475000052712858
threshold_sensitivity,7002,10,joint_dirichlet_0.3,submitted,B3,1,2,1092,274,True,True,0.7627737226277372,0.6631678486997636,0.2202079590614623,0.006756756756756799,0.1071895424836602,0.4362240731667484,,0.9302080143243074
threshold_sensitivity,7002,10,joint_dirichlet_0.3,submitted,B3,1,3,2830,708,False,False,,,,,,,,0.02962502185255289
threshold_sensitivity,7002,10,joint_dirichlet_0.3,submitted,B3,1,4,573,144,True,False,0.8541666666666666,0.853821240392517,0.6512544059713872,0.4411764705882353,0.4411764705882353,0.008086253369272156,,0.7458329782821238
threshold_sensitivity,7002,10,joint_dirichlet_0.3,submitted,B3,1,5,488,122,True,False,0.9836065573770492,0.49586776859504134,,,,,"comparison_groups,subgroup_accuracy_gap",0.7244170119520277
threshold_sensitivity,7002,10,joint_dirichlet_0.3,submitted,B3,1,6,4403,1101,True,True,0.9309718437783833,0.49492974069245255,0.01282051282051282,,,0.9743589743589743,"equal_opportunity_gap,equalized_odds_gap",1.825334009481594
threshold_sensitivity,7002,10,joint_dirichlet_0.3,submitted,B3,1,7,562,141,True,True,0.7304964539007093,0.538103448275862,0.03786057692307693,0.08436724565756823,,0.7199519230769231,"equalized_odds_gap,false_positive_rate_gap",0.736166985007003
threshold_sensitivity,7002,10,joint_dirichlet_0.3,submitted,B3,1,8,128,33,True,False,0.9393939393939394,0.7338709677419355,,,,,"comparison_groups,subgroup_accuracy_gap",0.6046250055078417
threshold_sensitivity,7002,10,joint_dirichlet_0.3,submitted,B3,1,9,3750,938,True,True,0.976545842217484,0.49406688241639696,0.0,,,0.02460850111856827,"equal_opportunity_gap,equalized_odds_gap",1.5662499936297536
threshold_sensitivity,7002,10,joint_dirichlet_0.3,submitted,B3,2,0,186,47,True,False,0.5106382978723404,0.4765133171912833,,,,,"comparison_groups,subgroup_accuracy_gap",0.6592499848920852
threshold_sensitivity,7002,10,joint_dirichlet_0.3,submitted,B3,2,1,6493,1624,True,True,0.9981527093596059,0.49953775038520803,0.0,,,0.002581755593803803,"equal_opportunity_gap,equalized_odds_gap",2.3507500009145588
threshold_sensitivity,7002,10,joint_dirichlet_0.3,submitted,B3,2,2,1092,274,True,False,0.6386861313868614,0.6385657752728144,0.3431324514127062,0.11824324324324326,0.11824324324324326,0.28749523653982256,,0.8931249903980643
threshold_sensitivity,7002,10,joint_dirichlet_0.3,submitted,B3,2,3,2830,708,False,False,,,,,,,,0.028791982913389802
threshold_sensitivity,7002,10,joint_dirichlet_0.3,submitted,B3,2,4,573,144,True,True,0.6527777777777778,0.6007098491570542,0.24175824175824176,0.3088235294117647,0.3088235294117647,0.4897366784159237,,0.7313750102184713
threshold_sensitivity,7002,10,joint_dirichlet_0.3,submitted,B3,2,5,488,122,True,False,0.9672131147540983,0.6582633053221288,,,,,"comparison_groups,subgroup_accuracy_gap",0.7202499837148935
threshold_sensitivity,7002,10,joint_dirichlet_0.3,submitted,B3,2,6,4403,1101,True,True,0.9309718437783833,0.49492974069245255,0.01282051282051282,,,0.9743589743589743,"equal_opportunity_gap,equalized_odds_gap",1.6847079969011247
threshold_sensitivity,7002,10,joint_dirichlet_0.3,submitted,B3,2,7,562,141,True,True,0.6879432624113475,0.40756302521008403,0.0,0.0,,0.7578125,"equalized_odds_gap,false_positive_rate_gap",0.7196660153567791
threshold_sensitivity,7002,10,joint_dirichlet_0.3,submitted,B3,2,8,128,33,True,False,0.9393939393939394,0.8577586206896552,,,,,"comparison_groups,subgroup_accuracy_gap",0.5985839816275984
threshold_sensitivity,7002,10,joint_dirichlet_0.3,submitted,B3,2,9,3750,938,True,True,0.976545842217484,0.49406688241639696,0.0,,,0.02460850111856827,"equal_opportunity_gap,equalized_odds_gap",1.535708986921236
threshold_sensitivity,7002,10,joint_dirichlet_0.3,submitted,B3,3,0,186,47,True,False,0.48936170212765956,0.38961038961038963,,,,,"comparison_groups,subgroup_accuracy_gap",0.6762499979231507
threshold_sensitivity,7002,10,joint_dirichlet_0.3,submitted,B3,3,1,6493,1624,True,True,0.9981527093596059,0.49953775038520803,0.0,,,0.002581755593803803,"equal_opportunity_gap,equalized_odds_gap",2.249916986329481
threshold_sensitivity,7002,10,joint_dirichlet_0.3,submitted,B3,3,2,1092,274,True,False,0.4124087591240876,0.3726231956197113,0.11448636289400621,0.11064189189189189,0.11064189189189189,0.5332353421525396,,0.8875839994288981
threshold_sensitivity,7002,10,joint_dirichlet_0.3,submitted,B3,3,3,2830,708,False,False,,,,,,,,0.02812498132698238
threshold_sensitivity,7002,10,joint_dirichlet_0.3,submitted,B3,3,4,573,144,True,False,0.5486111111111112,0.4140845070422535,0.054945054945054944,0.07352941176470588,0.07352941176470588,0.6545718432510885,,0.7214590150397271
threshold_sensitivity,7002,10,joint_dirichlet_0.3,submitted,B3,3,5,488,122,True,False,0.6311475409836066,0.42543171114599687,,,,,"comparison_groups,subgroup_accuracy_gap",0.6960419996175915
threshold_sensitivity,7002,10,joint_dirichlet_0.3,submitted,B3,3,6,4403,1101,True,True,0.9309718437783833,0.49492974069245255,0.01282051282051282,,,0.9743589743589743,"equal_opportunity_gap,equalized_odds_gap",1.7061250109691173
threshold_sensitivity,7002,10,joint_dirichlet_0.3,submitted,B3,3,7,562,141,True,True,0.6879432624113475,0.40756302521008403,0.0,0.0,,0.7578125,"equalized_odds_gap,false_positive_rate_gap",0.7195839716587216
threshold_sensitivity,7002,10,joint_dirichlet_0.3,submitted,B3,3,8,128,33,True,False,0.5757575757575758,0.49782608695652175,,,,,"comparison_groups,subgroup_accuracy_gap",0.5995419924147427
threshold_sensitivity,7002,10,joint_dirichlet_0.3,submitted,B3,3,9,3750,938,True,True,0.976545842217484,0.49406688241639696,0.0,,,0.02460850111856827,"equal_opportunity_gap,equalized_odds_gap",1.5220839995890856
threshold_sensitivity,7002,10,joint_dirichlet_0.3,submitted,B3,4,0,186,47,True,False,0.44680851063829785,0.3088235294117647,,,,,"comparison_groups,subgroup_accuracy_gap",0.6779589748475701
threshold_sensitivity,7002,10,joint_dirichlet_0.3,submitted,B3,4,1,6493,1624,True,True,0.9981527093596059,0.49953775038520803,0.0,,,0.002581755593803803,"equal_opportunity_gap,equalized_odds_gap",2.2353749955073
threshold_sensitivity,7002,10,joint_dirichlet_0.3,submitted,B3,4,2,1092,274,True,False,0.3795620437956204,0.3217426757528103,0.05933910392509118,0.04307432432432433,0.09934640522875816,0.6054766182154717,,0.8857079956214875
threshold_sensitivity,7002,10,joint_dirichlet_0.3,submitted,B3,4,3,2830,708,False,False,,,,,,,,0.029125018045306206
threshold_sensitivity,7002,10,joint_dirichlet_0.3,submitted,B3,4,4,573,144,True,False,0.5416666666666666,0.3998484465774185,0.04395604395604396,0.058823529411764705,0.058823529411764705,0.6655608542400995,,0.7206250156741589
threshold_sensitivity,7002,10,joint_dirichlet_0.3,submitted,B3,4,5,488,122,True,False,0.36065573770491804,0.2836495031616983,,,,,"comparison_groups,subgroup_accuracy_gap",0.694582995492965
threshold_sensitivity,7002,10,joint_dirichlet_0.3,submitted,B3,4,6,4403,1101,True,True,0.9309718437783833,0.49492974069245255,0.01282051282051282,,,0.9743589743589743,"equal_opportunity_gap,equalized_odds_gap",1.696041988907382
threshold_sensitivity,7002,10,joint_dirichlet_0.3,submitted,B3,4,7,562,141,True,True,0.6879432624113475,0.40756302521008403,0.0,0.0,,0.7578125,"equalized_odds_gap,false_positive_rate_gap",0.719208997907117
threshold_sensitivity,7002,10,joint_dirichlet_0.3,submitted,B3,4,8,128,33,True,False,0.30303030303030304,0.29263746505125815,,,,,"comparison_groups,subgroup_accuracy_gap",0.5987499898765236
threshold_sensitivity,7002,10,joint_dirichlet_0.3,submitted,B3,4,9,3750,938,True,True,0.976545842217484,0.49406688241639696,0.0,,,0.02460850111856827,"equal_opportunity_gap,equalized_odds_gap",1.523124985396862
threshold_sensitivity,7002,10,joint_dirichlet_0.3,submitted,B3,5,0,186,47,True,False,0.44680851063829785,0.3088235294117647,,,,,"comparison_groups,subgroup_accuracy_gap",0.678708020132035
threshold_sensitivity,7002,10,joint_dirichlet_0.3,submitted,B3,5,1,6493,1624,True,True,0.9981527093596059,0.49953775038520803,0.0,,,0.002581755593803803,"equal_opportunity_gap,equalized_odds_gap",2.2495000157505274
threshold_sensitivity,7002,10,joint_dirichlet_0.3,submitted,B3,5,2,1092,274,True,False,0.3722627737226277,0.30366430260047284,0.03603897871413794,0.0160472972972973,0.0160472972972973,0.6331319070172574,,0.8854999905452132
threshold_sensitivity,7002,10,joint_dirichlet_0.3,submitted,B3,5,3,2830,708,False,False,,,,,,,,0.02854099147953093
threshold_sensitivity,7002,10,joint_dirichlet_0.3,submitted,B3,5,4,573,144,True,False,0.5416666666666666,0.3998484465774185,0.04395604395604396,0.058823529411764705,0.058823529411764705,0.6655608542400995,,0.7199580140877515
threshold_sensitivity,7002,10,joint_dirichlet_0.3,submitted,B3,5,5,488,122,True,False,0.20491803278688525,0.18064114103718062,,,,,"comparison_groups,subgroup_accuracy_gap",0.6935419805813581
threshold_sensitivity,7002,10,joint_dirichlet_0.3,submitted,B3,5,6,4403,1101,True,True,0.9309718437783833,0.49492974069245255,0.01282051282051282,,,0.9743589743589743,"equal_opportunity_gap,equalized_odds_gap",1.6792500100564212
threshold_sensitivity,7002,10,joint_dirichlet_0.3,submitted,B3,5,7,562,141,True,True,0.6879432624113475,0.40756302521008403,0.0,0.0,,0.7578125,"equalized_odds_gap,false_positive_rate_gap",0.7274170056916773
threshold_sensitivity,7002,10,joint_dirichlet_0.3,submitted,B3,5,8,128,33,True,False,0.18181818181818182,0.18181818181818182,,,,,"comparison_groups,subgroup_accuracy_gap",0.600125000346452
threshold_sensitivity,7002,10,joint_dirichlet_0.3,submitted,B3,5,9,3750,938,True,True,0.976545842217484,0.49406688241639696,0.0,,,0.02460850111856827,"equal_opportunity_gap,equalized_odds_gap",1.5374590002465993
threshold_sensitivity,7002,10,joint_dirichlet_0.3,moderate,B3,1,0,186,47,True,False,0.7021276595744681,0.6572916666666666,,,,,"comparison_groups,subgroup_accuracy_gap",0.8240840106736869
threshold_sensitivity,7002,10,joint_dirichlet_0.3,moderate,B3,1,1,6493,1624,True,False,0.9981527093596059,0.49953775038520803,0.0,,,0.002581755593803803,"equal_opportunity_gap,equalized_odds_gap",2.4002080026548356
threshold_sensitivity,7002,10,joint_dirichlet_0.3,moderate,B3,1,2,1092,274,True,False,0.7627737226277372,0.6631678486997636,0.2202079590614623,0.006756756756756799,0.1071895424836602,0.4362240731667484,,0.9256659832317382
threshold_sensitivity,7002,10,joint_dirichlet_0.3,moderate,B3,1,3,2830,708,False,False,,,,,,,,0.029499991796910763
threshold_sensitivity,7002,10,joint_dirichlet_0.3,moderate,B3,1,4,573,144,True,False,0.8541666666666666,0.853821240392517,0.6512544059713872,0.4411764705882353,0.4411764705882353,0.008086253369272156,,0.7520420185755938
threshold_sensitivity,7002,10,joint_dirichlet_0.3,moderate,B3,1,5,488,122,True,False,0.9836065573770492,0.49586776859504134,,,,,"comparison_groups,subgroup_accuracy_gap",0.7167920120991766
threshold_sensitivity,7002,10,joint_dirichlet_0.3,moderate,B3,1,6,4403,1101,True,False,0.9309718437783833,0.49492974069245255,0.01282051282051282,,,0.9743589743589743,"equal_opportunity_gap,equalized_odds_gap",1.8009579798672348
threshold_sensitivity,7002,10,joint_dirichlet_0.3,moderate,B3,1,7,562,141,True,True,0.7304964539007093,0.538103448275862,0.03786057692307693,0.08436724565756823,,0.7199519230769231,"equalized_odds_gap,false_positive_rate_gap",0.7328329957090318
threshold_sensitivity,7002,10,joint_dirichlet_0.3,moderate,B3,1,8,128,33,True,False,0.9393939393939394,0.7338709677419355,,,,,"comparison_groups,subgroup_accuracy_gap",0.6091670074965805
threshold_sensitivity,7002,10,joint_dirichlet_0.3,moderate,B3,1,9,3750,938,True,False,0.976545842217484,0.49406688241639696,0.0,,,0.02460850111856827,"equal_opportunity_gap,equalized_odds_gap",1.567333994898945
threshold_sensitivity,7002,10,joint_dirichlet_0.3,moderate,B3,2,0,186,47,True,False,0.6595744680851063,0.6581818181818182,,,,,"comparison_groups,subgroup_accuracy_gap",0.6892090023029596
threshold_sensitivity,7002,10,joint_dirichlet_0.3,moderate,B3,2,1,6493,1624,True,False,0.9981527093596059,0.49953775038520803,0.0,,,0.002581755593803803,"equal_opportunity_gap,equalized_odds_gap",2.2368339996319264
threshold_sensitivity,7002,10,joint_dirichlet_0.3,moderate,B3,2,2,1092,274,True,False,0.8467153284671532,0.8308144663334314,0.5072676792422015,0.15540540540540537,0.15540540540540537,0.12031139419674453,,0.893999997060746
threshold_sensitivity,7002,10,joint_dirichlet_0.3,moderate,B3,2,3,2830,708,False,False,,,,,,,,0.02983299782499671
threshold_sensitivity,7002,10,joint_dirichlet_0.3,moderate,B3,2,4,573,144,True,False,0.8055555555555556,0.8009085522417538,0.45200082935931996,0.17647058823529416,0.17647058823529416,0.18826456562305616,,0.7233750075101852
threshold_sensitivity,7002,10,joint_dirichlet_0.3,moderate,B3,2,5,488,122,True,False,0.9754098360655737,0.49377593360995853,,,,,"comparison_groups,subgroup_accuracy_gap",0.7032919966150075
threshold_sensitivity,7002,10,joint_dirichlet_0.3,moderate,B3,2,6,4403,1101,True,False,0.9309718437783833,0.5070923656927427,0.024663508534476276,,,0.9605609444319122,"equal_opportunity_gap,equalized_odds_gap",1.6983339737635106
threshold_sensitivity,7002,10,joint_dirichlet_0.3,moderate,B3,2,7,562,141,True,True,0.7304964539007093,0.538103448275862,0.03786057692307693,0.08436724565756823,,0.7199519230769231,"equalized_odds_gap,false_positive_rate_gap",0.7263750012498349
threshold_sensitivity,7002,10,joint_dirichlet_0.3,moderate,B3,2,8,128,33,True,False,0.9696969696969697,0.8918032786885246,,,,,"comparison_groups,subgroup_accuracy_gap",0.607750000199303
threshold_sensitivity,7002,10,joint_dirichlet_0.3,moderate,B3,2,9,3750,938,True,False,0.976545842217484,0.49406688241639696,0.0,,,0.02460850111856827,"equal_opportunity_gap,equalized_odds_gap",1.5515830018557608
threshold_sensitivity,7002,10,joint_dirichlet_0.3,moderate,B3,3,0,186,47,True,False,0.6170212765957447,0.6126373626373627,,,,,"comparison_groups,subgroup_accuracy_gap",0.6825000164099038
threshold_sensitivity,7002,10,joint_dirichlet_0.3,moderate,B3,3,1,6493,1624,True,False,0.9981527093596059,0.49953775038520803,0.0,,,0.002581755593803803,"equal_opportunity_gap,equalized_odds_gap",2.2372079838532954
threshold_sensitivity,7002,10,joint_dirichlet_0.3,moderate,B3,3,2,1092,274,True,False,0.7408759124087592,0.7375160223976254,0.42326746148402195,0.10641891891891897,0.10641891891891897,0.13898415809243836,,0.9004170133266598
threshold_sensitivity,7002,10,joint_dirichlet_0.3,moderate,B3,3,3,2830,708,False,False,,,,,,,,0.02879201201722026
threshold_sensitivity,7002,10,joint_dirichlet_0.3,moderate,B3,3,4,573,144,True,False,0.7291666666666666,0.7100222027159602,0.34687953555878087,0.01470588235294118,0.06734867860187553,0.3688575575368028,,0.7282499864231795
threshold_sensitivity,7002,10,joint_dirichlet_0.3,moderate,B3,3,5,488,122,True,False,0.9672131147540983,0.6582633053221288,,,,,"comparison_groups,subgroup_accuracy_gap",0.705459009623155
threshold_sensitivity,7002,10,joint_dirichlet_0.3,moderate,B3,3,6,4403,1101,True,False,0.9300635785649409,0.5065395428431732,0.023685991427926913,,,0.9595834273253628,"equal_opportunity_gap,equalized_odds_gap",1.7081659752875566
threshold_sensitivity,7002,10,joint_dirichlet_0.3,moderate,B3,3,7,562,141,True,True,0.7304964539007093,0.538103448275862,0.03786057692307693,0.08436724565756823,,0.7199519230769231,"equalized_odds_gap,false_positive_rate_gap",0.7227500027511269
threshold_sensitivity,7002,10,joint_dirichlet_0.3,moderate,B3,3,8,128,33,True,False,0.9393939393939394,0.8577586206896552,,,,,"comparison_groups,subgroup_accuracy_gap",0.5987920158077031
threshold_sensitivity,7002,10,joint_dirichlet_0.3,moderate,B3,3,9,3750,938,True,False,0.976545842217484,0.49406688241639696,0.0,,,0.02460850111856827,"equal_opportunity_gap,equalized_odds_gap",1.5439999988302588
threshold_sensitivity,7002,10,joint_dirichlet_0.3,moderate,B3,4,0,186,47,True,False,0.6170212765957447,0.6083333333333334,,,,,"comparison_groups,subgroup_accuracy_gap",0.6803750002291054
threshold_sensitivity,7002,10,joint_dirichlet_0.3,moderate,B3,4,1,6493,1624,True,False,0.9969211822660099,0.4992291088498304,0.0017211703958691911,,,0.004302925989672968,"equal_opportunity_gap,equalized_odds_gap",2.225208008894697
threshold_sensitivity,7002,10,joint_dirichlet_0.3,moderate,B3,4,2,1092,274,True,False,0.6423357664233577,0.6423167092924126,0.29821982688224724,0.03125,0.04052287581699346,0.2811258097882302,,0.8894579950720072
threshold_sensitivity,7002,10,joint_dirichlet_0.3,moderate,B3,4,3,2830,708,False,False,,,,,,,,0.028874987037852407
threshold_sensitivity,7002,10,joint_dirichlet_0.3,moderate,B3,4,4,573,144,True,False,0.7222222222222222,0.7014306448268712,0.33589052456976987,0.02941176470588236,0.06734867860187553,0.3798465685258138,,0.7225830049719661
threshold_sensitivity,7002,10,joint_dirichlet_0.3,moderate,B3,4,5,488,122,True,False,0.9262295081967213,0.6343656343656343,,,,,"comparison_groups,subgroup_accuracy_gap",0.7020839839242399
threshold_sensitivity,7002,10,joint_dirichlet_0.3,moderate,B3,4,6,4403,1101,True,False,0.9309718437783833,0.5186608375517717,0.036506504248439736,,,0.94676291450485,"equal_opportunity_gap,equalized_odds_gap",1.6716249810997397
threshold_sensitivity,7002,10,joint_dirichlet_0.3,moderate,B3,4,7,562,141,True,True,0.7304964539007093,0.538103448275862,0.03786057692307693,0.08436724565756823,,0.7199519230769231,"equalized_odds_gap,false_positive_rate_gap",0.7167080184444785
threshold_sensitivity,7002,10,joint_dirichlet_0.3,moderate,B3,4,8,128,33,True,False,0.9393939393939394,0.8577586206896552,,,,,"comparison_groups,subgroup_accuracy_gap",0.6015839753672481
threshold_sensitivity,7002,10,joint_dirichlet_0.3,moderate,B3,4,9,3750,938,True,False,0.976545842217484,0.49406688241639696,0.0,,,0.02460850111856827,"equal_opportunity_gap,equalized_odds_gap",1.5620000194758177
threshold_sensitivity,7002,10,joint_dirichlet_0.3,moderate,B3,5,0,186,47,True,False,0.574468085106383,0.5582706766917294,,,,,"comparison_groups,subgroup_accuracy_gap",0.672875001328066
threshold_sensitivity,7002,10,joint_dirichlet_0.3,moderate,B3,5,1,6493,1624,True,False,0.9950738916256158,0.49876543209876545,0.004302925989672977,,,0.0068846815834767705,"equal_opportunity_gap,equalized_odds_gap",2.2335829853545874
threshold_sensitivity,7002,10,joint_dirichlet_0.3,moderate,B3,5,2,1092,274,True,False,0.6167883211678832,0.6163744249616641,0.28782187380913493,0.046452702702702686,0.06405228758169934,0.3257117970493767,,0.8923750137910247
threshold_sensitivity,7002,10,joint_dirichlet_0.3,moderate,B3,5,3,2830,708,False,False,,,,,,,,0.02854099147953093
threshold_sensitivity,7002,10,joint_dirichlet_0.3,moderate,B3,5,4,573,144,True,False,0.7152777777777778,0.6927400468384075,0.32490151358075886,0.04411764705882354,0.06734867860187553,0.39083557951482484,,0.7247499888762832
threshold_sensitivity,7002,10,joint_dirichlet_0.3,moderate,B3,5,5,488,122,True,False,0.8114754098360656,0.521078682369005,,,,,"comparison_groups,subgroup_accuracy_gap",0.7031249988358468
threshold_sensitivity,7002,10,joint_dirichlet_0.3,moderate,B3,5,6,4403,1101,True,False,0.9309718437783833,0.5186608375517717,0.036506504248439736,,,0.94676291450485,"equal_opportunity_gap,equalized_odds_gap",1.7447920108679682
threshold_sensitivity,7002,10,joint_dirichlet_0.3,moderate,B3,5,7,562,141,True,True,0.7375886524822695,0.5571683218742043,0.11478365384615385,0.007444168734491302,,0.6430288461538461,"equalized_odds_gap,false_positive_rate_gap",0.723917008144781
threshold_sensitivity,7002,10,joint_dirichlet_0.3,moderate,B3,5,8,128,33,True,False,0.9090909090909091,0.8070175438596491,,,,,"comparison_groups,subgroup_accuracy_gap",0.5974999803584069
threshold_sensitivity,7002,10,joint_dirichlet_0.3,moderate,B3,5,9,3750,938,True,False,0.9744136460554371,0.49352051835853133,0.0022371364653243847,,,0.02684563758389258,"equal_opportunity_gap,equalized_odds_gap",1.5235000173561275
threshold_sensitivity,7002,10,joint_dirichlet_0.3,strict,B3,1,0,186,47,True,False,0.7021276595744681,0.6572916666666666,,,,,"comparison_groups,subgroup_accuracy_gap",0.8197910210583359
threshold_sensitivity,7002,10,joint_dirichlet_0.3,strict,B3,1,1,6493,1624,True,False,0.9981527093596059,0.49953775038520803,0.0,,,0.002581755593803803,"equal_opportunity_gap,equalized_odds_gap",2.4147499934770167
threshold_sensitivity,7002,10,joint_dirichlet_0.3,strict,B3,1,2,1092,274,True,False,0.7627737226277372,0.6631678486997636,0.2202079590614623,0.006756756756756799,0.1071895424836602,0.4362240731667484,,0.9281670209020376
threshold_sensitivity,7002,10,joint_dirichlet_0.3,strict,B3,1,3,2830,708,False,False,,,,,,,,0.029166985768824816
threshold_sensitivity,7002,10,joint_dirichlet_0.3,strict,B3,1,4,573,144,True,False,0.8541666666666666,0.853821240392517,0.6512544059713872,0.4411764705882353,0.4411764705882353,0.008086253369272156,,0.7539590005762875
threshold_sensitivity,7002,10,joint_dirichlet_0.3,strict,B3,1,5,488,122,True,False,0.9836065573770492,0.49586776859504134,,,,,"comparison_groups,subgroup_accuracy_gap",0.7147080032154918
threshold_sensitivity,7002,10,joint_dirichlet_0.3,strict,B3,1,6,4403,1101,True,False,0.9309718437783833,0.49492974069245255,0.01282051282051282,,,0.9743589743589743,"equal_opportunity_gap,equalized_odds_gap",1.8066670163534582
threshold_sensitivity,7002,10,joint_dirichlet_0.3,strict,B3,1,7,562,141,True,False,0.7304964539007093,0.538103448275862,0.03786057692307693,0.08436724565756823,,0.7199519230769231,"equalized_odds_gap,false_positive_rate_gap",0.7367500220425427
threshold_sensitivity,7002,10,joint_dirichlet_0.3,strict,B3,1,8,128,33,True,False,0.9393939393939394,0.7338709677419355,,,,,"comparison_groups,subgroup_accuracy_gap",0.6069590162951499
threshold_sensitivity,7002,10,joint_dirichlet_0.3,strict,B3,1,9,3750,938,True,False,0.976545842217484,0.49406688241639696,0.0,,,0.02460850111856827,"equal_opportunity_gap,equalized_odds_gap",1.5881659928709269
threshold_sensitivity,7002,10,joint_dirichlet_0.3,strict,B3,2,0,186,47,True,False,0.7021276595744681,0.6572916666666666,,,,,"comparison_groups,subgroup_accuracy_gap",0.6914999976288527
threshold_sensitivity,7002,10,joint_dirichlet_0.3,strict,B3,2,1,6493,1624,True,False,0.9981527093596059,0.49953775038520803,0.0,,,0.002581755593803803,"equal_opportunity_gap,equalized_odds_gap",2.218457986600697
threshold_sensitivity,7002,10,joint_dirichlet_0.3,strict,B3,2,2,1092,274,True,False,0.7627737226277372,0.6631678486997636,0.2202079590614623,0.006756756756756799,0.1071895424836602,0.4362240731667484,,0.8912080083973706
threshold_sensitivity,7002,10,joint_dirichlet_0.3,strict,B3,2,3,2830,708,False,False,,,,,,,,0.02808301360346377
threshold_sensitivity,7002,10,joint_dirichlet_0.3,strict,B3,2,4,573,144,True,False,0.8541666666666666,0.853821240392517,0.6512544059713872,0.4411764705882353,0.4411764705882353,0.008086253369272156,,0.7292910013347864
threshold_sensitivity,7002,10,joint_dirichlet_0.3,strict,B3,2,5,488,122,True,False,0.9836065573770492,0.49586776859504134,,,,,"comparison_groups,subgroup_accuracy_gap",0.7029169937595725
threshold_sensitivity,7002,10,joint_dirichlet_0.3,strict,B3,2,6,4403,1101,True,False,0.9309718437783833,0.49492974069245255,0.01282051282051282,,,0.9743589743589743,"equal_opportunity_gap,equalized_odds_gap",1.7103749851230532
threshold_sensitivity,7002,10,joint_dirichlet_0.3,strict,B3,2,7,562,141,True,False,0.7304964539007093,0.538103448275862,0.03786057692307693,0.08436724565756823,,0.7199519230769231,"equalized_odds_gap,false_positive_rate_gap",0.7238329853862524
threshold_sensitivity,7002,10,joint_dirichlet_0.3,strict,B3,2,8,128,33,True,False,0.9393939393939394,0.7338709677419355,,,,,"comparison_groups,subgroup_accuracy_gap",0.6002919981256127
threshold_sensitivity,7002,10,joint_dirichlet_0.3,strict,B3,2,9,3750,938,True,False,0.976545842217484,0.49406688241639696,0.0,,,0.02460850111856827,"equal_opportunity_gap,equalized_odds_gap",1.4990420022513717
threshold_sensitivity,7002,10,joint_dirichlet_0.3,strict,B3,3,0,186,47,True,False,0.7021276595744681,0.6572916666666666,,,,,"comparison_groups,subgroup_accuracy_gap",0.691374996677041
threshold_sensitivity,7002,10,joint_dirichlet_0.3,strict,B3,3,1,6493,1624,True,False,0.9981527093596059,0.49953775038520803,0.0,,,0.002581755593803803,"equal_opportunity_gap,equalized_odds_gap",2.2349589853547513
threshold_sensitivity,7002,10,joint_dirichlet_0.3,strict,B3,3,2,1092,274,True,False,0.7627737226277372,0.6631678486997636,0.2202079590614623,0.006756756756756799,0.1071895424836602,0.4362240731667484,,0.9017080010380596
threshold_sensitivity,7002,10,joint_dirichlet_0.3,strict,B3,3,3,2830,708,False,False,,,,,,,,0.028040987672284245
threshold_sensitivity,7002,10,joint_dirichlet_0.3,strict,B3,3,4,573,144,True,False,0.8541666666666666,0.853821240392517,0.6512544059713872,0.4411764705882353,0.4411764705882353,0.008086253369272156,,0.7262500002980232
threshold_sensitivity,7002,10,joint_dirichlet_0.3,strict,B3,3,5,488,122,True,False,0.9836065573770492,0.49586776859504134,,,,,"comparison_groups,subgroup_accuracy_gap",0.6996669981162995
threshold_sensitivity,7002,10,joint_dirichlet_0.3,strict,B3,3,6,4403,1101,True,False,0.9309718437783833,0.49492974069245255,0.01282051282051282,,,0.9743589743589743,"equal_opportunity_gap,equalized_odds_gap",1.6875829896889627
threshold_sensitivity,7002,10,joint_dirichlet_0.3,strict,B3,3,7,562,141,True,False,0.7304964539007093,0.538103448275862,0.03786057692307693,0.08436724565756823,,0.7199519230769231,"equalized_odds_gap,false_positive_rate_gap",0.7200410182122141
threshold_sensitivity,7002,10,joint_dirichlet_0.3,strict,B3,3,8,128,33,True,False,0.9393939393939394,0.7338709677419355,,,,,"comparison_groups,subgroup_accuracy_gap",0.5992079968564212
threshold_sensitivity,7002,10,joint_dirichlet_0.3,strict,B3,3,9,3750,938,True,False,0.976545842217484,0.49406688241639696,0.0,,,0.02460850111856827,"equal_opportunity_gap,equalized_odds_gap",1.5100000018719584
threshold_sensitivity,7002,10,joint_dirichlet_0.3,strict,B3,4,0,186,47,True,False,0.7021276595744681,0.6572916666666666,,,,,"comparison_groups,subgroup_accuracy_gap",0.6781659903936088
threshold_sensitivity,7002,10,joint_dirichlet_0.3,strict,B3,4,1,6493,1624,True,False,0.9981527093596059,0.49953775038520803,0.0,,,0.002581755593803803,"equal_opportunity_gap,equalized_odds_gap",2.242042013676837
threshold_sensitivity,7002,10,joint_dirichlet_0.3,strict,B3,4,2,1092,274,True,False,0.7627737226277372,0.6631678486997636,0.2202079590614623,0.006756756756756799,0.1071895424836602,0.4362240731667484,,0.8832500025164336
threshold_sensitivity,7002,10,joint_dirichlet_0.3,strict,B3,4,3,2830,708,False,False,,,,,,,,0.02824998227879405
threshold_sensitivity,7002,10,joint_dirichlet_0.3,strict,B3,4,4,573,144,True,False,0.8541666666666666,0.853821240392517,0.6512544059713872,0.4411764705882353,0.4411764705882353,0.008086253369272156,,0.7259999983943999
threshold_sensitivity,7002,10,joint_dirichlet_0.3,strict,B3,4,5,488,122,True,False,0.9836065573770492,0.49586776859504134,,,,,"comparison_groups,subgroup_accuracy_gap",0.6978330202400684
threshold_sensitivity,7002,10,joint_dirichlet_0.3,strict,B3,4,6,4403,1101,True,False,0.9309718437783833,0.49492974069245255,0.01282051282051282,,,0.9743589743589743,"equal_opportunity_gap,equalized_odds_gap",1.6734169912524521
threshold_sensitivity,7002,10,joint_dirichlet_0.3,strict,B3,4,7,562,141,True,False,0.7304964539007093,0.538103448275862,0.03786057692307693,0.08436724565756823,,0.7199519230769231,"equalized_odds_gap,false_positive_rate_gap",0.7283749873749912
threshold_sensitivity,7002,10,joint_dirichlet_0.3,strict,B3,4,8,128,33,True,False,0.9393939393939394,0.7338709677419355,,,,,"comparison_groups,subgroup_accuracy_gap",0.5974590021651238
threshold_sensitivity,7002,10,joint_dirichlet_0.3,strict,B3,4,9,3750,938,True,False,0.976545842217484,0.49406688241639696,0.0,,,0.02460850111856827,"equal_opportunity_gap,equalized_odds_gap",1.530667010229081
threshold_sensitivity,7002,10,joint_dirichlet_0.3,strict,B3,5,0,186,47,True,False,0.7021276595744681,0.6572916666666666,,,,,"comparison_groups,subgroup_accuracy_gap",0.6777499802410603
threshold_sensitivity,7002,10,joint_dirichlet_0.3,strict,B3,5,1,6493,1624,True,False,0.9981527093596059,0.49953775038520803,0.0,,,0.002581755593803803,"equal_opportunity_gap,equalized_odds_gap",2.2269590117502958
threshold_sensitivity,7002,10,joint_dirichlet_0.3,strict,B3,5,2,1092,274,True,False,0.7627737226277372,0.6631678486997636,0.2202079590614623,0.006756756756756799,0.1071895424836602,0.4362240731667484,,0.8919579850044101
threshold_sensitivity,7002,10,joint_dirichlet_0.3,strict,B3,5,3,2830,708,False,False,,,,,,,,0.028499984182417393
threshold_sensitivity,7002,10,joint_dirichlet_0.3,strict,B3,5,4,573,144,True,False,0.8541666666666666,0.853821240392517,0.6512544059713872,0.4411764705882353,0.4411764705882353,0.008086253369272156,,0.7335409754887223
threshold_sensitivity,7002,10,joint_dirichlet_0.3,strict,B3,5,5,488,122,True,False,0.9836065573770492,0.49586776859504134,,,,,"comparison_groups,subgroup_accuracy_gap",0.6990410038270056
threshold_sensitivity,7002,10,joint_dirichlet_0.3,strict,B3,5,6,4403,1101,True,False,0.9309718437783833,0.49492974069245255,0.01282051282051282,,,0.9743589743589743,"equal_opportunity_gap,equalized_odds_gap",1.70266701024957
threshold_sensitivity,7002,10,joint_dirichlet_0.3,strict,B3,5,7,562,141,True,False,0.7304964539007093,0.538103448275862,0.03786057692307693,0.08436724565756823,,0.7199519230769231,"equalized_odds_gap,false_positive_rate_gap",0.7162919791880995
threshold_sensitivity,7002,10,joint_dirichlet_0.3,strict,B3,5,8,128,33,True,False,0.9393939393939394,0.7338709677419355,,,,,"comparison_groups,subgroup_accuracy_gap",0.595791992964223
threshold_sensitivity,7002,10,joint_dirichlet_0.3,strict,B3,5,9,3750,938,True,False,0.976545842217484,0.49406688241639696,0.0,,,0.02460850111856827,"equal_opportunity_gap,equalized_odds_gap",1.526667008874938
threshold_sensitivity,7003,10,joint_dirichlet_0.3,lenient,B3,1,0,1566,392,True,True,0.7729591836734694,0.539875763290822,0.06191797718162195,0.0,0.058498023715415015,0.7573851372186247,,1.2278749782126397
threshold_sensitivity,7003,10,joint_dirichlet_0.3,lenient,B3,1,1,299,75,True,True,0.84,0.45652173913043476,0.0,0.0,,0.19354838709677424,"equalized_odds_gap,false_positive_rate_gap",0.7450410048477352
threshold_sensitivity,7003,10,joint_dirichlet_0.3,lenient,B3,1,2,2475,619,True,True,0.7415185783521809,0.7082596912925652,0.14424771828117045,0.05101102941176472,0.14891146589259796,0.13737318343844251,,1.3212500198278576
threshold_sensitivity,7003,10,joint_dirichlet_0.3,lenient,B3,1,3,787,197,True,False,0.8121827411167513,0.7728221910550102,0.452,0.17884615384615388,0.17884615384615388,0.33877777777777784,,0.8264170028269291
threshold_sensitivity,7003,10,joint_dirichlet_0.3,lenient,B3,1,4,560,141,True,True,0.8865248226950354,0.5252525252525253,0.007751937984496124,,,0.12403100775193798,"equal_opportunity_gap,equalized_odds_gap",0.737666996428743
threshold_sensitivity,7003,10,joint_dirichlet_0.3,lenient,B3,1,5,6974,1744,True,True,0.9913990825688074,0.49784048373164413,0.0,0.0,0.0,0.003012183272292468,,2.514041989343241
threshold_sensitivity,7003,10,joint_dirichlet_0.3,lenient,B3,1,6,3704,927,True,True,0.9352750809061489,0.49938796082949305,0.002188183807439825,0.017241379310344827,0.017241379310344827,0.09038882343039889,,1.655208005104214
threshold_sensitivity,7003,10,joint_dirichlet_0.3,lenient,B3,1,7,256,64,True,False,0.921875,0.4796747967479675,,,,,"comparison_groups,subgroup_accuracy_gap",0.6627919792663306
threshold_sensitivity,7003,10,joint_dirichlet_0.3,lenient,B3,1,8,632,158,True,True,0.9113924050632911,0.5391666666666667,0.043478260869565216,,,0.6086956521739131,"equal_opportunity_gap,equalized_odds_gap",0.7509999850299209
threshold_sensitivity,7003,10,joint_dirichlet_0.3,lenient,B3,1,9,3253,814,True,True,0.7641277641277642,0.7614652014652015,0.23309705561613964,0.14312977099236646,0.14312977099236646,0.08860414394765537,,1.471666997531429
threshold_sensitivity,7003,10,joint_dirichlet_0.3,lenient,B3,2,0,1566,392,True,False,0.8724489795918368,0.8197203826342899,0.6413197656490903,0.0482758620689655,0.2553359683794466,0.09682392846130128,,1.060166017850861
threshold_sensitivity,7003,10,joint_dirichlet_0.3,lenient,B3,2,1,299,75,True,True,0.88,0.6666666666666667,0.048387096774193505,0.0,,0.14516129032258063,"equalized_odds_gap,false_positive_rate_gap",0.6669579888693988
threshold_sensitivity,7003,10,joint_dirichlet_0.3,lenient,B3,2,2,2475,619,True,True,0.6672051696284329,0.663721808476972,0.09651768576912528,0.041084558823529405,0.07024673439767778,0.15016256022562569,,1.2915419938508421
threshold_sensitivity,7003,10,joint_dirichlet_0.3,lenient,B3,2,3,787,197,True,True,0.7309644670050761,0.6270138963312256,0.2121111111111111,0.11346153846153845,0.11346153846153845,0.6266666666666667,,0.7873339927755296
threshold_sensitivity,7003,10,joint_dirichlet_0.3,lenient,B3,2,4,560,141,True,True,0.8865248226950354,0.5252525252525253,0.007751937984496124,,,0.12403100775193798,"equal_opportunity_gap,equalized_odds_gap",0.7144999981392175
threshold_sensitivity,7003,10,joint_dirichlet_0.3,lenient,B3,2,5,6974,1744,True,True,0.9913990825688074,0.49784048373164413,0.0,0.0,0.0,0.003012183272292468,,2.309332980075851
threshold_sensitivity,7003,10,joint_dirichlet_0.3,lenient,B3,2,6,3704,927,True,True,0.9352750809061489,0.5144902234636872,0.00437636761487965,0.034482758620689655,0.034482758620689655,0.09038882343039889,,1.5424580196850002
threshold_sensitivity,7003,10,joint_dirichlet_0.3,lenient,B3,2,7,256,64,True,False,0.921875,0.4796747967479675,,,,,"comparison_groups,subgroup_accuracy_gap",0.6377919926308095
threshold_sensitivity,7003,10,joint_dirichlet_0.3,lenient,B3,2,8,632,158,True,True,0.9113924050632911,0.5391666666666667,0.043478260869565216,,,0.6086956521739131,"equal_opportunity_gap,equalized_odds_gap",0.747041980503127
threshold_sensitivity,7003,10,joint_dirichlet_0.3,lenient,B3,2,9,3253,814,True,True,0.6732186732186732,0.6548054051641127,0.2173754998182479,0.20547073791348602,0.20547073791348602,0.19047619047619047,,1.4456670032814145
threshold_sensitivity,7003,10,joint_dirichlet_0.3,lenient,B3,3,0,1566,392,True,False,0.7423469387755102,0.7131825063931208,0.4858464384828862,0.28620689655172415,0.28620689655172415,0.14770274437249464,,1.0819169983733445
threshold_sensitivity,7003,10,joint_dirichlet_0.3,lenient,B3,3,1,299,75,True,True,0.76,0.642478813559322,0.04962779156327546,0.12769230769230766,,0.08188585607940446,"equalized_odds_gap,false_positive_rate_gap",0.7120000082068145
threshold_sensitivity,7003,10,joint_dirichlet_0.3,lenient,B3,3,2,2475,619,True,True,0.5880452342487884,0.5593346677945377,0.036389987856947,0.05758272058823527,0.06415094339622641,0.27433506992048257,,1.2493329995777458
threshold_sensitivity,7003,10,joint_dirichlet_0.3,lenient,B3,3,3,787,197,True,True,0.6954314720812182,0.5537601932950771,0.13677777777777778,0.08076923076923076,0.08076923076923076,0.702,,0.7914590241853148
threshold_sensitivity,7003,10,joint_dirichlet_0.3,lenient,B3,3,4,560,141,True,True,0.8865248226950354,0.5252525252525253,0.007751937984496124,,,0.12403100775193798,"equal_opportunity_gap,equalized_odds_gap",0.7320840086322278
threshold_sensitivity,7003,10,joint_dirichlet_0.3,lenient,B3,3,5,6974,1744,True,True,0.9913990825688074,0.49784048373164413,0.0,0.0,0.0,0.003012183272292468,,2.3526249860879034
threshold_sensitivity,7003,10,joint_dirichlet_0.3,lenient,B3,3,6,3704,927,True,True,0.9352750809061489,0.5144902234636872,0.00437636761487965,0.034482758620689655,0.034482758620689655,0.09038882343039889,,1.5454999811481684
threshold_sensitivity,7003,10,joint_dirichlet_0.3,lenient,B3,3,7,256,64,True,False,0.921875,0.4796747967479675,,,,,"comparison_groups,subgroup_accuracy_gap",0.6312500045169145
threshold_sensitivity,7003,10,joint_dirichlet_0.3,lenient,B3,3,8,632,158,True,True,0.9050632911392406,0.4750830564784053,0.0,,,0.6521739130434783,"equal_opportunity_gap,equalized_odds_gap",0.7375830027740449
threshold_sensitivity,7003,10,joint_dirichlet_0.3,lenient,B3,3,9,3253,814,True,True,0.6302211302211302,0.581792454601471,0.178117048346056,0.30025445292620867,0.30025445292620867,0.23500545256270444,,1.4050829922780395
threshold_sensitivity,7003,10,joint_dirichlet_0.3,lenient,B3,4,0,1566,392,True,False,0.6454081632653061,0.6326692958506084,0.43182238667900097,0.4413793103448276,0.4413793103448276,0.35454825778600063,,1.055165979778394
threshold_sensitivity,7003,10,joint_dirichlet_0.3,lenient,B3,4,1,299,75,True,True,0.6533333333333333,0.592391304347826,0.1761786600496278,0.09230769230769231,,0.04714640198511166,"equalized_odds_gap,false_positive_rate_gap",0.6613750010728836
threshold_sensitivity,7003,10,joint_dirichlet_0.3,lenient,B3,4,2,2475,619,True,True,0.5541195476575121,0.5015637764033143,0.0219358376748012,0.057950367647058826,0.057950367647058826,0.3310157076266207,,1.2509160151239485
threshold_sensitivity,7003,10,joint_dirichlet_0.3,lenient,B3,4,3,787,197,True,True,0.6700507614213198,0.4949315662840689,0.08922222222222223,0.0173076923076923,0.0173076923076923,0.7495555555555555,,0.7884169754106551
threshold_sensitivity,7003,10,joint_dirichlet_0.3,lenient,B3,4,4,560,141,True,True,0.8865248226950354,0.5252525252525253,0.007751937984496124,,,0.12403100775193798,"equal_opportunity_gap,equalized_odds_gap",0.7195830112323165
threshold_sensitivity,7003,10,joint_dirichlet_0.3,lenient,B3,4,5,6974,1744,True,True,0.9913990825688074,0.49784048373164413,0.0,0.0,0.0,0.003012183272292468,,2.3127079766709358
threshold_sensitivity,7003,10,joint_dirichlet_0.3,lenient,B3,4,6,3704,927,True,True,0.9352750809061489,0.5144902234636872,0.00437636761487965,0.034482758620689655,0.034482758620689655,0.09038882343039889,,1.5627909742761403
threshold_sensitivity,7003,10,joint_dirichlet_0.3,lenient,B3,4,7,256,64,True,False,0.921875,0.4796747967479675,,,,,"comparison_groups,subgroup_accuracy_gap",0.6333749915938824
threshold_sensitivity,7003,10,joint_dirichlet_0.3,lenient,B3,4,8,632,158,True,True,0.9050632911392406,0.4750830564784053,0.0,,,0.6521739130434783,"equal_opportunity_gap,equalized_odds_gap",0.7411659753415734
threshold_sensitivity,7003,10,joint_dirichlet_0.3,lenient,B3,4,9,3253,814,True,True,0.5995085995085995,0.5315695079929955,0.1361323155216285,0.22646310432569974,0.22646310432569974,0.2668120683387859,,1.424249989213422
threshold_sensitivity,7003,10,joint_dirichlet_0.3,lenient,B3,5,0,1566,392,True,False,0.5816326530612245,0.5776639075022993,0.35454825778600063,0.5448275862068965,0.5448275862068965,0.45118717237126116,,1.0365829803049564
threshold_sensitivity,7003,10,joint_dirichlet_0.3,lenient,B3,5,1,299,75,True,True,0.6533333333333333,0.61,0.24069478908188585,0.13230769230769224,,0.04714640198511166,"equalized_odds_gap,false_positive_rate_gap",0.6622920045629144
threshold_sensitivity,7003,10,joint_dirichlet_0.3,lenient,B3,5,2,2475,619,True,False,0.5266558966074314,0.4596334730676296,0.0181949939284735,0.038556985294117635,0.038556985294117635,0.3347565513729484,,1.3026669912505895
threshold_sensitivity,7003,10,joint_dirichlet_0.3,lenient,B3,5,3,787,197,True,True,0.6700507614213198,0.4949315662840689,0.08922222222222223,0.0173076923076923,0.0173076923076923,0.7495555555555555,,0.784374977229163
threshold_sensitivity,7003,10,joint_dirichlet_0.3,lenient,B3,5,4,560,141,True,True,0.8865248226950354,0.5252525252525253,0.007751937984496124,,,0.12403100775193798,"equal_opportunity_gap,equalized_odds_gap",0.7276250107679516
threshold_sensitivity,7003,10,joint_dirichlet_0.3,lenient,B3,5,5,6974,1744,True,True,0.9919724770642202,0.560483870967742,0.0006353240152477764,0.07142857142857142,0.07142857142857142,0.0023768592570446723,,2.328582981135696
threshold_sensitivity,7003,10,joint_dirichlet_0.3,lenient,B3,5,6,3704,927,True,True,0.9352750809061489,0.5144902234636872,0.00437636761487965,0.034482758620689655,0.034482758620689655,0.09038882343039889,,1.5302500105462968
threshold_sensitivity,7003,10,joint_dirichlet_0.3,lenient,B3,5,7,256,64,True,False,0.921875,0.4796747967479675,,,,,"comparison_groups,subgroup_accuracy_gap",0.6275420018937439
threshold_sensitivity,7003,10,joint_dirichlet_0.3,lenient,B3,5,8,632,158,True,True,0.9050632911392406,0.4750830564784053,0.0,,,0.6521739130434783,"equal_opportunity_gap,equalized_odds_gap",0.7348750077653676
threshold_sensitivity,7003,10,joint_dirichlet_0.3,lenient,B3,5,9,3253,814,True,True,0.5896805896805897,0.51014392481604,0.11323155216284987,0.19338422391857507,0.19338422391857507,0.27699018538713194,,1.4304590004030615
threshold_sensitivity,7003,10,joint_dirichlet_0.3,submitted,B3,1,0,1566,392,True,True,0.7729591836734694,0.539875763290822,0.06191797718162195,0.0,0.058498023715415015,0.7573851372186247,,1.167416019598022
threshold_sensitivity,7003,10,joint_dirichlet_0.3,submitted,B3,1,1,299,75,True,True,0.84,0.45652173913043476,0.0,0.0,,0.19354838709677424,"equalized_odds_gap,false_positive_rate_gap",0.691332999849692
threshold_sensitivity,7003,10,joint_dirichlet_0.3,submitted,B3,1,2,2475,619,True,True,0.7415185783521809,0.7082596912925652,0.14424771828117045,0.05101102941176472,0.14891146589259796,0.13737318343844251,,1.2994169956073165
threshold_sensitivity,7003,10,joint_dirichlet_0.3,submitted,B3,1,3,787,197,True,False,0.8121827411167513,0.7728221910550102,0.452,0.17884615384615388,0.17884615384615388,0.33877777777777784,,0.8105410088319331
threshold_sensitivity,7003,10,joint_dirichlet_0.3,submitted,B3,1,4,560,141,True,True,0.8865248226950354,0.5252525252525253,0.007751937984496124,,,0.12403100775193798,"equal_opportunity_gap,equalized_odds_gap",0.735542009351775
threshold_sensitivity,7003,10,joint_dirichlet_0.3,submitted,B3,1,5,6974,1744,True,True,0.9913990825688074,0.49784048373164413,0.0,0.0,0.0,0.003012183272292468,,2.458832983393222
threshold_sensitivity,7003,10,joint_dirichlet_0.3,submitted,B3,1,6,3704,927,True,True,0.9352750809061489,0.49938796082949305,0.002188183807439825,0.017241379310344827,0.017241379310344827,0.09038882343039889,,1.6474169970024377
threshold_sensitivity,7003,10,joint_dirichlet_0.3,submitted,B3,1,7,256,64,True,False,0.921875,0.4796747967479675,,,,,"comparison_groups,subgroup_accuracy_gap",0.6446669867727906
threshold_sensitivity,7003,10,joint_dirichlet_0.3,submitted,B3,1,8,632,158,True,True,0.9113924050632911,0.5391666666666667,0.043478260869565216,,,0.6086956521739131,"equal_opportunity_gap,equalized_odds_gap",0.7505420071538538
threshold_sensitivity,7003,10,joint_dirichlet_0.3,submitted,B3,1,9,3253,814,True,True,0.7641277641277642,0.7614652014652015,0.23309705561613964,0.14312977099236646,0.14312977099236646,0.08860414394765537,,1.4570839994121343
threshold_sensitivity,7003,10,joint_dirichlet_0.3,submitted,B3,2,0,1566,392,True,False,0.8724489795918368,0.8197203826342899,0.6413197656490903,0.0482758620689655,0.2553359683794466,0.09682392846130128,,1.089874975150451
threshold_sensitivity,7003,10,joint_dirichlet_0.3,submitted,B3,2,1,299,75,True,True,0.88,0.6666666666666667,0.048387096774193505,0.0,,0.14516129032258063,"equalized_odds_gap,false_positive_rate_gap",0.7069999992381781
threshold_sensitivity,7003,10,joint_dirichlet_0.3,submitted,B3,2,2,2475,619,True,True,0.6672051696284329,0.663721808476972,0.09651768576912528,0.041084558823529405,0.07024673439767778,0.15016256022562569,,1.259665994439274
threshold_sensitivity,7003,10,joint_dirichlet_0.3,submitted,B3,2,3,787,197,True,True,0.7309644670050761,0.6270138963312256,0.2121111111111111,0.11346153846153845,0.11346153846153845,0.6266666666666667,,0.8740409975871444
threshold_sensitivity,7003,10,joint_dirichlet_0.3,submitted,B3,2,4,560,141,True,True,0.8865248226950354,0.5252525252525253,0.007751937984496124,,,0.12403100775193798,"equal_opportunity_gap,equalized_odds_gap",0.7312910165637732
threshold_sensitivity,7003,10,joint_dirichlet_0.3,submitted,B3,2,5,6974,1744,True,True,0.9913990825688074,0.49784048373164413,0.0,0.0,0.0,0.003012183272292468,,2.294874982908368
threshold_sensitivity,7003,10,joint_dirichlet_0.3,submitted,B3,2,6,3704,927,True,True,0.9352750809061489,0.5144902234636872,0.00437636761487965,0.034482758620689655,0.034482758620689655,0.09038882343039889,,1.5775420179124922
threshold_sensitivity,7003,10,joint_dirichlet_0.3,submitted,B3,2,7,256,64,True,False,0.921875,0.4796747967479675,,,,,"comparison_groups,subgroup_accuracy_gap",0.6380419945344329
threshold_sensitivity,7003,10,joint_dirichlet_0.3,submitted,B3,2,8,632,158,True,True,0.9113924050632911,0.5391666666666667,0.043478260869565216,,,0.6086956521739131,"equal_opportunity_gap,equalized_odds_gap",0.7477910257875919
threshold_sensitivity,7003,10,joint_dirichlet_0.3,submitted,B3,2,9,3253,814,True,True,0.6732186732186732,0.6548054051641127,0.2173754998182479,0.20547073791348602,0.20547073791348602,0.19047619047619047,,1.4296250010374933
threshold_sensitivity,7003,10,joint_dirichlet_0.3,submitted,B3,3,0,1566,392,True,False,0.7423469387755102,0.7131825063931208,0.4858464384828862,0.28620689655172415,0.28620689655172415,0.14770274437249464,,1.0263749863952398
threshold_sensitivity,7003,10,joint_dirichlet_0.3,submitted,B3,3,1,299,75,True,True,0.76,0.642478813559322,0.04962779156327546,0.12769230769230766,,0.08188585607940446,"equalized_odds_gap,false_positive_rate_gap",0.6639589846599847
threshold_sensitivity,7003,10,joint_dirichlet_0.3,submitted,B3,3,2,2475,619,True,False,0.5880452342487884,0.5593346677945377,0.036389987856947,0.05758272058823527,0.06415094339622641,0.27433506992048257,,1.28674998995848
threshold_sensitivity,7003,10,joint_dirichlet_0.3,submitted,B3,3,3,787,197,True,True,0.6954314720812182,0.5537601932950771,0.13677777777777778,0.08076923076923076,0.08076923076923076,0.702,,0.7922910153865814
threshold_sensitivity,7003,10,joint_dirichlet_0.3,submitted,B3,3,4,560,141,True,True,0.8865248226950354,0.5252525252525253,0.007751937984496124,,,0.12403100775193798,"equal_opportunity_gap,equalized_odds_gap",0.7325419865082949
threshold_sensitivity,7003,10,joint_dirichlet_0.3,submitted,B3,3,5,6974,1744,True,True,0.9913990825688074,0.49784048373164413,0.0,0.0,0.0,0.003012183272292468,,2.33670900342986
threshold_sensitivity,7003,10,joint_dirichlet_0.3,submitted,B3,3,6,3704,927,True,True,0.9352750809061489,0.5144902234636872,0.00437636761487965,0.034482758620689655,0.034482758620689655,0.09038882343039889,,1.549875014461577
threshold_sensitivity,7003,10,joint_dirichlet_0.3,submitted,B3,3,7,256,64,True,False,0.921875,0.4796747967479675,,,,,"comparison_groups,subgroup_accuracy_gap",0.6335829966701567
threshold_sensitivity,7003,10,joint_dirichlet_0.3,submitted,B3,3,8,632,158,True,True,0.9050632911392406,0.4750830564784053,0.0,,,0.6521739130434783,"equal_opportunity_gap,equalized_odds_gap",0.7440419867634773
threshold_sensitivity,7003,10,joint_dirichlet_0.3,submitted,B3,3,9,3253,814,True,True,0.6302211302211302,0.581792454601471,0.178117048346056,0.30025445292620867,0.30025445292620867,0.23500545256270444,,1.4103330031502992
threshold_sensitivity,7003,10,joint_dirichlet_0.3,submitted,B3,4,0,1566,392,True,False,0.6122448979591837,0.6041666666666667,0.40672217082947887,0.49310344827586206,0.49310344827586206,0.41640456367560896,,1.0759159922599792
threshold_sensitivity,7003,10,joint_dirichlet_0.3,submitted,B3,4,1,299,75,True,True,0.6666666666666666,0.6126833298905185,0.1923076923076923,0.09230769230769231,,0.03101736972704716,"equalized_odds_gap,false_positive_rate_gap",0.6598749896511436
threshold_sensitivity,7003,10,joint_dirichlet_0.3,submitted,B3,4,2,2475,619,True,False,0.5234248788368336,0.4545212853349106,0.022033765521563706,0.030744485294117635,0.030744485294117635,0.3309177797798582,,1.2449999921955168
threshold_sensitivity,7003,10,joint_dirichlet_0.3,submitted,B3,4,3,787,197,True,True,0.6700507614213198,0.4949315662840689,0.08922222222222223,0.0173076923076923,0.0173076923076923,0.7495555555555555,,0.7808750087860972
threshold_sensitivity,7003,10,joint_dirichlet_0.3,submitted,B3,4,4,560,141,True,True,0.8865248226950354,0.5252525252525253,0.007751937984496124,,,0.12403100775193798,"equal_opportunity_gap,equalized_odds_gap",0.7168330193962902
threshold_sensitivity,7003,10,joint_dirichlet_0.3,submitted,B3,4,5,6974,1744,True,True,0.9913990825688074,0.49784048373164413,0.0,0.0,0.0,0.003012183272292468,,2.303582994500175
threshold_sensitivity,7003,10,joint_dirichlet_0.3,submitted,B3,4,6,3704,927,True,True,0.9352750809061489,0.5144902234636872,0.00437636761487965,0.034482758620689655,0.034482758620689655,0.09038882343039889,,1.5498749853577465
threshold_sensitivity,7003,10,joint_dirichlet_0.3,submitted,B3,4,7,256,64,True,False,0.921875,0.4796747967479675,,,,,"comparison_groups,subgroup_accuracy_gap",0.6448340136557817
threshold_sensitivity,7003,10,joint_dirichlet_0.3,submitted,B3,4,8,632,158,True,True,0.9050632911392406,0.4750830564784053,0.0,,,0.6521739130434783,"equal_opportunity_gap,equalized_odds_gap",0.7572910108137876
threshold_sensitivity,7003,10,joint_dirichlet_0.3,submitted,B3,4,9,3253,814,True,False,0.5872235872235873,0.5048554235189329,0.10814249363867684,0.18575063613231552,0.18575063613231552,0.2795347146492184,,1.4128329930827022
threshold_sensitivity,7003,10,joint_dirichlet_0.3,submitted,B3,5,0,1566,392,True,False,0.44642857142857145,0.44512501386143777,0.1893308664816528,0.7344827586206897,0.7344827586206897,0.6048103607770583,,1.066750002792105
threshold_sensitivity,7003,10,joint_dirichlet_0.3,submitted,B3,5,1,299,75,True,False,0.48,0.4663382594417077,0.07816377171215882,0.004615384615384632,,0.11538461538461536,"equalized_odds_gap,false_positive_rate_gap",0.6567079981323332
threshold_sensitivity,7003,10,joint_dirichlet_0.3,submitted,B3,5,2,2475,619,True,False,0.49434571890145396,0.399504098932263,0.023443926514943786,0.007490808823529413,0.007547169811320755,0.344862705158839,,1.2662920053116977
threshold_sensitivity,7003,10,joint_dirichlet_0.3,submitted,B3,5,3,787,197,True,True,0.649746192893401,0.44311524437707406,0.033666666666666664,0.07884615384615384,0.07884615384615384,0.8051111111111111,,0.8186670020222664
threshold_sensitivity,7003,10,joint_dirichlet_0.3,submitted,B3,5,4,560,141,True,True,0.8794326241134752,0.4679245283018868,0.0,,,0.13178294573643412,"equal_opportunity_gap,equalized_odds_gap",0.733291992219165
threshold_sensitivity,7003,10,joint_dirichlet_0.3,submitted,B3,5,5,6974,1744,True,True,0.9913990825688074,0.49784048373164413,0.0,0.0,0.0,0.003012183272292468,,2.363416977459565
threshold_sensitivity,7003,10,joint_dirichlet_0.3,submitted,B3,5,6,3704,927,True,True,0.9363538295577131,0.5152747866315706,0.0032822757111597373,0.034482758620689655,0.034482758620689655,0.0914829153341189,,1.5633750008419156
threshold_sensitivity,7003,10,joint_dirichlet_0.3,submitted,B3,5,7,256,64,True,False,0.921875,0.4796747967479675,,,,,"comparison_groups,subgroup_accuracy_gap",0.636290991678834
threshold_sensitivity,7003,10,joint_dirichlet_0.3,submitted,B3,5,8,632,158,True,True,0.9050632911392406,0.4750830564784053,0.0,,,0.6521739130434783,"equal_opportunity_gap,equalized_odds_gap",0.7487080001737922
threshold_sensitivity,7003,10,joint_dirichlet_0.3,submitted,B3,5,9,3253,814,True,False,0.5565110565110565,0.43703002657235746,0.05343511450381679,0.09923664122137404,0.09923664122137404,0.3113413304252999,,1.43162501626648
threshold_sensitivity,7003,10,joint_dirichlet_0.3,moderate,B3,1,0,1566,392,True,True,0.7729591836734694,0.539875763290822,0.06191797718162195,0.0,0.058498023715415015,0.7573851372186247,,1.1703750060405582
threshold_sensitivity,7003,10,joint_dirichlet_0.3,moderate,B3,1,1,299,75,True,True,0.84,0.45652173913043476,0.0,0.0,,0.19354838709677424,"equalized_odds_gap,false_positive_rate_gap",0.6968340021558106
threshold_sensitivity,7003,10,joint_dirichlet_0.3,moderate,B3,1,2,2475,619,True,True,0.7415185783521809,0.7082596912925652,0.14424771828117045,0.05101102941176472,0.14891146589259796,0.13737318343844251,,1.2940000160597265
threshold_sensitivity,7003,10,joint_dirichlet_0.3,moderate,B3,1,3,787,197,True,False,0.8121827411167513,0.7728221910550102,0.452,0.17884615384615388,0.17884615384615388,0.33877777777777784,,0.8133340161293745
threshold_sensitivity,7003,10,joint_dirichlet_0.3,moderate,B3,1,4,560,141,True,False,0.8865248226950354,0.5252525252525253,0.007751937984496124,,,0.12403100775193798,"equal_opportunity_gap,equalized_odds_gap",0.7558750221505761
threshold_sensitivity,7003,10,joint_dirichlet_0.3,moderate,B3,1,5,6974,1744,True,True,0.9913990825688074,0.49784048373164413,0.0,0.0,0.0,0.003012183272292468,,2.515999978641048
threshold_sensitivity,7003,10,joint_dirichlet_0.3,moderate,B3,1,6,3704,927,True,True,0.9352750809061489,0.49938796082949305,0.002188183807439825,0.017241379310344827,0.017241379310344827,0.09038882343039889,,1.641875016503036
threshold_sensitivity,7003,10,joint_dirichlet_0.3,moderate,B3,1,7,256,64,True,False,0.921875,0.4796747967479675,,,,,"comparison_groups,subgroup_accuracy_gap",0.6664580141659826
threshold_sensitivity,7003,10,joint_dirichlet_0.3,moderate,B3,1,8,632,158,True,False,0.9113924050632911,0.5391666666666667,0.043478260869565216,,,0.6086956521739131,"equal_opportunity_gap,equalized_odds_gap",0.7567499997094274
threshold_sensitivity,7003,10,joint_dirichlet_0.3,moderate,B3,1,9,3253,814,True,False,0.7641277641277642,0.7614652014652015,0.23309705561613964,0.14312977099236646,0.14312977099236646,0.08860414394765537,,1.455708988942206
threshold_sensitivity,7003,10,joint_dirichlet_0.3,moderate,B3,2,0,1566,392,True,False,0.8596938775510204,0.8109816504913951,0.676164045636756,0.07931034482758625,0.30237154150197626,0.00980573543015728,,1.0407080117147416
threshold_sensitivity,7003,10,joint_dirichlet_0.3,moderate,B3,2,1,299,75,True,True,0.8666666666666667,0.6501865671641791,0.028535980148883366,0.07692307692307687,,0.06823821339950376,"equalized_odds_gap,false_positive_rate_gap",0.6700409867335111
threshold_sensitivity,7003,10,joint_dirichlet_0.3,moderate,B3,2,2,2475,619,True,True,0.6413570274636511,0.63194236125991,0.09287476986956011,0.03354779411764708,0.03354779411764708,0.1921931920560931,,1.2534170236904174
threshold_sensitivity,7003,10,joint_dirichlet_0.3,moderate,B3,2,3,787,197,True,True,0.7106598984771574,0.5863326579480568,0.17844444444444446,0.0346153846153846,0.0346153846153846,0.6603333333333332,,0.7920830103103071
threshold_sensitivity,7003,10,joint_dirichlet_0.3,moderate,B3,2,4,560,141,True,False,0.8865248226950354,0.5252525252525253,0.007751937984496124,,,0.12403100775193798,"equal_opportunity_gap,equalized_odds_gap",0.7252919895108789
threshold_sensitivity,7003,10,joint_dirichlet_0.3,moderate,B3,2,5,6974,1744,True,True,0.9913990825688074,0.49784048373164413,0.0,0.0,0.0,0.003012183272292468,,2.308875002199784
threshold_sensitivity,7003,10,joint_dirichlet_0.3,moderate,B3,2,6,3704,927,True,True,0.9352750809061489,0.49938796082949305,0.002188183807439825,0.017241379310344827,0.017241379310344827,0.09038882343039889,,1.566874998388812
threshold_sensitivity,7003,10,joint_dirichlet_0.3,moderate,B3,2,7,256,64,True,False,0.921875,0.4796747967479675,,,,,"comparison_groups,subgroup_accuracy_gap",0.639207981294021
threshold_sensitivity,7003,10,joint_dirichlet_0.3,moderate,B3,2,8,632,158,True,False,0.9050632911392406,0.4750830564784053,0.0,,,0.6521739130434783,"equal_opportunity_gap,equalized_odds_gap",0.7492089935112745
threshold_sensitivity,7003,10,joint_dirichlet_0.3,moderate,B3,2,9,3253,814,True,False,0.6486486486486487,0.6164046795188663,0.19329334787350055,0.37150127226463103,0.37150127226463103,0.17893493275172656,,1.3987080019433051
threshold_sensitivity,7003,10,joint_dirichlet_0.3,moderate,B3,3,0,1566,392,True,False,0.6811224489795918,0.6637917429996638,0.4540240518038853,0.3896551724137931,0.3896551724137931,0.28979340117175456,,1.0320000001229346
threshold_sensitivity,7003,10,joint_dirichlet_0.3,moderate,B3,3,1,299,75,True,True,0.6933333333333334,0.614007607965988,0.09553349875930517,0.012307692307692242,,0.001240694789081953,"equalized_odds_gap,false_positive_rate_gap",0.6584999791812152
threshold_sensitivity,7003,10,joint_dirichlet_0.3,moderate,B3,3,2,2475,619,True,False,0.5379644588045234,0.47722064729506264,0.0290062282110541,0.03455882352941175,0.03455882352941175,0.32394531709036783,,1.272708992473781
threshold_sensitivity,7003,10,joint_dirichlet_0.3,moderate,B3,3,3,787,197,True,True,0.6649746192893401,0.48240445859872616,0.07533333333333334,0.03269230769230769,0.03269230769230769,0.7634444444444444,,0.7985419942997396
threshold_sensitivity,7003,10,joint_dirichlet_0.3,moderate,B3,3,4,560,141,True,False,0.8865248226950354,0.5252525252525253,0.007751937984496124,,,0.12403100775193798,"equal_opportunity_gap,equalized_odds_gap",0.7389170059468597
threshold_sensitivity,7003,10,joint_dirichlet_0.3,moderate,B3,3,5,6974,1744,True,True,0.9913990825688074,0.49784048373164413,0.0,0.0,0.0,0.003012183272292468,,2.3213750100694597
threshold_sensitivity,7003,10,joint_dirichlet_0.3,moderate,B3,3,6,3704,927,True,True,0.9352750809061489,0.49938796082949305,0.002188183807439825,0.017241379310344827,0.017241379310344827,0.09038882343039889,,1.5597500023432076
threshold_sensitivity,7003,10,joint_dirichlet_0.3,moderate,B3,3,7,256,64,True,False,0.921875,0.4796747967479675,,,,,"comparison_groups,subgroup_accuracy_gap",0.6494999979622662
threshold_sensitivity,7003,10,joint_dirichlet_0.3,moderate,B3,3,8,632,158,True,False,0.9050632911392406,0.4750830564784053,0.0,,,0.6521739130434783,"equal_opportunity_gap,equalized_odds_gap",0.7399579917546362
threshold_sensitivity,7003,10,joint_dirichlet_0.3,moderate,B3,3,9,3253,814,True,False,0.5847665847665847,0.5007041231126597,0.10559796437659033,0.1806615776081425,0.1806615776081425,0.2820792439113049,,1.4215830015018582
threshold_sensitivity,7003,10,joint_dirichlet_0.3,moderate,B3,4,0,1566,392,True,False,0.45918367346938777,0.45849297573435505,0.2038236201048412,0.7172413793103448,0.7172413793103448,0.5903176071538698,,1.090542005840689
threshold_sensitivity,7003,10,joint_dirichlet_0.3,moderate,B3,4,1,299,75,True,False,0.49333333333333335,0.4776392961876833,0.15508684863523575,0.08153846153846156,,0.038461538461538436,"equalized_odds_gap,false_positive_rate_gap",0.6727500003762543
threshold_sensitivity,7003,10,joint_dirichlet_0.3,moderate,B3,4,2,2475,619,True,False,0.48465266558966075,0.38227224806589566,0.022836773865016258,0.0002757352941176461,0.007547169811320755,0.3454698578087665,,1.257832976989448
threshold_sensitivity,7003,10,joint_dirichlet_0.3,moderate,B3,4,3,787,197,True,True,0.649746192893401,0.44311524437707406,0.033666666666666664,0.07884615384615384,0.07884615384615384,0.8051111111111111,,0.7905419915914536
threshold_sensitivity,7003,10,joint_dirichlet_0.3,moderate,B3,4,4,560,141,True,False,0.8794326241134752,0.4679245283018868,0.0,,,0.13178294573643412,"equal_opportunity_gap,equalized_odds_gap",0.724665995221585
threshold_sensitivity,7003,10,joint_dirichlet_0.3,moderate,B3,4,5,6974,1744,True,True,0.9913990825688074,0.49784048373164413,0.0,0.0,0.0,0.003012183272292468,,2.3158749972935766
threshold_sensitivity,7003,10,joint_dirichlet_0.3,moderate,B3,4,6,3704,927,True,True,0.9363538295577131,0.4999405703418577,0.0010940919037199124,0.017241379310344827,0.017241379310344827,0.0914829153341189,,1.5804590075276792
threshold_sensitivity,7003,10,joint_dirichlet_0.3,moderate,B3,4,7,256,64,True,False,0.921875,0.4796747967479675,,,,,"comparison_groups,subgroup_accuracy_gap",0.631957984296605
threshold_sensitivity,7003,10,joint_dirichlet_0.3,moderate,B3,4,8,632,158,True,False,0.9050632911392406,0.4750830564784053,0.0,,,0.6521739130434783,"equal_opportunity_gap,equalized_odds_gap",0.7475840102415532
threshold_sensitivity,7003,10,joint_dirichlet_0.3,moderate,B3,4,9,3253,814,True,False,0.5442260442260443,0.4128868073822202,0.04071246819338423,0.0737913486005089,0.0737913486005089,0.3240639767357324,,1.400459004798904
threshold_sensitivity,7003,10,joint_dirichlet_0.3,moderate,B3,5,0,1566,392,True,False,0.34438775510204084,0.3258520198877134,0.10434782608695652,0.1206896551724138,0.1206896551724138,0.7207523897625655,,1.068874989869073
threshold_sensitivity,7003,10,joint_dirichlet_0.3,moderate,B3,5,1,299,75,True,False,0.32,0.32,0.17866004962779158,0.1476923076923077,,0.014888337468982604,"equalized_odds_gap,false_positive_rate_gap",0.6683339888695627
threshold_sensitivity,7003,10,joint_dirichlet_0.3,moderate,B3,5,2,2475,619,True,False,0.47495961227786754,0.36036843795406925,0.017783696972070974,0.00018382352941176405,0.00018382352941176405,0.3582004778878922,,1.2563749914988875
threshold_sensitivity,7003,10,joint_dirichlet_0.3,moderate,B3,5,3,787,197,True,True,0.649746192893401,0.44311524437707406,0.033666666666666664,0.07884615384615384,0.07884615384615384,0.8051111111111111,,0.7979160000104457
threshold_sensitivity,7003,10,joint_dirichlet_0.3,moderate,B3,5,4,560,141,True,False,0.8794326241134752,0.4679245283018868,0.0,,,0.13178294573643412,"equal_opportunity_gap,equalized_odds_gap",0.7254999945871532
threshold_sensitivity,7003,10,joint_dirichlet_0.3,moderate,B3,5,5,6974,1744,True,True,0.9913990825688074,0.49784048373164413,0.0,0.0,0.0,0.003012183272292468,,2.334958000574261
threshold_sensitivity,7003,10,joint_dirichlet_0.3,moderate,B3,5,6,3704,927,True,True,0.9363538295577131,0.4999405703418577,0.0010940919037199124,0.017241379310344827,0.017241379310344827,0.0914829153341189,,1.5523330075666308
threshold_sensitivity,7003,10,joint_dirichlet_0.3,moderate,B3,5,7,256,64,True,False,0.921875,0.4796747967479675,,,,,"comparison_groups,subgroup_accuracy_gap",0.6315420032478869
threshold_sensitivity,7003,10,joint_dirichlet_0.3,moderate,B3,5,8,632,158,True,False,0.9050632911392406,0.4750830564784053,0.0,,,0.6521739130434783,"equal_opportunity_gap,equalized_odds_gap",0.7425420044455677
threshold_sensitivity,7003,10,joint_dirichlet_0.3,moderate,B3,5,9,3253,814,True,False,0.5343980343980343,0.38714925654803883,0.022900763358778626,0.04580152671755725,0.04580152671755725,0.33424209378407843,,1.4165419852361083
threshold_sensitivity,7003,10,joint_dirichlet_0.3,strict,B3,1,0,1566,392,True,False,0.7729591836734694,0.539875763290822,0.06191797718162195,0.0,0.058498023715415015,0.7573851372186247,,1.168792019598186
threshold_sensitivity,7003,10,joint_dirichlet_0.3,strict,B3,1,1,299,75,True,False,0.84,0.45652173913043476,0.0,0.0,,0.19354838709677424,"equalized_odds_gap,false_positive_rate_gap",0.703291007084772
threshold_sensitivity,7003,10,joint_dirichlet_0.3,strict,B3,1,2,2475,619,True,False,0.7415185783521809,0.7082596912925652,0.14424771828117045,0.05101102941176472,0.14891146589259796,0.13737318343844251,,1.303416007431224
threshold_sensitivity,7003,10,joint_dirichlet_0.3,strict,B3,1,3,787,197,True,False,0.8121827411167513,0.7728221910550102,0.452,0.17884615384615388,0.17884615384615388,0.33877777777777784,,0.8168329950422049
threshold_sensitivity,7003,10,joint_dirichlet_0.3,strict,B3,1,4,560,141,True,False,0.8865248226950354,0.5252525252525253,0.007751937984496124,,,0.12403100775193798,"equal_opportunity_gap,equalized_odds_gap",0.7540840015280992
threshold_sensitivity,7003,10,joint_dirichlet_0.3,strict,B3,1,5,6974,1744,True,True,0.9913990825688074,0.49784048373164413,0.0,0.0,0.0,0.003012183272292468,,2.492290979716927
threshold_sensitivity,7003,10,joint_dirichlet_0.3,strict,B3,1,6,3704,927,True,True,0.9352750809061489,0.49938796082949305,0.002188183807439825,0.017241379310344827,0.017241379310344827,0.09038882343039889,,1.6429999959655106
threshold_sensitivity,7003,10,joint_dirichlet_0.3,strict,B3,1,7,256,64,True,False,0.921875,0.4796747967479675,,,,,"comparison_groups,subgroup_accuracy_gap",0.6547090015374124
threshold_sensitivity,7003,10,joint_dirichlet_0.3,strict,B3,1,8,632,158,True,False,0.9113924050632911,0.5391666666666667,0.043478260869565216,,,0.6086956521739131,"equal_opportunity_gap,equalized_odds_gap",0.760082999477163
threshold_sensitivity,7003,10,joint_dirichlet_0.3,strict,B3,1,9,3253,814,True,False,0.7641277641277642,0.7614652014652015,0.23309705561613964,0.14312977099236646,0.14312977099236646,0.08860414394765537,,1.469167007599026
threshold_sensitivity,7003,10,joint_dirichlet_0.3,strict,B3,2,0,1566,392,True,False,0.7244897959183674,0.7,0.5206907184705519,0.32068965517241377,0.32068965517241377,0.240518038852914,,1.0796249844133854
threshold_sensitivity,7003,10,joint_dirichlet_0.3,strict,B3,2,1,299,75,True,False,0.76,0.642478813559322,0.04962779156327546,0.12769230769230766,,0.08188585607940446,"equalized_odds_gap,false_positive_rate_gap",0.6762080010958016
threshold_sensitivity,7003,10,joint_dirichlet_0.3,strict,B3,2,2,2475,619,True,False,0.5072697899838449,0.42834606568744116,0.016980688628618443,0.02302389705882353,0.02302389705882353,0.33597085667280346,,1.2623750080820173
threshold_sensitivity,7003,10,joint_dirichlet_0.3,strict,B3,2,3,787,197,True,False,0.649746192893401,0.44311524437707406,0.033666666666666664,0.07884615384615384,0.07884615384615384,0.8051111111111111,,0.7914580055512488
threshold_sensitivity,7003,10,joint_dirichlet_0.3,strict,B3,2,4,560,141,True,False,0.8794326241134752,0.4679245283018868,0.0,,,0.13178294573643412,"equal_opportunity_gap,equalized_odds_gap",0.725000019883737
threshold_sensitivity,7003,10,joint_dirichlet_0.3,strict,B3,2,5,6974,1744,True,True,0.9913990825688074,0.49784048373164413,0.0,0.0,0.0,0.003012183272292468,,2.3097919765859842
threshold_sensitivity,7003,10,joint_dirichlet_0.3,strict,B3,2,6,3704,927,True,True,0.9363538295577131,0.4999405703418577,0.0010940919037199124,0.017241379310344827,0.017241379310344827,0.0914829153341189,,1.5558750019408762
threshold_sensitivity,7003,10,joint_dirichlet_0.3,strict,B3,2,7,256,64,True,False,0.921875,0.4796747967479675,,,,,"comparison_groups,subgroup_accuracy_gap",0.6346669979393482
threshold_sensitivity,7003,10,joint_dirichlet_0.3,strict,B3,2,8,632,158,True,False,0.9050632911392406,0.4750830564784053,0.0,,,0.6521739130434783,"equal_opportunity_gap,equalized_odds_gap",0.7413330022245646
threshold_sensitivity,7003,10,joint_dirichlet_0.3,strict,B3,2,9,3253,814,True,False,0.5638820638820639,0.45412574546017825,0.06615776081424936,0.11959287531806616,0.11959287531806616,0.3037077426390403,,1.3992920285090804
threshold_sensitivity,7003,10,joint_dirichlet_0.3,strict,B3,3,0,1566,392,True,False,0.3826530612244898,0.37403330957848335,0.13524514338575394,0.1793103448275862,0.1793103448275862,0.6530989824236818,,1.0867499804589897
threshold_sensitivity,7003,10,joint_dirichlet_0.3,strict,B3,3,1,299,75,True,False,0.4,0.3961352657004831,0.17493796526054592,0.12461538461538463,,0.01861042183622824,"equalized_odds_gap,false_positive_rate_gap",0.667083018925041
threshold_sensitivity,7003,10,joint_dirichlet_0.3,strict,B3,3,2,2475,619,True,False,0.4701130856219709,0.35120280185085767,0.02354185436170629,0.011902573529411764,0.011902573529411764,0.35244232049825697,,1.2688749993685633
threshold_sensitivity,7003,10,joint_dirichlet_0.3,strict,B3,3,3,787,197,True,False,0.6446700507614214,0.42941079112876535,0.019777777777777776,0.09423076923076923,0.09423076923076923,0.819,,0.8048750169109553
threshold_sensitivity,7003,10,joint_dirichlet_0.3,strict,B3,3,4,560,141,True,False,0.8794326241134752,0.4679245283018868,0.0,,,0.13178294573643412,"equal_opportunity_gap,equalized_odds_gap",0.7291250221896917
threshold_sensitivity,7003,10,joint_dirichlet_0.3,strict,B3,3,5,6974,1744,True,True,0.9913990825688074,0.49784048373164413,0.0,0.0,0.0,0.003012183272292468,,2.3445829865522683
threshold_sensitivity,7003,10,joint_dirichlet_0.3,strict,B3,3,6,3704,927,True,True,0.9363538295577131,0.4999405703418577,0.0010940919037199124,0.017241379310344827,0.017241379310344827,0.0914829153341189,,1.5565840003546327
threshold_sensitivity,7003,10,joint_dirichlet_0.3,strict,B3,3,7,256,64,True,False,0.921875,0.4796747967479675,,,,,"comparison_groups,subgroup_accuracy_gap",0.6357919774018228
threshold_sensitivity,7003,10,joint_dirichlet_0.3,strict,B3,3,8,632,158,True,False,0.9050632911392406,0.4750830564784053,0.0,,,0.6521739130434783,"equal_opportunity_gap,equalized_odds_gap",0.743083015549928
threshold_sensitivity,7003,10,joint_dirichlet_0.3,strict,B3,3,9,3253,814,True,False,0.5282555282555282,0.37407184909287516,0.01653944020356234,0.03307888040712468,0.03307888040712468,0.34060341693929475,,1.4730419788975269
threshold_sensitivity,7003,10,joint_dirichlet_0.3,strict,B3,4,0,1566,392,True,False,0.30357142857142855,0.2725097380746824,0.057971014492753624,0.06551724137931035,0.06551724137931035,0.7671292013567684,,1.0422079940326512
threshold_sensitivity,7003,10,joint_dirichlet_0.3,strict,B3,4,1,299,75,True,False,0.28,0.27884615384615385,0.040942928039702245,0.013846153846153841,,0.15260545905707196,"equalized_odds_gap,false_positive_rate_gap",0.6554169813171029
threshold_sensitivity,7003,10,joint_dirichlet_0.3,strict,B3,4,2,2475,619,True,False,0.4604200323101777,0.3324744930905334,0.0013122331466175734,0.011672794117647059,0.011672794117647059,0.37729640800658076,,1.2532910041045398
threshold_sensitivity,7003,10,joint_dirichlet_0.3,strict,B3,4,3,787,197,True,False,0.6446700507614214,0.42941079112876535,0.019777777777777776,0.09423076923076923,0.09423076923076923,0.819,,0.7925830141175538
threshold_sensitivity,7003,10,joint_dirichlet_0.3,strict,B3,4,4,560,141,True,False,0.8794326241134752,0.4679245283018868,0.0,,,0.13178294573643412,"equal_opportunity_gap,equalized_odds_gap",0.7244579901453108
threshold_sensitivity,7003,10,joint_dirichlet_0.3,strict,B3,4,5,6974,1744,True,True,0.9913990825688074,0.49784048373164413,0.0,0.0,0.0,0.003012183272292468,,2.3564999864902347
threshold_sensitivity,7003,10,joint_dirichlet_0.3,strict,B3,4,6,3704,927,True,True,0.9363538295577131,0.4999405703418577,0.0010940919037199124,0.017241379310344827,0.017241379310344827,0.0914829153341189,,1.582875003805384
threshold_sensitivity,7003,10,joint_dirichlet_0.3,strict,B3,4,7,256,64,True,False,0.921875,0.4796747967479675,,,,,"comparison_groups,subgroup_accuracy_gap",0.6430830108001828
threshold_sensitivity,7003,10,joint_dirichlet_0.3,strict,B3,4,8,632,158,True,False,0.9050632911392406,0.4750830564784053,0.0,,,0.6521739130434783,"equal_opportunity_gap,equalized_odds_gap",0.7446670206263661
threshold_sensitivity,7003,10,joint_dirichlet_0.3,strict,B3,4,9,3253,814,True,False,0.5208845208845209,0.3580130071830713,0.008905852417302799,0.017811704834605598,0.017811704834605598,0.3482370047255543,,1.4058340166229755
threshold_sensitivity,7003,10,joint_dirichlet_0.3,strict,B3,5,0,1566,392,True,False,0.288265306122449,0.2513912180430542,0.04057971014492753,0.04482758620689655,0.04482758620689655,0.7845205057045945,,1.0484170052222908
threshold_sensitivity,7003,10,joint_dirichlet_0.3,strict,B3,5,1,299,75,True,False,0.22666666666666666,0.21987087517934,0.012406947890818865,0.0030769230769230743,,0.18114143920595532,"equalized_odds_gap,false_positive_rate_gap",0.6665839755441993
threshold_sensitivity,7003,10,joint_dirichlet_0.3,strict,B3,5,2,2475,619,True,False,0.4555735056542811,0.3229043932680916,0.007677543186180422,0.015625,0.015625,0.3836617180461436,,1.279499992961064
threshold_sensitivity,7003,10,joint_dirichlet_0.3,strict,B3,5,3,787,197,True,False,0.6446700507614214,0.42941079112876535,0.019777777777777776,0.09423076923076923,0.09423076923076923,0.819,,0.7951669977046549
threshold_sensitivity,7003,10,joint_dirichlet_0.3,strict,B3,5,4,560,141,True,False,0.8794326241134752,0.4679245283018868,0.0,,,0.13178294573643412,"equal_opportunity_gap,equalized_odds_gap",0.7264580053742975
threshold_sensitivity,7003,10,joint_dirichlet_0.3,strict,B3,5,5,6974,1744,True,True,0.9913990825688074,0.49784048373164413,0.0,0.0,0.0,0.003012183272292468,,2.3444579856004566
threshold_sensitivity,7003,10,joint_dirichlet_0.3,strict,B3,5,6,3704,927,True,True,0.9363538295577131,0.4999405703418577,0.0010940919037199124,0.017241379310344827,0.017241379310344827,0.0914829153341189,,1.5525420021731406
threshold_sensitivity,7003,10,joint_dirichlet_0.3,strict,B3,5,7,256,64,True,False,0.921875,0.4796747967479675,,,,,"comparison_groups,subgroup_accuracy_gap",0.6377079989761114
threshold_sensitivity,7003,10,joint_dirichlet_0.3,strict,B3,5,8,632,158,True,False,0.9050632911392406,0.4750830564784053,0.0,,,0.6521739130434783,"equal_opportunity_gap,equalized_odds_gap",0.7544170075561851
threshold_sensitivity,7003,10,joint_dirichlet_0.3,strict,B3,5,9,3253,814,True,False,0.5171990171990172,0.349828363077636,0.005089058524173028,0.010178117048346057,0.010178117048346057,0.352053798618684,,1.4238340081647038
threshold_sensitivity,7004,10,joint_dirichlet_0.3,lenient,B3,1,0,628,157,True,False,0.7770700636942676,0.741836974395114,,,,,"comparison_groups,subgroup_accuracy_gap",0.9074579866137356
threshold_sensitivity,7004,10,joint_dirichlet_0.3,lenient,B3,1,1,1373,344,True,False,0.9622093023255814,0.49037037037037035,,,,,"comparison_groups,subgroup_accuracy_gap",1.0484580125194043
threshold_sensitivity,7004,10,joint_dirichlet_0.3,lenient,B3,1,2,1237,310,True,False,0.8516129032258064,0.4806235431235431,,,,,"comparison_groups,subgroup_accuracy_gap",0.9731670143082738
threshold_sensitivity,7004,10,joint_dirichlet_0.3,lenient,B3,1,3,2080,521,False,False,,,,,,,,0.02691600820980966
threshold_sensitivity,7004,10,joint_dirichlet_0.3,lenient,B3,1,4,638,160,True,True,0.9625,0.49044585987261147,0.0,0.0,,0.2727272727272727,"equalized_odds_gap,false_positive_rate_gap",0.7687090255785733
threshold_sensitivity,7004,10,joint_dirichlet_0.3,lenient,B3,1,5,1808,452,True,False,0.7876106194690266,0.5031829631325853,,,,,"comparison_groups,subgroup_accuracy_gap",1.0957500198855996
threshold_sensitivity,7004,10,joint_dirichlet_0.3,lenient,B3,1,6,1891,473,True,True,0.959830866807611,0.48975188781014023,0.0,0.0,0.0,0.5066071428571429,,1.1007499997504056
threshold_sensitivity,7004,10,joint_dirichlet_0.3,lenient,B3,1,7,3176,795,True,True,0.8742138364779874,0.4855833937260586,0.0010625239232870927,0.10035842293906809,0.10035842293906809,0.167232026186925,,1.5049159992486238
threshold_sensitivity,7004,10,joint_dirichlet_0.3,lenient,B3,1,8,4581,1146,True,True,0.9965095986038395,0.4991258741258741,0.0,0.0,0.0,0.026060843452147764,,2.054208016488701
threshold_sensitivity,7004,10,joint_dirichlet_0.3,lenient,B3,1,9,3093,774,True,True,0.9651162790697675,0.5255953326825724,0.025000000000000022,0.0,,0.675,"equalized_odds_gap,false_positive_rate_gap",1.438707986380905
threshold_sensitivity,7004,10,joint_dirichlet_0.3,lenient,B3,2,0,628,157,True,False,0.8280254777070064,0.8245810055865922,,,,,"comparison_groups,subgroup_accuracy_gap",0.7540829828940332
threshold_sensitivity,7004,10,joint_dirichlet_0.3,lenient,B3,2,1,1373,344,True,False,0.9622093023255814,0.49037037037037035,,,,,"comparison_groups,subgroup_accuracy_gap",0.9413330117240548
threshold_sensitivity,7004,10,joint_dirichlet_0.3,lenient,B3,2,2,1237,310,True,False,0.8612903225806452,0.5406457837968228,,,,,"comparison_groups,subgroup_accuracy_gap",0.9022910089697689
threshold_sensitivity,7004,10,joint_dirichlet_0.3,lenient,B3,2,3,2080,521,False,False,,,,,,,,0.02433298504911363
threshold_sensitivity,7004,10,joint_dirichlet_0.3,lenient,B3,2,4,638,160,True,True,0.9625,0.6153846153846154,0.03820816864295118,0.007246376811594235,,0.22002635046113306,"equalized_odds_gap,false_positive_rate_gap",0.7299999997485429
threshold_sensitivity,7004,10,joint_dirichlet_0.3,lenient,B3,2,5,1808,452,True,False,0.7942477876106194,0.5367168126963134,,,,,"comparison_groups,subgroup_accuracy_gap",1.0527090053074062
threshold_sensitivity,7004,10,joint_dirichlet_0.3,lenient,B3,2,6,1891,473,True,True,0.959830866807611,0.48975188781014023,0.0,0.0,0.0,0.5066071428571429,,1.0730000212788582
threshold_sensitivity,7004,10,joint_dirichlet_0.3,lenient,B3,2,7,3176,795,True,True,0.8729559748427673,0.48504088504088505,0.004217098055779207,0.10035842293906809,0.10035842293906809,0.1640774520544328,,1.3972499873489141
threshold_sensitivity,7004,10,joint_dirichlet_0.3,lenient,B3,2,8,4581,1146,True,True,0.9965095986038395,0.4991258741258741,0.0,0.0,0.0,0.026060843452147764,,1.7528749885968864
threshold_sensitivity,7004,10,joint_dirichlet_0.3,lenient,B3,2,9,3093,774,True,True,0.9728682170542635,0.7092671758456007,0.1986376021798365,0.0013623978201634523,,0.49863760217983655,"equalized_odds_gap,false_positive_rate_gap",1.3423339987639338
threshold_sensitivity,7004,10,joint_dirichlet_0.3,lenient,B3,3,0,628,157,True,False,0.7388535031847133,0.7377897266691107,,,,,"comparison_groups,subgroup_accuracy_gap",0.8007079886738211
threshold_sensitivity,7004,10,joint_dirichlet_0.3,lenient,B3,3,1,1373,344,True,False,0.9622093023255814,0.49037037037037035,,,,,"comparison_groups,subgroup_accuracy_gap",0.9587499953340739
threshold_sensitivity,7004,10,joint_dirichlet_0.3,lenient,B3,3,2,1237,310,True,False,0.864516129032258,0.5591820151679306,,,,,"comparison_groups,subgroup_accuracy_gap",0.9213339944835752
threshold_sensitivity,7004,10,joint_dirichlet_0.3,lenient,B3,3,3,2080,521,False,False,,,,,,,,0.02500001573935151
threshold_sensitivity,7004,10,joint_dirichlet_0.3,lenient,B3,3,4,638,160,True,True,0.96875,0.7995489852167377,0.21277997364953893,0.04800724637681164,,0.121870882740448,"equalized_odds_gap,false_positive_rate_gap",0.7305000035557896
threshold_sensitivity,7004,10,joint_dirichlet_0.3,lenient,B3,3,5,1808,452,True,False,0.7898230088495575,0.5336613125685552,,,,,"comparison_groups,subgroup_accuracy_gap",1.0455840092618018
threshold_sensitivity,7004,10,joint_dirichlet_0.3,lenient,B3,3,6,1891,473,True,True,0.959830866807611,0.48975188781014023,0.0,0.0,0.0,0.5066071428571429,,1.0632500052452087
threshold_sensitivity,7004,10,joint_dirichlet_0.3,lenient,B3,3,7,3176,795,True,True,0.8742138364779874,0.5116707616707616,0.004250095693148371,0.18996415770609318,0.18996415770609318,0.1619854018452278,,1.3862499909009784
threshold_sensitivity,7004,10,joint_dirichlet_0.3,lenient,B3,3,8,4581,1146,True,True,0.9965095986038395,0.4991258741258741,0.0,0.0,0.0,0.026060843452147764,,1.7235419945791364
threshold_sensitivity,7004,10,joint_dirichlet_0.3,lenient,B3,3,9,3093,774,True,False,0.9612403100775194,0.7220892378399081,0.3572888283378747,0.1489554950045413,,0.4072888283378747,"equalized_odds_gap,false_positive_rate_gap",1.3854159915354103
threshold_sensitivity,7004,10,joint_dirichlet_0.3,lenient,B3,4,0,628,157,True,False,0.5605095541401274,0.5266331658291458,,,,,"comparison_groups,subgroup_accuracy_gap",0.7949169958010316
threshold_sensitivity,7004,10,joint_dirichlet_0.3,lenient,B3,4,1,1373,344,True,False,0.9622093023255814,0.49037037037037035,,,,,"comparison_groups,subgroup_accuracy_gap",0.9395840170327574
threshold_sensitivity,7004,10,joint_dirichlet_0.3,lenient,B3,4,2,1237,310,True,False,0.864516129032258,0.5591820151679306,,,,,"comparison_groups,subgroup_accuracy_gap",0.9000420104712248
threshold_sensitivity,7004,10,joint_dirichlet_0.3,lenient,B3,4,3,2080,521,False,False,,,,,,,,0.02479198155924678
threshold_sensitivity,7004,10,joint_dirichlet_0.3,lenient,B3,4,4,638,160,True,True,0.71875,0.5197118270962577,0.2628458498023715,0.09239130434782605,,0.00988142292490124,"equalized_odds_gap,false_positive_rate_gap",0.7345839985646307
threshold_sensitivity,7004,10,joint_dirichlet_0.3,lenient,B3,4,5,1808,452,True,False,0.7920353982300885,0.5210137085137085,,,,,"comparison_groups,subgroup_accuracy_gap",1.047083002049476
threshold_sensitivity,7004,10,joint_dirichlet_0.3,lenient,B3,4,6,1891,473,True,True,0.959830866807611,0.48975188781014023,0.0,0.0,0.0,0.5066071428571429,,1.0729999921750277
threshold_sensitivity,7004,10,joint_dirichlet_0.3,lenient,B3,4,7,3176,795,True,True,0.8729559748427673,0.48504088504088505,0.004217098055779207,0.10035842293906809,0.10035842293906809,0.1640774520544328,,1.400375011144206
threshold_sensitivity,7004,10,joint_dirichlet_0.3,lenient,B3,4,8,4581,1146,True,True,0.9965095986038395,0.4991258741258741,0.0,0.0,0.0,0.026060843452147764,,1.757583988364786
threshold_sensitivity,7004,10,joint_dirichlet_0.3,lenient,B3,4,9,3093,774,True,False,0.7829457364341085,0.5445081197718897,0.484741144414169,0.2014078110808356,,0.03474114441416898,"equalized_odds_gap,false_positive_rate_gap",1.3643339916598052
threshold_sensitivity,7004,10,joint_dirichlet_0.3,lenient,B3,5,0,628,157,True,False,0.4840764331210191,0.4088690559196765,,,,,"comparison_groups,subgroup_accuracy_gap",0.7873330032452941
threshold_sensitivity,7004,10,joint_dirichlet_0.3,lenient,B3,5,1,1373,344,True,False,0.9622093023255814,0.49037037037037035,,,,,"comparison_groups,subgroup_accuracy_gap",0.9447499760426581
threshold_sensitivity,7004,10,joint_dirichlet_0.3,lenient,B3,5,2,1237,310,True,False,0.8580645161290322,0.5214035087719298,,,,,"comparison_groups,subgroup_accuracy_gap",0.9112920088227838
threshold_sensitivity,7004,10,joint_dirichlet_0.3,lenient,B3,5,3,2080,521,False,False,,,,,,,,0.02479198155924678
threshold_sensitivity,7004,10,joint_dirichlet_0.3,lenient,B3,5,4,638,160,True,False,0.4625,0.36753079610222467,0.17654808959156787,0.07427536231884058,,0.09617918313570484,"equalized_odds_gap,false_positive_rate_gap",0.7317500130739063
threshold_sensitivity,7004,10,joint_dirichlet_0.3,lenient,B3,5,5,1808,452,True,False,0.7898230088495575,0.5121729547959056,,,,,"comparison_groups,subgroup_accuracy_gap",1.053999993018806
threshold_sensitivity,7004,10,joint_dirichlet_0.3,lenient,B3,5,6,1891,473,True,True,0.959830866807611,0.48975188781014023,0.0,0.0,0.0,0.5066071428571429,,1.0661250271368772
threshold_sensitivity,7004,10,joint_dirichlet_0.3,lenient,B3,5,7,3176,795,True,True,0.8729559748427673,0.48504088504088505,0.004217098055779207,0.10035842293906809,0.10035842293906809,0.1640774520544328,,1.3875840231776237
threshold_sensitivity,7004,10,joint_dirichlet_0.3,lenient,B3,5,8,4581,1146,True,True,0.9965095986038395,0.4991258741258741,0.0,0.0,0.0,0.026060843452147764,,1.7273749981541187
threshold_sensitivity,7004,10,joint_dirichlet_0.3,lenient,B3,5,9,3093,774,True,False,0.5645994832041343,0.4194659776055125,0.3544959128065395,0.13782924613987285,,0.19550408719346046,"equalized_odds_gap,false_positive_rate_gap",1.3533339952118695
threshold_sensitivity,7004,10,joint_dirichlet_0.3,submitted,B3,1,0,628,157,True,False,0.7770700636942676,0.741836974395114,,,,,"comparison_groups,subgroup_accuracy_gap",0.9445420000702143
threshold_sensitivity,7004,10,joint_dirichlet_0.3,submitted,B3,1,1,1373,344,True,False,0.9622093023255814,0.49037037037037035,,,,,"comparison_groups,subgroup_accuracy_gap",1.0242089920211583
threshold_sensitivity,7004,10,joint_dirichlet_0.3,submitted,B3,1,2,1237,310,True,False,0.8516129032258064,0.4806235431235431,,,,,"comparison_groups,subgroup_accuracy_gap",0.9474169928580523
threshold_sensitivity,7004,10,joint_dirichlet_0.3,submitted,B3,1,3,2080,521,False,False,,,,,,,,0.02516701351851225
threshold_sensitivity,7004,10,joint_dirichlet_0.3,submitted,B3,1,4,638,160,True,True,0.9625,0.49044585987261147,0.0,0.0,,0.2727272727272727,"equalized_odds_gap,false_positive_rate_gap",0.7670419872738421
threshold_sensitivity,7004,10,joint_dirichlet_0.3,submitted,B3,1,5,1808,452,True,False,0.7876106194690266,0.5031829631325853,,,,,"comparison_groups,subgroup_accuracy_gap",1.14020801265724
threshold_sensitivity,7004,10,joint_dirichlet_0.3,submitted,B3,1,6,1891,473,True,True,0.959830866807611,0.48975188781014023,0.0,0.0,0.0,0.5066071428571429,,1.1080830008722842
threshold_sensitivity,7004,10,joint_dirichlet_0.3,submitted,B3,1,7,3176,795,True,True,0.8742138364779874,0.4855833937260586,0.0010625239232870927,0.10035842293906809,0.10035842293906809,0.167232026186925,,1.4715419965796173
threshold_sensitivity,7004,10,joint_dirichlet_0.3,submitted,B3,1,8,4581,1146,True,True,0.9965095986038395,0.4991258741258741,0.0,0.0,0.0,0.026060843452147764,,1.857166993431747
threshold_sensitivity,7004,10,joint_dirichlet_0.3,submitted,B3,1,9,3093,774,True,True,0.9651162790697675,0.5255953326825724,0.025000000000000022,0.0,,0.675,"equalized_odds_gap,false_positive_rate_gap",1.4049579913262278
threshold_sensitivity,7004,10,joint_dirichlet_0.3,submitted,B3,2,0,628,157,True,False,0.8280254777070064,0.8245810055865922,,,,,"comparison_groups,subgroup_accuracy_gap",0.8146670006681234
threshold_sensitivity,7004,10,joint_dirichlet_0.3,submitted,B3,2,1,1373,344,True,False,0.9622093023255814,0.49037037037037035,,,,,"comparison_groups,subgroup_accuracy_gap",0.9584159997757524
threshold_sensitivity,7004,10,joint_dirichlet_0.3,submitted,B3,2,2,1237,310,True,False,0.8612903225806452,0.5406457837968228,,,,,"comparison_groups,subgroup_accuracy_gap",0.9169999975711107
threshold_sensitivity,7004,10,joint_dirichlet_0.3,submitted,B3,2,3,2080,521,False,False,,,,,,,,0.025083980290219188
threshold_sensitivity,7004,10,joint_dirichlet_0.3,submitted,B3,2,4,638,160,True,True,0.9625,0.6153846153846154,0.03820816864295118,0.007246376811594235,,0.22002635046113306,"equalized_odds_gap,false_positive_rate_gap",0.7396250148303807
threshold_sensitivity,7004,10,joint_dirichlet_0.3,submitted,B3,2,5,1808,452,True,False,0.7942477876106194,0.5367168126963134,,,,,"comparison_groups,subgroup_accuracy_gap",1.056541979778558
threshold_sensitivity,7004,10,joint_dirichlet_0.3,submitted,B3,2,6,1891,473,True,True,0.959830866807611,0.48975188781014023,0.0,0.0,0.0,0.5066071428571429,,1.0618329979479313
threshold_sensitivity,7004,10,joint_dirichlet_0.3,submitted,B3,2,7,3176,795,True,True,0.8729559748427673,0.48504088504088505,0.004217098055779207,0.10035842293906809,0.10035842293906809,0.1640774520544328,,1.4123329892754555
threshold_sensitivity,7004,10,joint_dirichlet_0.3,submitted,B3,2,8,4581,1146,True,True,0.9965095986038395,0.4991258741258741,0.0,0.0,0.0,0.026060843452147764,,1.7954159993678331
threshold_sensitivity,7004,10,joint_dirichlet_0.3,submitted,B3,2,9,3093,774,True,True,0.9728682170542635,0.7092671758456007,0.1986376021798365,0.0013623978201634523,,0.49863760217983655,"equalized_odds_gap,false_positive_rate_gap",1.3853750133421272
threshold_sensitivity,7004,10,joint_dirichlet_0.3,submitted,B3,3,0,628,157,True,False,0.7388535031847133,0.7377897266691107,,,,,"comparison_groups,subgroup_accuracy_gap",0.792709004599601
threshold_sensitivity,7004,10,joint_dirichlet_0.3,submitted,B3,3,1,1373,344,True,False,0.9622093023255814,0.49037037037037035,,,,,"comparison_groups,subgroup_accuracy_gap",0.9492920071352273
threshold_sensitivity,7004,10,joint_dirichlet_0.3,submitted,B3,3,2,1237,310,True,False,0.864516129032258,0.5591820151679306,,,,,"comparison_groups,subgroup_accuracy_gap",0.908124988200143
threshold_sensitivity,7004,10,joint_dirichlet_0.3,submitted,B3,3,3,2080,521,False,False,,,,,,,,0.025666988221928477
threshold_sensitivity,7004,10,joint_dirichlet_0.3,submitted,B3,3,4,638,160,True,True,0.96875,0.7995489852167377,0.21277997364953893,0.04800724637681164,,0.121870882740448,"equalized_odds_gap,false_positive_rate_gap",0.7464580121450126
threshold_sensitivity,7004,10,joint_dirichlet_0.3,submitted,B3,3,5,1808,452,True,False,0.7898230088495575,0.5336613125685552,,,,,"comparison_groups,subgroup_accuracy_gap",1.0618329979479313
threshold_sensitivity,7004,10,joint_dirichlet_0.3,submitted,B3,3,6,1891,473,True,True,0.959830866807611,0.48975188781014023,0.0,0.0,0.0,0.5066071428571429,,1.0919999913312495
threshold_sensitivity,7004,10,joint_dirichlet_0.3,submitted,B3,3,7,3176,795,True,True,0.8742138364779874,0.5116707616707616,0.004250095693148371,0.18996415770609318,0.18996415770609318,0.1619854018452278,,1.4017500216141343
threshold_sensitivity,7004,10,joint_dirichlet_0.3,submitted,B3,3,8,4581,1146,True,True,0.9965095986038395,0.4991258741258741,0.0,0.0,0.0,0.026060843452147764,,1.7530419863760471
threshold_sensitivity,7004,10,joint_dirichlet_0.3,submitted,B3,3,9,3093,774,True,False,0.9612403100775194,0.7220892378399081,0.3572888283378747,0.1489554950045413,,0.4072888283378747,"equalized_odds_gap,false_positive_rate_gap",1.3575420016422868
threshold_sensitivity,7004,10,joint_dirichlet_0.3,submitted,B3,4,0,628,157,True,False,0.5605095541401274,0.5266331658291458,,,,,"comparison_groups,subgroup_accuracy_gap",0.803167000412941
threshold_sensitivity,7004,10,joint_dirichlet_0.3,submitted,B3,4,1,1373,344,True,False,0.9622093023255814,0.49037037037037035,,,,,"comparison_groups,subgroup_accuracy_gap",1.0036249877884984
threshold_sensitivity,7004,10,joint_dirichlet_0.3,submitted,B3,4,2,1237,310,True,False,0.864516129032258,0.5591820151679306,,,,,"comparison_groups,subgroup_accuracy_gap",0.9144159848801792
threshold_sensitivity,7004,10,joint_dirichlet_0.3,submitted,B3,4,3,2080,521,False,False,,,,,,,,0.025040993932634592
threshold_sensitivity,7004,10,joint_dirichlet_0.3,submitted,B3,4,4,638,160,True,True,0.71875,0.5197118270962577,0.2628458498023715,0.09239130434782605,,0.00988142292490124,"equalized_odds_gap,false_positive_rate_gap",0.7400840113405138
threshold_sensitivity,7004,10,joint_dirichlet_0.3,submitted,B3,4,5,1808,452,True,False,0.7920353982300885,0.5210137085137085,,,,,"comparison_groups,subgroup_accuracy_gap",1.0538749920669943
threshold_sensitivity,7004,10,joint_dirichlet_0.3,submitted,B3,4,6,1891,473,True,True,0.959830866807611,0.48975188781014023,0.0,0.0,0.0,0.5066071428571429,,1.0705000022426248
threshold_sensitivity,7004,10,joint_dirichlet_0.3,submitted,B3,4,7,3176,795,True,True,0.8729559748427673,0.48504088504088505,0.004217098055779207,0.10035842293906809,0.10035842293906809,0.1640774520544328,,1.388541015330702
threshold_sensitivity,7004,10,joint_dirichlet_0.3,submitted,B3,4,8,4581,1146,True,True,0.9965095986038395,0.4991258741258741,0.0,0.0,0.0,0.026060843452147764,,1.7940840043593198
threshold_sensitivity,7004,10,joint_dirichlet_0.3,submitted,B3,4,9,3093,774,True,False,0.7829457364341085,0.5445081197718897,0.484741144414169,0.2014078110808356,,0.03474114441416898,"equalized_odds_gap,false_positive_rate_gap",1.3734590029343963
threshold_sensitivity,7004,10,joint_dirichlet_0.3,submitted,B3,5,0,628,157,True,False,0.4840764331210191,0.4088690559196765,,,,,"comparison_groups,subgroup_accuracy_gap",0.7973340107128024
threshold_sensitivity,7004,10,joint_dirichlet_0.3,submitted,B3,5,1,1373,344,True,False,0.9622093023255814,0.49037037037037035,,,,,"comparison_groups,subgroup_accuracy_gap",0.9789999749045819
threshold_sensitivity,7004,10,joint_dirichlet_0.3,submitted,B3,5,2,1237,310,True,False,0.8580645161290322,0.5214035087719298,,,,,"comparison_groups,subgroup_accuracy_gap",0.9158749890048057
threshold_sensitivity,7004,10,joint_dirichlet_0.3,submitted,B3,5,3,2080,521,False,False,,,,,,,,0.02445801510475576
threshold_sensitivity,7004,10,joint_dirichlet_0.3,submitted,B3,5,4,638,160,True,False,0.4625,0.36753079610222467,0.17654808959156787,0.07427536231884058,,0.09617918313570484,"equalized_odds_gap,false_positive_rate_gap",0.7411249971482903
threshold_sensitivity,7004,10,joint_dirichlet_0.3,submitted,B3,5,5,1808,452,True,False,0.7898230088495575,0.5121729547959056,,,,,"comparison_groups,subgroup_accuracy_gap",1.0726249893195927
threshold_sensitivity,7004,10,joint_dirichlet_0.3,submitted,B3,5,6,1891,473,True,True,0.959830866807611,0.48975188781014023,0.0,0.0,0.0,0.5066071428571429,,1.0697910038288683
threshold_sensitivity,7004,10,joint_dirichlet_0.3,submitted,B3,5,7,3176,795,True,True,0.8729559748427673,0.48504088504088505,0.004217098055779207,0.10035842293906809,0.10035842293906809,0.1640774520544328,,1.391041005263105
threshold_sensitivity,7004,10,joint_dirichlet_0.3,submitted,B3,5,8,4581,1146,True,True,0.9965095986038395,0.4991258741258741,0.0,0.0,0.0,0.026060843452147764,,1.726499991491437
threshold_sensitivity,7004,10,joint_dirichlet_0.3,submitted,B3,5,9,3093,774,True,False,0.5645994832041343,0.4194659776055125,0.3544959128065395,0.13782924613987285,,0.19550408719346046,"equalized_odds_gap,false_positive_rate_gap",1.357000001007691
threshold_sensitivity,7004,10,joint_dirichlet_0.3,moderate,B3,1,0,628,157,True,False,0.7770700636942676,0.741836974395114,,,,,"comparison_groups,subgroup_accuracy_gap",0.9051249944604933
threshold_sensitivity,7004,10,joint_dirichlet_0.3,moderate,B3,1,1,1373,344,True,False,0.9622093023255814,0.49037037037037035,,,,,"comparison_groups,subgroup_accuracy_gap",1.013041997794062
threshold_sensitivity,7004,10,joint_dirichlet_0.3,moderate,B3,1,2,1237,310,True,False,0.8516129032258064,0.4806235431235431,,,,,"comparison_groups,subgroup_accuracy_gap",0.9432499937247485
threshold_sensitivity,7004,10,joint_dirichlet_0.3,moderate,B3,1,3,2080,521,False,False,,,,,,,,0.024833017960190773
threshold_sensitivity,7004,10,joint_dirichlet_0.3,moderate,B3,1,4,638,160,True,True,0.9625,0.49044585987261147,0.0,0.0,,0.2727272727272727,"equalized_odds_gap,false_positive_rate_gap",0.7644159777555615
threshold_sensitivity,7004,10,joint_dirichlet_0.3,moderate,B3,1,5,1808,452,True,False,0.7876106194690266,0.5031829631325853,,,,,"comparison_groups,subgroup_accuracy_gap",1.0917920153588057
threshold_sensitivity,7004,10,joint_dirichlet_0.3,moderate,B3,1,6,1891,473,True,True,0.959830866807611,0.48975188781014023,0.0,0.0,0.0,0.5066071428571429,,1.0943340021185577
threshold_sensitivity,7004,10,joint_dirichlet_0.3,moderate,B3,1,7,3176,795,True,True,0.8742138364779874,0.4855833937260586,0.0010625239232870927,0.10035842293906809,0.10035842293906809,0.167232026186925,,1.5005419845692813
threshold_sensitivity,7004,10,joint_dirichlet_0.3,moderate,B3,1,8,4581,1146,True,True,0.9965095986038395,0.4991258741258741,0.0,0.0,0.0,0.026060843452147764,,1.8752080213744193
threshold_sensitivity,7004,10,joint_dirichlet_0.3,moderate,B3,1,9,3093,774,True,True,0.9651162790697675,0.5255953326825724,0.025000000000000022,0.0,,0.675,"equalized_odds_gap,false_positive_rate_gap",1.4359579945448786
threshold_sensitivity,7004,10,joint_dirichlet_0.3,moderate,B3,2,0,628,157,True,False,0.8280254777070064,0.8245810055865922,,,,,"comparison_groups,subgroup_accuracy_gap",0.8047090086620301
threshold_sensitivity,7004,10,joint_dirichlet_0.3,moderate,B3,2,1,1373,344,True,False,0.9622093023255814,0.49037037037037035,,,,,"comparison_groups,subgroup_accuracy_gap",0.9791670017875731
threshold_sensitivity,7004,10,joint_dirichlet_0.3,moderate,B3,2,2,1237,310,True,False,0.8612903225806452,0.5406457837968228,,,,,"comparison_groups,subgroup_accuracy_gap",0.9066249767784029
threshold_sensitivity,7004,10,joint_dirichlet_0.3,moderate,B3,2,3,2080,521,False,False,,,,,,,,0.024874985683709383
threshold_sensitivity,7004,10,joint_dirichlet_0.3,moderate,B3,2,4,638,160,True,True,0.9625,0.6153846153846154,0.03820816864295118,0.007246376811594235,,0.22002635046113306,"equalized_odds_gap,false_positive_rate_gap",0.7397499866783619
threshold_sensitivity,7004,10,joint_dirichlet_0.3,moderate,B3,2,5,1808,452,True,False,0.7942477876106194,0.5367168126963134,,,,,"comparison_groups,subgroup_accuracy_gap",1.0490409913472831
threshold_sensitivity,7004,10,joint_dirichlet_0.3,moderate,B3,2,6,1891,473,True,True,0.959830866807611,0.48975188781014023,0.0,0.0,0.0,0.5066071428571429,,1.077207998605445
threshold_sensitivity,7004,10,joint_dirichlet_0.3,moderate,B3,2,7,3176,795,True,True,0.8729559748427673,0.48504088504088505,0.004217098055779207,0.10035842293906809,0.10035842293906809,0.1640774520544328,,1.4632499951403588
threshold_sensitivity,7004,10,joint_dirichlet_0.3,moderate,B3,2,8,4581,1146,True,True,0.9965095986038395,0.4991258741258741,0.0,0.0,0.0,0.026060843452147764,,1.760165992891416
threshold_sensitivity,7004,10,joint_dirichlet_0.3,moderate,B3,2,9,3093,774,True,True,0.9728682170542635,0.7092671758456007,0.1986376021798365,0.0013623978201634523,,0.49863760217983655,"equalized_odds_gap,false_positive_rate_gap",1.3769159850198776
threshold_sensitivity,7004,10,joint_dirichlet_0.3,moderate,B3,3,0,628,157,True,False,0.7388535031847133,0.7377897266691107,,,,,"comparison_groups,subgroup_accuracy_gap",0.8049159951042384
threshold_sensitivity,7004,10,joint_dirichlet_0.3,moderate,B3,3,1,1373,344,True,False,0.9622093023255814,0.49037037037037035,,,,,"comparison_groups,subgroup_accuracy_gap",0.9869589994195849
threshold_sensitivity,7004,10,joint_dirichlet_0.3,moderate,B3,3,2,1237,310,True,False,0.864516129032258,0.5591820151679306,,,,,"comparison_groups,subgroup_accuracy_gap",0.9135000000242144
threshold_sensitivity,7004,10,joint_dirichlet_0.3,moderate,B3,3,3,2080,521,False,False,,,,,,,,0.024917011614888906
threshold_sensitivity,7004,10,joint_dirichlet_0.3,moderate,B3,3,4,638,160,True,False,0.96875,0.7995489852167377,0.21277997364953893,0.04800724637681164,,0.121870882740448,"equalized_odds_gap,false_positive_rate_gap",0.7394170097541064
threshold_sensitivity,7004,10,joint_dirichlet_0.3,moderate,B3,3,5,1808,452,True,False,0.7898230088495575,0.5336613125685552,,,,,"comparison_groups,subgroup_accuracy_gap",1.0553339961916208
threshold_sensitivity,7004,10,joint_dirichlet_0.3,moderate,B3,3,6,1891,473,True,True,0.959830866807611,0.48975188781014023,0.0,0.0,0.0,0.5066071428571429,,1.0723329905886203
threshold_sensitivity,7004,10,joint_dirichlet_0.3,moderate,B3,3,7,3176,795,True,True,0.8742138364779874,0.5116707616707616,0.004250095693148371,0.18996415770609318,0.18996415770609318,0.1619854018452278,,1.457582984585315
threshold_sensitivity,7004,10,joint_dirichlet_0.3,moderate,B3,3,8,4581,1146,True,True,0.9965095986038395,0.4991258741258741,0.0,0.0,0.0,0.026060843452147764,,1.7521660192869604
threshold_sensitivity,7004,10,joint_dirichlet_0.3,moderate,B3,3,9,3093,774,True,False,0.9612403100775194,0.7220892378399081,0.3572888283378747,0.1489554950045413,,0.4072888283378747,"equalized_odds_gap,false_positive_rate_gap",1.420291984686628
threshold_sensitivity,7004,10,joint_dirichlet_0.3,moderate,B3,4,0,628,157,True,False,0.535031847133758,0.4913682155061465,,,,,"comparison_groups,subgroup_accuracy_gap",0.8032920013647527
threshold_sensitivity,7004,10,joint_dirichlet_0.3,moderate,B3,4,1,1373,344,True,False,0.9622093023255814,0.49037037037037035,,,,,"comparison_groups,subgroup_accuracy_gap",0.9449159842915833
threshold_sensitivity,7004,10,joint_dirichlet_0.3,moderate,B3,4,2,1237,310,True,False,0.8580645161290322,0.5214035087719298,,,,,"comparison_groups,subgroup_accuracy_gap",0.9097080037463456
threshold_sensitivity,7004,10,joint_dirichlet_0.3,moderate,B3,4,3,2080,521,False,False,,,,,,,,0.025416986318305135
threshold_sensitivity,7004,10,joint_dirichlet_0.3,moderate,B3,4,4,638,160,True,False,0.625,0.46236559139784944,0.2595520421607378,0.12318840579710144,,0.013175230566534912,"equalized_odds_gap,false_positive_rate_gap",0.7374160049948841
threshold_sensitivity,7004,10,joint_dirichlet_0.3,moderate,B3,4,5,1808,452,True,False,0.7898230088495575,0.5121729547959056,,,,,"comparison_groups,subgroup_accuracy_gap",1.0717920085880905
threshold_sensitivity,7004,10,joint_dirichlet_0.3,moderate,B3,4,6,1891,473,True,True,0.959830866807611,0.48975188781014023,0.0,0.0,0.0,0.5066071428571429,,1.0780840239021927
threshold_sensitivity,7004,10,joint_dirichlet_0.3,moderate,B3,4,7,3176,795,True,True,0.8729559748427673,0.48504088504088505,0.004217098055779207,0.10035842293906809,0.10035842293906809,0.1640774520544328,,1.4382500085048378
threshold_sensitivity,7004,10,joint_dirichlet_0.3,moderate,B3,4,8,4581,1146,True,True,0.9965095986038395,0.4991258741258741,0.0,0.0,0.0,0.026060843452147764,,1.768833986716345
threshold_sensitivity,7004,10,joint_dirichlet_0.3,moderate,B3,4,9,3093,774,True,False,0.7364341085271318,0.5134175654853621,0.4620572207084468,0.23705722070844681,,0.012057220708446836,"equalized_odds_gap,false_positive_rate_gap",1.389540993841365
threshold_sensitivity,7004,10,joint_dirichlet_0.3,moderate,B3,5,0,628,157,True,False,0.47770700636942676,0.39181783824640964,,,,,"comparison_groups,subgroup_accuracy_gap",0.7939169881865382
threshold_sensitivity,7004,10,joint_dirichlet_0.3,moderate,B3,5,1,1373,344,True,False,0.9651162790697675,0.4911242603550296,,,,,"comparison_groups,subgroup_accuracy_gap",0.9713339968584478
threshold_sensitivity,7004,10,joint_dirichlet_0.3,moderate,B3,5,2,1237,310,True,False,0.8548387096774194,0.501411773115551,,,,,"comparison_groups,subgroup_accuracy_gap",0.9243749955203384
threshold_sensitivity,7004,10,joint_dirichlet_0.3,moderate,B3,5,3,2080,521,False,False,,,,,,,,0.024874985683709383
threshold_sensitivity,7004,10,joint_dirichlet_0.3,moderate,B3,5,4,638,160,True,False,0.3875,0.3212121212121212,0.14229249011857706,0.057065217391304324,,0.13043478260869568,"equalized_odds_gap,false_positive_rate_gap",0.746000005165115
threshold_sensitivity,7004,10,joint_dirichlet_0.3,moderate,B3,5,5,1808,452,True,False,0.7853982300884956,0.49403958225145694,,,,,"comparison_groups,subgroup_accuracy_gap",1.059500005794689
threshold_sensitivity,7004,10,joint_dirichlet_0.3,moderate,B3,5,6,1891,473,True,True,0.959830866807611,0.48975188781014023,0.0,0.0,0.0,0.5066071428571429,,1.0816659778356552
threshold_sensitivity,7004,10,joint_dirichlet_0.3,moderate,B3,5,7,3176,795,True,True,0.8729559748427673,0.48504088504088505,0.004217098055779207,0.10035842293906809,0.10035842293906809,0.1640774520544328,,1.401833025738597
threshold_sensitivity,7004,10,joint_dirichlet_0.3,moderate,B3,5,8,4581,1146,True,True,0.9965095986038395,0.4991258741258741,0.0,0.0,0.0,0.026060843452147764,,1.7295830184593797
threshold_sensitivity,7004,10,joint_dirichlet_0.3,moderate,B3,5,9,3093,774,True,False,0.47416020671834624,0.3681784723628976,0.2854904632152589,0.12715712988192557,,0.2645095367847411,"equalized_odds_gap,false_positive_rate_gap",1.3621659891214222
threshold_sensitivity,7004,10,joint_dirichlet_0.3,strict,B3,1,0,628,157,True,False,0.7770700636942676,0.741836974395114,,,,,"comparison_groups,subgroup_accuracy_gap",0.9907079802360386
threshold_sensitivity,7004,10,joint_dirichlet_0.3,strict,B3,1,1,1373,344,True,False,0.9622093023255814,0.49037037037037035,,,,,"comparison_groups,subgroup_accuracy_gap",1.0953750170301646
threshold_sensitivity,7004,10,joint_dirichlet_0.3,strict,B3,1,2,1237,310,True,False,0.8516129032258064,0.4806235431235431,,,,,"comparison_groups,subgroup_accuracy_gap",1.0712499788496643
threshold_sensitivity,7004,10,joint_dirichlet_0.3,strict,B3,1,3,2080,521,False,False,,,,,,,,0.03024999750778079
threshold_sensitivity,7004,10,joint_dirichlet_0.3,strict,B3,1,4,638,160,True,False,0.9625,0.49044585987261147,0.0,0.0,,0.2727272727272727,"equalized_odds_gap,false_positive_rate_gap",0.8501249831169844
threshold_sensitivity,7004,10,joint_dirichlet_0.3,strict,B3,1,5,1808,452,True,False,0.7876106194690266,0.5031829631325853,,,,,"comparison_groups,subgroup_accuracy_gap",1.1234160047024488
threshold_sensitivity,7004,10,joint_dirichlet_0.3,strict,B3,1,6,1891,473,True,False,0.959830866807611,0.48975188781014023,0.0,0.0,0.0,0.5066071428571429,,1.1211670062039047
threshold_sensitivity,7004,10,joint_dirichlet_0.3,strict,B3,1,7,3176,795,True,False,0.8742138364779874,0.4855833937260586,0.0010625239232870927,0.10035842293906809,0.10035842293906809,0.167232026186925,,1.5409159823320806
threshold_sensitivity,7004,10,joint_dirichlet_0.3,strict,B3,1,8,4581,1146,True,True,0.9965095986038395,0.4991258741258741,0.0,0.0,0.0,0.026060843452147764,,1.8953749968204647
threshold_sensitivity,7004,10,joint_dirichlet_0.3,strict,B3,1,9,3093,774,True,False,0.9651162790697675,0.5255953326825724,0.025000000000000022,0.0,,0.675,"equalized_odds_gap,false_positive_rate_gap",1.476459001423791
threshold_sensitivity,7004,10,joint_dirichlet_0.3,strict,B3,2,0,628,157,True,False,0.47770700636942676,0.39841121495327103,,,,,"comparison_groups,subgroup_accuracy_gap",0.8192920067813247
threshold_sensitivity,7004,10,joint_dirichlet_0.3,strict,B3,2,1,1373,344,True,False,0.9651162790697675,0.4911242603550296,,,,,"comparison_groups,subgroup_accuracy_gap",1.021042000502348
threshold_sensitivity,7004,10,joint_dirichlet_0.3,strict,B3,2,2,1237,310,True,False,0.8483870967741935,0.45898778359511344,,,,,"comparison_groups,subgroup_accuracy_gap",0.9525839996058494
threshold_sensitivity,7004,10,joint_dirichlet_0.3,strict,B3,2,3,2080,521,False,False,,,,,,,,0.025874993298202753
threshold_sensitivity,7004,10,joint_dirichlet_0.3,strict,B3,2,4,638,160,True,False,0.9375,0.7333333333333334,0.32015810276679846,0.1440217391304348,,0.13833992094861658,"equalized_odds_gap,false_positive_rate_gap",0.759374990593642
threshold_sensitivity,7004,10,joint_dirichlet_0.3,strict,B3,2,5,1808,452,True,False,0.7765486725663717,0.4558436140413612,,,,,"comparison_groups,subgroup_accuracy_gap",1.080832997104153
threshold_sensitivity,7004,10,joint_dirichlet_0.3,strict,B3,2,6,1891,473,True,False,0.959830866807611,0.48975188781014023,0.0,0.0,0.0,0.5066071428571429,,1.112958008889109
threshold_sensitivity,7004,10,joint_dirichlet_0.3,strict,B3,2,7,3176,795,True,False,0.8729559748427673,0.47574774257154234,0.0031545741324921135,0.1111111111111111,0.1111111111111111,0.16932407639613012,,1.653374987654388
threshold_sensitivity,7004,10,joint_dirichlet_0.3,strict,B3,2,8,4581,1146,True,True,0.9965095986038395,0.4991258741258741,0.0,0.0,0.0,0.026060843452147764,,1.839042000938207
threshold_sensitivity,7004,10,joint_dirichlet_0.3,strict,B3,2,9,3093,774,True,False,0.9470284237726099,0.7265512576367287,0.5104904632152589,0.21049046321525888,,0.2604904632152589,"equalized_odds_gap,false_positive_rate_gap",1.39608298195526
threshold_sensitivity,7004,10,joint_dirichlet_0.3,strict,B3,3,0,628,157,True,False,0.4394904458598726,0.3235409322365844,,,,,"comparison_groups,subgroup_accuracy_gap",0.7848749810364097
threshold_sensitivity,7004,10,joint_dirichlet_0.3,strict,B3,3,1,1373,344,True,False,0.9651162790697675,0.4911242603550296,,,,,"comparison_groups,subgroup_accuracy_gap",1.0444170038681477
threshold_sensitivity,7004,10,joint_dirichlet_0.3,strict,B3,3,2,1237,310,True,False,0.8483870967741935,0.45898778359511344,,,,,"comparison_groups,subgroup_accuracy_gap",1.057624991517514
threshold_sensitivity,7004,10,joint_dirichlet_0.3,strict,B3,3,3,2080,521,False,False,,,,,,,,0.026458001229912043
threshold_sensitivity,7004,10,joint_dirichlet_0.3,strict,B3,3,4,638,160,True,False,0.34375,0.2926613616268789,0.09156785243741764,0.0063405797101449,,0.1811594202898551,"equalized_odds_gap,false_positive_rate_gap",0.7723339949734509
threshold_sensitivity,7004,10,joint_dirichlet_0.3,strict,B3,3,5,1808,452,True,False,0.7765486725663717,0.4558436140413612,,,,,"comparison_groups,subgroup_accuracy_gap",1.096791005693376
threshold_sensitivity,7004,10,joint_dirichlet_0.3,strict,B3,3,6,1891,473,True,False,0.959830866807611,0.48975188781014023,0.0,0.0,0.0,0.5066071428571429,,1.1032499896828085
threshold_sensitivity,7004,10,joint_dirichlet_0.3,strict,B3,3,7,3176,795,True,False,0.8716981132075472,0.4657258064516129,0.0,0.0,0.0,0.1661695022636379,,1.45870799315162
threshold_sensitivity,7004,10,joint_dirichlet_0.3,strict,B3,3,8,4581,1146,True,True,0.9965095986038395,0.4991258741258741,0.0,0.0,0.0,0.026060843452147764,,1.8191249982919544
threshold_sensitivity,7004,10,joint_dirichlet_0.3,strict,B3,3,9,3093,774,True,False,0.4444444444444444,0.352253353366601,0.30415531335149865,0.17915531335149865,,0.29584468664850133,"equalized_odds_gap,false_positive_rate_gap",1.5282919921446592
threshold_sensitivity,7004,10,joint_dirichlet_0.3,strict,B3,4,0,628,157,True,False,0.4394904458598726,0.3235409322365844,,,,,"comparison_groups,subgroup_accuracy_gap",0.8185000042431056
threshold_sensitivity,7004,10,joint_dirichlet_0.3,strict,B3,4,1,1373,344,True,False,0.9651162790697675,0.4911242603550296,,,,,"comparison_groups,subgroup_accuracy_gap",0.9713329782243818
threshold_sensitivity,7004,10,joint_dirichlet_0.3,strict,B3,4,2,1237,310,True,False,0.8483870967741935,0.45898778359511344,,,,,"comparison_groups,subgroup_accuracy_gap",0.9262500097975135
threshold_sensitivity,7004,10,joint_dirichlet_0.3,strict,B3,4,3,2080,521,False,False,,,,,,,,0.0270830059889704
threshold_sensitivity,7004,10,joint_dirichlet_0.3,strict,B3,4,4,638,160,True,False,0.1375,0.13411764705882354,0.06324110671936758,0.04619565217391304,,0.20948616600790515,"equalized_odds_gap,false_positive_rate_gap",0.7682499999646097
threshold_sensitivity,7004,10,joint_dirichlet_0.3,strict,B3,4,5,1808,452,True,False,0.7743362831858407,0.44586538461538466,,,,,"comparison_groups,subgroup_accuracy_gap",1.1125000019092113
threshold_sensitivity,7004,10,joint_dirichlet_0.3,strict,B3,4,6,1891,473,True,False,0.959830866807611,0.48975188781014023,0.0,0.0,0.0,0.5066071428571429,,1.3513329904526472
threshold_sensitivity,7004,10,joint_dirichlet_0.3,strict,B3,4,7,3176,795,True,False,0.8716981132075472,0.4657258064516129,0.0,0.0,0.0,0.1661695022636379,,1.5605420048814267
threshold_sensitivity,7004,10,joint_dirichlet_0.3,strict,B3,4,8,4581,1146,True,True,0.9965095986038395,0.4991258741258741,0.0,0.0,0.0,0.026060843452147764,,1.8818340031430125
threshold_sensitivity,7004,10,joint_dirichlet_0.3,strict,B3,4,9,3093,774,True,False,0.1821705426356589,0.17121228780945774,0.0803133514986376,0.07198001816530426,,0.5196866485013625,"equalized_odds_gap,false_positive_rate_gap",1.4007080171722919
threshold_sensitivity,7004,10,joint_dirichlet_0.3,strict,B3,5,0,628,157,True,False,0.4394904458598726,0.3235409322365844,,,,,"comparison_groups,subgroup_accuracy_gap",0.8472079935017973
threshold_sensitivity,7004,10,joint_dirichlet_0.3,strict,B3,5,1,1373,344,True,False,0.9651162790697675,0.4911242603550296,,,,,"comparison_groups,subgroup_accuracy_gap",1.2342080008238554
threshold_sensitivity,7004,10,joint_dirichlet_0.3,strict,B3,5,2,1237,310,True,False,0.8483870967741935,0.45898778359511344,,,,,"comparison_groups,subgroup_accuracy_gap",0.9789580071810633
threshold_sensitivity,7004,10,joint_dirichlet_0.3,strict,B3,5,3,2080,521,False,False,,,,,,,,0.02608299837447703
threshold_sensitivity,7004,10,joint_dirichlet_0.3,strict,B3,5,4,638,160,True,False,0.08125,0.08121410992616898,0.050724637681159424,0.050724637681159424,,0.22200263504611328,"equalized_odds_gap,false_positive_rate_gap",0.76299998909235
threshold_sensitivity,7004,10,joint_dirichlet_0.3,strict,B3,5,5,1808,452,True,False,0.7743362831858407,0.44586538461538466,,,,,"comparison_groups,subgroup_accuracy_gap",1.128292002249509
threshold_sensitivity,7004,10,joint_dirichlet_0.3,strict,B3,5,6,1891,473,True,False,0.959830866807611,0.48975188781014023,0.0,0.0,0.0,0.5066071428571429,,1.1289170070085675
threshold_sensitivity,7004,10,joint_dirichlet_0.3,strict,B3,5,7,3176,795,True,False,0.8716981132075472,0.4657258064516129,0.0,0.0,0.0,0.1661695022636379,,1.5774999919813126
threshold_sensitivity,7004,10,joint_dirichlet_0.3,strict,B3,5,8,4581,1146,True,True,0.9965095986038395,0.4991258741258741,0.0,0.0,0.0,0.026060843452147764,,2.080167003441602
threshold_sensitivity,7004,10,joint_dirichlet_0.3,strict,B3,5,9,3093,774,True,False,0.11369509043927649,0.11198153599143698,0.05810626702997276,0.08310626702997276,,0.5918937329700273,"equalized_odds_gap,false_positive_rate_gap",1.557209005113691
threshold_sensitivity,7005,10,joint_dirichlet_0.3,lenient,B3,1,0,4304,1076,True,True,0.8243494423791822,0.5485765657776446,0.10784866997233104,0.10952380952380952,0.10952380952380952,0.8839437854422925,,1.9606669957283884
threshold_sensitivity,7005,10,joint_dirichlet_0.3,lenient,B3,1,1,2129,533,True,True,0.8949343339587242,0.489463601532567,0.00980392156862745,,,0.5490196078431373,"equal_opportunity_gap,equalized_odds_gap",1.2390839983709157
threshold_sensitivity,7005,10,joint_dirichlet_0.3,lenient,B3,1,2,369,93,True,False,0.9032258064516129,0.4745762711864407,,,,,"comparison_groups,subgroup_accuracy_gap",0.7240000122692436
threshold_sensitivity,7005,10,joint_dirichlet_0.3,lenient,B3,1,3,572,144,True,True,0.7361111111111112,0.525,0.07479710462820799,0.0,0.058558558558558516,0.6505812678218907,,0.7525830005761236
threshold_sensitivity,7005,10,joint_dirichlet_0.3,lenient,B3,1,4,1413,354,True,True,0.7937853107344632,0.5713788127581232,0.15662650602409633,,,0.8323033832747966,"equal_opportunity_gap,equalized_odds_gap",1.009874977171421
threshold_sensitivity,7005,10,joint_dirichlet_0.3,lenient,B3,1,5,3317,830,True,True,0.7240963855421687,0.6055616083009079,0.21721730245231607,0.0019230769230769162,0.09539155655816944,0.39475476839237056,,1.513750001322478
threshold_sensitivity,7005,10,joint_dirichlet_0.3,lenient,B3,1,6,609,153,True,True,1.0,1.0,0.0,,,0.0,"equal_opportunity_gap,equalized_odds_gap",0.7517079939134419
threshold_sensitivity,7005,10,joint_dirichlet_0.3,lenient,B3,1,7,5796,1450,True,True,0.9696551724137931,0.49229691876750703,0.0,0.0,0.0,0.15103084344025897,,2.150957996491343
threshold_sensitivity,7005,10,joint_dirichlet_0.3,lenient,B3,1,8,1479,370,True,True,0.8864864864864865,0.4699140401146132,0.0,0.0,0.0,0.15712585933368584,,1.0053750011138618
threshold_sensitivity,7005,10,joint_dirichlet_0.3,lenient,B3,1,9,516,130,True,True,0.8692307692307693,0.46502057613168724,0.0,0.0,,0.9826086956521739,"equalized_odds_gap,false_positive_rate_gap",0.7222499989438802
threshold_sensitivity,7005,10,joint_dirichlet_0.3,lenient,B3,2,0,4304,1076,True,True,0.8215613382899628,0.5326607247884902,0.09004739336492891,0.09047619047619047,0.09047619047619047,0.9040572007780182,,1.7639999859966338
threshold_sensitivity,7005,10,joint_dirichlet_0.3,lenient,B3,2,1,2129,533,True,True,0.8949343339587242,0.489463601532567,0.00980392156862745,,,0.5490196078431373,"equal_opportunity_gap,equalized_odds_gap",1.186833018437028
threshold_sensitivity,7005,10,joint_dirichlet_0.3,lenient,B3,2,2,369,93,True,False,0.9032258064516129,0.4745762711864407,,,,,"comparison_groups,subgroup_accuracy_gap",0.6787909951526672
threshold_sensitivity,7005,10,joint_dirichlet_0.3,lenient,B3,2,3,572,144,True,True,0.7916666666666666,0.7604259094942325,0.31607808729984643,0.19780219780219777,0.19780219780219777,0.03816626453169558,,0.7305830076802522
threshold_sensitivity,7005,10,joint_dirichlet_0.3,lenient,B3,2,4,1413,354,True,False,0.9322033898305084,0.9022324510932106,0.7573022718178989,,,0.19472724847730405,"equal_opportunity_gap,equalized_odds_gap",0.9854169911704957
threshold_sensitivity,7005,10,joint_dirichlet_0.3,lenient,B3,2,5,3317,830,True,False,0.808433734939759,0.7932395910853473,0.4928190281562217,0.4094017094017094,0.4094017094017094,0.01896003633060861,,1.4412500022444874
threshold_sensitivity,7005,10,joint_dirichlet_0.3,lenient,B3,2,6,609,153,True,True,1.0,1.0,0.0,,,0.0,"equal_opportunity_gap,equalized_odds_gap",0.7320420118048787
threshold_sensitivity,7005,10,joint_dirichlet_0.3,lenient,B3,2,7,5796,1450,True,True,0.9703448275862069,0.5146915742362327,0.017543859649122806,0.1,0.1,0.13348698379113622,,2.089082991005853
threshold_sensitivity,7005,10,joint_dirichlet_0.3,lenient,B3,2,8,1479,370,True,True,0.8864864864864865,0.4699140401146132,0.0,0.0,0.0,0.15712585933368584,,0.987749983323738
threshold_sensitivity,7005,10,joint_dirichlet_0.3,lenient,B3,2,9,516,130,True,True,0.8692307692307693,0.46502057613168724,0.0,0.0,,0.9826086956521739,"equalized_odds_gap,false_positive_rate_gap",0.7280420104507357
threshold_sensitivity,7005,10,joint_dirichlet_0.3,lenient,B3,3,0,4304,1076,True,True,0.8131970260223048,0.4932032965359191,0.04739336492890995,0.047619047619047616,0.047619047619047616,0.9467112292140372,,1.7174999811686575
threshold_sensitivity,7005,10,joint_dirichlet_0.3,lenient,B3,3,1,2129,533,True,True,0.8949343339587242,0.489463601532567,0.00980392156862745,,,0.5490196078431373,"equal_opportunity_gap,equalized_odds_gap",1.1607079941313714
threshold_sensitivity,7005,10,joint_dirichlet_0.3,lenient,B3,3,2,369,93,True,False,0.9032258064516129,0.4745762711864407,,,,,"comparison_groups,subgroup_accuracy_gap",0.6773330096621066
threshold_sensitivity,7005,10,joint_dirichlet_0.3,lenient,B3,3,3,572,144,True,True,0.5763888888888888,0.5762049500651325,0.25312568545733716,0.028571428571428525,0.08108108108108109,0.3445931125246764,,0.7310000073630363
threshold_sensitivity,7005,10,joint_dirichlet_0.3,lenient,B3,3,4,1413,354,True,False,0.7062146892655368,0.6886859462201929,0.5800915840483706,,,0.3365491486240163,"equal_opportunity_gap,equalized_odds_gap",0.9731670143082738
threshold_sensitivity,7005,10,joint_dirichlet_0.3,lenient,B3,3,5,3317,830,True,True,0.5987951807228916,0.5956674580987198,0.25173138056312444,0.18162393162393164,0.18162393162393164,0.3358878292461399,,1.4298749738372862
threshold_sensitivity,7005,10,joint_dirichlet_0.3,lenient,B3,3,6,609,153,True,True,1.0,1.0,0.0,,,0.0,"equal_opportunity_gap,equalized_odds_gap",0.7384580094367266
threshold_sensitivity,7005,10,joint_dirichlet_0.3,lenient,B3,3,7,5796,1450,True,True,0.9703448275862069,0.5146915742362327,0.017543859649122806,0.1,0.1,0.13348698379113622,,2.069250011118129
threshold_sensitivity,7005,10,joint_dirichlet_0.3,lenient,B3,3,8,1479,370,True,True,0.8864864864864865,0.4699140401146132,0.0,0.0,0.0,0.15712585933368584,,0.985249993391335
threshold_sensitivity,7005,10,joint_dirichlet_0.3,lenient,B3,3,9,516,130,True,True,0.8692307692307693,0.46502057613168724,0.0,0.0,,0.9826086956521739,"equalized_odds_gap,false_positive_rate_gap",0.7139579975046217
threshold_sensitivity,7005,10,joint_dirichlet_0.3,lenient,B3,4,0,4304,1076,True,True,0.8131970260223048,0.4932032965359191,0.04739336492890995,0.047619047619047616,0.047619047619047616,0.9467112292140372,,1.932083017891273
threshold_sensitivity,7005,10,joint_dirichlet_0.3,lenient,B3,4,1,2129,533,True,True,0.8968105065666041,0.5065894669516773,0.0196078431372549,,,0.5392156862745099,"equal_opportunity_gap,equalized_odds_gap",1.2411249917931855
threshold_sensitivity,7005,10,joint_dirichlet_0.3,lenient,B3,4,2,369,93,True,False,0.9032258064516129,0.4745762711864407,,,,,"comparison_groups,subgroup_accuracy_gap",0.7156250067055225
threshold_sensitivity,7005,10,joint_dirichlet_0.3,lenient,B3,4,3,572,144,True,False,0.5138888888888888,0.5123839009287926,0.2028953717920597,0.029670329670329676,0.05405405405405406,0.43737661767931557,,0.7357079884968698
threshold_sensitivity,7005,10,joint_dirichlet_0.3,lenient,B3,4,4,1413,354,True,False,0.576271186440678,0.5723260309278351,0.4270661983728271,,,0.5377673053838972,"equal_opportunity_gap,equalized_odds_gap",0.9747080039232969
threshold_sensitivity,7005,10,joint_dirichlet_0.3,lenient,B3,4,5,3317,830,True,False,0.536144578313253,0.5235397174488389,0.1908208446866485,0.18504273504273505,0.18504273504273505,0.40673251589464127,,1.4505829894915223
threshold_sensitivity,7005,10,joint_dirichlet_0.3,lenient,B3,4,6,609,153,True,True,1.0,1.0,0.0,,,0.0,"equal_opportunity_gap,equalized_odds_gap",0.7443339854944497
threshold_sensitivity,7005,10,joint_dirichlet_0.3,lenient,B3,4,7,5796,1450,True,True,0.9703448275862069,0.5146915742362327,0.017543859649122806,0.1,0.1,0.13348698379113622,,2.222000010078773
threshold_sensitivity,7005,10,joint_dirichlet_0.3,lenient,B3,4,8,1479,370,True,True,0.8864864864864865,0.4699140401146132,0.0,0.0,0.0,0.15712585933368584,,1.0294580133631825
threshold_sensitivity,7005,10,joint_dirichlet_0.3,lenient,B3,4,9,516,130,True,True,0.8692307692307693,0.46502057613168724,0.0,0.0,,0.9826086956521739,"equalized_odds_gap,false_positive_rate_gap",0.7409999961964786
threshold_sensitivity,7005,10,joint_dirichlet_0.3,lenient,B3,5,0,4304,1076,True,True,0.8131970260223048,0.4932032965359191,0.04739336492890995,0.047619047619047616,0.047619047619047616,0.9467112292140372,,1.7467090219724923
threshold_sensitivity,7005,10,joint_dirichlet_0.3,lenient,B3,5,1,2129,533,True,True,0.8949343339587242,0.489463601532567,0.00980392156862745,,,0.5490196078431373,"equal_opportunity_gap,equalized_odds_gap",1.2019160203635693
threshold_sensitivity,7005,10,joint_dirichlet_0.3,lenient,B3,5,2,369,93,True,False,0.9032258064516129,0.4745762711864407,,,,,"comparison_groups,subgroup_accuracy_gap",0.6840419955551624
threshold_sensitivity,7005,10,joint_dirichlet_0.3,lenient,B3,5,3,572,144,True,False,0.4305555555555556,0.4169464744222793,0.1533230971704321,0.1087912087912088,0.1087912087912088,0.529502083790305,,0.7255829987116158
threshold_sensitivity,7005,10,joint_dirichlet_0.3,lenient,B3,5,4,1413,354,True,False,0.4519774011299435,0.45134694660147634,0.2730627306273063,,,0.7158671586715868,"equal_opportunity_gap,equalized_odds_gap",0.96750000375323
threshold_sensitivity,7005,10,joint_dirichlet_0.3,lenient,B3,5,5,3317,830,True,False,0.4710843373493976,0.4388255641853753,0.11540644868301546,0.07158119658119658,0.07158119658119658,0.4920810626702997,,1.446334004867822
threshold_sensitivity,7005,10,joint_dirichlet_0.3,lenient,B3,5,6,609,153,True,True,1.0,1.0,0.0,,,0.0,"equal_opportunity_gap,equalized_odds_gap",0.7311669760383666
threshold_sensitivity,7005,10,joint_dirichlet_0.3,lenient,B3,5,7,5796,1450,True,True,0.9703448275862069,0.5146915742362327,0.017543859649122806,0.1,0.1,0.13348698379113622,,2.0837089978158474
threshold_sensitivity,7005,10,joint_dirichlet_0.3,lenient,B3,5,8,1479,370,True,True,0.8864864864864865,0.4699140401146132,0.0,0.0,0.0,0.15712585933368584,,1.000082993414253
threshold_sensitivity,7005,10,joint_dirichlet_0.3,lenient,B3,5,9,516,130,True,True,0.8692307692307693,0.46502057613168724,0.0,0.0,,0.9826086956521739,"equalized_odds_gap,false_positive_rate_gap",0.7194160134531558
threshold_sensitivity,7005,10,joint_dirichlet_0.3,submitted,B3,1,0,4304,1076,True,True,0.8243494423791822,0.5485765657776446,0.10784866997233104,0.10952380952380952,0.10952380952380952,0.8839437854422925,,1.9154580077156425
threshold_sensitivity,7005,10,joint_dirichlet_0.3,submitted,B3,1,1,2129,533,True,True,0.8949343339587242,0.489463601532567,0.00980392156862745,,,0.5490196078431373,"equal_opportunity_gap,equalized_odds_gap",1.2644999951589853
threshold_sensitivity,7005,10,joint_dirichlet_0.3,submitted,B3,1,2,369,93,True,False,0.9032258064516129,0.4745762711864407,,,,,"comparison_groups,subgroup_accuracy_gap",0.7134169864002615
threshold_sensitivity,7005,10,joint_dirichlet_0.3,submitted,B3,1,3,572,144,True,True,0.7361111111111112,0.525,0.07479710462820799,0.0,0.058558558558558516,0.6505812678218907,,0.7418330060318112
threshold_sensitivity,7005,10,joint_dirichlet_0.3,submitted,B3,1,4,1413,354,True,True,0.7937853107344632,0.5713788127581232,0.15662650602409633,,,0.8323033832747966,"equal_opportunity_gap,equalized_odds_gap",0.987083010841161
threshold_sensitivity,7005,10,joint_dirichlet_0.3,submitted,B3,1,5,3317,830,True,True,0.7240963855421687,0.6055616083009079,0.21721730245231607,0.0019230769230769162,0.09539155655816944,0.39475476839237056,,1.5030000067781657
threshold_sensitivity,7005,10,joint_dirichlet_0.3,submitted,B3,1,6,609,153,True,True,1.0,1.0,0.0,,,0.0,"equal_opportunity_gap,equalized_odds_gap",0.7516249897889793
threshold_sensitivity,7005,10,joint_dirichlet_0.3,submitted,B3,1,7,5796,1450,True,True,0.9696551724137931,0.49229691876750703,0.0,0.0,0.0,0.15103084344025897,,2.172500011511147
threshold_sensitivity,7005,10,joint_dirichlet_0.3,submitted,B3,1,8,1479,370,True,True,0.8864864864864865,0.4699140401146132,0.0,0.0,0.0,0.15712585933368584,,1.0208750027231872
threshold_sensitivity,7005,10,joint_dirichlet_0.3,submitted,B3,1,9,516,130,True,True,0.8692307692307693,0.46502057613168724,0.0,0.0,,0.9826086956521739,"equalized_odds_gap,false_positive_rate_gap",0.7252920186147094
threshold_sensitivity,7005,10,joint_dirichlet_0.3,submitted,B3,2,0,4304,1076,True,True,0.8215613382899628,0.5326607247884902,0.09004739336492891,0.09047619047619047,0.09047619047619047,0.9040572007780182,,1.7422089877072722
threshold_sensitivity,7005,10,joint_dirichlet_0.3,submitted,B3,2,1,2129,533,True,True,0.8949343339587242,0.489463601532567,0.00980392156862745,,,0.5490196078431373,"equal_opportunity_gap,equalized_odds_gap",1.1639999866019934
threshold_sensitivity,7005,10,joint_dirichlet_0.3,submitted,B3,2,2,369,93,True,False,0.9032258064516129,0.4745762711864407,,,,,"comparison_groups,subgroup_accuracy_gap",0.6836669926997274
threshold_sensitivity,7005,10,joint_dirichlet_0.3,submitted,B3,2,3,572,144,True,False,0.7916666666666666,0.7604259094942325,0.31607808729984643,0.19780219780219777,0.19780219780219777,0.03816626453169558,,0.7336249982472509
threshold_sensitivity,7005,10,joint_dirichlet_0.3,submitted,B3,2,4,1413,354,True,False,0.9322033898305084,0.9022324510932106,0.7573022718178989,,,0.19472724847730405,"equal_opportunity_gap,equalized_odds_gap",0.9830000053625554
threshold_sensitivity,7005,10,joint_dirichlet_0.3,submitted,B3,2,5,3317,830,True,False,0.808433734939759,0.7932395910853473,0.4928190281562217,0.4094017094017094,0.4094017094017094,0.01896003633060861,,1.4710419927723706
threshold_sensitivity,7005,10,joint_dirichlet_0.3,submitted,B3,2,6,609,153,True,True,1.0,1.0,0.0,,,0.0,"equal_opportunity_gap,equalized_odds_gap",0.7327079947572201
threshold_sensitivity,7005,10,joint_dirichlet_0.3,submitted,B3,2,7,5796,1450,True,True,0.9703448275862069,0.5146915742362327,0.017543859649122806,0.1,0.1,0.13348698379113622,,2.055041986750439
threshold_sensitivity,7005,10,joint_dirichlet_0.3,submitted,B3,2,8,1479,370,True,True,0.8864864864864865,0.4699140401146132,0.0,0.0,0.0,0.15712585933368584,,0.977624993538484
threshold_sensitivity,7005,10,joint_dirichlet_0.3,submitted,B3,2,9,516,130,True,True,0.8692307692307693,0.46502057613168724,0.0,0.0,,0.9826086956521739,"equalized_odds_gap,false_positive_rate_gap",0.7044170051813126
threshold_sensitivity,7005,10,joint_dirichlet_0.3,submitted,B3,3,0,4304,1076,True,True,0.8131970260223048,0.4932032965359191,0.04739336492890995,0.047619047619047616,0.047619047619047616,0.9467112292140372,,1.7812080041039735
threshold_sensitivity,7005,10,joint_dirichlet_0.3,submitted,B3,3,1,2129,533,True,True,0.8949343339587242,0.489463601532567,0.00980392156862745,,,0.5490196078431373,"equal_opportunity_gap,equalized_odds_gap",1.1627089988905936
threshold_sensitivity,7005,10,joint_dirichlet_0.3,submitted,B3,3,2,369,93,True,False,0.9032258064516129,0.4745762711864407,,,,,"comparison_groups,subgroup_accuracy_gap",0.6768329767510295
threshold_sensitivity,7005,10,joint_dirichlet_0.3,submitted,B3,3,3,572,144,True,False,0.5625,0.5624789004099349,0.2325071287563062,0.00659340659340657,0.08108108108108109,0.36521166922570736,,0.7295000250451267
threshold_sensitivity,7005,10,joint_dirichlet_0.3,submitted,B3,3,4,1413,354,True,False,0.6751412429378532,0.6615256703388068,0.547859334015027,,,0.3928777841995288,"equal_opportunity_gap,equalized_odds_gap",0.964625010965392
threshold_sensitivity,7005,10,joint_dirichlet_0.3,submitted,B3,3,5,3317,830,True,False,0.5807228915662651,0.5757344300822562,0.2403496821071753,0.15085470085470087,0.15085470085470087,0.36810286103542234,,1.446416979888454
threshold_sensitivity,7005,10,joint_dirichlet_0.3,submitted,B3,3,6,609,153,True,True,1.0,1.0,0.0,,,0.0,"equal_opportunity_gap,equalized_odds_gap",0.731167005142197
threshold_sensitivity,7005,10,joint_dirichlet_0.3,submitted,B3,3,7,5796,1450,True,True,0.9696551724137931,0.49229691876750703,0.0,0.0,0.0,0.15103084344025897,,2.083457977278158
threshold_sensitivity,7005,10,joint_dirichlet_0.3,submitted,B3,3,8,1479,370,True,True,0.8864864864864865,0.4699140401146132,0.0,0.0,0.0,0.15712585933368584,,1.0053330042865127
threshold_sensitivity,7005,10,joint_dirichlet_0.3,submitted,B3,3,9,516,130,True,True,0.8692307692307693,0.46502057613168724,0.0,0.0,,0.9826086956521739,"equalized_odds_gap,false_positive_rate_gap",0.7069999992381781
threshold_sensitivity,7005,10,joint_dirichlet_0.3,submitted,B3,4,0,4304,1076,True,True,0.8113382899628253,0.4840206270802477,0.037914691943127965,0.0380952380952381,0.0380952380952381,0.9561899021998191,,1.723624998703599
threshold_sensitivity,7005,10,joint_dirichlet_0.3,submitted,B3,4,1,2129,533,True,True,0.8949343339587242,0.489463601532567,0.00980392156862745,,,0.5490196078431373,"equal_opportunity_gap,equalized_odds_gap",1.15833300515078
threshold_sensitivity,7005,10,joint_dirichlet_0.3,submitted,B3,4,2,369,93,True,False,0.9032258064516129,0.4745762711864407,,,,,"comparison_groups,subgroup_accuracy_gap",0.6816670065745711
threshold_sensitivity,7005,10,joint_dirichlet_0.3,submitted,B3,4,3,572,144,True,False,0.4444444444444444,0.43351691581431945,0.17394165387146304,0.13076923076923078,0.13076923076923078,0.508883527089274,,0.7368750229943544
threshold_sensitivity,7005,10,joint_dirichlet_0.3,submitted,B3,4,4,1413,354,True,False,0.4830508474576271,0.4830467222599051,0.31365313653136534,,,0.6752767527675276,"equal_opportunity_gap,equalized_odds_gap",0.9637500043027103
threshold_sensitivity,7005,10,joint_dirichlet_0.3,submitted,B3,4,5,3317,830,True,False,0.4759036144578313,0.4452851930094104,0.1208560399636694,0.07927350427350427,0.07927350427350427,0.4866314713896458,,1.4404160028789192
threshold_sensitivity,7005,10,joint_dirichlet_0.3,submitted,B3,4,6,609,153,True,True,1.0,1.0,0.0,,,0.0,"equal_opportunity_gap,equalized_odds_gap",0.7392080151475966
threshold_sensitivity,7005,10,joint_dirichlet_0.3,submitted,B3,4,7,5796,1450,True,True,0.9696551724137931,0.49229691876750703,0.0,0.0,0.0,0.15103084344025897,,2.0594579982571304
threshold_sensitivity,7005,10,joint_dirichlet_0.3,submitted,B3,4,8,1479,370,True,True,0.8864864864864865,0.4699140401146132,0.0,0.0,0.0,0.15712585933368584,,0.9815419907681644
threshold_sensitivity,7005,10,joint_dirichlet_0.3,submitted,B3,4,9,516,130,True,True,0.8692307692307693,0.46502057613168724,0.0,0.0,,0.9826086956521739,"equalized_odds_gap,false_positive_rate_gap",0.709790998371318
threshold_sensitivity,7005,10,joint_dirichlet_0.3,submitted,B3,5,0,4304,1076,True,True,0.8085501858736059,0.46994566880930516,0.023696682464454975,0.023809523809523808,0.023809523809523808,0.9704079116784922,,1.7585419991519302
threshold_sensitivity,7005,10,joint_dirichlet_0.3,submitted,B3,5,1,2129,533,True,True,0.8949343339587242,0.489463601532567,0.00980392156862745,,,0.5490196078431373,"equal_opportunity_gap,equalized_odds_gap",1.1715420114342123
threshold_sensitivity,7005,10,joint_dirichlet_0.3,submitted,B3,5,2,369,93,True,False,0.9032258064516129,0.4745762711864407,,,,,"comparison_groups,subgroup_accuracy_gap",0.6830409984104335
threshold_sensitivity,7005,10,joint_dirichlet_0.3,submitted,B3,5,3,572,144,True,False,0.3611111111111111,0.32792207792207795,0.05023031366527748,0.0010989010989011089,0.02702702702702703,0.6325948672954596,,0.7247919857036322
threshold_sensitivity,7005,10,joint_dirichlet_0.3,submitted,B3,5,4,1413,354,True,False,0.403954802259887,0.39992769632456315,0.21033210332103322,,,0.7785977859778598,"equal_opportunity_gap,equalized_odds_gap",0.9582909988239408
threshold_sensitivity,7005,10,joint_dirichlet_0.3,submitted,B3,5,5,3317,830,True,False,0.42530120481927713,0.37334099424007444,0.060910535876475935,0.0034188034188034067,0.007197335911483509,0.5438521798365122,,1.4505000144708902
threshold_sensitivity,7005,10,joint_dirichlet_0.3,submitted,B3,5,6,609,153,True,True,1.0,1.0,0.0,,,0.0,"equal_opportunity_gap,equalized_odds_gap",0.7394159911200404
threshold_sensitivity,7005,10,joint_dirichlet_0.3,submitted,B3,5,7,5796,1450,True,True,0.9696551724137931,0.49229691876750703,0.0,0.0,0.0,0.15103084344025897,,2.1205829980317503
threshold_sensitivity,7005,10,joint_dirichlet_0.3,submitted,B3,5,8,1479,370,True,True,0.8864864864864865,0.4699140401146132,0.0,0.0,0.0,0.15712585933368584,,0.9934160043485463
threshold_sensitivity,7005,10,joint_dirichlet_0.3,submitted,B3,5,9,516,130,True,True,0.8692307692307693,0.46502057613168724,0.0,0.0,,0.9826086956521739,"equalized_odds_gap,false_positive_rate_gap",0.7062499935273081
threshold_sensitivity,7005,10,joint_dirichlet_0.3,moderate,B3,1,0,4304,1076,True,True,0.8243494423791822,0.5485765657776446,0.10784866997233104,0.10952380952380952,0.10952380952380952,0.8839437854422925,,1.9262089917901903
threshold_sensitivity,7005,10,joint_dirichlet_0.3,moderate,B3,1,1,2129,533,True,False,0.8949343339587242,0.489463601532567,0.00980392156862745,,,0.5490196078431373,"equal_opportunity_gap,equalized_odds_gap",1.2387919996399432
threshold_sensitivity,7005,10,joint_dirichlet_0.3,moderate,B3,1,2,369,93,True,False,0.9032258064516129,0.4745762711864407,,,,,"comparison_groups,subgroup_accuracy_gap",0.7114170002751052
threshold_sensitivity,7005,10,joint_dirichlet_0.3,moderate,B3,1,3,572,144,True,True,0.7361111111111112,0.525,0.07479710462820799,0.0,0.058558558558558516,0.6505812678218907,,0.7548329886049032
threshold_sensitivity,7005,10,joint_dirichlet_0.3,moderate,B3,1,4,1413,354,True,False,0.7937853107344632,0.5713788127581232,0.15662650602409633,,,0.8323033832747966,"equal_opportunity_gap,equalized_odds_gap",1.0051669960375875
threshold_sensitivity,7005,10,joint_dirichlet_0.3,moderate,B3,1,5,3317,830,True,False,0.7240963855421687,0.6055616083009079,0.21721730245231607,0.0019230769230769162,0.09539155655816944,0.39475476839237056,,1.4928340096957982
threshold_sensitivity,7005,10,joint_dirichlet_0.3,moderate,B3,1,6,609,153,True,False,1.0,1.0,0.0,,,0.0,"equal_opportunity_gap,equalized_odds_gap",0.7485410023946315
threshold_sensitivity,7005,10,joint_dirichlet_0.3,moderate,B3,1,7,5796,1450,True,True,0.9696551724137931,0.49229691876750703,0.0,0.0,0.0,0.15103084344025897,,2.1720840013585985
threshold_sensitivity,7005,10,joint_dirichlet_0.3,moderate,B3,1,8,1479,370,True,True,0.8864864864864865,0.4699140401146132,0.0,0.0,0.0,0.15712585933368584,,1.0243750002700835
threshold_sensitivity,7005,10,joint_dirichlet_0.3,moderate,B3,1,9,516,130,True,True,0.8692307692307693,0.46502057613168724,0.0,0.0,,0.9826086956521739,"equalized_odds_gap,false_positive_rate_gap",0.7238749822136015
threshold_sensitivity,7005,10,joint_dirichlet_0.3,moderate,B3,2,0,4304,1076,True,True,0.8113382899628253,0.4840206270802477,0.037914691943127965,0.0380952380952381,0.0380952380952381,0.9561899021998191,,1.7788749828469008
threshold_sensitivity,7005,10,joint_dirichlet_0.3,moderate,B3,2,1,2129,533,True,False,0.8949343339587242,0.489463601532567,0.00980392156862745,,,0.5490196078431373,"equal_opportunity_gap,equalized_odds_gap",1.174959004856646
threshold_sensitivity,7005,10,joint_dirichlet_0.3,moderate,B3,2,2,369,93,True,False,0.9032258064516129,0.4745762711864407,,,,,"comparison_groups,subgroup_accuracy_gap",0.674000009894371
threshold_sensitivity,7005,10,joint_dirichlet_0.3,moderate,B3,2,3,572,144,True,False,0.75,0.737012987012987,0.3309936389559114,0.22967032967032974,0.22967032967032974,0.18161877604737886,,0.7302500016521662
threshold_sensitivity,7005,10,joint_dirichlet_0.3,moderate,B3,2,4,1413,354,True,False,0.9180790960451978,0.8953420803131786,0.8317698839638998,,,0.01258169208198101,"equal_opportunity_gap,equalized_odds_gap",0.9740000241436064
threshold_sensitivity,7005,10,joint_dirichlet_0.3,moderate,B3,2,5,3317,830,True,False,0.6867469879518072,0.6859428119033204,0.33773274296094463,0.24935897435897442,0.24935897435897442,0.18931653042688457,,1.4686249778605998
threshold_sensitivity,7005,10,joint_dirichlet_0.3,moderate,B3,2,6,609,153,True,False,1.0,1.0,0.0,,,0.0,"equal_opportunity_gap,equalized_odds_gap",0.7336669950746
threshold_sensitivity,7005,10,joint_dirichlet_0.3,moderate,B3,2,7,5796,1450,True,True,0.9696551724137931,0.49229691876750703,0.0,0.0,0.0,0.15103084344025897,,2.0469159935601056
threshold_sensitivity,7005,10,joint_dirichlet_0.3,moderate,B3,2,8,1479,370,True,True,0.8864864864864865,0.4699140401146132,0.0,0.0,0.0,0.15712585933368584,,0.9716250060591847
threshold_sensitivity,7005,10,joint_dirichlet_0.3,moderate,B3,2,9,516,130,True,True,0.8692307692307693,0.46502057613168724,0.0,0.0,,0.9826086956521739,"equalized_odds_gap,false_positive_rate_gap",0.7125829870346934
threshold_sensitivity,7005,10,joint_dirichlet_0.3,moderate,B3,3,0,4304,1076,True,True,0.8094795539033457,0.47467819335786327,0.02843601895734597,0.02857142857142857,0.02857142857142857,0.9656685751856011,,1.732042001094669
threshold_sensitivity,7005,10,joint_dirichlet_0.3,moderate,B3,3,1,2129,533,True,False,0.8949343339587242,0.489463601532567,0.00980392156862745,,,0.5490196078431373,"equal_opportunity_gap,equalized_odds_gap",1.1699169990606606
threshold_sensitivity,7005,10,joint_dirichlet_0.3,moderate,B3,3,2,369,93,True,False,0.9032258064516129,0.4745762711864407,,,,,"comparison_groups,subgroup_accuracy_gap",0.6793339853174984
threshold_sensitivity,7005,10,joint_dirichlet_0.3,moderate,B3,3,3,572,144,True,False,0.4861111111111111,0.48120740019474195,0.20421144987935952,0.08571428571428569,0.08571428571428569,0.47861373108137745,,0.7249159971252084
threshold_sensitivity,7005,10,joint_dirichlet_0.3,moderate,B3,3,4,1413,354,True,False,0.5790960451977402,0.5754063126373493,0.43911439114391143,,,0.5498154981549815,"equal_opportunity_gap,equalized_odds_gap",0.9620829951018095
threshold_sensitivity,7005,10,joint_dirichlet_0.3,moderate,B3,3,5,3317,830,True,False,0.5108433734939759,0.4919644203226293,0.16853996366939145,0.1408119658119658,0.1408119658119658,0.4471219346049046,,1.428291987394914
threshold_sensitivity,7005,10,joint_dirichlet_0.3,moderate,B3,3,6,609,153,True,False,1.0,1.0,0.0,,,0.0,"equal_opportunity_gap,equalized_odds_gap",0.7375419954769313
threshold_sensitivity,7005,10,joint_dirichlet_0.3,moderate,B3,3,7,5796,1450,True,True,0.9696551724137931,0.49229691876750703,0.0,0.0,0.0,0.15103084344025897,,2.0719169988296926
threshold_sensitivity,7005,10,joint_dirichlet_0.3,moderate,B3,3,8,1479,370,True,True,0.8864864864864865,0.4699140401146132,0.0,0.0,0.0,0.15712585933368584,,1.0064159869216383
threshold_sensitivity,7005,10,joint_dirichlet_0.3,moderate,B3,3,9,516,130,True,True,0.8692307692307693,0.46502057613168724,0.0,0.0,,0.9826086956521739,"equalized_odds_gap,false_positive_rate_gap",0.712709006620571
threshold_sensitivity,7005,10,joint_dirichlet_0.3,moderate,B3,4,0,4304,1076,True,True,0.8085501858736059,0.46994566880930516,0.023696682464454975,0.023809523809523808,0.023809523809523808,0.9704079116784922,,1.7437079804949462
threshold_sensitivity,7005,10,joint_dirichlet_0.3,moderate,B3,4,1,2129,533,True,False,0.8949343339587242,0.489463601532567,0.00980392156862745,,,0.5490196078431373,"equal_opportunity_gap,equalized_odds_gap",1.1885830026585609
threshold_sensitivity,7005,10,joint_dirichlet_0.3,moderate,B3,4,2,369,93,True,False,0.9032258064516129,0.4745762711864407,,,,,"comparison_groups,subgroup_accuracy_gap",0.7174169877544045
threshold_sensitivity,7005,10,joint_dirichlet_0.3,moderate,B3,4,3,572,144,True,False,0.375,0.34664246823956446,0.07084887036630841,0.020879120879120874,0.02702702702702703,0.6119763105944287,,0.7721669971942902
threshold_sensitivity,7005,10,joint_dirichlet_0.3,moderate,B3,4,4,1413,354,True,False,0.4322033898305085,0.43056300268096515,0.24723247232472326,,,0.7416974169741697,"equal_opportunity_gap,equalized_odds_gap",0.9881670121103525
threshold_sensitivity,7005,10,joint_dirichlet_0.3,moderate,B3,4,5,3317,830,True,False,0.4397590361445783,0.3944657036482676,0.0772593097184378,0.01965811965811967,0.01965811965811967,0.5275034059945505,,1.4704170171171427
threshold_sensitivity,7005,10,joint_dirichlet_0.3,moderate,B3,4,6,609,153,True,False,1.0,1.0,0.0,,,0.0,"equal_opportunity_gap,equalized_odds_gap",0.7328340143430978
threshold_sensitivity,7005,10,joint_dirichlet_0.3,moderate,B3,4,7,5796,1450,True,True,0.9696551724137931,0.49229691876750703,0.0,0.0,0.0,0.15103084344025897,,2.0490419992711395
threshold_sensitivity,7005,10,joint_dirichlet_0.3,moderate,B3,4,8,1479,370,True,True,0.8864864864864865,0.4699140401146132,0.0,0.0,0.0,0.15712585933368584,,0.9849170164670795
threshold_sensitivity,7005,10,joint_dirichlet_0.3,moderate,B3,4,9,516,130,True,True,0.8692307692307693,0.46502057613168724,0.0,0.0,,0.9826086956521739,"equalized_odds_gap,false_positive_rate_gap",0.7147500000428408
threshold_sensitivity,7005,10,joint_dirichlet_0.3,moderate,B3,5,0,4304,1076,True,True,0.8076208178438662,0.46517150712561983,0.018957345971563982,0.01904761904761905,0.01904761904761905,0.9751472481713831,,1.8855840025935322
threshold_sensitivity,7005,10,joint_dirichlet_0.3,moderate,B3,5,1,2129,533,True,False,0.8949343339587242,0.489463601532567,0.00980392156862745,,,0.5490196078431373,"equal_opportunity_gap,equalized_odds_gap",1.1935000075027347
threshold_sensitivity,7005,10,joint_dirichlet_0.3,moderate,B3,5,2,369,93,True,False,0.9032258064516129,0.4745762711864407,,,,,"comparison_groups,subgroup_accuracy_gap",0.6830409984104335
threshold_sensitivity,7005,10,joint_dirichlet_0.3,moderate,B3,5,3,572,144,True,False,0.3263888888888889,0.2787731708576444,0.0013160780872998462,0.056043956043956046,0.056043956043956046,0.6841412590480369,,0.7458750042133033
threshold_sensitivity,7005,10,joint_dirichlet_0.3,moderate,B3,5,4,1413,354,True,False,0.3926553672316384,0.387331256490135,0.19557195571955718,,,0.7933579335793358,"equal_opportunity_gap,equalized_odds_gap",0.9999589819926769
threshold_sensitivity,7005,10,joint_dirichlet_0.3,moderate,B3,5,5,3317,830,True,False,0.41566265060240964,0.35888553905056764,0.06179041780199818,0.09423076923076923,0.09423076923076923,0.5429722979109901,,1.5595830045640469
threshold_sensitivity,7005,10,joint_dirichlet_0.3,moderate,B3,5,6,609,153,True,False,1.0,1.0,0.0,,,0.0,"equal_opportunity_gap,equalized_odds_gap",0.7730000070296228
threshold_sensitivity,7005,10,joint_dirichlet_0.3,moderate,B3,5,7,5796,1450,True,True,0.9696551724137931,0.49229691876750703,0.0,0.0,0.0,0.15103084344025897,,2.102041005855426
threshold_sensitivity,7005,10,joint_dirichlet_0.3,moderate,B3,5,8,1479,370,True,True,0.8864864864864865,0.4699140401146132,0.0,0.0,0.0,0.15712585933368584,,0.9971249965019524
threshold_sensitivity,7005,10,joint_dirichlet_0.3,moderate,B3,5,9,516,130,True,True,0.8692307692307693,0.46502057613168724,0.0,0.0,,0.9826086956521739,"equalized_odds_gap,false_positive_rate_gap",0.7136659987736493
threshold_sensitivity,7005,10,joint_dirichlet_0.3,strict,B3,1,0,4304,1076,True,False,0.8243494423791822,0.5485765657776446,0.10784866997233104,0.10952380952380952,0.10952380952380952,0.8839437854422925,,1.9569169962778687
threshold_sensitivity,7005,10,joint_dirichlet_0.3,strict,B3,1,1,2129,533,True,False,0.8949343339587242,0.489463601532567,0.00980392156862745,,,0.5490196078431373,"equal_opportunity_gap,equalized_odds_gap",1.2305419950280339
threshold_sensitivity,7005,10,joint_dirichlet_0.3,strict,B3,1,2,369,93,True,False,0.9032258064516129,0.4745762711864407,,,,,"comparison_groups,subgroup_accuracy_gap",0.7013329886831343
threshold_sensitivity,7005,10,joint_dirichlet_0.3,strict,B3,1,3,572,144,True,False,0.7361111111111112,0.525,0.07479710462820799,0.0,0.058558558558558516,0.6505812678218907,,0.7505410176236182
threshold_sensitivity,7005,10,joint_dirichlet_0.3,strict,B3,1,4,1413,354,True,False,0.7937853107344632,0.5713788127581232,0.15662650602409633,,,0.8323033832747966,"equal_opportunity_gap,equalized_odds_gap",0.999334006337449
threshold_sensitivity,7005,10,joint_dirichlet_0.3,strict,B3,1,5,3317,830,True,False,0.7240963855421687,0.6055616083009079,0.21721730245231607,0.0019230769230769162,0.09539155655816944,0.39475476839237056,,1.51366600766778
threshold_sensitivity,7005,10,joint_dirichlet_0.3,strict,B3,1,6,609,153,True,False,1.0,1.0,0.0,,,0.0,"equal_opportunity_gap,equalized_odds_gap",0.764124997658655
threshold_sensitivity,7005,10,joint_dirichlet_0.3,strict,B3,1,7,5796,1450,True,False,0.9696551724137931,0.49229691876750703,0.0,0.0,0.0,0.15103084344025897,,2.232207974884659
threshold_sensitivity,7005,10,joint_dirichlet_0.3,strict,B3,1,8,1479,370,True,False,0.8864864864864865,0.4699140401146132,0.0,0.0,0.0,0.15712585933368584,,1.016000023810193
threshold_sensitivity,7005,10,joint_dirichlet_0.3,strict,B3,1,9,516,130,True,False,0.8692307692307693,0.46502057613168724,0.0,0.0,,0.9826086956521739,"equalized_odds_gap,false_positive_rate_gap",0.723917008144781
threshold_sensitivity,7005,10,joint_dirichlet_0.3,strict,B3,2,0,4304,1076,True,False,0.8243494423791822,0.5485765657776446,0.10784866997233104,0.10952380952380952,0.10952380952380952,0.8839437854422925,,1.752999989548698
threshold_sensitivity,7005,10,joint_dirichlet_0.3,strict,B3,2,1,2129,533,True,False,0.8949343339587242,0.489463601532567,0.00980392156862745,,,0.5490196078431373,"equal_opportunity_gap,equalized_odds_gap",1.183250016765669
threshold_sensitivity,7005,10,joint_dirichlet_0.3,strict,B3,2,2,369,93,True,False,0.9032258064516129,0.4745762711864407,,,,,"comparison_groups,subgroup_accuracy_gap",0.6834169907961041
threshold_sensitivity,7005,10,joint_dirichlet_0.3,strict,B3,2,3,572,144,True,False,0.7361111111111112,0.525,0.07479710462820799,0.0,0.058558558558558516,0.6505812678218907,,0.7267910114023834
threshold_sensitivity,7005,10,joint_dirichlet_0.3,strict,B3,2,4,1413,354,True,False,0.7937853107344632,0.5713788127581232,0.15662650602409633,,,0.8323033832747966,"equal_opportunity_gap,equalized_odds_gap",0.9655829926487058
threshold_sensitivity,7005,10,joint_dirichlet_0.3,strict,B3,2,5,3317,830,True,False,0.7240963855421687,0.6055616083009079,0.21721730245231607,0.0019230769230769162,0.09539155655816944,0.39475476839237056,,1.4354580198414624
threshold_sensitivity,7005,10,joint_dirichlet_0.3,strict,B3,2,6,609,153,True,False,1.0,1.0,0.0,,,0.0,"equal_opportunity_gap,equalized_odds_gap",0.7417080050799996
threshold_sensitivity,7005,10,joint_dirichlet_0.3,strict,B3,2,7,5796,1450,True,False,0.9696551724137931,0.49229691876750703,0.0,0.0,0.0,0.15103084344025897,,2.0421250083018094
threshold_sensitivity,7005,10,joint_dirichlet_0.3,strict,B3,2,8,1479,370,True,False,0.8864864864864865,0.4699140401146132,0.0,0.0,0.0,0.15712585933368584,,1.0002919880207628
threshold_sensitivity,7005,10,joint_dirichlet_0.3,strict,B3,2,9,516,130,True,False,0.8692307692307693,0.46502057613168724,0.0,0.0,,0.9826086956521739,"equalized_odds_gap,false_positive_rate_gap",0.7141249952837825
threshold_sensitivity,7005,10,joint_dirichlet_0.3,strict,B3,3,0,4304,1076,True,False,0.8243494423791822,0.5485765657776446,0.10784866997233104,0.10952380952380952,0.10952380952380952,0.8839437854422925,,1.7279589956160635
threshold_sensitivity,7005,10,joint_dirichlet_0.3,strict,B3,3,1,2129,533,True,False,0.8949343339587242,0.489463601532567,0.00980392156862745,,,0.5490196078431373,"equal_opportunity_gap,equalized_odds_gap",1.1683749908115715
threshold_sensitivity,7005,10,joint_dirichlet_0.3,strict,B3,3,2,369,93,True,False,0.9032258064516129,0.4745762711864407,,,,,"comparison_groups,subgroup_accuracy_gap",0.6824590091127902
threshold_sensitivity,7005,10,joint_dirichlet_0.3,strict,B3,3,3,572,144,True,False,0.7361111111111112,0.525,0.07479710462820799,0.0,0.058558558558558516,0.6505812678218907,,0.7296660041902214
threshold_sensitivity,7005,10,joint_dirichlet_0.3,strict,B3,3,4,1413,354,True,False,0.7937853107344632,0.5713788127581232,0.15662650602409633,,,0.8323033832747966,"equal_opportunity_gap,equalized_odds_gap",0.9773749916348606
threshold_sensitivity,7005,10,joint_dirichlet_0.3,strict,B3,3,5,3317,830,True,False,0.7240963855421687,0.6055616083009079,0.21721730245231607,0.0019230769230769162,0.09539155655816944,0.39475476839237056,,1.4601250004488975
threshold_sensitivity,7005,10,joint_dirichlet_0.3,strict,B3,3,6,609,153,True,False,1.0,1.0,0.0,,,0.0,"equal_opportunity_gap,equalized_odds_gap",0.7382080075331032
threshold_sensitivity,7005,10,joint_dirichlet_0.3,strict,B3,3,7,5796,1450,True,False,0.9696551724137931,0.49229691876750703,0.0,0.0,0.0,0.15103084344025897,,2.0933750201947987
threshold_sensitivity,7005,10,joint_dirichlet_0.3,strict,B3,3,8,1479,370,True,False,0.8864864864864865,0.4699140401146132,0.0,0.0,0.0,0.15712585933368584,,0.9842079889494926
threshold_sensitivity,7005,10,joint_dirichlet_0.3,strict,B3,3,9,516,130,True,False,0.8692307692307693,0.46502057613168724,0.0,0.0,,0.9826086956521739,"equalized_odds_gap,false_positive_rate_gap",0.7081249787006527
threshold_sensitivity,7005,10,joint_dirichlet_0.3,strict,B3,4,0,4304,1076,True,False,0.8243494423791822,0.5485765657776446,0.10784866997233104,0.10952380952380952,0.10952380952380952,0.8839437854422925,,1.7454999906476587
threshold_sensitivity,7005,10,joint_dirichlet_0.3,strict,B3,4,1,2129,533,True,False,0.8949343339587242,0.489463601532567,0.00980392156862745,,,0.5490196078431373,"equal_opportunity_gap,equalized_odds_gap",1.1645829945337027
threshold_sensitivity,7005,10,joint_dirichlet_0.3,strict,B3,4,2,369,93,True,False,0.9032258064516129,0.4745762711864407,,,,,"comparison_groups,subgroup_accuracy_gap",0.6832080252934247
threshold_sensitivity,7005,10,joint_dirichlet_0.3,strict,B3,4,3,572,144,True,False,0.7361111111111112,0.525,0.07479710462820799,0.0,0.058558558558558516,0.6505812678218907,,0.7304160099010915
threshold_sensitivity,7005,10,joint_dirichlet_0.3,strict,B3,4,4,1413,354,True,False,0.7937853107344632,0.5713788127581232,0.15662650602409633,,,0.8323033832747966,"equal_opportunity_gap,equalized_odds_gap",0.9646670077927411
threshold_sensitivity,7005,10,joint_dirichlet_0.3,strict,B3,4,5,3317,830,True,False,0.7240963855421687,0.6055616083009079,0.21721730245231607,0.0019230769230769162,0.09539155655816944,0.39475476839237056,,1.4291249972302467
threshold_sensitivity,7005,10,joint_dirichlet_0.3,strict,B3,4,6,609,153,True,False,1.0,1.0,0.0,,,0.0,"equal_opportunity_gap,equalized_odds_gap",0.7337090210057795
threshold_sensitivity,7005,10,joint_dirichlet_0.3,strict,B3,4,7,5796,1450,True,False,0.9696551724137931,0.49229691876750703,0.0,0.0,0.0,0.15103084344025897,,2.080500009469688
threshold_sensitivity,7005,10,joint_dirichlet_0.3,strict,B3,4,8,1479,370,True,False,0.8864864864864865,0.4699140401146132,0.0,0.0,0.0,0.15712585933368584,,1.0039999906439334
threshold_sensitivity,7005,10,joint_dirichlet_0.3,strict,B3,4,9,516,130,True,False,0.8692307692307693,0.46502057613168724,0.0,0.0,,0.9826086956521739,"equalized_odds_gap,false_positive_rate_gap",0.7095419859979302
threshold_sensitivity,7005,10,joint_dirichlet_0.3,strict,B3,5,0,4304,1076,True,False,0.8243494423791822,0.5485765657776446,0.10784866997233104,0.10952380952380952,0.10952380952380952,0.8839437854422925,,1.7281250038649887
threshold_sensitivity,7005,10,joint_dirichlet_0.3,strict,B3,5,1,2129,533,True,False,0.8949343339587242,0.489463601532567,0.00980392156862745,,,0.5490196078431373,"equal_opportunity_gap,equalized_odds_gap",1.1655419948510826
threshold_sensitivity,7005,10,joint_dirichlet_0.3,strict,B3,5,2,369,93,True,False,0.9032258064516129,0.4745762711864407,,,,,"comparison_groups,subgroup_accuracy_gap",0.6771250045858324
threshold_sensitivity,7005,10,joint_dirichlet_0.3,strict,B3,5,3,572,144,True,False,0.7361111111111112,0.525,0.07479710462820799,0.0,0.058558558558558516,0.6505812678218907,,0.7299160060938448
threshold_sensitivity,7005,10,joint_dirichlet_0.3,strict,B3,5,4,1413,354,True,False,0.7937853107344632,0.5713788127581232,0.15662650602409633,,,0.8323033832747966,"equal_opportunity_gap,equalized_odds_gap",0.9873750095721334
threshold_sensitivity,7005,10,joint_dirichlet_0.3,strict,B3,5,5,3317,830,True,False,0.7240963855421687,0.6055616083009079,0.21721730245231607,0.0019230769230769162,0.09539155655816944,0.39475476839237056,,1.5408330073114485
threshold_sensitivity,7005,10,joint_dirichlet_0.3,strict,B3,5,6,609,153,True,False,1.0,1.0,0.0,,,0.0,"equal_opportunity_gap,equalized_odds_gap",0.7565419946331531
threshold_sensitivity,7005,10,joint_dirichlet_0.3,strict,B3,5,7,5796,1450,True,False,0.9696551724137931,0.49229691876750703,0.0,0.0,0.0,0.15103084344025897,,2.066541987005621
threshold_sensitivity,7005,10,joint_dirichlet_0.3,strict,B3,5,8,1479,370,True,False,0.8864864864864865,0.4699140401146132,0.0,0.0,0.0,0.15712585933368584,,0.9843750158324838
threshold_sensitivity,7005,10,joint_dirichlet_0.3,strict,B3,5,9,516,130,True,False,0.8692307692307693,0.46502057613168724,0.0,0.0,,0.9826086956521739,"equalized_odds_gap,false_positive_rate_gap",0.710542022716254
threshold_sensitivity,7006,10,joint_dirichlet_0.3,lenient,B3,1,0,575,144,True,False,0.9513888888888888,0.4875444839857651,,,,,"comparison_groups,subgroup_accuracy_gap",1.041000010445714
threshold_sensitivity,7006,10,joint_dirichlet_0.3,lenient,B3,1,1,1140,285,True,False,0.8210526315789474,0.8210438187168343,0.6375345440189498,0.15441176470588236,,0.046930517173312314,"equalized_odds_gap,false_positive_rate_gap",1.0967080015689135
threshold_sensitivity,7006,10,joint_dirichlet_0.3,lenient,B3,1,2,9157,2290,True,True,0.8170305676855896,0.4806303387748849,0.00913202158045065,0.018446601941747576,0.018446601941747576,0.2713186290066645,,3.084042022237554
threshold_sensitivity,7006,10,joint_dirichlet_0.3,lenient,B3,1,3,2651,663,True,True,0.7450980392156863,0.5124257522682274,0.0633017289459008,,,0.6652258784160624,"equal_opportunity_gap,equalized_odds_gap",1.3985830009914935
threshold_sensitivity,7006,10,joint_dirichlet_0.3,lenient,B3,1,4,176,45,True,False,1.0,1.0,,,,,"comparison_groups,subgroup_accuracy_gap",0.6432920054066926
threshold_sensitivity,7006,10,joint_dirichlet_0.3,lenient,B3,1,5,1620,405,True,True,0.9950617283950617,0.49876237623762376,0.0,,,0.07407407407407407,"equal_opportunity_gap,equalized_odds_gap",1.070750004146248
threshold_sensitivity,7006,10,joint_dirichlet_0.3,lenient,B3,1,6,2394,599,True,True,0.9148580968280468,0.4965971821702233,0.01818181818181818,0.024390243902439025,0.024390243902439025,0.7070521390374331,,1.5220420027617365
threshold_sensitivity,7006,10,joint_dirichlet_0.3,lenient,B3,1,7,89,23,False,False,,,,,,,,0.0176659959834069
threshold_sensitivity,7006,10,joint_dirichlet_0.3,lenient,B3,1,8,580,146,True,False,0.910958904109589,0.4767025089605735,,,,,"comparison_groups,subgroup_accuracy_gap",0.8309170079883188
threshold_sensitivity,7006,10,joint_dirichlet_0.3,lenient,B3,1,9,2124,531,True,False,0.832391713747646,0.46515996876450016,,,,,"comparison_groups,subgroup_accuracy_gap",1.1934590002056211
threshold_sensitivity,7006,10,joint_dirichlet_0.3,lenient,B3,2,0,575,144,True,False,0.9513888888888888,0.4875444839857651,,,,,"comparison_groups,subgroup_accuracy_gap",0.7712499937042594
threshold_sensitivity,7006,10,joint_dirichlet_0.3,lenient,B3,2,1,1140,285,True,True,0.6736842105263158,0.6409947310677375,0.32930319778918277,0.3897058823529412,,0.5431800236873272,"equalized_odds_gap,false_positive_rate_gap",0.939290999667719
threshold_sensitivity,7006,10,joint_dirichlet_0.3,lenient,B3,2,2,9157,2290,True,True,0.8227074235807861,0.5131802721088435,0.017907013646461443,0.034466019417475735,0.034466019417475735,0.26182957791177397,,3.0789999873377383
threshold_sensitivity,7006,10,joint_dirichlet_0.3,lenient,B3,2,3,2651,663,True,False,0.8506787330316742,0.7892230375234823,0.46458449525934187,,,0.21793084216397096,"equal_opportunity_gap,equalized_odds_gap",1.3538339990191162
threshold_sensitivity,7006,10,joint_dirichlet_0.3,lenient,B3,2,4,176,45,True,False,1.0,1.0,,,,,"comparison_groups,subgroup_accuracy_gap",0.6351669726427644
threshold_sensitivity,7006,10,joint_dirichlet_0.3,lenient,B3,2,5,1620,405,True,True,0.9950617283950617,0.49876237623762376,0.0,,,0.07407407407407407,"equal_opportunity_gap,equalized_odds_gap",1.040292001562193
threshold_sensitivity,7006,10,joint_dirichlet_0.3,lenient,B3,2,6,2394,599,True,True,0.9181969949916527,0.5331106338980355,0.05454545454545454,0.07317073170731707,0.07317073170731707,0.6706885026737968,,1.241833990206942
threshold_sensitivity,7006,10,joint_dirichlet_0.3,lenient,B3,2,7,89,23,False,False,,,,,,,,0.012749980669468641
threshold_sensitivity,7006,10,joint_dirichlet_0.3,lenient,B3,2,8,580,146,True,False,0.910958904109589,0.4767025089605735,,,,,"comparison_groups,subgroup_accuracy_gap",0.7341669988818467
threshold_sensitivity,7006,10,joint_dirichlet_0.3,lenient,B3,2,9,2124,531,True,False,0.8361581920903954,0.487366423649256,,,,,"comparison_groups,subgroup_accuracy_gap",1.1350419954396784
threshold_sensitivity,7006,10,joint_dirichlet_0.3,lenient,B3,3,0,575,144,True,False,0.9513888888888888,0.4875444839857651,,,,,"comparison_groups,subgroup_accuracy_gap",0.837208004668355
threshold_sensitivity,7006,10,joint_dirichlet_0.3,lenient,B3,3,1,1140,285,True,True,0.6070175438596491,0.5240367410235,0.18510659297275955,0.19852941176470587,,0.7813363600473747,"equalized_odds_gap,false_positive_rate_gap",1.1560000129975379
threshold_sensitivity,7006,10,joint_dirichlet_0.3,lenient,B3,3,2,9157,2290,True,True,0.8213973799126637,0.506751159512107,0.01571723262456363,0.041747572815533984,0.041747572815533984,0.2640193589336718,,2.917582984082401
threshold_sensitivity,7006,10,joint_dirichlet_0.3,lenient,B3,3,3,2651,663,True,True,0.7073906485671192,0.6904732110197717,0.15323480200780815,,,0.07222532069157839,"equal_opportunity_gap,equalized_odds_gap",1.3600410020444542
threshold_sensitivity,7006,10,joint_dirichlet_0.3,lenient,B3,3,4,176,45,True,False,0.9111111111111111,0.47674418604651164,,,,,"comparison_groups,subgroup_accuracy_gap",0.6454169924836606
threshold_sensitivity,7006,10,joint_dirichlet_0.3,lenient,B3,3,5,1620,405,True,True,0.9950617283950617,0.49876237623762376,0.0,,,0.07407407407407407,"equal_opportunity_gap,equalized_odds_gap",1.196958008222282
threshold_sensitivity,7006,10,joint_dirichlet_0.3,lenient,B3,3,6,2394,599,True,True,0.9181969949916527,0.5331106338980355,0.05454545454545454,0.07317073170731707,0.07317073170731707,0.6706885026737968,,1.5605000080540776
threshold_sensitivity,7006,10,joint_dirichlet_0.3,lenient,B3,3,7,89,23,False,False,,,,,,,,0.014124991139397025
threshold_sensitivity,7006,10,joint_dirichlet_0.3,lenient,B3,3,8,580,146,True,False,0.910958904109589,0.4767025089605735,,,,,"comparison_groups,subgroup_accuracy_gap",0.7513340096920729
threshold_sensitivity,7006,10,joint_dirichlet_0.3,lenient,B3,3,9,2124,531,True,False,0.8361581920903954,0.487366423649256,,,,,"comparison_groups,subgroup_accuracy_gap",1.2437909899745136
threshold_sensitivity,7006,10,joint_dirichlet_0.3,lenient,B3,4,0,575,144,True,False,0.9513888888888888,0.4875444839857651,,,,,"comparison_groups,subgroup_accuracy_gap",0.7635420188307762
threshold_sensitivity,7006,10,joint_dirichlet_0.3,lenient,B3,4,1,1140,285,True,True,0.5964912280701754,0.5059616225260397,0.1630477694433478,0.17647058823529413,,0.8033951835767864,"equalized_odds_gap,false_positive_rate_gap",0.9866250038612634
threshold_sensitivity,7006,10,joint_dirichlet_0.3,lenient,B3,4,2,9157,2290,True,True,0.8222707423580786,0.5147625614922341,0.02009679466835925,0.03203883495145632,0.03203883495145632,0.2625595049190733,,3.111166995950043
threshold_sensitivity,7006,10,joint_dirichlet_0.3,lenient,B3,4,3,2651,663,True,True,0.6440422322775264,0.6368978000556949,0.24302844394868933,,,0.17707752370329066,"equal_opportunity_gap,equalized_odds_gap",1.3561660016421229
threshold_sensitivity,7006,10,joint_dirichlet_0.3,lenient,B3,4,4,176,45,True,False,0.8222222222222222,0.45121951219512196,,,,,"comparison_groups,subgroup_accuracy_gap",0.6437920092139393
threshold_sensitivity,7006,10,joint_dirichlet_0.3,lenient,B3,4,5,1620,405,True,True,0.9950617283950617,0.49876237623762376,0.0,,,0.07407407407407407,"equal_opportunity_gap,equalized_odds_gap",1.0895000013988465
threshold_sensitivity,7006,10,joint_dirichlet_0.3,lenient,B3,4,6,2394,599,True,True,0.9198664440734557,0.5504128096072054,0.07272727272727272,0.0975609756097561,0.0975609756097561,0.6525066844919786,,1.302707998547703
threshold_sensitivity,7006,10,joint_dirichlet_0.3,lenient,B3,4,7,89,23,False,False,,,,,,,,0.01304197940044105
threshold_sensitivity,7006,10,joint_dirichlet_0.3,lenient,B3,4,8,580,146,True,False,0.910958904109589,0.4767025089605735,,,,,"comparison_groups,subgroup_accuracy_gap",0.766624987591058
threshold_sensitivity,7006,10,joint_dirichlet_0.3,lenient,B3,4,9,2124,531,True,False,0.8436911487758946,0.529159767106458,,,,,"comparison_groups,subgroup_accuracy_gap",1.221542013809085
threshold_sensitivity,7006,10,joint_dirichlet_0.3,lenient,B3,5,0,575,144,True,False,0.9375,0.4838709677419355,,,,,"comparison_groups,subgroup_accuracy_gap",0.7947910053189844
threshold_sensitivity,7006,10,joint_dirichlet_0.3,lenient,B3,5,1,1140,285,True,True,0.5859649122807018,0.4911946259985476,0.1416304776944335,0.16176470588235295,,0.8113896565337545,"equalized_odds_gap,false_positive_rate_gap",1.0102909873239696
threshold_sensitivity,7006,10,joint_dirichlet_0.3,lenient,B3,5,2,9157,2290,True,True,0.8248908296943231,0.5307978873156677,0.02376229768327515,0.012621359223300974,0.012621359223300974,0.25454617581720085,,3.0542919994331896
threshold_sensitivity,7006,10,joint_dirichlet_0.3,lenient,B3,5,3,2651,663,True,True,0.6078431372549019,0.6044951450964556,0.2863915225878416,,,0.3063301728945901,"equal_opportunity_gap,equalized_odds_gap",1.4890829916112125
threshold_sensitivity,7006,10,joint_dirichlet_0.3,lenient,B3,5,4,176,45,True,False,0.6222222222222222,0.3835616438356164,,,,,"comparison_groups,subgroup_accuracy_gap",0.6368749891407788
threshold_sensitivity,7006,10,joint_dirichlet_0.3,lenient,B3,5,5,1620,405,True,True,0.9950617283950617,0.49876237623762376,0.0,,,0.07407407407407407,"equal_opportunity_gap,equalized_odds_gap",1.0400410101283342
threshold_sensitivity,7006,10,joint_dirichlet_0.3,lenient,B3,5,6,2394,599,True,True,0.9215358931552587,0.5671233297968848,0.07088903743315508,0.006651884700665189,0.006651884700665189,0.6543449197860962,,1.2605829979293048
threshold_sensitivity,7006,10,joint_dirichlet_0.3,lenient,B3,5,7,89,23,False,False,,,,,,,,0.012666976545006037
threshold_sensitivity,7006,10,joint_dirichlet_0.3,lenient,B3,5,8,580,146,True,False,0.910958904109589,0.4767025089605735,,,,,"comparison_groups,subgroup_accuracy_gap",0.7321659941226244
threshold_sensitivity,7006,10,joint_dirichlet_0.3,lenient,B3,5,9,2124,531,True,False,0.8418079096045198,0.527860106698281,,,,,"comparison_groups,subgroup_accuracy_gap",1.133624988142401
threshold_sensitivity,7006,10,joint_dirichlet_0.3,submitted,B3,1,0,575,144,True,False,0.9513888888888888,0.4875444839857651,,,,,"comparison_groups,subgroup_accuracy_gap",0.9444580064155161
threshold_sensitivity,7006,10,joint_dirichlet_0.3,submitted,B3,1,1,1140,285,True,False,0.8210526315789474,0.8210438187168343,0.6375345440189498,0.15441176470588236,,0.046930517173312314,"equalized_odds_gap,false_positive_rate_gap",0.9756250074133277
threshold_sensitivity,7006,10,joint_dirichlet_0.3,submitted,B3,1,2,9157,2290,True,True,0.8170305676855896,0.4806303387748849,0.00913202158045065,0.018446601941747576,0.018446601941747576,0.2713186290066645,,3.289915999630466
threshold_sensitivity,7006,10,joint_dirichlet_0.3,submitted,B3,1,3,2651,663,True,True,0.7450980392156863,0.5124257522682274,0.0633017289459008,,,0.6652258784160624,"equal_opportunity_gap,equalized_odds_gap",1.4035829808562994
threshold_sensitivity,7006,10,joint_dirichlet_0.3,submitted,B3,1,4,176,45,True,False,1.0,1.0,,,,,"comparison_groups,subgroup_accuracy_gap",0.6510830135084689
threshold_sensitivity,7006,10,joint_dirichlet_0.3,submitted,B3,1,5,1620,405,True,True,0.9950617283950617,0.49876237623762376,0.0,,,0.07407407407407407,"equal_opportunity_gap,equalized_odds_gap",1.0737080010585487
threshold_sensitivity,7006,10,joint_dirichlet_0.3,submitted,B3,1,6,2394,599,True,True,0.9148580968280468,0.4965971821702233,0.01818181818181818,0.024390243902439025,0.024390243902439025,0.7070521390374331,,1.2668329873122275
threshold_sensitivity,7006,10,joint_dirichlet_0.3,submitted,B3,1,7,89,23,False,False,,,,,,,,0.012957985745742917
threshold_sensitivity,7006,10,joint_dirichlet_0.3,submitted,B3,1,8,580,146,True,False,0.910958904109589,0.4767025089605735,,,,,"comparison_groups,subgroup_accuracy_gap",0.7552910246886313
threshold_sensitivity,7006,10,joint_dirichlet_0.3,submitted,B3,1,9,2124,531,True,False,0.832391713747646,0.46515996876450016,,,,,"comparison_groups,subgroup_accuracy_gap",1.1822499800473452
threshold_sensitivity,7006,10,joint_dirichlet_0.3,submitted,B3,2,0,575,144,True,False,0.9513888888888888,0.4875444839857651,,,,,"comparison_groups,subgroup_accuracy_gap",0.7745839830022305
threshold_sensitivity,7006,10,joint_dirichlet_0.3,submitted,B3,2,1,1140,285,True,False,0.6736842105263158,0.6409947310677375,0.32930319778918277,0.3897058823529412,,0.5431800236873272,"equalized_odds_gap,false_positive_rate_gap",0.9377920068800449
threshold_sensitivity,7006,10,joint_dirichlet_0.3,submitted,B3,2,2,9157,2290,True,True,0.8227074235807861,0.5131802721088435,0.017907013646461443,0.034466019417475735,0.034466019417475735,0.26182957791177397,,2.962500002468005
threshold_sensitivity,7006,10,joint_dirichlet_0.3,submitted,B3,2,3,2651,663,True,False,0.8506787330316742,0.7892230375234823,0.46458449525934187,,,0.21793084216397096,"equal_opportunity_gap,equalized_odds_gap",1.3858330203220248
threshold_sensitivity,7006,10,joint_dirichlet_0.3,submitted,B3,2,4,176,45,True,False,1.0,1.0,,,,,"comparison_groups,subgroup_accuracy_gap",0.6537909794133157
threshold_sensitivity,7006,10,joint_dirichlet_0.3,submitted,B3,2,5,1620,405,True,True,0.9950617283950617,0.49876237623762376,0.0,,,0.07407407407407407,"equal_opportunity_gap,equalized_odds_gap",1.1296670127194375
threshold_sensitivity,7006,10,joint_dirichlet_0.3,submitted,B3,2,6,2394,599,True,True,0.9181969949916527,0.5331106338980355,0.05454545454545454,0.07317073170731707,0.07317073170731707,0.6706885026737968,,1.242334023118019
threshold_sensitivity,7006,10,joint_dirichlet_0.3,submitted,B3,2,7,89,23,False,False,,,,,,,,0.012917007552459836
threshold_sensitivity,7006,10,joint_dirichlet_0.3,submitted,B3,2,8,580,146,True,False,0.910958904109589,0.4767025089605735,,,,,"comparison_groups,subgroup_accuracy_gap",0.7355419802479446
threshold_sensitivity,7006,10,joint_dirichlet_0.3,submitted,B3,2,9,2124,531,True,False,0.8361581920903954,0.487366423649256,,,,,"comparison_groups,subgroup_accuracy_gap",1.1323330109007657
threshold_sensitivity,7006,10,joint_dirichlet_0.3,submitted,B3,3,0,575,144,True,False,0.9513888888888888,0.4875444839857651,,,,,"comparison_groups,subgroup_accuracy_gap",0.803917006123811
threshold_sensitivity,7006,10,joint_dirichlet_0.3,submitted,B3,3,1,1140,285,True,False,0.5964912280701754,0.5059616225260397,0.1630477694433478,0.17647058823529413,,0.8033951835767864,"equalized_odds_gap,false_positive_rate_gap",0.9884579922072589
threshold_sensitivity,7006,10,joint_dirichlet_0.3,submitted,B3,3,2,9157,2290,True,True,0.8209606986899564,0.502668607472101,0.015344335131704223,0.046601941747572824,0.046601941747572824,0.26656616947000955,,3.1238750088959932
threshold_sensitivity,7006,10,joint_dirichlet_0.3,submitted,B3,3,3,2651,663,True,True,0.6907993966817496,0.6772174896039405,0.2165365309537089,,,0.03708867819297268,"equal_opportunity_gap,equalized_odds_gap",1.3595839845947921
threshold_sensitivity,7006,10,joint_dirichlet_0.3,submitted,B3,3,4,176,45,True,False,0.9111111111111111,0.47674418604651164,,,,,"comparison_groups,subgroup_accuracy_gap",0.646790984319523
threshold_sensitivity,7006,10,joint_dirichlet_0.3,submitted,B3,3,5,1620,405,True,True,0.9950617283950617,0.49876237623762376,0.0,,,0.07407407407407407,"equal_opportunity_gap,equalized_odds_gap",1.0404580098111182
threshold_sensitivity,7006,10,joint_dirichlet_0.3,submitted,B3,3,6,2394,599,True,True,0.9181969949916527,0.5331106338980355,0.05454545454545454,0.07317073170731707,0.07317073170731707,0.6706885026737968,,1.2408749898895621
threshold_sensitivity,7006,10,joint_dirichlet_0.3,submitted,B3,3,7,89,23,False,False,,,,,,,,0.012666016118600965
threshold_sensitivity,7006,10,joint_dirichlet_0.3,submitted,B3,3,8,580,146,True,False,0.910958904109589,0.4767025089605735,,,,,"comparison_groups,subgroup_accuracy_gap",0.7447089883498847
threshold_sensitivity,7006,10,joint_dirichlet_0.3,submitted,B3,3,9,2124,531,True,False,0.8342749529190208,0.47637830569251455,,,,,"comparison_groups,subgroup_accuracy_gap",1.3683750003110617
threshold_sensitivity,7006,10,joint_dirichlet_0.3,submitted,B3,4,0,575,144,True,False,0.9513888888888888,0.4875444839857651,,,,,"comparison_groups,subgroup_accuracy_gap",0.7867499953135848
threshold_sensitivity,7006,10,joint_dirichlet_0.3,submitted,B3,4,1,1140,285,True,False,0.5824561403508772,0.481017307074324,0.13363600473746545,0.14705882352941177,,0.8328069482826688,"equalized_odds_gap,false_positive_rate_gap",0.945417006732896
threshold_sensitivity,7006,10,joint_dirichlet_0.3,submitted,B3,4,2,9157,2290,True,True,0.8218340611353712,0.5126449827971482,0.019366867661059984,0.034466019417475735,0.034466019417475735,0.26328943192637255,,2.9206660110503435
threshold_sensitivity,7006,10,joint_dirichlet_0.3,submitted,B3,4,3,2651,663,True,False,0.6304675716440422,0.6250077914162833,0.3155326268823201,,,0.28332403792526484,"equal_opportunity_gap,equalized_odds_gap",1.4770000125281513
threshold_sensitivity,7006,10,joint_dirichlet_0.3,submitted,B3,4,4,176,45,True,False,0.7777777777777778,0.4375,,,,,"comparison_groups,subgroup_accuracy_gap",0.6365420122165233
threshold_sensitivity,7006,10,joint_dirichlet_0.3,submitted,B3,4,5,1620,405,True,True,0.9950617283950617,0.49876237623762376,0.0,,,0.07407407407407407,"equal_opportunity_gap,equalized_odds_gap",1.0487500112503767
threshold_sensitivity,7006,10,joint_dirichlet_0.3,submitted,B3,4,6,2394,599,True,True,0.9181969949916527,0.5331106338980355,0.05454545454545454,0.07317073170731707,0.07317073170731707,0.6706885026737968,,1.2532089895103127
threshold_sensitivity,7006,10,joint_dirichlet_0.3,submitted,B3,4,7,89,23,False,False,,,,,,,,0.012665987014770508
threshold_sensitivity,7006,10,joint_dirichlet_0.3,submitted,B3,4,8,580,146,True,False,0.910958904109589,0.4767025089605735,,,,,"comparison_groups,subgroup_accuracy_gap",0.7541659870184958
threshold_sensitivity,7006,10,joint_dirichlet_0.3,submitted,B3,4,9,2124,531,True,False,0.8380414312617702,0.49813170388605593,,,,,"comparison_groups,subgroup_accuracy_gap",1.1367499828338623
threshold_sensitivity,7006,10,joint_dirichlet_0.3,submitted,B3,5,0,575,144,True,False,0.9513888888888888,0.4875444839857651,,,,,"comparison_groups,subgroup_accuracy_gap",0.7897090108599514
threshold_sensitivity,7006,10,joint_dirichlet_0.3,submitted,B3,5,1,1140,285,True,False,0.5649122807017544,0.4390476190476191,0.09558823529411764,0.09558823529411764,,0.8977003553099092,"equalized_odds_gap,false_positive_rate_gap",0.9856669930741191
threshold_sensitivity,7006,10,joint_dirichlet_0.3,submitted,B3,5,2,9157,2290,True,True,0.8218340611353712,0.5089029474653564,0.0164471596318629,0.03932038834951457,0.03932038834951457,0.26328943192637255,,3.242958977352828
threshold_sensitivity,7006,10,joint_dirichlet_0.3,submitted,B3,5,3,2651,663,True,False,0.5444947209653092,0.5444107688947138,0.299079754601227,,,0.46319018404907975,"equal_opportunity_gap,equalized_odds_gap",1.3713749940507114
threshold_sensitivity,7006,10,joint_dirichlet_0.3,submitted,B3,5,4,176,45,True,False,0.6,0.375,,,,,"comparison_groups,subgroup_accuracy_gap",0.6388330075424165
threshold_sensitivity,7006,10,joint_dirichlet_0.3,submitted,B3,5,5,1620,405,True,True,0.9950617283950617,0.49876237623762376,0.0,,,0.07407407407407407,"equal_opportunity_gap,equalized_odds_gap",1.0541249939706177
threshold_sensitivity,7006,10,joint_dirichlet_0.3,submitted,B3,5,6,2394,599,True,True,0.9181969949916527,0.5331106338980355,0.05454545454545454,0.07317073170731707,0.07317073170731707,0.6706885026737968,,1.451499992981553
threshold_sensitivity,7006,10,joint_dirichlet_0.3,submitted,B3,5,7,89,23,False,False,,,,,,,,0.017707992810755968
threshold_sensitivity,7006,10,joint_dirichlet_0.3,submitted,B3,5,8,580,146,True,False,0.910958904109589,0.4767025089605735,,,,,"comparison_groups,subgroup_accuracy_gap",0.8702919876668602
threshold_sensitivity,7006,10,joint_dirichlet_0.3,submitted,B3,5,9,2124,531,True,False,0.8361581920903954,0.487366423649256,,,,,"comparison_groups,subgroup_accuracy_gap",1.1581660073716193
threshold_sensitivity,7006,10,joint_dirichlet_0.3,moderate,B3,1,0,575,144,True,False,0.9513888888888888,0.4875444839857651,,,,,"comparison_groups,subgroup_accuracy_gap",0.9127920202445239
threshold_sensitivity,7006,10,joint_dirichlet_0.3,moderate,B3,1,1,1140,285,True,False,0.8210526315789474,0.8210438187168343,0.6375345440189498,0.15441176470588236,,0.046930517173312314,"equalized_odds_gap,false_positive_rate_gap",0.9710000013001263
threshold_sensitivity,7006,10,joint_dirichlet_0.3,moderate,B3,1,2,9157,2290,True,True,0.8170305676855896,0.4806303387748849,0.00913202158045065,0.018446601941747576,0.018446601941747576,0.2713186290066645,,2.9601250134874135
threshold_sensitivity,7006,10,joint_dirichlet_0.3,moderate,B3,1,3,2651,663,True,False,0.7450980392156863,0.5124257522682274,0.0633017289459008,,,0.6652258784160624,"equal_opportunity_gap,equalized_odds_gap",1.3860000181011856
threshold_sensitivity,7006,10,joint_dirichlet_0.3,moderate,B3,1,4,176,45,True,False,1.0,1.0,,,,,"comparison_groups,subgroup_accuracy_gap",0.6548340024892241
threshold_sensitivity,7006,10,joint_dirichlet_0.3,moderate,B3,1,5,1620,405,True,False,0.9950617283950617,0.49876237623762376,0.0,,,0.07407407407407407,"equal_opportunity_gap,equalized_odds_gap",1.092082995455712
threshold_sensitivity,7006,10,joint_dirichlet_0.3,moderate,B3,1,6,2394,599,True,True,0.9148580968280468,0.4965971821702233,0.01818181818181818,0.024390243902439025,0.024390243902439025,0.7070521390374331,,1.2595000152941793
threshold_sensitivity,7006,10,joint_dirichlet_0.3,moderate,B3,1,7,89,23,False,False,,,,,,,,0.013125012628734112
threshold_sensitivity,7006,10,joint_dirichlet_0.3,moderate,B3,1,8,580,146,True,False,0.910958904109589,0.4767025089605735,,,,,"comparison_groups,subgroup_accuracy_gap",0.7430829864460975
threshold_sensitivity,7006,10,joint_dirichlet_0.3,moderate,B3,1,9,2124,531,True,False,0.832391713747646,0.46515996876450016,,,,,"comparison_groups,subgroup_accuracy_gap",1.1378340132068843
threshold_sensitivity,7006,10,joint_dirichlet_0.3,moderate,B3,2,0,575,144,True,False,0.9513888888888888,0.4875444839857651,,,,,"comparison_groups,subgroup_accuracy_gap",0.8029580058064312
threshold_sensitivity,7006,10,joint_dirichlet_0.3,moderate,B3,2,1,1140,285,True,False,0.6456140350877193,0.588721084741888,0.2666304776944335,0.2867647058823529,,0.6863896565337545,"equalized_odds_gap,false_positive_rate_gap",0.9211249998770654
threshold_sensitivity,7006,10,joint_dirichlet_0.3,moderate,B3,2,2,9157,2290,True,True,0.8174672489082969,0.48290131033052136,0.00986194858774992,0.01601941747572816,0.01601941747572816,0.27058870199936524,,2.828707976732403
threshold_sensitivity,7006,10,joint_dirichlet_0.3,moderate,B3,2,3,2651,663,True,False,0.861236802413273,0.8201132476111832,0.4017010596765198,,,0.22866703848298942,"equal_opportunity_gap,equalized_odds_gap",1.3010420079808682
threshold_sensitivity,7006,10,joint_dirichlet_0.3,moderate,B3,2,4,176,45,True,False,1.0,1.0,,,,,"comparison_groups,subgroup_accuracy_gap",0.6303330010268837
threshold_sensitivity,7006,10,joint_dirichlet_0.3,moderate,B3,2,5,1620,405,True,False,0.9950617283950617,0.49876237623762376,0.0,,,0.07407407407407407,"equal_opportunity_gap,equalized_odds_gap",1.022458978695795
threshold_sensitivity,7006,10,joint_dirichlet_0.3,moderate,B3,2,6,2394,599,True,True,0.9181969949916527,0.5331106338980355,0.05454545454545454,0.07317073170731707,0.07317073170731707,0.6706885026737968,,1.2207080144435167
threshold_sensitivity,7006,10,joint_dirichlet_0.3,moderate,B3,2,7,89,23,False,False,,,,,,,,0.013250013580545783
threshold_sensitivity,7006,10,joint_dirichlet_0.3,moderate,B3,2,8,580,146,True,False,0.910958904109589,0.4767025089605735,,,,,"comparison_groups,subgroup_accuracy_gap",0.7352089742198586
threshold_sensitivity,7006,10,joint_dirichlet_0.3,moderate,B3,2,9,2124,531,True,False,0.8342749529190208,0.47637830569251455,,,,,"comparison_groups,subgroup_accuracy_gap",1.1109580227639526
threshold_sensitivity,7006,10,joint_dirichlet_0.3,moderate,B3,3,0,575,144,True,False,0.9513888888888888,0.4875444839857651,,,,,"comparison_groups,subgroup_accuracy_gap",0.794166000559926
threshold_sensitivity,7006,10,joint_dirichlet_0.3,moderate,B3,3,1,1140,285,True,False,0.5859649122807018,0.4792827945001858,0.13970588235294118,0.13970588235294118,,0.8535827082510856,"equalized_odds_gap,false_positive_rate_gap",0.9599589975550771
threshold_sensitivity,7006,10,joint_dirichlet_0.3,moderate,B3,3,2,9157,2290,True,True,0.8170305676855896,0.48269345957745746,0.01059187559504919,0.01601941747572816,0.01601941747572816,0.2713186290066645,,2.76733300415799
threshold_sensitivity,7006,10,joint_dirichlet_0.3,moderate,B3,3,3,2651,663,True,False,0.6606334841628959,0.6506644810022832,0.27216954824316786,,,0.16020635805911887,"equal_opportunity_gap,equalized_odds_gap",1.3247079914435744
threshold_sensitivity,7006,10,joint_dirichlet_0.3,moderate,B3,3,4,176,45,True,False,0.8666666666666667,0.4642857142857143,,,,,"comparison_groups,subgroup_accuracy_gap",0.6452919915318489
threshold_sensitivity,7006,10,joint_dirichlet_0.3,moderate,B3,3,5,1620,405,True,False,0.9950617283950617,0.49876237623762376,0.0,,,0.07407407407407407,"equal_opportunity_gap,equalized_odds_gap",1.0665000008884817
threshold_sensitivity,7006,10,joint_dirichlet_0.3,moderate,B3,3,6,2394,599,True,True,0.9181969949916527,0.5331106338980355,0.05454545454545454,0.07317073170731707,0.07317073170731707,0.6706885026737968,,1.2383329740259796
threshold_sensitivity,7006,10,joint_dirichlet_0.3,moderate,B3,3,7,89,23,False,False,,,,,,,,0.012459000572562218
threshold_sensitivity,7006,10,joint_dirichlet_0.3,moderate,B3,3,8,580,146,True,False,0.910958904109589,0.4767025089605735,,,,,"comparison_groups,subgroup_accuracy_gap",0.7355829875450581
threshold_sensitivity,7006,10,joint_dirichlet_0.3,moderate,B3,3,9,2124,531,True,False,0.8342749529190208,0.47637830569251455,,,,,"comparison_groups,subgroup_accuracy_gap",1.107292016968131
threshold_sensitivity,7006,10,joint_dirichlet_0.3,moderate,B3,4,0,575,144,True,False,0.9513888888888888,0.4875444839857651,,,,,"comparison_groups,subgroup_accuracy_gap",0.7952090236358345
threshold_sensitivity,7006,10,joint_dirichlet_0.3,moderate,B3,4,1,1140,285,True,False,0.5614035087719298,0.43208085574455196,0.08823529411764706,0.08823529411764706,,0.9050532964863798,"equalized_odds_gap,false_positive_rate_gap",0.961375015322119
threshold_sensitivity,7006,10,joint_dirichlet_0.3,moderate,B3,4,2,9157,2290,True,True,0.8196506550218341,0.4960932400932401,0.014971437638844811,0.001456310679611654,0.0020876826722338203,0.26693906696286884,,2.7822499978356063
threshold_sensitivity,7006,10,joint_dirichlet_0.3,moderate,B3,4,3,2651,663,True,False,0.5656108597285068,0.5648892534864642,0.3266871165644172,,,0.44171779141104295,"equal_opportunity_gap,equalized_odds_gap",1.29645798006095
threshold_sensitivity,7006,10,joint_dirichlet_0.3,moderate,B3,4,4,176,45,True,False,0.6,0.375,,,,,"comparison_groups,subgroup_accuracy_gap",0.6258749926928431
threshold_sensitivity,7006,10,joint_dirichlet_0.3,moderate,B3,4,5,1620,405,True,False,0.9950617283950617,0.49876237623762376,0.0,,,0.07407407407407407,"equal_opportunity_gap,equalized_odds_gap",1.0152080212719738
threshold_sensitivity,7006,10,joint_dirichlet_0.3,moderate,B3,4,6,2394,599,True,True,0.9181969949916527,0.5331106338980355,0.05454545454545454,0.07317073170731707,0.07317073170731707,0.6706885026737968,,1.2359159882180393
threshold_sensitivity,7006,10,joint_dirichlet_0.3,moderate,B3,4,7,89,23,False,False,,,,,,,,0.012459000572562218
threshold_sensitivity,7006,10,joint_dirichlet_0.3,moderate,B3,4,8,580,146,True,False,0.910958904109589,0.4767025089605735,,,,,"comparison_groups,subgroup_accuracy_gap",0.7317499839700758
threshold_sensitivity,7006,10,joint_dirichlet_0.3,moderate,B3,4,9,2124,531,True,False,0.8342749529190208,0.47637830569251455,,,,,"comparison_groups,subgroup_accuracy_gap",1.1110829946119338
threshold_sensitivity,7006,10,joint_dirichlet_0.3,moderate,B3,5,0,575,144,True,False,0.9513888888888888,0.4875444839857651,,,,,"comparison_groups,subgroup_accuracy_gap",0.7866249943617731
threshold_sensitivity,7006,10,joint_dirichlet_0.3,moderate,B3,5,1,1140,285,True,False,0.5508771929824562,0.4107004393900232,0.0661764705882353,0.0661764705882353,,0.9271121200157916,"equalized_odds_gap,false_positive_rate_gap",0.9534579876344651
threshold_sensitivity,7006,10,joint_dirichlet_0.3,moderate,B3,5,2,9157,2290,True,True,0.8200873362445414,0.49829411064032536,0.01570136464614408,0.0009708737864077624,0.0020876826722338203,0.2662091399555696,,2.7585419884417206
threshold_sensitivity,7006,10,joint_dirichlet_0.3,moderate,B3,5,3,2651,663,True,False,0.5128205128205128,0.5124611549363112,0.25766871165644173,,,0.495398773006135,"equal_opportunity_gap,equalized_odds_gap",1.3011250121053308
threshold_sensitivity,7006,10,joint_dirichlet_0.3,moderate,B3,5,4,176,45,True,False,0.6,0.375,,,,,"comparison_groups,subgroup_accuracy_gap",0.6267090211622417
threshold_sensitivity,7006,10,joint_dirichlet_0.3,moderate,B3,5,5,1620,405,True,False,0.9950617283950617,0.49876237623762376,0.0,,,0.07407407407407407,"equal_opportunity_gap,equalized_odds_gap",1.0209580068476498
threshold_sensitivity,7006,10,joint_dirichlet_0.3,moderate,B3,5,6,2394,599,True,True,0.9181969949916527,0.5331106338980355,0.05454545454545454,0.07317073170731707,0.07317073170731707,0.6706885026737968,,1.2250829895492643
threshold_sensitivity,7006,10,joint_dirichlet_0.3,moderate,B3,5,7,89,23,False,False,,,,,,,,0.012250005966052413
threshold_sensitivity,7006,10,joint_dirichlet_0.3,moderate,B3,5,8,580,146,True,False,0.910958904109589,0.4767025089605735,,,,,"comparison_groups,subgroup_accuracy_gap",0.7362919859588146
threshold_sensitivity,7006,10,joint_dirichlet_0.3,moderate,B3,5,9,2124,531,True,False,0.8342749529190208,0.47637830569251455,,,,,"comparison_groups,subgroup_accuracy_gap",1.115124992793426
threshold_sensitivity,7006,10,joint_dirichlet_0.3,strict,B3,1,0,575,144,True,False,0.9513888888888888,0.4875444839857651,,,,,"comparison_groups,subgroup_accuracy_gap",0.9007920161820948
threshold_sensitivity,7006,10,joint_dirichlet_0.3,strict,B3,1,1,1140,285,True,False,0.8210526315789474,0.8210438187168343,0.6375345440189498,0.15441176470588236,,0.046930517173312314,"equalized_odds_gap,false_positive_rate_gap",0.9624999947845936
threshold_sensitivity,7006,10,joint_dirichlet_0.3,strict,B3,1,2,9157,2290,True,False,0.8170305676855896,0.4806303387748849,0.00913202158045065,0.018446601941747576,0.018446601941747576,0.2713186290066645,,2.9838330228812993
threshold_sensitivity,7006,10,joint_dirichlet_0.3,strict,B3,1,3,2651,663,True,False,0.7450980392156863,0.5124257522682274,0.0633017289459008,,,0.6652258784160624,"equal_opportunity_gap,equalized_odds_gap",1.3462500064633787
threshold_sensitivity,7006,10,joint_dirichlet_0.3,strict,B3,1,4,176,45,True,False,1.0,1.0,,,,,"comparison_groups,subgroup_accuracy_gap",0.6305830029305071
threshold_sensitivity,7006,10,joint_dirichlet_0.3,strict,B3,1,5,1620,405,True,False,0.9950617283950617,0.49876237623762376,0.0,,,0.07407407407407407,"equal_opportunity_gap,equalized_odds_gap",1.0655419901013374
threshold_sensitivity,7006,10,joint_dirichlet_0.3,strict,B3,1,6,2394,599,True,False,0.9148580968280468,0.4965971821702233,0.01818181818181818,0.024390243902439025,0.024390243902439025,0.7070521390374331,,1.2579580070450902
threshold_sensitivity,7006,10,joint_dirichlet_0.3,strict,B3,1,7,89,23,False,False,,,,,,,,0.012749980669468641
threshold_sensitivity,7006,10,joint_dirichlet_0.3,strict,B3,1,8,580,146,True,False,0.910958904109589,0.4767025089605735,,,,,"comparison_groups,subgroup_accuracy_gap",0.7480840140487999
threshold_sensitivity,7006,10,joint_dirichlet_0.3,strict,B3,1,9,2124,531,True,False,0.832391713747646,0.46515996876450016,,,,,"comparison_groups,subgroup_accuracy_gap",1.1416250199545175
threshold_sensitivity,7006,10,joint_dirichlet_0.3,strict,B3,2,0,575,144,True,False,0.9513888888888888,0.4875444839857651,,,,,"comparison_groups,subgroup_accuracy_gap",0.7950419967528433
threshold_sensitivity,7006,10,joint_dirichlet_0.3,strict,B3,2,1,1140,285,True,False,0.8210526315789474,0.8210438187168343,0.6375345440189498,0.15441176470588236,,0.046930517173312314,"equalized_odds_gap,false_positive_rate_gap",0.9416250104550272
threshold_sensitivity,7006,10,joint_dirichlet_0.3,strict,B3,2,2,9157,2290,True,False,0.8170305676855896,0.4806303387748849,0.00913202158045065,0.018446601941747576,0.018446601941747576,0.2713186290066645,,2.8083329962100834
threshold_sensitivity,7006,10,joint_dirichlet_0.3,strict,B3,2,3,2651,663,True,False,0.7450980392156863,0.5124257522682274,0.0633017289459008,,,0.6652258784160624,"equal_opportunity_gap,equalized_odds_gap",1.2853749794885516
threshold_sensitivity,7006,10,joint_dirichlet_0.3,strict,B3,2,4,176,45,True,False,1.0,1.0,,,,,"comparison_groups,subgroup_accuracy_gap",0.6208749837242067
threshold_sensitivity,7006,10,joint_dirichlet_0.3,strict,B3,2,5,1620,405,True,False,0.9950617283950617,0.49876237623762376,0.0,,,0.07407407407407407,"equal_opportunity_gap,equalized_odds_gap",1.021042000502348
threshold_sensitivity,7006,10,joint_dirichlet_0.3,strict,B3,2,6,2394,599,True,False,0.9148580968280468,0.4965971821702233,0.01818181818181818,0.024390243902439025,0.024390243902439025,0.7070521390374331,,1.218292018165812
threshold_sensitivity,7006,10,joint_dirichlet_0.3,strict,B3,2,7,89,23,False,False,,,,,,,,0.011709023965522647
threshold_sensitivity,7006,10,joint_dirichlet_0.3,strict,B3,2,8,580,146,True,False,0.910958904109589,0.4767025089605735,,,,,"comparison_groups,subgroup_accuracy_gap",0.7325420156121254
threshold_sensitivity,7006,10,joint_dirichlet_0.3,strict,B3,2,9,2124,531,True,False,0.832391713747646,0.46515996876450016,,,,,"comparison_groups,subgroup_accuracy_gap",1.157249993411824
threshold_sensitivity,7006,10,joint_dirichlet_0.3,strict,B3,3,0,575,144,True,False,0.9513888888888888,0.4875444839857651,,,,,"comparison_groups,subgroup_accuracy_gap",0.7777909922879189
threshold_sensitivity,7006,10,joint_dirichlet_0.3,strict,B3,3,1,1140,285,True,False,0.8210526315789474,0.8210438187168343,0.6375345440189498,0.15441176470588236,,0.046930517173312314,"equalized_odds_gap,false_positive_rate_gap",0.9149580146186054
threshold_sensitivity,7006,10,joint_dirichlet_0.3,strict,B3,3,2,9157,2290,True,False,0.8170305676855896,0.4806303387748849,0.00913202158045065,0.018446601941747576,0.018446601941747576,0.2713186290066645,,2.857624989701435
threshold_sensitivity,7006,10,joint_dirichlet_0.3,strict,B3,3,3,2651,663,True,False,0.7450980392156863,0.5124257522682274,0.0633017289459008,,,0.6652258784160624,"equal_opportunity_gap,equalized_odds_gap",1.2764580023940653
threshold_sensitivity,7006,10,joint_dirichlet_0.3,strict,B3,3,4,176,45,True,False,1.0,1.0,,,,,"comparison_groups,subgroup_accuracy_gap",0.620749982772395
threshold_sensitivity,7006,10,joint_dirichlet_0.3,strict,B3,3,5,1620,405,True,False,0.9950617283950617,0.49876237623762376,0.0,,,0.07407407407407407,"equal_opportunity_gap,equalized_odds_gap",1.030500017805025
threshold_sensitivity,7006,10,joint_dirichlet_0.3,strict,B3,3,6,2394,599,True,False,0.9148580968280468,0.4965971821702233,0.01818181818181818,0.024390243902439025,0.024390243902439025,0.7070521390374331,,1.2434169766493142
threshold_sensitivity,7006,10,joint_dirichlet_0.3,strict,B3,3,7,89,23,False,False,,,,,,,,0.012167001841589808
threshold_sensitivity,7006,10,joint_dirichlet_0.3,strict,B3,3,8,580,146,True,False,0.910958904109589,0.4767025089605735,,,,,"comparison_groups,subgroup_accuracy_gap",0.7325409969780594
threshold_sensitivity,7006,10,joint_dirichlet_0.3,strict,B3,3,9,2124,531,True,False,0.832391713747646,0.46515996876450016,,,,,"comparison_groups,subgroup_accuracy_gap",1.1217499850317836
threshold_sensitivity,7006,10,joint_dirichlet_0.3,strict,B3,4,0,575,144,True,False,0.9513888888888888,0.4875444839857651,,,,,"comparison_groups,subgroup_accuracy_gap",0.7912500004749745
threshold_sensitivity,7006,10,joint_dirichlet_0.3,strict,B3,4,1,1140,285,True,False,0.8210526315789474,0.8210438187168343,0.6375345440189498,0.15441176470588236,,0.046930517173312314,"equalized_odds_gap,false_positive_rate_gap",0.9150420082733035
threshold_sensitivity,7006,10,joint_dirichlet_0.3,strict,B3,4,2,9157,2290,True,False,0.8170305676855896,0.4806303387748849,0.00913202158045065,0.018446601941747576,0.018446601941747576,0.2713186290066645,,2.8062920027878135
threshold_sensitivity,7006,10,joint_dirichlet_0.3,strict,B3,4,3,2651,663,True,False,0.7450980392156863,0.5124257522682274,0.0633017289459008,,,0.6652258784160624,"equal_opportunity_gap,equalized_odds_gap",1.3001250044908375
threshold_sensitivity,7006,10,joint_dirichlet_0.3,strict,B3,4,4,176,45,True,False,1.0,1.0,,,,,"comparison_groups,subgroup_accuracy_gap",0.6232089945115149
threshold_sensitivity,7006,10,joint_dirichlet_0.3,strict,B3,4,5,1620,405,True,False,0.9950617283950617,0.49876237623762376,0.0,,,0.07407407407407407,"equal_opportunity_gap,equalized_odds_gap",1.014915993437171
threshold_sensitivity,7006,10,joint_dirichlet_0.3,strict,B3,4,6,2394,599,True,False,0.9148580968280468,0.4965971821702233,0.01818181818181818,0.024390243902439025,0.024390243902439025,0.7070521390374331,,1.219875004608184
threshold_sensitivity,7006,10,joint_dirichlet_0.3,strict,B3,4,7,89,23,False,False,,,,,,,,0.011958996765315533
threshold_sensitivity,7006,10,joint_dirichlet_0.3,strict,B3,4,8,580,146,True,False,0.910958904109589,0.4767025089605735,,,,,"comparison_groups,subgroup_accuracy_gap",0.7269580091815442
threshold_sensitivity,7006,10,joint_dirichlet_0.3,strict,B3,4,9,2124,531,True,False,0.832391713747646,0.46515996876450016,,,,,"comparison_groups,subgroup_accuracy_gap",1.112625002861023
threshold_sensitivity,7006,10,joint_dirichlet_0.3,strict,B3,5,0,575,144,True,False,0.9513888888888888,0.4875444839857651,,,,,"comparison_groups,subgroup_accuracy_gap",0.7876250019762665
threshold_sensitivity,7006,10,joint_dirichlet_0.3,strict,B3,5,1,1140,285,True,False,0.8210526315789474,0.8210438187168343,0.6375345440189498,0.15441176470588236,,0.046930517173312314,"equalized_odds_gap,false_positive_rate_gap",0.9445839968975633
threshold_sensitivity,7006,10,joint_dirichlet_0.3,strict,B3,5,2,9157,2290,True,False,0.8170305676855896,0.4806303387748849,0.00913202158045065,0.018446601941747576,0.018446601941747576,0.2713186290066645,,2.761666983133182
threshold_sensitivity,7006,10,joint_dirichlet_0.3,strict,B3,5,3,2651,663,True,False,0.7450980392156863,0.5124257522682274,0.0633017289459008,,,0.6652258784160624,"equal_opportunity_gap,equalized_odds_gap",1.2877919944003224
threshold_sensitivity,7006,10,joint_dirichlet_0.3,strict,B3,5,4,176,45,True,False,1.0,1.0,,,,,"comparison_groups,subgroup_accuracy_gap",0.621459010289982
threshold_sensitivity,7006,10,joint_dirichlet_0.3,strict,B3,5,5,1620,405,True,False,0.9950617283950617,0.49876237623762376,0.0,,,0.07407407407407407,"equal_opportunity_gap,equalized_odds_gap",1.033000007737428
threshold_sensitivity,7006,10,joint_dirichlet_0.3,strict,B3,5,6,2394,599,True,False,0.9148580968280468,0.4965971821702233,0.01818181818181818,0.024390243902439025,0.024390243902439025,0.7070521390374331,,1.243292004801333
threshold_sensitivity,7006,10,joint_dirichlet_0.3,strict,B3,5,7,89,23,False,False,,,,,,,,0.01229200279340148
threshold_sensitivity,7006,10,joint_dirichlet_0.3,strict,B3,5,8,580,146,True,False,0.910958904109589,0.4767025089605735,,,,,"comparison_groups,subgroup_accuracy_gap",0.7452089921571314
threshold_sensitivity,7006,10,joint_dirichlet_0.3,strict,B3,5,9,2124,531,True,False,0.832391713747646,0.46515996876450016,,,,,"comparison_groups,subgroup_accuracy_gap",1.1323750077281147
threshold_sensitivity,7007,10,joint_dirichlet_0.3,lenient,B3,1,0,1529,383,True,True,0.9738903394255874,0.5767020335985853,0.0448566166798211,0.125,0.125,0.3250460405156538,,1.1936670052818954
threshold_sensitivity,7007,10,joint_dirichlet_0.3,lenient,B3,1,1,936,235,False,False,,,,,,,,0.021832995116710663
threshold_sensitivity,7007,10,joint_dirichlet_0.3,lenient,B3,1,2,5542,1386,True,True,0.715007215007215,0.6552601370093327,0.07607236591669508,0.010526315789473717,0.2536502546689303,0.2372728547672951,,2.0992910140194
threshold_sensitivity,7007,10,joint_dirichlet_0.3,lenient,B3,1,3,894,224,True,True,0.7544642857142857,0.5499543378995434,0.11761229314420796,,,0.7334515366430261,"equal_opportunity_gap,equalized_odds_gap",0.8557499968446791
threshold_sensitivity,7007,10,joint_dirichlet_0.3,lenient,B3,1,4,1949,488,True,True,0.9323770491803278,0.48250265111346763,0.0,,,1.0,"equal_opportunity_gap,equalized_odds_gap,false_positive_rate_gap",1.1711669794749469
threshold_sensitivity,7007,10,joint_dirichlet_0.3,lenient,B3,1,5,2426,607,True,True,0.8253706754530478,0.502489793393542,0.002977897986503839,0.1422142214221422,0.1422142214221422,0.16573778105619752,,1.2833339860662818
threshold_sensitivity,7007,10,joint_dirichlet_0.3,lenient,B3,1,6,4165,1042,True,True,0.9155470249520153,0.4890449125153238,0.012195121951219513,0.012195121951219513,,0.9805132113821138,"equalized_odds_gap,false_positive_rate_gap",1.7491669859737158
threshold_sensitivity,7007,10,joint_dirichlet_0.3,lenient,B3,1,7,76,20,True,False,0.95,0.48717948717948717,,,,,"comparison_groups,subgroup_accuracy_gap",0.6038330029696226
threshold_sensitivity,7007,10,joint_dirichlet_0.3,lenient,B3,1,8,1032,259,True,True,0.8223938223938224,0.451271186440678,0.0,,,0.27710843373493976,"equal_opportunity_gap,equalized_odds_gap",0.8934999932534993
threshold_sensitivity,7007,10,joint_dirichlet_0.3,lenient,B3,1,9,1955,489,True,True,0.9734151329243353,0.49326424870466323,0.0,0.0,0.0,0.025428497229916913,,1.1344160011503845
threshold_sensitivity,7007,10,joint_dirichlet_0.3,lenient,B3,2,0,1529,383,True,True,0.9738903394255874,0.5767020335985853,0.0448566166798211,0.125,0.125,0.3250460405156538,,1.026416983222589
threshold_sensitivity,7007,10,joint_dirichlet_0.3,lenient,B3,2,1,936,235,False,False,,,,,,,,0.019583996618166566
threshold_sensitivity,7007,10,joint_dirichlet_0.3,lenient,B3,2,2,5542,1386,True,True,0.7337662337662337,0.7334597326331688,0.05864203714463162,0.24407894736842106,0.24407894736842106,0.2540620679983171,,2.0709589880425483
threshold_sensitivity,7007,10,joint_dirichlet_0.3,lenient,B3,2,3,894,224,True,False,0.8348214285714286,0.7883068120865367,0.601063829787234,,,0.10106382978723405,"equal_opportunity_gap,equalized_odds_gap",0.8304999792017043
threshold_sensitivity,7007,10,joint_dirichlet_0.3,lenient,B3,2,4,1949,488,True,True,0.9323770491803278,0.48250265111346763,0.0,,,1.0,"equal_opportunity_gap,equalized_odds_gap,false_positive_rate_gap",1.0992080206051469
threshold_sensitivity,7007,10,joint_dirichlet_0.3,lenient,B3,2,5,2426,607,True,True,0.8270181219110379,0.5180827656083415,0.003824823101931534,0.12241224122412242,0.12241224122412242,0.16347020736005247,,1.2181249912828207
threshold_sensitivity,7007,10,joint_dirichlet_0.3,lenient,B3,2,6,4165,1042,True,True,0.9155470249520153,0.4890449125153238,0.012195121951219513,0.012195121951219513,,0.9805132113821138,"equalized_odds_gap,false_positive_rate_gap",1.6517079784534872
threshold_sensitivity,7007,10,joint_dirichlet_0.3,lenient,B3,2,7,76,20,True,False,0.95,0.48717948717948717,,,,,"comparison_groups,subgroup_accuracy_gap",0.5910829931963235
threshold_sensitivity,7007,10,joint_dirichlet_0.3,lenient,B3,2,8,1032,259,True,True,0.8223938223938224,0.451271186440678,0.0,,,0.27710843373493976,"equal_opportunity_gap,equalized_odds_gap",0.8724169747438282
threshold_sensitivity,7007,10,joint_dirichlet_0.3,lenient,B3,2,9,1955,489,True,True,0.9734151329243353,0.49326424870466323,0.0,0.0,0.0,0.025428497229916913,,1.1056670045945793
threshold_sensitivity,7007,10,joint_dirichlet_0.3,lenient,B3,3,0,1529,383,True,True,0.9738903394255874,0.5767020335985853,0.0448566166798211,0.125,0.125,0.3250460405156538,,1.0392909753136337
threshold_sensitivity,7007,10,joint_dirichlet_0.3,lenient,B3,3,1,936,235,False,False,,,,,,,,0.01808302477002144
threshold_sensitivity,7007,10,joint_dirichlet_0.3,lenient,B3,3,2,5542,1386,True,True,0.6507936507936508,0.6446665875652586,0.027728247150041074,0.14802631578947367,0.14802631578947367,0.25211868651453523,,2.0428750140126795
threshold_sensitivity,7007,10,joint_dirichlet_0.3,lenient,B3,3,3,894,224,True,False,0.7455357142857143,0.7316237519705728,0.5455082742316785,,,0.23699763593380607,"equal_opportunity_gap,equalized_odds_gap",0.828499993076548
threshold_sensitivity,7007,10,joint_dirichlet_0.3,lenient,B3,3,4,1949,488,True,True,0.9344262295081968,0.5124266267016361,0.030303030303030304,,,0.9696969696969697,"equal_opportunity_gap,equalized_odds_gap,false_positive_rate_gap",1.1172080121468753
threshold_sensitivity,7007,10,joint_dirichlet_0.3,lenient,B3,3,5,2426,607,True,True,0.8270181219110379,0.5250497417898102,6.830041253449298e-05,0.11251125112511251,0.11251125112511251,0.15517853727836517,,1.2271659797988832
threshold_sensitivity,7007,10,joint_dirichlet_0.3,lenient,B3,3,6,4165,1042,True,True,0.9165067178502879,0.5001516296047154,0.024390243902439025,0.024390243902439025,,0.9683180894308943,"equalized_odds_gap,false_positive_rate_gap",1.6662919952068478
threshold_sensitivity,7007,10,joint_dirichlet_0.3,lenient,B3,3,7,76,20,True,False,0.9,0.47368421052631576,,,,,"comparison_groups,subgroup_accuracy_gap",0.5844160041306168
threshold_sensitivity,7007,10,joint_dirichlet_0.3,lenient,B3,3,8,1032,259,True,True,0.8223938223938224,0.451271186440678,0.0,,,0.27710843373493976,"equal_opportunity_gap,equalized_odds_gap",0.8572920050937682
threshold_sensitivity,7007,10,joint_dirichlet_0.3,lenient,B3,3,9,1955,489,True,True,0.9734151329243353,0.49326424870466323,0.0,0.0,0.0,0.025428497229916913,,1.0982919775415212
threshold_sensitivity,7007,10,joint_dirichlet_0.3,lenient,B3,4,0,1529,383,True,True,0.9738903394255874,0.5767020335985853,0.0448566166798211,0.125,0.125,0.3250460405156538,,1.0650420153979212
threshold_sensitivity,7007,10,joint_dirichlet_0.3,lenient,B3,4,1,936,235,False,False,,,,,,,,0.01999997766688466
threshold_sensitivity,7007,10,joint_dirichlet_0.3,lenient,B3,4,2,5542,1386,True,True,0.6046176046176046,0.5877946115154923,0.010618476148498368,0.10657894736842105,0.10657894736842105,0.26021277022018313,,2.0639169961214066
threshold_sensitivity,7007,10,joint_dirichlet_0.3,lenient,B3,4,3,894,224,True,False,0.6473214285714286,0.6441942294159043,0.4521276595744681,,,0.42021276595744683,"equal_opportunity_gap,equalized_odds_gap",0.8166249899659306
threshold_sensitivity,7007,10,joint_dirichlet_0.3,lenient,B3,4,4,1949,488,True,True,0.9344262295081968,0.5124266267016361,0.030303030303030304,,,0.9696969696969697,"equal_opportunity_gap,equalized_odds_gap,false_positive_rate_gap",1.0950420110020787
threshold_sensitivity,7007,10,joint_dirichlet_0.3,lenient,B3,4,5,2426,607,True,True,0.8270181219110379,0.5250497417898102,6.830041253449298e-05,0.11251125112511251,0.11251125112511251,0.15517853727836517,,1.2180829944554716
threshold_sensitivity,7007,10,joint_dirichlet_0.3,lenient,B3,4,6,4165,1042,True,True,0.9174664107485605,0.5110223502706478,0.036585365853658534,0.036585365853658534,,0.9561229674796747,"equalized_odds_gap,false_positive_rate_gap",1.6368330107070506
threshold_sensitivity,7007,10,joint_dirichlet_0.3,lenient,B3,4,7,76,20,True,False,0.75,0.42857142857142855,,,,,"comparison_groups,subgroup_accuracy_gap",0.5870840104762465
threshold_sensitivity,7007,10,joint_dirichlet_0.3,lenient,B3,4,8,1032,259,True,True,0.8262548262548263,0.47350589510773816,0.006024096385542169,,,0.27108433734939763,"equal_opportunity_gap,equalized_odds_gap",0.8678339945618063
threshold_sensitivity,7007,10,joint_dirichlet_0.3,lenient,B3,4,9,1955,489,True,True,0.9734151329243353,0.49326424870466323,0.0,0.0,0.0,0.025428497229916913,,1.1125829769298434
threshold_sensitivity,7007,10,joint_dirichlet_0.3,lenient,B3,5,0,1529,383,True,True,0.9738903394255874,0.5767020335985853,0.0448566166798211,0.125,0.125,0.3250460405156538,,1.0302079899702221
threshold_sensitivity,7007,10,joint_dirichlet_0.3,lenient,B3,5,1,936,235,False,False,,,,,,,,0.01775001874193549
threshold_sensitivity,7007,10,joint_dirichlet_0.3,lenient,B3,5,2,5542,1386,True,True,0.5800865800865801,0.5548513986013985,0.02909061767475407,0.11644736842105263,0.11644736842105263,0.2905455492557049,,2.022291999310255
threshold_sensitivity,7007,10,joint_dirichlet_0.3,lenient,B3,5,3,894,224,True,False,0.5758928571428571,0.575681442045024,0.3670212765957447,,,0.5053191489361701,"equal_opportunity_gap,equalized_odds_gap",0.8199580188374966
threshold_sensitivity,7007,10,joint_dirichlet_0.3,lenient,B3,5,4,1949,488,True,True,0.9344262295081968,0.5124266267016361,0.030303030303030304,,,0.9696969696969697,"equal_opportunity_gap,equalized_odds_gap,false_positive_rate_gap",1.1197920248378068
threshold_sensitivity,7007,10,joint_dirichlet_0.3,lenient,B3,5,5,2426,607,True,True,0.8270181219110379,0.5250497417898102,6.830041253449298e-05,0.11251125112511251,0.11251125112511251,0.15517853727836517,,1.2354159844107926
threshold_sensitivity,7007,10,joint_dirichlet_0.3,lenient,B3,5,6,4165,1042,True,True,0.9165067178502879,0.5202349765817258,0.04669715447154472,0.04878048780487805,,0.9418445121951219,"equalized_odds_gap,false_positive_rate_gap",1.6707920003682375
threshold_sensitivity,7007,10,joint_dirichlet_0.3,lenient,B3,5,7,76,20,True,False,0.7,0.4117647058823529,,,,,"comparison_groups,subgroup_accuracy_gap",0.5815000040456653
threshold_sensitivity,7007,10,joint_dirichlet_0.3,lenient,B3,5,8,1032,259,True,True,0.8262548262548263,0.47350589510773816,0.006024096385542169,,,0.27108433734939763,"equal_opportunity_gap,equalized_odds_gap",0.8563750016037375
threshold_sensitivity,7007,10,joint_dirichlet_0.3,lenient,B3,5,9,1955,489,True,True,0.9734151329243353,0.49326424870466323,0.0,0.0,0.0,0.025428497229916913,,1.1079590185545385
threshold_sensitivity,7007,10,joint_dirichlet_0.3,submitted,B3,1,0,1529,383,True,True,0.9738903394255874,0.5767020335985853,0.0448566166798211,0.125,0.125,0.3250460405156538,,1.2284580152481794
threshold_sensitivity,7007,10,joint_dirichlet_0.3,submitted,B3,1,1,936,235,False,False,,,,,,,,0.023125001462176442
threshold_sensitivity,7007,10,joint_dirichlet_0.3,submitted,B3,1,2,5542,1386,True,True,0.715007215007215,0.6552601370093327,0.07607236591669508,0.010526315789473717,0.2536502546689303,0.2372728547672951,,2.1566660143435
threshold_sensitivity,7007,10,joint_dirichlet_0.3,submitted,B3,1,3,894,224,True,True,0.7544642857142857,0.5499543378995434,0.11761229314420796,,,0.7334515366430261,"equal_opportunity_gap,equalized_odds_gap",0.852083001518622
threshold_sensitivity,7007,10,joint_dirichlet_0.3,submitted,B3,1,4,1949,488,True,True,0.9323770491803278,0.48250265111346763,0.0,,,1.0,"equal_opportunity_gap,equalized_odds_gap,false_positive_rate_gap",1.1469580058474094
threshold_sensitivity,7007,10,joint_dirichlet_0.3,submitted,B3,1,5,2426,607,True,True,0.8253706754530478,0.502489793393542,0.002977897986503839,0.1422142214221422,0.1422142214221422,0.16573778105619752,,1.257125026313588
threshold_sensitivity,7007,10,joint_dirichlet_0.3,submitted,B3,1,6,4165,1042,True,True,0.9155470249520153,0.4890449125153238,0.012195121951219513,0.012195121951219513,,0.9805132113821138,"equalized_odds_gap,false_positive_rate_gap",1.7711250111460686
threshold_sensitivity,7007,10,joint_dirichlet_0.3,submitted,B3,1,7,76,20,True,False,0.95,0.48717948717948717,,,,,"comparison_groups,subgroup_accuracy_gap",0.6011660152580589
threshold_sensitivity,7007,10,joint_dirichlet_0.3,submitted,B3,1,8,1032,259,True,True,0.8223938223938224,0.451271186440678,0.0,,,0.27710843373493976,"equal_opportunity_gap,equalized_odds_gap",0.8990000060293823
threshold_sensitivity,7007,10,joint_dirichlet_0.3,submitted,B3,1,9,1955,489,True,True,0.9734151329243353,0.49326424870466323,0.0,0.0,0.0,0.025428497229916913,,1.1472920014057308
threshold_sensitivity,7007,10,joint_dirichlet_0.3,submitted,B3,2,0,1529,383,True,True,0.9738903394255874,0.5767020335985853,0.0448566166798211,0.125,0.125,0.3250460405156538,,1.0459579934831709
threshold_sensitivity,7007,10,joint_dirichlet_0.3,submitted,B3,2,1,936,235,False,False,,,,,,,,0.01979200169444084
threshold_sensitivity,7007,10,joint_dirichlet_0.3,submitted,B3,2,2,5542,1386,True,True,0.7337662337662337,0.7334597326331688,0.05864203714463162,0.24407894736842106,0.24407894736842106,0.2540620679983171,,2.0318749884609133
threshold_sensitivity,7007,10,joint_dirichlet_0.3,submitted,B3,2,3,894,224,True,False,0.8348214285714286,0.7883068120865367,0.601063829787234,,,0.10106382978723405,"equal_opportunity_gap,equalized_odds_gap",0.840499997138977
threshold_sensitivity,7007,10,joint_dirichlet_0.3,submitted,B3,2,4,1949,488,True,True,0.9323770491803278,0.48250265111346763,0.0,,,1.0,"equal_opportunity_gap,equalized_odds_gap,false_positive_rate_gap",1.1069590109400451
threshold_sensitivity,7007,10,joint_dirichlet_0.3,submitted,B3,2,5,2426,607,True,True,0.8270181219110379,0.5180827656083415,0.003824823101931534,0.12241224122412242,0.12241224122412242,0.16347020736005247,,1.220583013491705
threshold_sensitivity,7007,10,joint_dirichlet_0.3,submitted,B3,2,6,4165,1042,True,True,0.9155470249520153,0.4890449125153238,0.012195121951219513,0.012195121951219513,,0.9805132113821138,"equalized_odds_gap,false_positive_rate_gap",1.6582079988438636
threshold_sensitivity,7007,10,joint_dirichlet_0.3,submitted,B3,2,7,76,20,True,False,0.95,0.48717948717948717,,,,,"comparison_groups,subgroup_accuracy_gap",0.5922080017626286
threshold_sensitivity,7007,10,joint_dirichlet_0.3,submitted,B3,2,8,1032,259,True,True,0.8223938223938224,0.451271186440678,0.0,,,0.27710843373493976,"equal_opportunity_gap,equalized_odds_gap",0.8616669801995158
threshold_sensitivity,7007,10,joint_dirichlet_0.3,submitted,B3,2,9,1955,489,True,True,0.9734151329243353,0.49326424870466323,0.0,0.0,0.0,0.025428497229916913,,1.099250017432496
threshold_sensitivity,7007,10,joint_dirichlet_0.3,submitted,B3,3,0,1529,383,True,True,0.9738903394255874,0.5767020335985853,0.0448566166798211,0.125,0.125,0.3250460405156538,,1.0550410079304129
threshold_sensitivity,7007,10,joint_dirichlet_0.3,submitted,B3,3,1,936,235,False,False,,,,,,,,0.02045798464678228
threshold_sensitivity,7007,10,joint_dirichlet_0.3,submitted,B3,3,2,5542,1386,True,True,0.6507936507936508,0.6446665875652586,0.027728247150041074,0.14802631578947367,0.14802631578947367,0.25211868651453523,,2.028334012720734
threshold_sensitivity,7007,10,joint_dirichlet_0.3,submitted,B3,3,3,894,224,True,False,0.7455357142857143,0.7316237519705728,0.5455082742316785,,,0.23699763593380607,"equal_opportunity_gap,equalized_odds_gap",0.8211660024244338
threshold_sensitivity,7007,10,joint_dirichlet_0.3,submitted,B3,3,4,1949,488,True,True,0.9344262295081968,0.5124266267016361,0.030303030303030304,,,0.9696969696969697,"equal_opportunity_gap,equalized_odds_gap,false_positive_rate_gap",1.094915991416201
threshold_sensitivity,7007,10,joint_dirichlet_0.3,submitted,B3,3,5,2426,607,True,True,0.8270181219110379,0.5250497417898102,6.830041253449298e-05,0.11251125112511251,0.11251125112511251,0.15517853727836517,,1.2232080043759197
threshold_sensitivity,7007,10,joint_dirichlet_0.3,submitted,B3,3,6,4165,1042,True,True,0.9165067178502879,0.5001516296047154,0.024390243902439025,0.024390243902439025,,0.9683180894308943,"equalized_odds_gap,false_positive_rate_gap",1.64358300389722
threshold_sensitivity,7007,10,joint_dirichlet_0.3,submitted,B3,3,7,76,20,True,False,0.9,0.47368421052631576,,,,,"comparison_groups,subgroup_accuracy_gap",0.5878340161871165
threshold_sensitivity,7007,10,joint_dirichlet_0.3,submitted,B3,3,8,1032,259,True,True,0.8223938223938224,0.451271186440678,0.0,,,0.27710843373493976,"equal_opportunity_gap,equalized_odds_gap",0.8646249771118164
threshold_sensitivity,7007,10,joint_dirichlet_0.3,submitted,B3,3,9,1955,489,True,True,0.9734151329243353,0.49326424870466323,0.0,0.0,0.0,0.025428497229916913,,1.1063330166507512
threshold_sensitivity,7007,10,joint_dirichlet_0.3,submitted,B3,4,0,1529,383,True,True,0.9738903394255874,0.5767020335985853,0.0448566166798211,0.125,0.125,0.3250460405156538,,1.0476250026840717
threshold_sensitivity,7007,10,joint_dirichlet_0.3,submitted,B3,4,1,936,235,False,False,,,,,,,,0.019708997569978237
threshold_sensitivity,7007,10,joint_dirichlet_0.3,submitted,B3,4,2,5542,1386,True,False,0.6046176046176046,0.5877946115154923,0.010618476148498368,0.10657894736842105,0.10657894736842105,0.26021277022018313,,2.0042080141138285
threshold_sensitivity,7007,10,joint_dirichlet_0.3,submitted,B3,4,3,894,224,True,False,0.6473214285714286,0.6441942294159043,0.4521276595744681,,,0.42021276595744683,"equal_opportunity_gap,equalized_odds_gap",0.8253749983850867
threshold_sensitivity,7007,10,joint_dirichlet_0.3,submitted,B3,4,4,1949,488,True,True,0.9344262295081968,0.5124266267016361,0.030303030303030304,,,0.9696969696969697,"equal_opportunity_gap,equalized_odds_gap,false_positive_rate_gap",1.1046660074498504
threshold_sensitivity,7007,10,joint_dirichlet_0.3,submitted,B3,4,5,2426,607,True,True,0.8270181219110379,0.5250497417898102,6.830041253449298e-05,0.11251125112511251,0.11251125112511251,0.15517853727836517,,1.230291003594175
threshold_sensitivity,7007,10,joint_dirichlet_0.3,submitted,B3,4,6,4165,1042,True,True,0.9174664107485605,0.5110223502706478,0.036585365853658534,0.036585365853658534,,0.9561229674796747,"equalized_odds_gap,false_positive_rate_gap",1.688917021965608
threshold_sensitivity,7007,10,joint_dirichlet_0.3,submitted,B3,4,7,76,20,True,False,0.75,0.42857142857142855,,,,,"comparison_groups,subgroup_accuracy_gap",0.5846670246683061
threshold_sensitivity,7007,10,joint_dirichlet_0.3,submitted,B3,4,8,1032,259,True,True,0.8262548262548263,0.47350589510773816,0.006024096385542169,,,0.27108433734939763,"equal_opportunity_gap,equalized_odds_gap",0.8610830118414015
threshold_sensitivity,7007,10,joint_dirichlet_0.3,submitted,B3,4,9,1955,489,True,True,0.9734151329243353,0.49326424870466323,0.0,0.0,0.0,0.025428497229916913,,1.1494999926071614
threshold_sensitivity,7007,10,joint_dirichlet_0.3,submitted,B3,5,0,1529,383,True,True,0.9738903394255874,0.5767020335985853,0.0448566166798211,0.125,0.125,0.3250460405156538,,1.0990840091835707
threshold_sensitivity,7007,10,joint_dirichlet_0.3,submitted,B3,5,1,936,235,False,False,,,,,,,,0.0200409849639982
threshold_sensitivity,7007,10,joint_dirichlet_0.3,submitted,B3,5,2,5542,1386,True,False,0.525974025974026,0.4757480763750357,0.011239556828882252,0.06710526315789472,0.06710526315789472,0.29048544467373233,,2.0539170072879642
threshold_sensitivity,7007,10,joint_dirichlet_0.3,submitted,B3,5,3,894,224,True,False,0.5223214285714286,0.5215490567920951,0.2925531914893617,,,0.5691489361702128,"equal_opportunity_gap,equalized_odds_gap",0.8737499883864075
threshold_sensitivity,7007,10,joint_dirichlet_0.3,submitted,B3,5,4,1949,488,True,True,0.9323770491803278,0.48250265111346763,0.0,,,1.0,"equal_opportunity_gap,equalized_odds_gap,false_positive_rate_gap",1.2140840117353946
threshold_sensitivity,7007,10,joint_dirichlet_0.3,submitted,B3,5,5,2426,607,True,True,0.8270181219110379,0.5180827656083415,0.003824823101931534,0.12241224122412242,0.12241224122412242,0.16347020736005247,,1.2400000123307109
threshold_sensitivity,7007,10,joint_dirichlet_0.3,submitted,B3,5,6,4165,1042,True,True,0.9165067178502879,0.5001516296047154,0.024390243902439025,0.024390243902439025,,0.9683180894308943,"equalized_odds_gap,false_positive_rate_gap",1.6842919867485762
threshold_sensitivity,7007,10,joint_dirichlet_0.3,submitted,B3,5,7,76,20,True,False,0.65,0.3939393939393939,,,,,"comparison_groups,subgroup_accuracy_gap",0.5869169835932553
threshold_sensitivity,7007,10,joint_dirichlet_0.3,submitted,B3,5,8,1032,259,True,True,0.8223938223938224,0.451271186440678,0.0,,,0.27710843373493976,"equal_opportunity_gap,equalized_odds_gap",0.8695000142324716
threshold_sensitivity,7007,10,joint_dirichlet_0.3,submitted,B3,5,9,1955,489,True,True,0.9734151329243353,0.49326424870466323,0.0,0.0,0.0,0.025428497229916913,,1.12674999400042
threshold_sensitivity,7007,10,joint_dirichlet_0.3,moderate,B3,1,0,1529,383,True,True,0.9738903394255874,0.5767020335985853,0.0448566166798211,0.125,0.125,0.3250460405156538,,1.2552079861052334
threshold_sensitivity,7007,10,joint_dirichlet_0.3,moderate,B3,1,1,936,235,False,False,,,,,,,,0.02158299321308732
threshold_sensitivity,7007,10,joint_dirichlet_0.3,moderate,B3,1,2,5542,1386,True,True,0.715007215007215,0.6552601370093327,0.07607236591669508,0.010526315789473717,0.2536502546689303,0.2372728547672951,,2.2465419897343963
threshold_sensitivity,7007,10,joint_dirichlet_0.3,moderate,B3,1,3,894,224,True,False,0.7544642857142857,0.5499543378995434,0.11761229314420796,,,0.7334515366430261,"equal_opportunity_gap,equalized_odds_gap",0.9369589970447123
threshold_sensitivity,7007,10,joint_dirichlet_0.3,moderate,B3,1,4,1949,488,True,False,0.9323770491803278,0.48250265111346763,0.0,,,1.0,"equal_opportunity_gap,equalized_odds_gap,false_positive_rate_gap",1.4682079781778157
threshold_sensitivity,7007,10,joint_dirichlet_0.3,moderate,B3,1,5,2426,607,True,True,0.8253706754530478,0.502489793393542,0.002977897986503839,0.1422142214221422,0.1422142214221422,0.16573778105619752,,1.3828340161126107
threshold_sensitivity,7007,10,joint_dirichlet_0.3,moderate,B3,1,6,4165,1042,True,True,0.9155470249520153,0.4890449125153238,0.012195121951219513,0.012195121951219513,,0.9805132113821138,"equalized_odds_gap,false_positive_rate_gap",1.850667002145201
threshold_sensitivity,7007,10,joint_dirichlet_0.3,moderate,B3,1,7,76,20,True,False,0.95,0.48717948717948717,,,,,"comparison_groups,subgroup_accuracy_gap",0.6457499985117465
threshold_sensitivity,7007,10,joint_dirichlet_0.3,moderate,B3,1,8,1032,259,True,False,0.8223938223938224,0.451271186440678,0.0,,,0.27710843373493976,"equal_opportunity_gap,equalized_odds_gap",0.9033749811351299
threshold_sensitivity,7007,10,joint_dirichlet_0.3,moderate,B3,1,9,1955,489,True,True,0.9734151329243353,0.49326424870466323,0.0,0.0,0.0,0.025428497229916913,,1.1610410001594573
threshold_sensitivity,7007,10,joint_dirichlet_0.3,moderate,B3,2,0,1529,383,True,True,0.9738903394255874,0.5767020335985853,0.0448566166798211,0.125,0.125,0.3250460405156538,,1.0916669853031635
threshold_sensitivity,7007,10,joint_dirichlet_0.3,moderate,B3,2,1,936,235,False,False,,,,,,,,0.02158299321308732
threshold_sensitivity,7007,10,joint_dirichlet_0.3,moderate,B3,2,2,5542,1386,True,False,0.7294372294372294,0.7292645841613401,0.049746559012682046,0.23223684210526319,0.23223684210526319,0.24961432893234226,,2.1449580090120435
threshold_sensitivity,7007,10,joint_dirichlet_0.3,moderate,B3,2,3,894,224,True,False,0.8348214285714286,0.7905325144691283,0.5904255319148937,,,0.10106382978723405,"equal_opportunity_gap,equalized_odds_gap",0.8609579817857593
threshold_sensitivity,7007,10,joint_dirichlet_0.3,moderate,B3,2,4,1949,488,True,False,0.9323770491803278,0.48250265111346763,0.0,,,1.0,"equal_opportunity_gap,equalized_odds_gap,false_positive_rate_gap",1.1508330062497407
threshold_sensitivity,7007,10,joint_dirichlet_0.3,moderate,B3,2,5,2426,607,True,True,0.8270181219110379,0.5180827656083415,0.003824823101931534,0.12241224122412242,0.12241224122412242,0.16347020736005247,,1.3168749865144491
threshold_sensitivity,7007,10,joint_dirichlet_0.3,moderate,B3,2,6,4165,1042,True,True,0.9155470249520153,0.4890449125153238,0.012195121951219513,0.012195121951219513,,0.9805132113821138,"equalized_odds_gap,false_positive_rate_gap",1.9073339935857803
threshold_sensitivity,7007,10,joint_dirichlet_0.3,moderate,B3,2,7,76,20,True,False,0.95,0.48717948717948717,,,,,"comparison_groups,subgroup_accuracy_gap",0.6315000064205378
threshold_sensitivity,7007,10,joint_dirichlet_0.3,moderate,B3,2,8,1032,259,True,False,0.8223938223938224,0.451271186440678,0.0,,,0.27710843373493976,"equal_opportunity_gap,equalized_odds_gap",0.9072919783648103
threshold_sensitivity,7007,10,joint_dirichlet_0.3,moderate,B3,2,9,1955,489,True,True,0.9734151329243353,0.49326424870466323,0.0,0.0,0.0,0.025428497229916913,,1.1566659959498793
threshold_sensitivity,7007,10,joint_dirichlet_0.3,moderate,B3,3,0,1529,383,True,True,0.9738903394255874,0.5767020335985853,0.0448566166798211,0.125,0.125,0.3250460405156538,,1.0400000028312206
threshold_sensitivity,7007,10,joint_dirichlet_0.3,moderate,B3,3,1,936,235,False,False,,,,,,,,0.018999999156221747
threshold_sensitivity,7007,10,joint_dirichlet_0.3,moderate,B3,3,2,5542,1386,True,False,0.551948051948052,0.5144855144855145,0.011680323763348238,0.05460526315789474,0.05460526315789474,0.2616352453268687,,2.3082080006133765
threshold_sensitivity,7007,10,joint_dirichlet_0.3,moderate,B3,3,3,894,224,True,False,0.5982142857142857,0.5974119338605319,0.39361702127659576,,,0.4787234042553191,"equal_opportunity_gap,equalized_odds_gap",0.8868749719113111
threshold_sensitivity,7007,10,joint_dirichlet_0.3,moderate,B3,3,4,1949,488,True,False,0.9323770491803278,0.48250265111346763,0.0,,,1.0,"equal_opportunity_gap,equalized_odds_gap,false_positive_rate_gap",1.1490830220282078
threshold_sensitivity,7007,10,joint_dirichlet_0.3,moderate,B3,3,5,2426,607,True,True,0.8237232289950577,0.4939656717231922,0.00304619839903833,0.05130513051305131,0.05130513051305131,0.1597136846706554,,1.281999982893467
threshold_sensitivity,7007,10,joint_dirichlet_0.3,moderate,B3,3,6,4165,1042,True,True,0.9155470249520153,0.4890449125153238,0.012195121951219513,0.012195121951219513,,0.9805132113821138,"equalized_odds_gap,false_positive_rate_gap",1.715999998850748
threshold_sensitivity,7007,10,joint_dirichlet_0.3,moderate,B3,3,7,76,20,True,False,0.85,0.4594594594594595,,,,,"comparison_groups,subgroup_accuracy_gap",0.5999580025672913
threshold_sensitivity,7007,10,joint_dirichlet_0.3,moderate,B3,3,8,1032,259,True,False,0.8223938223938224,0.451271186440678,0.0,,,0.27710843373493976,"equal_opportunity_gap,equalized_odds_gap",0.8977499965112656
threshold_sensitivity,7007,10,joint_dirichlet_0.3,moderate,B3,3,9,1955,489,True,True,0.9734151329243353,0.49326424870466323,0.0,0.0,0.0,0.025428497229916913,,1.2977499864064157
threshold_sensitivity,7007,10,joint_dirichlet_0.3,moderate,B3,4,0,1529,383,True,True,0.9765013054830287,0.5849488260084287,0.047619047619047616,0.125,0.125,0.32780847145488035,,1.06637499993667
threshold_sensitivity,7007,10,joint_dirichlet_0.3,moderate,B3,4,1,936,235,False,False,,,,,,,,0.020292005501687527
threshold_sensitivity,7007,10,joint_dirichlet_0.3,moderate,B3,4,2,5542,1386,True,False,0.4884559884559885,0.4122745582373153,0.012882415402800884,0.01940789473684211,0.01940789473684211,0.2797066896399735,,2.1000409906264395
threshold_sensitivity,7007,10,joint_dirichlet_0.3,moderate,B3,4,3,894,224,True,False,0.45089285714285715,0.44279733856452363,0.19680851063829788,,,0.6542553191489362,"equal_opportunity_gap,equalized_odds_gap",0.9153330174740404
threshold_sensitivity,7007,10,joint_dirichlet_0.3,moderate,B3,4,4,1949,488,True,False,0.9323770491803278,0.48250265111346763,0.0,,,1.0,"equal_opportunity_gap,equalized_odds_gap,false_positive_rate_gap",1.1913749913219362
threshold_sensitivity,7007,10,joint_dirichlet_0.3,moderate,B3,4,5,2426,607,True,True,0.8220757825370676,0.4853024307518372,0.0007786247028932049,0.06120612061206121,0.06120612061206121,0.16198125836680055,,1.4427909918595105
threshold_sensitivity,7007,10,joint_dirichlet_0.3,moderate,B3,4,6,4165,1042,True,True,0.9155470249520153,0.4890449125153238,0.012195121951219513,0.012195121951219513,,0.9805132113821138,"equalized_odds_gap,false_positive_rate_gap",1.7731249972712249
threshold_sensitivity,7007,10,joint_dirichlet_0.3,moderate,B3,4,7,76,20,True,False,0.6,0.375,,,,,"comparison_groups,subgroup_accuracy_gap",0.6039169966243207
threshold_sensitivity,7007,10,joint_dirichlet_0.3,moderate,B3,4,8,1032,259,True,False,0.8223938223938224,0.451271186440678,0.0,,,0.27710843373493976,"equal_opportunity_gap,equalized_odds_gap",0.8957080135587603
threshold_sensitivity,7007,10,joint_dirichlet_0.3,moderate,B3,4,9,1955,489,True,True,0.9734151329243353,0.49326424870466323,0.0,0.0,0.0,0.025428497229916913,,1.1472500045783818
threshold_sensitivity,7007,10,joint_dirichlet_0.3,moderate,B3,5,0,1529,383,True,True,0.9765013054830287,0.5849488260084287,0.047619047619047616,0.125,0.125,0.32780847145488035,,1.2700000079348683
threshold_sensitivity,7007,10,joint_dirichlet_0.3,moderate,B3,5,1,936,235,False,False,,,,,,,,0.024124979972839355
threshold_sensitivity,7007,10,joint_dirichlet_0.3,moderate,B3,5,2,5542,1386,True,False,0.4653679653679654,0.3725813378524253,0.03808627010999139,0.024013157894736847,0.024013157894736847,0.2559854146214413,,2.2679580142721534
threshold_sensitivity,7007,10,joint_dirichlet_0.3,moderate,B3,5,3,894,224,True,False,0.41964285714285715,0.4059567523459812,0.1595744680851064,,,0.6914893617021276,"equal_opportunity_gap,equalized_odds_gap",0.9074590052478015
threshold_sensitivity,7007,10,joint_dirichlet_0.3,moderate,B3,5,4,1949,488,True,False,0.9323770491803278,0.48250265111346763,0.0,,,1.0,"equal_opportunity_gap,equalized_odds_gap,false_positive_rate_gap",1.1424999975133687
threshold_sensitivity,7007,10,joint_dirichlet_0.3,moderate,B3,5,5,2426,607,True,True,0.8204283360790774,0.4764964196700558,0.0014889489932519194,0.0711071107110711,0.0711071107110711,0.16424883206294572,,1.2880839931312948
threshold_sensitivity,7007,10,joint_dirichlet_0.3,moderate,B3,5,6,4165,1042,True,True,0.9155470249520153,0.4890449125153238,0.012195121951219513,0.012195121951219513,,0.9805132113821138,"equalized_odds_gap,false_positive_rate_gap",1.7728329985402524
threshold_sensitivity,7007,10,joint_dirichlet_0.3,moderate,B3,5,7,76,20,True,False,0.5,0.3333333333333333,,,,,"comparison_groups,subgroup_accuracy_gap",0.696749979397282
threshold_sensitivity,7007,10,joint_dirichlet_0.3,moderate,B3,5,8,1032,259,True,False,0.8223938223938224,0.451271186440678,0.0,,,0.27710843373493976,"equal_opportunity_gap,equalized_odds_gap",1.2527919898275286
threshold_sensitivity,7007,10,joint_dirichlet_0.3,moderate,B3,5,9,1955,489,True,True,0.9734151329243353,0.49326424870466323,0.0,0.0,0.0,0.025428497229916913,,1.2613339931704104
threshold_sensitivity,7007,10,joint_dirichlet_0.3,strict,B3,1,0,1529,383,True,False,0.9738903394255874,0.5767020335985853,0.0448566166798211,0.125,0.125,0.3250460405156538,,1.2007080076728016
threshold_sensitivity,7007,10,joint_dirichlet_0.3,strict,B3,1,1,936,235,False,False,,,,,,,,0.021500018192455173
threshold_sensitivity,7007,10,joint_dirichlet_0.3,strict,B3,1,2,5542,1386,True,False,0.715007215007215,0.6552601370093327,0.07607236591669508,0.010526315789473717,0.2536502546689303,0.2372728547672951,,2.2412079852074385
threshold_sensitivity,7007,10,joint_dirichlet_0.3,strict,B3,1,3,894,224,True,False,0.7544642857142857,0.5499543378995434,0.11761229314420796,,,0.7334515366430261,"equal_opportunity_gap,equalized_odds_gap",0.8739999902900308
threshold_sensitivity,7007,10,joint_dirichlet_0.3,strict,B3,1,4,1949,488,True,False,0.9323770491803278,0.48250265111346763,0.0,,,1.0,"equal_opportunity_gap,equalized_odds_gap,false_positive_rate_gap",1.1782080109696835
threshold_sensitivity,7007,10,joint_dirichlet_0.3,strict,B3,1,5,2426,607,True,False,0.8253706754530478,0.502489793393542,0.002977897986503839,0.1422142214221422,0.1422142214221422,0.16573778105619752,,1.278374984394759
threshold_sensitivity,7007,10,joint_dirichlet_0.3,strict,B3,1,6,4165,1042,True,False,0.9155470249520153,0.4890449125153238,0.012195121951219513,0.012195121951219513,,0.9805132113821138,"equalized_odds_gap,false_positive_rate_gap",1.7587500042282045
threshold_sensitivity,7007,10,joint_dirichlet_0.3,strict,B3,1,7,76,20,True,False,0.95,0.48717948717948717,,,,,"comparison_groups,subgroup_accuracy_gap",0.6130840047262609
threshold_sensitivity,7007,10,joint_dirichlet_0.3,strict,B3,1,8,1032,259,True,False,0.8223938223938224,0.451271186440678,0.0,,,0.27710843373493976,"equal_opportunity_gap,equalized_odds_gap",0.8959580154623836
threshold_sensitivity,7007,10,joint_dirichlet_0.3,strict,B3,1,9,1955,489,True,True,0.9734151329243353,0.49326424870466323,0.0,0.0,0.0,0.025428497229916913,,1.1499169922899455
threshold_sensitivity,7007,10,joint_dirichlet_0.3,strict,B3,2,0,1529,383,True,False,0.9738903394255874,0.4933862433862434,0.0,0.0,0.0,0.3754275190739279,,1.0870829864870757
threshold_sensitivity,7007,10,joint_dirichlet_0.3,strict,B3,2,1,936,235,False,False,,,,,,,,0.021916988771408796
threshold_sensitivity,7007,10,joint_dirichlet_0.3,strict,B3,2,2,5542,1386,True,False,0.5613275613275613,0.5292119565217391,0.03313765952757797,0.11085526315789473,0.11085526315789473,0.2990403301745036,,2.035542012890801
threshold_sensitivity,7007,10,joint_dirichlet_0.3,strict,B3,2,3,894,224,True,False,0.7321428571428571,0.7213930348258706,0.574468085106383,,,0.3191489361702128,"equal_opportunity_gap,equalized_odds_gap",0.8312080171890557
threshold_sensitivity,7007,10,joint_dirichlet_0.3,strict,B3,2,4,1949,488,True,False,0.9323770491803278,0.48250265111346763,0.0,,,1.0,"equal_opportunity_gap,equalized_odds_gap,false_positive_rate_gap",1.114374987082556
threshold_sensitivity,7007,10,joint_dirichlet_0.3,strict,B3,2,5,2426,607,True,False,0.8171334431630972,0.45844083817607484,0.0022675736961451248,0.009900990099009901,0.009900990099009901,0.16049230937354853,,1.2353330093901604
threshold_sensitivity,7007,10,joint_dirichlet_0.3,strict,B3,2,6,4165,1042,True,False,0.9155470249520153,0.4890449125153238,0.012195121951219513,0.012195121951219513,,0.9805132113821138,"equalized_odds_gap,false_positive_rate_gap",1.6964999958872795
threshold_sensitivity,7007,10,joint_dirichlet_0.3,strict,B3,2,7,76,20,True,False,0.9,0.47368421052631576,,,,,"comparison_groups,subgroup_accuracy_gap",0.5997910047881305
threshold_sensitivity,7007,10,joint_dirichlet_0.3,strict,B3,2,8,1032,259,True,False,0.8223938223938224,0.451271186440678,0.0,,,0.27710843373493976,"equal_opportunity_gap,equalized_odds_gap",0.8775419846642762
threshold_sensitivity,7007,10,joint_dirichlet_0.3,strict,B3,2,9,1955,489,True,True,0.9734151329243353,0.49326424870466323,0.0,0.0,0.0,0.025428497229916913,,1.1109169863630086
threshold_sensitivity,7007,10,joint_dirichlet_0.3,strict,B3,3,0,1529,383,True,False,0.9738903394255874,0.4933862433862434,0.0,0.0,0.0,0.3754275190739279,,1.0360419983044267
threshold_sensitivity,7007,10,joint_dirichlet_0.3,strict,B3,3,1,936,235,False,False,,,,,,,,0.018542021280154586
threshold_sensitivity,7007,10,joint_dirichlet_0.3,strict,B3,3,2,5542,1386,True,False,0.46825396825396826,0.37838342764748517,0.033638531044016595,0.017434210526315788,0.017434210526315788,0.2589505739987578,,2.0404579991009086
threshold_sensitivity,7007,10,joint_dirichlet_0.3,strict,B3,3,3,894,224,True,False,0.44642857142857145,0.43764172335600904,0.19148936170212766,,,0.6595744680851063,"equal_opportunity_gap,equalized_odds_gap",0.8377909834962338
threshold_sensitivity,7007,10,joint_dirichlet_0.3,strict,B3,3,4,1949,488,True,False,0.9323770491803278,0.48250265111346763,0.0,,,1.0,"equal_opportunity_gap,equalized_odds_gap,false_positive_rate_gap",1.1186249903403223
threshold_sensitivity,7007,10,joint_dirichlet_0.3,strict,B3,3,5,2426,607,True,False,0.8171334431630972,0.45844083817607484,0.0022675736961451248,0.009900990099009901,0.009900990099009901,0.16049230937354853,,1.2387500028125942
threshold_sensitivity,7007,10,joint_dirichlet_0.3,strict,B3,3,6,4165,1042,True,False,0.9155470249520153,0.4890449125153238,0.012195121951219513,0.012195121951219513,,0.9805132113821138,"equalized_odds_gap,false_positive_rate_gap",1.6662919952068478
threshold_sensitivity,7007,10,joint_dirichlet_0.3,strict,B3,3,7,76,20,True,False,0.65,0.3939393939393939,,,,,"comparison_groups,subgroup_accuracy_gap",0.597625010414049
threshold_sensitivity,7007,10,joint_dirichlet_0.3,strict,B3,3,8,1032,259,True,False,0.8223938223938224,0.451271186440678,0.0,,,0.27710843373493976,"equal_opportunity_gap,equalized_odds_gap",0.8701250189915299
threshold_sensitivity,7007,10,joint_dirichlet_0.3,strict,B3,3,9,1955,489,True,True,0.9734151329243353,0.49326424870466323,0.0,0.0,0.0,0.025428497229916913,,1.1219169828109443
threshold_sensitivity,7007,10,joint_dirichlet_0.3,strict,B3,4,0,1529,383,True,False,0.9738903394255874,0.4933862433862434,0.0,0.0,0.0,0.3754275190739279,,1.0687910253182054
threshold_sensitivity,7007,10,joint_dirichlet_0.3,strict,B3,4,1,936,235,False,False,,,,,,,,0.02037500962615013
threshold_sensitivity,7007,10,joint_dirichlet_0.3,strict,B3,4,2,5542,1386,True,False,0.4538239538239538,0.3495220930816487,0.026626329813876148,0.016447368421052634,0.016447368421052634,0.27189309398353134,,2.014583005802706
threshold_sensitivity,7007,10,joint_dirichlet_0.3,strict,B3,4,3,894,224,True,False,0.3794642857142857,0.35572247397934903,0.11170212765957446,,,0.7393617021276595,"equal_opportunity_gap,equalized_odds_gap",0.8289999968837947
threshold_sensitivity,7007,10,joint_dirichlet_0.3,strict,B3,4,4,1949,488,True,False,0.9323770491803278,0.48250265111346763,0.0,,,1.0,"equal_opportunity_gap,equalized_odds_gap,false_positive_rate_gap",1.1116249952465296
threshold_sensitivity,7007,10,joint_dirichlet_0.3,strict,B3,4,5,2426,607,True,False,0.8171334431630972,0.45844083817607484,0.0022675736961451248,0.009900990099009901,0.009900990099009901,0.16049230937354853,,1.2357089726720005
threshold_sensitivity,7007,10,joint_dirichlet_0.3,strict,B3,4,6,4165,1042,True,False,0.9155470249520153,0.4890449125153238,0.012195121951219513,0.012195121951219513,,0.9805132113821138,"equalized_odds_gap,false_positive_rate_gap",1.6945420065894723
threshold_sensitivity,7007,10,joint_dirichlet_0.3,strict,B3,4,7,76,20,True,False,0.4,0.34065934065934067,,,,,"comparison_groups,subgroup_accuracy_gap",0.5992089863866568
threshold_sensitivity,7007,10,joint_dirichlet_0.3,strict,B3,4,8,1032,259,True,False,0.8223938223938224,0.451271186440678,0.0,,,0.27710843373493976,"equal_opportunity_gap,equalized_odds_gap",0.874458986800164
threshold_sensitivity,7007,10,joint_dirichlet_0.3,strict,B3,4,9,1955,489,True,True,0.9734151329243353,0.49326424870466323,0.0,0.0,0.0,0.025428497229916913,,1.1145839816890657
threshold_sensitivity,7007,10,joint_dirichlet_0.3,strict,B3,5,0,1529,383,True,False,0.9738903394255874,0.4933862433862434,0.0,0.0,0.0,0.3754275190739279,,1.0647080198395997
threshold_sensitivity,7007,10,joint_dirichlet_0.3,strict,B3,5,1,936,235,False,False,,,,,,,,0.020082981791347265
threshold_sensitivity,7007,10,joint_dirichlet_0.3,strict,B3,5,2,5542,1386,True,False,0.4458874458874459,0.3349860055977609,0.034780518101496606,0.030921052631578946,0.030921052631578946,0.26373890569591085,,2.0354160224087536
threshold_sensitivity,7007,10,joint_dirichlet_0.3,strict,B3,5,3,894,224,True,False,0.35714285714285715,0.3262032085561497,0.0851063829787234,,,0.7659574468085106,"equal_opportunity_gap,equalized_odds_gap",0.8274159918073565
threshold_sensitivity,7007,10,joint_dirichlet_0.3,strict,B3,5,4,1949,488,True,False,0.9323770491803278,0.48250265111346763,0.0,,,1.0,"equal_opportunity_gap,equalized_odds_gap,false_positive_rate_gap",1.1163750023115426
threshold_sensitivity,7007,10,joint_dirichlet_0.3,strict,B3,5,5,2426,607,True,False,0.8171334431630972,0.45844083817607484,0.0022675736961451248,0.009900990099009901,0.009900990099009901,0.16049230937354853,,1.2413749936968088
threshold_sensitivity,7007,10,joint_dirichlet_0.3,strict,B3,5,6,4165,1042,True,False,0.9155470249520153,0.4890449125153238,0.012195121951219513,0.012195121951219513,,0.9805132113821138,"equalized_odds_gap,false_positive_rate_gap",1.6690409975126386
threshold_sensitivity,7007,10,joint_dirichlet_0.3,strict,B3,5,7,76,20,True,False,0.15,0.14786967418546365,,,,,"comparison_groups,subgroup_accuracy_gap",0.5956249951850623
threshold_sensitivity,7007,10,joint_dirichlet_0.3,strict,B3,5,8,1032,259,True,False,0.8223938223938224,0.451271186440678,0.0,,,0.27710843373493976,"equal_opportunity_gap,equalized_odds_gap",0.8797500049695373
threshold_sensitivity,7007,10,joint_dirichlet_0.3,strict,B3,5,9,1955,489,True,True,0.9734151329243353,0.49326424870466323,0.0,0.0,0.0,0.025428497229916913,,1.1366670078132302
threshold_sensitivity,7008,10,joint_dirichlet_0.3,lenient,B3,1,0,995,249,True,False,0.7429718875502008,0.49209586945436,,,,,"comparison_groups,subgroup_accuracy_gap",1.0803749901242554
threshold_sensitivity,7008,10,joint_dirichlet_0.3,lenient,B3,1,1,235,59,True,False,0.9661016949152542,0.49137931034482757,,,,,"comparison_groups,subgroup_accuracy_gap",0.6984589854255319
threshold_sensitivity,7008,10,joint_dirichlet_0.3,lenient,B3,1,2,948,238,True,True,0.8235294117647058,0.5307042253521127,0.0901360544217687,0.10526315789473684,0.10526315789473684,0.7687074829931972,,0.883875007275492
threshold_sensitivity,7008,10,joint_dirichlet_0.3,lenient,B3,1,3,9072,2269,True,True,0.9735566328779198,0.4933005806163466,0.0,0.0,0.0,0.20550327332242224,,3.070207982091233
threshold_sensitivity,7008,10,joint_dirichlet_0.3,lenient,B3,1,4,2652,664,True,True,0.9096385542168675,0.5075158227848101,0.030303030303030276,0.0,0.07692307692307687,0.3034356947400426,,1.728750008624047
threshold_sensitivity,7008,10,joint_dirichlet_0.3,lenient,B3,1,5,55,14,False,False,,,,,,,,0.015541998436674476
threshold_sensitivity,7008,10,joint_dirichlet_0.3,lenient,B3,1,6,1155,289,True,False,0.8650519031141869,0.8637731607382428,0.6917843257622264,0.1985046728971962,0.891025641025641,0.008491917331696297,,0.9754160128068179
threshold_sensitivity,7008,10,joint_dirichlet_0.3,lenient,B3,1,7,2489,623,True,True,0.8314606741573034,0.47217448137299994,0.0033003300330033004,,,0.1732673267326733,"equal_opportunity_gap,equalized_odds_gap",1.3109999999869615
threshold_sensitivity,7008,10,joint_dirichlet_0.3,lenient,B3,1,8,972,243,True,True,0.757201646090535,0.6917105687560478,0.34639104613978977,0.0,0.1149373881932022,0.36957514846962086,,0.8663339831400663
threshold_sensitivity,7008,10,joint_dirichlet_0.3,lenient,B3,1,9,1932,484,True,False,0.9979338842975206,0.49948293691830403,,,,,"comparison_groups,subgroup_accuracy_gap",1.1449159937910736
threshold_sensitivity,7008,10,joint_dirichlet_0.3,lenient,B3,2,0,995,249,True,False,0.8112449799196787,0.7489973190348526,,,,,"comparison_groups,subgroup_accuracy_gap",1.164042012533173
threshold_sensitivity,7008,10,joint_dirichlet_0.3,lenient,B3,2,1,235,59,True,False,0.9661016949152542,0.49137931034482757,,,,,"comparison_groups,subgroup_accuracy_gap",0.7095829932950437
threshold_sensitivity,7008,10,joint_dirichlet_0.3,lenient,B3,2,2,948,238,True,True,0.819327731092437,0.5108732017397123,0.06632653061224489,0.07894736842105263,0.07894736842105263,0.7925170068027211,,0.8778749906923622
threshold_sensitivity,7008,10,joint_dirichlet_0.3,lenient,B3,2,3,9072,2269,True,True,0.9735566328779198,0.4933005806163466,0.0,0.0,0.0,0.20550327332242224,,2.870208991225809
threshold_sensitivity,7008,10,joint_dirichlet_0.3,lenient,B3,2,4,2652,664,True,True,0.9322289156626506,0.7345580854069131,0.1870376000810784,0.016103202846975084,0.2222222222222222,0.16028174723826905,,1.3432079867925495
threshold_sensitivity,7008,10,joint_dirichlet_0.3,lenient,B3,2,5,55,14,False,False,,,,,,,,0.012917007552459836
threshold_sensitivity,7008,10,joint_dirichlet_0.3,lenient,B3,2,6,1155,289,True,False,0.7335640138408305,0.6956521739130435,0.3614180478821363,0.02056074766355137,0.02056074766355137,0.4912011458972785,,0.9394160006195307
threshold_sensitivity,7008,10,joint_dirichlet_0.3,lenient,B3,2,7,2489,623,True,True,0.8314606741573034,0.47217448137299994,0.0033003300330033004,,,0.1732673267326733,"equal_opportunity_gap,equalized_odds_gap",1.422084023943171
threshold_sensitivity,7008,10,joint_dirichlet_0.3,lenient,B3,2,8,972,243,True,False,0.7777777777777778,0.7761056511056511,0.47190497944266785,0.7142857142857143,0.7142857142857143,0.13259479214253078,,0.8867910073604435
threshold_sensitivity,7008,10,joint_dirichlet_0.3,lenient,B3,2,9,1932,484,True,False,0.9979338842975206,0.49948293691830403,,,,,"comparison_groups,subgroup_accuracy_gap",1.1257909936830401
threshold_sensitivity,7008,10,joint_dirichlet_0.3,lenient,B3,3,0,995,249,True,False,0.6586345381526104,0.6417872556486418,,,,,"comparison_groups,subgroup_accuracy_gap",0.8717919990886003
threshold_sensitivity,7008,10,joint_dirichlet_0.3,lenient,B3,3,1,235,59,True,False,0.9661016949152542,0.49137931034482757,,,,,"comparison_groups,subgroup_accuracy_gap",0.6410840142052621
threshold_sensitivity,7008,10,joint_dirichlet_0.3,lenient,B3,3,2,948,238,True,True,0.819327731092437,0.5108732017397123,0.06632653061224489,0.07894736842105263,0.07894736842105263,0.7925170068027211,,0.8527919999323785
threshold_sensitivity,7008,10,joint_dirichlet_0.3,lenient,B3,3,3,9072,2269,True,True,0.9735566328779198,0.4933005806163466,0.0,0.0,0.0,0.20550327332242224,,3.1414580007549375
threshold_sensitivity,7008,10,joint_dirichlet_0.3,lenient,B3,3,4,2652,664,True,False,0.8644578313253012,0.7160991182730314,0.3679943245160636,0.13434163701067614,0.2841880341880342,0.05138339920948609,,1.3853329874109477
threshold_sensitivity,7008,10,joint_dirichlet_0.3,lenient,B3,3,5,55,14,False,False,,,,,,,,0.013834011042490602
threshold_sensitivity,7008,10,joint_dirichlet_0.3,lenient,B3,3,6,1155,289,True,True,0.6505190311418685,0.5684973020918028,0.22790055248618785,0.09233644859813081,0.09233644859813081,0.6247186412932269,,0.9455409890506417
threshold_sensitivity,7008,10,joint_dirichlet_0.3,lenient,B3,3,7,2489,623,True,True,0.8314606741573034,0.47217448137299994,0.0033003300330033004,,,0.1732673267326733,"equal_opportunity_gap,equalized_odds_gap",1.2852920044679195
threshold_sensitivity,7008,10,joint_dirichlet_0.3,lenient,B3,3,8,972,243,True,True,0.6502057613168725,0.6482758620689655,0.3036774783005939,0.47619047619047616,0.47619047619047616,0.31612608497030603,,0.8600000001024455
threshold_sensitivity,7008,10,joint_dirichlet_0.3,lenient,B3,3,9,1932,484,True,False,0.9979338842975206,0.49948293691830403,,,,,"comparison_groups,subgroup_accuracy_gap",1.1543750006239861
threshold_sensitivity,7008,10,joint_dirichlet_0.3,lenient,B3,4,0,995,249,True,False,0.5381526104417671,0.537077452834764,,,,,"comparison_groups,subgroup_accuracy_gap",0.8917079831007868
threshold_sensitivity,7008,10,joint_dirichlet_0.3,lenient,B3,4,1,235,59,True,False,0.9661016949152542,0.49137931034482757,,,,,"comparison_groups,subgroup_accuracy_gap",0.6550420075654984
threshold_sensitivity,7008,10,joint_dirichlet_0.3,lenient,B3,4,2,948,238,True,True,0.819327731092437,0.5108732017397123,0.06632653061224489,0.07894736842105263,0.07894736842105263,0.7925170068027211,,0.8447080035693944
threshold_sensitivity,7008,10,joint_dirichlet_0.3,lenient,B3,4,3,9072,2269,True,True,0.9735566328779198,0.4933005806163466,0.0,0.0,0.0,0.20550327332242224,,2.7861660055350512
threshold_sensitivity,7008,10,joint_dirichlet_0.3,lenient,B3,4,4,2652,664,True,True,0.625,0.5230421725847909,0.21328671328671323,0.000355871886120962,0.2222222222222222,0.1472078645991689,,1.3768330099992454
threshold_sensitivity,7008,10,joint_dirichlet_0.3,lenient,B3,4,5,55,14,False,False,,,,,,,,0.03166601527482271
threshold_sensitivity,7008,10,joint_dirichlet_0.3,lenient,B3,4,6,1155,289,True,True,0.5882352941176471,0.4522417774946245,0.10558624923265807,0.07214953271028038,0.07214953271028038,0.7470329445467567,,1.0919579945039004
threshold_sensitivity,7008,10,joint_dirichlet_0.3,lenient,B3,4,7,2489,623,True,True,0.8314606741573034,0.47217448137299994,0.0033003300330033004,,,0.1732673267326733,"equal_opportunity_gap,equalized_odds_gap",1.3222920242697
threshold_sensitivity,7008,10,joint_dirichlet_0.3,lenient,B3,4,8,972,243,True,False,0.5185185185185185,0.487258561921766,0.17587939698492464,0.22448979591836735,0.22448979591836735,0.560187300137049,,0.8727499807719141
threshold_sensitivity,7008,10,joint_dirichlet_0.3,lenient,B3,4,9,1932,484,True,False,0.9979338842975206,0.49948293691830403,,,,,"comparison_groups,subgroup_accuracy_gap",1.141957996878773
threshold_sensitivity,7008,10,joint_dirichlet_0.3,lenient,B3,5,0,995,249,True,False,0.5220883534136547,0.5219649915302089,,,,,"comparison_groups,subgroup_accuracy_gap",0.8864580013323575
threshold_sensitivity,7008,10,joint_dirichlet_0.3,lenient,B3,5,1,235,59,True,False,0.9661016949152542,0.49137931034482757,,,,,"comparison_groups,subgroup_accuracy_gap",0.6520419847220182
threshold_sensitivity,7008,10,joint_dirichlet_0.3,lenient,B3,5,2,948,238,True,True,0.819327731092437,0.5108732017397123,0.06632653061224489,0.07894736842105263,0.07894736842105263,0.7925170068027211,,0.9868750057648867
threshold_sensitivity,7008,10,joint_dirichlet_0.3,lenient,B3,5,3,9072,2269,True,True,0.9731159100925518,0.49318740227831137,0.0004432624113475177,0.0,0.00045475216007276033,0.20506001091107473,,2.836208004737273
threshold_sensitivity,7008,10,joint_dirichlet_0.3,lenient,B3,5,4,2652,664,True,True,0.5707831325301205,0.48799671001902023,0.18004459308807136,0.014412811387900404,0.16666666666666666,0.1737610215871086,,1.3275000092107803
threshold_sensitivity,7008,10,joint_dirichlet_0.3,lenient,B3,5,5,55,14,False,False,,,,,,,,0.012999982573091984
threshold_sensitivity,7008,10,joint_dirichlet_0.3,lenient,B3,5,6,1155,289,True,True,0.5882352941176471,0.4522417774946245,0.10558624923265807,0.07214953271028038,0.07214953271028038,0.7470329445467567,,0.9158340108115226
threshold_sensitivity,7008,10,joint_dirichlet_0.3,lenient,B3,5,7,2489,623,True,True,0.8314606741573034,0.47217448137299994,0.0033003300330033004,,,0.1732673267326733,"equal_opportunity_gap,equalized_odds_gap",1.272666995646432
threshold_sensitivity,7008,10,joint_dirichlet_0.3,lenient,B3,5,8,972,243,True,False,0.5061728395061729,0.46811615350941194,0.1507537688442211,0.19727891156462585,0.19727891156462585,0.575262677021471,,0.853459001518786
threshold_sensitivity,7008,10,joint_dirichlet_0.3,lenient,B3,5,9,1932,484,True,False,0.9979338842975206,0.49948293691830403,,,,,"comparison_groups,subgroup_accuracy_gap",1.2512079847510904
threshold_sensitivity,7008,10,joint_dirichlet_0.3,submitted,B3,1,0,995,249,True,False,0.7429718875502008,0.49209586945436,,,,,"comparison_groups,subgroup_accuracy_gap",1.0333340032957494
threshold_sensitivity,7008,10,joint_dirichlet_0.3,submitted,B3,1,1,235,59,True,False,0.9661016949152542,0.49137931034482757,,,,,"comparison_groups,subgroup_accuracy_gap",0.6867909978609532
threshold_sensitivity,7008,10,joint_dirichlet_0.3,submitted,B3,1,2,948,238,True,True,0.8235294117647058,0.5307042253521127,0.0901360544217687,0.10526315789473684,0.10526315789473684,0.7687074829931972,,0.8705829968675971
threshold_sensitivity,7008,10,joint_dirichlet_0.3,submitted,B3,1,3,9072,2269,True,True,0.9735566328779198,0.4933005806163466,0.0,0.0,0.0,0.20550327332242224,,3.1984170200303197
threshold_sensitivity,7008,10,joint_dirichlet_0.3,submitted,B3,1,4,2652,664,True,True,0.9096385542168675,0.5075158227848101,0.030303030303030276,0.0,0.07692307692307687,0.3034356947400426,,1.4144579763524234
threshold_sensitivity,7008,10,joint_dirichlet_0.3,submitted,B3,1,5,55,14,False,False,,,,,,,,0.01387501833960414
threshold_sensitivity,7008,10,joint_dirichlet_0.3,submitted,B3,1,6,1155,289,True,False,0.8650519031141869,0.8637731607382428,0.6917843257622264,0.1985046728971962,0.891025641025641,0.008491917331696297,,0.9484999754931778
threshold_sensitivity,7008,10,joint_dirichlet_0.3,submitted,B3,1,7,2489,623,True,True,0.8314606741573034,0.47217448137299994,0.0033003300330033004,,,0.1732673267326733,"equal_opportunity_gap,equalized_odds_gap",1.296834001550451
threshold_sensitivity,7008,10,joint_dirichlet_0.3,submitted,B3,1,8,972,243,True,False,0.757201646090535,0.6917105687560478,0.34639104613978977,0.0,0.1149373881932022,0.36957514846962086,,0.8559580019209534
threshold_sensitivity,7008,10,joint_dirichlet_0.3,submitted,B3,1,9,1932,484,True,False,0.9979338842975206,0.49948293691830403,,,,,"comparison_groups,subgroup_accuracy_gap",1.1469590244814754
threshold_sensitivity,7008,10,joint_dirichlet_0.3,submitted,B3,2,0,995,249,True,False,0.7911646586345381,0.7319920516641828,,,,,"comparison_groups,subgroup_accuracy_gap",0.9011249931063503
threshold_sensitivity,7008,10,joint_dirichlet_0.3,submitted,B3,2,1,235,59,True,False,0.9661016949152542,0.49137931034482757,,,,,"comparison_groups,subgroup_accuracy_gap",0.6561249902006239
threshold_sensitivity,7008,10,joint_dirichlet_0.3,submitted,B3,2,2,948,238,True,True,0.819327731092437,0.5108732017397123,0.06632653061224489,0.07894736842105263,0.07894736842105263,0.7925170068027211,,0.8536250097677112
threshold_sensitivity,7008,10,joint_dirichlet_0.3,submitted,B3,2,3,9072,2269,True,True,0.9735566328779198,0.4933005806163466,0.0,0.0,0.0,0.20550327332242224,,2.7759169752243906
threshold_sensitivity,7008,10,joint_dirichlet_0.3,submitted,B3,2,4,2652,664,True,True,0.9307228915662651,0.7313915857605178,0.1853653592784028,0.014323843416370163,0.2222222222222222,0.15860950643559346,,1.350167003693059
threshold_sensitivity,7008,10,joint_dirichlet_0.3,submitted,B3,2,5,55,14,False,False,,,,,,,,0.013457989552989602
threshold_sensitivity,7008,10,joint_dirichlet_0.3,submitted,B3,2,6,1155,289,True,False,0.71280276816609,0.6661842270064156,0.320646613464293,0.013831775700934579,0.013831775700934579,0.5319725803151217,,1.1430000013206154
threshold_sensitivity,7008,10,joint_dirichlet_0.3,submitted,B3,2,7,2489,623,True,True,0.8314606741573034,0.47217448137299994,0.0033003300330033004,,,0.1732673267326733,"equal_opportunity_gap,equalized_odds_gap",1.303791010286659
threshold_sensitivity,7008,10,joint_dirichlet_0.3,submitted,B3,2,8,972,243,True,False,0.7695473251028807,0.7686658506731946,0.4417542256738236,0.6870748299319728,0.6870748299319728,0.14264504339881223,,0.8640829764772207
threshold_sensitivity,7008,10,joint_dirichlet_0.3,submitted,B3,2,9,1932,484,True,False,0.9979338842975206,0.49948293691830403,,,,,"comparison_groups,subgroup_accuracy_gap",1.1207080096937716
threshold_sensitivity,7008,10,joint_dirichlet_0.3,submitted,B3,3,0,995,249,True,False,0.6345381526104418,0.6204331875973667,,,,,"comparison_groups,subgroup_accuracy_gap",0.872292002895847
threshold_sensitivity,7008,10,joint_dirichlet_0.3,submitted,B3,3,1,235,59,True,False,0.9661016949152542,0.49137931034482757,,,,,"comparison_groups,subgroup_accuracy_gap",0.6470830121543258
threshold_sensitivity,7008,10,joint_dirichlet_0.3,submitted,B3,3,2,948,238,True,True,0.819327731092437,0.5108732017397123,0.06632653061224489,0.07894736842105263,0.07894736842105263,0.7925170068027211,,0.8489169995300472
threshold_sensitivity,7008,10,joint_dirichlet_0.3,submitted,B3,3,3,9072,2269,True,True,0.9735566328779198,0.4933005806163466,0.0,0.0,0.0,0.20550327332242224,,2.9835000168532133
threshold_sensitivity,7008,10,joint_dirichlet_0.3,submitted,B3,3,4,2652,664,True,False,0.8448795180722891,0.6955904411339247,0.3597344684301206,0.10943060498220636,0.3226495726495726,0.012820512820512775,,1.345374999800697
threshold_sensitivity,7008,10,joint_dirichlet_0.3,submitted,B3,3,5,55,14,False,False,,,,,,,,0.01320798764936626
threshold_sensitivity,7008,10,joint_dirichlet_0.3,submitted,B3,3,6,1155,289,True,True,0.6505190311418685,0.5684973020918028,0.22790055248618785,0.09233644859813081,0.09233644859813081,0.6247186412932269,,0.9268340072594583
threshold_sensitivity,7008,10,joint_dirichlet_0.3,submitted,B3,3,7,2489,623,True,True,0.8314606741573034,0.47217448137299994,0.0033003300330033004,,,0.1732673267326733,"equal_opportunity_gap,equalized_odds_gap",1.2783330166712403
threshold_sensitivity,7008,10,joint_dirichlet_0.3,submitted,B3,3,8,972,243,True,False,0.6337448559670782,0.6307180056347648,0.2835769757880311,0.4489795918367347,0.4489795918367347,0.3362265874828688,,0.8607920026406646
threshold_sensitivity,7008,10,joint_dirichlet_0.3,submitted,B3,3,9,1932,484,True,False,0.9979338842975206,0.49948293691830403,,,,,"comparison_groups,subgroup_accuracy_gap",1.2903330207336694
threshold_sensitivity,7008,10,joint_dirichlet_0.3,submitted,B3,4,0,995,249,True,False,0.5220883534136547,0.5219649915302089,,,,,"comparison_groups,subgroup_accuracy_gap",0.8948750037234277
threshold_sensitivity,7008,10,joint_dirichlet_0.3,submitted,B3,4,1,235,59,True,False,0.9661016949152542,0.49137931034482757,,,,,"comparison_groups,subgroup_accuracy_gap",0.654415984172374
threshold_sensitivity,7008,10,joint_dirichlet_0.3,submitted,B3,4,2,948,238,True,True,0.8109243697478992,0.4688290432971284,0.01870748299319728,0.02631578947368421,0.02631578947368421,0.8401360544217686,,0.8468749874737114
threshold_sensitivity,7008,10,joint_dirichlet_0.3,submitted,B3,4,3,9072,2269,True,True,0.9735566328779198,0.4933005806163466,0.0,0.0,0.0,0.20550327332242224,,2.735208021476865
threshold_sensitivity,7008,10,joint_dirichlet_0.3,submitted,B3,4,4,2652,664,True,False,0.5948795180722891,0.5049541721751518,0.18997668997668993,0.012722419928825612,0.16666666666666666,0.16382892469848997,,1.5085419872775674
threshold_sensitivity,7008,10,joint_dirichlet_0.3,submitted,B3,4,5,55,14,False,False,,,,,,,,0.013290991773828864
threshold_sensitivity,7008,10,joint_dirichlet_0.3,submitted,B3,4,6,1155,289,True,False,0.5709342560553633,0.41559034572733206,0.05928995293636177,0.025420560747663544,0.025420560747663544,0.793329240843053,,0.9656249894760549
threshold_sensitivity,7008,10,joint_dirichlet_0.3,submitted,B3,4,7,2489,623,True,True,0.8314606741573034,0.47217448137299994,0.0033003300330033004,,,0.1732673267326733,"equal_opportunity_gap,equalized_odds_gap",1.2827500177081674
threshold_sensitivity,7008,10,joint_dirichlet_0.3,submitted,B3,4,8,972,243,True,False,0.49382716049382713,0.44802304751703637,0.12562814070351758,0.17006802721088435,0.17006802721088435,0.5903380539058931,,0.8454170019831508
threshold_sensitivity,7008,10,joint_dirichlet_0.3,submitted,B3,4,9,1932,484,True,False,0.9979338842975206,0.49948293691830403,,,,,"comparison_groups,subgroup_accuracy_gap",1.1201660090591758
threshold_sensitivity,7008,10,joint_dirichlet_0.3,submitted,B3,5,0,995,249,True,False,0.40562248995983935,0.39364222719494535,,,,,"comparison_groups,subgroup_accuracy_gap",0.8723750070203096
threshold_sensitivity,7008,10,joint_dirichlet_0.3,submitted,B3,5,1,235,59,True,False,0.9661016949152542,0.49137931034482757,,,,,"comparison_groups,subgroup_accuracy_gap",0.6567499949596822
threshold_sensitivity,7008,10,joint_dirichlet_0.3,submitted,B3,5,2,948,238,True,True,0.8151260504201681,0.47057633973710816,0.023809523809523808,0.02631578947368421,0.02631578947368421,0.8452380952380952,,0.9942909819073975
threshold_sensitivity,7008,10,joint_dirichlet_0.3,submitted,B3,5,3,9072,2269,True,True,0.9735566328779198,0.4933005806163466,0.0,0.0,0.0,0.20550327332242224,,2.822917012963444
threshold_sensitivity,7008,10,joint_dirichlet_0.3,submitted,B3,5,4,2652,664,True,False,0.41566265060240964,0.38152487036681393,0.06172088780784435,0.09768683274021356,0.09768683274021356,0.2787068004459308,,1.3267920003272593
threshold_sensitivity,7008,10,joint_dirichlet_0.3,submitted,B3,5,5,55,14,False,False,,,,,,,,0.013208016753196716
threshold_sensitivity,7008,10,joint_dirichlet_0.3,submitted,B3,5,6,1155,289,True,False,0.5640138408304498,0.400296442687747,0.040771434417843255,0.00672897196261682,0.00672897196261682,0.8118477593615715,,0.9281659731641412
threshold_sensitivity,7008,10,joint_dirichlet_0.3,submitted,B3,5,7,2489,623,True,True,0.8314606741573034,0.47217448137299994,0.0033003300330033004,,,0.1732673267326733,"equal_opportunity_gap,equalized_odds_gap",1.2888330093119293
threshold_sensitivity,7008,10,joint_dirichlet_0.3,submitted,B3,5,8,972,243,True,False,0.43621399176954734,0.3597022676129479,0.05527638190954774,0.07482993197278912,0.07482993197278912,0.660689812699863,,0.8561669965274632
threshold_sensitivity,7008,10,joint_dirichlet_0.3,submitted,B3,5,9,1932,484,True,False,0.9979338842975206,0.49948293691830403,,,,,"comparison_groups,subgroup_accuracy_gap",1.2660420034080744
threshold_sensitivity,7008,10,joint_dirichlet_0.3,moderate,B3,1,0,995,249,True,False,0.7429718875502008,0.49209586945436,,,,,"comparison_groups,subgroup_accuracy_gap",1.1697089939843863
threshold_sensitivity,7008,10,joint_dirichlet_0.3,moderate,B3,1,1,235,59,True,False,0.9661016949152542,0.49137931034482757,,,,,"comparison_groups,subgroup_accuracy_gap",0.7061250216793269
threshold_sensitivity,7008,10,joint_dirichlet_0.3,moderate,B3,1,2,948,238,True,True,0.8235294117647058,0.5307042253521127,0.0901360544217687,0.10526315789473684,0.10526315789473684,0.7687074829931972,,0.8829159778542817
threshold_sensitivity,7008,10,joint_dirichlet_0.3,moderate,B3,1,3,9072,2269,True,True,0.9735566328779198,0.4933005806163466,0.0,0.0,0.0,0.20550327332242224,,3.029666026122868
threshold_sensitivity,7008,10,joint_dirichlet_0.3,moderate,B3,1,4,2652,664,True,True,0.9096385542168675,0.5075158227848101,0.030303030303030276,0.0,0.07692307692307687,0.3034356947400426,,1.4574580127373338
threshold_sensitivity,7008,10,joint_dirichlet_0.3,moderate,B3,1,5,55,14,False,False,,,,,,,,0.01362498733215034
threshold_sensitivity,7008,10,joint_dirichlet_0.3,moderate,B3,1,6,1155,289,True,False,0.8650519031141869,0.8637731607382428,0.6917843257622264,0.1985046728971962,0.891025641025641,0.008491917331696297,,0.9905000042635947
threshold_sensitivity,7008,10,joint_dirichlet_0.3,moderate,B3,1,7,2489,623,True,False,0.8314606741573034,0.47217448137299994,0.0033003300330033004,,,0.1732673267326733,"equal_opportunity_gap,equalized_odds_gap",1.480000006267801
threshold_sensitivity,7008,10,joint_dirichlet_0.3,moderate,B3,1,8,972,243,True,False,0.757201646090535,0.6917105687560478,0.34639104613978977,0.0,0.1149373881932022,0.36957514846962086,,0.8958329854067415
threshold_sensitivity,7008,10,joint_dirichlet_0.3,moderate,B3,1,9,1932,484,True,False,0.9979338842975206,0.49948293691830403,,,,,"comparison_groups,subgroup_accuracy_gap",1.153249992057681
threshold_sensitivity,7008,10,joint_dirichlet_0.3,moderate,B3,2,0,995,249,True,False,0.7911646586345381,0.7319920516641828,,,,,"comparison_groups,subgroup_accuracy_gap",0.9152920101769269
threshold_sensitivity,7008,10,joint_dirichlet_0.3,moderate,B3,2,1,235,59,True,False,0.9661016949152542,0.49137931034482757,,,,,"comparison_groups,subgroup_accuracy_gap",0.6804169970564544
threshold_sensitivity,7008,10,joint_dirichlet_0.3,moderate,B3,2,2,948,238,True,True,0.819327731092437,0.5108732017397123,0.06632653061224489,0.07894736842105263,0.07894736842105263,0.7925170068027211,,0.8862500253599137
threshold_sensitivity,7008,10,joint_dirichlet_0.3,moderate,B3,2,3,9072,2269,True,True,0.9735566328779198,0.4933005806163466,0.0,0.0,0.0,0.20550327332242224,,3.0932500085327774
threshold_sensitivity,7008,10,joint_dirichlet_0.3,moderate,B3,2,4,2652,664,True,True,0.9292168674698795,0.7282834878760176,0.18369311847572722,0.012544483985765131,0.2222222222222222,0.15693726563291788,,1.37945800088346
threshold_sensitivity,7008,10,joint_dirichlet_0.3,moderate,B3,2,5,55,14,False,False,,,,,,,,0.015082972822710872
threshold_sensitivity,7008,10,joint_dirichlet_0.3,moderate,B3,2,6,1155,289,True,False,0.7162629757785467,0.6711899211899213,0.31512175158584,0.026168224299065457,0.026168224299065457,0.5374974421935748,,1.009458996122703
threshold_sensitivity,7008,10,joint_dirichlet_0.3,moderate,B3,2,7,2489,623,True,False,0.8314606741573034,0.47217448137299994,0.0033003300330033004,,,0.1732673267326733,"equal_opportunity_gap,equalized_odds_gap",1.3449169928207994
threshold_sensitivity,7008,10,joint_dirichlet_0.3,moderate,B3,2,8,972,243,True,False,0.7695473251028807,0.7684138869979578,0.45180447693010506,0.6938775510204082,0.6938775510204082,0.14264504339881223,,0.9027920023072511
threshold_sensitivity,7008,10,joint_dirichlet_0.3,moderate,B3,2,9,1932,484,True,False,0.9979338842975206,0.49948293691830403,,,,,"comparison_groups,subgroup_accuracy_gap",1.3007500092498958
threshold_sensitivity,7008,10,joint_dirichlet_0.3,moderate,B3,3,0,995,249,True,False,0.6345381526104418,0.6204331875973667,,,,,"comparison_groups,subgroup_accuracy_gap",0.9102089970838279
threshold_sensitivity,7008,10,joint_dirichlet_0.3,moderate,B3,3,1,235,59,True,False,0.9661016949152542,0.49137931034482757,,,,,"comparison_groups,subgroup_accuracy_gap",0.6670829898212105
threshold_sensitivity,7008,10,joint_dirichlet_0.3,moderate,B3,3,2,948,238,True,True,0.819327731092437,0.5108732017397123,0.06632653061224489,0.07894736842105263,0.07894736842105263,0.7925170068027211,,0.8595410035923123
threshold_sensitivity,7008,10,joint_dirichlet_0.3,moderate,B3,3,3,9072,2269,True,True,0.9735566328779198,0.4933005806163466,0.0,0.0,0.0,0.20550327332242224,,2.8367500053718686
threshold_sensitivity,7008,10,joint_dirichlet_0.3,moderate,B3,3,4,2652,664,True,False,0.8433734939759037,0.6939007092198581,0.3412384716732543,0.10765124555160144,0.2564102564102564,0.027972027972027913,,1.5104589983820915
threshold_sensitivity,7008,10,joint_dirichlet_0.3,moderate,B3,3,5,55,14,False,False,,,,,,,,0.01387501833960414
threshold_sensitivity,7008,10,joint_dirichlet_0.3,moderate,B3,3,6,1155,289,True,False,0.6505190311418685,0.5684973020918028,0.22790055248618785,0.09233644859813081,0.09233644859813081,0.6247186412932269,,0.9479169966652989
threshold_sensitivity,7008,10,joint_dirichlet_0.3,moderate,B3,3,7,2489,623,True,False,0.8298555377207063,0.4715268886043534,0.0049504950495049506,,,0.17491749174917492,"equal_opportunity_gap,equalized_odds_gap",1.280249998671934
threshold_sensitivity,7008,10,joint_dirichlet_0.3,moderate,B3,3,8,972,243,True,False,0.6131687242798354,0.6083333333333334,0.2584513476473276,0.41496598639455784,0.41496598639455784,0.36135221562357234,,0.8471250184811652
threshold_sensitivity,7008,10,joint_dirichlet_0.3,moderate,B3,3,9,1932,484,True,False,0.9979338842975206,0.49948293691830403,,,,,"comparison_groups,subgroup_accuracy_gap",1.1234169942326844
threshold_sensitivity,7008,10,joint_dirichlet_0.3,moderate,B3,4,0,995,249,True,False,0.4899598393574297,0.4887724913914351,,,,,"comparison_groups,subgroup_accuracy_gap",0.8804579847492278
threshold_sensitivity,7008,10,joint_dirichlet_0.3,moderate,B3,4,1,235,59,True,False,0.9661016949152542,0.49137931034482757,,,,,"comparison_groups,subgroup_accuracy_gap",0.756875000661239
threshold_sensitivity,7008,10,joint_dirichlet_0.3,moderate,B3,4,2,948,238,True,True,0.8151260504201681,0.47057633973710816,0.023809523809523808,0.02631578947368421,0.02631578947368421,0.8452380952380952,,0.8511249907314777
threshold_sensitivity,7008,10,joint_dirichlet_0.3,moderate,B3,4,3,9072,2269,True,True,0.9735566328779198,0.4933005806163466,0.0,0.0,0.0,0.20550327332242224,,2.804666990414262
threshold_sensitivity,7008,10,joint_dirichlet_0.3,moderate,B3,4,4,2652,664,True,False,0.5391566265060241,0.46721208307111395,0.15840681058072364,0.026779359430605,0.1388888888888889,0.19205432248910514,,1.32004200713709
threshold_sensitivity,7008,10,joint_dirichlet_0.3,moderate,B3,4,5,55,14,False,False,,,,,,,,0.012374977814033628
threshold_sensitivity,7008,10,joint_dirichlet_0.3,moderate,B3,4,6,1155,289,True,False,0.5640138408304498,0.400296442687747,0.040771434417843255,0.00672897196261682,0.00672897196261682,0.8118477593615715,,0.9098750015255064
threshold_sensitivity,7008,10,joint_dirichlet_0.3,moderate,B3,4,7,2489,623,True,False,0.8314606741573034,0.47217448137299994,0.0033003300330033004,,,0.1732673267326733,"equal_opportunity_gap,equalized_odds_gap",1.2877499975729734
threshold_sensitivity,7008,10,joint_dirichlet_0.3,moderate,B3,4,8,972,243,True,False,0.4567901234567901,0.39259203151037725,0.08040201005025126,0.10884353741496598,0.10884353741496598,0.6355641845591595,,0.9607079846318811
threshold_sensitivity,7008,10,joint_dirichlet_0.3,moderate,B3,4,9,1932,484,True,False,0.9979338842975206,0.49948293691830403,,,,,"comparison_groups,subgroup_accuracy_gap",1.1990409984719008
threshold_sensitivity,7008,10,joint_dirichlet_0.3,moderate,B3,5,0,995,249,True,False,0.3815261044176707,0.36429045092838197,,,,,"comparison_groups,subgroup_accuracy_gap",0.862209009937942
threshold_sensitivity,7008,10,joint_dirichlet_0.3,moderate,B3,5,1,235,59,True,False,0.9661016949152542,0.49137931034482757,,,,,"comparison_groups,subgroup_accuracy_gap",0.6374169897753745
threshold_sensitivity,7008,10,joint_dirichlet_0.3,moderate,B3,5,2,948,238,True,True,0.8151260504201681,0.47057633973710816,0.023809523809523808,0.02631578947368421,0.02631578947368421,0.8452380952380952,,0.8344170055352151
threshold_sensitivity,7008,10,joint_dirichlet_0.3,moderate,B3,5,3,9072,2269,True,True,0.9735566328779198,0.4933005806163466,0.0,0.0,0.0,0.20550327332242224,,2.9278329748194665
threshold_sensitivity,7008,10,joint_dirichlet_0.3,moderate,B3,5,4,2652,664,True,False,0.32981927710843373,0.3152053248417681,0.047177460220938494,0.06699288256227759,0.06699288256227759,0.28990574642748557,,1.4143330045044422
threshold_sensitivity,7008,10,joint_dirichlet_0.3,moderate,B3,5,5,55,14,False,False,,,,,,,,0.013042008504271507
threshold_sensitivity,7008,10,joint_dirichlet_0.3,moderate,B3,5,6,1155,289,True,False,0.5605536332179931,0.3925054206597481,0.031512175158584,0.0026168224299065457,0.0026168224299065457,0.8211070186208308,,0.93891701544635
threshold_sensitivity,7008,10,joint_dirichlet_0.3,moderate,B3,5,7,2489,623,True,False,0.8314606741573034,0.47217448137299994,0.0033003300330033004,,,0.1732673267326733,"equal_opportunity_gap,equalized_odds_gap",1.27779200556688
threshold_sensitivity,7008,10,joint_dirichlet_0.3,moderate,B3,5,8,972,243,True,False,0.42386831275720166,0.33916083916083917,0.04020100502512563,0.05442176870748299,0.05442176870748299,0.6757651895842851,,0.8492920023854822
threshold_sensitivity,7008,10,joint_dirichlet_0.3,moderate,B3,5,9,1932,484,True,False,0.9979338842975206,0.49948293691830403,,,,,"comparison_groups,subgroup_accuracy_gap",1.122416986618191
threshold_sensitivity,7008,10,joint_dirichlet_0.3,strict,B3,1,0,995,249,True,False,0.7429718875502008,0.49209586945436,,,,,"comparison_groups,subgroup_accuracy_gap",1.0173329792451113
threshold_sensitivity,7008,10,joint_dirichlet_0.3,strict,B3,1,1,235,59,True,False,0.9661016949152542,0.49137931034482757,,,,,"comparison_groups,subgroup_accuracy_gap",0.683374993968755
threshold_sensitivity,7008,10,joint_dirichlet_0.3,strict,B3,1,2,948,238,True,False,0.8235294117647058,0.5307042253521127,0.0901360544217687,0.10526315789473684,0.10526315789473684,0.7687074829931972,,0.882041989825666
threshold_sensitivity,7008,10,joint_dirichlet_0.3,strict,B3,1,3,9072,2269,True,False,0.9735566328779198,0.4933005806163466,0.0,0.0,0.0,0.20550327332242224,,2.9346669907681644
threshold_sensitivity,7008,10,joint_dirichlet_0.3,strict,B3,1,4,2652,664,True,False,0.9096385542168675,0.5075158227848101,0.030303030303030276,0.0,0.07692307692307687,0.3034356947400426,,1.397125015500933
threshold_sensitivity,7008,10,joint_dirichlet_0.3,strict,B3,1,5,55,14,False,False,,,,,,,,0.013584009138867259
threshold_sensitivity,7008,10,joint_dirichlet_0.3,strict,B3,1,6,1155,289,True,False,0.8650519031141869,0.8637731607382428,0.6917843257622264,0.1985046728971962,0.891025641025641,0.008491917331696297,,1.0965830006171018
threshold_sensitivity,7008,10,joint_dirichlet_0.3,strict,B3,1,7,2489,623,True,False,0.8314606741573034,0.47217448137299994,0.0033003300330033004,,,0.1732673267326733,"equal_opportunity_gap,equalized_odds_gap",1.433416997315362
threshold_sensitivity,7008,10,joint_dirichlet_0.3,strict,B3,1,8,972,243,True,False,0.757201646090535,0.6917105687560478,0.34639104613978977,0.0,0.1149373881932022,0.36957514846962086,,0.8979580015875399
threshold_sensitivity,7008,10,joint_dirichlet_0.3,strict,B3,1,9,1932,484,True,False,0.9979338842975206,0.49948293691830403,,,,,"comparison_groups,subgroup_accuracy_gap",1.1659589945338666
threshold_sensitivity,7008,10,joint_dirichlet_0.3,strict,B3,2,0,995,249,True,False,0.7429718875502008,0.49209586945436,,,,,"comparison_groups,subgroup_accuracy_gap",0.8787080005276948
threshold_sensitivity,7008,10,joint_dirichlet_0.3,strict,B3,2,1,235,59,True,False,0.9661016949152542,0.49137931034482757,,,,,"comparison_groups,subgroup_accuracy_gap",0.6575419974979013
threshold_sensitivity,7008,10,joint_dirichlet_0.3,strict,B3,2,2,948,238,True,False,0.8235294117647058,0.5307042253521127,0.0901360544217687,0.10526315789473684,0.10526315789473684,0.7687074829931972,,0.8600830042269081
threshold_sensitivity,7008,10,joint_dirichlet_0.3,strict,B3,2,3,9072,2269,True,False,0.9735566328779198,0.4933005806163466,0.0,0.0,0.0,0.20550327332242224,,2.9509580053854734
threshold_sensitivity,7008,10,joint_dirichlet_0.3,strict,B3,2,4,2652,664,True,False,0.9096385542168675,0.5075158227848101,0.030303030303030276,0.0,0.07692307692307687,0.3034356947400426,,1.3275000092107803
threshold_sensitivity,7008,10,joint_dirichlet_0.3,strict,B3,2,5,55,14,False,False,,,,,,,,0.012792006600648165
threshold_sensitivity,7008,10,joint_dirichlet_0.3,strict,B3,2,6,1155,289,True,False,0.8650519031141869,0.8637731607382428,0.6917843257622264,0.1985046728971962,0.891025641025641,0.008491917331696297,,0.9296669741161168
threshold_sensitivity,7008,10,joint_dirichlet_0.3,strict,B3,2,7,2489,623,True,False,0.8314606741573034,0.47217448137299994,0.0033003300330033004,,,0.1732673267326733,"equal_opportunity_gap,equalized_odds_gap",1.272249995963648
threshold_sensitivity,7008,10,joint_dirichlet_0.3,strict,B3,2,8,972,243,True,False,0.757201646090535,0.6917105687560478,0.34639104613978977,0.0,0.1149373881932022,0.36957514846962086,,0.8563330047763884
threshold_sensitivity,7008,10,joint_dirichlet_0.3,strict,B3,2,9,1932,484,True,False,0.9979338842975206,0.49948293691830403,,,,,"comparison_groups,subgroup_accuracy_gap",1.21795799350366
threshold_sensitivity,7008,10,joint_dirichlet_0.3,strict,B3,3,0,995,249,True,False,0.7429718875502008,0.49209586945436,,,,,"comparison_groups,subgroup_accuracy_gap",0.9307079890277237
threshold_sensitivity,7008,10,joint_dirichlet_0.3,strict,B3,3,1,235,59,True,False,0.9661016949152542,0.49137931034482757,,,,,"comparison_groups,subgroup_accuracy_gap",0.6586250092368573
threshold_sensitivity,7008,10,joint_dirichlet_0.3,strict,B3,3,2,948,238,True,False,0.8235294117647058,0.5307042253521127,0.0901360544217687,0.10526315789473684,0.10526315789473684,0.7687074829931972,,0.8582919836044312
threshold_sensitivity,7008,10,joint_dirichlet_0.3,strict,B3,3,3,9072,2269,True,False,0.9735566328779198,0.4933005806163466,0.0,0.0,0.0,0.20550327332242224,,2.77929101139307
threshold_sensitivity,7008,10,joint_dirichlet_0.3,strict,B3,3,4,2652,664,True,False,0.9096385542168675,0.5075158227848101,0.030303030303030276,0.0,0.07692307692307687,0.3034356947400426,,1.348750025499612
threshold_sensitivity,7008,10,joint_dirichlet_0.3,strict,B3,3,5,55,14,False,False,,,,,,,,0.01291598891839385
threshold_sensitivity,7008,10,joint_dirichlet_0.3,strict,B3,3,6,1155,289,True,False,0.8650519031141869,0.8637731607382428,0.6917843257622264,0.1985046728971962,0.891025641025641,0.008491917331696297,,0.9577499877195805
threshold_sensitivity,7008,10,joint_dirichlet_0.3,strict,B3,3,7,2489,623,True,False,0.8314606741573034,0.47217448137299994,0.0033003300330033004,,,0.1732673267326733,"equal_opportunity_gap,equalized_odds_gap",1.2861660216003656
threshold_sensitivity,7008,10,joint_dirichlet_0.3,strict,B3,3,8,972,243,True,False,0.757201646090535,0.6917105687560478,0.34639104613978977,0.0,0.1149373881932022,0.36957514846962086,,0.8604579779785126
threshold_sensitivity,7008,10,joint_dirichlet_0.3,strict,B3,3,9,1932,484,True,False,0.9979338842975206,0.49948293691830403,,,,,"comparison_groups,subgroup_accuracy_gap",1.1363340017851442
threshold_sensitivity,7008,10,joint_dirichlet_0.3,strict,B3,4,0,995,249,True,False,0.7429718875502008,0.49209586945436,,,,,"comparison_groups,subgroup_accuracy_gap",0.8630419906694442
threshold_sensitivity,7008,10,joint_dirichlet_0.3,strict,B3,4,1,235,59,True,False,0.9661016949152542,0.49137931034482757,,,,,"comparison_groups,subgroup_accuracy_gap",0.6455419934354722
threshold_sensitivity,7008,10,joint_dirichlet_0.3,strict,B3,4,2,948,238,True,False,0.8235294117647058,0.5307042253521127,0.0901360544217687,0.10526315789473684,0.10526315789473684,0.7687074829931972,,0.8411250018980354
threshold_sensitivity,7008,10,joint_dirichlet_0.3,strict,B3,4,3,9072,2269,True,False,0.9735566328779198,0.4933005806163466,0.0,0.0,0.0,0.20550327332242224,,2.7134160045534372
threshold_sensitivity,7008,10,joint_dirichlet_0.3,strict,B3,4,4,2652,664,True,False,0.9096385542168675,0.5075158227848101,0.030303030303030276,0.0,0.07692307692307687,0.3034356947400426,,1.3000000035390258
threshold_sensitivity,7008,10,joint_dirichlet_0.3,strict,B3,4,5,55,14,False,False,,,,,,,,0.012375006917864084
threshold_sensitivity,7008,10,joint_dirichlet_0.3,strict,B3,4,6,1155,289,True,False,0.8650519031141869,0.8637731607382428,0.6917843257622264,0.1985046728971962,0.891025641025641,0.008491917331696297,,0.918291014386341
threshold_sensitivity,7008,10,joint_dirichlet_0.3,strict,B3,4,7,2489,623,True,False,0.8314606741573034,0.47217448137299994,0.0033003300330033004,,,0.1732673267326733,"equal_opportunity_gap,equalized_odds_gap",1.2740829843096435
threshold_sensitivity,7008,10,joint_dirichlet_0.3,strict,B3,4,8,972,243,True,False,0.757201646090535,0.6917105687560478,0.34639104613978977,0.0,0.1149373881932022,0.36957514846962086,,0.8495830115862191
threshold_sensitivity,7008,10,joint_dirichlet_0.3,strict,B3,4,9,1932,484,True,False,0.9979338842975206,0.49948293691830403,,,,,"comparison_groups,subgroup_accuracy_gap",1.127124996855855
threshold_sensitivity,7008,10,joint_dirichlet_0.3,strict,B3,5,0,995,249,True,False,0.7429718875502008,0.49209586945436,,,,,"comparison_groups,subgroup_accuracy_gap",0.855709018651396
threshold_sensitivity,7008,10,joint_dirichlet_0.3,strict,B3,5,1,235,59,True,False,0.9661016949152542,0.49137931034482757,,,,,"comparison_groups,subgroup_accuracy_gap",0.6405840103980154
threshold_sensitivity,7008,10,joint_dirichlet_0.3,strict,B3,5,2,948,238,True,False,0.8235294117647058,0.5307042253521127,0.0901360544217687,0.10526315789473684,0.10526315789473684,0.7687074829931972,,0.8358749910257757
threshold_sensitivity,7008,10,joint_dirichlet_0.3,strict,B3,5,3,9072,2269,True,False,0.9735566328779198,0.4933005806163466,0.0,0.0,0.0,0.20550327332242224,,2.7098330028820783
threshold_sensitivity,7008,10,joint_dirichlet_0.3,strict,B3,5,4,2652,664,True,False,0.9096385542168675,0.5075158227848101,0.030303030303030276,0.0,0.07692307692307687,0.3034356947400426,,1.314916997216642
threshold_sensitivity,7008,10,joint_dirichlet_0.3,strict,B3,5,5,55,14,False,False,,,,,,,,0.012458011042326689
threshold_sensitivity,7008,10,joint_dirichlet_0.3,strict,B3,5,6,1155,289,True,False,0.8650519031141869,0.8637731607382428,0.6917843257622264,0.1985046728971962,0.891025641025641,0.008491917331696297,,0.9235419856850058
threshold_sensitivity,7008,10,joint_dirichlet_0.3,strict,B3,5,7,2489,623,True,False,0.8314606741573034,0.47217448137299994,0.0033003300330033004,,,0.1732673267326733,"equal_opportunity_gap,equalized_odds_gap",1.2636249884963036
threshold_sensitivity,7008,10,joint_dirichlet_0.3,strict,B3,5,8,972,243,True,False,0.757201646090535,0.6917105687560478,0.34639104613978977,0.0,0.1149373881932022,0.36957514846962086,,0.8418330107815564
threshold_sensitivity,7008,10,joint_dirichlet_0.3,strict,B3,5,9,1932,484,True,False,0.9979338842975206,0.49948293691830403,,,,,"comparison_groups,subgroup_accuracy_gap",1.1146249889861792
threshold_sensitivity,7009,10,joint_dirichlet_0.3,lenient,B3,1,0,586,147,True,True,0.9659863945578231,0.4913494809688581,0.0,0.0,0.0,0.1992481203007519,,0.8975840173661709
threshold_sensitivity,7009,10,joint_dirichlet_0.3,lenient,B3,1,1,684,172,True,False,0.9244186046511628,0.48036253776435045,,,,,"comparison_groups,subgroup_accuracy_gap",0.8302079804707319
threshold_sensitivity,7009,10,joint_dirichlet_0.3,lenient,B3,1,2,375,94,True,False,0.6914893617021277,0.5308896919635174,,,,,"comparison_groups,subgroup_accuracy_gap",0.7109589932952076
threshold_sensitivity,7009,10,joint_dirichlet_0.3,lenient,B3,1,3,4511,1128,True,True,0.9033687943262412,0.47461574289706565,0.0,0.0,0.0,0.22354312354312356,,1.8653750012163073
threshold_sensitivity,7009,10,joint_dirichlet_0.3,lenient,B3,1,4,3587,897,True,True,0.7246376811594203,0.588450329059186,0.19348108491123095,0.0017857142857142794,0.12200935420039583,0.35643427941581707,,1.6044999938458204
threshold_sensitivity,7009,10,joint_dirichlet_0.3,lenient,B3,1,5,3889,973,True,True,0.9856115107913669,0.4963768115942029,0.0,,,0.015350877192982448,"equal_opportunity_gap,equalized_odds_gap",1.6086249961517751
threshold_sensitivity,7009,10,joint_dirichlet_0.3,lenient,B3,1,6,3127,782,True,True,0.7391304347826086,0.7212608331003634,0.12537202380952372,0.10204081632653061,,0.12016369047619047,"equalized_odds_gap,false_positive_rate_gap",1.4440419909078628
threshold_sensitivity,7009,10,joint_dirichlet_0.3,lenient,B3,1,7,189,48,True,False,0.9583333333333334,0.48936170212765956,,,,,"comparison_groups,subgroup_accuracy_gap",0.6572499987669289
threshold_sensitivity,7009,10,joint_dirichlet_0.3,lenient,B3,1,8,3036,760,True,True,0.925,0.4805194805194805,0.0,,,0.3475609756097561,"equal_opportunity_gap,equalized_odds_gap",1.4231670065782964
threshold_sensitivity,7009,10,joint_dirichlet_0.3,lenient,B3,1,9,521,131,True,True,0.8091603053435115,0.4472573839662447,0.0,,,0.2314814814814815,"equal_opportunity_gap,equalized_odds_gap",0.7310410146601498
threshold_sensitivity,7009,10,joint_dirichlet_0.3,lenient,B3,2,0,586,147,True,True,0.9591836734693877,0.4895833333333333,0.007518796992481203,0.0,0.007633587786259542,0.19172932330827064,,0.7924580131657422
threshold_sensitivity,7009,10,joint_dirichlet_0.3,lenient,B3,2,1,684,172,True,False,0.9244186046511628,0.48036253776435045,,,,,"comparison_groups,subgroup_accuracy_gap",0.7716669933870435
threshold_sensitivity,7009,10,joint_dirichlet_0.3,lenient,B3,2,2,375,94,True,False,0.7872340425531915,0.7696078431372549,,,,,"comparison_groups,subgroup_accuracy_gap",0.679374992614612
threshold_sensitivity,7009,10,joint_dirichlet_0.3,lenient,B3,2,3,4511,1128,True,True,0.9033687943262412,0.4836010836010836,0.002331002331002331,0.02702702702702703,0.02702702702702703,0.22354312354312356,,1.7132080101873726
threshold_sensitivity,7009,10,joint_dirichlet_0.3,lenient,B3,2,4,3587,897,True,False,0.8216276477146043,0.8042873506791033,0.5208144707318034,0.24464285714285716,0.24464285714285716,0.024042435932763784,,1.4861670206300914
threshold_sensitivity,7009,10,joint_dirichlet_0.3,lenient,B3,2,5,3889,973,True,True,0.9856115107913669,0.4963768115942029,0.0,,,0.015350877192982448,"equal_opportunity_gap,equalized_odds_gap",1.5282500244211406
threshold_sensitivity,7009,10,joint_dirichlet_0.3,lenient,B3,2,6,3127,782,True,True,0.7301790281329923,0.7244248482267371,0.16666666666666669,0.06632653061224492,,0.234375,"equalized_odds_gap,false_positive_rate_gap",1.3680830015800893
threshold_sensitivity,7009,10,joint_dirichlet_0.3,lenient,B3,2,7,189,48,True,False,0.9583333333333334,0.48936170212765956,,,,,"comparison_groups,subgroup_accuracy_gap",0.633040996035561
threshold_sensitivity,7009,10,joint_dirichlet_0.3,lenient,B3,2,8,3036,760,True,True,0.925,0.4805194805194805,0.0,,,0.3475609756097561,"equal_opportunity_gap,equalized_odds_gap",1.3462079805321991
threshold_sensitivity,7009,10,joint_dirichlet_0.3,lenient,B3,2,9,521,131,True,True,0.816793893129771,0.4876140808344198,0.009259259259259259,,,0.2222222222222222,"equal_opportunity_gap,equalized_odds_gap",0.7178749947343022
threshold_sensitivity,7009,10,joint_dirichlet_0.3,lenient,B3,3,0,586,147,True,True,0.9591836734693877,0.4895833333333333,0.007518796992481203,0.0,0.007633587786259542,0.19172932330827064,,0.793040991993621
threshold_sensitivity,7009,10,joint_dirichlet_0.3,lenient,B3,3,1,684,172,True,False,0.9244186046511628,0.48036253776435045,,,,,"comparison_groups,subgroup_accuracy_gap",0.7610000029671937
threshold_sensitivity,7009,10,joint_dirichlet_0.3,lenient,B3,3,2,375,94,True,False,0.648936170212766,0.6479400749063671,,,,,"comparison_groups,subgroup_accuracy_gap",0.6751659966539592
threshold_sensitivity,7009,10,joint_dirichlet_0.3,lenient,B3,3,3,4511,1128,True,True,0.9033687943262412,0.4836010836010836,0.002331002331002331,0.02702702702702703,0.02702702702702703,0.22354312354312356,,1.6837079892866313
threshold_sensitivity,7009,10,joint_dirichlet_0.3,lenient,B3,3,4,3587,897,True,True,0.6309921962095875,0.6309848581829571,0.32500098413573203,0.24107142857142855,0.24107142857142855,0.24786442546155962,,1.4853749889880419
threshold_sensitivity,7009,10,joint_dirichlet_0.3,lenient,B3,3,5,3889,973,True,True,0.9856115107913669,0.4963768115942029,0.0,,,0.015350877192982448,"equal_opportunity_gap,equalized_odds_gap",1.5626660024281591
threshold_sensitivity,7009,10,joint_dirichlet_0.3,lenient,B3,3,6,3127,782,True,True,0.6227621483375959,0.5801995548866926,0.05282738095238093,0.0816326530612245,,0.41592261904761907,"equalized_odds_gap,false_positive_rate_gap",1.3725419994443655
threshold_sensitivity,7009,10,joint_dirichlet_0.3,lenient,B3,3,7,189,48,True,False,0.9583333333333334,0.48936170212765956,,,,,"comparison_groups,subgroup_accuracy_gap",0.6244590040296316
threshold_sensitivity,7009,10,joint_dirichlet_0.3,lenient,B3,3,8,3036,760,True,True,0.925,0.4805194805194805,0.0,,,0.3475609756097561,"equal_opportunity_gap,equalized_odds_gap",1.355499989585951
threshold_sensitivity,7009,10,joint_dirichlet_0.3,lenient,B3,3,9,521,131,True,True,0.8091603053435115,0.4472573839662447,0.0,,,0.2314814814814815,"equal_opportunity_gap,equalized_odds_gap",0.7100829971022904
threshold_sensitivity,7009,10,joint_dirichlet_0.3,lenient,B3,4,0,586,147,True,True,0.9591836734693877,0.4895833333333333,0.007518796992481203,0.0,0.007633587786259542,0.19172932330827064,,0.7847080123610795
threshold_sensitivity,7009,10,joint_dirichlet_0.3,lenient,B3,4,1,684,172,True,False,0.9244186046511628,0.48036253776435045,,,,,"comparison_groups,subgroup_accuracy_gap",0.770957994973287
threshold_sensitivity,7009,10,joint_dirichlet_0.3,lenient,B3,4,2,375,94,True,False,0.6063829787234043,0.6027412906910337,,,,,"comparison_groups,subgroup_accuracy_gap",0.6735829811077565
threshold_sensitivity,7009,10,joint_dirichlet_0.3,lenient,B3,4,3,4511,1128,True,True,0.9042553191489362,0.49267057569296374,0.0013727013727013728,0.01313813813813814,0.01313813813813814,0.2198394198394198,,1.6795000119600445
threshold_sensitivity,7009,10,joint_dirichlet_0.3,lenient,B3,4,4,3587,897,True,True,0.5841694537346711,0.5820417657177335,0.26412234775420224,0.19345238095238096,0.19345238095238096,0.30283824745108845,,1.4710419927723706
threshold_sensitivity,7009,10,joint_dirichlet_0.3,lenient,B3,4,5,3889,973,True,True,0.9856115107913669,0.4963768115942029,0.0,,,0.015350877192982448,"equal_opportunity_gap,equalized_odds_gap",1.5283329994417727
threshold_sensitivity,7009,10,joint_dirichlet_0.3,lenient,B3,4,6,3127,782,True,True,0.6138107416879796,0.5649793692897142,0.06975446428571427,0.05612244897959187,,0.4068080357142857,"equalized_odds_gap,false_positive_rate_gap",1.3460829795803875
threshold_sensitivity,7009,10,joint_dirichlet_0.3,lenient,B3,4,7,189,48,True,False,0.9583333333333334,0.48936170212765956,,,,,"comparison_groups,subgroup_accuracy_gap",0.6215000175870955
threshold_sensitivity,7009,10,joint_dirichlet_0.3,lenient,B3,4,8,3036,760,True,True,0.925,0.4974419656840567,0.0044197086266164675,,,0.339785562285153,"equal_opportunity_gap,equalized_odds_gap",1.3698340044356883
threshold_sensitivity,7009,10,joint_dirichlet_0.3,lenient,B3,4,9,521,131,True,True,0.816793893129771,0.4876140808344198,0.009259259259259259,,,0.2222222222222222,"equal_opportunity_gap,equalized_odds_gap",0.7123749819584191
threshold_sensitivity,7009,10,joint_dirichlet_0.3,lenient,B3,5,0,586,147,True,True,0.9591836734693877,0.4895833333333333,0.007518796992481203,0.0,0.007633587786259542,0.19172932330827064,,0.781790993642062
threshold_sensitivity,7009,10,joint_dirichlet_0.3,lenient,B3,5,1,684,172,True,False,0.9244186046511628,0.48036253776435045,,,,,"comparison_groups,subgroup_accuracy_gap",0.7516669866163284
threshold_sensitivity,7009,10,joint_dirichlet_0.3,lenient,B3,5,2,375,94,True,False,0.574468085106383,0.5674183156925909,,,,,"comparison_groups,subgroup_accuracy_gap",0.6701250094920397
threshold_sensitivity,7009,10,joint_dirichlet_0.3,lenient,B3,5,3,4511,1128,True,True,0.9060283687943262,0.510344488672662,0.003910903910903912,0.02627627627627628,0.02627627627627628,0.21730121730121732,,1.67833297746256
threshold_sensitivity,7009,10,joint_dirichlet_0.3,lenient,B3,5,4,3587,897,True,True,0.5540691192865106,0.5490105381707022,0.2235464315238358,0.14166666666666664,0.14166666666666664,0.33817856158721404,,1.50095799472183
threshold_sensitivity,7009,10,joint_dirichlet_0.3,lenient,B3,5,5,3889,973,True,True,0.9856115107913669,0.4963768115942029,0.0,,,0.015350877192982448,"equal_opportunity_gap,equalized_odds_gap",1.5320840175263584
threshold_sensitivity,7009,10,joint_dirichlet_0.3,lenient,B3,5,6,3127,782,True,True,0.6099744245524297,0.5593747633008743,0.07366071428571427,0.04846938775510204,,0.4029017857142857,"equalized_odds_gap,false_positive_rate_gap",1.3554580218624324
threshold_sensitivity,7009,10,joint_dirichlet_0.3,lenient,B3,5,7,189,48,True,False,0.9583333333333334,0.48936170212765956,,,,,"comparison_groups,subgroup_accuracy_gap",0.6187910039443523
threshold_sensitivity,7009,10,joint_dirichlet_0.3,lenient,B3,5,8,3036,760,True,True,0.9236842105263158,0.4968036529680365,0.002741856277623179,,,0.3381077099361597,"equal_opportunity_gap,equalized_odds_gap",1.3419169990811497
threshold_sensitivity,7009,10,joint_dirichlet_0.3,lenient,B3,5,9,521,131,True,True,0.816793893129771,0.4876140808344198,0.009259259259259259,,,0.2222222222222222,"equal_opportunity_gap,equalized_odds_gap",0.7059170166030526
threshold_sensitivity,7009,10,joint_dirichlet_0.3,submitted,B3,1,0,586,147,True,True,0.9659863945578231,0.4913494809688581,0.0,0.0,0.0,0.1992481203007519,,0.8833750034682453
threshold_sensitivity,7009,10,joint_dirichlet_0.3,submitted,B3,1,1,684,172,True,False,0.9244186046511628,0.48036253776435045,,,,,"comparison_groups,subgroup_accuracy_gap",0.8040419779717922
threshold_sensitivity,7009,10,joint_dirichlet_0.3,submitted,B3,1,2,375,94,True,False,0.6914893617021277,0.5308896919635174,,,,,"comparison_groups,subgroup_accuracy_gap",0.7058750197757035
threshold_sensitivity,7009,10,joint_dirichlet_0.3,submitted,B3,1,3,4511,1128,True,True,0.9033687943262412,0.47461574289706565,0.0,0.0,0.0,0.22354312354312356,,1.8361250113230199
threshold_sensitivity,7009,10,joint_dirichlet_0.3,submitted,B3,1,4,3587,897,True,True,0.7246376811594203,0.588450329059186,0.19348108491123095,0.0017857142857142794,0.12200935420039583,0.35643427941581707,,1.5555830032099038
threshold_sensitivity,7009,10,joint_dirichlet_0.3,submitted,B3,1,5,3889,973,True,True,0.9856115107913669,0.4963768115942029,0.0,,,0.015350877192982448,"equal_opportunity_gap,equalized_odds_gap",1.6457500169053674
threshold_sensitivity,7009,10,joint_dirichlet_0.3,submitted,B3,1,6,3127,782,True,True,0.7391304347826086,0.7212608331003634,0.12537202380952372,0.10204081632653061,,0.12016369047619047,"equalized_odds_gap,false_positive_rate_gap",1.460166007746011
threshold_sensitivity,7009,10,joint_dirichlet_0.3,submitted,B3,1,7,189,48,True,False,0.9583333333333334,0.48936170212765956,,,,,"comparison_groups,subgroup_accuracy_gap",0.6562909984495491
threshold_sensitivity,7009,10,joint_dirichlet_0.3,submitted,B3,1,8,3036,760,True,True,0.925,0.4805194805194805,0.0,,,0.3475609756097561,"equal_opportunity_gap,equalized_odds_gap",1.4089169853832573
threshold_sensitivity,7009,10,joint_dirichlet_0.3,submitted,B3,1,9,521,131,True,True,0.8091603053435115,0.4472573839662447,0.0,,,0.2314814814814815,"equal_opportunity_gap,equalized_odds_gap",0.7284170133061707
threshold_sensitivity,7009,10,joint_dirichlet_0.3,submitted,B3,2,0,586,147,True,True,0.9591836734693877,0.4895833333333333,0.007518796992481203,0.0,0.007633587786259542,0.19172932330827064,,0.7950839935801923
threshold_sensitivity,7009,10,joint_dirichlet_0.3,submitted,B3,2,1,684,172,True,False,0.9244186046511628,0.48036253776435045,,,,,"comparison_groups,subgroup_accuracy_gap",0.7572499744128436
threshold_sensitivity,7009,10,joint_dirichlet_0.3,submitted,B3,2,2,375,94,True,False,0.7872340425531915,0.7696078431372549,,,,,"comparison_groups,subgroup_accuracy_gap",0.6811250059399754
threshold_sensitivity,7009,10,joint_dirichlet_0.3,submitted,B3,2,3,4511,1128,True,True,0.9033687943262412,0.4836010836010836,0.002331002331002331,0.02702702702702703,0.02702702702702703,0.22354312354312356,,1.7382499936502427
threshold_sensitivity,7009,10,joint_dirichlet_0.3,submitted,B3,2,4,3587,897,True,False,0.8216276477146043,0.8042873506791033,0.5208144707318034,0.24464285714285716,0.24464285714285716,0.024042435932763784,,1.5394589863717556
threshold_sensitivity,7009,10,joint_dirichlet_0.3,submitted,B3,2,5,3889,973,True,True,0.9856115107913669,0.4963768115942029,0.0,,,0.015350877192982448,"equal_opportunity_gap,equalized_odds_gap",1.541249977890402
threshold_sensitivity,7009,10,joint_dirichlet_0.3,submitted,B3,2,6,3127,782,True,True,0.7301790281329923,0.7244248482267371,0.16666666666666669,0.06632653061224492,,0.234375,"equalized_odds_gap,false_positive_rate_gap",1.3546670088544488
threshold_sensitivity,7009,10,joint_dirichlet_0.3,submitted,B3,2,7,189,48,True,False,0.9583333333333334,0.48936170212765956,,,,,"comparison_groups,subgroup_accuracy_gap",0.6249579892028123
threshold_sensitivity,7009,10,joint_dirichlet_0.3,submitted,B3,2,8,3036,760,True,True,0.925,0.4805194805194805,0.0,,,0.3475609756097561,"equal_opportunity_gap,equalized_odds_gap",1.3507920084521174
threshold_sensitivity,7009,10,joint_dirichlet_0.3,submitted,B3,2,9,521,131,True,True,0.816793893129771,0.4876140808344198,0.009259259259259259,,,0.2222222222222222,"equal_opportunity_gap,equalized_odds_gap",0.7185840222518891
threshold_sensitivity,7009,10,joint_dirichlet_0.3,submitted,B3,3,0,586,147,True,True,0.9591836734693877,0.4895833333333333,0.007518796992481203,0.0,0.007633587786259542,0.19172932330827064,,0.7881250057835132
threshold_sensitivity,7009,10,joint_dirichlet_0.3,submitted,B3,3,1,684,172,True,False,0.9244186046511628,0.48036253776435045,,,,,"comparison_groups,subgroup_accuracy_gap",0.7998330111149698
threshold_sensitivity,7009,10,joint_dirichlet_0.3,submitted,B3,3,2,375,94,True,False,0.648936170212766,0.6479400749063671,,,,,"comparison_groups,subgroup_accuracy_gap",0.6774160137865692
threshold_sensitivity,7009,10,joint_dirichlet_0.3,submitted,B3,3,3,4511,1128,True,True,0.9033687943262412,0.4836010836010836,0.002331002331002331,0.02702702702702703,0.02702702702702703,0.22354312354312356,,1.6860000032465905
threshold_sensitivity,7009,10,joint_dirichlet_0.3,submitted,B3,3,4,3587,897,True,False,0.6309921962095875,0.6309848581829571,0.32500098413573203,0.24107142857142855,0.24107142857142855,0.24786442546155962,,1.4955000078771263
threshold_sensitivity,7009,10,joint_dirichlet_0.3,submitted,B3,3,5,3889,973,True,True,0.9856115107913669,0.4963768115942029,0.0,,,0.015350877192982448,"equal_opportunity_gap,equalized_odds_gap",1.5741660026833415
threshold_sensitivity,7009,10,joint_dirichlet_0.3,submitted,B3,3,6,3127,782,True,True,0.6227621483375959,0.5801995548866926,0.05282738095238093,0.0816326530612245,,0.41592261904761907,"equalized_odds_gap,false_positive_rate_gap",1.3681249984074384
threshold_sensitivity,7009,10,joint_dirichlet_0.3,submitted,B3,3,7,189,48,True,False,0.9583333333333334,0.48936170212765956,,,,,"comparison_groups,subgroup_accuracy_gap",0.6221249932423234
threshold_sensitivity,7009,10,joint_dirichlet_0.3,submitted,B3,3,8,3036,760,True,True,0.925,0.4805194805194805,0.0,,,0.3475609756097561,"equal_opportunity_gap,equalized_odds_gap",1.3521249929908663
threshold_sensitivity,7009,10,joint_dirichlet_0.3,submitted,B3,3,9,521,131,True,True,0.8091603053435115,0.4472573839662447,0.0,,,0.2314814814814815,"equal_opportunity_gap,equalized_odds_gap",0.706541002728045
threshold_sensitivity,7009,10,joint_dirichlet_0.3,submitted,B3,4,0,586,147,True,True,0.9591836734693877,0.4895833333333333,0.007518796992481203,0.0,0.007633587786259542,0.19172932330827064,,0.7855409930925816
threshold_sensitivity,7009,10,joint_dirichlet_0.3,submitted,B3,4,1,684,172,True,False,0.9244186046511628,0.48036253776435045,,,,,"comparison_groups,subgroup_accuracy_gap",0.8023339905776083
threshold_sensitivity,7009,10,joint_dirichlet_0.3,submitted,B3,4,2,375,94,True,False,0.5319148936170213,0.5179487179487179,,,,,"comparison_groups,subgroup_accuracy_gap",0.6754999922122806
threshold_sensitivity,7009,10,joint_dirichlet_0.3,submitted,B3,4,3,4511,1128,True,True,0.9033687943262412,0.4836010836010836,0.002331002331002331,0.02702702702702703,0.02702702702702703,0.22354312354312356,,1.7013330070767552
threshold_sensitivity,7009,10,joint_dirichlet_0.3,submitted,B3,4,4,3587,897,True,False,0.5317725752508361,0.5230946063638021,0.18951501791127032,0.1005952380952381,0.1005952380952381,0.36435657205841826,,1.4679169980809093
threshold_sensitivity,7009,10,joint_dirichlet_0.3,submitted,B3,4,5,3889,973,True,True,0.9856115107913669,0.4963768115942029,0.0,,,0.015350877192982448,"equal_opportunity_gap,equalized_odds_gap",1.528624998172745
threshold_sensitivity,7009,10,joint_dirichlet_0.3,submitted,B3,4,6,3127,782,True,False,0.5869565217391305,0.5216201423097975,0.10491071428571427,0.0051020408163265085,,0.3794642857142857,"equalized_odds_gap,false_positive_rate_gap",1.3419589959084988
threshold_sensitivity,7009,10,joint_dirichlet_0.3,submitted,B3,4,7,189,48,True,False,0.9583333333333334,0.48936170212765956,,,,,"comparison_groups,subgroup_accuracy_gap",0.6175420130603015
threshold_sensitivity,7009,10,joint_dirichlet_0.3,submitted,B3,4,8,3036,760,True,True,0.9263157894736842,0.49808953252511906,0.006097560975609756,,,0.3414634146341463,"equal_opportunity_gap,equalized_odds_gap",1.377584005240351
threshold_sensitivity,7009,10,joint_dirichlet_0.3,submitted,B3,4,9,521,131,True,True,0.8091603053435115,0.4472573839662447,0.0,,,0.2314814814814815,"equal_opportunity_gap,equalized_odds_gap",0.7154589984565973
threshold_sensitivity,7009,10,joint_dirichlet_0.3,submitted,B3,5,0,586,147,True,True,0.9659863945578231,0.4913494809688581,0.0,0.0,0.0,0.1992481203007519,,0.7701250142417848
threshold_sensitivity,7009,10,joint_dirichlet_0.3,submitted,B3,5,1,684,172,True,False,0.9244186046511628,0.48036253776435045,,,,,"comparison_groups,subgroup_accuracy_gap",0.7496659818571061
threshold_sensitivity,7009,10,joint_dirichlet_0.3,submitted,B3,5,2,375,94,True,False,0.425531914893617,0.3779411764705882,,,,,"comparison_groups,subgroup_accuracy_gap",0.6702090031467378
threshold_sensitivity,7009,10,joint_dirichlet_0.3,submitted,B3,5,3,4511,1128,True,True,0.9033687943262412,0.47461574289706565,0.0,0.0,0.0,0.22354312354312356,,1.6799999866634607
threshold_sensitivity,7009,10,joint_dirichlet_0.3,submitted,B3,5,4,3587,897,True,False,0.4537346711259755,0.42300724637681164,0.12991575798134078,0.17857142857142858,0.17857142857142858,0.4206688186434673,,1.5033750096336007
threshold_sensitivity,7009,10,joint_dirichlet_0.3,submitted,B3,5,5,3889,973,True,True,0.9856115107913669,0.4963768115942029,0.0,,,0.015350877192982448,"equal_opportunity_gap,equalized_odds_gap",1.5443339943885803
threshold_sensitivity,7009,10,joint_dirichlet_0.3,submitted,B3,5,6,3127,782,True,False,0.5447570332480819,0.45041338629310546,0.005022321428571425,0.056122448979591844,,0.48195684523809523,"equalized_odds_gap,false_positive_rate_gap",1.3474590086843818
threshold_sensitivity,7009,10,joint_dirichlet_0.3,submitted,B3,5,7,189,48,True,False,0.9583333333333334,0.48936170212765956,,,,,"comparison_groups,subgroup_accuracy_gap",0.6594579899683595
threshold_sensitivity,7009,10,joint_dirichlet_0.3,submitted,B3,5,8,3036,760,True,True,0.925,0.4805194805194805,0.0,,,0.3475609756097561,"equal_opportunity_gap,equalized_odds_gap",1.3531660079024732
threshold_sensitivity,7009,10,joint_dirichlet_0.3,submitted,B3,5,9,521,131,True,True,0.8091603053435115,0.4472573839662447,0.0,,,0.2314814814814815,"equal_opportunity_gap,equalized_odds_gap",0.7073750020936131
threshold_sensitivity,7009,10,joint_dirichlet_0.3,moderate,B3,1,0,586,147,True,True,0.9659863945578231,0.4913494809688581,0.0,0.0,0.0,0.1992481203007519,,0.8903330017346889
threshold_sensitivity,7009,10,joint_dirichlet_0.3,moderate,B3,1,1,684,172,True,False,0.9244186046511628,0.48036253776435045,,,,,"comparison_groups,subgroup_accuracy_gap",0.8085420122370124
threshold_sensitivity,7009,10,joint_dirichlet_0.3,moderate,B3,1,2,375,94,True,False,0.6914893617021277,0.5308896919635174,,,,,"comparison_groups,subgroup_accuracy_gap",0.7104589894879609
threshold_sensitivity,7009,10,joint_dirichlet_0.3,moderate,B3,1,3,4511,1128,True,True,0.9033687943262412,0.47461574289706565,0.0,0.0,0.0,0.22354312354312356,,1.8591670086607337
threshold_sensitivity,7009,10,joint_dirichlet_0.3,moderate,B3,1,4,3587,897,True,True,0.7246376811594203,0.588450329059186,0.19348108491123095,0.0017857142857142794,0.12200935420039583,0.35643427941581707,,1.5452500083483756
threshold_sensitivity,7009,10,joint_dirichlet_0.3,moderate,B3,1,5,3889,973,True,False,0.9856115107913669,0.4963768115942029,0.0,,,0.015350877192982448,"equal_opportunity_gap,equalized_odds_gap",1.6086669929791242
threshold_sensitivity,7009,10,joint_dirichlet_0.3,moderate,B3,1,6,3127,782,True,True,0.7391304347826086,0.7212608331003634,0.12537202380952372,0.10204081632653061,,0.12016369047619047,"equalized_odds_gap,false_positive_rate_gap",1.4616250118706375
threshold_sensitivity,7009,10,joint_dirichlet_0.3,moderate,B3,1,7,189,48,True,False,0.9583333333333334,0.48936170212765956,,,,,"comparison_groups,subgroup_accuracy_gap",0.6361670093610883
threshold_sensitivity,7009,10,joint_dirichlet_0.3,moderate,B3,1,8,3036,760,True,False,0.925,0.4805194805194805,0.0,,,0.3475609756097561,"equal_opportunity_gap,equalized_odds_gap",1.4107910101301968
threshold_sensitivity,7009,10,joint_dirichlet_0.3,moderate,B3,1,9,521,131,True,False,0.8091603053435115,0.4472573839662447,0.0,,,0.2314814814814815,"equal_opportunity_gap,equalized_odds_gap",0.7321249868255109
threshold_sensitivity,7009,10,joint_dirichlet_0.3,moderate,B3,2,0,586,147,True,True,0.9591836734693877,0.4895833333333333,0.007518796992481203,0.0,0.007633587786259542,0.19172932330827064,,0.8018329972401261
threshold_sensitivity,7009,10,joint_dirichlet_0.3,moderate,B3,2,1,684,172,True,False,0.9244186046511628,0.48036253776435045,,,,,"comparison_groups,subgroup_accuracy_gap",0.7838329765945673
threshold_sensitivity,7009,10,joint_dirichlet_0.3,moderate,B3,2,2,375,94,True,False,0.8085106382978723,0.7661691542288557,,,,,"comparison_groups,subgroup_accuracy_gap",0.6839999987278134
threshold_sensitivity,7009,10,joint_dirichlet_0.3,moderate,B3,2,3,4511,1128,True,True,0.9051418439716312,0.501583670233194,0.005076405076405077,0.0007507507507507477,0.001218026796589525,0.21613571613571614,,1.7278339946642518
threshold_sensitivity,7009,10,joint_dirichlet_0.3,moderate,B3,2,4,3587,897,True,False,0.8283166109253066,0.7880434782608696,0.4712533952682754,0.09999999999999998,0.2492804461234035,0.08974333740109441,,1.506542001152411
threshold_sensitivity,7009,10,joint_dirichlet_0.3,moderate,B3,2,5,3889,973,True,False,0.9856115107913669,0.4963768115942029,0.0,,,0.015350877192982448,"equal_opportunity_gap,equalized_odds_gap",1.5359999961219728
threshold_sensitivity,7009,10,joint_dirichlet_0.3,moderate,B3,2,6,3127,782,True,False,0.7659846547314578,0.7658740091781393,0.0026041666666666297,0.2678571428571429,,0.27083333333333337,"equalized_odds_gap,false_positive_rate_gap",1.373957988107577
threshold_sensitivity,7009,10,joint_dirichlet_0.3,moderate,B3,2,7,189,48,True,False,0.9583333333333334,0.48936170212765956,,,,,"comparison_groups,subgroup_accuracy_gap",0.6256669876165688
threshold_sensitivity,7009,10,joint_dirichlet_0.3,moderate,B3,2,8,3036,760,True,False,0.9236842105263158,0.4968036529680365,0.002741856277623179,,,0.3381077099361597,"equal_opportunity_gap,equalized_odds_gap",1.3508340052794665
threshold_sensitivity,7009,10,joint_dirichlet_0.3,moderate,B3,2,9,521,131,True,False,0.816793893129771,0.4876140808344198,0.009259259259259259,,,0.2222222222222222,"equal_opportunity_gap,equalized_odds_gap",0.716332986485213
threshold_sensitivity,7009,10,joint_dirichlet_0.3,moderate,B3,3,0,586,147,True,True,0.9591836734693877,0.4895833333333333,0.007518796992481203,0.0,0.007633587786259542,0.19172932330827064,,0.7929170096758753
threshold_sensitivity,7009,10,joint_dirichlet_0.3,moderate,B3,3,1,684,172,True,False,0.9244186046511628,0.48036253776435045,,,,,"comparison_groups,subgroup_accuracy_gap",0.77495799632743
threshold_sensitivity,7009,10,joint_dirichlet_0.3,moderate,B3,3,2,375,94,True,False,0.6808510638297872,0.6807065217391304,,,,,"comparison_groups,subgroup_accuracy_gap",0.6860840076114982
threshold_sensitivity,7009,10,joint_dirichlet_0.3,moderate,B3,3,3,4511,1128,True,True,0.9042553191489362,0.49267057569296374,0.0013727013727013728,0.01313813813813814,0.01313813813813814,0.2198394198394198,,1.6909159894566983
threshold_sensitivity,7009,10,joint_dirichlet_0.3,moderate,B3,3,4,3587,897,True,False,0.6432552954292085,0.6432335686586457,0.30408809983072865,0.13035714285714284,0.13035714285714284,0.2511219147344801,,1.4932500198483467
threshold_sensitivity,7009,10,joint_dirichlet_0.3,moderate,B3,3,5,3889,973,True,False,0.9856115107913669,0.4963768115942029,0.0,,,0.015350877192982448,"equal_opportunity_gap,equalized_odds_gap",1.6148750146385282
threshold_sensitivity,7009,10,joint_dirichlet_0.3,moderate,B3,3,6,3127,782,True,True,0.6278772378516624,0.5902404768121292,0.03720238095238093,0.10204081632653064,,0.42113095238095233,"equalized_odds_gap,false_positive_rate_gap",1.3631659967359155
threshold_sensitivity,7009,10,joint_dirichlet_0.3,moderate,B3,3,7,189,48,True,False,0.9583333333333334,0.48936170212765956,,,,,"comparison_groups,subgroup_accuracy_gap",0.6276659842114896
threshold_sensitivity,7009,10,joint_dirichlet_0.3,moderate,B3,3,8,3036,760,True,False,0.9263157894736842,0.49808953252511906,0.006097560975609756,,,0.3414634146341463,"equal_opportunity_gap,equalized_odds_gap",1.3527920236811042
threshold_sensitivity,7009,10,joint_dirichlet_0.3,moderate,B3,3,9,521,131,True,False,0.816793893129771,0.4876140808344198,0.009259259259259259,,,0.2222222222222222,"equal_opportunity_gap,equalized_odds_gap",0.7180410029832274
threshold_sensitivity,7009,10,joint_dirichlet_0.3,moderate,B3,4,0,586,147,True,True,0.9591836734693877,0.4895833333333333,0.007518796992481203,0.0,0.007633587786259542,0.19172932330827064,,0.7918750052340329
threshold_sensitivity,7009,10,joint_dirichlet_0.3,moderate,B3,4,1,684,172,True,False,0.9244186046511628,0.48036253776435045,,,,,"comparison_groups,subgroup_accuracy_gap",0.8128749905154109
threshold_sensitivity,7009,10,joint_dirichlet_0.3,moderate,B3,4,2,375,94,True,False,0.6063829787234043,0.6027412906910337,,,,,"comparison_groups,subgroup_accuracy_gap",0.6973340059630573
threshold_sensitivity,7009,10,joint_dirichlet_0.3,moderate,B3,4,3,4511,1128,True,True,0.9051418439716312,0.501583670233194,0.005076405076405077,0.0007507507507507477,0.001218026796589525,0.21613571613571614,,1.7053339979611337
threshold_sensitivity,7009,10,joint_dirichlet_0.3,moderate,B3,4,4,3587,897,True,False,0.5730211817168339,0.5708364511257156,0.24646695272211944,0.1845238095238095,0.1845238095238095,0.29827185765460773,,1.4761670026928186
threshold_sensitivity,7009,10,joint_dirichlet_0.3,moderate,B3,4,5,3889,973,True,False,0.9856115107913669,0.4963768115942029,0.0,,,0.015350877192982448,"equal_opportunity_gap,equalized_odds_gap",1.534290990093723
threshold_sensitivity,7009,10,joint_dirichlet_0.3,moderate,B3,4,6,3127,782,True,False,0.612531969309463,0.5664292157899649,0.06063988095238093,0.06377551020408165,,0.40550595238095233,"equalized_odds_gap,false_positive_rate_gap",2.2359589929692447
threshold_sensitivity,7009,10,joint_dirichlet_0.3,moderate,B3,4,7,189,48,True,False,0.9583333333333334,0.48936170212765956,,,,,"comparison_groups,subgroup_accuracy_gap",0.9734589839354157
threshold_sensitivity,7009,10,joint_dirichlet_0.3,moderate,B3,4,8,3036,760,True,False,0.925,0.4974419656840567,0.0044197086266164675,,,0.339785562285153,"equal_opportunity_gap,equalized_odds_gap",1.6707920003682375
threshold_sensitivity,7009,10,joint_dirichlet_0.3,moderate,B3,4,9,521,131,True,False,0.816793893129771,0.4876140808344198,0.009259259259259259,,,0.2222222222222222,"equal_opportunity_gap,equalized_odds_gap",0.78112498158589
threshold_sensitivity,7009,10,joint_dirichlet_0.3,moderate,B3,5,0,586,147,True,True,0.9591836734693877,0.4895833333333333,0.007518796992481203,0.0,0.007633587786259542,0.19172932330827064,,0.7846660155337304
threshold_sensitivity,7009,10,joint_dirichlet_0.3,moderate,B3,5,1,684,172,True,False,0.9244186046511628,0.48036253776435045,,,,,"comparison_groups,subgroup_accuracy_gap",0.8022919937502593
threshold_sensitivity,7009,10,joint_dirichlet_0.3,moderate,B3,5,2,375,94,True,False,0.46808510638297873,0.43726053639846746,,,,,"comparison_groups,subgroup_accuracy_gap",0.6980829930398613
threshold_sensitivity,7009,10,joint_dirichlet_0.3,moderate,B3,5,3,4511,1128,True,True,0.9042553191489362,0.49267057569296374,0.0013727013727013728,0.01313813813813814,0.01313813813813814,0.2198394198394198,,1.9082500075455755
threshold_sensitivity,7009,10,joint_dirichlet_0.3,moderate,B3,5,4,3587,897,True,False,0.48940914158305465,0.47061779683730903,0.13551549029642168,0.06726190476190477,0.06726190476190477,0.40526709443766484,,1.6748339985497296
threshold_sensitivity,7009,10,joint_dirichlet_0.3,moderate,B3,5,5,3889,973,True,False,0.9856115107913669,0.4963768115942029,0.0,,,0.015350877192982448,"equal_opportunity_gap,equalized_odds_gap",1.6742500010877848
threshold_sensitivity,7009,10,joint_dirichlet_0.3,moderate,B3,5,6,3127,782,True,False,0.5664961636828645,0.48872032540082044,0.12574404761904762,0.04591836734693877,,0.35863095238095233,"equalized_odds_gap,false_positive_rate_gap",1.4630419900640845
threshold_sensitivity,7009,10,joint_dirichlet_0.3,moderate,B3,5,7,189,48,True,False,0.9583333333333334,0.48936170212765956,,,,,"comparison_groups,subgroup_accuracy_gap",0.6410419882740825
threshold_sensitivity,7009,10,joint_dirichlet_0.3,moderate,B3,5,8,3036,760,True,False,0.9263157894736842,0.49808953252511906,0.006097560975609756,,,0.3414634146341463,"equal_opportunity_gap,equalized_odds_gap",1.3935419847257435
threshold_sensitivity,7009,10,joint_dirichlet_0.3,moderate,B3,5,9,521,131,True,False,0.8091603053435115,0.4472573839662447,0.0,,,0.2314814814814815,"equal_opportunity_gap,equalized_odds_gap",0.7256250246427953
threshold_sensitivity,7009,10,joint_dirichlet_0.3,strict,B3,1,0,586,147,True,False,0.9659863945578231,0.4913494809688581,0.0,0.0,0.0,0.1992481203007519,,0.9338750096503645
threshold_sensitivity,7009,10,joint_dirichlet_0.3,strict,B3,1,1,684,172,True,False,0.9244186046511628,0.48036253776435045,,,,,"comparison_groups,subgroup_accuracy_gap",0.8192090026568621
threshold_sensitivity,7009,10,joint_dirichlet_0.3,strict,B3,1,2,375,94,True,False,0.6914893617021277,0.5308896919635174,,,,,"comparison_groups,subgroup_accuracy_gap",0.7112500024959445
threshold_sensitivity,7009,10,joint_dirichlet_0.3,strict,B3,1,3,4511,1128,True,False,0.9033687943262412,0.47461574289706565,0.0,0.0,0.0,0.22354312354312356,,1.9848329829983413
threshold_sensitivity,7009,10,joint_dirichlet_0.3,strict,B3,1,4,3587,897,True,False,0.7246376811594203,0.588450329059186,0.19348108491123095,0.0017857142857142794,0.12200935420039583,0.35643427941581707,,1.8224169907625765
threshold_sensitivity,7009,10,joint_dirichlet_0.3,strict,B3,1,5,3889,973,True,False,0.9856115107913669,0.4963768115942029,0.0,,,0.015350877192982448,"equal_opportunity_gap,equalized_odds_gap",1.6655409999657422
threshold_sensitivity,7009,10,joint_dirichlet_0.3,strict,B3,1,6,3127,782,True,False,0.7391304347826086,0.7212608331003634,0.12537202380952372,0.10204081632653061,,0.12016369047619047,"equalized_odds_gap,false_positive_rate_gap",1.443541987100616
threshold_sensitivity,7009,10,joint_dirichlet_0.3,strict,B3,1,7,189,48,True,False,0.9583333333333334,0.48936170212765956,,,,,"comparison_groups,subgroup_accuracy_gap",0.650041998596862
threshold_sensitivity,7009,10,joint_dirichlet_0.3,strict,B3,1,8,3036,760,True,False,0.925,0.4805194805194805,0.0,,,0.3475609756097561,"equal_opportunity_gap,equalized_odds_gap",1.43908298923634
threshold_sensitivity,7009,10,joint_dirichlet_0.3,strict,B3,1,9,521,131,True,False,0.8091603053435115,0.4472573839662447,0.0,,,0.2314814814814815,"equal_opportunity_gap,equalized_odds_gap",0.7473340083379298
threshold_sensitivity,7009,10,joint_dirichlet_0.3,strict,B3,2,0,586,147,True,False,0.9659863945578231,0.4913494809688581,0.0,0.0,0.0,0.1992481203007519,,0.7630829932168126
threshold_sensitivity,7009,10,joint_dirichlet_0.3,strict,B3,2,1,684,172,True,False,0.9244186046511628,0.48036253776435045,,,,,"comparison_groups,subgroup_accuracy_gap",0.7698330155108124
threshold_sensitivity,7009,10,joint_dirichlet_0.3,strict,B3,2,2,375,94,True,False,0.6914893617021277,0.5308896919635174,,,,,"comparison_groups,subgroup_accuracy_gap",0.6828749901615083
threshold_sensitivity,7009,10,joint_dirichlet_0.3,strict,B3,2,3,4511,1128,True,False,0.9033687943262412,0.47461574289706565,0.0,0.0,0.0,0.22354312354312356,,1.7587500042282045
threshold_sensitivity,7009,10,joint_dirichlet_0.3,strict,B3,2,4,3587,897,True,False,0.7246376811594203,0.588450329059186,0.19348108491123095,0.0017857142857142794,0.12200935420039583,0.35643427941581707,,1.5252080047503114
threshold_sensitivity,7009,10,joint_dirichlet_0.3,strict,B3,2,5,3889,973,True,False,0.9856115107913669,0.4963768115942029,0.0,,,0.015350877192982448,"equal_opportunity_gap,equalized_odds_gap",1.7012919997796416
threshold_sensitivity,7009,10,joint_dirichlet_0.3,strict,B3,2,6,3127,782,True,False,0.7391304347826086,0.7212608331003634,0.12537202380952372,0.10204081632653061,,0.12016369047619047,"equalized_odds_gap,false_positive_rate_gap",1.424624992068857
threshold_sensitivity,7009,10,joint_dirichlet_0.3,strict,B3,2,7,189,48,True,False,0.9583333333333334,0.48936170212765956,,,,,"comparison_groups,subgroup_accuracy_gap",0.636290991678834
threshold_sensitivity,7009,10,joint_dirichlet_0.3,strict,B3,2,8,3036,760,True,False,0.925,0.4805194805194805,0.0,,,0.3475609756097561,"equal_opportunity_gap,equalized_odds_gap",1.5888750203885138
threshold_sensitivity,7009,10,joint_dirichlet_0.3,strict,B3,2,9,521,131,True,False,0.8091603053435115,0.4472573839662447,0.0,,,0.2314814814814815,"equal_opportunity_gap,equalized_odds_gap",0.8129590132739395
threshold_sensitivity,7009,10,joint_dirichlet_0.3,strict,B3,3,0,586,147,True,False,0.9659863945578231,0.4913494809688581,0.0,0.0,0.0,0.1992481203007519,,0.7807920046616346
threshold_sensitivity,7009,10,joint_dirichlet_0.3,strict,B3,3,1,684,172,True,False,0.9244186046511628,0.48036253776435045,,,,,"comparison_groups,subgroup_accuracy_gap",0.8776249887887388
threshold_sensitivity,7009,10,joint_dirichlet_0.3,strict,B3,3,2,375,94,True,False,0.6914893617021277,0.5308896919635174,,,,,"comparison_groups,subgroup_accuracy_gap",0.7629579922650009
threshold_sensitivity,7009,10,joint_dirichlet_0.3,strict,B3,3,3,4511,1128,True,False,0.9033687943262412,0.47461574289706565,0.0,0.0,0.0,0.22354312354312356,,1.8678330234251916
threshold_sensitivity,7009,10,joint_dirichlet_0.3,strict,B3,3,4,3587,897,True,False,0.7246376811594203,0.588450329059186,0.19348108491123095,0.0017857142857142794,0.12200935420039583,0.35643427941581707,,1.5809580218046904
threshold_sensitivity,7009,10,joint_dirichlet_0.3,strict,B3,3,5,3889,973,True,False,0.9856115107913669,0.4963768115942029,0.0,,,0.015350877192982448,"equal_opportunity_gap,equalized_odds_gap",1.6311669896822423
threshold_sensitivity,7009,10,joint_dirichlet_0.3,strict,B3,3,6,3127,782,True,False,0.7391304347826086,0.7212608331003634,0.12537202380952372,0.10204081632653061,,0.12016369047619047,"equalized_odds_gap,false_positive_rate_gap",1.5539169835392386
threshold_sensitivity,7009,10,joint_dirichlet_0.3,strict,B3,3,7,189,48,True,False,0.9583333333333334,0.48936170212765956,,,,,"comparison_groups,subgroup_accuracy_gap",0.822375004645437
threshold_sensitivity,7009,10,joint_dirichlet_0.3,strict,B3,3,8,3036,760,True,False,0.925,0.4805194805194805,0.0,,,0.3475609756097561,"equal_opportunity_gap,equalized_odds_gap",1.4409159775823355
threshold_sensitivity,7009,10,joint_dirichlet_0.3,strict,B3,3,9,521,131,True,False,0.8091603053435115,0.4472573839662447,0.0,,,0.2314814814814815,"equal_opportunity_gap,equalized_odds_gap",0.8104580047074705
threshold_sensitivity,7009,10,joint_dirichlet_0.3,strict,B3,4,0,586,147,True,False,0.9659863945578231,0.4913494809688581,0.0,0.0,0.0,0.1992481203007519,,0.8898749947547913
threshold_sensitivity,7009,10,joint_dirichlet_0.3,strict,B3,4,1,684,172,True,False,0.9244186046511628,0.48036253776435045,,,,,"comparison_groups,subgroup_accuracy_gap",0.8930419862736017
threshold_sensitivity,7009,10,joint_dirichlet_0.3,strict,B3,4,2,375,94,True,False,0.6914893617021277,0.5308896919635174,,,,,"comparison_groups,subgroup_accuracy_gap",0.7380830065812916
threshold_sensitivity,7009,10,joint_dirichlet_0.3,strict,B3,4,3,4511,1128,True,False,0.9033687943262412,0.47461574289706565,0.0,0.0,0.0,0.22354312354312356,,1.99141597840935
threshold_sensitivity,7009,10,joint_dirichlet_0.3,strict,B3,4,4,3587,897,True,False,0.7246376811594203,0.588450329059186,0.19348108491123095,0.0017857142857142794,0.12200935420039583,0.35643427941581707,,1.5996250149328262
threshold_sensitivity,7009,10,joint_dirichlet_0.3,strict,B3,4,5,3889,973,True,False,0.9856115107913669,0.4963768115942029,0.0,,,0.015350877192982448,"equal_opportunity_gap,equalized_odds_gap",1.646499993512407
threshold_sensitivity,7009,10,joint_dirichlet_0.3,strict,B3,4,6,3127,782,True,False,0.7391304347826086,0.7212608331003634,0.12537202380952372,0.10204081632653061,,0.12016369047619047,"equalized_odds_gap,false_positive_rate_gap",1.4533329813275486
threshold_sensitivity,7009,10,joint_dirichlet_0.3,strict,B3,4,7,189,48,True,False,0.9583333333333334,0.48936170212765956,,,,,"comparison_groups,subgroup_accuracy_gap",0.6379589904099703
threshold_sensitivity,7009,10,joint_dirichlet_0.3,strict,B3,4,8,3036,760,True,False,0.925,0.4805194805194805,0.0,,,0.3475609756097561,"equal_opportunity_gap,equalized_odds_gap",1.426500006346032
threshold_sensitivity,7009,10,joint_dirichlet_0.3,strict,B3,4,9,521,131,True,False,0.8091603053435115,0.4472573839662447,0.0,,,0.2314814814814815,"equal_opportunity_gap,equalized_odds_gap",0.7535420008935034
threshold_sensitivity,7009,10,joint_dirichlet_0.3,strict,B3,5,0,586,147,True,False,0.9659863945578231,0.4913494809688581,0.0,0.0,0.0,0.1992481203007519,,0.7652920030523092
threshold_sensitivity,7009,10,joint_dirichlet_0.3,strict,B3,5,1,684,172,True,False,0.9244186046511628,0.48036253776435045,,,,,"comparison_groups,subgroup_accuracy_gap",0.7840420003049076
threshold_sensitivity,7009,10,joint_dirichlet_0.3,strict,B3,5,2,375,94,True,False,0.6914893617021277,0.5308896919635174,,,,,"comparison_groups,subgroup_accuracy_gap",0.6849159835837781
threshold_sensitivity,7009,10,joint_dirichlet_0.3,strict,B3,5,3,4511,1128,True,False,0.9033687943262412,0.47461574289706565,0.0,0.0,0.0,0.22354312354312356,,1.7512089980300516
threshold_sensitivity,7009,10,joint_dirichlet_0.3,strict,B3,5,4,3587,897,True,False,0.7246376811594203,0.588450329059186,0.19348108491123095,0.0017857142857142794,0.12200935420039583,0.35643427941581707,,1.5486670017708093
threshold_sensitivity,7009,10,joint_dirichlet_0.3,strict,B3,5,5,3889,973,True,False,0.9856115107913669,0.4963768115942029,0.0,,,0.015350877192982448,"equal_opportunity_gap,equalized_odds_gap",1.6923750226851553
threshold_sensitivity,7009,10,joint_dirichlet_0.3,strict,B3,5,6,3127,782,True,False,0.7391304347826086,0.7212608331003634,0.12537202380952372,0.10204081632653061,,0.12016369047619047,"equalized_odds_gap,false_positive_rate_gap",1.4081250119488686
threshold_sensitivity,7009,10,joint_dirichlet_0.3,strict,B3,5,7,189,48,True,False,0.9583333333333334,0.48936170212765956,,,,,"comparison_groups,subgroup_accuracy_gap",0.6325840076897293
threshold_sensitivity,7009,10,joint_dirichlet_0.3,strict,B3,5,8,3036,760,True,False,0.925,0.4805194805194805,0.0,,,0.3475609756097561,"equal_opportunity_gap,equalized_odds_gap",1.389291021041572
threshold_sensitivity,7009,10,joint_dirichlet_0.3,strict,B3,5,9,521,131,True,False,0.8091603053435115,0.4472573839662447,0.0,,,0.2314814814814815,"equal_opportunity_gap,equalized_odds_gap",0.7222920248750597
threshold_sensitivity,7010,10,joint_dirichlet_0.3,lenient,B3,1,0,868,218,True,True,0.8807339449541285,0.4682926829268293,0.0,0.0,0.0,0.0729965617561491,,1.0104579851031303
threshold_sensitivity,7010,10,joint_dirichlet_0.3,lenient,B3,1,1,2460,616,False,False,,,,,,,,0.0299170205835253
threshold_sensitivity,7010,10,joint_dirichlet_0.3,lenient,B3,1,2,6041,1511,True,True,0.8676373262739907,0.46948950214170354,0.0017331022530329288,0.007462686567164179,0.007462686567164179,0.15876812427864728,,2.3233750252984464
threshold_sensitivity,7010,10,joint_dirichlet_0.3,lenient,B3,1,3,2043,511,True,True,0.8356164383561644,0.4552238805970149,0.002481389578163795,0.0031152647975077885,0.0031152647975077885,0.1966960757283337,,1.2044580071233213
threshold_sensitivity,7010,10,joint_dirichlet_0.3,lenient,B3,1,4,1144,287,True,True,0.9303135888501742,0.48194945848375453,0.0,0.0,0.0,0.041960685483870996,,0.9258750069420785
threshold_sensitivity,7010,10,joint_dirichlet_0.3,lenient,B3,1,5,238,60,True,False,1.0,1.0,,,,,"comparison_groups,subgroup_accuracy_gap",0.6520000169984996
threshold_sensitivity,7010,10,joint_dirichlet_0.3,lenient,B3,1,6,2377,595,True,False,0.7680672268907563,0.7680613305613306,,,,,"comparison_groups,subgroup_accuracy_gap",1.3315829855855554
threshold_sensitivity,7010,10,joint_dirichlet_0.3,lenient,B3,1,7,1988,498,True,False,0.7871485943775101,0.7294366081679514,0.45193117977528086,,,0.5168188202247191,"equal_opportunity_gap,equalized_odds_gap",1.165166002465412
threshold_sensitivity,7010,10,joint_dirichlet_0.3,lenient,B3,1,8,1216,305,True,True,0.9311475409836065,0.48217317487266553,0.0,0.0,0.0,0.5355517633674629,,0.9605000086594373
threshold_sensitivity,7010,10,joint_dirichlet_0.3,lenient,B3,1,9,2128,533,True,True,0.9887429643527205,0.4971698113207547,0.0,,,0.025531914893617058,"equal_opportunity_gap,equalized_odds_gap",1.2312920007389039
threshold_sensitivity,7010,10,joint_dirichlet_0.3,lenient,B3,2,0,868,218,True,True,0.8853211009174312,0.506474689848773,0.005025125628140704,0.04,0.04,0.06797143612800838,,0.8755000017117709
threshold_sensitivity,7010,10,joint_dirichlet_0.3,lenient,B3,2,1,2460,616,False,False,,,,,,,,0.029499991796910763
threshold_sensitivity,7010,10,joint_dirichlet_0.3,lenient,B3,2,2,6041,1511,True,True,0.8696227663798809,0.4845459189416175,0.004128642947535618,0.007462686567164178,0.007462686567164178,0.15637258358414452,,2.1476669935509562
threshold_sensitivity,7010,10,joint_dirichlet_0.3,lenient,B3,2,3,2043,511,True,True,0.8884540117416829,0.7567581109858449,0.058588365039977885,0.02180685358255452,0.5365853658536586,0.08273596176821985,,1.13516699639149
threshold_sensitivity,7010,10,joint_dirichlet_0.3,lenient,B3,2,4,1144,287,True,True,0.9303135888501742,0.48194945848375453,0.0,0.0,0.0,0.041960685483870996,,0.8902089903131127
threshold_sensitivity,7010,10,joint_dirichlet_0.3,lenient,B3,2,5,238,60,True,False,1.0,1.0,,,,,"comparison_groups,subgroup_accuracy_gap",0.6423339946195483
threshold_sensitivity,7010,10,joint_dirichlet_0.3,lenient,B3,2,6,2377,595,True,False,0.6739495798319328,0.6195451549110086,,,,,"comparison_groups,subgroup_accuracy_gap",1.281666976865381
threshold_sensitivity,7010,10,joint_dirichlet_0.3,lenient,B3,2,7,1988,498,True,False,0.8273092369477911,0.8240282685512368,0.6888342696629213,,,0.16383426966292125,"equal_opportunity_gap,equalized_odds_gap",1.144084002589807
threshold_sensitivity,7010,10,joint_dirichlet_0.3,lenient,B3,2,8,1216,305,True,True,0.9311475409836065,0.48217317487266553,0.0,0.0,0.0,0.5355517633674629,,0.8966659952420741
threshold_sensitivity,7010,10,joint_dirichlet_0.3,lenient,B3,2,9,2128,533,True,True,0.9887429643527205,0.4971698113207547,0.0,,,0.025531914893617058,"equal_opportunity_gap,equalized_odds_gap",1.1458749941084534
threshold_sensitivity,7010,10,joint_dirichlet_0.3,lenient,B3,3,0,868,218,True,True,0.8853211009174312,0.506474689848773,0.005025125628140704,0.04,0.04,0.06797143612800838,,0.8707499946467578
threshold_sensitivity,7010,10,joint_dirichlet_0.3,lenient,B3,3,1,2460,616,False,False,,,,,,,,0.029290997190400958
threshold_sensitivity,7010,10,joint_dirichlet_0.3,lenient,B3,3,2,6041,1511,True,True,0.8696227663798809,0.4891634703666521,0.007594847453601475,0.014925373134328358,0.014925373134328358,0.15637258358414452,,2.2014589922036976
threshold_sensitivity,7010,10,joint_dirichlet_0.3,lenient,B3,3,3,2043,511,True,True,0.7045009784735812,0.615358540415244,0.006272401433691788,0.08411214953271029,0.3170731707317073,0.07145482951934568,,1.1426669952925295
threshold_sensitivity,7010,10,joint_dirichlet_0.3,lenient,B3,3,4,1144,287,True,True,0.9303135888501742,0.48194945848375453,0.0,0.0,0.0,0.041960685483870996,,0.8913330093491822
threshold_sensitivity,7010,10,joint_dirichlet_0.3,lenient,B3,3,5,238,60,True,False,1.0,1.0,,,,,"comparison_groups,subgroup_accuracy_gap",0.6359170074574649
threshold_sensitivity,7010,10,joint_dirichlet_0.3,lenient,B3,3,6,2377,595,True,False,0.6436974789915967,0.5588029548379876,,,,,"comparison_groups,subgroup_accuracy_gap",1.2265830009710044
threshold_sensitivity,7010,10,joint_dirichlet_0.3,lenient,B3,3,7,1988,498,True,False,0.6827309236947792,0.6818637598654418,0.47377106741573033,,,0.4675210674157303,"equal_opportunity_gap,equalized_odds_gap",1.1280830076429993
threshold_sensitivity,7010,10,joint_dirichlet_0.3,lenient,B3,3,8,1216,305,True,True,0.9311475409836065,0.48217317487266553,0.0,0.0,0.0,0.5355517633674629,,0.8996670076157898
threshold_sensitivity,7010,10,joint_dirichlet_0.3,lenient,B3,3,9,2128,533,True,True,0.9887429643527205,0.4971698113207547,0.0,,,0.025531914893617058,"equal_opportunity_gap,equalized_odds_gap",1.1683329939842224
threshold_sensitivity,7010,10,joint_dirichlet_0.3,lenient,B3,4,0,868,218,True,True,0.8853211009174312,0.506474689848773,0.005025125628140704,0.04,0.04,0.06797143612800838,,0.8747910032980144
threshold_sensitivity,7010,10,joint_dirichlet_0.3,lenient,B3,4,1,2460,616,False,False,,,,,,,,0.030709023121744394
threshold_sensitivity,7010,10,joint_dirichlet_0.3,lenient,B3,4,2,6041,1511,True,True,0.8702845797485109,0.4940202831993877,0.009327949706634406,0.022388059701492533,0.022388059701492533,0.1546394813311116,,2.1745419944636524
threshold_sensitivity,7010,10,joint_dirichlet_0.3,lenient,B3,4,3,2043,511,True,True,0.5929549902152642,0.5480952380952381,0.018426615200808738,0.09968847352024918,0.14634146341463414,0.15308795147504828,,1.14095801836811
threshold_sensitivity,7010,10,joint_dirichlet_0.3,lenient,B3,4,4,1144,287,True,True,0.9337979094076655,0.5304400241109102,0.00390625,0.05263157894736842,0.05263157894736842,0.038054435483870996,,0.8867090218700469
threshold_sensitivity,7010,10,joint_dirichlet_0.3,lenient,B3,4,5,238,60,True,False,1.0,1.0,,,,,"comparison_groups,subgroup_accuracy_gap",0.6383329746313393
threshold_sensitivity,7010,10,joint_dirichlet_0.3,lenient,B3,4,6,2377,595,True,False,0.6184873949579832,0.5138906384403039,,,,,"comparison_groups,subgroup_accuracy_gap",1.237167016370222
threshold_sensitivity,7010,10,joint_dirichlet_0.3,lenient,B3,4,7,1988,498,True,False,0.6104417670682731,0.6043086500655308,0.36127106741573034,,,0.5800210674157302,"equal_opportunity_gap,equalized_odds_gap",1.1486670118756592
threshold_sensitivity,7010,10,joint_dirichlet_0.3,lenient,B3,4,8,1216,305,True,True,0.9311475409836065,0.48217317487266553,0.0,0.0,0.0,0.5355517633674629,,0.9086669888347387
threshold_sensitivity,7010,10,joint_dirichlet_0.3,lenient,B3,4,9,2128,533,True,True,0.9906191369606003,0.6404964251989748,0.00425531914893617,,,0.021276595744680882,"equal_opportunity_gap,equalized_odds_gap",1.152874989202246
threshold_sensitivity,7010,10,joint_dirichlet_0.3,lenient,B3,5,0,868,218,True,True,0.8853211009174312,0.506474689848773,0.005025125628140704,0.04,0.04,0.06797143612800838,,0.8697500161360949
threshold_sensitivity,7010,10,joint_dirichlet_0.3,lenient,B3,5,1,2460,616,False,False,,,,,,,,0.028999987989664078
threshold_sensitivity,7010,10,joint_dirichlet_0.3,lenient,B3,5,2,6041,1511,True,True,0.8702845797485109,0.4940202831993877,0.009327949706634406,0.022388059701492533,0.022388059701492533,0.1546394813311116,,2.199624985223636
threshold_sensitivity,7010,10,joint_dirichlet_0.3,lenient,B3,5,3,2043,511,True,False,0.49902152641878667,0.47604857573135956,0.08402260821615659,0.15264797507788164,0.15264797507788164,0.23357228195937868,,1.1553750082384795
threshold_sensitivity,7010,10,joint_dirichlet_0.3,lenient,B3,5,4,1144,287,True,True,0.9337979094076655,0.5304400241109102,0.00390625,0.05263157894736842,0.05263157894736842,0.038054435483870996,,0.900499988347292
threshold_sensitivity,7010,10,joint_dirichlet_0.3,lenient,B3,5,5,238,60,True,False,1.0,1.0,,,,,"comparison_groups,subgroup_accuracy_gap",0.6351250049192458
threshold_sensitivity,7010,10,joint_dirichlet_0.3,lenient,B3,5,6,2377,595,True,False,0.6050420168067226,0.4885118649151879,,,,,"comparison_groups,subgroup_accuracy_gap",1.218374993186444
threshold_sensitivity,7010,10,joint_dirichlet_0.3,lenient,B3,5,7,1988,498,True,True,0.5742971887550201,0.5624336870026525,0.3075140449438202,,,0.6450140449438202,"equal_opportunity_gap,equalized_odds_gap",1.1247499787714332
threshold_sensitivity,7010,10,joint_dirichlet_0.3,lenient,B3,5,8,1216,305,True,True,0.9311475409836065,0.48217317487266553,0.0,0.0,0.0,0.5355517633674629,,0.9182080102618784
threshold_sensitivity,7010,10,joint_dirichlet_0.3,lenient,B3,5,9,2128,533,True,True,0.9887429643527205,0.622164461247637,0.00851063829787234,,,0.025531914893617058,"equal_opportunity_gap,equalized_odds_gap",1.2391659838613123
threshold_sensitivity,7010,10,joint_dirichlet_0.3,submitted,B3,1,0,868,218,True,True,0.8807339449541285,0.4682926829268293,0.0,0.0,0.0,0.0729965617561491,,1.0061250068247318
threshold_sensitivity,7010,10,joint_dirichlet_0.3,submitted,B3,1,1,2460,616,False,False,,,,,,,,0.02933302312158048
threshold_sensitivity,7010,10,joint_dirichlet_0.3,submitted,B3,1,2,6041,1511,True,True,0.8676373262739907,0.46948950214170354,0.0017331022530329288,0.007462686567164179,0.007462686567164179,0.15876812427864728,,2.326165995327756
threshold_sensitivity,7010,10,joint_dirichlet_0.3,submitted,B3,1,3,2043,511,True,True,0.8356164383561644,0.4552238805970149,0.002481389578163795,0.0031152647975077885,0.0031152647975077885,0.1966960757283337,,1.193999982206151
threshold_sensitivity,7010,10,joint_dirichlet_0.3,submitted,B3,1,4,1144,287,True,True,0.9303135888501742,0.48194945848375453,0.0,0.0,0.0,0.041960685483870996,,0.9437499975319952
threshold_sensitivity,7010,10,joint_dirichlet_0.3,submitted,B3,1,5,238,60,True,False,1.0,1.0,,,,,"comparison_groups,subgroup_accuracy_gap",0.6480409938376397
threshold_sensitivity,7010,10,joint_dirichlet_0.3,submitted,B3,1,6,2377,595,True,False,0.7680672268907563,0.7680613305613306,,,,,"comparison_groups,subgroup_accuracy_gap",1.295833004405722
threshold_sensitivity,7010,10,joint_dirichlet_0.3,submitted,B3,1,7,1988,498,True,False,0.7871485943775101,0.7294366081679514,0.45193117977528086,,,0.5168188202247191,"equal_opportunity_gap,equalized_odds_gap",1.1602500162553042
threshold_sensitivity,7010,10,joint_dirichlet_0.3,submitted,B3,1,8,1216,305,True,True,0.9311475409836065,0.48217317487266553,0.0,0.0,0.0,0.5355517633674629,,0.923416024306789
threshold_sensitivity,7010,10,joint_dirichlet_0.3,submitted,B3,1,9,2128,533,True,True,0.9887429643527205,0.4971698113207547,0.0,,,0.025531914893617058,"equal_opportunity_gap,equalized_odds_gap",1.181790983537212
threshold_sensitivity,7010,10,joint_dirichlet_0.3,submitted,B3,2,0,868,218,True,True,0.8853211009174312,0.506474689848773,0.005025125628140704,0.04,0.04,0.06797143612800838,,0.8736670133657753
threshold_sensitivity,7010,10,joint_dirichlet_0.3,submitted,B3,2,1,2460,616,False,False,,,,,,,,0.030750001315027475
threshold_sensitivity,7010,10,joint_dirichlet_0.3,submitted,B3,2,2,6041,1511,True,True,0.8696227663798809,0.4845459189416175,0.004128642947535618,0.007462686567164178,0.007462686567164178,0.15637258358414452,,2.14470800710842
threshold_sensitivity,7010,10,joint_dirichlet_0.3,submitted,B3,2,3,2043,511,True,True,0.8884540117416829,0.7567581109858449,0.058588365039977885,0.02180685358255452,0.5365853658536586,0.08273596176821985,,1.1362909863237292
threshold_sensitivity,7010,10,joint_dirichlet_0.3,submitted,B3,2,4,1144,287,True,True,0.9303135888501742,0.48194945848375453,0.0,0.0,0.0,0.041960685483870996,,0.8828330028336495
threshold_sensitivity,7010,10,joint_dirichlet_0.3,submitted,B3,2,5,238,60,True,False,1.0,1.0,,,,,"comparison_groups,subgroup_accuracy_gap",0.6375829980242997
threshold_sensitivity,7010,10,joint_dirichlet_0.3,submitted,B3,2,6,2377,595,True,False,0.6739495798319328,0.6195451549110086,,,,,"comparison_groups,subgroup_accuracy_gap",1.2153749994467944
threshold_sensitivity,7010,10,joint_dirichlet_0.3,submitted,B3,2,7,1988,498,True,False,0.8273092369477911,0.8240282685512368,0.6888342696629213,,,0.16383426966292125,"equal_opportunity_gap,equalized_odds_gap",1.1701250041369349
threshold_sensitivity,7010,10,joint_dirichlet_0.3,submitted,B3,2,8,1216,305,True,True,0.9311475409836065,0.48217317487266553,0.0,0.0,0.0,0.5355517633674629,,0.9509999945294112
threshold_sensitivity,7010,10,joint_dirichlet_0.3,submitted,B3,2,9,2128,533,True,True,0.9887429643527205,0.4971698113207547,0.0,,,0.025531914893617058,"equal_opportunity_gap,equalized_odds_gap",1.1940829863306135
threshold_sensitivity,7010,10,joint_dirichlet_0.3,submitted,B3,3,0,868,218,True,True,0.8853211009174312,0.506474689848773,0.005025125628140704,0.04,0.04,0.06797143612800838,,0.8646670030429959
threshold_sensitivity,7010,10,joint_dirichlet_0.3,submitted,B3,3,1,2460,616,False,False,,,,,,,,0.029916001949459314
threshold_sensitivity,7010,10,joint_dirichlet_0.3,submitted,B3,3,2,6041,1511,True,True,0.8696227663798809,0.4891634703666521,0.007594847453601475,0.014925373134328358,0.014925373134328358,0.15637258358414452,,2.135582995833829
threshold_sensitivity,7010,10,joint_dirichlet_0.3,submitted,B3,3,3,2043,511,True,True,0.7045009784735812,0.615358540415244,0.006272401433691788,0.08411214953271029,0.3170731707317073,0.07145482951934568,,1.137582992669195
threshold_sensitivity,7010,10,joint_dirichlet_0.3,submitted,B3,3,4,1144,287,True,True,0.9303135888501742,0.48194945848375453,0.0,0.0,0.0,0.041960685483870996,,0.8849999867379665
threshold_sensitivity,7010,10,joint_dirichlet_0.3,submitted,B3,3,5,238,60,True,False,1.0,1.0,,,,,"comparison_groups,subgroup_accuracy_gap",0.6317080114968121
threshold_sensitivity,7010,10,joint_dirichlet_0.3,submitted,B3,3,6,2377,595,True,False,0.6436974789915967,0.5588029548379876,,,,,"comparison_groups,subgroup_accuracy_gap",1.2583749776240438
threshold_sensitivity,7010,10,joint_dirichlet_0.3,submitted,B3,3,7,1988,498,True,False,0.6827309236947792,0.6818637598654418,0.47377106741573033,,,0.4675210674157303,"equal_opportunity_gap,equalized_odds_gap",1.1425420234445482
threshold_sensitivity,7010,10,joint_dirichlet_0.3,submitted,B3,3,8,1216,305,True,True,0.9311475409836065,0.48217317487266553,0.0,0.0,0.0,0.5355517633674629,,0.8997500117402524
threshold_sensitivity,7010,10,joint_dirichlet_0.3,submitted,B3,3,9,2128,533,True,True,0.9887429643527205,0.4971698113207547,0.0,,,0.025531914893617058,"equal_opportunity_gap,equalized_odds_gap",1.1456669890321791
threshold_sensitivity,7010,10,joint_dirichlet_0.3,submitted,B3,4,0,868,218,True,True,0.8853211009174312,0.506474689848773,0.005025125628140704,0.04,0.04,0.06797143612800838,,0.8653750119265169
threshold_sensitivity,7010,10,joint_dirichlet_0.3,submitted,B3,4,1,2460,616,False,False,,,,,,,,0.029040995286777616
threshold_sensitivity,7010,10,joint_dirichlet_0.3,submitted,B3,4,2,6041,1511,True,True,0.8702845797485109,0.4940202831993877,0.009327949706634406,0.022388059701492533,0.022388059701492533,0.1546394813311116,,2.185791003284976
threshold_sensitivity,7010,10,joint_dirichlet_0.3,submitted,B3,4,3,2043,511,True,False,0.5929549902152642,0.5480952380952381,0.018426615200808738,0.09968847352024918,0.14634146341463414,0.15308795147504828,,1.1389589926693588
threshold_sensitivity,7010,10,joint_dirichlet_0.3,submitted,B3,4,4,1144,287,True,True,0.9337979094076655,0.5304400241109102,0.00390625,0.05263157894736842,0.05263157894736842,0.038054435483870996,,0.8939169929362833
threshold_sensitivity,7010,10,joint_dirichlet_0.3,submitted,B3,4,5,238,60,True,False,1.0,1.0,,,,,"comparison_groups,subgroup_accuracy_gap",0.6502500036731362
threshold_sensitivity,7010,10,joint_dirichlet_0.3,submitted,B3,4,6,2377,595,True,False,0.6184873949579832,0.5138906384403039,,,,,"comparison_groups,subgroup_accuracy_gap",1.2510840024333447
threshold_sensitivity,7010,10,joint_dirichlet_0.3,submitted,B3,4,7,1988,498,True,False,0.6104417670682731,0.6043086500655308,0.36127106741573034,,,0.5800210674157302,"equal_opportunity_gap,equalized_odds_gap",1.1247500078752637
threshold_sensitivity,7010,10,joint_dirichlet_0.3,submitted,B3,4,8,1216,305,True,True,0.9311475409836065,0.48217317487266553,0.0,0.0,0.0,0.5355517633674629,,0.8978339901659638
threshold_sensitivity,7010,10,joint_dirichlet_0.3,submitted,B3,4,9,2128,533,True,True,0.9906191369606003,0.6404964251989748,0.00425531914893617,,,0.021276595744680882,"equal_opportunity_gap,equalized_odds_gap",1.151333999587223
threshold_sensitivity,7010,10,joint_dirichlet_0.3,submitted,B3,5,0,868,218,True,True,0.8853211009174312,0.506474689848773,0.005025125628140704,0.04,0.04,0.06797143612800838,,0.8638330036774278
threshold_sensitivity,7010,10,joint_dirichlet_0.3,submitted,B3,5,1,2460,616,False,False,,,,,,,,0.028791982913389802
threshold_sensitivity,7010,10,joint_dirichlet_0.3,submitted,B3,5,2,6041,1511,True,True,0.8696227663798809,0.4845459189416175,0.004128642947535618,0.007462686567164178,0.007462686567164178,0.15637258358414452,,2.1700839861296117
threshold_sensitivity,7010,10,joint_dirichlet_0.3,submitted,B3,5,3,2043,511,True,False,0.4500978473581213,0.43831876234622236,0.049099347486444234,0.11214953271028039,0.11214953271028039,0.21850013785497657,,1.12825000542216
threshold_sensitivity,7010,10,joint_dirichlet_0.3,submitted,B3,5,4,1144,287,True,True,0.9337979094076655,0.5304400241109102,0.00390625,0.05263157894736842,0.05263157894736842,0.038054435483870996,,0.8829160069581121
threshold_sensitivity,7010,10,joint_dirichlet_0.3,submitted,B3,5,5,238,60,True,False,1.0,1.0,,,,,"comparison_groups,subgroup_accuracy_gap",0.6329999887384474
threshold_sensitivity,7010,10,joint_dirichlet_0.3,submitted,B3,5,6,2377,595,True,False,0.5865546218487395,0.44935594546603663,,,,,"comparison_groups,subgroup_accuracy_gap",1.2239170027896762
threshold_sensitivity,7010,10,joint_dirichlet_0.3,submitted,B3,5,7,1988,498,True,False,0.5281124497991968,0.5043684859162385,0.240625,,,0.734375,"equal_opportunity_gap,equalized_odds_gap",1.1190829973202199
threshold_sensitivity,7010,10,joint_dirichlet_0.3,submitted,B3,5,8,1216,305,True,True,0.9311475409836065,0.48217317487266553,0.0,0.0,0.0,0.5355517633674629,,0.9005409956444055
threshold_sensitivity,7010,10,joint_dirichlet_0.3,submitted,B3,5,9,2128,533,True,True,0.9906191369606003,0.6404964251989748,0.00425531914893617,,,0.021276595744680882,"equal_opportunity_gap,equalized_odds_gap",1.1472500045783818
threshold_sensitivity,7010,10,joint_dirichlet_0.3,moderate,B3,1,0,868,218,True,True,0.8807339449541285,0.4682926829268293,0.0,0.0,0.0,0.0729965617561491,,1.0092500015161932
threshold_sensitivity,7010,10,joint_dirichlet_0.3,moderate,B3,1,1,2460,616,False,False,,,,,,,,0.02854099147953093
threshold_sensitivity,7010,10,joint_dirichlet_0.3,moderate,B3,1,2,6041,1511,True,True,0.8676373262739907,0.46948950214170354,0.0017331022530329288,0.007462686567164179,0.007462686567164179,0.15876812427864728,,2.315666002687067
threshold_sensitivity,7010,10,joint_dirichlet_0.3,moderate,B3,1,3,2043,511,True,True,0.8356164383561644,0.4552238805970149,0.002481389578163795,0.0031152647975077885,0.0031152647975077885,0.1966960757283337,,1.1737089953385293
threshold_sensitivity,7010,10,joint_dirichlet_0.3,moderate,B3,1,4,1144,287,True,True,0.9303135888501742,0.48194945848375453,0.0,0.0,0.0,0.041960685483870996,,0.9194169833790511
threshold_sensitivity,7010,10,joint_dirichlet_0.3,moderate,B3,1,5,238,60,True,False,1.0,1.0,,,,,"comparison_groups,subgroup_accuracy_gap",0.6467500061262399
threshold_sensitivity,7010,10,joint_dirichlet_0.3,moderate,B3,1,6,2377,595,True,False,0.7680672268907563,0.7680613305613306,,,,,"comparison_groups,subgroup_accuracy_gap",1.2879160058218986
threshold_sensitivity,7010,10,joint_dirichlet_0.3,moderate,B3,1,7,1988,498,True,False,0.7871485943775101,0.7294366081679514,0.45193117977528086,,,0.5168188202247191,"equal_opportunity_gap,equalized_odds_gap",1.169167022453621
threshold_sensitivity,7010,10,joint_dirichlet_0.3,moderate,B3,1,8,1216,305,True,True,0.9311475409836065,0.48217317487266553,0.0,0.0,0.0,0.5355517633674629,,0.9315829956904054
threshold_sensitivity,7010,10,joint_dirichlet_0.3,moderate,B3,1,9,2128,533,True,False,0.9887429643527205,0.4971698113207547,0.0,,,0.025531914893617058,"equal_opportunity_gap,equalized_odds_gap",1.2346669973339885
threshold_sensitivity,7010,10,joint_dirichlet_0.3,moderate,B3,2,0,868,218,True,True,0.8853211009174312,0.506474689848773,0.005025125628140704,0.04,0.04,0.06797143612800838,,0.8999580168165267
threshold_sensitivity,7010,10,joint_dirichlet_0.3,moderate,B3,2,1,2460,616,False,False,,,,,,,,0.03008398925885558
threshold_sensitivity,7010,10,joint_dirichlet_0.3,moderate,B3,2,2,6041,1511,True,True,0.8696227663798809,0.4891634703666521,0.007594847453601475,0.014925373134328358,0.014925373134328358,0.15637258358414452,,2.230042009614408
threshold_sensitivity,7010,10,joint_dirichlet_0.3,moderate,B3,2,3,2043,511,True,True,0.8845401174168297,0.7347556415783223,0.062218546089513826,0.006230529595015577,0.5975609756097561,0.1111800385993934,,1.1660830059554428
threshold_sensitivity,7010,10,joint_dirichlet_0.3,moderate,B3,2,4,1144,287,True,True,0.9303135888501742,0.48194945848375453,0.0,0.0,0.0,0.041960685483870996,,0.9145419753622264
threshold_sensitivity,7010,10,joint_dirichlet_0.3,moderate,B3,2,5,238,60,True,False,1.0,1.0,,,,,"comparison_groups,subgroup_accuracy_gap",0.6458749994635582
threshold_sensitivity,7010,10,joint_dirichlet_0.3,moderate,B3,2,6,2377,595,True,False,0.7176470588235294,0.6852089789131585,,,,,"comparison_groups,subgroup_accuracy_gap",1.2611660058610141
threshold_sensitivity,7010,10,joint_dirichlet_0.3,moderate,B3,2,7,1988,498,True,False,0.8493975903614458,0.8432009672422262,0.7157654494382022,,,0.059515449438202195,"equal_opportunity_gap,equalized_odds_gap",1.193792006233707
threshold_sensitivity,7010,10,joint_dirichlet_0.3,moderate,B3,2,8,1216,305,True,True,0.9311475409836065,0.48217317487266553,0.0,0.0,0.0,0.5355517633674629,,0.9621659992262721
threshold_sensitivity,7010,10,joint_dirichlet_0.3,moderate,B3,2,9,2128,533,True,False,0.9887429643527205,0.4971698113207547,0.0,,,0.025531914893617058,"equal_opportunity_gap,equalized_odds_gap",1.181457977509126
threshold_sensitivity,7010,10,joint_dirichlet_0.3,moderate,B3,3,0,868,218,True,True,0.8853211009174312,0.506474689848773,0.005025125628140704,0.04,0.04,0.06797143612800838,,0.8771249849814922
threshold_sensitivity,7010,10,joint_dirichlet_0.3,moderate,B3,3,1,2460,616,False,False,,,,,,,,0.028958020266145468
threshold_sensitivity,7010,10,joint_dirichlet_0.3,moderate,B3,3,2,6041,1511,True,True,0.870946393117141,0.49883231816736034,0.008257285895071236,0.007462686567164176,0.007462686567164176,0.15571014514267478,,2.2170000011101365
threshold_sensitivity,7010,10,joint_dirichlet_0.3,moderate,B3,3,3,2043,511,True,True,0.7514677103718199,0.6333937781393167,0.045009649848359534,0.11526479750778817,0.43902439024390244,0.06056428637073796,,1.1519580148160458
threshold_sensitivity,7010,10,joint_dirichlet_0.3,moderate,B3,3,4,1144,287,True,True,0.9337979094076655,0.5304400241109102,0.00390625,0.05263157894736842,0.05263157894736842,0.038054435483870996,,0.8923749846871942
threshold_sensitivity,7010,10,joint_dirichlet_0.3,moderate,B3,3,5,238,60,True,False,1.0,1.0,,,,,"comparison_groups,subgroup_accuracy_gap",0.6594170117750764
threshold_sensitivity,7010,10,joint_dirichlet_0.3,moderate,B3,3,6,2377,595,True,False,0.6621848739495798,0.5952257658371155,,,,,"comparison_groups,subgroup_accuracy_gap",1.2662500084843487
threshold_sensitivity,7010,10,joint_dirichlet_0.3,moderate,B3,3,7,1988,498,True,False,0.7269076305220884,0.7268900108069745,0.5412921348314607,,,0.3725421348314607,"equal_opportunity_gap,equalized_odds_gap",1.1302499915473163
threshold_sensitivity,7010,10,joint_dirichlet_0.3,moderate,B3,3,8,1216,305,True,True,0.9311475409836065,0.48217317487266553,0.0,0.0,0.0,0.5355517633674629,,0.9039999858941883
threshold_sensitivity,7010,10,joint_dirichlet_0.3,moderate,B3,3,9,2128,533,True,False,0.9906191369606003,0.6404964251989748,0.00425531914893617,,,0.021276595744680882,"equal_opportunity_gap,equalized_odds_gap",1.1795000173151493
threshold_sensitivity,7010,10,joint_dirichlet_0.3,moderate,B3,4,0,868,218,True,True,0.8899082568807339,0.542016806722689,0.010050251256281407,0.08,0.08,0.06294631049986765,,0.8694999851286411
threshold_sensitivity,7010,10,joint_dirichlet_0.3,moderate,B3,4,1,2460,616,False,False,,,,,,,,0.02870798925869167
threshold_sensitivity,7010,10,joint_dirichlet_0.3,moderate,B3,4,2,6041,1511,True,True,0.871608206485771,0.5036002167581115,0.007186622083508067,0.00746268656716418,0.00746268656716418,0.15678080895423796,,2.156500006094575
threshold_sensitivity,7010,10,joint_dirichlet_0.3,moderate,B3,4,3,2043,511,True,True,0.6575342465753424,0.5895243209995548,0.0058358606745703145,0.07476635514018692,0.23170731707317074,0.09408602150537626,,1.1432920000515878
threshold_sensitivity,7010,10,joint_dirichlet_0.3,moderate,B3,4,4,1144,287,True,True,0.9337979094076655,0.5304400241109102,0.00390625,0.05263157894736842,0.05263157894736842,0.038054435483870996,,0.8887920121196657
threshold_sensitivity,7010,10,joint_dirichlet_0.3,moderate,B3,4,5,238,60,True,False,1.0,1.0,,,,,"comparison_groups,subgroup_accuracy_gap",0.6361249834299088
threshold_sensitivity,7010,10,joint_dirichlet_0.3,moderate,B3,4,6,2377,595,True,False,0.6487394957983194,0.5734328102221079,,,,,"comparison_groups,subgroup_accuracy_gap",1.243041013367474
threshold_sensitivity,7010,10,joint_dirichlet_0.3,moderate,B3,4,7,1988,498,True,False,0.6586345381526104,0.6568412860547692,0.43377808988764044,,,0.4962780898876404,"equal_opportunity_gap,equalized_odds_gap",1.2053340033162385
threshold_sensitivity,7010,10,joint_dirichlet_0.3,moderate,B3,4,8,1216,305,True,True,0.9344262295081968,0.528447742733457,0.0034129692832764505,0.07142857142857142,0.07142857142857142,0.5389647326507394,,0.941792008234188
threshold_sensitivity,7010,10,joint_dirichlet_0.3,moderate,B3,4,9,2128,533,True,False,0.9887429643527205,0.622164461247637,0.00851063829787234,,,0.025531914893617058,"equal_opportunity_gap,equalized_odds_gap",1.1959160037804395
threshold_sensitivity,7010,10,joint_dirichlet_0.3,moderate,B3,5,0,868,218,True,True,0.8899082568807339,0.542016806722689,0.010050251256281407,0.08,0.08,0.06294631049986765,,0.8702920167706907
threshold_sensitivity,7010,10,joint_dirichlet_0.3,moderate,B3,5,1,2460,616,False,False,,,,,,,,0.029165996238589287
threshold_sensitivity,7010,10,joint_dirichlet_0.3,moderate,B3,5,2,6041,1511,True,True,0.8722700198544011,0.5083246083008358,0.008919724336540995,0.0,0.002257336343115124,0.15504770670120505,,2.2262090060394257
threshold_sensitivity,7010,10,joint_dirichlet_0.3,moderate,B3,5,3,2043,511,True,False,0.5909980430528375,0.5465414973611695,0.027685874460067983,0.10903426791277254,0.14634146341463414,0.16234721073430752,,1.1830829898826778
threshold_sensitivity,7010,10,joint_dirichlet_0.3,moderate,B3,5,4,1144,287,True,True,0.9303135888501742,0.5273386034255599,0.0078125,0.05263157894736842,0.05263157894736842,0.041960685483870996,,0.9033750102389604
threshold_sensitivity,7010,10,joint_dirichlet_0.3,moderate,B3,5,5,238,60,True,False,1.0,1.0,,,,,"comparison_groups,subgroup_accuracy_gap",0.643207982648164
threshold_sensitivity,7010,10,joint_dirichlet_0.3,moderate,B3,5,6,2377,595,True,False,0.6504201680672269,0.5732649233145758,,,,,"comparison_groups,subgroup_accuracy_gap",1.2848750047851354
threshold_sensitivity,7010,10,joint_dirichlet_0.3,moderate,B3,5,7,1988,498,True,False,0.6365461847389559,0.6329930823320562,0.40189606741573036,,,0.5393960674157303,"equal_opportunity_gap,equalized_odds_gap",1.1447919823694974
threshold_sensitivity,7010,10,joint_dirichlet_0.3,moderate,B3,5,8,1216,305,True,True,0.9311475409836065,0.5255906969854085,0.006825938566552901,0.07142857142857142,0.07142857142857142,0.5355517633674629,,0.9083329932764173
threshold_sensitivity,7010,10,joint_dirichlet_0.3,moderate,B3,5,9,2128,533,True,False,0.9887429643527205,0.622164461247637,0.00851063829787234,,,0.025531914893617058,"equal_opportunity_gap,equalized_odds_gap",1.1802500230260193
threshold_sensitivity,7010,10,joint_dirichlet_0.3,strict,B3,1,0,868,218,True,True,0.8807339449541285,0.4682926829268293,0.0,0.0,0.0,0.0729965617561491,,0.9649579878896475
threshold_sensitivity,7010,10,joint_dirichlet_0.3,strict,B3,1,1,2460,616,False,False,,,,,,,,0.030041992431506515
threshold_sensitivity,7010,10,joint_dirichlet_0.3,strict,B3,1,2,6041,1511,True,False,0.8676373262739907,0.46948950214170354,0.0017331022530329288,0.007462686567164179,0.007462686567164179,0.15876812427864728,,2.2808749927207828
threshold_sensitivity,7010,10,joint_dirichlet_0.3,strict,B3,1,3,2043,511,True,False,0.8356164383561644,0.4552238805970149,0.002481389578163795,0.0031152647975077885,0.0031152647975077885,0.1966960757283337,,1.1957499955315143
threshold_sensitivity,7010,10,joint_dirichlet_0.3,strict,B3,1,4,1144,287,True,True,0.9303135888501742,0.48194945848375453,0.0,0.0,0.0,0.041960685483870996,,0.9381249838043004
threshold_sensitivity,7010,10,joint_dirichlet_0.3,strict,B3,1,5,238,60,True,False,1.0,1.0,,,,,"comparison_groups,subgroup_accuracy_gap",0.6478750146925449
threshold_sensitivity,7010,10,joint_dirichlet_0.3,strict,B3,1,6,2377,595,True,False,0.7680672268907563,0.7680613305613306,,,,,"comparison_groups,subgroup_accuracy_gap",1.3302909792400897
threshold_sensitivity,7010,10,joint_dirichlet_0.3,strict,B3,1,7,1988,498,True,False,0.7871485943775101,0.7294366081679514,0.45193117977528086,,,0.5168188202247191,"equal_opportunity_gap,equalized_odds_gap",1.1769580014515668
threshold_sensitivity,7010,10,joint_dirichlet_0.3,strict,B3,1,8,1216,305,True,False,0.9311475409836065,0.48217317487266553,0.0,0.0,0.0,0.5355517633674629,,0.9300830133724958
threshold_sensitivity,7010,10,joint_dirichlet_0.3,strict,B3,1,9,2128,533,True,False,0.9887429643527205,0.4971698113207547,0.0,,,0.025531914893617058,"equal_opportunity_gap,equalized_odds_gap",1.188291993457824
threshold_sensitivity,7010,10,joint_dirichlet_0.3,strict,B3,2,0,868,218,True,True,0.8807339449541285,0.4682926829268293,0.0,0.0,0.0,0.0729965617561491,,0.8815420151222497
threshold_sensitivity,7010,10,joint_dirichlet_0.3,strict,B3,2,1,2460,616,False,False,,,,,,,,0.029667018679901958
threshold_sensitivity,7010,10,joint_dirichlet_0.3,strict,B3,2,2,6041,1511,True,False,0.8676373262739907,0.46948950214170354,0.0017331022530329288,0.007462686567164179,0.007462686567164179,0.15876812427864728,,2.200374990934506
threshold_sensitivity,7010,10,joint_dirichlet_0.3,strict,B3,2,3,2043,511,True,False,0.7729941291585127,0.6548101560680177,0.05006433232239693,0.02180685358255452,0.4268292682926829,0.0295469166436908,,1.1391669977456331
threshold_sensitivity,7010,10,joint_dirichlet_0.3,strict,B3,2,4,1144,287,True,True,0.9303135888501742,0.48194945848375453,0.0,0.0,0.0,0.041960685483870996,,0.8812499872874469
threshold_sensitivity,7010,10,joint_dirichlet_0.3,strict,B3,2,5,238,60,True,False,1.0,1.0,,,,,"comparison_groups,subgroup_accuracy_gap",0.6328749877866358
threshold_sensitivity,7010,10,joint_dirichlet_0.3,strict,B3,2,6,2377,595,True,False,0.5966386554621849,0.4698229773078294,,,,,"comparison_groups,subgroup_accuracy_gap",1.1953329958487302
threshold_sensitivity,7010,10,joint_dirichlet_0.3,strict,B3,2,7,1988,498,True,False,0.6706827309236948,0.6697826368223574,0.45628511235955055,,,0.46878511235955056,"equal_opportunity_gap,equalized_odds_gap",1.1083330027759075
threshold_sensitivity,7010,10,joint_dirichlet_0.3,strict,B3,2,8,1216,305,True,False,0.9311475409836065,0.48217317487266553,0.0,0.0,0.0,0.5355517633674629,,0.911458017071709
threshold_sensitivity,7010,10,joint_dirichlet_0.3,strict,B3,2,9,2128,533,True,False,0.9887429643527205,0.4971698113207547,0.0,,,0.025531914893617058,"equal_opportunity_gap,equalized_odds_gap",1.1450420133769512
threshold_sensitivity,7010,10,joint_dirichlet_0.3,strict,B3,3,0,868,218,True,True,0.8807339449541285,0.4682926829268293,0.0,0.0,0.0,0.0729965617561491,,0.8669580274727196
threshold_sensitivity,7010,10,joint_dirichlet_0.3,strict,B3,3,1,2460,616,False,False,,,,,,,,0.02962502185255289
threshold_sensitivity,7010,10,joint_dirichlet_0.3,strict,B3,3,2,6041,1511,True,False,0.8676373262739907,0.46948950214170354,0.0017331022530329288,0.007462686567164179,0.007462686567164179,0.15876812427864728,,2.14845800655894
threshold_sensitivity,7010,10,joint_dirichlet_0.3,strict,B3,3,3,2043,511,True,False,0.45792563600782776,0.44212434722632765,0.03853046594982079,0.012461059190031154,0.10975609756097561,0.11101920779340135,,1.1406670091673732
threshold_sensitivity,7010,10,joint_dirichlet_0.3,strict,B3,3,4,1144,287,True,True,0.9303135888501742,0.48194945848375453,0.0,0.0,0.0,0.041960685483870996,,0.9452920057810843
threshold_sensitivity,7010,10,joint_dirichlet_0.3,strict,B3,3,5,238,60,True,False,1.0,1.0,,,,,"comparison_groups,subgroup_accuracy_gap",0.6900419830344617
threshold_sensitivity,7010,10,joint_dirichlet_0.3,strict,B3,3,6,2377,595,True,False,0.5596638655462185,0.39118786515449744,,,,,"comparison_groups,subgroup_accuracy_gap",1.238917000591755
threshold_sensitivity,7010,10,joint_dirichlet_0.3,strict,B3,3,7,1988,498,True,False,0.4859437751004016,0.44835225699252285,0.175,,,0.8,"equal_opportunity_gap,equalized_odds_gap",1.1164580064360052
threshold_sensitivity,7010,10,joint_dirichlet_0.3,strict,B3,3,8,1216,305,True,False,0.9311475409836065,0.48217317487266553,0.0,0.0,0.0,0.5355517633674629,,0.9027920023072511
threshold_sensitivity,7010,10,joint_dirichlet_0.3,strict,B3,3,9,2128,533,True,False,0.9887429643527205,0.4971698113207547,0.0,,,0.025531914893617058,"equal_opportunity_gap,equalized_odds_gap",1.1500840191729367
threshold_sensitivity,7010,10,joint_dirichlet_0.3,strict,B3,4,0,868,218,True,True,0.8807339449541285,0.4682926829268293,0.0,0.0,0.0,0.0729965617561491,,0.8782499935477972
threshold_sensitivity,7010,10,joint_dirichlet_0.3,strict,B3,4,1,2460,616,False,False,,,,,,,,0.029499991796910763
threshold_sensitivity,7010,10,joint_dirichlet_0.3,strict,B3,4,2,6041,1511,True,False,0.8676373262739907,0.46948950214170354,0.0017331022530329288,0.007462686567164179,0.007462686567164179,0.15876812427864728,,2.163750003091991
threshold_sensitivity,7010,10,joint_dirichlet_0.3,strict,B3,4,3,2043,511,True,False,0.31898238747553814,0.31895891418241984,0.05663541953864534,0.028037383177570097,0.036585365853658534,0.12269092914254204,,1.128583011450246
threshold_sensitivity,7010,10,joint_dirichlet_0.3,strict,B3,4,4,1144,287,True,True,0.9303135888501742,0.48194945848375453,0.0,0.0,0.0,0.041960685483870996,,0.8926669834181666
threshold_sensitivity,7010,10,joint_dirichlet_0.3,strict,B3,4,5,238,60,True,False,1.0,1.0,,,,,"comparison_groups,subgroup_accuracy_gap",0.6347910093609244
threshold_sensitivity,7010,10,joint_dirichlet_0.3,strict,B3,4,6,2377,595,True,False,0.5563025210084034,0.38351648351648354,,,,,"comparison_groups,subgroup_accuracy_gap",1.2102909968234599
threshold_sensitivity,7010,10,joint_dirichlet_0.3,strict,B3,4,7,1988,498,True,False,0.4397590361445783,0.3813664596273292,0.103125,,,0.871875,"equal_opportunity_gap,equalized_odds_gap",1.1677920119836926
threshold_sensitivity,7010,10,joint_dirichlet_0.3,strict,B3,4,8,1216,305,True,False,0.9311475409836065,0.48217317487266553,0.0,0.0,0.0,0.5355517633674629,,0.9658750204835087
threshold_sensitivity,7010,10,joint_dirichlet_0.3,strict,B3,4,9,2128,533,True,False,0.9887429643527205,0.4971698113207547,0.0,,,0.025531914893617058,"equal_opportunity_gap,equalized_odds_gap",1.190500013763085
threshold_sensitivity,7010,10,joint_dirichlet_0.3,strict,B3,5,0,868,218,True,True,0.8807339449541285,0.4682926829268293,0.0,0.0,0.0,0.0729965617561491,,0.8706249936949462
threshold_sensitivity,7010,10,joint_dirichlet_0.3,strict,B3,5,1,2460,616,False,False,,,,,,,,0.029166985768824816
threshold_sensitivity,7010,10,joint_dirichlet_0.3,strict,B3,5,2,6041,1511,True,False,0.8676373262739907,0.46948950214170354,0.0017331022530329288,0.007462686567164179,0.007462686567164179,0.15876812427864728,,2.165625017369166
threshold_sensitivity,7010,10,joint_dirichlet_0.3,strict,B3,5,3,2043,511,True,False,0.2602739726027397,0.25754151291512917,0.02359617682198327,0.0031152647975077885,0.012195121951219513,0.16565573017185922,,1.128874981077388
threshold_sensitivity,7010,10,joint_dirichlet_0.3,strict,B3,5,4,1144,287,True,True,0.9303135888501742,0.48194945848375453,0.0,0.0,0.0,0.041960685483870996,,0.8892089826986194
threshold_sensitivity,7010,10,joint_dirichlet_0.3,strict,B3,5,5,238,60,True,False,1.0,1.0,,,,,"comparison_groups,subgroup_accuracy_gap",0.6435000104829669
threshold_sensitivity,7010,10,joint_dirichlet_0.3,strict,B3,5,6,2377,595,True,False,0.5529411764705883,0.3757494004796163,,,,,"comparison_groups,subgroup_accuracy_gap",1.2695840268861502
threshold_sensitivity,7010,10,joint_dirichlet_0.3,strict,B3,5,7,1988,498,True,False,0.42771084337349397,0.36275104053016527,0.084375,,,0.890625,"equal_opportunity_gap,equalized_odds_gap",1.1218330182600766
threshold_sensitivity,7010,10,joint_dirichlet_0.3,strict,B3,5,8,1216,305,True,False,0.9311475409836065,0.48217317487266553,0.0,0.0,0.0,0.5355517633674629,,0.9038749849423766
threshold_sensitivity,7010,10,joint_dirichlet_0.3,strict,B3,5,9,2128,533,True,False,0.9887429643527205,0.4971698113207547,0.0,,,0.025531914893617058,"equal_opportunity_gap,equalized_odds_gap",1.1508330062497407
