scenario_id,seed,client_count,partition,policy_profile,attack_type,method,round,client_id,malicious_client,train_samples,evaluation_samples,valid_update,approved,accuracy,macro_f1,demographic_parity_gap,equal_opportunity_gap,equalized_odds_gap,subgroup_accuracy_gap,undefined_metrics,runtime_ms,sample_count,label_entropy,group_entropy,label_distribution,group_distribution,joint_distribution,minority_fraction,approved_numeric,excluded_numeric,excluded_sample_fraction,minority_heavy
heterogeneity_entropy,6001,10,iid,submitted,none,B3,5,0,False,2051,513,True,True,0.7563352826510721,0.4861161197259286,0.0081247178917398,0.0584795321637426,0.0584795321637426,0.2177354952953022,,1.4625409967266023,2564,0.8240032552758512,0.9071253626894912,"{""0"": 1902, ""1"": 662}","{""Female"": 827, ""Male"": 1737}","{""0|Female"": 737, ""0|Male"": 1165, ""1|Female"": 90, ""1|Male"": 572}",0.32254290171606864,1,0,0.0,False
heterogeneity_entropy,6001,10,iid,submitted,none,B3,5,1,False,2051,513,True,True,0.7797270955165692,0.54090869492908,0.0170290353653502,0.0446871896722939,0.0446871896722939,0.1784780514655292,,1.5506669878959656,2564,0.8018733578612346,0.9148785483912224,"{""0"": 1938, ""1"": 626}","{""Female"": 846, ""Male"": 1718}","{""0|Female"": 748, ""0|Male"": 1190, ""1|Female"": 98, ""1|Male"": 528}",0.3299531981279251,1,0,0.0,True
heterogeneity_entropy,6001,10,iid,submitted,none,B3,5,2,False,2051,513,True,True,0.7894736842105263,0.5305064063453325,0.0230494014036053,0.0111111111111111,0.0111111111111111,0.1727673042520985,,1.4258750015869737,2564,0.7795582229878596,0.9152766483090544,"{""0"": 1972, ""1"": 592}","{""Female"": 847, ""Male"": 1717}","{""0|Female"": 755, ""0|Male"": 1217, ""1|Female"": 92, ""1|Male"": 500}",0.33034321372854913,1,0,0.0,True
heterogeneity_entropy,6001,10,iid,submitted,none,B3,5,3,False,2051,513,True,True,0.7699805068226121,0.5119800064495323,0.0315842303831643,0.0329195898542903,0.0329195898542903,0.1989893046277387,,1.4499160461127758,2564,0.8037755794293677,0.9100237532413932,"{""0"": 1935, ""1"": 629}","{""Female"": 834, ""Male"": 1730}","{""0|Female"": 748, ""0|Male"": 1187, ""1|Female"": 86, ""1|Male"": 543}",0.3252730109204368,1,0,0.0,False
heterogeneity_entropy,6001,10,iid,submitted,none,B3,5,4,False,2051,513,True,True,0.7543859649122807,0.4969022415940224,0.0292397660818713,0.09009009009009,0.09009009009009,0.1842105263157893,,1.2404589797370136,2564,0.8174014061324145,0.9180356041740556,"{""0"": 1913, ""1"": 651}","{""Female"": 854, ""Male"": 1710}","{""0|Female"": 759, ""0|Male"": 1154, ""1|Female"": 95, ""1|Male"": 556}",0.3330733229329173,1,0,0.0,True
heterogeneity_entropy,6001,10,iid,submitted,none,B3,5,5,False,2051,513,True,True,0.7563352826510721,0.4861161197259286,0.0055043346635475,0.064549713690786,0.064549713690786,0.2221859089032613,,1.2423750013113022,2564,0.8174014061324145,0.9144794558577996,"{""0"": 1913, ""1"": 651}","{""Female"": 845, ""Male"": 1719}","{""0|Female"": 761, ""0|Male"": 1152, ""1|Female"": 84, ""1|Male"": 567}",0.3295631825273011,1,0,0.0,True
heterogeneity_entropy,6001,10,iid,submitted,none,B3,5,6,False,2051,513,True,True,0.7602339181286549,0.4882191203069111,0.0191344206374586,0.0142201834862385,0.0142201834862385,0.1742884553885513,,1.2883330346085131,2564,0.8143543201144313,0.8918907331934122,"{""0"": 1918, ""1"": 646}","{""Female"": 792, ""Male"": 1772}","{""0|Female"": 692, ""0|Male"": 1226, ""1|Female"": 100, ""1|Male"": 546}",0.3088923556942278,1,0,0.0,False
heterogeneity_entropy,6001,10,iid,submitted,none,B3,5,7,False,2050,513,True,True,0.783625730994152,0.5324608146609411,0.0170290353653502,0.0712121212121212,0.0712121212121212,0.1285434154396587,,1.2383749708533287,2563,0.7803910017141505,0.9138103199251916,"{""0"": 1970, ""1"": 593}","{""Female"": 843, ""Male"": 1720}","{""0|Female"": 746, ""0|Male"": 1224, ""1|Female"": 97, ""1|Male"": 496}",0.32891143191572375,1,0,0.0,True
heterogeneity_entropy,6001,10,iid,submitted,none,B3,5,8,False,2050,513,True,True,0.7485380116959064,0.5098181548831525,0.0359244072027099,0.0436179981634527,0.0436179981634527,0.2078980210376181,,1.19479198474437,2563,0.8436896433785716,0.8911226835122944,"{""0"": 1867, ""1"": 696}","{""Female"": 790, ""Male"": 1773}","{""0|Female"": 698, ""0|Male"": 1169, ""1|Female"": 92, ""1|Male"": 604}",0.30823253999219663,1,0,0.0,False
heterogeneity_entropy,6001,10,iid,submitted,none,B3,5,9,False,2050,513,True,True,0.7797270955165692,0.5354489722322394,0.0315842303831643,0.0783549783549783,0.0783549783549783,0.1401474507632134,,1.3529169955290854,2563,0.8083274825101868,0.9109760648358344,"{""0"": 1927, ""1"": 636}","{""Female"": 836, ""Male"": 1727}","{""0|Female"": 725, ""0|Male"": 1202, ""1|Female"": 111, ""1|Male"": 525}",0.3261802575107296,1,0,0.0,False
heterogeneity_entropy,6001,10,joint_dirichlet_1.0,submitted,none,B3,5,0,False,2207,552,True,True,0.9130434782608696,0.4772727272727273,0.0,0.0,0.0,0.277067200782248,,1.3118329807184637,2759,0.4300128820258005,0.8746801257131713,"{""0"": 2516, ""1"": 243}","{""Female"": 813, ""Male"": 1946}","{""0|Female"": 583, ""0|Male"": 1933, ""1|Female"": 230, ""1|Male"": 13}",0.2946719826023922,1,0,0.0,False
heterogeneity_entropy,6001,10,joint_dirichlet_1.0,submitted,none,B3,5,1,False,1008,253,True,True,0.6403162055335968,0.5313384223918575,0.1,0.202020202020202,0.202020202020202,0.1251384274640088,,0.9882500162348152,1261,0.9882089579443843,0.6552134209790117,"{""0"": 711, ""1"": 550}","{""Female"": 213, ""Male"": 1048}","{""0|Female"": 158, ""0|Male"": 553, ""1|Female"": 55, ""1|Male"": 495}",0.168913560666138,1,0,0.0,False
heterogeneity_entropy,6001,10,joint_dirichlet_1.0,submitted,none,B3,5,2,False,441,111,True,False,0.6036036036036037,0.5336134453781513,0.1443298969072164,0.2790697674418604,0.2790697674418604,0.4455081001472754,,0.8496249793097377,552,0.9992328356904396,0.5333055614125922,"{""0"": 285, ""1"": 267}","{""Female"": 67, ""Male"": 485}","{""0|Female"": 14, ""0|Male"": 271, ""1|Female"": 53, ""1|Male"": 214}",0.1213768115942029,0,1,0.021531380426726997,False
heterogeneity_entropy,6001,10,joint_dirichlet_1.0,submitted,none,B3,5,3,False,4359,1090,True,True,0.6458715596330276,0.5099834153249851,0.075988578350783,0.0442022403875264,0.0442022403875264,0.3513368521242537,,2.059333026409149,5449,0.9727879031052612,0.980450905223048,"{""0"": 3252, ""1"": 2197}","{""Female"": 2277, ""Male"": 3172}","{""0|Female"": 1915, ""0|Male"": 1337, ""1|Female"": 362, ""1|Male"": 1835}",0.4178748394200771,1,0,0.0,True
heterogeneity_entropy,6001,10,joint_dirichlet_1.0,submitted,none,B3,5,4,False,3500,876,True,True,0.795662100456621,0.5013340880975172,0.0193370165745856,0.0638297872340425,0.0638297872340425,0.2392774062227392,,1.725875015836209,4376,0.7514269474363934,0.6670694782188421,"{""0"": 3434, ""1"": 942}","{""Female"": 762, ""Male"": 3614}","{""0|Female"": 756, ""0|Male"": 2678, ""1|Female"": 6, ""1|Male"": 936}",0.17413162705667276,1,0,0.0,False
heterogeneity_entropy,6001,10,joint_dirichlet_1.0,submitted,none,B3,5,5,False,1116,279,True,True,0.8817204301075269,0.4970226714012565,0.0111064099851914,0.125,0.125,0.1811931457584091,,1.071874983608723,1395,0.5160279447474926,0.9797816672751476,"{""0"": 1234, ""1"": 161}","{""Female"": 814, ""Male"": 581}","{""0|Female"": 773, ""0|Male"": 461, ""1|Female"": 41, ""1|Male"": 120}",0.4164874551971326,1,0,0.0,True
heterogeneity_entropy,6001,10,joint_dirichlet_1.0,submitted,none,B3,5,6,False,1372,344,True,True,0.9331395348837208,0.4827067669172932,0.0089285714285714,0.0,0.0109890109890109,0.1921182266009852,,1.369291974697262,1716,0.3502453554886734,0.9111435237116868,"{""0"": 1603, ""1"": 113}","{""Female"": 1156, ""Male"": 560}","{""0|Female"": 1150, ""0|Male"": 453, ""1|Female"": 6, ""1|Male"": 107}",0.32634032634032634,1,0,0.0,True
heterogeneity_entropy,6001,10,joint_dirichlet_1.0,submitted,none,B3,5,7,False,1144,286,True,True,0.6748251748251748,0.5239731543624161,0.1016492928106494,0.1247947454844006,0.1247947454844006,0.3527137473694514,,1.2374999932944777,1430,0.9548196768885362,0.999316959634874,"{""0"": 893, ""1"": 537}","{""Female"": 693, ""Male"": 737}","{""0|Female"": 591, ""0|Male"": 302, ""1|Female"": 102, ""1|Male"": 435}",0.4846153846153846,1,0,0.0,True
heterogeneity_entropy,6001,10,joint_dirichlet_1.0,submitted,none,B3,5,8,False,2691,673,True,True,0.8796433878157504,0.5226741386103936,0.0093323436764546,0.0609756097560975,0.0609756097560975,0.1838589376878235,,1.784041989594698,3364,0.5473080571763932,0.9822912625958146,"{""0"": 2939, ""1"": 425}","{""Female"": 1419, ""Male"": 1945}","{""0|Female"": 1404, ""0|Male"": 1535, ""1|Female"": 15, ""1|Male"": 410}",0.4218192627824019,1,0,0.0,True
heterogeneity_entropy,6001,10,joint_dirichlet_1.0,submitted,none,B3,5,9,False,2668,667,True,True,0.7376311844077961,0.5035619351408825,0.0309119010819165,0.0977011494252873,0.0977011494252873,0.5027047913446677,,1.6412080149166286,3335,0.860787997067775,0.1943166655970293,"{""0"": 2388, ""1"": 947}","{""Female"": 100, ""Male"": 3235}","{""0|Female"": 25, ""0|Male"": 2363, ""1|Female"": 75, ""1|Male"": 872}",0.029985007496251874,1,0,0.0,False
heterogeneity_entropy,6001,10,joint_dirichlet_0.3,submitted,none,B3,5,0,False,1416,354,True,False,0.980225988700565,0.4950071326676177,,,,,"comparison_groups,subgroup_accuracy_gap",1.2810829794034362,1770,0.1433396281575998,0.0126908624821952,"{""0"": 1734, ""1"": 36}","{""Female"": 1768, ""Male"": 2}","{""0|Female"": 1732, ""0|Male"": 2, ""1|Female"": 36}",0.0011299435028248588,0,1,0.06904083941178765,False
heterogeneity_entropy,6001,10,joint_dirichlet_0.3,submitted,none,B3,5,1,False,196,49,True,False,0.5306122448979592,0.4888888888888889,,,,,"comparison_groups,subgroup_accuracy_gap",0.7770420052111149,245,0.5478460177297599,0.1437261699393817,"{""0"": 31, ""1"": 214}","{""Female"": 5, ""Male"": 240}","{""0|Male"": 31, ""1|Female"": 5, ""1|Male"": 209}",0.02040816326530612,0,1,0.009556500370558177,False
heterogeneity_entropy,6001,10,joint_dirichlet_0.3,submitted,none,B3,5,2,False,1228,307,True,True,0.755700325732899,0.507223113964687,0.0139763609697178,0.1824324324324324,0.1824324324324324,0.354067811232853,,1.1126669705845416,1535,0.8382210133380026,0.9880859695849156,"{""0"": 1124, ""1"": 411}","{""Female"": 866, ""Male"": 669}","{""0|Female"": 494, ""0|Male"": 630, ""1|Female"": 372, ""1|Male"": 39}",0.4358306188925081,1,0,0.0,True
heterogeneity_entropy,6001,10,joint_dirichlet_0.3,submitted,none,B3,5,3,False,1908,477,True,True,0.9664570230607966,0.4914712153518124,0.0,0.0,0.0,0.2429411764705882,,1.35629199212417,2385,0.2098228697645815,0.4943898963010292,"{""0"": 2306, ""1"": 79}","{""Female"": 2127, ""Male"": 258}","{""0|Female"": 2111, ""0|Male"": 195, ""1|Female"": 16, ""1|Male"": 63}",0.10817610062893082,1,0,0.0,True
heterogeneity_entropy,6001,10,joint_dirichlet_0.3,submitted,none,B3,5,4,False,1565,392,True,False,0.5969387755102041,0.4892466024541496,0.367801597309794,0.0285714285714285,0.0285714285714285,0.2669188734762505,,1.1991659994237125,1957,0.3865762598067172,0.3465782333075725,"{""0"": 148, ""1"": 1809}","{""Female"": 127, ""Male"": 1830}","{""0|Female"": 103, ""0|Male"": 45, ""1|Female"": 24, ""1|Male"": 1785}",0.06489524782830863,0,1,0.07633498459258103,True
heterogeneity_entropy,6001,10,joint_dirichlet_0.3,submitted,none,B3,5,5,False,902,226,True,False,0.9823008849557522,0.4955357142857143,,,,,"comparison_groups,subgroup_accuracy_gap",0.890041992533952,1128,0.1074037700685273,0.0410333160509993,"{""0"": 1112, ""1"": 16}","{""Female"": 5, ""Male"": 1123}","{""0|Female"": 2, ""0|Male"": 1110, ""1|Female"": 3, ""1|Male"": 13}",0.004432624113475178,0,1,0.04399890782852908,False
heterogeneity_entropy,6001,10,joint_dirichlet_0.3,submitted,none,B3,5,6,False,2669,668,True,True,0.8532934131736527,0.5224673202614378,0.0489510489510489,0.0693069306930693,0.0693069306930693,0.6497236097236097,,1.6328339697793126,3337,0.6286012990352127,0.7473018562515057,"{""0"": 2811, ""1"": 526}","{""Female"": 2626, ""Male"": 711}","{""0|Female"": 2603, ""0|Male"": 208, ""1|Female"": 23, ""1|Male"": 503}",0.21306562780940966,1,0,0.0,True
heterogeneity_entropy,6001,10,joint_dirichlet_0.3,submitted,none,B3,5,7,False,1563,391,True,False,0.5063938618925832,0.4981879359759544,0.027850569809251,0.0693232131562302,0.0693232131562302,0.1284356146017429,,1.3413329725153744,1954,0.9123862448079694,0.8956740508377274,"{""0"": 640, ""1"": 1314}","{""Female"": 610, ""Male"": 1344}","{""0|Female"": 144, ""0|Male"": 496, ""1|Female"": 466, ""1|Male"": 848}",0.31218014329580346,0,1,0.07621796622069665,True
heterogeneity_entropy,6001,10,joint_dirichlet_0.3,submitted,none,B3,5,8,False,89,23,True,False,0.9565217391304348,0.4888888888888889,,,,,"comparison_groups,subgroup_accuracy_gap",0.8276249864138663,112,0.2222848306856879,0.2631887790276082,"{""0"": 108, ""1"": 4}","{""Female"": 5, ""Male"": 107}","{""0|Female"": 5, ""0|Male"": 103, ""1|Male"": 4}",0.044642857142857144,0,1,0.004368685883683738,False
heterogeneity_entropy,6001,10,joint_dirichlet_0.3,submitted,none,B3,5,9,False,8971,2243,True,True,0.8283548818546589,0.4821237630382856,0.0063405797101449,,,0.1743659420289854,"equal_opportunity_gap,equalized_odds_gap",3.5110830212943256,11214,0.6711159994071497,0.1159984594505311,"{""0"": 9241, ""1"": 1973}","{""Female"": 175, ""Male"": 11039}","{""0|Female"": 175, ""0|Male"": 9066, ""1|Male"": 1973}",0.015605493133583021,1,0,0.0,False
heterogeneity_entropy,6002,10,iid,submitted,none,B3,5,0,False,2051,513,True,True,0.7855750487329435,0.5395123384253819,0.0375258799171842,0.0694444444444444,0.0694444444444444,0.1683747412008281,,1.364167022984475,2564,0.7922010064704774,0.9112509094006872,"{""0"": 1953, ""1"": 611}","{""Female"": 837, ""Male"": 1727}","{""0|Female"": 748, ""0|Male"": 1205, ""1|Female"": 89, ""1|Male"": 522}",0.3264430577223089,1,0,0.0,False
heterogeneity_entropy,6002,10,iid,submitted,none,B3,5,1,False,2051,513,True,True,0.7933723196881092,0.56680581224906,0.0398250060761779,0.1079059829059829,0.1079059829059829,0.1451685705357452,,1.333250023890287,2564,0.7895759568356465,0.9075424263640386,"{""0"": 1957, ""1"": 607}","{""Female"": 828, ""Male"": 1736}","{""0|Female"": 740, ""0|Male"": 1217, ""1|Female"": 88, ""1|Male"": 519}",0.32293291731669266,1,0,0.0,False
heterogeneity_entropy,6002,10,iid,submitted,none,B3,5,2,False,2051,513,True,True,0.7758284600389863,0.5272268301478543,0.0381231671554252,0.1203703703703703,0.1203703703703703,0.162313305599127,,1.252375019248575,2564,0.8087961077579308,0.92074615168846,"{""0"": 1927, ""1"": 637}","{""Female"": 861, ""Male"": 1703}","{""0|Female"": 762, ""0|Male"": 1165, ""1|Female"": 99, ""1|Male"": 538}",0.3358034321372855,1,0,0.0,True
heterogeneity_entropy,6002,10,iid,submitted,none,B3,5,3,False,2051,513,True,True,0.7855750487329435,0.5504588617678924,0.0206813066903089,0.0462962962962962,0.0462962962962962,0.1913830730409874,,1.380832982249558,2564,0.8056671329063219,0.9195904033256002,"{""0"": 1932, ""1"": 632}","{""Female"": 858, ""Male"": 1706}","{""0|Female"": 767, ""0|Male"": 1165, ""1|Female"": 91, ""1|Male"": 541}",0.3346333853354134,1,0,0.0,True
heterogeneity_entropy,6002,10,iid,submitted,none,B3,5,4,False,2051,513,True,True,0.7563352826510721,0.4980234060041488,0.0087804352510234,0.095947834187238,0.095947834187238,0.2027580262874381,,1.261457975488156,2564,0.8228132756590831,0.8863790387472434,"{""0"": 1904, ""1"": 660}","{""Female"": 780, ""Male"": 1784}","{""0|Female"": 683, ""0|Male"": 1221, ""1|Female"": 97, ""1|Male"": 563}",0.3042121684867395,1,0,0.0,False
heterogeneity_entropy,6002,10,iid,submitted,none,B3,5,5,False,2051,513,True,True,0.7758284600389863,0.5327831851048159,0.0392433653303218,0.1261261261261261,0.1261261261261261,0.1818711180124224,,1.565875019878149,2564,0.8056671329063219,0.8976947220283461,"{""0"": 1932, ""1"": 632}","{""Female"": 805, ""Male"": 1759}","{""0|Female"": 729, ""0|Male"": 1203, ""1|Female"": 76, ""1|Male"": 556}",0.3139625585023401,1,0,0.0,False
heterogeneity_entropy,6002,10,iid,submitted,none,B3,5,6,False,2051,513,True,True,0.7641325536062378,0.4903401673330979,0.0236686390532544,0.0761904761904762,0.0761904761904762,0.1498393913778529,,1.3987919664941728,2564,0.8143543201144313,0.9267609548928618,"{""0"": 1918, ""1"": 646}","{""Female"": 877, ""Male"": 1687}","{""0|Female"": 756, ""0|Male"": 1162, ""1|Female"": 121, ""1|Male"": 525}",0.3420436817472699,1,0,0.0,True
heterogeneity_entropy,6002,10,iid,submitted,none,B3,5,7,False,2050,513,True,True,0.7621832358674464,0.4892773207990599,0.0056765563368204,0.0048128342245989,0.0087800499312743,0.1973246441433717,,1.2872499646618962,2563,0.8058221363810684,0.9158049259182678,"{""0"": 1931, ""1"": 632}","{""Female"": 848, ""Male"": 1715}","{""0|Female"": 765, ""0|Male"": 1166, ""1|Female"": 83, ""1|Male"": 549}",0.3308622707764339,1,0,0.0,True
heterogeneity_entropy,6002,10,iid,submitted,none,B3,5,8,False,2050,513,True,True,0.7699805068226121,0.5119800064495323,0.024529449652902,0.0391115403186866,0.0391115403186866,0.166249194875832,,1.4057079679332674,2563,0.8120502113703928,0.8874493398595319,"{""0"": 1921, ""1"": 642}","{""Female"": 782, ""Male"": 1781}","{""0|Female"": 688, ""0|Male"": 1233, ""1|Female"": 94, ""1|Male"": 548}",0.30511119781506046,1,0,0.0,False
heterogeneity_entropy,6002,10,iid,submitted,none,B3,5,9,False,2050,513,True,True,0.7543859649122807,0.5134439359267735,0.0346273291925465,0.1130434782608695,0.1130434782608695,0.1616459627329193,,1.4127499889582396,2563,0.8363748888146634,0.9117908390840868,"{""0"": 1880, ""1"": 683}","{""Female"": 838, ""Male"": 1725}","{""0|Female"": 731, ""0|Male"": 1149, ""1|Female"": 107, ""1|Male"": 576}",0.3269605930550137,1,0,0.0,True
heterogeneity_entropy,6002,10,joint_dirichlet_1.0,submitted,none,B3,5,0,False,2764,691,True,True,0.9927641099855282,0.4981844589687726,0.0,0.0,0.0,0.0020201085615593,,1.520124962553382,3455,0.0638996715326517,0.6399573010341322,"{""0"": 3429, ""1"": 26}","{""Female"": 561, ""Male"": 2894}","{""0|Female"": 554, ""0|Male"": 2875, ""1|Female"": 7, ""1|Male"": 19}",0.16237337192474674,1,0,0.0,False
heterogeneity_entropy,6002,10,joint_dirichlet_1.0,submitted,none,B3,5,1,False,1706,427,True,False,0.5690866510538641,0.4555383080164097,0.008693438091081,0.0378634212305611,0.0378634212305611,0.078313691255638,,1.2437080149538815,2133,0.9994848137721576,0.6892814382128498,"{""0"": 1095, ""1"": 1038}","{""Female"": 393, ""Male"": 1740}","{""0|Female"": 223, ""0|Male"": 872, ""1|Female"": 170, ""1|Male"": 868}",0.18424753867791843,0,1,0.08320006240979834,False
heterogeneity_entropy,6002,10,joint_dirichlet_1.0,submitted,none,B3,5,2,False,1742,436,True,False,0.6032110091743119,0.4660153622880605,0.0430913348946135,0.0715045188729399,0.0715045188729399,0.1153005464480874,,1.2119170278310776,2178,0.990627088794418,0.6348804173543857,"{""0"": 1213, ""1"": 965}","{""Female"": 349, ""Male"": 1829}","{""0|Female"": 238, ""0|Male"": 975, ""1|Female"": 111, ""1|Male"": 854}",0.16023875114784206,0,1,0.08495533798806412,False
heterogeneity_entropy,6002,10,joint_dirichlet_1.0,submitted,none,B3,5,3,False,1736,435,True,True,0.6620689655172414,0.4343603216304434,0.0165195291599785,0.04,0.04,0.5214686998394863,,1.2273750035092237,2171,0.9349493930332976,0.9618586822020286,"{""0"": 1409, ""1"": 762}","{""Female"": 837, ""Male"": 1334}","{""0|Female"": 826, ""0|Male"": 583, ""1|Female"": 11, ""1|Male"": 751}",0.3855366190695532,1,0,0.0,True
heterogeneity_entropy,6002,10,joint_dirichlet_1.0,submitted,none,B3,5,4,False,774,194,True,True,0.9896907216494846,0.4974093264248704,0.0,,,0.0833333333333333,"equal_opportunity_gap,equalized_odds_gap",0.8790839929133654,968,0.0962927636813615,0.5377358353012732,"{""0"": 956, ""1"": 12}","{""Female"": 119, ""Male"": 849}","{""0|Female"": 109, ""0|Male"": 847, ""1|Female"": 10, ""1|Male"": 2}",0.12293388429752067,1,0,0.0,False
heterogeneity_entropy,6002,10,joint_dirichlet_1.0,submitted,none,B3,5,5,False,3279,820,True,True,0.9829268292682928,0.5581896551724138,0.0018315018315018,0.0833333333333333,0.0833333333333333,0.009197615037031,,1.6878750175237656,4099,0.1345636249851977,0.9187019007406814,"{""0"": 4022, ""1"": 77}","{""Female"": 2731, ""Male"": 1368}","{""0|Female"": 2670, ""0|Male"": 1352, ""1|Female"": 61, ""1|Male"": 16}",0.3337399365698951,1,0,0.0,True
heterogeneity_entropy,6002,10,joint_dirichlet_1.0,submitted,none,B3,5,6,False,664,167,True,True,0.8023952095808383,0.4733874820831342,0.0112359550561797,0.032258064516129,0.032258064516129,0.2986171132238548,,1.0011669946834445,831,0.7262391290068339,0.9974905034754892,"{""0"": 663, ""1"": 168}","{""Female"": 391, ""Male"": 440}","{""0|Female"": 376, ""0|Male"": 287, ""1|Female"": 15, ""1|Male"": 153}",0.470517448856799,1,0,0.0,True
heterogeneity_entropy,6002,10,joint_dirichlet_1.0,submitted,none,B3,5,7,False,1789,448,True,True,0.7477678571428571,0.4445651339104484,0.0130927596576451,0.0812003530450132,0.0812003530450132,0.0802683321767291,,1.3730829814448953,2237,0.8174190290453339,0.536463327050501,"{""0"": 1669, ""1"": 568}","{""Female"": 274, ""Male"": 1963}","{""0|Female"": 221, ""0|Male"": 1448, ""1|Female"": 53, ""1|Male"": 515}",0.12248547161376844,1,0,0.0,False
heterogeneity_entropy,6002,10,joint_dirichlet_1.0,submitted,none,B3,5,8,False,3011,753,True,True,0.8313413014608234,0.5031252435507755,0.0120311946118397,0.071571906354515,0.071571906354515,0.0265295994328251,,1.6058330074883995,3764,0.6751001212105578,0.996285110545242,"{""0"": 3095, ""1"": 669}","{""Female"": 1747, ""Male"": 2017}","{""0|Female"": 1423, ""0|Male"": 1672, ""1|Female"": 324, ""1|Male"": 345}",0.4641339001062699,1,0,0.0,True
heterogeneity_entropy,6002,10,joint_dirichlet_1.0,submitted,none,B3,5,9,False,3040,761,True,False,0.5151116951379764,0.4391906870293037,0.0767579934577495,0.0869381130477736,0.0869381130477736,0.3722086713180932,,1.6259580152109263,3801,0.9922747894122464,0.7949352618794825,"{""0"": 1704, ""1"": 2097}","{""Female"": 912, ""Male"": 2889}","{""0|Female"": 729, ""0|Male"": 975, ""1|Female"": 183, ""1|Male"": 1914}",0.23993685872138912,0,1,0.14826227717751686,True
heterogeneity_entropy,6002,10,joint_dirichlet_0.3,submitted,none,B3,5,0,False,152,39,True,False,0.5897435897435898,0.4222222222222221,0.0666666666666666,0.0666666666666666,,0.85,"equalized_odds_gap,false_positive_rate_gap",0.7345420308411121,191,0.93933062195329,0.9300306737927184,"{""0"": 123, ""1"": 68}","{""Female"": 125, ""Male"": 66}","{""0|Female"": 122, ""0|Male"": 1, ""1|Female"": 3, ""1|Male"": 65}",0.34554973821989526,0,1,0.007450169676639232,True
heterogeneity_entropy,6002,10,joint_dirichlet_0.3,submitted,none,B3,5,1,False,5543,1386,True,True,0.9473304473304474,0.4997997775305895,0.0007923930269413,0.0192307692307692,0.0192307692307692,0.1370073104647001,,2.401125035248697,6929,0.3000639321700022,0.4361758967861014,"{""0"": 6560, ""1"": 369}","{""Female"": 623, ""Male"": 6306}","{""0|Female"": 512, ""0|Male"": 6048, ""1|Female"": 111, ""1|Male"": 258}",0.08991196420839948,1,0,0.0,False
heterogeneity_entropy,6002,10,joint_dirichlet_0.3,submitted,none,B3,5,2,False,1055,264,True,False,0.3333333333333333,0.3331802525832377,0.168,,,0.704,"equal_opportunity_gap,equalized_odds_gap",1.024042023345828,1319,0.6676146690544879,0.2929627901260984,"{""0"": 230, ""1"": 1089}","{""Female"": 68, ""Male"": 1251}","{""0|Female"": 68, ""0|Male"": 162, ""1|Male"": 1089}",0.05155420773313116,0,1,0.05144907750516831,False
heterogeneity_entropy,6002,10,joint_dirichlet_0.3,submitted,none,B3,5,3,False,2536,634,True,True,0.9936908517350158,0.4984177215189873,0.0,0.0,0.0,0.0073938264554717,,1.520959020126611,3170,0.0505302212562776,0.995066852298596,"{""0"": 3152, ""1"": 18}","{""Female"": 1454, ""Male"": 1716}","{""0|Female"": 1440, ""0|Male"": 1712, ""1|Female"": 14, ""1|Male"": 4}",0.4586750788643533,1,0,0.0,True
heterogeneity_entropy,6002,10,joint_dirichlet_0.3,submitted,none,B3,5,4,False,874,219,True,True,0.908675799086758,0.4760765550239234,0.0,0.0,0.0,0.061335403726708,,0.9522499749436976,1093,0.4383908286720933,0.6323799597686097,"{""0"": 994, ""1"": 99}","{""Female"": 174, ""Male"": 919}","{""0|Female"": 148, ""0|Male"": 846, ""1|Female"": 26, ""1|Male"": 73}",0.15919487648673375,1,0,0.0,True
heterogeneity_entropy,6002,10,joint_dirichlet_0.3,submitted,none,B3,5,5,False,3616,904,True,False,0.4292035398230088,0.3732984377603061,0.0896737503741394,0.0369333295998655,0.0369333295998655,0.7017459842362567,,1.8801669939421115,4520,0.9464368259003936,0.9862080787131956,"{""0"": 1648, ""1"": 2872}","{""Female"": 1948, ""Male"": 2572}","{""0|Female"": 1593, ""0|Male"": 55, ""1|Female"": 355, ""1|Male"": 2517}",0.43097345132743364,0,1,0.176307680305808,True
heterogeneity_entropy,6002,10,joint_dirichlet_0.3,submitted,none,B3,5,6,False,2436,609,True,False,0.9753694581280788,0.4937655860349127,,,,,"comparison_groups,subgroup_accuracy_gap",1.6055000014603138,3045,0.1596794095395977,0.1110200282339032,"{""0"": 2974, ""1"": 71}","{""Female"": 45, ""Male"": 3000}","{""0|Female"": 32, ""0|Male"": 2942, ""1|Female"": 13, ""1|Male"": 58}",0.014778325123152709,0,1,0.11877364746265164,False
heterogeneity_entropy,6002,10,joint_dirichlet_0.3,submitted,none,B3,5,7,False,1168,293,True,False,0.3754266211604095,0.3623238389724683,0.2886500754147812,0.2513693736603953,,0.1835721468074408,"equalized_odds_gap,false_positive_rate_gap",1.081541005987674,1461,0.5188025637788628,0.8066348817223943,"{""0"": 170, ""1"": 1291}","{""Female"": 361, ""Male"": 1100}","{""0|Female"": 170, ""1|Female"": 191, ""1|Male"": 1100}",0.24709103353867215,0,1,0.056987947107695905,True
heterogeneity_entropy,6002,10,joint_dirichlet_0.3,submitted,none,B3,5,8,False,152,38,True,False,0.6842105263157895,0.40625,,,,,"comparison_groups,subgroup_accuracy_gap",0.6851670332252979,190,0.8937800656269762,0.3190304928819363,"{""0"": 131, ""1"": 59}","{""Female"": 179, ""Male"": 11}","{""0|Female"": 126, ""0|Male"": 5, ""1|Female"": 53, ""1|Male"": 6}",0.05789473684210526,0,1,0.00741116355267777,False
heterogeneity_entropy,6002,10,joint_dirichlet_0.3,submitted,none,B3,5,9,False,2975,744,True,True,0.8817204301075269,0.4796375774916547,0.0131578947368421,0.0188679245283018,0.0188679245283018,0.6303183107469272,,1.6924579977057874,3719,0.5291444104926097,0.4775457795479769,"{""0"": 3273, ""1"": 446}","{""Female"": 3337, ""Male"": 382}","{""0|Female"": 3158, ""0|Male"": 115, ""1|Female"": 179, ""1|Male"": 267}",0.10271578381285291,1,0,0.0,False
heterogeneity_entropy,6003,10,iid,submitted,none,B3,5,0,False,2051,513,True,True,0.7699805068226121,0.5288449564134496,0.0338650306748466,0.0671171171171171,0.0671171171171171,0.1662927256792287,,1.210874994285405,2564,0.8180073432576436,0.902042078280013,"{""0"": 1912, ""1"": 652}","{""Female"": 815, ""Male"": 1749}","{""0|Female"": 716, ""0|Male"": 1196, ""1|Female"": 99, ""1|Male"": 553}",0.31786271450858034,1,0,0.0,False
heterogeneity_entropy,6003,10,iid,submitted,none,B3,5,1,False,2051,513,True,True,0.7797270955165692,0.5240366851953725,0.0227060330206638,0.0091093117408906,0.0091093117408906,0.1756602402132151,,1.1957919923588634,2564,0.797393159150842,0.91043380438228,"{""0"": 1945, ""1"": 619}","{""Female"": 835, ""Male"": 1729}","{""0|Female"": 738, ""0|Male"": 1207, ""1|Female"": 97, ""1|Male"": 522}",0.3256630265210608,1,0,0.0,False
heterogeneity_entropy,6003,10,iid,submitted,none,B3,5,2,False,2051,513,True,True,0.7582846003898636,0.5409064665127021,0.037215320910973,0.0415140415140415,0.0415140415140415,0.1824016563146997,,1.2073750258423388,2564,0.8396229961114703,0.9112509094006872,"{""0"": 1875, ""1"": 689}","{""Female"": 837, ""Male"": 1727}","{""0|Female"": 733, ""0|Male"": 1142, ""1|Female"": 104, ""1|Male"": 585}",0.3264430577223089,1,0,0.0,True
heterogeneity_entropy,6003,10,iid,submitted,none,B3,5,3,False,2051,513,True,True,0.7816764132553606,0.5578403004371114,0.0499045215849416,0.1033317238049251,0.1033317238049251,0.1710086612562231,,1.2974589481018484,2564,0.8118956995595886,0.9203618869027642,"{""0"": 1922, ""1"": 642}","{""Female"": 860, ""Male"": 1704}","{""0|Female"": 765, ""0|Male"": 1157, ""1|Female"": 95, ""1|Male"": 547}",0.33541341653666146,1,0,0.0,True
heterogeneity_entropy,6003,10,iid,submitted,none,B3,5,4,False,2051,513,True,True,0.7719298245614035,0.5131840412675497,0.0261876179043045,0.0497835497835497,0.0497835497835497,0.1563539701594923,,1.308417005930096,2564,0.8069222587215535,0.9148785483912224,"{""0"": 1930, ""1"": 634}","{""Female"": 846, ""Male"": 1718}","{""0|Female"": 738, ""0|Male"": 1192, ""1|Female"": 108, ""1|Male"": 526}",0.3299531981279251,1,0,0.0,True
heterogeneity_entropy,6003,10,iid,submitted,none,B3,5,5,False,2051,513,True,True,0.7816764132553606,0.5253139458030404,0.0368823817177999,0.0479725870930896,0.0479725870930896,0.1775106576280662,,1.374582992866635,2564,0.7835984111912652,0.9046018676754312,"{""0"": 1966, ""1"": 598}","{""Female"": 821, ""Male"": 1743}","{""0|Female"": 735, ""0|Male"": 1231, ""1|Female"": 86, ""1|Male"": 512}",0.3202028081123245,1,0,0.0,False
heterogeneity_entropy,6003,10,iid,submitted,none,B3,5,6,False,2051,513,True,True,0.7641325536062378,0.5249745548047416,0.0131138975966562,0.0009315323707498,0.0094433109880501,0.1779519331243469,,1.20095897000283,2564,0.8234088389291747,0.9058681432334956,"{""0"": 1903, ""1"": 661}","{""Female"": 824, ""Male"": 1740}","{""0|Female"": 729, ""0|Male"": 1174, ""1|Female"": 95, ""1|Male"": 566}",0.3213728549141966,1,0,0.0,False
heterogeneity_entropy,6003,10,iid,submitted,none,B3,5,7,False,2050,513,True,True,0.7738791423001949,0.5202515317639471,0.0315842303831643,0.0462962962962962,0.0462962962962962,0.1843307604444291,,1.2124159839004278,2563,0.8032978756402229,0.9105671791381422,"{""0"": 1935, ""1"": 628}","{""Female"": 835, ""Male"": 1728}","{""0|Female"": 747, ""0|Male"": 1188, ""1|Female"": 88, ""1|Male"": 540}",0.3257900897385876,1,0,0.0,True
heterogeneity_entropy,6003,10,iid,submitted,none,B3,5,8,False,2050,513,True,True,0.7641325536062378,0.5084066556320237,0.0184948299754823,0.0460526315789473,0.0460526315789473,0.2142095725402409,,1.2609169934876263,2563,0.8163401867571671,0.8929346118827093,"{""0"": 1914, ""1"": 649}","{""Female"": 794, ""Male"": 1769}","{""0|Female"": 713, ""0|Male"": 1201, ""1|Female"": 81, ""1|Male"": 568}",0.30979321108076474,1,0,0.0,False
heterogeneity_entropy,6003,10,iid,submitted,none,B3,5,9,False,2050,513,True,True,0.7855750487329435,0.5395123384253819,0.0064331911380211,0.126068376068376,0.126068376068376,0.1785812577404706,,1.2169170076958835,2563,0.7917024302539046,0.915407991109138,"{""0"": 1953, ""1"": 610}","{""Female"": 847, ""Male"": 1716}","{""0|Female"": 755, ""0|Male"": 1198, ""1|Female"": 92, ""1|Male"": 518}",0.33047210300429186,1,0,0.0,True
heterogeneity_entropy,6003,10,joint_dirichlet_1.0,submitted,none,B3,5,0,False,3980,996,True,True,0.9518072289156626,0.5260904044409199,0.0025806451612903,0.0476190476190476,0.0476190476190476,0.015413808203182,,1.7459170194342732,4976,0.2848583356610742,0.7631942762268481,"{""0"": 4729, ""1"": 247}","{""Female"": 1103, ""Male"": 3873}","{""0|Female"": 1065, ""0|Male"": 3664, ""1|Female"": 38, ""1|Male"": 209}",0.22166398713826366,1,0,0.0,False
heterogeneity_entropy,6003,10,joint_dirichlet_1.0,submitted,none,B3,5,1,False,1386,347,True,True,0.8069164265129684,0.4871506408135354,0.0113207547169811,0.05,0.05,0.0931431201104463,,1.0175830102525651,1733,0.7269770236013272,0.7873573856274984,"{""0"": 1382, ""1"": 351}","{""Female"": 408, ""Male"": 1325}","{""0|Female"": 357, ""0|Male"": 1025, ""1|Female"": 51, ""1|Male"": 300}",0.23542989036353146,1,0,0.0,False
heterogeneity_entropy,6003,10,joint_dirichlet_1.0,submitted,none,B3,5,2,False,1577,395,True,False,0.5037974683544304,0.4852393617021276,0.1742600943347328,0.1354575876618652,0.1354575876618652,0.2029751723423002,,1.200708036776632,1972,0.9422952516078836,0.9922666387194964,"{""0"": 709, ""1"": 1263}","{""Female"": 884, ""Male"": 1088}","{""0|Female"": 490, ""0|Male"": 219, ""1|Female"": 394, ""1|Male"": 869}",0.4482758620689655,0,1,0.07692007645200297,True
heterogeneity_entropy,6003,10,joint_dirichlet_1.0,submitted,none,B3,5,3,False,2148,537,True,True,0.7635009310986964,0.5106727988921814,0.0204563845282408,0.0251736111111111,0.0251736111111111,0.2650267033500566,,1.3067919644527135,2685,0.8198695459353225,0.8943094563202314,"{""0"": 1999, ""1"": 686}","{""Female"": 835, ""Male"": 1850}","{""0|Female"": 790, ""0|Male"": 1209, ""1|Female"": 45, ""1|Male"": 641}",0.31098696461824954,1,0,0.0,True
heterogeneity_entropy,6003,10,joint_dirichlet_1.0,submitted,none,B3,5,4,False,892,224,True,True,0.8035714285714286,0.5213675213675213,0.0439024390243902,0.0379506641366223,0.0379506641366223,0.3691056910569106,,0.9563330095261336,1116,0.7459802158077363,0.8371633619689057,"{""0"": 879, ""1"": 237}","{""Female"": 818, ""Male"": 298}","{""0|Female"": 733, ""0|Male"": 146, ""1|Female"": 85, ""1|Male"": 152}",0.2670250896057348,1,0,0.0,True
heterogeneity_entropy,6003,10,joint_dirichlet_1.0,submitted,none,B3,5,5,False,2342,586,True,True,0.856655290102389,0.4839818852733982,0.0053859964093357,0.03125,0.03125,0.6110320064384325,,1.3433749554678798,2928,0.594942450942849,0.2829047929798921,"{""0"": 2506, ""1"": 422}","{""Female"": 144, ""Male"": 2784}","{""0|Female"": 40, ""0|Male"": 2466, ""1|Female"": 104, ""1|Male"": 318}",0.04918032786885246,1,0,0.0,False
heterogeneity_entropy,6003,10,joint_dirichlet_1.0,submitted,none,B3,5,6,False,788,197,True,True,0.9796954314720812,0.4948717948717949,0.0,0.0,0.0,0.0571631205673758,,0.924166990444064,985,0.1431472093409471,0.7926686742623099,"{""0"": 965, ""1"": 20}","{""Female"": 750, ""Male"": 235}","{""0|Female"": 743, ""0|Male"": 222, ""1|Female"": 7, ""1|Male"": 13}",0.23857868020304568,1,0,0.0,False
heterogeneity_entropy,6003,10,joint_dirichlet_1.0,submitted,none,B3,5,7,False,2378,595,True,False,0.5781512605042017,0.5206987409696748,0.1169108669108669,0.1467611336032388,0.1467611336032388,0.3293650793650793,,1.363874995149672,2973,0.996700271765158,0.6174059376215225,"{""0"": 1386, ""1"": 1587}","{""Female"": 455, ""Male"": 2518}","{""0|Female"": 389, ""0|Male"": 997, ""1|Female"": 66, ""1|Male"": 1521}",0.15304406323578876,0,1,0.11596520653742638,False
heterogeneity_entropy,6003,10,joint_dirichlet_1.0,submitted,none,B3,5,8,False,3152,788,True,True,0.8299492385786802,0.5121599645180367,0.024390243902439,0.0652173913043478,0.0652173913043478,0.3376603217106156,,1.518750039394945,3940,0.6832868421598569,0.9972769461693304,"{""0"": 3225, ""1"": 715}","{""Female"": 2091, ""Male"": 1849}","{""0|Female"": 2068, ""0|Male"": 1157, ""1|Female"": 23, ""1|Male"": 692}",0.46928934010152284,1,0,0.0,True
heterogeneity_entropy,6003,10,joint_dirichlet_1.0,submitted,none,B3,5,9,False,1863,466,True,True,0.6523605150214592,0.4514938386421762,0.0338065035739454,0.0758620689655172,0.0758620689655172,0.2848686197523407,,1.1543750297278166,2329,0.9480895281428826,0.9381599507678616,"{""0"": 1475, ""1"": 854}","{""Female"": 826, ""Male"": 1503}","{""0|Female"": 694, ""0|Male"": 781, ""1|Female"": 132, ""1|Male"": 722}",0.35465865178188066,1,0,0.0,True
heterogeneity_entropy,6003,10,joint_dirichlet_0.3,submitted,none,B3,5,0,False,3812,953,True,True,0.9905561385099684,0.4976278334211914,0.0,0.0,0.0,0.0660278499889164,,1.751457981299609,4765,0.0756711575426363,0.5449620653815671,"{""0"": 4721, ""1"": 44}","{""Female"": 598, ""Male"": 4167}","{""0|Female"": 556, ""0|Male"": 4165, ""1|Female"": 42, ""1|Male"": 2}",0.125498426023085,1,0,0.0,False
heterogeneity_entropy,6003,10,joint_dirichlet_0.3,submitted,none,B3,5,1,False,1132,284,True,False,0.5845070422535211,0.5229744348915334,0.2147651006711409,0.2147651006711409,,0.7778274919214516,"equalized_odds_gap,false_positive_rate_gap",1.02937500923872,1416,0.9898220559635812,0.9907703353686144,"{""0"": 624, ""1"": 792}","{""Female"": 628, ""Male"": 788}","{""0|Female"": 623, ""0|Male"": 1, ""1|Female"": 5, ""1|Male"": 787}",0.4435028248587571,0,1,0.05523267152943012,True
heterogeneity_entropy,6003,10,joint_dirichlet_0.3,submitted,none,B3,5,2,False,3319,830,True,True,0.9674698795180724,0.5262056280259625,6.493506493506504e-05,0.0416666666666666,0.0416666666666666,0.0329220779220779,,1.5844170120544732,4149,0.1974407443541304,0.9223388211113784,"{""0"": 4022, ""1"": 127}","{""Female"": 1400, ""Male"": 2749}","{""0|Female"": 1391, ""0|Male"": 2631, ""1|Female"": 9, ""1|Male"": 118}",0.3374307061942637,1,0,0.0,True
heterogeneity_entropy,6003,10,joint_dirichlet_0.3,submitted,none,B3,5,3,False,4660,1165,True,True,0.6866952789699571,0.5048550924615942,0.0570871072789357,,,0.4651181953618373,"equal_opportunity_gap,equalized_odds_gap",2.1020830026827753,5825,0.934565356224325,0.9225836389826,"{""0"": 3783, ""1"": 2042}","{""Female"": 1967, ""Male"": 3858}","{""0|Female"": 1967, ""0|Male"": 1816, ""1|Male"": 2042}",0.3376824034334764,1,0,0.0,True
heterogeneity_entropy,6003,10,joint_dirichlet_0.3,submitted,none,B3,5,4,False,1973,494,True,True,0.9757085020242916,0.4938524590163934,0.002079002079002,0.0,0.0020833333333333,0.7650727650727651,,1.2048750068061054,2467,0.1541354274963691,0.1799352581230721,"{""0"": 2412, ""1"": 55}","{""Female"": 2400, ""Male"": 67}","{""0|Female"": 2395, ""0|Male"": 17, ""1|Female"": 5, ""1|Male"": 50}",0.027158492095662748,1,0,0.0,False
heterogeneity_entropy,6003,10,joint_dirichlet_0.3,submitted,none,B3,5,5,False,389,98,True,False,0.4387755102040816,0.4340018901606636,0.1303418803418803,0.0518394648829431,,0.2307692307692307,"equalized_odds_gap,false_positive_rate_gap",0.7380000315606594,487,0.8279215557194101,0.8340318343406509,"{""0"": 127, ""1"": 360}","{""Female"": 358, ""Male"": 129}","{""0|Female"": 127, ""1|Female"": 231, ""1|Male"": 129}",0.2648870636550308,0,1,0.01899598236923197,True
heterogeneity_entropy,6003,10,joint_dirichlet_0.3,submitted,none,B3,5,6,False,1392,349,True,True,0.7163323782234957,0.4846595570139458,0.0411151223425591,0.0587301587301587,,0.8325310870437224,"equalized_odds_gap,false_positive_rate_gap",1.228584034834057,1741,0.8906982989194863,0.7363907886248507,"{""0"": 1205, ""1"": 536}","{""Female"": 361, ""Male"": 1380}","{""0|Male"": 1205, ""1|Female"": 361, ""1|Male"": 175}",0.2073520964962665,1,0,0.0,False
heterogeneity_entropy,6003,10,joint_dirichlet_0.3,submitted,none,B3,5,7,False,2510,628,True,False,0.5159235668789809,0.513951688459815,0.1086326959212999,0.15508166969147,0.15508166969147,0.1085884823698463,,1.4059999957680702,3138,0.8846152316374702,0.5653034777689898,"{""0"": 950, ""1"": 2188}","{""Female"": 417, ""Male"": 2721}","{""0|Female"": 127, ""0|Male"": 823, ""1|Female"": 290, ""1|Male"": 1898}",0.13288718929254303,0,1,0.1224012169910676,False
heterogeneity_entropy,6003,10,joint_dirichlet_0.3,submitted,none,B3,5,8,False,1222,306,True,True,0.8464052287581699,0.4786674883097111,0.0069686411149825,,,0.1637630662020905,"equal_opportunity_gap,equalized_odds_gap",1.0912500438280404,1528,0.6208659367308106,0.3308646753027487,"{""0"": 1292, ""1"": 236}","{""Female"": 93, ""Male"": 1435}","{""0|Female"": 93, ""0|Male"": 1199, ""1|Male"": 236}",0.06086387434554974,1,0,0.0,False
heterogeneity_entropy,6003,10,joint_dirichlet_0.3,submitted,none,B3,5,9,False,96,25,True,False,1.0,1.0,,,,,"comparison_groups,subgroup_accuracy_gap",0.7029579719528556,121,0.1214804783188483,0.7944901065643071,"{""0"": 119, ""1"": 2}","{""Female"": 92, ""Male"": 29}","{""0|Female"": 90, ""0|Male"": 29, ""1|Female"": 2}",0.2396694214876033,0,1,0.004719740999336896,True
heterogeneity_entropy,6004,10,iid,submitted,none,B3,5,0,False,2051,513,True,True,0.7699805068226121,0.5341531736748137,0.0497076023391812,0.1376146788990825,0.1376146788990825,0.1695906432748538,,1.3353750109672546,2564,0.81065937895046,0.9168591336832322,"{""0"": 1924, ""1"": 640}","{""Female"": 851, ""Male"": 1713}","{""0|Female"": 758, ""0|Male"": 1166, ""1|Female"": 93, ""1|Male"": 547}",0.33190327613104526,1,0,0.0,True
heterogeneity_entropy,6004,10,iid,submitted,none,B3,5,1,False,2051,513,True,True,0.7563352826510721,0.5250175919410393,0.0305872042068361,0.0027777777777777,0.008695652173913,0.2132690622261174,,1.2732499744743109,2564,0.8413078911644716,0.9016119081818514,"{""0"": 1872, ""1"": 692}","{""Female"": 814, ""Male"": 1750}","{""0|Female"": 724, ""0|Male"": 1148, ""1|Female"": 90, ""1|Male"": 602}",0.3174726989079563,1,0,0.0,False
heterogeneity_entropy,6004,10,iid,submitted,none,B3,5,2,False,2051,513,True,True,0.7855750487329435,0.5504588617678924,0.0433229813664596,0.1538461538461538,0.1538461538461538,0.1329710144927536,,1.2577080051414669,2564,0.797393159150842,0.911657964511513,"{""0"": 1945, ""1"": 619}","{""Female"": 838, ""Male"": 1726}","{""0|Female"": 738, ""0|Male"": 1207, ""1|Female"": 100, ""1|Male"": 519}",0.32683307332293293,1,0,0.0,False
heterogeneity_entropy,6004,10,iid,submitted,none,B3,5,3,False,2051,513,True,True,0.7680311890838206,0.510782545979084,0.005401128388606,0.075233644859813,0.075233644859813,0.1870957754231457,,1.2738340301439166,2564,0.8081726683768473,0.913678290555806,"{""0"": 1928, ""1"": 636}","{""Female"": 843, ""Male"": 1721}","{""0|Female"": 744, ""0|Male"": 1184, ""1|Female"": 99, ""1|Male"": 537}",0.32878315132605307,1,0,0.0,True
heterogeneity_entropy,6004,10,iid,submitted,none,B3,5,4,False,2051,513,True,True,0.7660818713450293,0.5095914855649736,0.0279194912292962,0.102803738317757,0.102803738317757,0.1556188412886994,,1.207916997373104,2564,0.8069222587215535,0.9037526441935162,"{""0"": 1930, ""1"": 634}","{""Female"": 819, ""Male"": 1745}","{""0|Female"": 722, ""0|Male"": 1208, ""1|Female"": 97, ""1|Male"": 537}",0.31942277691107646,1,0,0.0,False
heterogeneity_entropy,6004,10,iid,submitted,none,B3,5,5,False,2051,513,True,True,0.7758284600389863,0.5095398428731762,0.0146198830409356,0.0290726817042606,0.0290726817042606,0.1871345029239766,,1.2207090039737525,2564,0.7967483480661098,0.9184257843953948,"{""0"": 1946, ""1"": 618}","{""Female"": 855, ""Male"": 1709}","{""0|Female"": 761, ""0|Male"": 1185, ""1|Female"": 94, ""1|Male"": 524}",0.3334633385335413,1,0,0.0,True
heterogeneity_entropy,6004,10,iid,submitted,none,B3,5,6,False,2051,513,True,True,0.7660818713450293,0.491407799074686,0.0147650549000886,0.0375457875457875,0.0375457875457875,0.1857225670053877,,1.246666011866182,2564,0.8018733578612346,0.9192031833961352,"{""0"": 1938, ""1"": 626}","{""Female"": 857, ""Male"": 1707}","{""0|Female"": 752, ""0|Male"": 1186, ""1|Female"": 105, ""1|Male"": 521}",0.3342433697347894,1,0,0.0,True
heterogeneity_entropy,6004,10,iid,submitted,none,B3,5,7,False,2050,513,True,True,0.7719298245614035,0.5457256385998108,0.0422461387937661,0.0954545454545454,0.0954545454545454,0.1559857432385212,,1.2699580402113495,2563,0.8157308269026471,0.9043135579324146,"{""0"": 1915, ""1"": 648}","{""Female"": 820, ""Male"": 1743}","{""0|Female"": 719, ""0|Male"": 1196, ""1|Female"": 101, ""1|Male"": 547}",0.31993757315645727,1,0,0.0,False
heterogeneity_entropy,6004,10,iid,submitted,none,B3,5,8,False,2050,513,True,True,0.7797270955165692,0.5462131590277506,0.0382411245269417,0.0714285714285714,0.0714285714285714,0.1769688232113894,,1.283958030398935,2563,0.8101941275293106,0.8855878307651859,"{""0"": 1924, ""1"": 639}","{""Female"": 778, ""Male"": 1785}","{""0|Female"": 696, ""0|Male"": 1228, ""1|Female"": 82, ""1|Male"": 557}",0.3035505267264924,1,0,0.0,False
heterogeneity_entropy,6004,10,iid,submitted,none,B3,5,9,False,2050,513,True,True,0.7660818713450293,0.5153061224489796,0.0256211180124223,0.0259039395574743,0.0259039395574743,0.2062111801242235,,1.2097499566152692,2563,0.8045623753796367,0.912196728863713,"{""0"": 1933, ""1"": 630}","{""Female"": 839, ""Male"": 1724}","{""0|Female"": 755, ""0|Male"": 1178, ""1|Female"": 84, ""1|Male"": 546}",0.3273507608271557,1,0,0.0,True
heterogeneity_entropy,6004,10,joint_dirichlet_1.0,submitted,none,B3,5,0,False,2587,647,True,True,0.919629057187017,0.5147126702054005,0.0132450331125827,0.0555555555555555,0.0555555555555555,0.1888752403332622,,1.4935419894754889,3234,0.4154193823403348,0.7829268779693069,"{""0"": 2963, ""1"": 271}","{""Female"": 753, ""Male"": 2481}","{""0|Female"": 572, ""0|Male"": 2391, ""1|Female"": 181, ""1|Male"": 90}",0.23283858998144713,1,0,0.0,False
heterogeneity_entropy,6004,10,joint_dirichlet_1.0,submitted,none,B3,5,1,False,1091,273,True,True,0.8461538461538461,0.4808946034045635,0.0054644808743169,0.0526315789473684,0.0526315789473684,0.1683060109289618,,1.1057499796152117,1364,0.6232520213783205,0.91483646233008,"{""0"": 1152, ""1"": 212}","{""Female"": 914, ""Male"": 450}","{""0|Female"": 820, ""0|Male"": 332, ""1|Female"": 94, ""1|Male"": 118}",0.32991202346041054,1,0,0.0,True
heterogeneity_entropy,6004,10,joint_dirichlet_1.0,submitted,none,B3,5,2,False,1077,270,True,True,0.8962962962962963,0.5605673099279237,0.0092592592592592,0.009090909090909,0.009090909090909,0.1018518518518518,,1.2148329988121986,1347,0.515023252605285,0.7198445249647136,"{""0"": 1192, ""1"": 155}","{""Female"": 268, ""Male"": 1079}","{""0|Female"": 215, ""0|Male"": 977, ""1|Female"": 53, ""1|Male"": 102}",0.1989606533036377,1,0,0.0,False
heterogeneity_entropy,6004,10,joint_dirichlet_1.0,submitted,none,B3,5,3,False,971,243,True,True,0.7654320987654321,0.4335664335664335,0.0,0.0,0.0,0.2406451612903225,,1.0087499977089465,1214,0.7862191167751761,0.9607192635828264,"{""0"": 929, ""1"": 285}","{""Female"": 466, ""Male"": 748}","{""0|Female"": 426, ""0|Male"": 503, ""1|Female"": 40, ""1|Male"": 245}",0.38385502471169686,1,0,0.0,True
heterogeneity_entropy,6004,10,joint_dirichlet_1.0,submitted,none,B3,5,4,False,856,215,True,True,0.6465116279069767,0.4660130718954248,0.0648148148148148,0.0897435897435897,0.0897435897435897,0.6106784354447905,,0.8869160083122551,1071,0.9606499213371744,0.9999993711230678,"{""0"": 660, ""1"": 411}","{""Female"": 535, ""Male"": 536}","{""0|Female"": 510, ""0|Male"": 150, ""1|Female"": 25, ""1|Male"": 386}",0.4995331465919701,1,0,0.0,True
heterogeneity_entropy,6004,10,joint_dirichlet_1.0,submitted,none,B3,5,5,False,2439,610,True,True,0.8803278688524591,0.5173370619668543,0.0248447204968944,0.0975609756097561,0.0975609756097561,0.1496354908768968,,1.5642080106772482,3049,0.5480362816265589,0.8327536843135449,"{""0"": 2663, ""1"": 386}","{""Female"": 805, ""Male"": 2244}","{""0|Female"": 600, ""0|Male"": 2063, ""1|Female"": 205, ""1|Male"": 181}",0.2640209904886848,1,0,0.0,True
heterogeneity_entropy,6004,10,joint_dirichlet_1.0,submitted,none,B3,5,6,False,5234,1309,True,False,0.5064935064935064,0.4177655677655678,0.0518353504455379,0.005029074336005,0.0113421550094517,0.4065921886775723,,2.1582909976132214,6543,0.9935759856719976,0.3104797691640404,"{""0"": 2963, ""1"": 3580}","{""Female"": 365, ""Male"": 6178}","{""0|Female"": 318, ""0|Male"": 2645, ""1|Female"": 47, ""1|Male"": 3533}",0.055784808191960876,0,1,0.25521706907984554,False
heterogeneity_entropy,6004,10,joint_dirichlet_1.0,submitted,none,B3,5,7,False,3372,843,True,True,0.9454329774614472,0.5067918192918193,0.0024449877750611,0.0333333333333333,0.0333333333333333,0.0317341385643302,,1.655291998758912,4215,0.3103510107622562,0.999345028265512,"{""0"": 3980, ""1"": 235}","{""Female"": 2171, ""Male"": 2044}","{""0|Female"": 2086, ""0|Male"": 1894, ""1|Female"": 85, ""1|Male"": 150}",0.48493475682087783,1,0,0.0,True
heterogeneity_entropy,6004,10,joint_dirichlet_1.0,submitted,none,B3,5,8,False,1098,275,True,True,0.6290909090909091,0.4628083346100812,0.0053140096618357,0.0450725744843392,0.0450725744843392,0.4067632850241546,,0.9912920068018138,1373,0.972958920711386,0.6400630730103736,"{""0"": 819, ""1"": 554}","{""Female"": 223, ""Male"": 1150}","{""0|Female"": 53, ""0|Male"": 766, ""1|Female"": 170, ""1|Male"": 384}",0.16241806263656228,1,0,0.0,False
heterogeneity_entropy,6004,10,joint_dirichlet_1.0,submitted,none,B3,5,9,False,1781,446,True,True,0.8721973094170403,0.4984908563650352,0.0240963855421686,0.04,0.04,0.5535198645822961,,1.245833991561085,2227,0.5617204363872826,0.6918583091034741,"{""0"": 1934, ""1"": 293}","{""Female"": 1814, ""Male"": 413}","{""0|Female"": 1769, ""0|Male"": 165, ""1|Female"": 45, ""1|Male"": 248}",0.18545127974854064,1,0,0.0,False
heterogeneity_entropy,6004,10,joint_dirichlet_0.3,submitted,none,B3,5,0,False,2958,740,True,True,0.9864864864864864,0.4965986394557823,0.0,,,0.0833333333333333,"equal_opportunity_gap,equalized_odds_gap",1.7145000165328383,3698,0.1083062588017159,0.6403049197893083,"{""0"": 3645, ""1"": 53}","{""Female"": 601, ""Male"": 3097}","{""0|Female"": 548, ""0|Male"": 3097, ""1|Female"": 53}",0.16252028123309897,1,0,0.0,False
heterogeneity_entropy,6004,10,joint_dirichlet_0.3,submitted,none,B3,5,1,False,143,36,True,True,0.6944444444444444,0.4098360655737705,0.0,0.0,0.0,0.2952380952380953,,0.7394580170512199,179,0.896434996303629,0.9809826349521634,"{""0"": 123, ""1"": 56}","{""Female"": 75, ""Male"": 104}","{""0|Female"": 63, ""0|Male"": 60, ""1|Female"": 12, ""1|Male"": 44}",0.41899441340782123,1,0,0.0,True
heterogeneity_entropy,6004,10,joint_dirichlet_0.3,submitted,none,B3,5,2,False,1156,290,True,False,0.5896551724137931,0.4922834738344294,0.4730576441102757,0.443609022556391,,0.4019423558897244,"equalized_odds_gap,false_positive_rate_gap",1.103707996662706,1446,0.4126195124820213,0.4150119299953951,"{""0"": 120, ""1"": 1326}","{""Female"": 121, ""Male"": 1325}","{""0|Female"": 119, ""0|Male"": 1, ""1|Female"": 2, ""1|Male"": 1324}",0.08367911479944674,0,1,0.05640285524827398,False
heterogeneity_entropy,6004,10,joint_dirichlet_0.3,submitted,none,B3,5,3,False,7597,1900,True,True,0.8552631578947368,0.485058821558345,0.0058608058608058,,,0.2433608058608058,"equal_opportunity_gap,equalized_odds_gap",2.920208964496851,9497,0.6035998300907657,0.976733754791767,"{""0"": 8096, ""1"": 1401}","{""Female"": 3898, ""Male"": 5599}","{""0|Female"": 3898, ""0|Male"": 4198, ""1|Male"": 1401}",0.41044540381173,1,0,0.0,True
heterogeneity_entropy,6004,10,joint_dirichlet_0.3,submitted,none,B3,5,4,False,1296,324,True,False,0.4876543209876543,0.454390521019315,0.0561648093060427,0.0179724494188548,,0.1187230830706388,"equalized_odds_gap,false_positive_rate_gap",1.0428749956190586,1620,0.5197027865043055,0.9255257797572608,"{""0"": 189, ""1"": 1431}","{""Female"": 552, ""Male"": 1068}","{""0|Female"": 1, ""0|Male"": 188, ""1|Female"": 551, ""1|Male"": 880}",0.34074074074074073,0,1,0.06318992081756836,True
heterogeneity_entropy,6004,10,joint_dirichlet_0.3,submitted,none,B3,5,5,False,1501,376,True,True,0.7420212765957447,0.4796181888224635,0.0482758620689655,0.0618556701030927,0.0618556701030927,0.6128377369756679,,1.1642090394161642,1877,0.8439079412051409,0.9623399669482378,"{""0"": 1367, ""1"": 510}","{""Female"": 1152, ""Male"": 725}","{""0|Female"": 1128, ""0|Male"": 239, ""1|Female"": 24, ""1|Male"": 486}",0.38625466169419287,1,0,0.0,True
heterogeneity_entropy,6004,10,joint_dirichlet_0.3,submitted,none,B3,5,6,False,740,186,True,True,0.7311827956989247,0.4744575045207956,0.0230532786885245,0.0314285714285714,0.0314285714285714,0.2095286885245901,,0.993541965726763,926,0.8594223694188,0.9300515103136228,"{""0"": 664, ""1"": 262}","{""Female"": 606, ""Male"": 320}","{""0|Female"": 482, ""0|Male"": 182, ""1|Female"": 124, ""1|Male"": 138}",0.34557235421166305,1,0,0.0,True
heterogeneity_entropy,6004,10,joint_dirichlet_0.3,submitted,none,B3,5,7,False,578,145,True,False,0.9448275862068966,0.4858156028368794,,,,,"comparison_groups,subgroup_accuracy_gap",1.0295410174876451,723,0.3086004516985227,0.1378531961051657,"{""0"": 683, ""1"": 40}","{""Female"": 709, ""Male"": 14}","{""0|Female"": 683, ""1|Female"": 26, ""1|Male"": 14}",0.019363762102351315,0,1,0.02820142762413699,False
heterogeneity_entropy,6004,10,joint_dirichlet_0.3,submitted,none,B3,5,8,False,2579,645,True,True,0.9565891472868217,0.5222222222222223,0.0121951219512195,,,0.3414634146341463,"equal_opportunity_gap,equalized_odds_gap",1.626540964934975,3224,0.2605389675700787,0.5479024746796426,"{""0"": 3082, ""1"": 142}","{""Female"": 408, ""Male"": 2816}","{""0|Female"": 266, ""0|Male"": 2816, ""1|Female"": 142}",0.12655086848635236,1,0,0.0,False
heterogeneity_entropy,6004,10,joint_dirichlet_0.3,submitted,none,B3,5,9,False,1957,490,True,False,0.5591836734693878,0.4230769230769231,0.0420353982300885,0.0779220779220779,0.0779220779220779,0.4208197484862598,,1.3755419640801847,2447,0.9981168467395192,0.3967416943955529,"{""0"": 1286, ""1"": 1161}","{""Female"": 192, ""Male"": 2255}","{""0|Female"": 181, ""0|Male"": 1105, ""1|Female"": 11, ""1|Male"": 1150}",0.07846342460155292,0,1,0.09544798533369739,False
heterogeneity_entropy,6005,10,iid,submitted,none,B3,5,0,False,2051,513,True,True,0.7621832358674464,0.4892773207990599,0.0037309455281952,0.0747663551401869,0.0747663551401869,0.1350069288988381,,1.3004590291529894,2564,0.8081726683768473,0.8941435111534084,"{""0"": 1928, ""1"": 636}","{""Female"": 797, ""Male"": 1767}","{""0|Female"": 695, ""0|Male"": 1233, ""1|Female"": 102, ""1|Male"": 534}",0.3108424336973479,1,0,0.0,False
heterogeneity_entropy,6005,10,iid,submitted,none,B3,5,1,False,2051,513,True,True,0.7855750487329435,0.5450661077071912,0.028297628554564,0.0765199161425576,0.0765199161425576,0.1566959480573591,,1.2938330182805655,2564,0.797393159150842,0.9087875978470054,"{""0"": 1945, ""1"": 619}","{""Female"": 831, ""Male"": 1733}","{""0|Female"": 740, ""0|Male"": 1205, ""1|Female"": 91, ""1|Male"": 528}",0.32410296411856476,1,0,0.0,False
heterogeneity_entropy,6005,10,iid,submitted,none,B3,5,2,False,2051,513,True,True,0.7719298245614035,0.5301499080198834,0.0279194912292962,0.0572478991596638,0.0572478991596638,0.1828744147040324,,1.2207499821670351,2564,0.8137414145402377,0.9054470584722648,"{""0"": 1919, ""1"": 645}","{""Female"": 823, ""Male"": 1741}","{""0|Female"": 737, ""0|Male"": 1182, ""1|Female"": 86, ""1|Male"": 559}",0.3209828393135725,1,0,0.0,False
heterogeneity_entropy,6005,10,iid,submitted,none,B3,5,3,False,2051,513,True,True,0.7680311890838206,0.5165321654562878,0.0398860398860398,0.109090909090909,0.109090909090909,0.1676163342830009,,1.2883750023320315,2564,0.8143543201144313,0.8994458527272914,"{""0"": 1918, ""1"": 646}","{""Female"": 809, ""Male"": 1755}","{""0|Female"": 715, ""0|Male"": 1203, ""1|Female"": 94, ""1|Male"": 552}",0.3155226209048362,1,0,0.0,False
heterogeneity_entropy,6005,10,iid,submitted,none,B3,5,4,False,2051,513,True,True,0.7797270955165692,0.5659995957145745,0.0528882220555138,0.1243119266055046,0.1243119266055046,0.1564482029598308,,1.810415997169912,2564,0.8149660613117999,0.9203618869027642,"{""0"": 1917, ""1"": 647}","{""Female"": 860, ""Male"": 1704}","{""0|Female"": 759, ""0|Male"": 1158, ""1|Female"": 101, ""1|Male"": 546}",0.33541341653666146,1,0,0.0,True
heterogeneity_entropy,6005,10,iid,submitted,none,B3,5,5,False,2051,513,True,True,0.7582846003898636,0.5104660469125162,0.027065527065527,0.0348451327433628,0.0348451327433628,0.1999050332383665,,1.4124999870546162,2564,0.8131273433916861,0.899009595944974,"{""0"": 1920, ""1"": 644}","{""Female"": 808, ""Male"": 1756}","{""0|Female"": 728, ""0|Male"": 1192, ""1|Female"": 80, ""1|Male"": 564}",0.31513260530421217,1,0,0.0,False
heterogeneity_entropy,6005,10,iid,submitted,none,B3,5,6,False,2051,513,True,True,0.7894736842105263,0.5586323370084761,0.0357033872444308,0.0953878406708595,0.0953878406708595,0.1620384498016478,,1.388082979246974,2564,0.7967483480661098,0.9249082491599132,"{""0"": 1946, ""1"": 618}","{""Female"": 872, ""Male"": 1692}","{""0|Female"": 781, ""0|Male"": 1165, ""1|Female"": 91, ""1|Male"": 527}",0.34009360374414976,1,0,0.0,True
heterogeneity_entropy,6005,10,iid,submitted,none,B3,5,7,False,2050,513,True,True,0.7602339181286549,0.4943382618103137,0.0200235367415458,0.0113519091847265,0.0113519091847265,0.2134401716797619,,1.260416000150144,2563,0.8193695883286969,0.9117908390840868,"{""0"": 1909, ""1"": 654}","{""Female"": 838, ""Male"": 1725}","{""0|Female"": 751, ""0|Male"": 1158, ""1|Female"": 87, ""1|Male"": 567}",0.3269605930550137,1,0,0.0,True
heterogeneity_entropy,6005,10,iid,submitted,none,B3,5,8,False,2050,513,True,True,0.7719298245614035,0.5246576752805518,0.0169254658385093,0.0677530017152658,0.0677530017152658,0.1355590062111802,,1.277000003028661,2563,0.809573087623994,0.9113839512792816,"{""0"": 1925, ""1"": 638}","{""Female"": 837, ""Male"": 1726}","{""0|Female"": 730, ""0|Male"": 1195, ""1|Female"": 107, ""1|Male"": 531}",0.3265704252828716,1,0,0.0,True
heterogeneity_entropy,6005,10,iid,submitted,none,B3,5,9,False,2050,513,True,True,0.7602339181286549,0.4882191203069111,0.0170807453416149,0.0386343216531895,0.0386343216531895,0.1883540372670806,,1.3652080087922511,2563,0.8077029148307244,0.912196728863713,"{""0"": 1928, ""1"": 635}","{""Female"": 839, ""Male"": 1724}","{""0|Female"": 733, ""0|Male"": 1195, ""1|Female"": 106, ""1|Male"": 529}",0.3273507608271557,1,0,0.0,True
heterogeneity_entropy,6005,10,joint_dirichlet_1.0,submitted,none,B3,5,0,False,2049,513,True,True,0.9161793372319688,0.4781281790437436,0.002127659574468,0.0,0.0022371364653243,0.3907966353290451,,1.3518340419977903,2562,0.4090731390438265,0.4144916336780057,"{""0"": 2352, ""1"": 210}","{""Female"": 214, ""Male"": 2348}","{""0|Female"": 119, ""0|Male"": 2233, ""1|Female"": 95, ""1|Male"": 115}",0.08352849336455893,1,0,0.0,False
heterogeneity_entropy,6005,10,joint_dirichlet_1.0,submitted,none,B3,5,1,False,3392,849,True,True,0.7856301531213192,0.4797373737373737,0.0142322549492998,0.0031654676258992,0.0031654676258992,0.3475917431192661,,1.7215830157510936,4241,0.7652920738559587,0.9411538636863808,"{""0"": 3296, ""1"": 945}","{""Female"": 2722, ""Male"": 1519}","{""0|Female"": 2471, ""0|Male"": 825, ""1|Female"": 251, ""1|Male"": 694}",0.3581702428672483,1,0,0.0,True
heterogeneity_entropy,6005,10,joint_dirichlet_1.0,submitted,none,B3,5,2,False,2709,678,True,True,0.7699115044247787,0.4645742634403159,0.0105448154657293,0.0373134328358208,0.0373134328358208,0.0100611083342738,,1.4515409711748362,3387,0.7871561172819193,0.6357766853012444,"{""0"": 2590, ""1"": 797}","{""Female"": 544, ""Male"": 2843}","{""0|Female"": 415, ""0|Male"": 2175, ""1|Female"": 129, ""1|Male"": 668}",0.16061411278417478,1,0,0.0,False
heterogeneity_entropy,6005,10,joint_dirichlet_1.0,submitted,none,B3,5,3,False,3594,899,True,True,0.6307007786429366,0.5651689976689976,0.1205114575950862,0.0880503144654088,0.0880503144654088,0.3272206472950626,,1.6644170391373336,4493,0.9986960248312836,0.4443179745815488,"{""0"": 2342, ""1"": 2151}","{""Female"": 415, ""Male"": 4078}","{""0|Female"": 383, ""0|Male"": 1959, ""1|Female"": 32, ""1|Male"": 2119}",0.09236590251502337,1,0,0.0,False
heterogeneity_entropy,6005,10,joint_dirichlet_1.0,submitted,none,B3,5,4,False,1303,326,True,True,0.7392638036809815,0.5099651617238757,0.0396039603960396,0.1046511627906976,0.1046511627906976,0.0466350982924379,,0.9996250155381858,1629,0.8553504176559273,0.363559627248482,"{""0"": 1173, ""1"": 456}","{""Female"": 113, ""Male"": 1516}","{""0|Female"": 89, ""0|Male"": 1084, ""1|Female"": 24, ""1|Male"": 432}",0.06936771025168816,1,0,0.0,False
heterogeneity_entropy,6005,10,joint_dirichlet_1.0,submitted,none,B3,5,5,False,820,205,True,True,0.6926829268292682,0.5060996596428162,0.0573248407643312,0.1428571428571428,0.1428571428571428,0.0204352441613588,,0.8623339817859232,1025,0.9252847359792228,0.7868337087169606,"{""0"": 676, ""1"": 349}","{""Female"": 241, ""Male"": 784}","{""0|Female"": 172, ""0|Male"": 504, ""1|Female"": 69, ""1|Male"": 280}",0.23512195121951218,1,0,0.0,True
heterogeneity_entropy,6005,10,joint_dirichlet_1.0,submitted,none,B3,5,6,False,1281,321,True,True,0.7912772585669782,0.5267049580775072,0.0215498154981549,0.011082693947144,0.011082693947144,0.2502583025830258,,1.0079580242745578,1602,0.7785984447027259,0.6247876028088132,"{""0"": 1233, ""1"": 369}","{""Female"": 250, ""Male"": 1352}","{""0|Female"": 137, ""0|Male"": 1096, ""1|Female"": 113, ""1|Male"": 256}",0.1560549313358302,1,0,0.0,False
heterogeneity_entropy,6005,10,joint_dirichlet_1.0,submitted,none,B3,5,7,False,927,232,True,True,0.7931034482758621,0.4970189701897018,0.003720238095238,0.0279503105590062,0.0279503105590062,0.1889880952380952,,0.9412089711986482,1159,0.7586205333848206,0.8536576732793313,"{""0"": 905, ""1"": 254}","{""Female"": 323, ""Male"": 836}","{""0|Female"": 206, ""0|Male"": 699, ""1|Female"": 117, ""1|Male"": 137}",0.2786885245901639,1,0,0.0,True
heterogeneity_entropy,6005,10,joint_dirichlet_1.0,submitted,none,B3,5,8,False,1090,273,True,True,0.9523809523809524,0.4878048780487805,0.0,0.0,0.0,0.0429205455726348,,0.9471250232309104,1363,0.2764973399015181,0.9943075995509506,"{""0"": 1298, ""1"": 65}","{""Female"": 621, ""Male"": 742}","{""0|Female"": 605, ""0|Male"": 693, ""1|Female"": 16, ""1|Male"": 49}",0.4556126192223037,1,0,0.0,True
heterogeneity_entropy,6005,10,joint_dirichlet_1.0,submitted,none,B3,5,9,False,3340,836,True,True,0.8301435406698564,0.5491310160427807,0.061655838747293,0.0094890510948905,0.0161290322580645,0.4437914376145261,,1.566958031617105,4176,0.697729558237598,0.8960382325345574,"{""0"": 3390, ""1"": 786}","{""Female"": 2871, ""Male"": 1305}","{""0|Female"": 2772, ""0|Male"": 618, ""1|Female"": 99, ""1|Male"": 687}",0.3125,1,0,0.0,True
heterogeneity_entropy,6005,10,joint_dirichlet_0.3,submitted,none,B3,5,0,False,728,182,True,False,0.8516483516483516,0.4941842511580031,,,,,"comparison_groups,subgroup_accuracy_gap",0.902416999451816,910,0.6220781882389438,0.2601453639477142,"{""0"": 769, ""1"": 141}","{""Female"": 40, ""Male"": 870}","{""0|Female"": 28, ""0|Male"": 741, ""1|Female"": 12, ""1|Male"": 129}",0.04395604395604396,0,1,0.035495572804930375,False
heterogeneity_entropy,6005,10,joint_dirichlet_0.3,submitted,none,B3,5,1,False,5708,1427,True,True,0.6222845129642607,0.5301175083465443,0.175178567219066,0.1933534743202417,0.1933534743202417,0.738439295003261,,2.4234579759649932,7135,0.9964119964860004,0.9999472743977464,"{""0"": 3819, ""1"": 3316}","{""Female"": 3537, ""Male"": 3598}","{""0|Female"": 3533, ""0|Male"": 286, ""1|Female"": 4, ""1|Male"": 3312}",0.4957252978276104,1,0,0.0,True
heterogeneity_entropy,6005,10,joint_dirichlet_0.3,submitted,none,B3,5,2,False,3952,989,True,True,0.9555106167846308,0.5302677029360967,0.028169014084507,,,0.619718309859155,"equal_opportunity_gap,equalized_odds_gap",1.848457963205874,4941,0.273314324814426,0.3727817637977043,"{""0"": 4709, ""1"": 232}","{""Female"": 355, ""Male"": 4586}","{""0|Female"": 123, ""0|Male"": 4586, ""1|Female"": 232}",0.07184780408824125,1,0,0.0,False
heterogeneity_entropy,6005,10,joint_dirichlet_0.3,submitted,none,B3,5,3,False,940,236,True,False,0.597457627118644,0.5573980850853815,0.1674418604651162,0.2755905511811024,0.2755905511811024,0.3373200442967885,,0.9215829777531326,1176,0.9932107496600436,0.4283571888911097,"{""0"": 531, ""1"": 645}","{""Female"": 103, ""Male"": 1073}","{""0|Female"": 94, ""0|Male"": 437, ""1|Female"": 9, ""1|Male"": 636}",0.08758503401360544,0,1,0.04587120177867925,False
heterogeneity_entropy,6005,10,joint_dirichlet_0.3,submitted,none,B3,5,4,False,3651,913,True,True,0.9671412924424972,0.5228887959866221,0.0015600624024961,,,0.0468018720748829,"equal_opportunity_gap,equalized_odds_gap",1.7510420293547213,4564,0.2149420920809311,0.8785418156116558,"{""0"": 4408, ""1"": 156}","{""Female"": 1359, ""Male"": 3205}","{""0|Female"": 1359, ""0|Male"": 3049, ""1|Male"": 156}",0.29776511831726554,1,0,0.0,True
heterogeneity_entropy,6005,10,joint_dirichlet_0.3,submitted,none,B3,5,5,False,69,18,True,False,1.0,1.0,,,,,"comparison_groups,subgroup_accuracy_gap",0.6883749738335609,87,0.2690553027246507,0.6084002154765848,"{""0"": 83, ""1"": 4}","{""Female"": 74, ""Male"": 13}","{""0|Female"": 73, ""0|Male"": 10, ""1|Female"": 1, ""1|Male"": 3}",0.14942528735632185,0,1,0.0033935327846471896,True
heterogeneity_entropy,6005,10,joint_dirichlet_0.3,submitted,none,B3,5,6,False,1378,345,True,True,0.7333333333333333,0.4707883153261304,0.064300106672988,0.0414808206958073,,0.8028327604598791,"equalized_odds_gap,false_positive_rate_gap",1.1590829817578197,1723,0.8558932877236521,0.6644182110006511,"{""0"": 1240, ""1"": 483}","{""Female"": 298, ""Male"": 1425}","{""0|Female"": 3, ""0|Male"": 1237, ""1|Female"": 295, ""1|Male"": 188}",0.17295414973882764,1,0,0.0,True
heterogeneity_entropy,6005,10,joint_dirichlet_0.3,submitted,none,B3,5,7,False,735,184,True,False,0.9402173913043478,0.561430119176598,,,,,"comparison_groups,subgroup_accuracy_gap",1.1175420368090272,919,0.3963243363181762,0.3048303480785339,"{""0"": 847, ""1"": 72}","{""Female"": 50, ""Male"": 869}","{""0|Female"": 49, ""0|Male"": 798, ""1|Female"": 1, ""1|Male"": 71}",0.0544069640914037,0,1,0.03584662792058353,False
heterogeneity_entropy,6005,10,joint_dirichlet_0.3,submitted,none,B3,5,8,False,2560,640,True,True,0.684375,0.4885752262801442,0.1127375347812899,0.0935258771079666,0.0935258771079666,0.7211562553573078,,1.4821670483797789,3200,0.9306743244587552,0.8027489141815065,"{""0"": 2092, ""1"": 1108}","{""Female"": 2417, ""Male"": 783}","{""0|Female"": 2080, ""0|Male"": 12, ""1|Female"": 337, ""1|Male"": 771}",0.2446875,1,0,0.0,True
heterogeneity_entropy,6005,10,joint_dirichlet_0.3,submitted,none,B3,5,9,False,785,197,True,True,0.7817258883248731,0.4805935373106874,0.011049723756906,0.0588235294117647,0.0588235294117647,0.5107044198895028,,0.8583340095356107,982,0.7764815239450067,0.4108743265737024,"{""0"": 757, ""1"": 225}","{""Female"": 81, ""Male"": 901}","{""0|Female"": 27, ""0|Male"": 730, ""1|Female"": 54, ""1|Male"": 171}",0.0824847250509165,1,0,0.0,False
heterogeneity_entropy,6006,10,iid,submitted,none,B3,5,0,False,2051,513,True,True,0.7660818713450293,0.5366132723112128,0.0512090292822699,0.0626436781609195,0.0626436781609195,0.2183590747082255,,1.2157500023022294,2564,0.8210196929431572,0.9037526441935162,"{""0"": 1907, ""1"": 657}","{""Female"": 819, ""Male"": 1745}","{""0|Female"": 743, ""0|Male"": 1164, ""1|Female"": 76, ""1|Male"": 581}",0.31942277691107646,1,0,0.0,False
heterogeneity_entropy,6006,10,iid,submitted,none,B3,5,1,False,2051,513,True,True,0.7738791423001949,0.5314625850340137,0.0322049667215343,0.0688637481554353,0.0688637481554353,0.1514528018321048,,1.264000020455569,2564,0.8037755794293677,0.8877709088882934,"{""0"": 1935, ""1"": 629}","{""Female"": 783, ""Male"": 1781}","{""0|Female"": 690, ""0|Male"": 1245, ""1|Female"": 93, ""1|Male"": 536}",0.30538221528861154,1,0,0.0,False
heterogeneity_entropy,6006,10,iid,submitted,none,B3,5,2,False,2051,513,True,True,0.7719298245614035,0.5690159049294511,0.0076581027667984,0.0696798493408662,0.0696798493408662,0.1785008469791078,,1.4188329805620017,2564,0.8356524400081357,0.8972543939232421,"{""0"": 1882, ""1"": 682}","{""Female"": 804, ""Male"": 1760}","{""0|Female"": 713, ""0|Male"": 1169, ""1|Female"": 91, ""1|Male"": 591}",0.31357254290171604,1,0,0.0,False
heterogeneity_entropy,6006,10,iid,submitted,none,B3,5,3,False,2051,513,True,True,0.7816764132553606,0.5367945823927766,0.0196687370600414,0.0123839009287925,0.0123839009287925,0.1564699792960662,,1.3060829951427877,2564,0.7882561505500254,0.911657964511513,"{""0"": 1959, ""1"": 605}","{""Female"": 838, ""Male"": 1726}","{""0|Female"": 743, ""0|Male"": 1216, ""1|Female"": 95, ""1|Male"": 510}",0.32683307332293293,1,0,0.0,True
heterogeneity_entropy,6006,10,iid,submitted,none,B3,5,4,False,2051,513,True,True,0.7602339181286549,0.4882191203069111,0.0038841807909604,0.0142201834862385,0.0142201834862385,0.1849273607748184,,1.2431250070221722,2564,0.8137414145402377,0.9285892824257278,"{""0"": 1919, ""1"": 645}","{""Female"": 882, ""Male"": 1682}","{""0|Female"": 783, ""0|Male"": 1136, ""1|Female"": 99, ""1|Male"": 546}",0.34399375975039004,1,0,0.0,True
heterogeneity_entropy,6006,10,iid,submitted,none,B3,5,5,False,2051,513,True,True,0.7582846003898636,0.4991496598639455,0.0280151946818613,0.031081081081081,0.031081081081081,0.1818613485280152,,1.2568329693749547,2564,0.8198182156076766,0.8994458527272914,"{""0"": 1909, ""1"": 655}","{""Female"": 809, ""Male"": 1755}","{""0|Female"": 711, ""0|Male"": 1198, ""1|Female"": 98, ""1|Male"": 557}",0.3155226209048362,1,0,0.0,False
heterogeneity_entropy,6006,10,iid,submitted,none,B3,5,6,False,2051,513,True,True,0.7719298245614035,0.5071884262642352,0.0196520954133537,0.0077486009470512,0.0121951219512195,0.1501510364223464,,1.2561659677885473,2564,0.7980367719386843,0.9092006505968704,"{""0"": 1944, ""1"": 620}","{""Female"": 832, ""Male"": 1732}","{""0|Female"": 717, ""0|Male"": 1227, ""1|Female"": 115, ""1|Male"": 505}",0.3244929797191888,1,0,0.0,True
heterogeneity_entropy,6006,10,iid,submitted,none,B3,5,7,False,2050,513,True,True,0.7602339181286549,0.5002811458077596,0.0184624697336561,0.037114261884904,0.037114261884904,0.1763014527845037,,1.195457996800542,2563,0.8205732518901382,0.9297989640185412,"{""0"": 1907, ""1"": 656}","{""Female"": 885, ""Male"": 1678}","{""0|Female"": 773, ""0|Male"": 1134, ""1|Female"": 112, ""1|Male"": 544}",0.34529847834568866,1,0,0.0,True
heterogeneity_entropy,6006,10,iid,submitted,none,B3,5,8,False,2050,513,True,True,0.7797270955165692,0.5240366851953725,0.0317287784679089,0.0492063492063492,0.0492063492063492,0.1770703933747411,,1.2065829942002892,2563,0.7943128282799047,0.9130055167906248,"{""0"": 1949, ""1"": 614}","{""Female"": 841, ""Male"": 1722}","{""0|Female"": 752, ""0|Male"": 1197, ""1|Female"": 89, ""1|Male"": 525}",0.3281310963714397,1,0,0.0,True
heterogeneity_entropy,6006,10,iid,submitted,none,B3,5,9,False,2050,513,True,True,0.7777777777777778,0.5341119112867249,0.0426130407435879,0.128440366972477,0.128440366972477,0.1832413166538542,,1.2590419501066208,2563,0.7975487102586989,0.9047375077906802,"{""0"": 1944, ""1"": 619}","{""Female"": 821, ""Male"": 1742}","{""0|Female"": 744, ""0|Male"": 1200, ""1|Female"": 77, ""1|Male"": 542}",0.3203277409285993,1,0,0.0,False
heterogeneity_entropy,6006,10,joint_dirichlet_1.0,submitted,none,B3,5,0,False,2279,570,True,True,0.6421052631578947,0.5443645083932853,0.1147868524917705,0.0603948896631823,0.0603948896631823,0.4217421922339954,,1.4444580301642418,2849,0.9909374148437116,0.8105819805864651,"{""0"": 1584, ""1"": 1265}","{""Female"": 711, ""Male"": 2138}","{""0|Female"": 678, ""0|Male"": 906, ""1|Female"": 33, ""1|Male"": 1232}",0.24956124956124956,1,0,0.0,False
heterogeneity_entropy,6006,10,joint_dirichlet_1.0,submitted,none,B3,5,1,False,1267,317,True,True,0.7287066246056783,0.4894756554307116,0.037593984962406,0.0886075949367088,0.0886075949367088,0.0662686127082411,,1.1114999651908877,1584,0.8609652558547648,0.638161945314006,"{""0"": 1134, ""1"": 450}","{""Female"": 256, ""Male"": 1328}","{""0|Female"": 201, ""0|Male"": 933, ""1|Female"": 55, ""1|Male"": 395}",0.16161616161616163,1,0,0.0,False
heterogeneity_entropy,6006,10,joint_dirichlet_1.0,submitted,none,B3,5,2,False,3253,814,True,True,0.9176904176904176,0.4930046202043301,0.0126582278481012,0.0217391304347826,0.0217391304347826,0.5396882803754413,,1.6757500125095248,4067,0.4155864815566044,0.4582255872863939,"{""0"": 3726, ""1"": 341}","{""Female"": 393, ""Male"": 3674}","{""0|Female"": 165, ""0|Male"": 3561, ""1|Female"": 228, ""1|Male"": 113}",0.09663142365379887,1,0,0.0,False
heterogeneity_entropy,6006,10,joint_dirichlet_1.0,submitted,none,B3,5,3,False,896,225,True,True,0.8177777777777778,0.5129613008816852,0.0004741583688952,0.0873015873015873,0.0873015873015873,0.2351825509720246,,0.9200000204145908,1121,0.7052073316335954,0.999792765854127,"{""0"": 906, ""1"": 215}","{""Female"": 551, ""Male"": 570}","{""0|Female"": 516, ""0|Male"": 390, ""1|Female"": 35, ""1|Male"": 180}",0.4915254237288136,1,0,0.0,True
heterogeneity_entropy,6006,10,joint_dirichlet_1.0,submitted,none,B3,5,4,False,2590,648,True,True,0.9660493827160492,0.5682616596002423,0.0012048787714186,0.2,0.2,0.0644511382153967,,1.604125020094216,3238,0.2300951035260069,0.9737334830750876,"{""0"": 3117, ""1"": 121}","{""Female"": 1311, ""Male"": 1927}","{""0|Female"": 1213, ""0|Male"": 1904, ""1|Female"": 98, ""1|Male"": 23}",0.4048795552810377,1,0,0.0,True
heterogeneity_entropy,6006,10,joint_dirichlet_1.0,submitted,none,B3,5,5,False,1712,429,True,True,0.696969696969697,0.5053746275010642,0.0061425061425061,0.8958333333333334,0.8958333333333334,0.3194103194103194,,1.2068749638274312,2141,0.92349859090784,0.294182996465792,"{""0"": 1416, ""1"": 725}","{""Female"": 111, ""Male"": 2030}","{""0|Female"": 105, ""0|Male"": 1311, ""1|Female"": 6, ""1|Male"": 719}",0.05184493227463802,1,0,0.0,False
heterogeneity_entropy,6006,10,joint_dirichlet_1.0,submitted,none,B3,5,6,False,4178,1045,True,True,0.6870813397129186,0.518779722884491,0.1103841974426532,,,0.7077583768737254,"equal_opportunity_gap,equalized_odds_gap",1.9769580103456976,5223,0.9403902842083558,0.9888335022839616,"{""0"": 3357, ""1"": 1866}","{""Female"": 2936, ""Male"": 2287}","{""0|Female"": 2936, ""0|Male"": 421, ""1|Male"": 1866}",0.43787095538962284,1,0,0.0,True
heterogeneity_entropy,6006,10,joint_dirichlet_1.0,submitted,none,B3,5,7,False,1392,349,True,True,0.8194842406876791,0.5180931506849316,0.0495049504950495,0.0746268656716417,0.0746268656716417,0.6098291280740977,,1.158208993729204,1741,0.7100547906883804,0.8695434072442716,"{""0"": 1403, ""1"": 338}","{""Female"": 1235, ""Male"": 506}","{""0|Female"": 1231, ""0|Male"": 172, ""1|Female"": 4, ""1|Male"": 334}",0.29063756461803564,1,0,0.0,True
heterogeneity_entropy,6006,10,joint_dirichlet_1.0,submitted,none,B3,5,8,False,1123,281,True,False,0.4875444839857651,0.4700890518596123,0.0338919325384036,0.0059964726631393,0.0144927536231884,0.1081748845203566,,1.0404160129837692,1404,0.925254245152298,0.9582831238219734,"{""0"": 478, ""1"": 926}","{""Female"": 534, ""Male"": 870}","{""0|Female"": 131, ""0|Male"": 347, ""1|Female"": 403, ""1|Male"": 523}",0.3803418803418803,0,1,0.05476459804189258,True
heterogeneity_entropy,6006,10,joint_dirichlet_1.0,submitted,none,B3,5,9,False,1815,454,True,True,0.9427312775330396,0.5209415584415584,0.0025125628140703,0.1,0.1,0.2809583632447954,,1.2517080176621675,2269,0.3254472466907661,0.5340552357679665,"{""0"": 2134, ""1"": 135}","{""Female"": 276, ""Male"": 1993}","{""0|Female"": 193, ""0|Male"": 1941, ""1|Female"": 83, ""1|Male"": 52}",0.12163948876156898,1,0,0.0,False
heterogeneity_entropy,6006,10,joint_dirichlet_0.3,submitted,none,B3,5,0,False,5390,1348,True,True,0.8538575667655787,0.5261846009460036,0.0376181271477663,0.072463768115942,0.072463768115942,0.4896370274914089,,2.2191249881871045,6738,0.6260516921238422,0.866405686511682,"{""0"": 5683, ""1"": 1055}","{""Female"": 4796, ""Male"": 1942}","{""0|Female"": 4777, ""0|Male"": 906, ""1|Female"": 19, ""1|Male"": 1036}",0.2882160878598991,1,0,0.0,True
heterogeneity_entropy,6006,10,joint_dirichlet_0.3,submitted,none,B3,5,1,False,636,160,True,True,0.99375,0.4984326018808777,0.0,,,0.037037037037037,"equal_opportunity_gap,equalized_odds_gap",0.8623329922556877,796,0.0639867298084044,0.653897214981187,"{""0"": 790, ""1"": 6}","{""Female"": 662, ""Male"": 134}","{""0|Female"": 660, ""0|Male"": 130, ""1|Female"": 2, ""1|Male"": 4}",0.16834170854271358,1,0,0.0,True
heterogeneity_entropy,6006,10,joint_dirichlet_0.3,submitted,none,B3,5,2,False,2194,549,True,True,0.6812386156648452,0.5815129564372739,0.2037429000107169,0.141860465116279,0.141860465116279,0.6247454720823062,,1.4119999832473695,2743,0.9767619833560244,0.993051425130562,"{""0"": 1617, ""1"": 1126}","{""Female"": 1506, ""Male"": 1237}","{""0|Female"": 1454, ""0|Male"": 163, ""1|Female"": 52, ""1|Male"": 1074}",0.45096609551585853,1,0,0.0,True
heterogeneity_entropy,6006,10,joint_dirichlet_0.3,submitted,none,B3,5,3,False,3604,901,True,True,0.8934517203107658,0.5011764705882352,0.0294117647058823,0.0375,0.0375,0.7311222361284939,,1.6832919791340828,4505,0.4982062531936025,0.5101745487851738,"{""0"": 4012, ""1"": 493}","{""Female"": 511, ""Male"": 3994}","{""0|Female"": 113, ""0|Male"": 3899, ""1|Female"": 398, ""1|Male"": 95}",0.11342952275249722,1,0,0.0,False
heterogeneity_entropy,6006,10,joint_dirichlet_0.3,submitted,none,B3,5,4,False,104,26,False,False,,,,,,,,0.0143749639391899,130,0.0,0.06507307495461,"{""0"": 130, ""1"": 0}","{""Female"": 1, ""Male"": 129}","{""0|Female"": 1, ""0|Male"": 129}",0.007692307692307693,0,1,0.005070796114990054,False
heterogeneity_entropy,6006,10,joint_dirichlet_0.3,submitted,none,B3,5,5,False,328,82,True,False,0.4268292682926829,0.4010878010878011,0.296218487394958,0.3123167155425219,0.3123167155425219,0.1701680672268907,,0.7323750178329647,410,0.506501809234841,0.6424162200958232,"{""0"": 46, ""1"": 364}","{""Female"": 343, ""Male"": 67}","{""0|Female"": 33, ""0|Male"": 13, ""1|Female"": 310, ""1|Male"": 54}",0.16341463414634147,0,1,0.015992510824199398,True
heterogeneity_entropy,6006,10,joint_dirichlet_0.3,submitted,none,B3,5,6,False,783,196,True,False,0.5918367346938775,0.5680440771349862,0.108843537414966,0.0526315789473684,0.0526315789473684,0.163265306122449,,0.9228750132024288,979,0.9808883222597952,0.8067955503968327,"{""0"": 410, ""1"": 569}","{""Female"": 242, ""Male"": 737}","{""0|Female"": 149, ""0|Male"": 261, ""1|Female"": 93, ""1|Male"": 476}",0.24719101123595505,0,1,0.03818699535827125,True
heterogeneity_entropy,6006,10,joint_dirichlet_0.3,submitted,none,B3,5,7,False,2409,603,True,False,0.9618573797678276,0.4902789518174134,,,,,"comparison_groups,subgroup_accuracy_gap",1.3285420136526227,3012,0.2229609705506417,0.0293638999697032,"{""0"": 2904, ""1"": 108}","{""Female"": 9, ""Male"": 3003}","{""0|Female"": 8, ""0|Male"": 2896, ""1|Female"": 1, ""1|Male"": 107}",0.00298804780876494,0,1,0.11748644537192339,False
heterogeneity_entropy,6006,10,joint_dirichlet_0.3,submitted,none,B3,5,8,False,3061,766,True,False,0.5313315926892951,0.5298500445369947,0.2035167130919219,0.1161299940369707,0.1161299940369707,0.2777390900649953,,1.5084590413607657,3827,0.8918509463247499,0.3391376485539379,"{""0"": 1182, ""1"": 2645}","{""Female"": 241, ""Male"": 3586}","{""0|Female"": 173, ""0|Male"": 1009, ""1|Female"": 68, ""1|Male"": 2577}",0.062973608570682,0,1,0.14927643640051488,False
heterogeneity_entropy,6006,10,joint_dirichlet_0.3,submitted,none,B3,5,9,False,1997,500,True,False,0.992,0.4979919678714859,,,,,"comparison_groups,subgroup_accuracy_gap",1.197999983560294,2497,0.0559009568080195,0.0133874797458491,"{""0"": 2481, ""1"": 16}","{""Female"": 3, ""Male"": 2494}","{""0|Female"": 1, ""0|Male"": 2480, ""1|Female"": 2, ""1|Male"": 14}",0.0012014417300760913,0,1,0.09739829153177049,False
heterogeneity_entropy,6007,10,iid,submitted,none,B3,5,0,False,2051,513,True,True,0.7992202729044834,0.5551111822108463,0.0026256564141035,0.285,0.285,0.2145877378435517,,1.452124968636781,2564,0.7713440598729444,0.91997663763781,"{""0"": 1984, ""1"": 580}","{""Female"": 859, ""Male"": 1705}","{""0|Female"": 778, ""0|Male"": 1206, ""1|Female"": 81, ""1|Male"": 499}",0.33502340093603744,1,0,0.0,True
heterogeneity_entropy,6007,10,iid,submitted,none,B3,5,1,False,2051,513,True,True,0.7699805068226121,0.5341531736748137,0.0277300613496932,0.0046035805626598,0.0046035805626598,0.2022611744084136,,1.3795419945381582,2564,0.8228132756590831,0.902042078280013,"{""0"": 1904, ""1"": 660}","{""Female"": 815, ""Male"": 1749}","{""0|Female"": 729, ""0|Male"": 1175, ""1|Female"": 86, ""1|Male"": 574}",0.31786271450858034,1,0,0.0,False
heterogeneity_entropy,6007,10,iid,submitted,none,B3,5,2,False,2051,513,True,True,0.7543859649122807,0.5025703379917503,0.0279194912292962,0.0196428571428571,0.0210970464135021,0.1996994898315746,,1.3300830032676458,2564,0.8222165643311006,0.9037526441935162,"{""0"": 1905, ""1"": 659}","{""Female"": 819, ""Male"": 1745}","{""0|Female"": 718, ""0|Male"": 1187, ""1|Female"": 101, ""1|Male"": 558}",0.31942277691107646,1,0,0.0,False
heterogeneity_entropy,6007,10,iid,submitted,none,B3,5,3,False,2051,513,True,True,0.7719298245614035,0.5406778753070642,0.0275403608736942,0.0297619047619047,0.0297619047619047,0.1619183285849953,,1.3269580085761843,2564,0.8251886517165775,0.899009595944974,"{""0"": 1900, ""1"": 664}","{""Female"": 808, ""Male"": 1756}","{""0|Female"": 703, ""0|Male"": 1197, ""1|Female"": 105, ""1|Male"": 559}",0.31513260530421217,1,0,0.0,False
heterogeneity_entropy,6007,10,iid,submitted,none,B3,5,4,False,2051,513,True,True,0.7738791423001949,0.5143948296122209,0.0169256861998546,0.0443396226415094,0.0443396226415094,0.1576961683569278,,1.2733330368064344,2564,0.8037755794293677,0.9108428562294696,"{""0"": 1935, ""1"": 629}","{""Female"": 836, ""Male"": 1728}","{""0|Female"": 736, ""0|Male"": 1199, ""1|Female"": 100, ""1|Male"": 529}",0.32605304212168484,1,0,0.0,True
heterogeneity_entropy,6007,10,iid,submitted,none,B3,5,5,False,2051,513,True,True,0.7777777777777778,0.5341119112867249,0.0372035693205097,0.1320754716981132,0.1320754716981132,0.1415055032811361,,1.3074580347165463,2564,0.8037755794293677,0.9087875978470054,"{""0"": 1935, ""1"": 629}","{""Female"": 831, ""Male"": 1733}","{""0|Female"": 732, ""0|Male"": 1203, ""1|Female"": 99, ""1|Male"": 530}",0.32410296411856476,1,0,0.0,True
heterogeneity_entropy,6007,10,iid,submitted,none,B3,5,6,False,2051,513,True,True,0.7719298245614035,0.5071884262642352,0.0108672936259143,0.0449197860962566,0.0449197860962566,0.2021943573667711,,1.3038750039413571,2564,0.8094183718260385,0.9067072947014674,"{""0"": 1926, ""1"": 638}","{""Female"": 826, ""Male"": 1738}","{""0|Female"": 738, ""0|Male"": 1188, ""1|Female"": 88, ""1|Male"": 550}",0.3221528861154446,1,0,0.0,False
heterogeneity_entropy,6007,10,iid,submitted,none,B3,5,7,False,2050,513,True,True,0.7582846003898636,0.5211670480549199,0.0400854137009131,0.0594373865698729,0.0594373865698729,0.1970417693830075,,1.4001670060679317,2563,0.8311997298135428,0.9085077401393996,"{""0"": 1889, ""1"": 674}","{""Female"": 830, ""Male"": 1733}","{""0|Female"": 733, ""0|Male"": 1156, ""1|Female"": 97, ""1|Male"": 577}",0.32383925087787746,1,0,0.0,False
heterogeneity_entropy,6007,10,iid,submitted,none,B3,5,8,False,2050,513,True,True,0.7680311890838206,0.5328262150559029,0.0405944681436631,0.131578947368421,0.131578947368421,0.178271638915646,,1.3715829700231552,2563,0.8205732518901382,0.9146111430987772,"{""0"": 1907, ""1"": 656}","{""Female"": 845, ""Male"": 1718}","{""0|Female"": 756, ""0|Male"": 1151, ""1|Female"": 89, ""1|Male"": 567}",0.3296917674600078,1,0,0.0,True
heterogeneity_entropy,6007,10,iid,submitted,none,B3,5,9,False,2050,513,True,True,0.7953216374269005,0.557733203057647,0.0435014448878491,0.1015151515151515,0.1015151515151515,0.1375739644970414,,1.2980829924345016,2563,0.7803910017141505,0.9146111430987772,"{""0"": 1970, ""1"": 593}","{""Female"": 845, ""Male"": 1718}","{""0|Female"": 746, ""0|Male"": 1224, ""1|Female"": 99, ""1|Male"": 494}",0.3296917674600078,1,0,0.0,True
heterogeneity_entropy,6007,10,joint_dirichlet_1.0,submitted,none,B3,5,0,False,1744,437,True,True,0.9244851258581236,0.5343407924053085,0.0147058823529411,0.08,0.08,0.1358950556966972,,1.213249983265996,2181,0.4014032406506307,0.8952215845507505,"{""0"": 2007, ""1"": 174}","{""Female"": 1501, ""Male"": 680}","{""0|Female"": 1453, ""0|Male"": 554, ""1|Female"": 48, ""1|Male"": 126}",0.31178358551123336,1,0,0.0,True
heterogeneity_entropy,6007,10,joint_dirichlet_1.0,submitted,none,B3,5,1,False,2597,650,True,True,0.8630769230769231,0.5134525942186225,0.0104712041884816,0.0568181818181818,0.0568181818181818,0.0816617937036785,,1.5714580076746645,3247,0.5933761617338765,0.5252392187622524,"{""0"": 2781, ""1"": 466}","{""Female"": 385, ""Male"": 2862}","{""0|Female"": 360, ""0|Male"": 2421, ""1|Female"": 25, ""1|Male"": 441}",0.11857098860486603,1,0,0.0,False
heterogeneity_entropy,6007,10,joint_dirichlet_1.0,submitted,none,B3,5,2,False,1037,260,True,True,0.7576923076923077,0.4736334715125807,0.0140845070422535,0.0769230769230769,0.0769230769230769,0.4054540005993407,,0.9206670220009984,1297,0.8182294322893057,0.6809870075438499,"{""0"": 967, ""1"": 330}","{""Female"": 234, ""Male"": 1063}","{""0|Female"": 101, ""0|Male"": 866, ""1|Female"": 133, ""1|Male"": 197}",0.18041634541249035,1,0,0.0,False
heterogeneity_entropy,6007,10,joint_dirichlet_1.0,submitted,none,B3,5,3,False,3683,921,True,True,0.9055374592833876,0.4752136752136752,0.0,0.0,0.0,0.0062870905074912,,1.7090420005843043,4604,0.4519670657474429,0.7769040568327732,"{""0"": 4168, ""1"": 436}","{""Female"": 1056, ""Male"": 3548}","{""0|Female"": 962, ""0|Male"": 3206, ""1|Female"": 94, ""1|Male"": 342}",0.22936576889661164,1,0,0.0,True
heterogeneity_entropy,6007,10,joint_dirichlet_1.0,submitted,none,B3,5,4,False,4093,1024,True,True,0.654296875,0.487652645861601,0.0624174891223601,0.072463768115942,0.072463768115942,0.4201209805794333,,1.7558750114403665,5117,0.9601587056203342,0.9257915546465488,"{""0"": 3157, ""1"": 1960}","{""Female"": 1745, ""Male"": 3372}","{""0|Female"": 1625, ""0|Male"": 1532, ""1|Female"": 120, ""1|Male"": 1840}",0.34102012898182527,1,0,0.0,True
heterogeneity_entropy,6007,10,joint_dirichlet_1.0,submitted,none,B3,5,5,False,2898,725,True,True,0.8358620689655173,0.4790943396226415,0.0088339222614841,0.0309278350515463,0.0309278350515463,0.0249572193701802,,1.4491669717244804,3623,0.6469155452352344,0.7591279152704292,"{""0"": 3024, ""1"": 599}","{""Female"": 795, ""Male"": 2828}","{""0|Female"": 682, ""0|Male"": 2342, ""1|Female"": 113, ""1|Male"": 486}",0.21943141043334252,1,0,0.0,True
heterogeneity_entropy,6007,10,joint_dirichlet_1.0,submitted,none,B3,5,6,False,1080,270,True,False,0.5,0.4991687162505668,0.0619658119658119,0.0357142857142857,0.0757575757575757,0.032051282051282,,0.9245409746654332,1350,0.8711014065341873,0.5645057502513601,"{""0"": 394, ""1"": 956}","{""Female"": 179, ""Male"": 1171}","{""0|Female"": 61, ""0|Male"": 333, ""1|Female"": 118, ""1|Male"": 838}",0.1325925925925926,0,1,0.05265826734797363,False
heterogeneity_entropy,6007,10,joint_dirichlet_1.0,submitted,none,B3,5,7,False,984,246,True,False,0.6097560975609756,0.5325045530129068,0.4826611867454405,0.0662100456621004,0.0662100456621004,0.3560236321602876,,0.8884170092642307,1230,0.474128853429181,0.3502562325891722,"{""0"": 125, ""1"": 1105}","{""Female"": 81, ""Male"": 1149}","{""0|Female"": 73, ""0|Male"": 52, ""1|Female"": 8, ""1|Male"": 1097}",0.06585365853658537,0,1,0.0479775324725982,False
heterogeneity_entropy,6007,10,joint_dirichlet_1.0,submitted,none,B3,5,8,False,783,196,True,True,0.9846938775510204,0.4961439588688946,0.0,,,0.0714285714285714,"equal_opportunity_gap,equalized_odds_gap",0.962875026743859,979,0.1203841667709561,0.7422824883844407,"{""0"": 963, ""1"": 16}","{""Female"": 773, ""Male"": 206}","{""0|Female"": 771, ""0|Male"": 192, ""1|Female"": 2, ""1|Male"": 14}",0.21041879468845762,1,0,0.0,False
heterogeneity_entropy,6007,10,joint_dirichlet_1.0,submitted,none,B3,5,9,False,1607,402,True,True,0.8383084577114428,0.4979151855196664,0.0048461786983522,0.0558213716108453,0.0558213716108453,0.0633592992784577,,1.4259580057114365,2009,0.6559596537193567,0.7619992262306953,"{""0"": 1669, ""1"": 340}","{""Female"": 1565, ""Male"": 444}","{""0|Female"": 1281, ""0|Male"": 388, ""1|Female"": 284, ""1|Male"": 56}",0.22100547536087606,1,0,0.0,True
heterogeneity_entropy,6007,10,joint_dirichlet_0.3,submitted,none,B3,5,0,False,4017,1005,True,True,0.7701492537313432,0.5134293948126801,0.0296774193548387,,,0.2980645161290323,"equal_opportunity_gap,equalized_odds_gap",2.1246669930405915,5022,0.8114358882485873,0.7765993417992313,"{""0"": 3766, ""1"": 1256}","{""Female"": 1151, ""Male"": 3871}","{""0|Female"": 1151, ""0|Male"": 2615, ""1|Male"": 1256}",0.2291915571485464,1,0,0.0,True
heterogeneity_entropy,6007,10,joint_dirichlet_0.3,submitted,none,B3,5,1,False,165,42,True,False,1.0,1.0,,,,,"comparison_groups,subgroup_accuracy_gap",0.7867919630371034,207,0.0441192831044316,0.0,"{""0"": 206, ""1"": 1}","{""Female"": 0, ""Male"": 207}","{""0|Male"": 206, ""1|Male"": 1}",0.0,0,1,0.008074267660022623,False
heterogeneity_entropy,6007,10,joint_dirichlet_0.3,submitted,none,B3,5,2,False,2393,599,True,True,0.6343906510851419,0.5162674926710549,0.1543253462099125,0.1138659320477502,0.1138659320477502,0.7326781158892128,,1.5375420334748924,2992,0.98719806747967,0.9847688027915458,"{""0"": 1695, ""1"": 1297}","{""Female"": 1713, ""Male"": 1279}","{""0|Female"": 1624, ""0|Male"": 71, ""1|Female"": 89, ""1|Male"": 1208}",0.4274732620320856,1,0,0.0,True
heterogeneity_entropy,6007,10,joint_dirichlet_0.3,submitted,none,B3,5,3,False,745,187,True,True,0.6417112299465241,0.4176079579788965,0.0588235294117647,0.0348139255702281,,0.0196078431372549,"equalized_odds_gap,false_positive_rate_gap",1.0654170182533562,932,0.092519230968518,0.8495965510908606,"{""0"": 11, ""1"": 921}","{""Female"": 257, ""Male"": 675}","{""0|Female"": 11, ""1|Female"": 246, ""1|Male"": 675}",0.2757510729613734,1,0,0.0,True
heterogeneity_entropy,6007,10,joint_dirichlet_0.3,submitted,none,B3,5,4,False,252,63,True,False,0.8888888888888888,0.4705882352941176,,,,,"comparison_groups,subgroup_accuracy_gap",0.7453340222127736,315,0.4936602958965112,0.0,"{""0"": 281, ""1"": 34}","{""Female"": 315, ""Male"": 0}","{""0|Female"": 281, ""1|Female"": 34}",0.0,0,1,0.012286929047860514,False
heterogeneity_entropy,6007,10,joint_dirichlet_0.3,submitted,none,B3,5,5,False,3791,948,True,True,0.9978902953586498,0.4994720168954593,0.0,,,0.1111111111111111,"equal_opportunity_gap,equalized_odds_gap",1.9059159676544368,4739,0.0217970260994017,0.1309077666938267,"{""0"": 4729, ""1"": 10}","{""Female"": 86, ""Male"": 4653}","{""0|Female"": 78, ""0|Male"": 4651, ""1|Female"": 8, ""1|Male"": 2}",0.01814728845748048,1,0,0.0,False
heterogeneity_entropy,6007,10,joint_dirichlet_0.3,submitted,none,B3,5,6,False,4057,1015,True,True,0.6236453201970443,0.5310610238696506,0.1578179957272941,0.0632950427877573,0.0632950427877573,0.5486203059127426,,1.9374999683350325,5072,0.995235041835254,0.9676539377150584,"{""0"": 2742, ""1"": 2330}","{""Female"": 3071, ""Male"": 2001}","{""0|Female"": 2525, ""0|Male"": 217, ""1|Female"": 546, ""1|Male"": 1784}",0.39451892744479494,1,0,0.0,True
heterogeneity_entropy,6007,10,joint_dirichlet_0.3,submitted,none,B3,5,7,False,1116,280,True,True,0.9964285714285714,0.4991055456171735,0.0,,,0.0037735849056603,"equal_opportunity_gap,equalized_odds_gap",1.020834024529904,1396,0.0455240698310294,0.2990423299562778,"{""0"": 1389, ""1"": 7}","{""Female"": 74, ""Male"": 1322}","{""0|Female"": 72, ""0|Male"": 1317, ""1|Female"": 2, ""1|Male"": 5}",0.05300859598853868,1,0,0.0,False
heterogeneity_entropy,6007,10,joint_dirichlet_0.3,submitted,none,B3,5,8,False,2779,695,True,True,0.9985611510791368,0.4996400287976962,0.0,,,0.0026666666666667,"equal_opportunity_gap,equalized_odds_gap",1.474666001740843,3474,0.0183400138348456,0.995308927385324,"{""0"": 3468, ""1"": 6}","{""Female"": 1597, ""Male"": 1877}","{""0|Female"": 1597, ""0|Male"": 1871, ""1|Male"": 6}",0.4597006332757628,1,0,0.0,True
heterogeneity_entropy,6007,10,joint_dirichlet_0.3,submitted,none,B3,5,9,False,1190,298,True,True,0.6778523489932886,0.4928019289412099,0.0486111111111111,0.11,0.11,0.0805555555555556,,1.0078329942189157,1488,0.9335869855323568,0.212146595650742,"{""0"": 968, ""1"": 520}","{""Female"": 50, ""Male"": 1438}","{""0|Female"": 30, ""0|Male"": 938, ""1|Female"": 20, ""1|Male"": 500}",0.033602150537634407,1,0,0.0,False
heterogeneity_entropy,6008,10,iid,submitted,none,B3,5,0,False,2051,513,True,True,0.7621832358674464,0.5072278911564626,0.0314398805597027,0.0973451327433628,0.0973451327433628,0.1912780806222006,,1.2620000052265825,2564,0.8186121231009023,0.9087875978470054,"{""0"": 1911, ""1"": 653}","{""Female"": 831, ""Male"": 1733}","{""0|Female"": 744, ""0|Male"": 1167, ""1|Female"": 87, ""1|Male"": 566}",0.32410296411856476,1,0,0.0,False
heterogeneity_entropy,6008,10,iid,submitted,none,B3,5,1,False,2051,513,True,True,0.7446393762183235,0.5174451585107529,0.0167701863354037,0.0304347826086956,0.0304347826086956,0.1938405797101449,,1.2652089935727415,2564,0.8533592572218709,0.9132762165878242,"{""0"": 1850, ""1"": 714}","{""Female"": 842, ""Male"": 1722}","{""0|Female"": 727, ""0|Male"": 1123, ""1|Female"": 115, ""1|Male"": 599}",0.328393135725429,1,0,0.0,True
heterogeneity_entropy,6008,10,iid,submitted,none,B3,5,2,False,2051,513,True,True,0.7719298245614035,0.5301499080198834,0.0128590397651827,0.0048285852245292,0.0096264367816091,0.1649486337270249,,1.2782500125467775,2564,0.8112781244591328,0.9041777603451744,"{""0"": 1923, ""1"": 641}","{""Female"": 820, ""Male"": 1744}","{""0|Female"": 725, ""0|Male"": 1198, ""1|Female"": 95, ""1|Male"": 546}",0.31981279251170047,1,0,0.0,False
heterogeneity_entropy,6008,10,iid,submitted,none,B3,5,3,False,2051,513,True,True,0.7621832358674464,0.5072278911564626,0.0094966761633428,0.0226943505552872,0.0226943505552872,0.1761633428300095,,1.281291013583541,2564,0.8125121054668893,0.899009595944974,"{""0"": 1921, ""1"": 643}","{""Female"": 808, ""Male"": 1756}","{""0|Female"": 713, ""0|Male"": 1208, ""1|Female"": 95, ""1|Male"": 548}",0.31513260530421217,1,0,0.0,False
heterogeneity_entropy,6008,10,iid,submitted,none,B3,5,4,False,2051,513,True,True,0.7719298245614035,0.5131840412675497,0.0348837209302325,0.102803738317757,0.102803738317757,0.1636335489197742,,1.2908329954370856,2564,0.8075480524453709,0.9144794558577996,"{""0"": 1929, ""1"": 635}","{""Female"": 845, ""Male"": 1719}","{""0|Female"": 746, ""0|Male"": 1183, ""1|Female"": 99, ""1|Male"": 536}",0.3295631825273011,1,0,0.0,True
heterogeneity_entropy,6008,10,iid,submitted,none,B3,5,5,False,2051,513,True,True,0.7738791423001949,0.5083608724388632,0.0281507449605609,0.0952380952380952,0.0952380952380952,0.160578439964943,,1.3173330225981772,2564,0.7954551257121647,0.9016119081818514,"{""0"": 1948, ""1"": 616}","{""Female"": 814, ""Male"": 1750}","{""0|Female"": 724, ""0|Male"": 1224, ""1|Female"": 90, ""1|Male"": 526}",0.3174726989079563,1,0,0.0,False
heterogeneity_entropy,6008,10,iid,submitted,none,B3,5,6,False,2051,513,True,True,0.7797270955165692,0.5513686703350282,0.0353440632885494,0.1588785046728972,0.1588785046728972,0.1389551933437904,,1.246333005838096,2564,0.8056671329063219,0.9211294325608974,"{""0"": 1932, ""1"": 632}","{""Female"": 862, ""Male"": 1702}","{""0|Female"": 765, ""0|Male"": 1167, ""1|Female"": 97, ""1|Male"": 535}",0.3361934477379095,1,0,0.0,True
heterogeneity_entropy,6008,10,iid,submitted,none,B3,5,7,False,2050,513,True,True,0.783625730994152,0.5205567109262518,0.0341692789968652,0.11,0.11,0.1492163009404389,,1.2776670046150684,2563,0.7790369171885096,0.9060033074604704,"{""0"": 1972, ""1"": 591}","{""Female"": 824, ""Male"": 1739}","{""0|Female"": 732, ""0|Male"": 1240, ""1|Female"": 92, ""1|Male"": 499}",0.3214982442450254,1,0,0.0,False
heterogeneity_entropy,6008,10,iid,submitted,none,B3,5,8,False,2050,513,True,True,0.7680311890838206,0.5048624009473368,0.0255962064310685,0.0208333333333333,0.0208333333333333,0.2018794780381434,,1.265708007849753,2563,0.7988346613645427,0.9109760648358344,"{""0"": 1942, ""1"": 621}","{""Female"": 836, ""Male"": 1727}","{""0|Female"": 754, ""0|Male"": 1188, ""1|Female"": 82, ""1|Male"": 539}",0.3261802575107296,1,0,0.0,True
heterogeneity_entropy,6008,10,iid,submitted,none,B3,5,9,False,2050,513,True,True,0.7758284600389863,0.538181533523817,0.0340613173153709,0.0081549439347604,0.0126050420168067,0.1889170514912677,,1.2459170538932085,2563,0.8083274825101868,0.9093345203313588,"{""0"": 1927, ""1"": 636}","{""Female"": 832, ""Male"": 1731}","{""0|Female"": 739, ""0|Male"": 1188, ""1|Female"": 93, ""1|Male"": 543}",0.32461958642216154,1,0,0.0,True
heterogeneity_entropy,6008,10,joint_dirichlet_1.0,submitted,none,B3,5,0,False,1804,452,True,True,0.8982300884955752,0.5130679156908665,0.0108695652173913,0.0465116279069767,0.0465116279069767,0.2041693705386112,,1.3230829499661922,2256,0.491624618805657,0.9746105968908516,"{""0"": 2014, ""1"": 242}","{""Female"": 1339, ""Male"": 917}","{""0|Female"": 1313, ""0|Male"": 701, ""1|Female"": 26, ""1|Male"": 216}",0.40647163120567376,1,0,0.0,True
heterogeneity_entropy,6008,10,joint_dirichlet_1.0,submitted,none,B3,5,1,False,2025,507,True,True,0.6666666666666666,0.4459518005289397,0.0092033131927493,0.0226190476190476,0.0226190476190476,0.0946740826697611,,1.2083329493179915,2532,0.9318621646705908,0.8312890686231114,"{""0"": 1652, ""1"": 880}","{""Female"": 666, ""Male"": 1866}","{""0|Female"": 388, ""0|Male"": 1264, ""1|Female"": 278, ""1|Male"": 602}",0.26303317535545023,1,0,0.0,False
heterogeneity_entropy,6008,10,joint_dirichlet_1.0,submitted,none,B3,5,2,False,1912,478,True,True,0.9372384937238494,0.4838012958963283,0.0,0.0,0.0,0.0785948605795516,,1.247667009010911,2390,0.3383109022274803,0.8258611443461177,"{""0"": 2240, ""1"": 150}","{""Female"": 620, ""Male"": 1770}","{""0|Female"": 543, ""0|Male"": 1697, ""1|Female"": 77, ""1|Male"": 73}",0.2594142259414226,1,0,0.0,False
heterogeneity_entropy,6008,10,joint_dirichlet_1.0,submitted,none,B3,5,3,False,2767,692,True,True,0.7297687861271677,0.5072932808912614,0.0867687146152233,0.0027027027027027,0.0041493775933609,0.8391067309708534,,1.541582983918488,3459,0.8771167953870836,0.8472410929435306,"{""0"": 2433, ""1"": 1026}","{""Female"": 2511, ""Male"": 948}","{""0|Female"": 2408, ""0|Male"": 25, ""1|Female"": 103, ""1|Male"": 923}",0.2740676496097138,1,0,0.0,True
heterogeneity_entropy,6008,10,joint_dirichlet_1.0,submitted,none,B3,5,4,False,1301,326,True,True,0.7760736196319018,0.4500751010976314,0.0074626865671641,0.02,0.02,0.2406716417910447,,1.0312500526197257,1627,0.7712981222814875,0.9774364178210424,"{""0"": 1259, ""1"": 368}","{""Female"": 957, ""Male"": 670}","{""0|Female"": 837, ""0|Male"": 422, ""1|Female"": 120, ""1|Male"": 248}",0.41180086047940995,1,0,0.0,True
heterogeneity_entropy,6008,10,joint_dirichlet_1.0,submitted,none,B3,5,5,False,689,173,True,True,0.6589595375722543,0.5160953870952449,0.1088023088023087,0.1310344827586207,0.1310344827586207,0.2624819624819625,,0.9680829825811088,862,0.9697159815774802,0.9489283499577416,"{""0"": 519, ""1"": 343}","{""Female"": 545, ""Male"": 317}","{""0|Female"": 403, ""0|Male"": 116, ""1|Female"": 142, ""1|Male"": 201}",0.3677494199535963,1,0,0.0,True
heterogeneity_entropy,6008,10,joint_dirichlet_1.0,submitted,none,B3,5,6,False,4153,1039,True,True,0.8565928777670837,0.4866958225711794,0.0040733197556008,0.0285714285714285,0.0285714285714285,0.0895773037481688,,1.9228750024922192,5192,0.6041234581483738,0.3068256763376129,"{""0"": 4425, ""1"": 767}","{""Female"": 285, ""Male"": 4907}","{""0|Female"": 218, ""0|Male"": 4207, ""1|Female"": 67, ""1|Male"": 700}",0.05489214175654854,1,0,0.0,False
heterogeneity_entropy,6008,10,joint_dirichlet_1.0,submitted,none,B3,5,7,False,2868,718,True,True,0.9331476323119776,0.5381894195208233,0.0028992150346645,0.0512195121951219,0.0512195121951219,0.0112072423079125,,1.5515420236624775,3586,0.3731458258876849,0.7524972231729642,"{""0"": 3328, ""1"": 258}","{""Female"": 774, ""Male"": 2812}","{""0|Female"": 723, ""0|Male"": 2605, ""1|Female"": 51, ""1|Male"": 207}",0.2158393753485778,1,0,0.0,False
heterogeneity_entropy,6008,10,joint_dirichlet_1.0,submitted,none,B3,5,8,False,929,233,True,True,0.7682403433476395,0.4683062880324544,0.0158730158730158,0.0444444444444444,0.0444444444444444,0.2384661029520842,,0.9838750120252372,1162,0.7980611192901015,0.9946510366997148,"{""0"": 881, ""1"": 281}","{""Female"": 531, ""Male"": 631}","{""0|Female"": 477, ""0|Male"": 404, ""1|Female"": 54, ""1|Male"": 227}",0.4569707401032702,1,0,0.0,True
heterogeneity_entropy,6008,10,joint_dirichlet_1.0,submitted,none,B3,5,9,False,2056,515,True,False,0.5300970873786408,0.5162930418853044,0.255846917080085,0.0352078239608801,0.0898876404494382,0.3034490904795652,,1.3811669778078794,2571,0.7139221222104131,0.2114088547785191,"{""0"": 504, ""1"": 2067}","{""Female"": 86, ""Male"": 2485}","{""0|Female"": 59, ""0|Male"": 445, ""1|Female"": 27, ""1|Male"": 2040}",0.033450019447685726,0,1,0.10028474470491867,False
heterogeneity_entropy,6008,10,joint_dirichlet_0.3,submitted,none,B3,5,0,False,2010,503,True,False,0.4572564612326044,0.4058155383916402,0.1183027687882056,0.0704341454478842,,0.5113268608414239,"equalized_odds_gap,false_positive_rate_gap",1.370124984532595,2513,0.9574949676691288,0.976221730039364,"{""0"": 953, ""1"": 1560}","{""Female"": 1484, ""Male"": 1029}","{""0|Female"": 953, ""1|Female"": 531, ""1|Male"": 1029}",0.40947075208913647,0,1,0.09802238951515388,True
heterogeneity_entropy,6008,10,joint_dirichlet_0.3,submitted,none,B3,5,1,False,123,31,True,False,0.3548387096774194,0.2954545454545454,0.3454545454545454,0.3349282296650717,,0.2954545454545454,"equalized_odds_gap,false_positive_rate_gap",0.6753330235369503,154,0.266764987803026,0.940285958670631,"{""0"": 7, ""1"": 147}","{""Female"": 99, ""Male"": 55}","{""0|Female"": 7, ""1|Female"": 92, ""1|Male"": 55}",0.35714285714285715,0,1,0.00600694309006514,False
heterogeneity_entropy,6008,10,joint_dirichlet_0.3,submitted,none,B3,5,2,False,6401,1601,True,True,0.9912554653341662,0.4978042659974906,0.0,0.0,0.0,0.0208564359049796,,2.5615000049583614,8002,0.0732241709279312,0.8718356244383368,"{""0"": 7931, ""1"": 71}","{""Female"": 2340, ""Male"": 5662}","{""0|Female"": 2284, ""0|Male"": 5647, ""1|Female"": 56, ""1|Male"": 15}",0.2924268932766808,1,0,0.0,False
heterogeneity_entropy,6008,10,joint_dirichlet_0.3,submitted,none,B3,5,3,False,224,57,True,False,0.4210526315789473,0.3397683397683397,0.0332512315270936,0.0378787878787878,0.0588235294117647,0.3362068965517241,,0.7497910410165787,281,0.9701118148752294,0.9999177790172524,"{""0"": 112, ""1"": 169}","{""Female"": 139, ""Male"": 142}","{""0|Female"": 28, ""0|Male"": 84, ""1|Female"": 111, ""1|Male"": 58}",0.49466192170818507,0,1,0.010960720833170809,True
heterogeneity_entropy,6008,10,joint_dirichlet_0.3,submitted,none,B3,5,4,False,1804,452,True,True,0.8495575221238938,0.5115687770150013,0.0228571428571428,0.0615384615384615,0.0615384615384615,0.3233006704486848,,1.4286250225268304,2256,0.634351969928918,0.9622242288231136,"{""0"": 1895, ""1"": 361}","{""Female"": 1385, ""Male"": 871}","{""0|Female"": 1349, ""0|Male"": 546, ""1|Female"": 36, ""1|Male"": 325}",0.38608156028368795,1,0,0.0,True
heterogeneity_entropy,6008,10,joint_dirichlet_0.3,submitted,none,B3,5,5,False,1408,353,True,True,0.773371104815864,0.4807296263606943,0.0209489003458852,,,0.5079618873588723,"equal_opportunity_gap,equalized_odds_gap",1.2187499669380486,1761,0.7867856215015986,0.9881919373124558,"{""0"": 1347, ""1"": 414}","{""Female"": 993, ""Male"": 768}","{""0|Female"": 991, ""0|Male"": 356, ""1|Female"": 2, ""1|Male"": 412}",0.43611584327086883,1,0,0.0,True
heterogeneity_entropy,6008,10,joint_dirichlet_0.3,submitted,none,B3,5,6,False,753,189,False,False,,,,,,,,0.0209580175578594,942,0.0,0.0,"{""0"": 942, ""1"": 0}","{""Female"": 0, ""Male"": 942}","{""0|Male"": 942}",0.0,0,1,0.036743768771697154,False
heterogeneity_entropy,6008,10,joint_dirichlet_0.3,submitted,none,B3,5,7,False,427,107,True,True,0.9813084112149532,0.4952830188679245,0.0,0.0,0.0,0.0076308139534884,,0.863666005898267,534,0.1122476388640502,0.9702895375408072,"{""0"": 526, ""1"": 8}","{""Female"": 213, ""Male"": 321}","{""0|Female"": 211, ""0|Male"": 315, ""1|Female"": 2, ""1|Male"": 6}",0.398876404494382,1,0,0.0,True
heterogeneity_entropy,6008,10,joint_dirichlet_0.3,submitted,none,B3,5,8,False,6640,1660,True,False,0.5873493975903614,0.429587889665814,0.0243060765191297,0.0273432688754772,0.0273432688754772,0.2914800128603578,,2.637457975652069,8300,0.9892494532908492,0.4476309725316734,"{""0"": 4656, ""1"": 3644}","{""Female"": 775, ""Male"": 7525}","{""0|Female"": 660, ""0|Male"": 3996, ""1|Female"": 115, ""1|Male"": 3529}",0.09337349397590361,0,1,0.3237508288801342,False
heterogeneity_entropy,6008,10,joint_dirichlet_0.3,submitted,none,B3,5,9,False,715,179,True,False,0.988826815642458,0.497191011235955,,,,,"comparison_groups,subgroup_accuracy_gap",1.1342910001985729,894,0.0737391651880759,0.0737391651880759,"{""0"": 886, ""1"": 8}","{""Female"": 886, ""Male"": 8}","{""0|Female"": 886, ""1|Male"": 8}",0.008948545861297539,0,1,0.03487147482154698,False
heterogeneity_entropy,6009,10,iid,submitted,none,B3,5,0,False,2051,513,True,True,0.7738791423001949,0.5420488825955796,0.0344720496894409,0.0208629682313892,0.0208629682313892,0.1857660455486542,,1.2784579885192215,2564,0.8174014061324145,0.913678290555806,"{""0"": 1913, ""1"": 651}","{""Female"": 843, ""Male"": 1721}","{""0|Female"": 746, ""0|Male"": 1167, ""1|Female"": 97, ""1|Male"": 554}",0.32878315132605307,1,0,0.0,True
heterogeneity_entropy,6009,10,iid,submitted,none,B3,5,1,False,2051,513,True,True,0.7660818713450293,0.4976498237367803,0.0181572273879966,0.0185185185185185,0.0185185185185185,0.1989180050718512,,1.243957958649844,2564,0.8044072809041559,0.92602280172745,"{""0"": 1934, ""1"": 630}","{""Female"": 875, ""Male"": 1689}","{""0|Female"": 786, ""0|Male"": 1148, ""1|Female"": 89, ""1|Male"": 541}",0.34126365054602187,1,0,0.0,True
heterogeneity_entropy,6009,10,iid,submitted,none,B3,5,2,False,2051,513,True,True,0.7855750487329435,0.5556972789115646,0.0196687370600414,0.0004413062665489,0.0027170836635344,0.1418219461697722,,1.2605829979293048,2564,0.8005992663946563,0.911657964511513,"{""0"": 1940, ""1"": 624}","{""Female"": 838, ""Male"": 1726}","{""0|Female"": 729, ""0|Male"": 1211, ""1|Female"": 109, ""1|Male"": 515}",0.32683307332293293,1,0,0.0,True
heterogeneity_entropy,6009,10,iid,submitted,none,B3,5,3,False,2051,513,True,True,0.7621832358674464,0.512873599003736,0.0073434950175341,0.0848484848484848,0.0848484848484848,0.2001840213881461,,1.2045420007780194,2564,0.8100394618140766,0.9092006505968704,"{""0"": 1925, ""1"": 639}","{""Female"": 832, ""Male"": 1732}","{""0|Female"": 740, ""0|Male"": 1185, ""1|Female"": 92, ""1|Male"": 547}",0.3244929797191888,1,0,0.0,False
heterogeneity_entropy,6009,10,iid,submitted,none,B3,5,4,False,2051,513,True,True,0.7738791423001949,0.5021417575798139,0.0171333633311411,0.0192107995846313,0.0192107995846313,0.1843307604444291,,1.2047920026816428,2564,0.8031426926142338,0.9100237532413932,"{""0"": 1936, ""1"": 628}","{""Female"": 834, ""Male"": 1730}","{""0|Female"": 743, ""0|Male"": 1193, ""1|Female"": 91, ""1|Male"": 537}",0.3252730109204368,1,0,0.0,False
heterogeneity_entropy,6009,10,iid,submitted,none,B3,5,5,False,2051,513,True,True,0.783625730994152,0.5381489622281882,0.0313765532518777,0.0774509803921568,0.0774509803921568,0.1432453013049046,,1.3285419554449618,2564,0.7915465609943745,0.91043380438228,"{""0"": 1954, ""1"": 610}","{""Female"": 835, ""Male"": 1729}","{""0|Female"": 735, ""0|Male"": 1219, ""1|Female"": 100, ""1|Male"": 510}",0.3256630265210608,1,0,0.0,True
heterogeneity_entropy,6009,10,iid,submitted,none,B3,5,6,False,2051,513,True,True,0.7719298245614035,0.5457256385998108,0.0354439825178552,0.0043103448275862,0.0084033613445378,0.2029101375119923,,1.3260000268928709,2564,0.8222165643311006,0.8941435111534084,"{""0"": 1905, ""1"": 659}","{""Female"": 797, ""Male"": 1767}","{""0|Female"": 715, ""0|Male"": 1190, ""1|Female"": 82, ""1|Male"": 577}",0.3108424336973479,1,0,0.0,False
heterogeneity_entropy,6009,10,iid,submitted,none,B3,5,7,False,2050,513,True,True,0.7602339181286549,0.4882191203069111,0.0293255131964809,0.073394495412844,0.073394495412844,0.1857737161563117,,1.298624963965267,2563,0.8138957669688609,0.9197198103677472,"{""0"": 1918, ""1"": 645}","{""Female"": 858, ""Male"": 1705}","{""0|Female"": 759, ""0|Male"": 1159, ""1|Female"": 99, ""1|Male"": 546}",0.33476394849785407,1,0,0.0,True
heterogeneity_entropy,6009,10,iid,submitted,none,B3,5,8,False,2050,513,True,True,0.7719298245614035,0.5457256385998108,0.044375111428062,0.0889613414066138,0.0889613414066138,0.1649491888037082,,1.2750830501317978,2563,0.8223701007911365,0.8924831722768324,"{""0"": 1904, ""1"": 659}","{""Female"": 793, ""Male"": 1770}","{""0|Female"": 697, ""0|Male"": 1207, ""1|Female"": 96, ""1|Male"": 563}",0.3094030433086227,1,0,0.0,False
heterogeneity_entropy,6009,10,iid,submitted,none,B3,5,9,False,2050,513,True,True,0.7699805068226121,0.5233843537414966,0.030389363722697,0.0545361875637105,0.0545361875637105,0.1737891737891737,,1.2108329683542252,2563,0.8089508730286957,0.8995833442966834,"{""0"": 1926, ""1"": 637}","{""Female"": 809, ""Male"": 1754}","{""0|Female"": 719, ""0|Male"": 1207, ""1|Female"": 90, ""1|Male"": 547}",0.31564572766289506,1,0,0.0,False
heterogeneity_entropy,6009,10,joint_dirichlet_1.0,submitted,none,B3,5,0,False,3692,923,True,False,0.5915492957746479,0.4383986572090283,0.0342533549062529,0.0806045340050377,0.0806045340050377,0.380584372323213,,1.774042029865086,4615,0.9896927973544074,0.5937494213571254,"{""0"": 2583, ""1"": 2032}","{""Female"": 663, ""Male"": 3952}","{""0|Female"": 615, ""0|Male"": 1968, ""1|Female"": 48, ""1|Male"": 1984}",0.14366197183098592,0,1,0.1800132620821469,False
heterogeneity_entropy,6009,10,joint_dirichlet_1.0,submitted,none,B3,5,1,False,941,236,True,True,0.8686440677966102,0.5216737495913697,0.0145631067961165,0.064516129032258,0.064516129032258,0.1122977346278317,,0.9181249770335852,1177,0.5780195288099516,0.5456478354998052,"{""0"": 1015, ""1"": 162}","{""Female"": 148, ""Male"": 1029}","{""0|Female"": 143, ""0|Male"": 872, ""1|Female"": 5, ""1|Male"": 157}",0.12574341546304163,1,0,0.0,False
heterogeneity_entropy,6009,10,joint_dirichlet_1.0,submitted,none,B3,5,2,False,1220,305,True,True,0.8065573770491803,0.4626593806921676,0.0056497175141242,0.1111111111111111,0.1111111111111111,0.3532397598870056,,0.9811670170165598,1525,0.7113113968507863,0.9816062533148971,"{""0"": 1228, ""1"": 297}","{""Female"": 884, ""Male"": 641}","{""0|Female"": 842, ""0|Male"": 386, ""1|Female"": 42, ""1|Male"": 255}",0.42032786885245904,1,0,0.0,True
heterogeneity_entropy,6009,10,joint_dirichlet_1.0,submitted,none,B3,5,3,False,1264,317,True,False,0.4479495268138801,0.4371049080190354,0.099495701058201,0.0137161084529505,0.0275821596244131,0.3231646825396825,,1.0104579851031303,1581,0.8810588225133658,0.9743919141044728,"{""0"": 474, ""1"": 1107}","{""Female"": 642, ""Male"": 939}","{""0|Female"": 356, ""0|Male"": 118, ""1|Female"": 286, ""1|Male"": 821}",0.4060721062618596,0,1,0.06166868198307134,True
heterogeneity_entropy,6009,10,joint_dirichlet_1.0,submitted,none,B3,5,4,False,2852,714,True,True,0.9705882352941176,0.4925373134328358,0.0,0.0,0.0,0.1782516891891891,,1.44379201810807,3566,0.1930117828810128,0.4790482488366934,"{""0"": 3460, ""1"": 106}","{""Female"": 368, ""Male"": 3198}","{""0|Female"": 300, ""0|Male"": 3160, ""1|Female"": 68, ""1|Male"": 38}",0.10319685922602355,1,0,0.0,False
heterogeneity_entropy,6009,10,joint_dirichlet_1.0,submitted,none,B3,5,5,False,1994,499,True,True,0.9078156312625252,0.4758403361344537,0.0,0.0,0.0,0.222465302281816,,1.2138329911977053,2493,0.4439632208937535,0.7583616053412187,"{""0"": 2263, ""1"": 230}","{""Female"": 1947, ""Male"": 546}","{""0|Female"": 1862, ""0|Male"": 401, ""1|Female"": 85, ""1|Male"": 145}",0.2190132370637786,1,0,0.0,False
heterogeneity_entropy,6009,10,joint_dirichlet_1.0,submitted,none,B3,5,6,False,1307,327,True,True,0.9571865443425076,0.4890625,0.0,0.0,0.0,0.1548951048951049,,0.990708009339869,1634,0.2578999976724228,0.632197095426303,"{""0"": 1563, ""1"": 71}","{""Female"": 260, ""Male"": 1374}","{""0|Female"": 216, ""0|Male"": 1347, ""1|Female"": 44, ""1|Male"": 27}",0.1591187270501836,1,0,0.0,False
heterogeneity_entropy,6009,10,joint_dirichlet_1.0,submitted,none,B3,5,7,False,2336,584,True,True,0.7722602739726028,0.4942142517598181,0.0231652068861371,0.0249750249750249,0.0249750249750249,0.2198429477499245,,1.3412920525297525,2920,0.8002406167213227,0.8317687568455823,"{""0"": 2210, ""1"": 710}","{""Female"": 769, ""Male"": 2151}","{""0|Female"": 445, ""0|Male"": 1765, ""1|Female"": 324, ""1|Male"": 386}",0.26335616438356163,1,0,0.0,True
heterogeneity_entropy,6009,10,joint_dirichlet_1.0,submitted,none,B3,5,8,False,3277,820,True,True,0.8304878048780487,0.5048115564244596,0.018735362997658,0.0575539568345323,0.0575539568345323,0.286435334989959,,1.5880839782766998,4097,0.6792968457155573,0.9988011471375156,"{""0"": 3361, ""1"": 736}","{""Female"": 1965, ""Male"": 2132}","{""0|Female"": 1925, ""0|Male"": 1436, ""1|Female"": 40, ""1|Male"": 696}",0.4796192335855504,1,0,0.0,True
heterogeneity_entropy,6009,10,joint_dirichlet_1.0,submitted,none,B3,5,9,False,1623,406,True,False,0.5812807881773399,0.4471146143740588,0.0620782726045884,,,0.6115288220551378,"equal_opportunity_gap,equalized_odds_gap",1.1287920060567558,2029,0.995107793366839,0.9141338512009154,"{""0"": 1098, ""1"": 931}","{""Female"": 668, ""Male"": 1361}","{""0|Female"": 665, ""0|Male"": 433, ""1|Female"": 3, ""1|Male"": 928}",0.3292262198127156,0,1,0.0791434255178063,True
heterogeneity_entropy,6009,10,joint_dirichlet_0.3,submitted,none,B3,5,0,False,4677,1170,True,True,0.9931623931623932,0.4982847341337907,0.0024213075060532,0.0,0.0024330900243309,0.0006589027031003,,2.153292007278651,5847,0.0489945385347538,0.9365705699827934,"{""0"": 5815, ""1"": 32}","{""Female"": 2063, ""Male"": 3784}","{""0|Female"": 2055, ""0|Male"": 3760, ""1|Female"": 8, ""1|Male"": 24}",0.35283051137335386,1,0,0.0,True
heterogeneity_entropy,6009,10,joint_dirichlet_0.3,submitted,none,B3,5,1,False,1036,260,True,True,0.6730769230769231,0.5826960478861005,0.1956521739130435,,,0.6159420289855073,"equal_opportunity_gap,equalized_odds_gap",1.204166968818754,1296,0.9857270486620912,0.9971103025061868,"{""0"": 739, ""1"": 557}","{""Female"": 607, ""Male"": 689}","{""0|Female"": 607, ""0|Male"": 132, ""1|Male"": 557}",0.4683641975308642,1,0,0.0,True
heterogeneity_entropy,6009,10,joint_dirichlet_0.3,submitted,none,B3,5,2,False,286,72,True,False,0.6388888888888888,0.55,,,,,"comparison_groups,subgroup_accuracy_gap",0.7201660191640258,358,0.9961919064764032,0.310810717596308,"{""0"": 192, ""1"": 166}","{""Female"": 20, ""Male"": 338}","{""0|Female"": 20, ""0|Male"": 172, ""1|Male"": 166}",0.055865921787709494,0,1,0.013964192378203379,False
heterogeneity_entropy,6009,10,joint_dirichlet_0.3,submitted,none,B3,5,3,False,2196,549,True,True,0.6721311475409836,0.5018148820326679,0.2777104889780946,0.2153927510881503,0.2153927510881503,0.1466934283835692,,1.3183749979361892,2745,0.2574533237365077,0.8241516262302904,"{""0"": 119, ""1"": 2626}","{""Female"": 709, ""Male"": 2036}","{""0|Female"": 100, ""0|Male"": 19, ""1|Female"": 609, ""1|Male"": 2017}",0.258287795992714,1,0,0.0,True
heterogeneity_entropy,6009,10,joint_dirichlet_0.3,submitted,none,B3,5,4,False,634,159,True,False,0.5723270440251572,0.5576104746317513,0.1056884292178409,0.010576923076923,0.0769230769230769,0.1819650937297996,,0.9626660030335188,793,0.9653910461041146,0.9836945112936272,"{""0"": 310, ""1"": 483}","{""Female"": 337, ""Male"": 456}","{""0|Female"": 179, ""0|Male"": 131, ""1|Female"": 158, ""1|Male"": 325}",0.424968474148802,0,1,0.030931856301439326,True
heterogeneity_entropy,6009,10,joint_dirichlet_0.3,submitted,none,B3,5,5,False,350,88,True,True,0.6931818181818182,0.5845427522294107,0.0761904761904761,0.2905982905982905,0.2905982905982905,0.7023809523809523,,0.736958987545222,438,0.9720089973112732,0.8963625891211222,"{""0"": 262, ""1"": 176}","{""Female"": 137, ""Male"": 301}","{""0|Female"": 7, ""0|Male"": 255, ""1|Female"": 130, ""1|Male"": 46}",0.3127853881278539,1,0,0.0,True
heterogeneity_entropy,6009,10,joint_dirichlet_0.3,submitted,none,B3,5,6,False,3017,755,True,False,0.9920529801324504,0.4980053191489361,,,,,"comparison_groups,subgroup_accuracy_gap",1.642207964323461,3772,0.0612993463883498,0.0516764483143353,"{""0"": 3745, ""1"": 27}","{""Female"": 22, ""Male"": 3750}","{""0|Female"": 7, ""0|Male"": 3738, ""1|Female"": 15, ""1|Male"": 12}",0.005832449628844115,0,1,0.14713109958263448,False
heterogeneity_entropy,6009,10,joint_dirichlet_0.3,submitted,none,B3,5,7,False,1224,307,True,True,0.7263843648208469,0.5755760368663595,0.0909090909090909,0.198019801980198,0.198019801980198,0.3275905912269549,,1.1559170088730752,1531,0.9174224805169152,0.7420940628524351,"{""0"": 1022, ""1"": 509}","{""Female"": 322, ""Male"": 1209}","{""0|Female"": 318, ""0|Male"": 704, ""1|Female"": 4, ""1|Male"": 505}",0.21032005225342912,1,0,0.0,False
heterogeneity_entropy,6009,10,joint_dirichlet_0.3,submitted,none,B3,5,8,False,3410,853,True,True,0.8534583821805393,0.5168014864160605,0.0124137931034482,0.0615384615384615,0.0615384615384615,0.1540301724137931,,1.870292006060481,4263,0.6223474958984919,0.6095760790648782,"{""0"": 3602, ""1"": 661}","{""Female"": 639, ""Male"": 3624}","{""0|Female"": 627, ""0|Male"": 2975, ""1|Female"": 12, ""1|Male"": 649}",0.1498944405348346,1,0,0.0,False
heterogeneity_entropy,6009,10,joint_dirichlet_0.3,submitted,none,B3,5,9,False,3675,919,True,True,0.780195865070729,0.553256516884217,0.1307835298311731,0.1365638766519823,,0.8547656031168038,"equalized_odds_gap,false_positive_rate_gap",2.007249975576997,4594,0.8100683651385869,0.8069369839873429,"{""0"": 3449, ""1"": 1145}","{""Female"": 3458, ""Male"": 1136}","{""0|Female"": 3449, ""1|Female"": 9, ""1|Male"": 1136}",0.24727905964301264,1,0,0.0,False
heterogeneity_entropy,6010,10,iid,submitted,none,B3,5,0,False,2051,513,True,True,0.7738791423001949,0.5083608724388632,0.0227943474184924,0.0357142857142857,0.0357142857142857,0.1650810735738342,,1.2222499935887754,2564,0.8005992663946563,0.9067072947014674,"{""0"": 1940, ""1"": 624}","{""Female"": 826, ""Male"": 1738}","{""0|Female"": 728, ""0|Male"": 1212, ""1|Female"": 98, ""1|Male"": 526}",0.3221528861154446,1,0,0.0,False
heterogeneity_entropy,6010,10,iid,submitted,none,B3,5,1,False,2051,513,True,True,0.7641325536062378,0.5140866570120162,0.0414201183431952,0.1111111111111111,0.1111111111111111,0.1585122569737954,,1.3409159728325903,2564,0.8198182156076766,0.9256522611194988,"{""0"": 1909, ""1"": 655}","{""Female"": 874, ""Male"": 1690}","{""0|Female"": 761, ""0|Male"": 1148, ""1|Female"": 113, ""1|Male"": 542}",0.3408736349453978,1,0,0.0,True
heterogeneity_entropy,6010,10,iid,submitted,none,B3,5,2,False,2051,513,True,True,0.7816764132553606,0.5627397260273973,0.0508421273324481,0.1063140852671343,0.1063140852671343,0.1685477671395625,,1.242291007656604,2564,0.8050377983081688,0.9046018676754312,"{""0"": 1933, ""1"": 631}","{""Female"": 821, ""Male"": 1743}","{""0|Female"": 733, ""0|Male"": 1200, ""1|Female"": 88, ""1|Male"": 543}",0.3202028081123245,1,0,0.0,False
heterogeneity_entropy,6010,10,iid,submitted,none,B3,5,3,False,2051,513,True,True,0.7738791423001949,0.5083608724388632,0.0232207168581718,0.0952380952380952,0.0952380952380952,0.171034127936889,,1.2681250227615235,2564,0.7928542429328376,0.9172522793990928,"{""0"": 1952, ""1"": 612}","{""Female"": 852, ""Male"": 1712}","{""0|Female"": 764, ""0|Male"": 1188, ""1|Female"": 88, ""1|Male"": 524}",0.33229329173166927,1,0,0.0,True
heterogeneity_entropy,6010,10,iid,submitted,none,B3,5,4,False,2051,513,True,True,0.7738791423001949,0.5520594965675057,0.0549171842650103,0.1592920353982301,0.1592920353982301,0.1769151138716356,,1.427459006663412,2564,0.8155766393255438,0.9120640221753894,"{""0"": 1916, ""1"": 648}","{""Female"": 839, ""Male"": 1725}","{""0|Female"": 754, ""0|Male"": 1162, ""1|Female"": 85, ""1|Male"": 563}",0.32722308892355695,1,0,0.0,True
heterogeneity_entropy,6010,10,iid,submitted,none,B3,5,5,False,2051,513,True,True,0.783625730994152,0.5490342047533441,0.0182982778091473,0.0703828828828828,0.0703828828828828,0.197663749294184,,1.2739159865304828,2564,0.8081726683768473,0.8976947220283461,"{""0"": 1928, ""1"": 636}","{""Female"": 805, ""Male"": 1759}","{""0|Female"": 725, ""0|Male"": 1203, ""1|Female"": 80, ""1|Male"": 556}",0.3139625585023401,1,0,0.0,False
heterogeneity_entropy,6010,10,iid,submitted,none,B3,5,6,False,2051,513,True,True,0.783625730994152,0.5436711143166246,0.0246872597665804,0.0262135922330097,0.0262135922330097,0.1477566566496611,,1.2987080262973905,2564,0.7935062717386087,0.9033265185675116,"{""0"": 1951, ""1"": 613}","{""Female"": 818, ""Male"": 1746}","{""0|Female"": 719, ""0|Male"": 1232, ""1|Female"": 99, ""1|Male"": 514}",0.31903276131045244,1,0,0.0,False
heterogeneity_entropy,6010,10,iid,submitted,none,B3,5,7,False,2050,513,True,True,0.7621832358674464,0.5236986301369864,0.0485370950888192,0.0716470074268239,0.0716470074268239,0.1718913270637408,,1.374834042508155,2563,0.8169483851950522,0.9068421387763944,"{""0"": 1913, ""1"": 650}","{""Female"": 826, ""Male"": 1737}","{""0|Female"": 720, ""0|Male"": 1193, ""1|Female"": 106, ""1|Male"": 544}",0.3222785797893094,1,0,0.0,True
heterogeneity_entropy,6010,10,iid,submitted,none,B3,5,8,False,2050,513,True,True,0.7855750487329435,0.575228832951945,0.0587021755438859,0.1891891891891892,0.1891891891891892,0.1563970538089067,,1.3820419553667307,2563,0.8132817495558193,0.919332769306632,"{""0"": 1919, ""1"": 644}","{""Female"": 857, ""Male"": 1706}","{""0|Female"": 769, ""0|Male"": 1150, ""1|Female"": 88, ""1|Male"": 556}",0.33437378072571206,1,0,0.0,True
heterogeneity_entropy,6010,10,iid,submitted,none,B3,5,9,False,2050,513,True,True,0.7680311890838206,0.5429553264604812,0.0354439825178552,0.1491228070175438,0.1491228070175438,0.1356465195608144,,1.416291983332485,2563,0.8282850314436421,0.8938344104100122,"{""0"": 1894, ""1"": 669}","{""Female"": 796, ""Male"": 1767}","{""0|Female"": 696, ""0|Male"": 1198, ""1|Female"": 100, ""1|Male"": 569}",0.31057354662504877,1,0,0.0,False
heterogeneity_entropy,6010,10,joint_dirichlet_1.0,submitted,none,B3,5,0,False,2892,723,True,True,0.8672199170124482,0.4745957730273118,0.0168067226890756,0.05,0.05,0.0422394123212198,,1.5377090312540531,3615,0.5642641710492897,0.6458306072119012,"{""0"": 3136, ""1"": 479}","{""Female"": 596, ""Male"": 3019}","{""0|Female"": 497, ""0|Male"": 2639, ""1|Female"": 99, ""1|Male"": 380}",0.1648686030428769,1,0,0.0,False
heterogeneity_entropy,6010,10,joint_dirichlet_1.0,submitted,none,B3,5,1,False,1425,357,True,False,0.5602240896358543,0.4596801403603482,0.3470835522858644,0.1451713395638628,0.32,0.1723594324750395,,1.080124988220632,1782,0.4244051447248036,0.1959092708736049,"{""0"": 154, ""1"": 1628}","{""Female"": 54, ""Male"": 1728}","{""0|Female"": 29, ""0|Male"": 125, ""1|Female"": 25, ""1|Male"": 1603}",0.030303030303030304,0,1,0.06950891289932519,False
heterogeneity_entropy,6010,10,joint_dirichlet_1.0,submitted,none,B3,5,2,False,2149,538,True,True,0.7843866171003717,0.4856935654008439,0.0090873853309789,0.0147392290249433,0.0147392290249433,0.1638313450191653,,1.260999997612089,2687,0.7688108174277491,0.972496476788705,"{""0"": 2083, ""1"": 604}","{""Female"": 1605, ""Male"": 1082}","{""0|Female"": 1361, ""0|Male"": 722, ""1|Female"": 244, ""1|Male"": 360}",0.4026795682917752,1,0,0.0,True
heterogeneity_entropy,6010,10,joint_dirichlet_1.0,submitted,none,B3,5,3,False,3732,934,True,True,0.9261241970021412,0.5207585052983826,0.0030792396009787,0.1071428571428571,0.1071428571428571,0.2958403914925653,,1.77966698538512,4666,0.3928372876250529,0.6949069896720221,"{""0"": 4305, ""1"": 361}","{""Female"": 3794, ""Male"": 872}","{""0|Female"": 3713, ""0|Male"": 592, ""1|Female"": 81, ""1|Male"": 280}",0.18688384054864982,1,0,0.0,False
heterogeneity_entropy,6010,10,joint_dirichlet_1.0,submitted,none,B3,5,4,False,1684,421,True,True,0.9714964370546318,0.4927710843373494,0.0,0.0,0.0,0.0417220376522702,,1.208959030918777,2105,0.1892435504345974,0.862851281597184,"{""0"": 2044, ""1"": 61}","{""Female"": 601, ""Male"": 1504}","{""0|Female"": 566, ""0|Male"": 1478, ""1|Female"": 35, ""1|Male"": 26}",0.28551068883610453,1,0,0.0,True
heterogeneity_entropy,6010,10,joint_dirichlet_1.0,submitted,none,B3,5,5,False,674,169,True,True,0.893491124260355,0.5216981132075472,0.0075757575757575,0.0714285714285714,0.0714285714285714,0.0366502866502865,,0.9349159663543104,843,0.5115064587086408,0.7548031367093205,"{""0"": 747, ""1"": 96}","{""Female"": 183, ""Male"": 660}","{""0|Female"": 159, ""0|Male"": 588, ""1|Female"": 24, ""1|Male"": 72}",0.21708185053380782,1,0,0.0,True
heterogeneity_entropy,6010,10,joint_dirichlet_1.0,submitted,none,B3,5,6,False,1857,465,True,True,0.6795698924731183,0.5013350990708286,0.0677966101694915,0.1151515151515151,0.1151515151515151,0.4865403788634098,,1.247375039383769,2322,0.9423538135370878,0.9465729464948486,"{""0"": 1487, ""1"": 835}","{""Female"": 847, ""Male"": 1475}","{""0|Female"": 836, ""0|Male"": 651, ""1|Female"": 11, ""1|Male"": 824}",0.36477174849267874,1,0,0.0,True
heterogeneity_entropy,6010,10,joint_dirichlet_1.0,submitted,none,B3,5,7,False,3343,836,True,True,0.8528708133971292,0.4833983933442855,0.0212311557788944,0.0042997542997543,0.0042997542997543,0.7907035175879398,,1.582500000949949,4179,0.6087313640966786,0.2772287198305866,"{""0"": 3554, ""1"": 625}","{""Female"": 200, ""Male"": 3979}","{""0|Female"": 17, ""0|Male"": 3537, ""1|Female"": 183, ""1|Male"": 442}",0.04785833931562575,1,0,0.0,False
heterogeneity_entropy,6010,10,joint_dirichlet_1.0,submitted,none,B3,5,8,False,1161,291,True,False,0.5429553264604811,0.5075766250620253,,,,,"comparison_groups,subgroup_accuracy_gap",1.0057499748654664,1452,0.9785089553771716,0.1048844467146471,"{""0"": 601, ""1"": 851}","{""Female"": 20, ""Male"": 1432}","{""0|Female"": 20, ""0|Male"": 581, ""1|Male"": 851}",0.013774104683195593,0,1,0.05663689199204275,False
heterogeneity_entropy,6010,10,joint_dirichlet_1.0,submitted,none,B3,5,9,False,1588,398,True,False,0.6105527638190955,0.4583036976546104,0.0266972652514821,0.0758503401360544,0.0758503401360544,0.223407917383821,,1.0772909736260772,1986,0.9832549641767208,0.7385272439053882,"{""0"": 1144, ""1"": 842}","{""Female"": 414, ""Male"": 1572}","{""0|Female"": 171, ""0|Male"": 973, ""1|Female"": 243, ""1|Male"": 599}",0.2084592145015106,0,1,0.07746616218746342,True
heterogeneity_entropy,6010,10,joint_dirichlet_0.3,submitted,none,B3,5,0,False,550,138,True,False,0.572463768115942,0.3932483791638721,0.0298507462686567,0.0338983050847457,0.0338983050847457,0.8225772545722094,,0.8436670177616179,688,0.9902246902198684,0.9995061873251404,"{""0"": 384, ""1"": 304}","{""Female"": 335, ""Male"": 353}","{""0|Female"": 40, ""0|Male"": 344, ""1|Female"": 295, ""1|Male"": 9}",0.48691860465116277,0,1,0.02683621328548582,True
heterogeneity_entropy,6010,10,joint_dirichlet_0.3,submitted,none,B3,5,1,False,3708,927,True,True,0.988133764832794,0.5739355701332888,0.0714285714285714,,,0.7857142857142857,"equal_opportunity_gap,equalized_odds_gap",1.693250029347837,4635,0.0983865950317153,0.1155706374867096,"{""0"": 4576, ""1"": 59}","{""Female"": 4563, ""Male"": 72}","{""0|Female"": 4563, ""0|Male"": 13, ""1|Male"": 59}",0.015533980582524271,1,0,0.0,False
heterogeneity_entropy,6010,10,joint_dirichlet_0.3,submitted,none,B3,5,2,False,2854,714,True,False,0.4551820728291316,0.3255760307119251,0.0087591240875912,,,0.5678832116788322,"equal_opportunity_gap,equalized_odds_gap",1.5062920283526182,3568,0.99180241318327,0.2439346079793798,"{""0"": 1594, ""1"": 1974}","{""Female"": 144, ""Male"": 3424}","{""0|Female"": 144, ""0|Male"": 1450, ""1|Male"": 1974}",0.04035874439461883,0,1,0.13917385029449625,False
heterogeneity_entropy,6010,10,joint_dirichlet_0.3,submitted,none,B3,5,3,False,3996,1000,True,True,0.95,0.4871794871794871,0.0,0.0,0.0,0.710852259721763,,1.719375024549663,4996,0.2865669859282137,0.2479171042447644,"{""0"": 4746, ""1"": 250}","{""Female"": 206, ""Male"": 4790}","{""0|Female"": 55, ""0|Male"": 4691, ""1|Female"": 151, ""1|Male"": 99}",0.04123298638911129,1,0,0.0,False
heterogeneity_entropy,6010,10,joint_dirichlet_0.3,submitted,none,B3,5,4,False,960,241,True,False,0.4730290456431535,0.3343554946608382,0.0166109253065774,0.0096909376636982,,0.5577480490523969,"equalized_odds_gap,false_positive_rate_gap",0.889332965016365,1201,0.9963837410573768,0.7028802017514133,"{""0"": 558, ""1"": 643}","{""Female"": 229, ""Male"": 972}","{""0|Male"": 558, ""1|Female"": 229, ""1|Male"": 414}",0.1906744379683597,0,1,0.0468463548777158,False
heterogeneity_entropy,6010,10,joint_dirichlet_0.3,submitted,none,B3,5,5,False,3676,919,True,True,0.9390642002176278,0.4842873176206509,0.0,0.0,0.0,0.2719204682201072,,1.6180829843506217,4595,0.3294286959656825,0.4546916954795685,"{""0"": 4317, ""1"": 278}","{""Female"": 439, ""Male"": 4156}","{""0|Female"": 306, ""0|Male"": 4011, ""1|Female"": 133, ""1|Male"": 145}",0.09553862894450489,1,0,0.0,False
heterogeneity_entropy,6010,10,joint_dirichlet_0.3,submitted,none,B3,5,6,False,513,129,True,False,0.5503875968992248,0.3702020202020202,0.02,0.0232558139534883,0.0232558139534883,0.6374683544303797,,0.7742500165477395,642,0.9948905370642837,0.9644165119530144,"{""0"": 348, ""1"": 294}","{""Female"": 392, ""Male"": 250}","{""0|Female"": 311, ""0|Male"": 37, ""1|Female"": 81, ""1|Male"": 213}",0.3894080996884735,0,1,0.025041931583258573,True
heterogeneity_entropy,6010,10,joint_dirichlet_0.3,submitted,none,B3,5,7,False,2575,644,True,False,0.4720496894409938,0.3511373469411946,0.0367231638418079,,,0.96045197740113,"equal_opportunity_gap,equalized_odds_gap",1.37870799517259,3219,0.9932562570356408,0.9929931110257064,"{""0"": 1454, ""1"": 1765}","{""Female"": 1451, ""Male"": 1768}","{""0|Female"": 1451, ""0|Male"": 3, ""1|Male"": 1765}",0.4507611059335197,0,1,0.12556071303194602,True
heterogeneity_entropy,6010,10,joint_dirichlet_0.3,submitted,none,B3,5,8,False,539,135,True,True,0.9851851851851852,0.4962686567164179,0.0,0.0,0.0,0.0185714285714285,,0.7984169642440975,674,0.1022808528118764,0.82395743606506,"{""0"": 665, ""1"": 9}","{""Female"": 174, ""Male"": 500}","{""0|Female"": 169, ""0|Male"": 496, ""1|Female"": 5, ""1|Male"": 4}",0.258160237388724,1,0,0.0,True
heterogeneity_entropy,6010,10,joint_dirichlet_0.3,submitted,none,B3,5,9,False,1135,284,True,False,0.4612676056338028,0.3556079547982382,0.0384615384615384,0.0529801324503311,0.0529801324503311,0.555921052631579,,0.9365839650854468,1419,0.9866142936264496,0.8393024579432603,"{""0"": 613, ""1"": 806}","{""Female"": 381, ""Male"": 1038}","{""0|Female"": 330, ""0|Male"": 283, ""1|Female"": 51, ""1|Male"": 755}",0.26849894291754756,0,1,0.05534968990131451,True
