scenario_id,seed,client_count,partition,method,round,client_id,train_samples,evaluation_samples,valid_update,approved,accuracy,macro_f1,demographic_parity_gap,equal_opportunity_gap,equalized_odds_gap,subgroup_accuracy_gap,undefined_metrics,runtime_ms
client_scaling,5001,3,joint_dirichlet_0.3,B0,1,0,5464,1366,True,True,0.9941434846266471,0.4985315712187959,0.0,,,0.02547770700636942,"equal_opportunity_gap,equalized_odds_gap",3.276041999924928
client_scaling,5001,3,joint_dirichlet_0.3,B0,1,1,9184,2297,True,True,0.7409664780148019,0.5926592439883847,0.13959519001285112,0.149568510038746,0.149568510038746,0.28922495563307016,,4.292666999390349
client_scaling,5001,3,joint_dirichlet_0.3,B0,1,2,5860,1466,True,True,0.7510231923601637,0.7079501164455375,0.1583127650148725,0.05488445378151263,0.06351560086499847,0.1496740712613125,,2.3952919873408973
client_scaling,5001,3,joint_dirichlet_0.3,B0,2,0,5464,1366,True,True,0.9941434846266471,0.4985315712187959,0.0,,,0.02547770700636942,"equal_opportunity_gap,equalized_odds_gap",2.7731670124921948
client_scaling,5001,3,joint_dirichlet_0.3,B0,2,1,9184,2297,True,True,0.7213757074444929,0.5312005714577275,0.08664172939232605,0.1000462310672772,0.1000462310672772,0.3254658527629889,,3.3364160044584423
client_scaling,5001,3,joint_dirichlet_0.3,B0,2,2,5860,1466,True,True,0.689631650750341,0.5767863476274135,0.051911271438516544,0.05961134453781511,0.05961134453781511,0.2035788874121891,,2.2649579914286733
client_scaling,5001,3,joint_dirichlet_0.3,B0,3,0,5464,1366,True,True,0.9919472913616398,0.49797868430723996,0.0012835726913855321,,,0.02676127969775499,"equal_opportunity_gap,equalized_odds_gap",2.391957998042926
client_scaling,5001,3,joint_dirichlet_0.3,B0,3,1,9184,2297,True,True,0.717022202873313,0.5175430092933679,0.07318019093078758,0.07798740753786546,0.07798740753786546,0.3350812373783735,,3.0745830154046416
client_scaling,5001,3,joint_dirichlet_0.3,B0,3,2,5860,1466,True,True,0.6787175989085948,0.5523054628918217,0.04749699386114803,0.09453781512605042,0.09453781512605042,0.22682108727295736,,2.3830000136513263
client_scaling,5001,5,joint_dirichlet_0.3,B0,1,0,2710,678,True,False,0.8672566371681416,0.8660631974503279,0.728975078975079,0.035608308605341255,0.35001480604086466,0.11372411372411373,,1.7816670006141067
client_scaling,5001,5,joint_dirichlet_0.3,B0,1,1,12202,3051,True,True,0.9993444772205834,0.49983606557377047,0.0,,,0.0009891196834816984,"equal_opportunity_gap,equalized_odds_gap",3.862166020553559
client_scaling,5001,5,joint_dirichlet_0.3,B0,1,2,993,249,False,False,,,,,,,,0.028417009161785245
client_scaling,5001,5,joint_dirichlet_0.3,B0,1,3,3039,760,True,True,0.8223684210526315,0.47232808232916235,0.005780346820809301,0.0018018018018017834,,0.1950867052023122,"equalized_odds_gap,false_positive_rate_gap",1.7820000066421926
client_scaling,5001,5,joint_dirichlet_0.3,B0,1,4,1564,391,True,True,0.8337595907928389,0.4694708276797829,0.005586592178770999,0.0,0.01666666666666672,0.30130705175503325,,1.2760409736074507
client_scaling,5001,5,joint_dirichlet_0.3,B0,2,0,2710,678,True,False,0.7964601769911505,0.7913604252889967,0.566988416988417,0.35905044510385753,0.35905044510385753,0.31347841347841354,,1.508999994257465
client_scaling,5001,5,joint_dirichlet_0.3,B0,2,1,12202,3051,True,True,0.9993444772205834,0.49983606557377047,0.0,,,0.0009891196834816984,"equal_opportunity_gap,equalized_odds_gap",3.7709999887738377
client_scaling,5001,5,joint_dirichlet_0.3,B0,2,2,993,249,False,False,,,,,,,,0.029000017093494534
client_scaling,5001,5,joint_dirichlet_0.3,B0,2,3,3039,760,True,True,0.8697368421052631,0.7339001453575761,0.018701122067323994,0.061208267090620105,,0.0461577694661679,"equalized_odds_gap,false_positive_rate_gap",1.6801249876152724
client_scaling,5001,5,joint_dirichlet_0.3,B0,2,4,1564,391,True,True,0.9053708439897699,0.7931423995882008,0.16548961737113943,0.020355715101574634,0.020355715101574634,0.16548961737113943,,1.1447919823694974
client_scaling,5001,5,joint_dirichlet_0.3,B0,3,0,2710,678,True,False,0.7182890855457227,0.6956275457799694,0.3951210951210951,0.5548961424332344,0.5548961424332344,0.49836784836784837,,1.6738749982323498
client_scaling,5001,5,joint_dirichlet_0.3,B0,3,1,12202,3051,True,True,0.9993444772205834,0.49983606557377047,0.0,,,0.0009891196834816984,"equal_opportunity_gap,equalized_odds_gap",3.58024999150075
client_scaling,5001,5,joint_dirichlet_0.3,B0,3,2,993,249,False,False,,,,,,,,0.02274999860674143
client_scaling,5001,5,joint_dirichlet_0.3,B0,3,3,3039,760,True,True,0.7960526315789473,0.7069936001233711,0.189731383883033,0.2952305246422894,,0.26054063243794623,"equalized_odds_gap,false_positive_rate_gap",1.5737090143375099
client_scaling,5001,5,joint_dirichlet_0.3,B0,3,4,1564,391,True,False,0.8567774936061381,0.7877307274701411,0.3431537893960156,0.1611732071469365,0.1611732071469365,0.12738484241593762,,1.1494579957798123
client_scaling,5001,10,joint_dirichlet_0.3,B0,1,0,760,191,True,False,0.9267015706806283,0.48097826086956524,,,,,"comparison_groups,subgroup_accuracy_gap",1.0686670138966292
client_scaling,5001,10,joint_dirichlet_0.3,B0,1,1,6043,1511,True,True,0.9649238914626076,0.4910744358369821,0.0,,,0.07771260997067453,"equal_opportunity_gap,equalized_odds_gap",2.455041016219184
client_scaling,5001,10,joint_dirichlet_0.3,B0,1,2,2346,587,True,True,0.8671209540034072,0.46441605839416056,0.0,0.0,0.0,0.05591381534026252,,1.5724590048193932
client_scaling,5001,10,joint_dirichlet_0.3,B0,1,3,545,137,True,True,0.8248175182481752,0.452,0.0,0.0,,0.904,"equalized_odds_gap,false_positive_rate_gap",0.9419170091859996
client_scaling,5001,10,joint_dirichlet_0.3,B0,1,4,1091,273,True,True,0.8608058608058609,0.4625984251968504,0.0,0.0,,0.4691358024691358,"equalized_odds_gap,false_positive_rate_gap",1.0733750241342932
client_scaling,5001,10,joint_dirichlet_0.3,B0,1,5,3099,775,True,True,0.775483870967742,0.5207889125799574,0.03225806451612903,0.09473684210526316,0.09473684210526316,0.2883418222976797,,1.7768749967217445
client_scaling,5001,10,joint_dirichlet_0.3,B0,1,6,1260,316,True,False,0.9873417721518988,0.4968152866242038,,,,,"comparison_groups,subgroup_accuracy_gap",1.018125010887161
client_scaling,5001,10,joint_dirichlet_0.3,B0,1,7,472,119,True,True,0.7647058823529411,0.7451040391676866,0.11947368421052634,,,0.02947368421052632,"equal_opportunity_gap,equalized_odds_gap",0.7853749848436564
client_scaling,5001,10,joint_dirichlet_0.3,B0,1,8,1170,293,True,True,0.9419795221843004,0.4850615114235501,0.0,0.0,0.0,0.011204481792717047,,0.97366698901169
client_scaling,5001,10,joint_dirichlet_0.3,B0,1,9,3719,930,True,True,0.7258064516129032,0.5671900294015122,0.2283423343987656,,,0.505069987876116,"equal_opportunity_gap,equalized_odds_gap",1.7355419986415654
client_scaling,5001,10,joint_dirichlet_0.3,B0,2,0,760,191,True,False,0.9267015706806283,0.48097826086956524,,,,,"comparison_groups,subgroup_accuracy_gap",1.0263750154990703
client_scaling,5001,10,joint_dirichlet_0.3,B0,2,1,6043,1511,True,True,0.9662475181998676,0.5277690964243037,0.002932551319648094,,,0.07478005865102644,"equal_opportunity_gap,equalized_odds_gap",2.417832991341129
client_scaling,5001,10,joint_dirichlet_0.3,B0,2,2,2346,587,True,True,0.8654173764906303,0.4639269406392694,0.0018587360594795538,0.0,0.0021551724137931034,0.05777255139974202,,1.3365409977268428
client_scaling,5001,10,joint_dirichlet_0.3,B0,2,3,545,137,True,True,0.8248175182481752,0.452,0.0,0.0,,0.904,"equalized_odds_gap,false_positive_rate_gap",0.7985419942997396
client_scaling,5001,10,joint_dirichlet_0.3,B0,2,4,1091,273,True,True,0.9084249084249084,0.7624682420909755,0.22415123456790131,0.036094961240310086,,0.273533950617284,"equalized_odds_gap,false_positive_rate_gap",0.9549160022288561
client_scaling,5001,10,joint_dirichlet_0.3,B0,2,5,3099,775,True,True,0.775483870967742,0.5207889125799574,0.03225806451612903,0.09473684210526316,0.09473684210526316,0.2883418222976797,,1.513041992438957
client_scaling,5001,10,joint_dirichlet_0.3,B0,2,6,1260,316,True,False,0.9873417721518988,0.4968152866242038,,,,,"comparison_groups,subgroup_accuracy_gap",1.103541988413781
client_scaling,5001,10,joint_dirichlet_0.3,B0,2,7,472,119,True,True,0.6386554621848739,0.5449533125833703,0.02789473684210525,,,0.2421052631578947,"equal_opportunity_gap,equalized_odds_gap",0.8068750030361116
client_scaling,5001,10,joint_dirichlet_0.3,B0,2,8,1170,293,True,True,0.9419795221843004,0.4850615114235501,0.0,0.0,0.0,0.011204481792717047,,0.9797499806154519
client_scaling,5001,10,joint_dirichlet_0.3,B0,2,9,3719,930,True,False,0.8161290322580645,0.7923009109609168,0.5879532679378375,,,0.04885374187148683,"equal_opportunity_gap,equalized_odds_gap",1.7110830231104046
client_scaling,5001,10,joint_dirichlet_0.3,B0,3,0,760,191,True,False,0.9267015706806283,0.48097826086956524,,,,,"comparison_groups,subgroup_accuracy_gap",0.9427080221939832
client_scaling,5001,10,joint_dirichlet_0.3,B0,3,1,6043,1511,True,True,0.9655857048312376,0.5269482708794914,0.0017262787020365137,,,0.07357378603341491,"equal_opportunity_gap,equalized_odds_gap",2.6317920128349215
client_scaling,5001,10,joint_dirichlet_0.3,B0,3,2,2346,587,True,True,0.8671209540034072,0.4768510054844607,0.0037174721189591076,0.013513513513513514,0.013513513513513514,0.05591381534026252,,1.3559579965658486
client_scaling,5001,10,joint_dirichlet_0.3,B0,3,3,545,137,True,True,0.8248175182481752,0.452,0.0,0.0,,0.904,"equalized_odds_gap,false_positive_rate_gap",0.8409160072915256
client_scaling,5001,10,joint_dirichlet_0.3,B0,3,4,1091,273,True,False,0.8754578754578755,0.7885841836734694,0.49498456790123463,0.2526647286821706,,0.17399691358024694,"equalized_odds_gap,false_positive_rate_gap",0.9493340039625764
client_scaling,5001,10,joint_dirichlet_0.3,B0,3,5,3099,775,True,True,0.7767741935483871,0.5254469452693352,0.03395585738539898,0.1,0.1,0.2866440294284097,,1.5207499964162707
client_scaling,5001,10,joint_dirichlet_0.3,B0,3,6,1260,316,True,False,0.9873417721518988,0.4968152866242038,,,,,"comparison_groups,subgroup_accuracy_gap",0.9785000002011657
client_scaling,5001,10,joint_dirichlet_0.3,B0,3,7,472,119,True,True,0.6302521008403361,0.5097378277153558,0.01526315789473684,,,0.3147368421052632,"equal_opportunity_gap,equalized_odds_gap",0.7690830097999424
client_scaling,5001,10,joint_dirichlet_0.3,B0,3,8,1170,293,True,True,0.9419795221843004,0.4850615114235501,0.0,0.0,0.0,0.011204481792717047,,1.1287080124020576
client_scaling,5001,10,joint_dirichlet_0.3,B0,3,9,3719,930,True,False,0.7193548387096774,0.7145222808579503,0.4734101179323266,,,0.2708034828612367,"equal_opportunity_gap,equalized_odds_gap",1.8382499983999878
client_scaling,5001,20,joint_dirichlet_0.3,B0,1,0,636,159,True,True,0.9874213836477987,0.49683544303797467,0.0,,,0.014184397163120588,"equal_opportunity_gap,equalized_odds_gap",1.036250003380701
client_scaling,5001,20,joint_dirichlet_0.3,B0,1,1,2399,600,True,True,0.8,0.5626715906606089,0.1284979669935422,0.15966386554621848,0.15966386554621848,0.640397034202344,,1.4175419928506017
client_scaling,5001,20,joint_dirichlet_0.3,B0,1,2,2543,636,True,True,0.9245283018867925,0.5003600654664484,0.0016891891891891893,0.02702702702702703,0.02702702702702703,0.21191646191646185,,1.4055829960852861
client_scaling,5001,20,joint_dirichlet_0.3,B0,1,3,2711,678,True,False,0.9557522123893806,0.48868778280542985,,,,,"comparison_groups,subgroup_accuracy_gap",1.4454580086749047
client_scaling,5001,20,joint_dirichlet_0.3,B0,1,4,111,28,False,False,,,,,,,,0.014167017070576549
client_scaling,5001,20,joint_dirichlet_0.3,B0,1,5,700,175,True,True,0.8171428571428572,0.5670995670995671,0.12195121951219512,,,0.7804878048780488,"equal_opportunity_gap,equalized_odds_gap",0.8452920010313392
client_scaling,5001,20,joint_dirichlet_0.3,B0,1,6,1657,415,True,True,0.8602409638554217,0.46243523316062174,0.0,0.0,0.0,0.8729350007719623,,1.3046660169493407
client_scaling,5001,20,joint_dirichlet_0.3,B0,1,7,278,70,True,False,0.8857142857142857,0.8674242424242424,0.6063738156761412,0.31999999999999995,0.31999999999999995,0.2962962962962963,,0.697457988280803
client_scaling,5001,20,joint_dirichlet_0.3,B0,1,8,1248,312,True,True,0.7852564102564102,0.6648657314629258,0.26548672566371684,0.32222222222222224,0.32222222222222224,0.5235469382309779,,0.9944589983206242
client_scaling,5001,20,joint_dirichlet_0.3,B0,1,9,1543,386,True,True,0.9948186528497409,0.4987012987012987,0.0,,,0.006230529595015577,"equal_opportunity_gap,equalized_odds_gap",1.0659169929567724
client_scaling,5001,20,joint_dirichlet_0.3,B0,1,10,538,135,True,False,0.9851851851851852,0.4962686567164179,,,,,"comparison_groups,subgroup_accuracy_gap",0.7703749870415777
client_scaling,5001,20,joint_dirichlet_0.3,B0,1,11,1108,278,True,False,0.9136690647482014,0.9135079077002852,0.8218667494952633,0.022222222222222254,0.35714285714285715,0.11264689133923489,,0.9411250066477805
client_scaling,5001,20,joint_dirichlet_0.3,B0,1,12,132,33,True,False,0.8484848484848485,0.8331648129423661,0.6428571428571428,0.0,0.6923076923076923,0.23308270676691722,,0.6162920035421848
client_scaling,5001,20,joint_dirichlet_0.3,B0,1,13,900,226,True,True,0.7654867256637168,0.4679991117033089,0.00990099009900991,0.0,,0.2623762376237624,"equalized_odds_gap,false_positive_rate_gap",0.8515829977113754
client_scaling,5001,20,joint_dirichlet_0.3,B0,1,14,652,163,True,False,0.9325153374233128,0.9290547224310529,0.8571207430340557,,,0.13653250773993808,"equal_opportunity_gap,equalized_odds_gap",0.9047920175362378
client_scaling,5001,20,joint_dirichlet_0.3,B0,1,15,849,213,True,True,0.7605633802816901,0.5370551885787342,0.03888888888888886,0.0,0.12727272727272732,0.17575757575757578,,0.9310409950558096
client_scaling,5001,20,joint_dirichlet_0.3,B0,1,16,328,83,True,True,0.7831325301204819,0.4391891891891892,0.0,0.0,0.0,0.7871794871794873,,0.835041981190443
client_scaling,5001,20,joint_dirichlet_0.3,B0,1,17,1332,333,True,True,0.7207207207207207,0.4659504388763386,0.02097902097902098,,,0.3251748251748252,"equal_opportunity_gap,equalized_odds_gap",1.0375420097261667
client_scaling,5001,20,joint_dirichlet_0.3,B0,1,18,222,56,True,False,0.9642857142857143,0.4909090909090909,,,,,"comparison_groups,subgroup_accuracy_gap",0.6569580000359565
client_scaling,5001,20,joint_dirichlet_0.3,B0,1,19,616,155,True,True,0.9354838709677419,0.48333333333333334,0.0,,,0.09999999999999998,"equal_opportunity_gap,equalized_odds_gap",0.8543750154785812
client_scaling,5001,20,joint_dirichlet_0.3,B0,2,0,636,159,True,True,0.9874213836477987,0.49683544303797467,0.0,,,0.014184397163120588,"equal_opportunity_gap,equalized_odds_gap",0.8213749970309436
client_scaling,5001,20,joint_dirichlet_0.3,B0,2,1,2399,600,True,True,0.795,0.5392999606719479,0.10368332934704616,0.12605042016806722,0.12605042016806722,0.669636450609902,,1.4415420009754598
client_scaling,5001,20,joint_dirichlet_0.3,B0,2,2,2543,636,True,True,0.9245283018867925,0.5003600654664484,0.0016891891891891893,0.02702702702702703,0.02702702702702703,0.21191646191646185,,1.4562500000465661
client_scaling,5001,20,joint_dirichlet_0.3,B0,2,3,2711,678,True,False,0.9557522123893806,0.48868778280542985,,,,,"comparison_groups,subgroup_accuracy_gap",1.4136249956209213
client_scaling,5001,20,joint_dirichlet_0.3,B0,2,4,111,28,False,False,,,,,,,,0.014749995898455381
client_scaling,5001,20,joint_dirichlet_0.3,B0,2,5,700,175,True,True,0.8114285714285714,0.5625331414286796,0.11448853294503095,,,0.7730251183108846,"equal_opportunity_gap,equalized_odds_gap",0.887542002601549
client_scaling,5001,20,joint_dirichlet_0.3,B0,2,6,1657,415,True,True,0.8674698795180723,0.513419599650387,0.056198857495754206,0.024038461538461536,0.024038461538461536,0.8167361432762081,,1.0910829878412187
client_scaling,5001,20,joint_dirichlet_0.3,B0,2,7,278,70,True,False,0.7714285714285715,0.7008547008547008,0.31007751937984496,0.64,0.64,0.5925925925925926,,0.6778340029995888
client_scaling,5001,20,joint_dirichlet_0.3,B0,2,8,1248,312,True,True,0.7564102564102564,0.592156862745098,0.168141592920354,0.2111111111111111,0.2111111111111111,0.6031929559300929,,0.9803340071812272
client_scaling,5001,20,joint_dirichlet_0.3,B0,2,9,1543,386,True,True,0.9948186528497409,0.4987012987012987,0.0,,,0.006230529595015577,"equal_opportunity_gap,equalized_odds_gap",1.052208011969924
client_scaling,5001,20,joint_dirichlet_0.3,B0,2,10,538,135,True,False,0.9925925925925926,0.8314606741573034,,,,,"comparison_groups,subgroup_accuracy_gap",0.8025840215850621
client_scaling,5001,20,joint_dirichlet_0.3,B0,2,11,1108,278,True,False,0.7769784172661871,0.7682336488812392,0.5272040171869338,0.40740740740740744,0.40740740740740744,0.35181446394367655,,1.0904159862548113
client_scaling,5001,20,joint_dirichlet_0.3,B0,2,12,132,33,True,False,0.7878787878787878,0.7878787878787878,0.7368421052631579,0.7222222222222222,1.0,0.2443609022556391,,0.6368749891407788
client_scaling,5001,20,joint_dirichlet_0.3,B0,2,13,900,226,True,True,0.8407079646017699,0.7368012422360248,0.003712871287128716,0.11139455782312924,,0.0383663366336634,"equalized_odds_gap,false_positive_rate_gap",0.8771250140853226
client_scaling,5001,20,joint_dirichlet_0.3,B0,2,14,652,163,True,False,0.7914110429447853,0.754778761061947,0.4852941176470588,,,0.5,"equal_opportunity_gap,equalized_odds_gap",0.8582920127082616
client_scaling,5001,20,joint_dirichlet_0.3,B0,2,15,849,213,True,True,0.7793427230046949,0.7136851136851137,0.1717171717171717,0.28666666666666674,0.28666666666666674,0.16919191919191923,,0.8637919963803142
client_scaling,5001,20,joint_dirichlet_0.3,B0,2,16,328,83,True,False,0.8674698795180723,0.7818399044205495,0.5803418803418803,0.30107526881720437,0.6666666666666667,0.2564102564102565,,0.7091670122463256
client_scaling,5001,20,joint_dirichlet_0.3,B0,2,17,1332,333,True,True,0.7267267267267268,0.4855614973262032,0.027972027972027972,,,0.31818181818181823,"equal_opportunity_gap,equalized_odds_gap",0.996499991742894
client_scaling,5001,20,joint_dirichlet_0.3,B0,2,18,222,56,True,False,0.9642857142857143,0.4909090909090909,,,,,"comparison_groups,subgroup_accuracy_gap",0.647542008664459
client_scaling,5001,20,joint_dirichlet_0.3,B0,2,19,616,155,True,True,0.9354838709677419,0.48333333333333334,0.0,,,0.09999999999999998,"equal_opportunity_gap,equalized_odds_gap",0.8052909979596734
client_scaling,5001,20,joint_dirichlet_0.3,B0,3,0,636,159,True,True,0.9874213836477987,0.49683544303797467,0.0,,,0.014184397163120588,"equal_opportunity_gap,equalized_odds_gap",0.8527919999323785
client_scaling,5001,20,joint_dirichlet_0.3,B0,3,1,2399,600,True,True,0.7966666666666666,0.5455787042785131,0.11044008610380293,0.13445378151260504,0.13445378151260504,0.6628796938531452,,1.3318749843165278
client_scaling,5001,20,joint_dirichlet_0.3,B0,3,2,2543,636,True,True,0.9245283018867925,0.5003600654664484,0.0016891891891891893,0.02702702702702703,0.02702702702702703,0.21191646191646185,,1.3215839862823486
client_scaling,5001,20,joint_dirichlet_0.3,B0,3,3,2711,678,True,False,0.9557522123893806,0.5199206948640483,,,,,"comparison_groups,subgroup_accuracy_gap",1.3803750043734908
client_scaling,5001,20,joint_dirichlet_0.3,B0,3,4,111,28,False,False,,,,,,,,0.013540993677452207
client_scaling,5001,20,joint_dirichlet_0.3,B0,3,5,700,175,True,True,0.8114285714285714,0.5625331414286796,0.11448853294503095,,,0.7730251183108846,"equal_opportunity_gap,equalized_odds_gap",0.8752080029807985
client_scaling,5001,20,joint_dirichlet_0.3,B0,3,6,1657,415,True,True,0.8674698795180723,0.513419599650387,0.056198857495754206,0.024038461538461536,0.024038461538461536,0.8167361432762081,,1.1168330092914402
client_scaling,5001,20,joint_dirichlet_0.3,B0,3,7,278,70,True,True,0.7142857142857143,0.5949074074074074,0.16192937123169682,0.8,0.8,0.7407407407407407,,0.7069169951137155
client_scaling,5001,20,joint_dirichlet_0.3,B0,3,8,1248,312,True,True,0.7467948717948718,0.5671460934618829,0.1415929203539823,0.17777777777777778,0.17777777777777778,0.6297416284964646,,1.0783329780679196
client_scaling,5001,20,joint_dirichlet_0.3,B0,3,9,1543,386,True,True,0.9948186528497409,0.4987012987012987,0.0,,,0.006230529595015577,"equal_opportunity_gap,equalized_odds_gap",1.1128330079372972
client_scaling,5001,20,joint_dirichlet_0.3,B0,3,10,538,135,True,False,0.9629629629629629,0.7126436781609196,,,,,"comparison_groups,subgroup_accuracy_gap",0.8011249883566052
client_scaling,5001,20,joint_dirichlet_0.3,B0,3,11,1108,278,True,False,0.6906474820143885,0.6579097985347986,0.3511932494693793,0.6148148148148148,0.6148148148148148,0.5845628203137132,,0.933083996642381
client_scaling,5001,20,joint_dirichlet_0.3,B0,3,12,132,33,True,False,0.6666666666666666,0.6616961789375583,0.5263157894736842,0.5,1.0,0.45488721804511284,,0.6120000034570694
client_scaling,5001,20,joint_dirichlet_0.3,B0,3,13,900,226,True,True,0.7787610619469026,0.7275270061728395,0.17491749174917492,0.0374149659863946,,0.06105610561056107,"equalized_odds_gap,false_positive_rate_gap",0.8521249983459711
client_scaling,5001,20,joint_dirichlet_0.3,B0,3,14,652,163,True,False,0.7484662576687117,0.6915870598550925,0.38235294117647056,,,0.6029411764705883,"equal_opportunity_gap,equalized_odds_gap",0.8280420152004808
client_scaling,5001,20,joint_dirichlet_0.3,B0,3,15,849,213,True,True,0.6901408450704225,0.6712962962962963,0.10353535353535354,0.2546666666666666,0.2546666666666666,0.27878787878787875,,0.8542919822502881
client_scaling,5001,20,joint_dirichlet_0.3,B0,3,16,328,83,True,False,0.6746987951807228,0.6258139923192519,0.38376068376068373,0.005376344086021501,0.4666666666666666,0.1316239316239316,,0.6959169986657798
client_scaling,5001,20,joint_dirichlet_0.3,B0,3,17,1332,333,True,True,0.7297297297297297,0.4951145552560647,0.03146853146853147,,,0.3146853146853147,"equal_opportunity_gap,equalized_odds_gap",1.1232499964535236
client_scaling,5001,20,joint_dirichlet_0.3,B0,3,18,222,56,True,False,0.9642857142857143,0.4909090909090909,,,,,"comparison_groups,subgroup_accuracy_gap",0.6553749844897538
client_scaling,5001,20,joint_dirichlet_0.3,B0,3,19,616,155,True,True,0.9354838709677419,0.48333333333333334,0.0,,,0.09999999999999998,"equal_opportunity_gap,equalized_odds_gap",0.8083330176305026
client_scaling,5002,3,joint_dirichlet_0.3,B0,1,0,8178,2045,True,False,0.8268948655256724,0.8267088542145418,0.5273059261970519,0.17895259369570615,0.2648417181513453,0.033780945329917156,,3.2793330028653145
client_scaling,5002,3,joint_dirichlet_0.3,B0,1,1,10554,2639,True,True,0.9431602879878742,0.4983500106450926,0.0009633911368015414,0.013986013986013986,0.013986013986013986,0.05193328473598291,,3.456834005191922
client_scaling,5002,3,joint_dirichlet_0.3,B0,1,2,1776,445,True,False,0.7685393258426966,0.6800773370373214,0.5131349123174737,0.4247638326585695,0.4247638326585695,0.2323412282540348,,1.22020801063627
client_scaling,5002,3,joint_dirichlet_0.3,B0,2,0,8178,2045,True,False,0.7139364303178484,0.6912796517465702,0.2857659801018201,0.14883007288070582,0.14883007288070582,0.26300930855488636,,3.09579202439636
client_scaling,5002,3,joint_dirichlet_0.3,B0,2,1,10554,2639,True,True,0.9439181508147025,0.5171924446202532,0.002890173410404624,0.03496503496503497,0.03496503496503497,0.05096989359918136,,3.146959003061056
client_scaling,5002,3,joint_dirichlet_0.3,B0,2,2,1776,445,True,True,0.7101123595505618,0.5526732071472543,0.23733668692796756,0.18623481781376516,0.18623481781376516,0.5190386362048487,,1.171958982013166
client_scaling,5002,3,joint_dirichlet_0.3,B0,3,0,8178,2045,True,True,0.6557457212713936,0.6056302224520789,0.1970373174059162,0.1111261535684469,0.1111261535684469,0.34733117326057295,,3.1557499896734953
client_scaling,5002,3,joint_dirichlet_0.3,B0,3,1,10554,2639,True,True,0.945054945054945,0.5355209829128821,0.004335260115606936,0.055944055944055944,0.055944055944055944,0.04952480689397909,,3.1446659995708615
client_scaling,5002,3,joint_dirichlet_0.3,B0,3,2,1776,445,True,True,0.6966292134831461,0.5198801198801198,0.17595891846573047,0.13326585695006748,0.13326585695006748,0.5804164046670859,,1.1889580055139959
client_scaling,5002,5,joint_dirichlet_0.3,B0,1,0,5931,1483,True,True,0.75118004045853,0.64760350653273,0.148072696534235,,,0.29938292476754014,"equal_opportunity_gap,equalized_odds_gap",2.4812089977785945
client_scaling,5002,5,joint_dirichlet_0.3,B0,1,1,2471,618,True,False,0.8155339805825242,0.7996519246519247,0.45422802977561183,0.016210148181409978,0.6111111111111112,0.28141166389974837,,1.7636670090723783
client_scaling,5002,5,joint_dirichlet_0.3,B0,1,2,7392,1849,True,True,0.8626284478096268,0.47459838009576233,0.007539823909613721,0.017106152805949966,0.017106152805949966,0.24157717950022906,,2.811125013977289
client_scaling,5002,5,joint_dirichlet_0.3,B0,1,3,4523,1131,True,True,0.8770999115826702,0.467263306641545,0.0,0.0,0.0,0.3083135949469731,,2.1530420053750277
client_scaling,5002,5,joint_dirichlet_0.3,B0,1,4,191,48,True,False,0.9166666666666666,0.4782608695652174,,,,,"comparison_groups,subgroup_accuracy_gap",0.6785839796066284
client_scaling,5002,5,joint_dirichlet_0.3,B0,2,0,5931,1483,True,True,0.7188132164531356,0.5627419495111692,0.08711468019160327,,,0.3483150183150183,"equal_opportunity_gap,equalized_odds_gap",2.4655419983901083
client_scaling,5002,5,joint_dirichlet_0.3,B0,2,1,2471,618,True,False,0.7556634304207119,0.7549647485131357,0.5475070958067798,0.29847328244274807,0.9259259259259259,0.10418250950570351,,1.5241249930113554
client_scaling,5002,5,joint_dirichlet_0.3,B0,2,2,7392,1849,True,True,0.8642509464575446,0.48627802591307334,0.005669499720087537,0.0005409060175794456,0.0005409060175794456,0.2434475036897552,,2.6074170018546283
client_scaling,5002,5,joint_dirichlet_0.3,B0,2,3,4523,1131,True,True,0.8797524314765695,0.4956720176266919,0.013550135501355014,0.03278688524590164,0.03278688524590164,0.30018351364616,,2.1823749993927777
client_scaling,5002,5,joint_dirichlet_0.3,B0,2,4,191,48,True,False,0.9166666666666666,0.4782608695652174,,,,,"comparison_groups,subgroup_accuracy_gap",0.6704999832436442
client_scaling,5002,5,joint_dirichlet_0.3,B0,3,0,5931,1483,True,True,0.7134187457855697,0.5463326924779509,0.07528036066497605,,,0.3550774866159482,"equal_opportunity_gap,equalized_odds_gap",2.2894169960636646
client_scaling,5002,5,joint_dirichlet_0.3,B0,3,1,2471,618,True,False,0.6715210355987055,0.6617569742706235,0.4127456755743587,0.2332285585990121,0.962962962962963,0.29528195790713874,,1.4367919939104468
client_scaling,5002,5,joint_dirichlet_0.3,B0,3,2,7392,1849,True,True,0.8658734451054624,0.49770405033562926,0.008504249580131304,0.0008113590263691683,0.0008113590263691683,0.24061275382971148,,2.924833999713883
client_scaling,5002,5,joint_dirichlet_0.3,B0,3,3,4523,1131,True,True,0.8806366047745358,0.508901432913591,0.01765785374389177,0.04918032786885246,0.04918032786885246,0.2934511234876128,,2.0321249903645366
client_scaling,5002,5,joint_dirichlet_0.3,B0,3,4,191,48,True,False,0.875,0.4666666666666667,,,,,"comparison_groups,subgroup_accuracy_gap",0.6759160023648292
client_scaling,5002,10,joint_dirichlet_0.3,B0,1,0,1560,390,True,False,0.8589743589743589,0.8433975075015879,0.6063084112149533,,,0.27108113848768056,"equal_opportunity_gap,equalized_odds_gap",1.355625019641593
client_scaling,5002,10,joint_dirichlet_0.3,B0,1,1,1190,298,True,True,0.8087248322147651,0.47951585720851847,0.02247191011235955,0.044444444444444446,0.044444444444444446,0.4161604214827159,,1.080457994248718
client_scaling,5002,10,joint_dirichlet_0.3,B0,1,2,1546,387,True,True,0.917312661498708,0.4784366576819407,0.0,0.0,0.0,0.13749925996092593,,1.2528330262284726
client_scaling,5002,10,joint_dirichlet_0.3,B0,1,3,2481,621,True,True,0.9049919484702094,0.49141461112422097,0.03571428571428571,0.25,0.25,0.01270778125752825,,1.4341670030262321
client_scaling,5002,10,joint_dirichlet_0.3,B0,1,4,6192,1548,True,False,0.8307493540051679,0.47890841813135987,,,,,"comparison_groups,subgroup_accuracy_gap",2.357833000132814
client_scaling,5002,10,joint_dirichlet_0.3,B0,1,5,1028,258,True,True,0.9883720930232558,0.49707602339181284,0.0,0.0,,0.1071428571428571,"equalized_odds_gap,false_positive_rate_gap",0.9442080045118928
client_scaling,5002,10,joint_dirichlet_0.3,B0,1,6,720,180,True,True,0.9111111111111111,0.47674418604651164,0.0,0.0,0.0,0.048484848484848464,,0.8464999846182764
client_scaling,5002,10,joint_dirichlet_0.3,B0,1,7,3645,912,True,True,0.9418859649122807,0.4850367024280068,0.0,0.0,0.0,0.10078199938220422,,1.9800000009126961
client_scaling,5002,10,joint_dirichlet_0.3,B0,1,8,1260,316,True,False,0.7753164556962026,0.7710775760915036,0.41989987484355445,,,0.18585732165206503,"equal_opportunity_gap,equalized_odds_gap",1.077458990039304
client_scaling,5002,10,joint_dirichlet_0.3,B0,1,9,884,221,True,False,0.8144796380090498,0.8132407197477174,0.5855810008481763,0.3474358974358974,0.3474358974358974,0.08804071246819345,,0.9029170032590628
client_scaling,5002,10,joint_dirichlet_0.3,B0,2,0,1560,390,True,False,0.735897435897436,0.6592152704135736,0.2850998300764656,,,0.5748725573491928,"equal_opportunity_gap,equalized_odds_gap",1.1111250205431134
client_scaling,5002,10,joint_dirichlet_0.3,B0,2,1,1190,298,True,True,0.8154362416107382,0.5118973167753655,0.0449438202247191,0.08888888888888889,0.08888888888888889,0.39368851137035643,,0.9779160027392209
client_scaling,5002,10,joint_dirichlet_0.3,B0,2,2,1546,387,True,True,0.917312661498708,0.4784366576819407,0.0,0.0,0.0,0.13749925996092593,,1.0983750107698143
client_scaling,5002,10,joint_dirichlet_0.3,B0,2,3,2481,621,True,True,0.9049919484702094,0.49141461112422097,0.03571428571428571,0.25,0.25,0.01270778125752825,,1.5054999967105687
client_scaling,5002,10,joint_dirichlet_0.3,B0,2,4,6192,1548,True,False,0.8339793281653747,0.5002556278962264,,,,,"comparison_groups,subgroup_accuracy_gap",2.303791989106685
client_scaling,5002,10,joint_dirichlet_0.3,B0,2,5,1028,258,True,True,0.9806201550387597,0.6379455515015436,0.022670807453416097,0.013043478260869601,,0.058385093167701796,"equalized_odds_gap,false_positive_rate_gap",0.9266659908462316
client_scaling,5002,10,joint_dirichlet_0.3,B0,2,6,720,180,True,True,0.9444444444444444,0.7767857142857143,0.024242424242424176,0.0066225165562914245,0.0714285714285714,0.012121212121212088,,0.9308750159107149
client_scaling,5002,10,joint_dirichlet_0.3,B0,2,7,3645,912,True,True,0.9451754385964912,0.5394311570782159,0.0049586239412118555,0.014035087719298248,0.014035087719298248,0.0958233754409924,,1.7202090239152312
client_scaling,5002,10,joint_dirichlet_0.3,B0,2,8,1260,316,True,True,0.7183544303797469,0.6736105469611335,0.22340425531914893,,,0.3156028368794326,"equal_opportunity_gap,equalized_odds_gap",1.0327080090064555
client_scaling,5002,10,joint_dirichlet_0.3,B0,2,9,884,221,True,False,0.7013574660633484,0.6624861162532395,0.3458863443596268,0.3243589743589743,0.3243589743589743,0.2834605597964377,,1.0245000012218952
client_scaling,5002,10,joint_dirichlet_0.3,B0,3,0,1560,390,True,True,0.7102564102564103,0.6110017565384717,0.22727272727272727,,,0.6420454545454546,"equal_opportunity_gap,equalized_odds_gap",1.104625000152737
client_scaling,5002,10,joint_dirichlet_0.3,B0,3,1,1190,298,True,True,0.8154362416107382,0.5118973167753655,0.0449438202247191,0.08888888888888889,0.08888888888888889,0.39368851137035643,,0.9632500004954636
client_scaling,5002,10,joint_dirichlet_0.3,B0,3,2,1546,387,True,True,0.917312661498708,0.4784366576819407,0.0,0.0,0.0,0.13749925996092593,,1.081166003132239
client_scaling,5002,10,joint_dirichlet_0.3,B0,3,3,2481,621,True,True,0.9066022544283414,0.5076817933296883,0.07142857142857142,0.5,0.5,0.02300650445675745,,1.35704199783504
client_scaling,5002,10,joint_dirichlet_0.3,B0,3,4,6192,1548,True,False,0.834625322997416,0.5068959510240649,,,,,"comparison_groups,subgroup_accuracy_gap",2.4434170045424253
client_scaling,5002,10,joint_dirichlet_0.3,B0,3,5,1028,258,True,True,0.9457364341085271,0.5485,0.10372670807453421,0.0808695652173913,,0.1394409937888199,"equalized_odds_gap,false_positive_rate_gap",0.922624982194975
client_scaling,5002,10,joint_dirichlet_0.3,B0,3,6,720,180,True,False,0.8722222222222222,0.6693026599568656,0.296969696969697,0.23484462557310237,0.5714285714285714,0.1515151515151516,,0.8952500065788627
client_scaling,5002,10,joint_dirichlet_0.3,B0,3,7,3645,912,True,True,0.9451754385964912,0.5394311570782159,0.0049586239412118555,0.014035087719298248,0.014035087719298248,0.0958233754409924,,1.9868749950546771
client_scaling,5002,10,joint_dirichlet_0.3,B0,3,8,1260,316,True,True,0.6708860759493671,0.5905103668261563,0.14184397163120568,,,0.36879432624113473,"equal_opportunity_gap,equalized_odds_gap",1.1465830029919744
client_scaling,5002,10,joint_dirichlet_0.3,B0,3,9,884,221,True,True,0.6515837104072398,0.5823126580103581,0.21670907548770146,0.22051282051282053,0.22051282051282053,0.4056827820186599,,1.0133330069947988
client_scaling,5002,20,joint_dirichlet_0.3,B0,1,0,2245,562,True,True,0.8113879003558719,0.512679558914957,0.024793388429752067,0.07142857142857142,0.07142857142857142,0.28423107271896675,,1.792416995158419
client_scaling,5002,20,joint_dirichlet_0.3,B0,1,1,1736,434,True,True,0.8225806451612904,0.49788896401472466,0.016736401673640166,0.05405405405405406,0.05405405405405406,0.25698959339126703,,1.3877919991500676
client_scaling,5002,20,joint_dirichlet_0.3,B0,1,2,1570,393,True,False,0.7659033078880407,0.6547364400305576,0.28347085440511044,0.0,0.06067961165048541,0.610027947830716,,1.237958000274375
client_scaling,5002,20,joint_dirichlet_0.3,B0,1,3,1960,490,True,False,0.9857142857142858,0.49640287769784175,,,,,"comparison_groups,subgroup_accuracy_gap",1.6716670070309192
client_scaling,5002,20,joint_dirichlet_0.3,B0,1,4,282,71,True,False,0.9014084507042254,0.4740740740740741,,,,,"comparison_groups,subgroup_accuracy_gap",0.9079579904209822
client_scaling,5002,20,joint_dirichlet_0.3,B0,1,5,3128,782,True,True,0.9092071611253197,0.47622237106496984,0.0,0.0,0.0,0.8387445887445887,,1.7284580098930746
client_scaling,5002,20,joint_dirichlet_0.3,B0,1,6,76,20,True,False,0.9,0.47368421052631576,,,,,"comparison_groups,subgroup_accuracy_gap",0.7146670250222087
client_scaling,5002,20,joint_dirichlet_0.3,B0,1,7,1231,308,True,True,0.9545454545454546,0.4883720930232558,0.0,0.0,0.0,0.19535770199441838,,1.1047500011045486
client_scaling,5002,20,joint_dirichlet_0.3,B0,1,8,1238,310,True,True,0.9,0.5038975788549894,0.021739130434782608,0.058823529411764705,0.058823529411764705,0.29100790513833996,,1.076790998922661
client_scaling,5002,20,joint_dirichlet_0.3,B0,1,9,1860,466,True,True,0.7510729613733905,0.5666506333172999,0.13554913294797688,0.0,0.05681818181818177,0.573843930635838,,1.3146669953130186
client_scaling,5002,20,joint_dirichlet_0.3,B0,1,10,460,116,True,True,0.75,0.4877417389980204,0.07142857142857142,0.09090909090909091,0.09090909090909091,0.612012987012987,,0.8905830036383122
client_scaling,5002,20,joint_dirichlet_0.3,B0,1,11,352,88,True,True,0.7045454545454546,0.6656925774400935,0.0692307692307692,0.04838709677419356,0.14893617021276595,0.10769230769230775,,0.9095839923247695
client_scaling,5002,20,joint_dirichlet_0.3,B0,1,12,417,105,True,True,0.8476190476190476,0.5578947368421052,0.0512640449438202,0.0,0.0,0.4101123595505618,,0.8745839877519757
client_scaling,5002,20,joint_dirichlet_0.3,B0,1,13,51,13,True,False,0.6923076923076923,0.4090909090909091,,,,,"comparison_groups,subgroup_accuracy_gap",0.7318329880945385
client_scaling,5002,20,joint_dirichlet_0.3,B0,1,14,2273,569,True,False,0.9982425307557118,0.4995602462620932,,,,,"comparison_groups,subgroup_accuracy_gap",1.4814999885857105
client_scaling,5002,20,joint_dirichlet_0.3,B0,1,15,251,63,True,False,0.9682539682539683,0.49193548387096775,,,,,"comparison_groups,subgroup_accuracy_gap",0.7646250014659017
client_scaling,5002,20,joint_dirichlet_0.3,B0,1,16,444,111,True,True,0.954954954954955,0.48847926267281105,0.0,,,0.2941176470588235,"equal_opportunity_gap,equalized_odds_gap",0.8643330074846745
client_scaling,5002,20,joint_dirichlet_0.3,B0,1,17,250,63,True,True,0.8571428571428571,0.8328912466843501,0.24552429667519182,0.0,0.3333333333333333,0.03452685421994883,,0.7507920090574771
client_scaling,5002,20,joint_dirichlet_0.3,B0,1,18,392,98,True,True,0.9897959183673469,0.49743589743589745,0.0,,,0.014705882352941124,"equal_opportunity_gap,equalized_odds_gap",0.9688330173958093
client_scaling,5002,20,joint_dirichlet_0.3,B0,1,19,287,72,True,False,0.875,0.8720126407268418,0.738390092879257,,,0.2089783281733747,"equal_opportunity_gap,equalized_odds_gap,false_positive_rate_gap",0.8523330034222454
client_scaling,5002,20,joint_dirichlet_0.3,B0,2,0,2245,562,True,True,0.8113879003558719,0.5195806451612903,0.030303030303030304,0.08035714285714286,0.08035714285714286,0.28423107271896675,,1.5087499923538417
client_scaling,5002,20,joint_dirichlet_0.3,B0,2,1,1736,434,True,True,0.8248847926267281,0.5095461845000893,0.02092050209205021,0.06756756756756757,0.06756756756756757,0.25280549297285704,,1.3026669912505895
client_scaling,5002,20,joint_dirichlet_0.3,B0,2,2,1570,393,True,False,0.8829516539440203,0.8672921071176884,0.711205749268033,0.08045977011494254,0.2115117891816921,0.036964333244610126,,1.21795799350366
client_scaling,5002,20,joint_dirichlet_0.3,B0,2,3,1960,490,True,False,0.9857142857142858,0.49640287769784175,,,,,"comparison_groups,subgroup_accuracy_gap",1.3500839995685965
client_scaling,5002,20,joint_dirichlet_0.3,B0,2,4,282,71,True,False,0.9436619718309859,0.7848484848484849,,,,,"comparison_groups,subgroup_accuracy_gap",0.8730829868000001
client_scaling,5002,20,joint_dirichlet_0.3,B0,2,5,3128,782,True,True,0.9104859335038363,0.4904304438486744,0.0012987012987012987,0.016666666666666666,0.016666666666666666,0.84004329004329,,1.7053750052582473
client_scaling,5002,20,joint_dirichlet_0.3,B0,2,6,76,20,True,False,0.9,0.47368421052631576,,,,,"comparison_groups,subgroup_accuracy_gap",0.7022920181043446
client_scaling,5002,20,joint_dirichlet_0.3,B0,2,7,1231,308,True,True,0.9545454545454546,0.4883720930232558,0.0,0.0,0.0,0.19535770199441838,,1.082917005987838
client_scaling,5002,20,joint_dirichlet_0.3,B0,2,8,1238,310,True,True,0.9032258064516129,0.5332262597871913,0.01795125164690382,0.00784313725490196,0.00784313725490196,0.29479578392621875,,1.053249987307936
client_scaling,5002,20,joint_dirichlet_0.3,B0,2,9,1860,466,True,False,0.8905579399141631,0.86732614678643,0.583718689788054,0.13165266106442575,0.13165266106442575,0.0882947976878613,,1.2899160210508853
client_scaling,5002,20,joint_dirichlet_0.3,B0,2,10,460,116,True,True,0.75,0.4877417389980204,0.07142857142857142,0.09090909090909091,0.09090909090909091,0.612012987012987,,0.9005420142784715
client_scaling,5002,20,joint_dirichlet_0.3,B0,2,11,352,88,True,True,0.6590909090909091,0.5454545454545454,0.11538461538461539,0.22580645161290322,0.22580645161290322,0.06666666666666665,,0.821291992906481
client_scaling,5002,20,joint_dirichlet_0.3,B0,2,12,417,105,True,True,0.9142857142857143,0.8199657077538579,0.1713483146067416,0.012499999999999956,0.22222222222222227,0.2675561797752809,,0.8819169888738543
client_scaling,5002,20,joint_dirichlet_0.3,B0,2,13,51,13,True,False,0.6923076923076923,0.4090909090909091,,,,,"comparison_groups,subgroup_accuracy_gap",0.6783329881727695
client_scaling,5002,20,joint_dirichlet_0.3,B0,2,14,2273,569,True,False,0.9982425307557118,0.4995602462620932,,,,,"comparison_groups,subgroup_accuracy_gap",1.4110000047367066
client_scaling,5002,20,joint_dirichlet_0.3,B0,2,15,251,63,True,False,0.9682539682539683,0.49193548387096775,,,,,"comparison_groups,subgroup_accuracy_gap",0.743458978831768
client_scaling,5002,20,joint_dirichlet_0.3,B0,2,16,444,111,True,True,0.954954954954955,0.48847926267281105,0.0,,,0.2941176470588235,"equal_opportunity_gap,equalized_odds_gap",0.8199579897336662
client_scaling,5002,20,joint_dirichlet_0.3,B0,2,17,250,63,True,False,0.7936507936507936,0.7917620137299771,0.31457800511508954,0.21714285714285708,0.21714285714285708,0.12148337595907921,,0.738375005312264
client_scaling,5002,20,joint_dirichlet_0.3,B0,2,18,392,98,True,True,0.9897959183673469,0.49743589743589745,0.0,,,0.014705882352941124,"equal_opportunity_gap,equalized_odds_gap",0.8260419999714941
client_scaling,5002,20,joint_dirichlet_0.3,B0,2,19,287,72,True,False,0.8472222222222222,0.8469565217391304,0.7043343653250774,,,0.17801857585139313,"equal_opportunity_gap,equalized_odds_gap,false_positive_rate_gap",0.7634159992448986
client_scaling,5002,20,joint_dirichlet_0.3,B0,3,0,2245,562,True,True,0.8149466192170819,0.5351973788847536,0.03581267217630854,0.09821428571428571,0.09821428571428571,0.27872143084568846,,1.5514160040766
client_scaling,5002,20,joint_dirichlet_0.3,B0,3,1,1736,434,True,True,0.8248847926267281,0.5095461845000893,0.02092050209205021,0.06756756756756757,0.06756756756756757,0.25280549297285704,,1.3227500021457672
client_scaling,5002,20,joint_dirichlet_0.3,B0,3,2,1570,393,True,False,0.7430025445292621,0.7372803388820862,0.5232233164759117,0.33333333333333337,0.33333333333333337,0.2318006388075592,,1.190791983390227
client_scaling,5002,20,joint_dirichlet_0.3,B0,3,3,1960,490,True,False,0.9857142857142858,0.49640287769784175,,,,,"comparison_groups,subgroup_accuracy_gap",1.262584002688527
client_scaling,5002,20,joint_dirichlet_0.3,B0,3,4,282,71,True,False,0.9295774647887324,0.8136482939632546,,,,,"comparison_groups,subgroup_accuracy_gap",0.7595409988425672
client_scaling,5002,20,joint_dirichlet_0.3,B0,3,5,3128,782,True,True,0.9104859335038363,0.4904304438486744,0.0012987012987012987,0.016666666666666666,0.016666666666666666,0.84004329004329,,1.6571669839322567
client_scaling,5002,20,joint_dirichlet_0.3,B0,3,6,76,20,True,False,0.9,0.47368421052631576,,,,,"comparison_groups,subgroup_accuracy_gap",0.7658750109840184
client_scaling,5002,20,joint_dirichlet_0.3,B0,3,7,1231,308,True,True,0.9512987012987013,0.4875207986688852,0.004016064257028112,0.0,0.004048582995951417,0.1913416377373902,,1.0900000052060932
client_scaling,5002,20,joint_dirichlet_0.3,B0,3,8,1238,310,True,True,0.9032258064516129,0.5332262597871913,0.01795125164690382,0.00784313725490196,0.00784313725490196,0.29479578392621875,,1.114749989937991
client_scaling,5002,20,joint_dirichlet_0.3,B0,3,9,1860,466,True,False,0.7446351931330472,0.731518734234823,0.43005780346820804,0.12464985994397759,0.12464985994397759,0.10823699421965316,,1.3144580007065088
client_scaling,5002,20,joint_dirichlet_0.3,B0,3,10,460,116,True,True,0.75,0.4877417389980204,0.07142857142857142,0.09090909090909091,0.09090909090909091,0.612012987012987,,0.8582920127082616
client_scaling,5002,20,joint_dirichlet_0.3,B0,3,11,352,88,True,True,0.6477272727272727,0.5229935303374715,0.10256410256410256,0.1935483870967742,0.1935483870967742,0.05384615384615388,,0.8045830181799829
client_scaling,5002,20,joint_dirichlet_0.3,B0,3,12,417,105,True,False,0.8952380952380953,0.8333092798383606,0.4789325842696629,0.21071428571428574,0.21071428571428574,0.0976123595505618,,0.8276670123450458
client_scaling,5002,20,joint_dirichlet_0.3,B0,3,13,51,13,True,False,0.6923076923076923,0.4090909090909091,,,,,"comparison_groups,subgroup_accuracy_gap",0.6722499965690076
client_scaling,5002,20,joint_dirichlet_0.3,B0,3,14,2273,569,True,False,0.9982425307557118,0.4995602462620932,,,,,"comparison_groups,subgroup_accuracy_gap",1.503292005509138
client_scaling,5002,20,joint_dirichlet_0.3,B0,3,15,251,63,True,False,0.9365079365079365,0.7330508474576272,,,,,"comparison_groups,subgroup_accuracy_gap",0.7429170073010027
client_scaling,5002,20,joint_dirichlet_0.3,B0,3,16,444,111,True,True,0.954954954954955,0.48847926267281105,0.0,,,0.2941176470588235,"equal_opportunity_gap,equalized_odds_gap",0.8257080044131726
client_scaling,5002,20,joint_dirichlet_0.3,B0,3,17,250,63,True,False,0.6031746031746031,0.5995423340961098,0.09207161125319696,0.028571428571428525,0.09523809523809523,0.10102301790281332,,0.7144999981392175
client_scaling,5002,20,joint_dirichlet_0.3,B0,3,18,392,98,True,True,0.9897959183673469,0.49743589743589745,0.0,,,0.014705882352941124,"equal_opportunity_gap,equalized_odds_gap",0.8664170163683593
client_scaling,5002,20,joint_dirichlet_0.3,B0,3,19,287,72,True,False,0.7361111111111112,0.7272183449651046,0.4969040247678018,,,0.44427244582043346,"equal_opportunity_gap,equalized_odds_gap,false_positive_rate_gap",0.7795839919708669
client_scaling,5003,3,joint_dirichlet_0.3,B0,1,0,12068,3017,True,True,0.7974809413324494,0.4930241512412525,0.01771255060728745,0.05619834710743802,0.05619834710743802,0.2520097072652814,,4.057708021719009
client_scaling,5003,3,joint_dirichlet_0.3,B0,1,1,3320,830,True,True,0.7650602409638554,0.7392791959779568,0.15470736140387553,0.12209424083769638,0.12209424083769638,0.04549704138575805,,1.705125003354624
client_scaling,5003,3,joint_dirichlet_0.3,B0,1,2,5121,1281,True,True,0.7829820452771272,0.4927094017094017,0.01855287569573284,,,0.2578849721706865,"equal_opportunity_gap,equalized_odds_gap",2.1812090126331896
client_scaling,5003,3,joint_dirichlet_0.3,B0,2,0,12068,3017,True,True,0.799469671859463,0.5056125208659883,0.02231873743325283,0.07107438016528926,0.07107438016528926,0.24750658235035605,,3.601125004934147
client_scaling,5003,3,joint_dirichlet_0.3,B0,2,1,3320,830,True,True,0.6819277108433734,0.5941500711237554,0.06745872747649659,0.06652705061082023,0.06652705061082023,0.06396878211940149,,1.609915983863175
client_scaling,5003,3,joint_dirichlet_0.3,B0,2,2,5121,1281,True,True,0.7837626854020296,0.5040830616183822,0.019192630030068453,,,0.25110357622672896,"equal_opportunity_gap,equalized_odds_gap",2.090833004331216
client_scaling,5003,3,joint_dirichlet_0.3,B0,3,0,12068,3017,True,True,0.799469671859463,0.5105378818046399,0.026367320429204248,0.07768595041322314,0.07768595041322314,0.24750658235035605,,3.3932499936781824
client_scaling,5003,3,joint_dirichlet_0.3,B0,3,1,3320,830,True,True,0.6542168674698795,0.5344360208654592,0.05459644966290961,0.0694240837696335,0.0694240837696335,0.06691287911781607,,1.5637500036973506
client_scaling,5003,3,joint_dirichlet_0.3,B0,3,2,5121,1281,True,True,0.7853239656518345,0.5128920612225991,0.02290320516921502,,,0.24924828865715565,"equal_opportunity_gap,equalized_odds_gap",2.2465000220108777
client_scaling,5003,5,joint_dirichlet_0.3,B0,1,0,3985,997,True,True,0.950852557673019,0.48740359897172236,0.0,0.0,0.0,0.9740547707218946,,2.006833004998043
client_scaling,5003,5,joint_dirichlet_0.3,B0,1,1,1404,351,True,True,0.7806267806267806,0.539456419868791,0.10805117205454266,0.12195121951219512,0.12195121951219512,0.6792937030795159,,1.1145829921588302
client_scaling,5003,5,joint_dirichlet_0.3,B0,1,2,4745,1187,True,True,0.8298230834035384,0.5211798066938254,0.06144403379091867,0.0,0.039663461538461564,0.7111008447729672,,2.2389589867088944
client_scaling,5003,5,joint_dirichlet_0.3,B0,1,3,9668,2417,True,True,0.9743483657426562,0.4935037720033529,0.0,,,0.40522875816993464,"equal_opportunity_gap,equalized_odds_gap",3.174290992319584
client_scaling,5003,5,joint_dirichlet_0.3,B0,1,4,706,177,True,True,0.6610169491525424,0.42780172413793105,0.006644085461177673,0.013157894736842146,,0.571000521104742,"equalized_odds_gap,false_positive_rate_gap",0.8815409964881837
client_scaling,5003,5,joint_dirichlet_0.3,B0,2,0,3985,997,True,True,0.9518555667001003,0.5076543209876543,0.021739130434782608,0.022222222222222223,0.022222222222222223,0.952315640287112,,1.9853330159094185
client_scaling,5003,5,joint_dirichlet_0.3,B0,2,1,1404,351,True,True,0.7749287749287749,0.5012859480944587,0.06542056074766354,0.07317073170731707,0.07317073170731707,0.7114294469128237,,1.0574999905657023
client_scaling,5003,5,joint_dirichlet_0.3,B0,2,2,4745,1187,True,False,0.9081718618365627,0.8266510176547115,0.4787090813093981,0.040784473398479903,0.16346153846153844,0.27659714889123543,,2.0080420072190464
client_scaling,5003,5,joint_dirichlet_0.3,B0,2,3,9668,2417,True,True,0.9743483657426562,0.4935037720033529,0.0,,,0.40522875816993464,"equal_opportunity_gap,equalized_odds_gap",3.042041993467137
client_scaling,5003,5,joint_dirichlet_0.3,B0,2,4,706,177,True,False,0.768361581920904,0.7583657976226151,0.40007816571130794,0.10131578947368414,,0.013939551849921794,"equalized_odds_gap,false_positive_rate_gap",1.0861250048037618
client_scaling,5003,5,joint_dirichlet_0.3,B0,3,0,3985,997,True,True,0.9538615847542627,0.5458488473421532,0.06521739130434782,0.06666666666666667,0.06666666666666667,0.9088373794175468,,1.8302909738849849
client_scaling,5003,5,joint_dirichlet_0.3,B0,3,1,1404,351,True,True,0.7749287749287749,0.5012859480944587,0.06542056074766354,0.07317073170731707,0.07317073170731707,0.7114294469128237,,1.0682910215109587
client_scaling,5003,5,joint_dirichlet_0.3,B0,3,2,4745,1187,True,False,0.8500421229991575,0.7914929815420081,0.6176038366772263,0.2097584147665581,0.2097584147665581,0.015720696937697953,,2.0380000059958547
client_scaling,5003,5,joint_dirichlet_0.3,B0,3,3,9668,2417,True,True,0.9739346297062474,0.4933976105638231,0.00044169611307420494,,,0.40478706205686044,"equal_opportunity_gap,equalized_odds_gap",3.2160830160137266
client_scaling,5003,5,joint_dirichlet_0.3,B0,3,4,706,177,True,False,0.6440677966101694,0.6438859259732379,0.3018499218342887,0.08947368421052632,,0.18329859301719642,"equalized_odds_gap,false_positive_rate_gap",0.9727079886943102
client_scaling,5003,10,joint_dirichlet_0.3,B0,1,0,1895,474,True,True,0.79957805907173,0.49959438585573474,0.018666666666666668,0.06060606060606061,0.06060606060606061,0.24056565656565665,,1.3629169843625277
client_scaling,5003,10,joint_dirichlet_0.3,B0,1,1,999,250,True,True,0.928,0.53125,0.025,0.06666666666666667,0.06666666666666667,0.3309523809523809,,0.9347079903818667
client_scaling,5003,10,joint_dirichlet_0.3,B0,1,2,234,59,True,True,0.7796610169491526,0.4380952380952381,0.0,0.0,0.0,0.26036866359447,,0.6676250195596367
client_scaling,5003,10,joint_dirichlet_0.3,B0,1,3,2359,590,True,True,0.8966101694915254,0.4727435210008937,0.0,0.0,0.0,0.843098085100311,,1.342542003840208
client_scaling,5003,10,joint_dirichlet_0.3,B0,1,4,2321,581,True,False,0.9982788296041308,0.49956933677863913,,,,,"comparison_groups,subgroup_accuracy_gap",1.3997080095577985
client_scaling,5003,10,joint_dirichlet_0.3,B0,1,5,1315,329,True,False,0.8693009118541033,0.46504065040650405,,,,,"comparison_groups,subgroup_accuracy_gap",1.2265410041436553
client_scaling,5003,10,joint_dirichlet_0.3,B0,1,6,1787,447,True,True,0.8926174496644296,0.526984126984127,0.028639033942558748,0.2074468085106383,0.2074468085106383,0.6952921018276762,,1.2138749880250543
client_scaling,5003,10,joint_dirichlet_0.3,B0,1,7,89,23,True,False,0.6956521739130435,0.6247086247086246,,,,,"comparison_groups,subgroup_accuracy_gap",0.6263329996727407
client_scaling,5003,10,joint_dirichlet_0.3,B0,1,8,2673,669,True,True,0.7458893871449925,0.5506164058795637,0.04588654223968566,0.01739886907351021,0.01739886907351021,0.19996316306483297,,1.4556249952875078
client_scaling,5003,10,joint_dirichlet_0.3,B0,1,9,6834,1709,True,False,0.8970157987126974,0.896610514390052,0.792524498724724,0.5408748114630468,0.5408748114630468,0.016818302608905267,,2.6232500094920397
client_scaling,5003,10,joint_dirichlet_0.3,B0,2,0,1895,474,True,True,0.8080168776371308,0.5357292776647615,0.029333333333333333,0.10101010101010101,0.10101010101010101,0.22989898989898994,,1.2057919811923057
client_scaling,5003,10,joint_dirichlet_0.3,B0,2,1,999,250,True,True,0.928,0.53125,0.025,0.06666666666666667,0.06666666666666667,0.3309523809523809,,0.9134169958997518
client_scaling,5003,10,joint_dirichlet_0.3,B0,2,2,234,59,True,True,0.7966101694915254,0.5137362637362637,0.03571428571428571,0.1,0.1,0.22465437788018428,,0.6529169913846999
client_scaling,5003,10,joint_dirichlet_0.3,B0,2,3,2359,590,True,True,0.8966101694915254,0.4727435210008937,0.0,0.0,0.0,0.843098085100311,,1.34862499544397
client_scaling,5003,10,joint_dirichlet_0.3,B0,2,4,2321,581,True,False,0.9982788296041308,0.49956933677863913,,,,,"comparison_groups,subgroup_accuracy_gap",1.2923750036861748
client_scaling,5003,10,joint_dirichlet_0.3,B0,2,5,1315,329,True,False,0.8693009118541033,0.46504065040650405,,,,,"comparison_groups,subgroup_accuracy_gap",0.9953340049833059
client_scaling,5003,10,joint_dirichlet_0.3,B0,2,6,1787,447,True,True,0.8948545861297539,0.5447177375663669,0.04426403394255875,0.18617021276595747,0.18617021276595747,0.6796671018276762,,1.266083010705188
client_scaling,5003,10,joint_dirichlet_0.3,B0,2,7,89,23,True,False,0.6521739130434783,0.6461538461538461,,,,,"comparison_groups,subgroup_accuracy_gap",0.8013749902602285
client_scaling,5003,10,joint_dirichlet_0.3,B0,2,8,2673,669,True,True,0.7309417040358744,0.5067988204456094,0.016245088408644397,0.028490648107872996,0.028490648107872996,0.2296046168958742,,1.4862499956507236
client_scaling,5003,10,joint_dirichlet_0.3,B0,2,9,6834,1709,True,False,0.7595084844938561,0.7364005336545769,0.4573323580416362,0.5176470588235295,0.5176470588235295,0.4102923409466357,,2.549000026192516
client_scaling,5003,10,joint_dirichlet_0.3,B0,3,0,1895,474,True,True,0.8080168776371308,0.5357292776647615,0.029333333333333333,0.10101010101010101,0.10101010101010101,0.22989898989898994,,1.2319579836912453
client_scaling,5003,10,joint_dirichlet_0.3,B0,3,1,999,250,True,True,0.928,0.53125,0.025,0.06666666666666667,0.06666666666666667,0.3309523809523809,,1.1054580099880695
client_scaling,5003,10,joint_dirichlet_0.3,B0,3,2,234,59,True,True,0.7966101694915254,0.5137362637362637,0.03571428571428571,0.1,0.1,0.22465437788018428,,0.6934159900993109
client_scaling,5003,10,joint_dirichlet_0.3,B0,3,3,2359,590,True,True,0.9,0.5053360048883773,0.029850746268656716,0.03508771929824561,0.03508771929824561,0.8132473388316543,,1.3216669904068112
client_scaling,5003,10,joint_dirichlet_0.3,B0,3,4,2321,581,True,False,0.9982788296041308,0.49956933677863913,,,,,"comparison_groups,subgroup_accuracy_gap",1.2952499964740127
client_scaling,5003,10,joint_dirichlet_0.3,B0,3,5,1315,329,True,False,0.8662613981762918,0.46416938110749184,,,,,"comparison_groups,subgroup_accuracy_gap",0.9770419856067747
client_scaling,5003,10,joint_dirichlet_0.3,B0,3,6,1787,447,True,True,0.8948545861297539,0.5447177375663669,0.04426403394255875,0.18617021276595747,0.18617021276595747,0.6796671018276762,,1.1338329932186753
client_scaling,5003,10,joint_dirichlet_0.3,B0,3,7,89,23,True,False,0.6086956521739131,0.5964912280701754,,,,,"comparison_groups,subgroup_accuracy_gap",0.6090000097174197
client_scaling,5003,10,joint_dirichlet_0.3,B0,3,8,2673,669,True,True,0.7324364723467862,0.511342074014225,0.014280451866404711,0.03675511091779035,0.03675511091779035,0.23156925343811396,,1.4497920055873692
client_scaling,5003,10,joint_dirichlet_0.3,B0,3,9,6834,1709,True,False,0.6922176711527209,0.6418304247350386,0.3088948794446317,0.3542483660130719,0.3542483660130719,0.5584147674504615,,2.636416000314057
client_scaling,5003,20,joint_dirichlet_0.3,B0,1,0,1560,390,True,True,1.0,1.0,0.0,,,0.0,"equal_opportunity_gap,equalized_odds_gap",1.3385830097831786
client_scaling,5003,20,joint_dirichlet_0.3,B0,1,1,974,244,True,True,0.8811475409836066,0.4684095860566449,0.0,0.0,0.0,0.13329625509825727,,0.9544999920763075
client_scaling,5003,20,joint_dirichlet_0.3,B0,1,2,2412,604,True,False,0.8973509933774835,0.8904106381982488,0.7650844181683816,0.3117154811715481,0.4635854341736695,0.15692115286225916,,1.5311250172089785
client_scaling,5003,20,joint_dirichlet_0.3,B0,1,3,942,236,True,True,0.75,0.7321019721019721,0.21771978021978022,0.2795698924731183,0.2795698924731183,0.08104395604395598,,0.9025420004036278
client_scaling,5003,20,joint_dirichlet_0.3,B0,1,4,412,103,True,True,0.7669902912621359,0.4340659340659341,0.0,0.0,0.0,0.1508295625942685,,0.7622920093126595
client_scaling,5003,20,joint_dirichlet_0.3,B0,1,5,3447,862,True,True,0.6995359628770301,0.5367351215858135,0.013379894342325782,0.0005402865867981665,0.16083916083916083,0.2309758624659427,,1.6707500035408884
client_scaling,5003,20,joint_dirichlet_0.3,B0,1,6,235,59,True,True,0.9152542372881356,0.4778761061946903,0.0,0.0,0.0,0.09885057471264369,,0.6713329930789769
client_scaling,5003,20,joint_dirichlet_0.3,B0,1,7,3301,826,True,True,0.9927360774818402,0.49817739975698666,0.0,0.0,0.0,0.023530731808965033,,1.5664170205127448
client_scaling,5003,20,joint_dirichlet_0.3,B0,1,8,76,19,True,False,0.7894736842105263,0.7285714285714285,,,,,"comparison_groups,subgroup_accuracy_gap",0.6025410257279873
client_scaling,5003,20,joint_dirichlet_0.3,B0,1,9,88,22,True,False,0.8181818181818182,0.8035714285714286,,,,,"comparison_groups,subgroup_accuracy_gap",0.6045829795766622
client_scaling,5003,20,joint_dirichlet_0.3,B0,1,10,480,121,True,False,1.0,1.0,,,,,"comparison_groups,subgroup_accuracy_gap",0.9110420069191605
client_scaling,5003,20,joint_dirichlet_0.3,B0,1,11,873,219,True,False,0.7397260273972602,0.4851309548360487,,,,,"comparison_groups,subgroup_accuracy_gap",0.8623329922556877
client_scaling,5003,20,joint_dirichlet_0.3,B0,1,12,49,13,True,False,0.9230769230769231,0.48,,,,,"comparison_groups,subgroup_accuracy_gap",0.5841660022269934
client_scaling,5003,20,joint_dirichlet_0.3,B0,1,13,1114,279,True,False,0.974910394265233,0.49364791288566245,,,,,"comparison_groups,subgroup_accuracy_gap",0.9375000081490725
client_scaling,5003,20,joint_dirichlet_0.3,B0,1,14,218,55,True,False,1.0,1.0,,,,,"comparison_groups,subgroup_accuracy_gap",0.6352500058710575
client_scaling,5003,20,joint_dirichlet_0.3,B0,1,15,183,46,True,True,0.8260869565217391,0.551219512195122,0.02941176470588236,0.0,,0.23529411764705888,"equalized_odds_gap,false_positive_rate_gap",0.6381249986588955
client_scaling,5003,20,joint_dirichlet_0.3,B0,1,16,680,171,True,False,0.9181286549707602,0.47865853658536583,,,,,"comparison_groups,subgroup_accuracy_gap",0.8870839956216514
client_scaling,5003,20,joint_dirichlet_0.3,B0,1,17,2863,716,True,True,0.9972067039106145,0.4993006993006993,0.0,,,0.0060975609756097615,"equal_opportunity_gap,equalized_odds_gap",1.4677080034743994
client_scaling,5003,20,joint_dirichlet_0.3,B0,1,18,138,35,True,False,0.7714285714285715,0.7348484848484849,0.2973856209150326,0.0,0.5714285714285714,0.47058823529411764,,0.6202919757924974
client_scaling,5003,20,joint_dirichlet_0.3,B0,1,19,457,115,True,True,0.7739130434782608,0.7536255767963085,0.1838487972508591,,,0.07044673539518909,"equal_opportunity_gap,equalized_odds_gap",0.749625003663823
client_scaling,5003,20,joint_dirichlet_0.3,B0,2,0,1560,390,True,True,1.0,1.0,0.0,,,0.0,"equal_opportunity_gap,equalized_odds_gap",1.1152919905725867
client_scaling,5003,20,joint_dirichlet_0.3,B0,2,1,974,244,True,True,0.8811475409836066,0.4684095860566449,0.0,0.0,0.0,0.13329625509825727,,0.908499991055578
client_scaling,5003,20,joint_dirichlet_0.3,B0,2,2,2412,604,True,False,0.7400662251655629,0.6757518250671044,0.3493377295207777,0.3723849372384937,0.3723849372384937,0.5927462907168438,,1.3479999906849116
client_scaling,5003,20,joint_dirichlet_0.3,B0,2,3,942,236,True,True,0.6991525423728814,0.6283629427551178,0.13736263736263737,0.3333333333333333,0.3333333333333333,0.17925824175824168,,0.8754580048844218
client_scaling,5003,20,joint_dirichlet_0.3,B0,2,4,412,103,True,True,0.7669902912621359,0.4340659340659341,0.0,0.0,0.0,0.1508295625942685,,0.7274579838849604
client_scaling,5003,20,joint_dirichlet_0.3,B0,2,5,3447,862,True,True,0.759860788863109,0.7398629292209185,0.025199227394246404,0.13828987549917782,0.23776223776223776,0.05806055489466211,,1.7719579918775707
client_scaling,5003,20,joint_dirichlet_0.3,B0,2,6,235,59,True,True,0.9152542372881356,0.4778761061946903,0.0,0.0,0.0,0.09885057471264369,,0.7345420017372817
client_scaling,5003,20,joint_dirichlet_0.3,B0,2,7,3301,826,True,True,0.9927360774818402,0.49817739975698666,0.0,0.0,0.0,0.023530731808965033,,1.5594589931424707
client_scaling,5003,20,joint_dirichlet_0.3,B0,2,8,76,19,True,False,0.7368421052631579,0.6360153256704981,,,,,"comparison_groups,subgroup_accuracy_gap",0.6169589760247618
client_scaling,5003,20,joint_dirichlet_0.3,B0,2,9,88,22,True,False,0.6363636363636364,0.5416666666666666,,,,,"comparison_groups,subgroup_accuracy_gap",0.5981670110486448
client_scaling,5003,20,joint_dirichlet_0.3,B0,2,10,480,121,True,False,1.0,1.0,,,,,"comparison_groups,subgroup_accuracy_gap",0.7280830177478492
client_scaling,5003,20,joint_dirichlet_0.3,B0,2,11,873,219,True,False,0.7397260273972602,0.4851309548360487,,,,,"comparison_groups,subgroup_accuracy_gap",0.837958010379225
client_scaling,5003,20,joint_dirichlet_0.3,B0,2,12,49,13,True,False,0.8461538461538461,0.4583333333333333,,,,,"comparison_groups,subgroup_accuracy_gap",0.5842079990543425
client_scaling,5003,20,joint_dirichlet_0.3,B0,2,13,1114,279,True,False,0.974910394265233,0.49364791288566245,,,,,"comparison_groups,subgroup_accuracy_gap",0.933458999497816
client_scaling,5003,20,joint_dirichlet_0.3,B0,2,14,218,55,True,False,1.0,1.0,,,,,"comparison_groups,subgroup_accuracy_gap",0.6370419869199395
client_scaling,5003,20,joint_dirichlet_0.3,B0,2,15,183,46,True,True,0.8260869565217391,0.663003663003663,0.03431372549019607,0.043333333333333335,,0.12254901960784315,"equalized_odds_gap,false_positive_rate_gap",0.6284580158535391
client_scaling,5003,20,joint_dirichlet_0.3,B0,2,16,680,171,True,False,0.9181286549707602,0.47865853658536583,,,,,"comparison_groups,subgroup_accuracy_gap",0.909624999621883
client_scaling,5003,20,joint_dirichlet_0.3,B0,2,17,2863,716,True,True,0.9972067039106145,0.4993006993006993,0.0,,,0.0060975609756097615,"equal_opportunity_gap,equalized_odds_gap",1.456790982047096
client_scaling,5003,20,joint_dirichlet_0.3,B0,2,18,138,35,True,True,0.6285714285714286,0.6273546273546273,0.15032679738562088,0.196078431372549,0.21428571428571427,0.2647058823529411,,0.6318340019788593
client_scaling,5003,20,joint_dirichlet_0.3,B0,2,19,457,115,True,True,0.6608695652173913,0.5451779738363249,0.12371134020618557,,,0.4020618556701031,"equal_opportunity_gap,equalized_odds_gap",0.8432909962721169
client_scaling,5003,20,joint_dirichlet_0.3,B0,3,0,1560,390,True,True,1.0,1.0,0.0,,,0.0,"equal_opportunity_gap,equalized_odds_gap",1.130083022871986
client_scaling,5003,20,joint_dirichlet_0.3,B0,3,1,974,244,True,True,0.8852459016393442,0.5027656477438137,0.005376344086021506,0.03571428571428571,0.03571428571428571,0.12791991101223577,,0.9198329935315996
client_scaling,5003,20,joint_dirichlet_0.3,B0,3,2,2412,604,True,True,0.7003311258278145,0.6064523328689555,0.25008242851458135,0.26778242677824265,0.26778242677824265,0.6975726223637088,,1.4854999899398535
client_scaling,5003,20,joint_dirichlet_0.3,B0,3,3,942,236,True,True,0.6694915254237288,0.5734149054505006,0.1346153846153846,0.24731182795698925,0.24731182795698925,0.25343406593406603,,0.8670839888509363
client_scaling,5003,20,joint_dirichlet_0.3,B0,3,4,412,103,True,True,0.7669902912621359,0.4340659340659341,0.0,0.0,0.0,0.1508295625942685,,0.7262500002980232
client_scaling,5003,20,joint_dirichlet_0.3,B0,3,5,3447,862,True,True,0.6728538283062645,0.6711525974025974,0.0566279084641263,0.17608644585388772,0.17608644585388772,0.20182406590173585,,1.6089999990072101
client_scaling,5003,20,joint_dirichlet_0.3,B0,3,6,235,59,True,True,0.8813559322033898,0.7326860841423948,0.06206896551724128,0.008241758241758323,0.25,0.029885057471264354,,0.6502920005004853
client_scaling,5003,20,joint_dirichlet_0.3,B0,3,7,3301,826,True,True,0.9927360774818402,0.49817739975698666,0.0,0.0,0.0,0.023530731808965033,,1.5253339952323586
client_scaling,5003,20,joint_dirichlet_0.3,B0,3,8,76,19,True,False,0.6842105263157895,0.525,,,,,"comparison_groups,subgroup_accuracy_gap",0.5945840093772858
client_scaling,5003,20,joint_dirichlet_0.3,B0,3,9,88,22,True,False,0.6363636363636364,0.5416666666666666,,,,,"comparison_groups,subgroup_accuracy_gap",0.5955000233370811
client_scaling,5003,20,joint_dirichlet_0.3,B0,3,10,480,121,True,False,1.0,1.0,,,,,"comparison_groups,subgroup_accuracy_gap",0.7386670040432364
client_scaling,5003,20,joint_dirichlet_0.3,B0,3,11,873,219,True,False,0.7397260273972602,0.4851309548360487,,,,,"comparison_groups,subgroup_accuracy_gap",0.9974589920602739
client_scaling,5003,20,joint_dirichlet_0.3,B0,3,12,49,13,True,False,0.7692307692307693,0.43478260869565216,,,,,"comparison_groups,subgroup_accuracy_gap",0.5957089888397604
client_scaling,5003,20,joint_dirichlet_0.3,B0,3,13,1114,279,True,False,0.974910394265233,0.49364791288566245,,,,,"comparison_groups,subgroup_accuracy_gap",0.9443750022910535
client_scaling,5003,20,joint_dirichlet_0.3,B0,3,14,218,55,True,False,0.9090909090909091,0.47619047619047616,,,,,"comparison_groups,subgroup_accuracy_gap",0.6428750057239085
client_scaling,5003,20,joint_dirichlet_0.3,B0,3,15,183,46,True,True,0.6304347826086957,0.5983564458140729,0.08333333333333331,0.22333333333333333,,0.28921568627450983,"equalized_odds_gap,false_positive_rate_gap",0.6285000126808882
client_scaling,5003,20,joint_dirichlet_0.3,B0,3,16,680,171,True,False,0.9181286549707602,0.47865853658536583,,,,,"comparison_groups,subgroup_accuracy_gap",0.7947499980218709
client_scaling,5003,20,joint_dirichlet_0.3,B0,3,17,2863,716,True,True,0.9972067039106145,0.4993006993006993,0.0,,,0.0060975609756097615,"equal_opportunity_gap,equalized_odds_gap",1.4341670030262321
client_scaling,5003,20,joint_dirichlet_0.3,B0,3,18,138,35,True,False,0.6,0.5833333333333333,0.2156862745098039,0.019607843137254943,0.07142857142857142,0.43464052287581695,,0.6147499952930957
client_scaling,5003,20,joint_dirichlet_0.3,B0,3,19,457,115,True,True,0.6434782608695652,0.4973883381302633,0.08247422680412371,,,0.4226804123711341,"equal_opportunity_gap,equalized_odds_gap",0.7722919981461018
client_scaling,5004,3,joint_dirichlet_0.3,B0,1,0,9343,2336,True,True,0.7671232876712328,0.48997516467250923,0.02000976085895559,,,0.2654953635919961,"equal_opportunity_gap,equalized_odds_gap",3.237416996853426
client_scaling,5004,3,joint_dirichlet_0.3,B0,1,1,5182,1296,True,True,0.7253086419753086,0.5263157894736842,0.011911879685415995,,,0.21873706480246513,"equal_opportunity_gap,equalized_odds_gap",2.2258340031839907
client_scaling,5004,3,joint_dirichlet_0.3,B0,1,2,5984,1496,True,True,0.803475935828877,0.4884220810942843,0.01380362331684418,0.03299097416744475,0.03299097416744475,0.7157366676871679,,2.608707989566028
client_scaling,5004,3,joint_dirichlet_0.3,B0,2,0,9343,2336,True,True,0.7684075342465754,0.5030465421991808,0.019385678065105272,,,0.2560865077381165,"equal_opportunity_gap,equalized_odds_gap",2.9127919988241047
client_scaling,5004,3,joint_dirichlet_0.3,B0,2,1,5182,1296,True,True,0.7222222222222222,0.5176577619717145,0.015039323000505908,,,0.2218645081175551,"equal_opportunity_gap,equalized_odds_gap",2.313958015292883
client_scaling,5004,3,joint_dirichlet_0.3,B0,2,2,5984,1496,True,True,0.804144385026738,0.49701591017321606,0.018159552698151817,0.03516962340491752,0.03516962340491752,0.7084373976141752,,2.337874990189448
client_scaling,5004,3,joint_dirichlet_0.3,B0,3,0,9343,2336,True,True,0.7688356164383562,0.5085737793817903,0.022801978699561104,,,0.255598464790337,"equal_opportunity_gap,equalized_odds_gap",3.1842910102568567
client_scaling,5004,3,joint_dirichlet_0.3,B0,3,1,5182,1296,True,True,0.7222222222222222,0.5176577619717145,0.015039323000505908,,,0.2218645081175551,"equal_opportunity_gap,equalized_odds_gap",2.232458005892113
client_scaling,5004,3,joint_dirichlet_0.3,B0,3,2,5984,1496,True,True,0.8048128342245989,0.500073243975683,0.017423717525230552,0.04046062869592281,0.04046062869592281,0.7091732327870965,,2.3660830047447234
client_scaling,5004,5,joint_dirichlet_0.3,B0,1,0,9821,2456,True,True,0.7210912052117264,0.5610448862104963,0.033664573312150406,0.07336860670194004,0.07336860670194004,0.04424870283901117,,3.346374985994771
client_scaling,5004,5,joint_dirichlet_0.3,B0,1,1,1136,284,True,True,0.9225352112676056,0.5214460784313726,0.050000000000000044,0.0,0.052631578947368474,0.8848484848484849,,1.0027090029325336
client_scaling,5004,5,joint_dirichlet_0.3,B0,1,2,4806,1202,True,True,0.9575707154742097,0.5080214762084381,0.01873903340658592,,,0.9795233471320761,"equal_opportunity_gap,equalized_odds_gap,false_positive_rate_gap",2.374958014115691
client_scaling,5004,5,joint_dirichlet_0.3,B0,1,3,4020,1005,True,True,0.8318407960199005,0.46556178237324614,0.0020597322348094747,0.013888888888888888,0.013888888888888888,0.6478766583873508,,1.8637090106494725
client_scaling,5004,5,joint_dirichlet_0.3,B0,1,4,725,182,True,False,0.989010989010989,0.4972375690607735,,,,,"comparison_groups,subgroup_accuracy_gap",0.9577079908922315
client_scaling,5004,5,joint_dirichlet_0.3,B0,2,0,9821,2456,True,True,0.7080618892508144,0.5152277954651503,0.01691040237295744,0.04215167548500881,0.04215167548500881,0.04447754888283517,,3.2585829903837293
client_scaling,5004,5,joint_dirichlet_0.3,B0,2,1,1136,284,True,False,0.9612676056338029,0.8325381935138032,0.49242424242424243,0.0,0.026315789473684237,0.4424242424242424,,1.0060000058729202
client_scaling,5004,5,joint_dirichlet_0.3,B0,2,2,4806,1202,True,True,0.9575707154742097,0.5080214762084381,0.01873903340658592,,,0.9795233471320761,"equal_opportunity_gap,equalized_odds_gap,false_positive_rate_gap",2.056415978586301
client_scaling,5004,5,joint_dirichlet_0.3,B0,2,3,4020,1005,True,True,0.8308457711442786,0.47069867155745015,0.005149330587023687,0.020833333333333332,0.020833333333333332,0.6468467922699461,,1.7790830170270056
client_scaling,5004,5,joint_dirichlet_0.3,B0,2,4,725,182,True,False,0.989010989010989,0.4972375690607735,,,,,"comparison_groups,subgroup_accuracy_gap",0.9033749811351299
client_scaling,5004,5,joint_dirichlet_0.3,B0,3,0,9821,2456,True,True,0.7052117263843648,0.5066976051525673,0.020521328891372943,0.052733686067019406,0.052733686067019406,0.049087476400251795,,3.22004099143669
client_scaling,5004,5,joint_dirichlet_0.3,B0,3,1,1136,284,True,False,0.9154929577464789,0.7763779527559055,0.6666666666666666,0.07307692307692304,0.07307692307692304,0.12424242424242415,,0.97870800527744
client_scaling,5004,5,joint_dirichlet_0.3,B0,3,2,4806,1202,True,True,0.956738768718802,0.5074546887312845,0.017870223675916935,,,0.9786545374014071,"equal_opportunity_gap,equalized_odds_gap,false_positive_rate_gap",1.9998330099042505
client_scaling,5004,5,joint_dirichlet_0.3,B0,3,3,4020,1005,True,True,0.8348258706467662,0.49353369763205834,0.009268795056642637,0.04861111111111111,0.04861111111111111,0.6509662567395651,,1.930333994096145
client_scaling,5004,5,joint_dirichlet_0.3,B0,3,4,725,182,True,False,0.989010989010989,0.4972375690607735,,,,,"comparison_groups,subgroup_accuracy_gap",1.021042000502348
client_scaling,5004,10,joint_dirichlet_0.3,B0,1,0,1871,468,True,True,0.7735042735042735,0.7121971595655807,0.25210084033613445,0.4591194968553459,0.4591194968553459,0.261488379135438,,1.3719159760512412
client_scaling,5004,10,joint_dirichlet_0.3,B0,1,1,476,119,True,False,0.8571428571428571,0.5138187935592405,,,,,"comparison_groups,subgroup_accuracy_gap",0.8760830096434802
client_scaling,5004,10,joint_dirichlet_0.3,B0,1,2,1776,444,True,False,0.990990990990991,0.497737556561086,,,,,"comparison_groups,subgroup_accuracy_gap",1.2700409861281514
client_scaling,5004,10,joint_dirichlet_0.3,B0,1,3,499,125,True,True,0.912,0.4769874476987448,0.0,0.0,0.0,0.4164070612668743,,0.8309170079883188
client_scaling,5004,10,joint_dirichlet_0.3,B0,1,4,1626,407,True,False,0.9975429975429976,0.4993849938499385,,,,,"comparison_groups,subgroup_accuracy_gap",1.157458988018334
client_scaling,5004,10,joint_dirichlet_0.3,B0,1,5,3682,921,True,True,0.9250814332247557,0.4805414551607445,0.0,0.0,0.0,0.8477345066466954,,1.7700000025797635
client_scaling,5004,10,joint_dirichlet_0.3,B0,1,6,3901,976,True,True,0.8913934426229508,0.48051739374949787,0.0016155088852988692,,,0.17124394184168013,"equal_opportunity_gap,equalized_odds_gap",1.8054159882012755
client_scaling,5004,10,joint_dirichlet_0.3,B0,1,7,3034,759,True,True,0.9499341238471674,0.4871621621621622,0.0,0.0,0.0,0.803030303030303,,1.7153749940916896
client_scaling,5004,10,joint_dirichlet_0.3,B0,1,8,2666,667,True,False,0.8830584707646177,0.8805318269495729,0.7547590263618484,,,0.19424947222172095,"equal_opportunity_gap,equalized_odds_gap",1.594458008185029
client_scaling,5004,10,joint_dirichlet_0.3,B0,1,9,976,244,True,False,0.9672131147540983,0.49166666666666664,,,,,"comparison_groups,subgroup_accuracy_gap",0.9288330038543791
client_scaling,5004,10,joint_dirichlet_0.3,B0,2,0,1871,468,True,True,0.7350427350427351,0.6219118106952987,0.1400560224089636,0.27672955974842767,0.27672955974842767,0.3119085472026649,,1.2452920200303197
client_scaling,5004,10,joint_dirichlet_0.3,B0,2,1,476,119,True,False,0.8571428571428571,0.5138187935592405,,,,,"comparison_groups,subgroup_accuracy_gap",0.8320830238517374
client_scaling,5004,10,joint_dirichlet_0.3,B0,2,2,1776,444,True,False,0.990990990990991,0.497737556561086,,,,,"comparison_groups,subgroup_accuracy_gap",1.2253749882802367
client_scaling,5004,10,joint_dirichlet_0.3,B0,2,3,499,125,True,True,0.928,0.6808510638297872,0.09241952232606443,0.009615384615384581,0.08333333333333337,0.3052959501557633,,1.0224169818684459
client_scaling,5004,10,joint_dirichlet_0.3,B0,2,4,1626,407,True,False,0.9975429975429976,0.8327168105219893,,,,,"comparison_groups,subgroup_accuracy_gap",1.1711250117514282
client_scaling,5004,10,joint_dirichlet_0.3,B0,2,5,3682,921,True,True,0.9261672095548317,0.49509835536923574,0.0011467889908256881,0.038461538461538464,0.038461538461538464,0.848881295637521,,1.7184160242322832
client_scaling,5004,10,joint_dirichlet_0.3,B0,2,6,3901,976,True,True,0.8913934426229508,0.48051739374949787,0.0016155088852988692,,,0.17124394184168013,"equal_opportunity_gap,equalized_odds_gap",1.7472079780418426
client_scaling,5004,10,joint_dirichlet_0.3,B0,2,7,3034,759,True,True,0.9512516469038208,0.513132573984501,0.030303030303030304,0.037037037037037035,0.037037037037037035,0.7727272727272727,,1.4617920096497983
client_scaling,5004,10,joint_dirichlet_0.3,B0,2,8,2666,667,True,False,0.7991004497751124,0.7971742642920683,0.6147669655906606,,,0.28332220638386174,"equal_opportunity_gap,equalized_odds_gap",1.5970839885994792
client_scaling,5004,10,joint_dirichlet_0.3,B0,2,9,976,244,True,False,0.9672131147540983,0.49166666666666664,,,,,"comparison_groups,subgroup_accuracy_gap",0.8868750010151416
client_scaling,5004,10,joint_dirichlet_0.3,B0,3,0,1871,468,True,True,0.7200854700854701,0.5819804586023741,0.10364145658263306,0.2138364779874214,0.2138364779874214,0.33151639033991975,,1.2291250168345869
client_scaling,5004,10,joint_dirichlet_0.3,B0,3,1,476,119,True,False,0.865546218487395,0.563302752293578,,,,,"comparison_groups,subgroup_accuracy_gap",0.8152919763233513
client_scaling,5004,10,joint_dirichlet_0.3,B0,3,2,1776,444,True,False,0.990990990990991,0.497737556561086,,,,,"comparison_groups,subgroup_accuracy_gap",1.1838749924208969
client_scaling,5004,10,joint_dirichlet_0.3,B0,3,3,499,125,True,True,0.832,0.6511627906976745,0.23001038421599163,0.05576923076923068,0.05576923076923068,0.12824506749740394,,0.8519589900970459
client_scaling,5004,10,joint_dirichlet_0.3,B0,3,4,1626,407,True,False,0.9680589680589681,0.5585314977054652,,,,,"comparison_groups,subgroup_accuracy_gap",1.3118750066496432
client_scaling,5004,10,joint_dirichlet_0.3,B0,3,5,3682,921,True,True,0.9272529858849077,0.5092531473425533,0.0022935779816513763,0.07692307692307693,0.07692307692307693,0.8500280846283468,,1.6875419823918492
client_scaling,5004,10,joint_dirichlet_0.3,B0,3,6,3901,976,True,True,0.8903688524590164,0.48014555446594354,0.0032310177705977385,,,0.17285945072697895,"equal_opportunity_gap,equalized_odds_gap",1.791291986592114
client_scaling,5004,10,joint_dirichlet_0.3,B0,3,7,3034,759,True,True,0.9512516469038208,0.513132573984501,0.030303030303030304,0.037037037037037035,0.037037037037037035,0.7727272727272727,,1.6383750189561397
client_scaling,5004,10,joint_dirichlet_0.3,B0,3,8,2666,667,True,False,0.7106446776611695,0.6969074106774972,0.4447772505007127,,,0.498601613106945,"equal_opportunity_gap,equalized_odds_gap",1.523166021797806
client_scaling,5004,10,joint_dirichlet_0.3,B0,3,9,976,244,True,False,0.9672131147540983,0.49166666666666664,,,,,"comparison_groups,subgroup_accuracy_gap",0.9494579862803221
client_scaling,5004,20,joint_dirichlet_0.3,B0,1,0,386,97,True,False,0.8762886597938144,0.8756410256410256,0.7355855855855856,0.29391891891891897,,0.06891891891891899,"equalized_odds_gap,false_positive_rate_gap",1.0251659841742367
client_scaling,5004,20,joint_dirichlet_0.3,B0,1,1,1246,312,True,False,0.7339743589743589,0.5248004404073768,,,,,"comparison_groups,subgroup_accuracy_gap",1.0281249997206032
client_scaling,5004,20,joint_dirichlet_0.3,B0,1,2,4799,1200,True,True,0.9866666666666667,0.4966442953020134,0.0,0.0,0.0,0.010904566744730726,,2.0406249968800694
client_scaling,5004,20,joint_dirichlet_0.3,B0,1,3,633,159,True,True,0.710691823899371,0.41544117647058826,0.006993006993006993,0.0,0.008928571428571428,0.6512237762237763,,0.8324579976033419
client_scaling,5004,20,joint_dirichlet_0.3,B0,1,4,3065,767,True,False,0.7405475880052151,0.5101841065680829,,,,,"comparison_groups,subgroup_accuracy_gap",1.532207999844104
client_scaling,5004,20,joint_dirichlet_0.3,B0,1,5,520,131,True,True,0.8015267175572519,0.4801587301587301,0.0357142857142857,0.0,0.04166666666666663,0.7923023578363384,,0.7665419834665954
client_scaling,5004,20,joint_dirichlet_0.3,B0,1,6,701,176,True,False,0.9829545454545454,0.49570200573065903,,,,,"comparison_groups,subgroup_accuracy_gap",0.8187080093193799
client_scaling,5004,20,joint_dirichlet_0.3,B0,1,7,104,27,True,False,0.9259259259259259,0.4807692307692308,,,,,"comparison_groups,subgroup_accuracy_gap",0.6139169854577631
client_scaling,5004,20,joint_dirichlet_0.3,B0,1,8,1542,386,True,True,0.9948186528497409,0.4987012987012987,0.0,,,0.008583690987124415,"equal_opportunity_gap,equalized_odds_gap",1.2452919909264892
client_scaling,5004,20,joint_dirichlet_0.3,B0,1,9,446,112,True,False,0.9196428571428571,0.4790697674418605,,,,,"comparison_groups,subgroup_accuracy_gap",0.7897080213297158
client_scaling,5004,20,joint_dirichlet_0.3,B0,1,10,2508,627,True,True,0.9186602870813397,0.497635618116978,0.004926891290527654,,,0.3475842339478703,"equal_opportunity_gap,equalized_odds_gap",1.4961670094635338
client_scaling,5004,20,joint_dirichlet_0.3,B0,1,11,79,20,True,False,0.9,0.47368421052631576,,,,,"comparison_groups,subgroup_accuracy_gap",0.636707991361618
client_scaling,5004,20,joint_dirichlet_0.3,B0,1,12,131,33,True,False,0.9090909090909091,0.47619047619047616,,,,,"comparison_groups,subgroup_accuracy_gap",0.6345000001601875
client_scaling,5004,20,joint_dirichlet_0.3,B0,1,13,260,66,True,True,0.7121212121212122,0.5576719576719577,0.13478260869565217,,,0.7347826086956522,"equal_opportunity_gap,equalized_odds_gap,false_positive_rate_gap",0.7017499883659184
client_scaling,5004,20,joint_dirichlet_0.3,B0,1,14,555,139,False,False,,,,,,,,0.016792007954791188
client_scaling,5004,20,joint_dirichlet_0.3,B0,1,15,820,206,True,True,0.7815533980582524,0.4964966596056705,0.030534351145038167,,,0.3435114503816794,"equal_opportunity_gap,equalized_odds_gap",0.8445830026175827
client_scaling,5004,20,joint_dirichlet_0.3,B0,1,16,231,58,True,True,0.7931034482758621,0.5126050420168067,0.05263157894736842,,,0.631578947368421,"equal_opportunity_gap,equalized_odds_gap",0.6567079981323332
client_scaling,5004,20,joint_dirichlet_0.3,B0,1,17,167,42,True,False,0.7857142857142857,0.44,,,,,"comparison_groups,subgroup_accuracy_gap",0.630541006103158
client_scaling,5004,20,joint_dirichlet_0.3,B0,1,18,1099,275,True,True,0.7345454545454545,0.6263100091212003,0.2766766392420843,,,0.6290825230615806,"equal_opportunity_gap,equalized_odds_gap",0.9852079965639859
client_scaling,5004,20,joint_dirichlet_0.3,B0,1,19,1209,303,True,True,0.834983498349835,0.5081168831168831,0.010638297872340385,0.0,,0.17730496453900713,"equalized_odds_gap,false_positive_rate_gap",1.1477920052129775
client_scaling,5004,20,joint_dirichlet_0.3,B0,2,0,386,97,True,False,0.7628865979381443,0.7445322340547349,0.6153153153153154,0.6486486486486487,,0.18468468468468469,"equalized_odds_gap,false_positive_rate_gap",0.7601669931318611
client_scaling,5004,20,joint_dirichlet_0.3,B0,2,1,1246,312,True,False,0.8269230769230769,0.7730603448275861,,,,,"comparison_groups,subgroup_accuracy_gap",1.0145419801119715
client_scaling,5004,20,joint_dirichlet_0.3,B0,2,2,4799,1200,True,True,0.9883333333333333,0.6081724041421774,0.0020491803278688526,0.13333333333333333,0.13333333333333333,0.008855386416861788,,1.9906250236090273
client_scaling,5004,20,joint_dirichlet_0.3,B0,2,3,633,159,True,True,0.7232704402515723,0.4601851851851852,0.048513986013986016,0.03917050691244239,0.03917050691244239,0.5957167832167832,,0.8461250108666718
client_scaling,5004,20,joint_dirichlet_0.3,B0,2,4,3065,767,True,False,0.7379400260756193,0.5018917303436132,,,,,"comparison_groups,subgroup_accuracy_gap",1.6485419764649123
client_scaling,5004,20,joint_dirichlet_0.3,B0,2,5,520,131,True,False,0.8702290076335878,0.7542213883677298,0.40915395284327327,0.020000000000000018,0.5,0.3800277392510403,,0.8027500007301569
client_scaling,5004,20,joint_dirichlet_0.3,B0,2,6,701,176,True,False,0.9829545454545454,0.49570200573065903,,,,,"comparison_groups,subgroup_accuracy_gap",0.8380830113310367
client_scaling,5004,20,joint_dirichlet_0.3,B0,2,7,104,27,True,False,1.0,1.0,,,,,"comparison_groups,subgroup_accuracy_gap",0.6155830051284283
client_scaling,5004,20,joint_dirichlet_0.3,B0,2,8,1542,386,True,True,0.9948186528497409,0.4987012987012987,0.0,,,0.008583690987124415,"equal_opportunity_gap,equalized_odds_gap",1.0863329807762057
client_scaling,5004,20,joint_dirichlet_0.3,B0,2,9,446,112,True,False,0.9196428571428571,0.4790697674418605,,,,,"comparison_groups,subgroup_accuracy_gap",0.7350410160142928
client_scaling,5004,20,joint_dirichlet_0.3,B0,2,10,2508,627,True,True,0.9186602870813397,0.497635618116978,0.004926891290527654,,,0.3475842339478703,"equal_opportunity_gap,equalized_odds_gap",1.3540829822886735
client_scaling,5004,20,joint_dirichlet_0.3,B0,2,11,79,20,True,False,0.8,0.6078431372549019,,,,,"comparison_groups,subgroup_accuracy_gap",0.5950409977231175
client_scaling,5004,20,joint_dirichlet_0.3,B0,2,12,131,33,True,False,0.9090909090909091,0.47619047619047616,,,,,"comparison_groups,subgroup_accuracy_gap",0.6115410069469362
client_scaling,5004,20,joint_dirichlet_0.3,B0,2,13,260,66,True,True,0.6666666666666666,0.4398148148148148,0.015217391304347822,,,0.8847826086956522,"equal_opportunity_gap,equalized_odds_gap,false_positive_rate_gap",0.7870419940445572
client_scaling,5004,20,joint_dirichlet_0.3,B0,2,14,555,139,False,False,,,,,,,,0.016167003195732832
client_scaling,5004,20,joint_dirichlet_0.3,B0,2,15,820,206,True,True,0.7815533980582524,0.4964966596056705,0.030534351145038167,,,0.3435114503816794,"equal_opportunity_gap,equalized_odds_gap",0.8520419942215085
client_scaling,5004,20,joint_dirichlet_0.3,B0,2,16,231,58,True,True,0.7931034482758621,0.5126050420168067,0.05263157894736842,,,0.631578947368421,"equal_opportunity_gap,equalized_odds_gap",0.6485829944722354
client_scaling,5004,20,joint_dirichlet_0.3,B0,2,17,167,42,True,False,0.8095238095238095,0.6911764705882353,,,,,"comparison_groups,subgroup_accuracy_gap",0.6264999974519014
client_scaling,5004,20,joint_dirichlet_0.3,B0,2,18,1099,275,True,False,0.8654545454545455,0.8549516030164364,0.7119795562203939,,,0.005173273497880881,"equal_opportunity_gap,equalized_odds_gap",0.9446249750908464
client_scaling,5004,20,joint_dirichlet_0.3,B0,2,19,1209,303,True,True,0.8877887788778878,0.7781653746770025,0.12462006079027355,0.22062798918694115,,0.13525835866261404,"equalized_odds_gap,false_positive_rate_gap",0.9643330122344196
client_scaling,5004,20,joint_dirichlet_0.3,B0,3,0,386,97,True,False,0.6907216494845361,0.6444281524926686,0.4157657657657658,0.43243243243243246,,0.4175675675675675,"equalized_odds_gap,false_positive_rate_gap",0.7305000035557896
client_scaling,5004,20,joint_dirichlet_0.3,B0,3,1,1246,312,True,False,0.7403846153846154,0.722599694850883,,,,,"comparison_groups,subgroup_accuracy_gap",0.9776250226423144
client_scaling,5004,20,joint_dirichlet_0.3,B0,3,2,4799,1200,True,True,0.9883333333333333,0.6081724041421774,0.0020491803278688526,0.13333333333333333,0.13333333333333333,0.008855386416861788,,2.1174579742364585
client_scaling,5004,20,joint_dirichlet_0.3,B0,3,3,633,159,True,True,0.7295597484276729,0.4812988392382976,0.041520979020979024,0.006912442396313362,0.008928571428571428,0.6027097902097902,,0.8179580036085099
client_scaling,5004,20,joint_dirichlet_0.3,B0,3,4,3065,767,True,False,0.7379400260756193,0.5018917303436132,,,,,"comparison_groups,subgroup_accuracy_gap",1.4885830169077963
client_scaling,5004,20,joint_dirichlet_0.3,B0,3,5,520,131,True,False,0.7022900763358778,0.646607179912845,0.4036061026352289,0.06000000000000005,0.45833333333333326,0.10610263522884877,,0.7664579898118973
client_scaling,5004,20,joint_dirichlet_0.3,B0,3,6,701,176,True,False,0.9829545454545454,0.49570200573065903,,,,,"comparison_groups,subgroup_accuracy_gap",0.8404169930145144
client_scaling,5004,20,joint_dirichlet_0.3,B0,3,7,104,27,True,False,0.8888888888888888,0.7537993920972644,,,,,"comparison_groups,subgroup_accuracy_gap",0.6166670063976198
client_scaling,5004,20,joint_dirichlet_0.3,B0,3,8,1542,386,True,True,0.9922279792746114,0.4980494148244473,0.004291845493562232,,,0.012875536480686733,"equal_opportunity_gap,equalized_odds_gap",1.1117079993709922
client_scaling,5004,20,joint_dirichlet_0.3,B0,3,9,446,112,True,False,0.9196428571428571,0.4790697674418605,,,,,"comparison_groups,subgroup_accuracy_gap",0.8447919972240925
client_scaling,5004,20,joint_dirichlet_0.3,B0,3,10,2508,627,True,True,0.9186602870813397,0.497635618116978,0.004926891290527654,,,0.3475842339478703,"equal_opportunity_gap,equalized_odds_gap",1.7526250157970935
client_scaling,5004,20,joint_dirichlet_0.3,B0,3,11,79,20,True,False,0.55,0.48717948717948717,,,,,"comparison_groups,subgroup_accuracy_gap",0.6882500019855797
client_scaling,5004,20,joint_dirichlet_0.3,B0,3,12,131,33,True,False,0.9090909090909091,0.47619047619047616,,,,,"comparison_groups,subgroup_accuracy_gap",0.6554169813171029
client_scaling,5004,20,joint_dirichlet_0.3,B0,3,13,260,66,True,True,0.6666666666666666,0.4398148148148148,0.015217391304347822,,,0.8847826086956522,"equal_opportunity_gap,equalized_odds_gap,false_positive_rate_gap",0.7450830016750842
client_scaling,5004,20,joint_dirichlet_0.3,B0,3,14,555,139,False,False,,,,,,,,0.018499995348975062
client_scaling,5004,20,joint_dirichlet_0.3,B0,3,15,820,206,True,True,0.7815533980582524,0.4964966596056705,0.030534351145038167,,,0.3435114503816794,"equal_opportunity_gap,equalized_odds_gap",0.8990000060293823
client_scaling,5004,20,joint_dirichlet_0.3,B0,3,16,231,58,True,True,0.8103448275862069,0.5788778877887789,0.10526315789473684,,,0.5789473684210527,"equal_opportunity_gap,equalized_odds_gap",0.7045409874990582
client_scaling,5004,20,joint_dirichlet_0.3,B0,3,17,167,42,True,False,0.7619047619047619,0.6464646464646464,,,,,"comparison_groups,subgroup_accuracy_gap",0.6362500134855509
client_scaling,5004,20,joint_dirichlet_0.3,B0,3,18,1099,275,True,False,0.7490909090909091,0.7482386657644389,0.5625779107454499,,,0.32697581650461227,"equal_opportunity_gap,equalized_odds_gap",0.9699999936856329
client_scaling,5004,20,joint_dirichlet_0.3,B0,3,19,1209,303,True,True,0.7854785478547854,0.6996110729810112,0.19959473150962515,0.30151798710750677,,0.28115501519756836,"equalized_odds_gap,false_positive_rate_gap",1.0032499849330634
client_scaling,5005,3,joint_dirichlet_0.3,B0,1,0,5200,1300,True,True,0.9376923076923077,0.49595760874247885,0.011904761904761904,,,0.9642857142857143,"equal_opportunity_gap,equalized_odds_gap",2.459749986883253
client_scaling,5005,3,joint_dirichlet_0.3,B0,1,1,1456,365,True,True,0.7945205479452054,0.45555975418149997,0.010752688172043012,0.013333333333333334,0.013333333333333334,0.7920224541429475,,1.215500000398606
client_scaling,5005,3,joint_dirichlet_0.3,B0,1,2,13852,3464,True,True,0.7318129330254042,0.5844091305972225,0.01830799135284393,0.029719821942917002,0.029719821942917002,0.0001943793485567058,,3.899375005858019
client_scaling,5005,3,joint_dirichlet_0.3,B0,2,0,5200,1300,True,True,0.9376923076923077,0.49595760874247885,0.011904761904761904,,,0.9642857142857143,"equal_opportunity_gap,equalized_odds_gap",2.1939999714959413
client_scaling,5005,3,joint_dirichlet_0.3,B0,2,1,1456,365,True,True,0.7945205479452054,0.45555975418149997,0.010752688172043012,0.013333333333333334,0.013333333333333334,0.7920224541429475,,1.0834159911610186
client_scaling,5005,3,joint_dirichlet_0.3,B0,2,2,13852,3464,True,True,0.7196882217090069,0.5437712741751606,0.01832979090595309,0.04317884262896046,0.04317884262896046,0.008714371355387218,,3.5383749927859753
client_scaling,5005,3,joint_dirichlet_0.3,B0,3,0,5200,1300,True,True,0.9376923076923077,0.5074260320430359,0.022987155388471178,,,0.9515585839598997,"equal_opportunity_gap,equalized_odds_gap",2.209291997132823
client_scaling,5005,3,joint_dirichlet_0.3,B0,3,1,1456,365,True,True,0.7972602739726027,0.46889255938335694,0.021505376344086023,0.02666666666666667,0.02666666666666667,0.7812697659709045,,1.0990419832523912
client_scaling,5005,3,joint_dirichlet_0.3,B0,3,2,13852,3464,True,True,0.7168013856812933,0.536361013046815,0.01826075898777408,0.04299554857292487,0.04299554857292487,0.008645339437208244,,3.71166699915193
client_scaling,5005,5,joint_dirichlet_0.3,B0,1,0,4562,1141,True,False,0.9842243645924628,0.4960247349823322,,,,,"comparison_groups,subgroup_accuracy_gap",2.2506660025101155
client_scaling,5005,5,joint_dirichlet_0.3,B0,1,1,1000,250,True,True,0.74,0.4786821083699593,0.016736401673640166,,,0.2719665271966527,"equal_opportunity_gap,equalized_odds_gap",1.0624999995343387
client_scaling,5005,5,joint_dirichlet_0.3,B0,1,2,6484,1622,True,True,0.9247842170160296,0.49630919290957776,0.0014124293785310734,0.01639344262295082,0.01639344262295082,0.07503702484778674,,2.871833014069125
client_scaling,5005,5,joint_dirichlet_0.3,B0,1,3,1489,373,True,False,0.7962466487935657,0.7894533571004159,0.5018981880931838,0.4108771929824562,0.4108771929824562,0.09347138337647387,,1.1285829823464155
client_scaling,5005,5,joint_dirichlet_0.3,B0,1,4,6972,1744,True,False,0.7540137614678899,0.7401378959663816,0.38858060531192096,0.07727272727272727,0.2607751979528129,0.04091908585546633,,2.517459011869505
client_scaling,5005,5,joint_dirichlet_0.3,B0,2,0,4562,1141,True,False,0.9842243645924628,0.5460212201591512,,,,,"comparison_groups,subgroup_accuracy_gap",2.0181250001769513
client_scaling,5005,5,joint_dirichlet_0.3,B0,2,1,1000,250,True,True,0.74,0.4786821083699593,0.016736401673640166,,,0.2719665271966527,"equal_opportunity_gap,equalized_odds_gap",0.911374983843416
client_scaling,5005,5,joint_dirichlet_0.3,B0,2,2,6484,1622,True,True,0.9260172626387176,0.5119945442875482,0.002824858757062147,0.03278688524590164,0.03278688524590164,0.0736245954692557,,2.371917013078928
client_scaling,5005,5,joint_dirichlet_0.3,B0,2,3,1489,373,True,True,0.6836461126005362,0.6291371755982474,0.2260569456427955,0.07684210526315793,0.07684210526315793,0.44098360655737706,,1.0897079773712903
client_scaling,5005,5,joint_dirichlet_0.3,B0,2,4,6972,1744,True,True,0.7098623853211009,0.7046355204249941,0.2376578134651019,0.143560606060606,0.143560606060606,0.14018529956763426,,2.771542000118643
client_scaling,5005,5,joint_dirichlet_0.3,B0,3,0,4562,1141,True,False,0.9842243645924628,0.5460212201591512,,,,,"comparison_groups,subgroup_accuracy_gap",1.9731250067707151
client_scaling,5005,5,joint_dirichlet_0.3,B0,3,1,1000,250,True,True,0.74,0.4786821083699593,0.016736401673640166,,,0.2719665271966527,"equal_opportunity_gap,equalized_odds_gap",0.9043329919222742
client_scaling,5005,5,joint_dirichlet_0.3,B0,3,2,6484,1622,True,True,0.9266337854500617,0.5196585663269749,0.0035310734463276836,0.040983606557377046,0.040983606557377046,0.07291838077999013,,2.665499981958419
client_scaling,5005,5,joint_dirichlet_0.3,B0,3,3,1489,373,True,True,0.6380697050938338,0.5486811325320642,0.1647397181478286,0.12140350877192982,0.12140350877192982,0.533879781420765,,1.218667021021247
client_scaling,5005,5,joint_dirichlet_0.3,B0,3,4,6972,1744,True,True,0.6530963302752294,0.6300824138742234,0.1984484249536751,0.2287878787878788,0.2287878787878788,0.18409882643607156,,2.496416011126712
client_scaling,5005,10,joint_dirichlet_0.3,B0,1,0,4140,1036,True,True,0.8918918918918919,0.4967645681175511,0.004885993485342019,,,0.1824104234527687,"equal_opportunity_gap,equalized_odds_gap",2.054832992143929
client_scaling,5005,10,joint_dirichlet_0.3,B0,1,1,227,57,True,False,0.9298245614035088,0.4818181818181818,,,,,"comparison_groups,subgroup_accuracy_gap",0.839374988572672
client_scaling,5005,10,joint_dirichlet_0.3,B0,1,2,1326,332,True,False,0.7801204819277109,0.7713563335503165,0.5451281294574788,0.04761904761904767,0.2890041177367698,0.035758201760857755,,1.1072090128436685
client_scaling,5005,10,joint_dirichlet_0.3,B0,1,3,1212,303,True,True,0.7920792079207921,0.4974595234961169,0.04502923976608186,0.0,0.02136752136752129,0.48771929824561405,,0.9837909892667085
client_scaling,5005,10,joint_dirichlet_0.3,B0,1,4,1468,367,True,True,0.9836512261580381,0.4958791208791209,0.0,0.0,0.0,0.05445478723404251,,1.130791992181912
client_scaling,5005,10,joint_dirichlet_0.3,B0,1,5,6800,1701,True,True,0.7677836566725456,0.5422325781034429,0.0746761631055021,0.13658536585365855,0.13658536585365855,0.4141988421008789,,2.909583010477945
client_scaling,5005,10,joint_dirichlet_0.3,B0,1,6,4073,1019,True,True,0.9862610402355251,0.4965415019762846,0.0,0.0,0.0,0.016213795162735134,,2.098625001963228
client_scaling,5005,10,joint_dirichlet_0.3,B0,1,7,941,236,True,True,0.8050847457627118,0.4854976303317535,0.011049723756906049,0.0,,0.2541436464088398,"equalized_odds_gap,false_positive_rate_gap",0.9966249926947057
client_scaling,5005,10,joint_dirichlet_0.3,B0,1,8,188,48,True,False,0.8125,0.7922077922077921,0.48,0.0,0.6,0.27652173913043476,,0.674333015922457
client_scaling,5005,10,joint_dirichlet_0.3,B0,1,9,130,33,True,True,0.8787878787878788,0.46774193548387094,0.0,0.0,,0.17391304347826086,"equalized_odds_gap,false_positive_rate_gap",0.6418330012820661
client_scaling,5005,10,joint_dirichlet_0.3,B0,2,0,4140,1036,True,True,0.8928571428571429,0.5051956266377519,0.006514657980456026,,,0.1807817589576547,"equal_opportunity_gap,equalized_odds_gap",1.8502910097595304
client_scaling,5005,10,joint_dirichlet_0.3,B0,2,1,227,57,True,False,0.9473684210526315,0.6862385321100918,,,,,"comparison_groups,subgroup_accuracy_gap",0.6688339926768094
client_scaling,5005,10,joint_dirichlet_0.3,B0,2,2,1326,332,True,False,0.7560240963855421,0.7518615916955018,0.3924548718705425,0.3928571428571429,0.3928571428571429,0.27371993507451664,,1.0657499951776117
client_scaling,5005,10,joint_dirichlet_0.3,B0,2,3,1212,303,True,False,0.8811881188118812,0.7971887550200802,0.5649122807017544,0.18268398268398267,0.38319088319088324,0.050877192982456076,,1.1991659994237125
client_scaling,5005,10,joint_dirichlet_0.3,B0,2,4,1468,367,True,True,0.9836512261580381,0.4958791208791209,0.0,0.0,0.0,0.05445478723404251,,1.085542025975883
client_scaling,5005,10,joint_dirichlet_0.3,B0,2,5,6800,1701,True,True,0.7613168724279835,0.5143527009237485,0.05077679203631971,0.1,0.1,0.42803532008830025,,2.5800839939620346
client_scaling,5005,10,joint_dirichlet_0.3,B0,2,6,4073,1019,True,True,0.9862610402355251,0.4965415019762846,0.0,0.0,0.0,0.016213795162735134,,1.7715000140015036
client_scaling,5005,10,joint_dirichlet_0.3,B0,2,7,941,236,True,True,0.847457627118644,0.7440655500662731,0.0034153691612255344,0.13356117566643888,,0.014465092918131695,"equalized_odds_gap,false_positive_rate_gap",0.9120840113610029
client_scaling,5005,10,joint_dirichlet_0.3,B0,2,8,188,48,True,True,0.7083333333333334,0.7037037037037037,0.23478260869565215,0.3454545454545455,0.3454545454545455,0.44173913043478263,,0.6767919985577464
client_scaling,5005,10,joint_dirichlet_0.3,B0,2,9,130,33,True,True,0.9393939393939394,0.8166666666666667,0.08695652173913049,0.0,,0.08695652173913049,"equalized_odds_gap,false_positive_rate_gap",0.7818749872967601
client_scaling,5005,10,joint_dirichlet_0.3,B0,3,0,4140,1036,True,True,0.8918918918918919,0.5046448087431694,0.008143322475570033,,,0.1824104234527687,"equal_opportunity_gap,equalized_odds_gap",1.8336659995839
client_scaling,5005,10,joint_dirichlet_0.3,B0,3,1,227,57,True,False,0.8421052631578947,0.6092916984006094,,,,,"comparison_groups,subgroup_accuracy_gap",0.668874999973923
client_scaling,5005,10,joint_dirichlet_0.3,B0,3,2,1326,332,True,False,0.6837349397590361,0.6637180093186577,0.29004967783188235,0.07142857142857145,0.07167912154948909,0.3856672077123604,,1.0182499827351421
client_scaling,5005,10,joint_dirichlet_0.3,B0,3,3,1212,303,True,False,0.7821782178217822,0.7241198543207151,0.5456140350877193,0.20086580086580086,0.3333333333333333,0.1134502923976608,,0.9798750106710941
client_scaling,5005,10,joint_dirichlet_0.3,B0,3,4,1468,367,True,True,0.9836512261580381,0.4958791208791209,0.0,0.0,0.0,0.05445478723404251,,1.0827920050360262
client_scaling,5005,10,joint_dirichlet_0.3,B0,3,5,6800,1701,True,True,0.7601410934744268,0.5102880658436214,0.04826106876587946,0.0951219512195122,0.0951219512195122,0.4305510433587405,,2.640874998178333
client_scaling,5005,10,joint_dirichlet_0.3,B0,3,6,4073,1019,True,True,0.9862610402355251,0.4965415019762846,0.0,0.0,0.0,0.016213795162735134,,1.7651669913902879
client_scaling,5005,10,joint_dirichlet_0.3,B0,3,7,941,236,True,True,0.7161016949152542,0.6639105575275788,0.2100452034153692,0.3681476418318524,,0.3647413360120542,"equalized_odds_gap,false_positive_rate_gap",0.8772500150371343
client_scaling,5005,10,joint_dirichlet_0.3,B0,3,8,188,48,True,True,0.6458333333333334,0.6262024736601008,0.18434782608695655,0.2818181818181818,0.2818181818181818,0.5721739130434783,,0.6390000053215772
client_scaling,5005,10,joint_dirichlet_0.3,B0,3,9,130,33,True,False,0.8181818181818182,0.6944444444444444,0.34782608695652173,0.26315789473684215,,0.26086956521739135,"equalized_odds_gap,false_positive_rate_gap",0.6150830013211817
client_scaling,5005,20,joint_dirichlet_0.3,B0,1,0,1416,354,True,True,0.9576271186440678,0.547969694390057,0.09090909090909091,0.125,0.125,0.6130400212032865,,1.2665840040426701
client_scaling,5005,20,joint_dirichlet_0.3,B0,1,1,640,161,True,False,0.8571428571428571,0.46153846153846156,,,,,"comparison_groups,subgroup_accuracy_gap",1.0770829976536334
client_scaling,5005,20,joint_dirichlet_0.3,B0,1,2,636,160,True,True,0.85,0.4594594594594595,0.0,0.0,0.0,0.03809523809523807,,0.9535410208627582
client_scaling,5005,20,joint_dirichlet_0.3,B0,1,3,72,18,True,False,0.8333333333333334,0.45454545454545453,,,,,"comparison_groups,subgroup_accuracy_gap",0.637416000245139
client_scaling,5005,20,joint_dirichlet_0.3,B0,1,4,655,164,True,True,0.8658536585365854,0.46405228758169936,0.0,,,0.41509433962264153,"equal_opportunity_gap,equalized_odds_gap",0.909959024284035
client_scaling,5005,20,joint_dirichlet_0.3,B0,1,5,2828,708,True,True,0.9759887005649718,0.49392423159399573,0.0,0.0,0.0,0.08349247574669616,,1.5517919964622706
client_scaling,5005,20,joint_dirichlet_0.3,B0,1,6,1101,276,True,True,0.7355072463768116,0.6927112724388793,0.14993306559571623,,,0.17001338688085676,"equal_opportunity_gap,equalized_odds_gap",1.222332997713238
client_scaling,5005,20,joint_dirichlet_0.3,B0,1,7,58,15,True,False,0.8666666666666667,0.8660714285714286,,,,,"comparison_groups,subgroup_accuracy_gap",0.6549580139108002
client_scaling,5005,20,joint_dirichlet_0.3,B0,1,8,2252,564,True,False,0.7109929078014184,0.6061435640383008,,,,,"comparison_groups,subgroup_accuracy_gap",1.3177920191083103
client_scaling,5005,20,joint_dirichlet_0.3,B0,1,9,796,200,True,True,0.745,0.47828755562375325,0.06976744186046512,0.07894736842105263,0.07894736842105263,0.7120426603466153,,0.8461659890599549
client_scaling,5005,20,joint_dirichlet_0.3,B0,1,10,1907,477,True,True,0.9119496855345912,0.49965034965034966,0.0021413276231263384,0.030303030303030304,,0.9314775160599572,"equalized_odds_gap,false_positive_rate_gap",1.1740830086637288
client_scaling,5005,20,joint_dirichlet_0.3,B0,1,11,1216,305,True,True,0.7344262295081967,0.5716960524262755,0.0835832083958021,0.1705426356589147,0.1705426356589147,0.011369315342328878,,0.9702920215204358
client_scaling,5005,20,joint_dirichlet_0.3,B0,1,12,1836,460,True,False,0.758695652173913,0.7497439114644344,,,,,"comparison_groups,subgroup_accuracy_gap",1.2724580010399222
client_scaling,5005,20,joint_dirichlet_0.3,B0,1,13,665,167,True,True,0.9221556886227545,0.4797507788161994,0.0,,,0.1585365853658537,"equal_opportunity_gap,equalized_odds_gap",0.998957984847948
client_scaling,5005,20,joint_dirichlet_0.3,B0,1,14,946,237,True,False,0.8734177215189873,0.8724160206718347,0.7020417853751186,0.30337552742616036,0.30337552742616036,0.0985280151946818,,1.055125001585111
client_scaling,5005,20,joint_dirichlet_0.3,B0,1,15,487,122,True,False,0.8032786885245902,0.7998359310910583,,,,,"comparison_groups,subgroup_accuracy_gap",0.8072910131886601
client_scaling,5005,20,joint_dirichlet_0.3,B0,1,16,214,54,True,False,0.9259259259259259,0.6470588235294118,,,,,"comparison_groups,subgroup_accuracy_gap",0.6572080019395798
client_scaling,5005,20,joint_dirichlet_0.3,B0,1,17,748,188,True,True,0.9627659574468085,0.4905149051490515,0.0,0.0,0.0,0.02203761393792547,,1.1432920000515878
client_scaling,5005,20,joint_dirichlet_0.3,B0,1,18,322,81,True,True,0.7160493827160493,0.7012987012987013,0.18028169014084505,0.4242424242424242,0.4242424242424242,0.20985915492957752,,0.7268750050570816
client_scaling,5005,20,joint_dirichlet_0.3,B0,1,19,1704,427,True,True,0.9625292740046838,0.4904534606205251,0.0,,,1.0,"equal_opportunity_gap,equalized_odds_gap,false_positive_rate_gap",1.1273330019321293
client_scaling,5005,20,joint_dirichlet_0.3,B0,2,0,1416,354,True,True,0.9576271186440678,0.547969694390057,0.09090909090909091,0.125,0.125,0.6130400212032865,,1.1954590154346079
client_scaling,5005,20,joint_dirichlet_0.3,B0,2,1,640,161,True,False,0.8695652173913043,0.5446464646464646,,,,,"comparison_groups,subgroup_accuracy_gap",0.8298750035464764
client_scaling,5005,20,joint_dirichlet_0.3,B0,2,2,636,160,True,True,0.85,0.4594594594594595,0.0,0.0,0.0,0.03809523809523807,,0.815125007648021
client_scaling,5005,20,joint_dirichlet_0.3,B0,2,3,72,18,True,False,0.8333333333333334,0.45454545454545453,,,,,"comparison_groups,subgroup_accuracy_gap",0.6021669832989573
client_scaling,5005,20,joint_dirichlet_0.3,B0,2,4,655,164,True,True,0.8658536585365854,0.46405228758169936,0.0,,,0.41509433962264153,"equal_opportunity_gap,equalized_odds_gap",0.886458990862593
client_scaling,5005,20,joint_dirichlet_0.3,B0,2,5,2828,708,True,True,0.9759887005649718,0.49392423159399573,0.0,0.0,0.0,0.08349247574669616,,1.5011249925009906
client_scaling,5005,20,joint_dirichlet_0.3,B0,2,6,1101,276,True,True,0.7065217391304348,0.6067892005980124,0.1285140562248996,,,0.32530120481927716,"equal_opportunity_gap,equalized_odds_gap",0.9583750215824693
client_scaling,5005,20,joint_dirichlet_0.3,B0,2,7,58,15,True,False,0.8666666666666667,0.8611111111111112,,,,,"comparison_groups,subgroup_accuracy_gap",0.5995420215185732
client_scaling,5005,20,joint_dirichlet_0.3,B0,2,8,2252,564,True,False,0.7411347517730497,0.7320229107003384,,,,,"comparison_groups,subgroup_accuracy_gap",1.298334012972191
client_scaling,5005,20,joint_dirichlet_0.3,B0,2,9,796,200,True,True,0.74,0.46013289036544847,0.046511627906976744,0.05263157894736842,0.05263157894736842,0.7352984743001036,,0.9739590168464929
client_scaling,5005,20,joint_dirichlet_0.3,B0,2,10,1907,477,True,True,0.9119496855345912,0.49965034965034966,0.0021413276231263384,0.030303030303030304,,0.9314775160599572,"equalized_odds_gap,false_positive_rate_gap",1.156042009824887
client_scaling,5005,20,joint_dirichlet_0.3,B0,2,11,1216,305,True,True,0.7213114754098361,0.5383807268389096,0.05997001499250375,0.12209302325581395,0.12209302325581395,0.03498250874562714,,0.9553339914418757
client_scaling,5005,20,joint_dirichlet_0.3,B0,2,12,1836,460,True,False,0.7043478260869566,0.6914639679627548,,,,,"comparison_groups,subgroup_accuracy_gap",1.123250025557354
client_scaling,5005,20,joint_dirichlet_0.3,B0,2,13,665,167,True,True,0.9221556886227545,0.4797507788161994,0.0,,,0.1585365853658537,"equal_opportunity_gap,equalized_odds_gap",0.866917020175606
client_scaling,5005,20,joint_dirichlet_0.3,B0,2,14,946,237,True,False,0.729957805907173,0.6980891719745224,0.38580246913580246,0.1476793248945148,0.1476793248945148,0.3587369420702754,,0.9037909912876785
client_scaling,5005,20,joint_dirichlet_0.3,B0,2,15,487,122,True,False,0.6311475409836066,0.609057893612476,,,,,"comparison_groups,subgroup_accuracy_gap",0.788332981755957
client_scaling,5005,20,joint_dirichlet_0.3,B0,2,16,214,54,True,False,0.9444444444444444,0.8181818181818181,,,,,"comparison_groups,subgroup_accuracy_gap",0.6497499998658895
client_scaling,5005,20,joint_dirichlet_0.3,B0,2,17,748,188,True,True,0.9627659574468085,0.4905149051490515,0.0,0.0,0.0,0.02203761393792547,,0.8649590017739683
client_scaling,5005,20,joint_dirichlet_0.3,B0,2,18,322,81,True,True,0.7407407407407407,0.6927939317319849,0.09718309859154928,0.6060606060606061,0.6060606060606061,0.295774647887324,,0.834249978652224
client_scaling,5005,20,joint_dirichlet_0.3,B0,2,19,1704,427,True,True,0.9625292740046838,0.4904534606205251,0.0,,,1.0,"equal_opportunity_gap,equalized_odds_gap,false_positive_rate_gap",1.1222499888390303
client_scaling,5005,20,joint_dirichlet_0.3,B0,3,0,1416,354,True,True,0.9576271186440678,0.5943778168207166,0.1789027299231381,0.25,0.25,0.5192154783991518,,1.0377499856986105
client_scaling,5005,20,joint_dirichlet_0.3,B0,3,1,640,161,True,False,0.8633540372670807,0.5397609147609148,,,,,"comparison_groups,subgroup_accuracy_gap",0.8390419825445861
client_scaling,5005,20,joint_dirichlet_0.3,B0,3,2,636,160,True,True,0.85,0.4594594594594595,0.0,0.0,0.0,0.03809523809523807,,0.8482080011162907
client_scaling,5005,20,joint_dirichlet_0.3,B0,3,3,72,18,True,False,0.8333333333333334,0.45454545454545453,,,,,"comparison_groups,subgroup_accuracy_gap",0.6035419937688857
client_scaling,5005,20,joint_dirichlet_0.3,B0,3,4,655,164,True,True,0.8597560975609756,0.46229508196721314,0.009009009009009009,,,0.4060853306136325,"equal_opportunity_gap,equalized_odds_gap",0.8277079905383289
client_scaling,5005,20,joint_dirichlet_0.3,B0,3,5,2828,708,True,True,0.9759887005649718,0.49392423159399573,0.0,0.0,0.0,0.08349247574669616,,1.5816249942872673
client_scaling,5005,20,joint_dirichlet_0.3,B0,3,6,1101,276,True,True,0.6920289855072463,0.5746224003191238,0.10441767068273092,,,0.3413654618473896,"equal_opportunity_gap,equalized_odds_gap",0.9369170002173632
client_scaling,5005,20,joint_dirichlet_0.3,B0,3,7,58,15,True,False,0.6666666666666666,0.6031746031746031,,,,,"comparison_groups,subgroup_accuracy_gap",0.5910829931963235
client_scaling,5005,20,joint_dirichlet_0.3,B0,3,8,2252,564,True,False,0.6666666666666666,0.6666289379362385,,,,,"comparison_groups,subgroup_accuracy_gap",1.2740420061163604
client_scaling,5005,20,joint_dirichlet_0.3,B0,3,9,796,200,True,True,0.74,0.46013289036544847,0.046511627906976744,0.05263157894736842,0.05263157894736842,0.7352984743001036,,0.82487499457784
client_scaling,5005,20,joint_dirichlet_0.3,B0,3,10,1907,477,True,True,0.9140461215932913,0.5218921892189219,0.004282655246252677,0.06060606060606061,,0.9336188436830836,"equalized_odds_gap,false_positive_rate_gap",1.136832986958325
client_scaling,5005,20,joint_dirichlet_0.3,B0,3,11,1216,305,True,True,0.7147540983606557,0.5209337594107133,0.029110444777611197,0.0503875968992248,0.0503875968992248,0.06584207896051975,,0.9504159970674664
client_scaling,5005,20,joint_dirichlet_0.3,B0,3,12,1836,460,True,False,0.6391304347826087,0.5999245536088524,,,,,"comparison_groups,subgroup_accuracy_gap",1.1364160163793713
client_scaling,5005,20,joint_dirichlet_0.3,B0,3,13,665,167,True,True,0.9221556886227545,0.4797507788161994,0.0,,,0.1585365853658537,"equal_opportunity_gap,equalized_odds_gap",0.9544999920763075
client_scaling,5005,20,joint_dirichlet_0.3,B0,3,14,946,237,True,True,0.6708860759493671,0.6078822331579841,0.2573599240265907,0.08312236286919833,0.08312236286919833,0.5128205128205128,,0.8691669791005552
client_scaling,5005,20,joint_dirichlet_0.3,B0,3,15,487,122,True,False,0.6229508196721312,0.5869885192817191,,,,,"comparison_groups,subgroup_accuracy_gap",0.7566669955849648
client_scaling,5005,20,joint_dirichlet_0.3,B0,3,16,214,54,True,False,0.9074074074074074,0.8064516129032258,,,,,"comparison_groups,subgroup_accuracy_gap",0.6305830029305071
client_scaling,5005,20,joint_dirichlet_0.3,B0,3,17,748,188,True,True,0.9627659574468085,0.4905149051490515,0.0,0.0,0.0,0.02203761393792547,,0.8490830077789724
client_scaling,5005,20,joint_dirichlet_0.3,B0,3,18,322,81,True,True,0.691358024691358,0.6042603087746726,0.1267605633802817,0.2727272727272727,0.2727272727272727,0.23802816901408452,,0.7286669861059636
client_scaling,5005,20,joint_dirichlet_0.3,B0,3,19,1704,427,True,True,0.9601873536299765,0.48984468339307047,0.0024330900243309003,,,0.9975669099756691,"equal_opportunity_gap,equalized_odds_gap,false_positive_rate_gap",1.1304589861538261
