scenario_id,seed,client_count,partition,method,round,client_id,train_samples,evaluation_samples,valid_update,approved,accuracy,macro_f1,demographic_parity_gap,equal_opportunity_gap,equalized_odds_gap,subgroup_accuracy_gap,undefined_metrics,runtime_ms
heterogeneity_entropy,6001,10,iid,B0,1,0,2051,513,True,True,0.7602339181286549,0.4943382618103137,0.00812471789173987,0.049707602339181284,0.049707602339181284,0.21197180653449532,,14.516583003569394
heterogeneity_entropy,6001,10,iid,B0,1,1,2051,513,True,True,0.7758284600389863,0.5215056815877624,0.005401128388606027,0.07298907646474677,0.07298907646474677,0.1842920049539012,,1.5290000010281801
heterogeneity_entropy,6001,10,iid,B0,1,2,2051,513,True,True,0.7777777777777778,0.47712967598884204,0.01744186046511628,0.05,0.05,0.17256089170221556,,1.990082993870601
heterogeneity_entropy,6001,10,iid,B0,1,3,2051,513,True,True,0.7680311890838206,0.4924803591470258,0.017133363331141183,0.005396654074473831,0.005396654074473831,0.20187947803814343,,1.859375013737008
heterogeneity_entropy,6001,10,iid,B0,1,4,2051,513,True,True,0.7524366471734892,0.48403012615923147,0.029239766081871343,0.07207207207207207,0.07207207207207207,0.19590643274853803,,1.6244160069618374
heterogeneity_entropy,6001,10,iid,B0,1,5,2051,513,True,True,0.7543859649122807,0.46597818902842036,0.00020641254988303277,0.02342529932326913,0.02342529932326913,0.21626874913994776,,1.2347919982858002
heterogeneity_entropy,6001,10,iid,B0,1,6,2051,513,True,True,0.7602339181286549,0.48821912030691117,0.019134420637458696,0.014220183486238533,0.014220183486238533,0.1742884553885513,,2.5502080097794533
heterogeneity_entropy,6001,10,iid,B0,1,7,2050,513,True,True,0.7777777777777778,0.47712967598884204,0.014534883720930232,0.050505050505050504,0.050505050505050504,0.15491261868721617,,1.2424169981386513
heterogeneity_entropy,6001,10,iid,B0,1,8,2050,513,True,True,0.7504873294346979,0.5161803713527852,0.0295952932786593,0.011937557392102838,0.01282051282051282,0.21422713496166879,,1.2194169976282865
heterogeneity_entropy,6001,10,iid,B0,1,9,2050,513,True,True,0.7738791423001949,0.5143948296122209,0.022913710151950435,0.04978354978354978,0.04978354978354978,0.14881797099442728,,1.1936249793507159
heterogeneity_entropy,6001,10,iid,B0,2,0,2051,513,True,True,0.7582846003898636,0.4871654305062883,0.005242873511336413,0.05847953216374269,0.05847953216374269,0.21485365091489883,,1.2096250138711184
heterogeneity_entropy,6001,10,iid,B0,2,1,2051,513,True,True,0.7738791423001949,0.5202515317639471,0.008308105132792076,0.07298907646474677,0.07298907646474677,0.18719898169808724,,1.1855829798150808
heterogeneity_entropy,6001,10,iid,B0,2,2,2051,513,True,True,0.783625730994152,0.5012568645826947,0.017338654190174763,0.014444444444444454,0.014444444444444454,0.1726640979771571,,1.2136250152252614
heterogeneity_entropy,6001,10,iid,B0,2,3,2051,513,True,True,0.7660818713450293,0.49140779907468607,0.020023536741545812,0.005396654074473831,0.008438818565400843,0.20476965144854797,,1.1881660029757768
heterogeneity_entropy,6001,10,iid,B0,2,4,2051,513,True,True,0.7524366471734892,0.48403012615923147,0.029239766081871343,0.07207207207207207,0.07207207207207207,0.19590643274853803,,1.1707090015988797
heterogeneity_entropy,6001,10,iid,B0,2,5,2051,513,True,True,0.7563352826510721,0.47989747998669835,0.00030961882482455,0.07339927121290994,0.07339927121290994,0.2221859089032613,,1.174291013740003
heterogeneity_entropy,6001,10,iid,B0,2,6,2051,513,True,True,0.7602339181286549,0.48821912030691117,0.019134420637458696,0.014220183486238533,0.014220183486238533,0.1742884553885513,,1.1773339938372374
heterogeneity_entropy,6001,10,iid,B0,2,7,2050,513,True,True,0.7816764132553606,0.5001391982182628,0.008514517682675108,0.0207070707070707,0.0207070707070707,0.14909866519884407,,1.226667023729533
heterogeneity_entropy,6001,10,iid,B0,2,8,2050,513,True,True,0.746588693957115,0.49799771167048057,0.027473702977357815,0.027089072543618004,0.027089072543618004,0.21071492244606882,,1.2175410229247063
heterogeneity_entropy,6001,10,iid,B0,2,9,2050,513,True,True,0.7738791423001949,0.5143948296122209,0.022913710151950435,0.04978354978354978,0.04978354978354978,0.14881797099442728,,1.2030419893562794
heterogeneity_entropy,6001,10,iid,B0,3,0,2051,513,True,True,0.7582846003898636,0.4871654305062883,0.005242873511336413,0.05847953216374269,0.05847953216374269,0.21485365091489883,,1.1740829795598984
heterogeneity_entropy,6001,10,iid,B0,3,1,2051,513,True,True,0.7758284600389863,0.5272268301478543,0.01121508187697812,0.06355511420059581,0.06355511420059581,0.1842920049539012,,1.1695839930325747
heterogeneity_entropy,6001,10,iid,B0,3,2,2051,513,True,True,0.7875243664717348,0.5230756109002516,0.020142424659419296,0.02111111111111111,0.02111111111111111,0.17567428099628457,,1.1587500048335642
heterogeneity_entropy,6001,10,iid,B0,3,3,2051,513,True,True,0.7660818713450293,0.4976498237367803,0.025803883562355058,0.014570966001079336,0.014570966001079336,0.20476965144854797,,1.159332983661443
heterogeneity_entropy,6001,10,iid,B0,3,4,2051,513,True,True,0.7524366471734892,0.4899917805002153,0.02631578947368421,0.08108108108108109,0.08108108108108109,0.1871345029239766,,1.1568330228328705
heterogeneity_entropy,6001,10,iid,B0,3,5,2051,513,True,True,0.7543859649122807,0.4788939051918736,0.002597357919361498,0.07339927121290994,0.07339927121290994,0.22509288564744734,,1.1944170109927654
heterogeneity_entropy,6001,10,iid,B0,3,6,2051,513,True,True,0.7602339181286549,0.48821912030691117,0.019134420637458696,0.014220183486238533,0.014220183486238533,0.1742884553885513,,1.1647079954855144
heterogeneity_entropy,6001,10,iid,B0,3,7,2050,513,True,True,0.783625730994152,0.5143247046782379,0.008411311407733591,0.04090909090909091,0.04090909090909091,0.13736755194715844,,1.1527919850777835
heterogeneity_entropy,6001,10,iid,B0,3,8,2050,513,True,True,0.746588693957115,0.49799771167048057,0.027473702977357815,0.027089072543618004,0.027089072543618004,0.21071492244606882,,1.1732919956557453
heterogeneity_entropy,6001,10,iid,B0,3,9,2050,513,True,True,0.7738791423001949,0.5143948296122209,0.022913710151950435,0.04978354978354978,0.04978354978354978,0.14881797099442728,,1.1450409947428852
heterogeneity_entropy,6001,10,iid,B0,4,0,2051,513,True,True,0.7563352826510721,0.4861161197259286,0.00812471789173987,0.05847953216374269,0.05847953216374269,0.21773549529530223,,1.193333009723574
heterogeneity_entropy,6001,10,iid,B0,4,1,2051,513,True,True,0.7777777777777778,0.5341119112867249,0.014122058621164165,0.05412115193644487,0.05412115193644487,0.18138502820971514,,1.2278750073164701
heterogeneity_entropy,6001,10,iid,B0,4,2,2051,513,True,True,0.7894736842105263,0.5305064063453325,0.02304940140360534,0.0111111111111111,0.0111111111111111,0.17276730425209852,,1.219083002069965
heterogeneity_entropy,6001,10,iid,B0,4,3,2051,513,True,True,0.7680311890838206,0.5048624009473368,0.02869405697275968,0.02374527792768484,0.02374527792768484,0.20187947803814343,,1.172415999462828
heterogeneity_entropy,6001,10,iid,B0,4,4,2051,513,True,True,0.7524366471734892,0.4899917805002153,0.02631578947368421,0.08108108108108109,0.08108108108108109,0.1871345029239766,,1.2417089892551303
heterogeneity_entropy,6001,10,iid,B0,4,5,2051,513,True,True,0.7543859649122807,0.4788939051918736,0.002597357919361498,0.07339927121290994,0.07339927121290994,0.22509288564744734,,1.2435840035323054
heterogeneity_entropy,6001,10,iid,B0,4,6,2051,513,True,True,0.7602339181286549,0.48821912030691117,0.019134420637458696,0.014220183486238533,0.014220183486238533,0.1742884553885513,,1.1961659765802324
heterogeneity_entropy,6001,10,iid,B0,4,7,2050,513,True,True,0.7855750487329435,0.5278930459808581,0.01713224164029173,0.0611111111111111,0.0611111111111111,0.1344605752029724,,1.2189160042908043
heterogeneity_entropy,6001,10,iid,B0,4,8,2050,513,True,True,0.7446393762183235,0.49686678795229433,0.030290604385808523,0.027089072543618004,0.027089072543618004,0.21353182385451952,,1.2135830183979124
heterogeneity_entropy,6001,10,iid,B0,4,9,2050,513,True,True,0.7758284600389863,0.5215056815877624,0.025803883562355058,0.05930735930735931,0.05930735930735931,0.14592779758402274,,1.2155419972259551
heterogeneity_entropy,6001,10,iid,B0,5,0,2051,513,True,True,0.7563352826510721,0.4861161197259286,0.00812471789173987,0.05847953216374269,0.05847953216374269,0.21773549529530223,,1.1938329844269902
heterogeneity_entropy,6001,10,iid,B0,5,1,2051,513,True,True,0.7797270955165692,0.54090869492908,0.017029035365350217,0.04468718967229393,0.04468718967229393,0.1784780514655292,,1.2437920086085796
heterogeneity_entropy,6001,10,iid,B0,5,2,2051,513,True,True,0.7894736842105263,0.5305064063453325,0.02304940140360534,0.0111111111111111,0.0111111111111111,0.17276730425209852,,1.35162501828745
heterogeneity_entropy,6001,10,iid,B0,5,3,2051,513,True,True,0.7699805068226121,0.5119800064495323,0.03158423038316431,0.032919589854290346,0.032919589854290346,0.19898930462773878,,1.334542001131922
heterogeneity_entropy,6001,10,iid,B0,5,4,2051,513,True,True,0.7543859649122807,0.4969022415940224,0.029239766081871343,0.09009009009009009,0.09009009009009009,0.18421052631578938,,1.297209004405886
heterogeneity_entropy,6001,10,iid,B0,5,5,2051,513,True,True,0.7563352826510721,0.4861161197259286,0.005504334663547543,0.06454971369078605,0.06454971369078605,0.2221859089032613,,1.2163329811301082
heterogeneity_entropy,6001,10,iid,B0,5,6,2051,513,True,True,0.7602339181286549,0.48821912030691117,0.019134420637458696,0.014220183486238533,0.014220183486238533,0.1742884553885513,,1.2365830189082772
heterogeneity_entropy,6001,10,iid,B0,5,7,2050,513,True,True,0.783625730994152,0.5324608146609411,0.017029035365350217,0.07121212121212121,0.07121212121212121,0.12854341543965875,,1.3091250148136169
heterogeneity_entropy,6001,10,iid,B0,5,8,2050,513,True,True,0.7485380116959064,0.5098181548831525,0.03592440720270993,0.043617998163452715,0.043617998163452715,0.20789802103761812,,1.192625000840053
heterogeneity_entropy,6001,10,iid,B0,5,9,2050,513,True,True,0.7797270955165692,0.5354489722322394,0.03158423038316431,0.07835497835497836,0.07835497835497836,0.14014745076321344,,1.1757089814636856
heterogeneity_entropy,6001,10,joint_dirichlet_1.0,B0,1,0,2207,552,True,True,0.9130434782608695,0.4772727272727273,0.0,0.0,0.0,0.277067200782248,,1.9741659925784916
heterogeneity_entropy,6001,10,joint_dirichlet_1.0,B0,1,1,1008,253,True,True,0.7944664031620553,0.7889231164163779,0.26157253599114066,0.30303030303030304,0.30303030303030304,0.004540420819490576,,0.9884580213110894
heterogeneity_entropy,6001,10,joint_dirichlet_1.0,B0,1,2,441,111,True,True,0.7027027027027027,0.6991869918699187,0.10603829160530198,0.13319238900634245,0.25925925925925924,0.06848306332842413,,0.8735000155866146
heterogeneity_entropy,6001,10,joint_dirichlet_1.0,B0,1,3,4359,1090,True,False,0.7834862385321101,0.7641635709544572,0.3678636324305616,0.25662276718135024,0.25662276718135024,0.15284243315739376,,1.9757910049520433
heterogeneity_entropy,6001,10,joint_dirichlet_1.0,B0,1,4,3500,876,True,True,0.791095890410959,0.4766905511939543,0.011049723756906077,0.03723404255319149,0.03723404255319149,0.2448022681011922,,1.652375009143725
heterogeneity_entropy,6001,10,joint_dirichlet_1.0,B0,1,5,1116,279,True,True,0.8853046594982079,0.4988774135608442,0.0024857203300190393,0.125,0.125,0.1725724561032368,,0.9527920046821237
heterogeneity_entropy,6001,10,joint_dirichlet_1.0,B0,1,6,1372,344,True,True,0.936046511627907,0.48348348348348347,0.0,0.0,0.0,0.1831896551724138,,1.1063749843742698
heterogeneity_entropy,6001,10,joint_dirichlet_1.0,B0,1,7,1144,286,True,False,0.7517482517482518,0.6997708287129445,0.3033817843684236,0.3152709359605912,0.3152709359605912,0.2030538834238732,,0.9761670080479234
heterogeneity_entropy,6001,10,joint_dirichlet_1.0,B0,1,8,2691,673,True,True,0.8736998514115899,0.4662965900079302,0.0,0.0,0.0,0.20023353488540496,,1.4927499869372696
heterogeneity_entropy,6001,10,joint_dirichlet_1.0,B0,1,9,2668,667,True,True,0.7331334332833583,0.4807840324668509,0.02009273570324575,0.06896551724137931,0.06896551724137931,0.49806800618238023,,1.3798750005662441
heterogeneity_entropy,6001,10,joint_dirichlet_1.0,B0,2,0,2207,552,True,True,0.9130434782608695,0.4772727272727273,0.0,0.0,0.0,0.277067200782248,,1.2529169907793403
heterogeneity_entropy,6001,10,joint_dirichlet_1.0,B0,2,1,1008,253,True,True,0.6877470355731226,0.6326256777869681,0.18626799557032114,0.2828282828282829,0.2828282828282829,0.09601328903654494,,0.8840000082273036
heterogeneity_entropy,6001,10,joint_dirichlet_1.0,B0,2,2,441,111,True,True,0.6756756756756757,0.6482394366197184,0.1045655375552283,0.2832980972515856,0.2832980972515856,0.3645066273932253,,0.7460839988198131
heterogeneity_entropy,6001,10,joint_dirichlet_1.0,B0,2,3,4359,1090,True,True,0.6908256880733945,0.608013667712803,0.16076836549277493,0.09411898274296096,0.09411898274296096,0.29680712987799607,,1.8280420044902712
heterogeneity_entropy,6001,10,joint_dirichlet_1.0,B0,2,4,3500,876,True,True,0.7945205479452054,0.4963909294155222,0.017955801104972375,0.05851063829787234,0.05851063829787234,0.24065862169235241,,1.5783340204507113
heterogeneity_entropy,6001,10,joint_dirichlet_1.0,B0,2,5,1116,279,True,True,0.8817204301075269,0.4970226714012565,0.011106409985191454,0.125,0.125,0.18119314575840917,,0.9386250167153776
heterogeneity_entropy,6001,10,joint_dirichlet_1.0,B0,2,6,1372,344,True,True,0.9331395348837209,0.48270676691729325,0.008928571428571428,0.0,0.01098901098901099,0.1921182266009852,,0.9941249736584723
heterogeneity_entropy,6001,10,joint_dirichlet_1.0,B0,2,7,1144,286,True,True,0.7097902097902098,0.6016779931202282,0.1832819458718739,0.2512315270935961,0.2512315270935961,0.2846865364850977,,1.155083009507507
heterogeneity_entropy,6001,10,joint_dirichlet_1.0,B0,2,8,2691,673,True,True,0.87518573551263,0.48934094522329813,0.0016202614142438172,0.024390243902439025,0.024390243902439025,0.19157101995003445,,1.3908749970141798
heterogeneity_entropy,6001,10,joint_dirichlet_1.0,B0,2,9,2668,667,True,True,0.7331334332833583,0.4890604558286855,0.02627511591962906,0.08045977011494253,0.08045977011494253,0.49806800618238023,,1.3829999952577055
heterogeneity_entropy,6001,10,joint_dirichlet_1.0,B0,3,0,2207,552,True,True,0.9130434782608695,0.4772727272727273,0.0,0.0,0.0,0.277067200782248,,1.3181249960325658
heterogeneity_entropy,6001,10,joint_dirichlet_1.0,B0,3,1,1008,253,True,True,0.6600790513833992,0.5826043585021485,0.13388704318936878,0.1919191919191919,0.1919191919191919,0.12934662236987826,,0.9103339980356395
heterogeneity_entropy,6001,10,joint_dirichlet_1.0,B0,3,2,441,111,True,True,0.6216216216216216,0.5618421052631579,0.16494845360824742,0.32558139534883723,0.32558139534883723,0.46612665684830634,,0.753250002162531
heterogeneity_entropy,6001,10,joint_dirichlet_1.0,B0,3,3,4359,1090,True,True,0.6678899082568808,0.5630072296842329,0.12389028294540107,0.06494096276112626,0.06494096276112626,0.3286319979233364,,1.8545000057201833
heterogeneity_entropy,6001,10,joint_dirichlet_1.0,B0,3,4,3500,876,True,True,0.795662100456621,0.5013340880975172,0.019337016574585635,0.06382978723404255,0.06382978723404255,0.2392774062227392,,1.5924170147627592
heterogeneity_entropy,6001,10,joint_dirichlet_1.0,B0,3,5,1116,279,True,True,0.8817204301075269,0.4970226714012565,0.011106409985191454,0.125,0.125,0.18119314575840917,,0.9354579960927367
heterogeneity_entropy,6001,10,joint_dirichlet_1.0,B0,3,6,1372,344,True,True,0.9331395348837209,0.48270676691729325,0.008928571428571428,0.0,0.01098901098901099,0.1921182266009852,,1.0016669984906912
heterogeneity_entropy,6001,10,joint_dirichlet_1.0,B0,3,7,1144,286,True,True,0.6993006993006993,0.5809309616302051,0.1628737826065678,0.21674876847290642,0.21674876847290642,0.3050946997504038,,0.935334013774991
heterogeneity_entropy,6001,10,joint_dirichlet_1.0,B0,3,8,2691,673,True,True,0.8781575037147102,0.5118011323425335,0.006761649589051014,0.04878048780487805,0.04878048780487805,0.1864296317752272,,1.37945800088346
heterogeneity_entropy,6001,10,joint_dirichlet_1.0,B0,3,9,2668,667,True,True,0.7376311844077961,0.5035619351408825,0.030911901081916538,0.09770114942528736,0.09770114942528736,0.5027047913446677,,1.363166986266151
heterogeneity_entropy,6001,10,joint_dirichlet_1.0,B0,4,0,2207,552,True,True,0.9130434782608695,0.4772727272727273,0.0,0.0,0.0,0.277067200782248,,1.253166003152728
heterogeneity_entropy,6001,10,joint_dirichlet_1.0,B0,4,1,1008,253,True,True,0.6600790513833992,0.5753708040593286,0.11483942414174973,0.17171717171717174,0.17171717171717174,0.12934662236987826,,0.879166997037828
heterogeneity_entropy,6001,10,joint_dirichlet_1.0,B0,4,2,441,111,True,False,0.6126126126126126,0.5478829212844558,0.15463917525773196,0.3023255813953488,0.3023255813953488,0.4558173784977908,,0.7496659818571061
heterogeneity_entropy,6001,10,joint_dirichlet_1.0,B0,4,3,4359,1090,True,True,0.6633027522935779,0.5499673188276177,0.11096305269533616,0.0736451710566152,0.0736451710566152,0.32896080297655095,,1.8361250113230199
heterogeneity_entropy,6001,10,joint_dirichlet_1.0,B0,4,4,3500,876,True,True,0.7990867579908676,0.5199282582702272,0.026243093922651933,0.0851063829787234,0.0851063829787234,0.2351337598138994,,1.5657079929951578
heterogeneity_entropy,6001,10,joint_dirichlet_1.0,B0,4,5,1116,279,True,True,0.8817204301075269,0.4970226714012565,0.011106409985191454,0.125,0.125,0.18119314575840917,,0.9287080029025674
heterogeneity_entropy,6001,10,joint_dirichlet_1.0,B0,4,6,1372,344,True,True,0.9331395348837209,0.48270676691729325,0.008928571428571428,0.0,0.01098901098901099,0.1921182266009852,,1.0004169889725745
heterogeneity_entropy,6001,10,joint_dirichlet_1.0,B0,4,7,1144,286,True,True,0.6923076923076923,0.5666666666666667,0.14926834042969706,0.19376026272577998,0.19376026272577998,0.31870014192727447,,0.9274589829146862
heterogeneity_entropy,6001,10,joint_dirichlet_1.0,B0,4,8,2691,673,True,True,0.8796433878157504,0.5226741386103936,0.009332343676454614,0.06097560975609756,0.06097560975609756,0.18385893768782358,,1.3524160021916032
heterogeneity_entropy,6001,10,joint_dirichlet_1.0,B0,4,9,2668,667,True,True,0.7406296851574213,0.5130215696783751,0.03400309119010819,0.10919540229885058,0.10919540229885058,0.5057959814528593,,1.3680830015800893
heterogeneity_entropy,6001,10,joint_dirichlet_1.0,B0,5,0,2207,552,True,True,0.9130434782608695,0.4772727272727273,0.0,0.0,0.0,0.277067200782248,,1.2670000141952187
heterogeneity_entropy,6001,10,joint_dirichlet_1.0,B0,5,1,1008,253,True,True,0.6561264822134387,0.5685217493580068,0.11007751937984496,0.16161616161616163,0.16161616161616163,0.134108527131783,,0.9048330248333514
heterogeneity_entropy,6001,10,joint_dirichlet_1.0,B0,5,2,441,111,True,False,0.6126126126126126,0.5478829212844558,0.15463917525773196,0.3023255813953488,0.3023255813953488,0.4558173784977908,,0.7505420071538538
heterogeneity_entropy,6001,10,joint_dirichlet_1.0,B0,5,3,4359,1090,True,True,0.6568807339449542,0.5362039856012305,0.10056242969628797,0.06846049046321526,0.06846049046321526,0.3362118196763866,,1.8349580059293658
heterogeneity_entropy,6001,10,joint_dirichlet_1.0,B0,5,4,3500,876,True,True,0.7990867579908676,0.5199282582702272,0.026243093922651933,0.0851063829787234,0.0851063829787234,0.2351337598138994,,1.5602079802192748
heterogeneity_entropy,6001,10,joint_dirichlet_1.0,B0,5,5,1116,279,True,True,0.8817204301075269,0.4970226714012565,0.011106409985191454,0.125,0.125,0.18119314575840917,,1.1429589940235019
heterogeneity_entropy,6001,10,joint_dirichlet_1.0,B0,5,6,1372,344,True,True,0.9331395348837209,0.48270676691729325,0.008928571428571428,0.0,0.01098901098901099,0.1921182266009852,,1.2195419985800982
heterogeneity_entropy,6001,10,joint_dirichlet_1.0,B0,5,7,1144,286,True,True,0.6888111888111889,0.5593983140329923,0.14246561934126167,0.18226600985221675,0.18226600985221675,0.32550286301570985,,1.0040419874712825
heterogeneity_entropy,6001,10,joint_dirichlet_1.0,B0,5,8,2691,673,True,True,0.8796433878157504,0.5226741386103936,0.009332343676454614,0.06097560975609756,0.06097560975609756,0.18385893768782358,,1.482916995882988
heterogeneity_entropy,6001,10,joint_dirichlet_1.0,B0,5,9,2668,667,True,True,0.7436281859070465,0.5223203628550966,0.03709428129829984,0.1206896551724138,0.1206896551724138,0.508887171561051,,1.4056249929126352
heterogeneity_entropy,6001,10,joint_dirichlet_0.3,B0,1,0,1416,354,True,False,0.980225988700565,0.4950071326676177,,,,,"comparison_groups,subgroup_accuracy_gap",1.2443330197129399
heterogeneity_entropy,6001,10,joint_dirichlet_0.3,B0,1,1,196,49,True,False,0.8775510204081632,0.4673913043478261,,,,,"comparison_groups,subgroup_accuracy_gap",0.6961670005694032
heterogeneity_entropy,6001,10,joint_dirichlet_0.3,B0,1,2,1228,307,True,True,0.755700325732899,0.507223113964687,0.013976360969717884,0.18243243243243243,0.18243243243243243,0.354067811232853,,1.0606670111883432
heterogeneity_entropy,6001,10,joint_dirichlet_0.3,B0,1,3,1908,477,True,True,0.9664570230607966,0.4914712153518124,0.0,0.0,0.0,0.24294117647058822,,1.2377920211292803
heterogeneity_entropy,6001,10,joint_dirichlet_0.3,B0,1,4,1565,392,True,True,0.9260204081632653,0.5130017564151994,0.038461538461538436,0.0,0.04761904761904767,0.744640605296343,,1.1159590212628245
heterogeneity_entropy,6001,10,joint_dirichlet_0.3,B0,1,5,902,226,True,False,0.9823008849557522,0.4955357142857143,,,,,"comparison_groups,subgroup_accuracy_gap",0.8919170068111271
heterogeneity_entropy,6001,10,joint_dirichlet_0.3,B0,1,6,2669,668,True,True,0.8547904191616766,0.5311398780020116,0.055944055944055944,0.07920792079207921,0.07920792079207921,0.6427306027306028,,1.570874999742955
heterogeneity_entropy,6001,10,joint_dirichlet_0.3,B0,1,7,1563,391,True,True,0.7212276214833759,0.5481302416319433,0.005332439514900367,0.010752688172043001,0.06548241030999646,0.11926381863611435,,1.1446249845903367
heterogeneity_entropy,6001,10,joint_dirichlet_0.3,B0,1,8,89,23,True,False,0.9565217391304348,0.4888888888888889,,,,,"comparison_groups,subgroup_accuracy_gap",0.6512909894809127
heterogeneity_entropy,6001,10,joint_dirichlet_0.3,B0,1,9,8971,2243,True,True,0.8261257244761481,0.4647760646108664,0.0022644927536231885,,,0.17663043478260865,"equal_opportunity_gap,equalized_odds_gap",2.950583992060274
heterogeneity_entropy,6001,10,joint_dirichlet_0.3,B0,2,0,1416,354,True,False,0.980225988700565,0.4950071326676177,,,,,"comparison_groups,subgroup_accuracy_gap",1.052874984452501
heterogeneity_entropy,6001,10,joint_dirichlet_0.3,B0,2,1,196,49,True,False,0.9795918367346939,0.9487983281086729,,,,,"comparison_groups,subgroup_accuracy_gap",0.6502089963760227
heterogeneity_entropy,6001,10,joint_dirichlet_0.3,B0,2,2,1228,307,True,True,0.752442996742671,0.5052586938083121,0.006513674402553706,0.18243243243243243,0.18243243243243243,0.3466051246656888,,0.98412498482503
heterogeneity_entropy,6001,10,joint_dirichlet_0.3,B0,2,3,1908,477,True,True,0.9664570230607966,0.4914712153518124,0.0,0.0,0.0,0.24294117647058822,,1.1695830035023391
heterogeneity_entropy,6001,10,joint_dirichlet_0.3,B0,2,4,1565,392,True,False,0.9413265306122449,0.7288828747556758,0.3297604035308953,0.19159663865546217,0.19159663865546217,0.5138713745271122,,1.069582998752594
heterogeneity_entropy,6001,10,joint_dirichlet_0.3,B0,2,5,902,226,True,False,0.9823008849557522,0.4955357142857143,,,,,"comparison_groups,subgroup_accuracy_gap",0.8513749926351011
heterogeneity_entropy,6001,10,joint_dirichlet_0.3,B0,2,6,2669,668,True,True,0.8562874251497006,0.5396674993539495,0.06293706293706294,0.0891089108910891,0.0891089108910891,0.6357375957375957,,1.4680830063298345
heterogeneity_entropy,6001,10,joint_dirichlet_0.3,B0,2,7,1563,391,True,True,0.7902813299232737,0.7696563020863267,0.12444390273630324,0.20493358633776093,0.20493358633776093,0.08833566944969218,,1.1014999763574451
heterogeneity_entropy,6001,10,joint_dirichlet_0.3,B0,2,8,89,23,True,False,0.9565217391304348,0.4888888888888889,,,,,"comparison_groups,subgroup_accuracy_gap",0.6189999985508621
heterogeneity_entropy,6001,10,joint_dirichlet_0.3,B0,2,9,8971,2243,True,True,0.8274632189032546,0.47713192699709,0.005434782608695652,,,0.1752717391304348,"equal_opportunity_gap,equalized_odds_gap",2.729958010604605
heterogeneity_entropy,6001,10,joint_dirichlet_0.3,B0,3,0,1416,354,True,False,0.980225988700565,0.4950071326676177,,,,,"comparison_groups,subgroup_accuracy_gap",1.0357499995734543
heterogeneity_entropy,6001,10,joint_dirichlet_0.3,B0,3,1,196,49,True,False,0.8367346938775511,0.7277777777777779,,,,,"comparison_groups,subgroup_accuracy_gap",0.6361669802572578
heterogeneity_entropy,6001,10,joint_dirichlet_0.3,B0,3,2,1228,307,True,True,0.758957654723127,0.526944860902882,0.004831334656198772,0.2939189189189189,0.2939189189189189,0.34828746441204383,,0.9657919872552156
heterogeneity_entropy,6001,10,joint_dirichlet_0.3,B0,3,3,1908,477,True,True,0.9664570230607966,0.4914712153518124,0.0,0.0,0.0,0.24294117647058822,,1.1603340099100024
heterogeneity_entropy,6001,10,joint_dirichlet_0.3,B0,3,4,1565,392,True,False,0.9132653061224489,0.752304490038656,0.5746111811685582,0.13277310924369745,0.20634920634920634,0.1542664985287936,,1.069541001925245
heterogeneity_entropy,6001,10,joint_dirichlet_0.3,B0,3,5,902,226,True,False,0.9823008849557522,0.4955357142857143,,,,,"comparison_groups,subgroup_accuracy_gap",0.858542014611885
heterogeneity_entropy,6001,10,joint_dirichlet_0.3,B0,3,6,2669,668,True,True,0.8607784431137725,0.5644180812351444,0.08391608391608392,0.1188118811881188,0.1188118811881188,0.6147585747585748,,1.5001669817138463
heterogeneity_entropy,6001,10,joint_dirichlet_0.3,B0,3,7,1563,391,True,True,0.670076726342711,0.66693080290814,0.0690474739472241,0.1504111321948134,0.1504111321948134,0.12806996160643547,,1.114833983592689
heterogeneity_entropy,6001,10,joint_dirichlet_0.3,B0,3,8,89,23,True,False,0.9565217391304348,0.4888888888888889,,,,,"comparison_groups,subgroup_accuracy_gap",0.6240000075194985
heterogeneity_entropy,6001,10,joint_dirichlet_0.3,B0,3,9,8971,2243,True,True,0.8283548818546589,0.48439090651262073,0.007246376811594203,,,0.17436594202898548,"equal_opportunity_gap,equalized_odds_gap",2.8072919812984765
heterogeneity_entropy,6001,10,joint_dirichlet_0.3,B0,4,0,1416,354,True,False,0.980225988700565,0.4950071326676177,,,,,"comparison_groups,subgroup_accuracy_gap",1.088000019080937
heterogeneity_entropy,6001,10,joint_dirichlet_0.3,B0,4,1,196,49,True,False,0.7551020408163265,0.6483253588516746,,,,,"comparison_groups,subgroup_accuracy_gap",0.6400830170605332
heterogeneity_entropy,6001,10,joint_dirichlet_0.3,B0,4,2,1228,307,True,True,0.758957654723127,0.526944860902882,0.004831334656198772,0.2939189189189189,0.2939189189189189,0.34828746441204383,,1.0346659983042628
heterogeneity_entropy,6001,10,joint_dirichlet_0.3,B0,4,3,1908,477,True,True,0.9664570230607966,0.4914712153518124,0.0,0.0,0.0,0.24294117647058822,,1.183665997814387
heterogeneity_entropy,6001,10,joint_dirichlet_0.3,B0,4,4,1565,392,True,False,0.7755102040816326,0.6173913043478261,0.5233291298865068,0.03249299719887955,0.12698412698412698,0.11685582177385456,,1.0900000052060932
heterogeneity_entropy,6001,10,joint_dirichlet_0.3,B0,4,5,902,226,True,False,0.9778761061946902,0.49440715883668906,,,,,"comparison_groups,subgroup_accuracy_gap",0.8438329969067127
heterogeneity_entropy,6001,10,joint_dirichlet_0.3,B0,4,6,2669,668,True,True,0.8622754491017964,0.5724026606551446,0.09090909090909091,0.12871287128712872,0.12871287128712872,0.6077655677655678,,1.3950829743407667
heterogeneity_entropy,6001,10,joint_dirichlet_0.3,B0,4,7,1563,391,True,True,0.629156010230179,0.6291463071619667,0.07818879882991042,0.16382036685641999,0.16382036685641999,0.16390395514656586,,1.1056670045945793
heterogeneity_entropy,6001,10,joint_dirichlet_0.3,B0,4,8,89,23,True,False,0.9565217391304348,0.4888888888888889,,,,,"comparison_groups,subgroup_accuracy_gap",0.6288749864324927
heterogeneity_entropy,6001,10,joint_dirichlet_0.3,B0,4,9,8971,2243,True,True,0.8301382077574677,0.500642469607594,0.01177536231884058,,,0.17255434782608692,"equal_opportunity_gap,equalized_odds_gap",2.795625012367964
heterogeneity_entropy,6001,10,joint_dirichlet_0.3,B0,5,0,1416,354,True,False,0.980225988700565,0.4950071326676177,,,,,"comparison_groups,subgroup_accuracy_gap",1.077917026123032
heterogeneity_entropy,6001,10,joint_dirichlet_0.3,B0,5,1,196,49,True,False,0.5918367346938775,0.5196078431372549,,,,,"comparison_groups,subgroup_accuracy_gap",0.6763340206816792
heterogeneity_entropy,6001,10,joint_dirichlet_0.3,B0,5,2,1228,307,True,True,0.758957654723127,0.526944860902882,0.004831334656198772,0.2939189189189189,0.2939189189189189,0.34828746441204383,,1.0028750111814588
heterogeneity_entropy,6001,10,joint_dirichlet_0.3,B0,5,3,1908,477,True,True,0.9664570230607966,0.4914712153518124,0.0,0.0,0.0,0.24294117647058822,,1.1747079843189567
heterogeneity_entropy,6001,10,joint_dirichlet_0.3,B0,5,4,1565,392,True,False,0.6811224489795918,0.5475322037028487,0.41677175283732665,0.13893557422969194,0.13893557422969194,0.21794871794871795,,1.0852919949684292
heterogeneity_entropy,6001,10,joint_dirichlet_0.3,B0,5,5,902,226,True,False,0.9734513274336283,0.49327354260089684,,,,,"comparison_groups,subgroup_accuracy_gap",0.8607920026406646
heterogeneity_entropy,6001,10,joint_dirichlet_0.3,B0,5,6,2669,668,True,True,0.8622754491017964,0.5788377192982456,0.095997335997336,0.13861386138613863,0.13861386138613863,0.5988677988677988,,1.3737919798586518
heterogeneity_entropy,6001,10,joint_dirichlet_0.3,B0,5,7,1563,391,True,False,0.578005115089514,0.5771088838925779,0.08723871046376988,0.16261859582542693,0.16261859582542693,0.1729538667804254,,1.065584016032517
heterogeneity_entropy,6001,10,joint_dirichlet_0.3,B0,5,8,89,23,True,False,0.9565217391304348,0.4888888888888889,,,,,"comparison_groups,subgroup_accuracy_gap",0.600500003201887
heterogeneity_entropy,6001,10,joint_dirichlet_0.3,B0,5,9,8971,2243,True,True,0.8319215336602764,0.5121079995130374,0.014492753623188406,,,0.17074275362318836,"equal_opportunity_gap,equalized_odds_gap",2.73854099214077
heterogeneity_entropy,6002,10,iid,B0,1,0,2051,513,True,True,0.7758284600389863,0.49016100178890876,0.020289855072463767,0.0673076923076923,0.0673076923076923,0.17401656314699798,,1.4809590065851808
heterogeneity_entropy,6002,10,iid,B0,1,1,2051,513,True,True,0.7894736842105263,0.5478848413631022,0.03720356932050971,0.07905982905982906,0.07905982905982906,0.15983820006249783,,1.3467080134432763
heterogeneity_entropy,6002,10,iid,B0,1,2,2051,513,True,True,0.7680311890838206,0.49876429679866663,0.026392961876832845,0.08333333333333333,0.08333333333333333,0.1740435108777194,,1.413374993717298
heterogeneity_entropy,6002,10,iid,B0,1,3,2051,513,True,True,0.7758284600389863,0.5156125557298038,0.01476505490008866,0.027777777777777776,0.027777777777777776,0.1972993248312077,,1.3348339998628944
heterogeneity_entropy,6002,10,iid,B0,1,4,2051,513,True,True,0.7485380116959064,0.4632541993462727,0.01039646627881922,0.017233348858872843,0.017233348858872843,0.19553975436328375,,1.3102499942760915
heterogeneity_entropy,6002,10,iid,B0,1,5,2051,513,True,True,0.7719298245614035,0.5131840412675497,0.036931818181818184,0.0990990990990991,0.0990990990990991,0.1966050254093733,,1.2927500065416098
heterogeneity_entropy,6002,10,iid,B0,1,6,2051,513,True,True,0.7602339181286549,0.4754208754208754,0.01775147928994083,0.05714285714285714,0.05714285714285714,0.1557565511411666,,1.3042500067967921
heterogeneity_entropy,6002,10,iid,B0,1,7,2050,513,True,True,0.7602339181286549,0.4687250039993601,0.008694906534042188,0.045454545454545456,0.045454545454545456,0.20024009603841542,,1.2837500253226608
heterogeneity_entropy,6002,10,iid,B0,1,8,2050,513,True,True,0.7602339181286549,0.4754208754208754,0.010484505832677305,0.006760019314340893,0.006760019314340893,0.1802941386960567,,1.2660420034080744
heterogeneity_entropy,6002,10,iid,B0,1,9,2050,513,True,True,0.746588693957115,0.48677892015021856,0.02303312629399586,0.0782608695652174,0.0782608695652174,0.17324016563147004,,1.265458995476365
heterogeneity_entropy,6002,10,iid,B0,2,0,2051,513,True,True,0.7777777777777778,0.5044234289200732,0.020134575569358177,0.021367521367521375,0.021367521367521375,0.1799689440993789,,1.3797919964417815
heterogeneity_entropy,6002,10,iid,B0,2,1,2051,513,True,True,0.7875243664717348,0.546470602548401,0.031179472934967537,0.07905982905982906,0.07905982905982906,0.1538141036769557,,1.3184169947635382
heterogeneity_entropy,6002,10,iid,B0,2,2,2051,513,True,True,0.7680311890838206,0.49876429679866663,0.026392961876832845,0.08333333333333333,0.08333333333333333,0.1740435108777194,,1.3459579786285758
heterogeneity_entropy,6002,10,iid,B0,2,3,2051,513,True,True,0.7797270955165692,0.5298273219079753,0.011883652731364661,0.07407407407407407,0.07407407407407407,0.20018072699993172,,1.295875001233071
heterogeneity_entropy,6002,10,iid,B0,2,4,2051,513,True,True,0.7504873294346979,0.4706223798774589,0.013197586726998492,0.00838379133674895,0.00838379133674895,0.19273863391510448,,1.277000003028661
heterogeneity_entropy,6002,10,iid,B0,2,5,2051,513,True,True,0.7699805068226121,0.5119800064495323,0.030720638057594583,0.0990990990990991,0.0990990990990991,0.1903938452851497,,1.352249993942678
heterogeneity_entropy,6002,10,iid,B0,2,6,2051,513,True,True,0.7602339181286549,0.4754208754208754,0.01775147928994083,0.05714285714285714,0.05714285714285714,0.1557565511411666,,1.334915985353291
heterogeneity_entropy,6002,10,iid,B0,2,7,2050,513,True,True,0.7621832358674464,0.47639046917876987,0.01161035842908592,0.05454545454545454,0.05454545454545454,0.1973246441433717,,1.334125001449138
heterogeneity_entropy,6002,10,iid,B0,2,8,2050,513,True,True,0.7621832358674464,0.4829312623925975,0.01329349459672225,0.0024142926122646124,0.004048582995951417,0.1774851499320118,,1.2676249898504466
heterogeneity_entropy,6002,10,iid,B0,2,9,2050,513,True,True,0.7446393762183235,0.4799052726892805,0.020134575569358177,0.06956521739130435,0.06956521739130435,0.17613871635610767,,1.2398750113788992
heterogeneity_entropy,6002,10,iid,B0,3,0,2051,513,True,True,0.7816764132553606,0.51930928318051,0.02593167701863354,0.04059829059829061,0.04059829059829061,0.17417184265010355,,1.3702919823117554
heterogeneity_entropy,6002,10,iid,B0,3,1,2051,513,True,True,0.7894736842105263,0.553337633021606,0.03406131731537099,0.08867521367521367,0.08867521367521367,0.15093225929655218,,1.3483749935403466
heterogeneity_entropy,6002,10,iid,B0,3,2,2051,513,True,True,0.7680311890838206,0.49876429679866663,0.026392961876832845,0.08333333333333333,0.08333333333333333,0.1740435108777194,,1.3162090035621077
heterogeneity_entropy,6002,10,iid,B0,3,3,2051,513,True,True,0.7816764132553606,0.5367945823927766,0.014816204051012753,0.06481481481481481,0.06481481481481481,0.19724817568028363,,1.3312499795574695
heterogeneity_entropy,6002,10,iid,B0,3,4,2051,513,True,True,0.7504873294346979,0.4768975846026384,0.009588450764921354,0.06101537028411737,0.06101537028411737,0.20195001077354024,,1.3331249938346446
heterogeneity_entropy,6002,10,iid,B0,3,5,2051,513,True,True,0.7699805068226121,0.5119800064495323,0.030720638057594583,0.0990990990990991,0.0990990990990991,0.1903938452851497,,1.3115830079186708
heterogeneity_entropy,6002,10,iid,B0,3,6,2051,513,True,True,0.7602339181286549,0.4754208754208754,0.01775147928994083,0.05714285714285714,0.05714285714285714,0.1557565511411666,,1.2854579836130142
heterogeneity_entropy,6002,10,iid,B0,3,7,2050,513,True,True,0.7582846003898636,0.47445472571050895,0.00864345738295318,0.05454545454545454,0.05454545454545454,0.19435774309723886,,1.279459014767781
heterogeneity_entropy,6002,10,iid,B0,3,8,2050,513,True,True,0.7660818713450293,0.4976498237367803,0.01891147212481214,0.020762916465475623,0.020762916465475623,0.1718671724039219,,1.2862500152550638
heterogeneity_entropy,6002,10,iid,B0,3,9,2050,513,True,True,0.746588693957115,0.48677892015021856,0.02303312629399586,0.0782608695652174,0.0782608695652174,0.17324016563147004,,1.273790985578671
heterogeneity_entropy,6002,10,iid,B0,4,0,2051,513,True,True,0.7797270955165692,0.5180695847362514,0.028830227743271222,0.04059829059829061,0.04059829059829061,0.17707039337474118,,1.302958989981562
heterogeneity_entropy,6002,10,iid,B0,4,1,2051,513,True,True,0.7933723196881092,0.56680581224906,0.03982500607617791,0.10790598290598291,0.10790598290598291,0.14516857053574528,,1.2986249930690974
heterogeneity_entropy,6002,10,iid,B0,4,2,2051,513,True,True,0.7699805068226121,0.5060223266745006,0.02932551319648094,0.09259259259259259,0.09259259259259259,0.17111095955807132,,1.2706249835900962
heterogeneity_entropy,6002,10,iid,B0,4,3,2051,513,True,True,0.7816764132553606,0.5367945823927766,0.014816204051012753,0.06481481481481481,0.06481481481481481,0.19724817568028363,,1.2648749980144203
heterogeneity_entropy,6002,10,iid,B0,4,4,2051,513,True,True,0.7563352826510721,0.49802340600414885,0.008780435251023486,0.095947834187238,0.095947834187238,0.2027580262874381,,1.303083001403138
heterogeneity_entropy,6002,10,iid,B0,4,5,2051,513,True,True,0.7758284600389863,0.5327831851048159,0.039243365330321855,0.12612612612612611,0.12612612612612611,0.1818711180124224,,1.3852920092176646
heterogeneity_entropy,6002,10,iid,B0,4,6,2051,513,True,True,0.7602339181286549,0.4754208754208754,0.01775147928994083,0.05714285714285714,0.05714285714285714,0.1557565511411666,,1.3212500198278576
heterogeneity_entropy,6002,10,iid,B0,4,7,2050,513,True,True,0.7602339181286549,0.48191603786752935,0.0027611044417767093,0.004278074866310162,0.00878004993127437,0.20024009603841542,,1.294667017646134
heterogeneity_entropy,6002,10,iid,B0,4,8,2050,513,True,True,0.7680311890838206,0.5048624009473368,0.021720460888857082,0.029937228392081128,0.029937228392081128,0.1690581836398769,,1.3435000146273524
heterogeneity_entropy,6002,10,iid,B0,4,9,2050,513,True,True,0.7485380116959064,0.49356791380009646,0.02593167701863354,0.08695652173913043,0.08695652173913043,0.1703416149068323,,1.279916992643848
heterogeneity_entropy,6002,10,iid,B0,5,0,2051,513,True,True,0.7855750487329435,0.5395123384253819,0.037525879917184264,0.06944444444444445,0.06944444444444445,0.16837474120082818,,1.3218749954830855
heterogeneity_entropy,6002,10,iid,B0,5,1,2051,513,True,True,0.7933723196881092,0.56680581224906,0.03982500607617791,0.10790598290598291,0.10790598290598291,0.14516857053574528,,1.2988749949727207
heterogeneity_entropy,6002,10,iid,B0,5,2,2051,513,True,True,0.7758284600389863,0.5272268301478543,0.03812316715542522,0.12037037037037036,0.12037037037037036,0.16231330559912704,,1.2891249789390713
heterogeneity_entropy,6002,10,iid,B0,5,3,2051,513,True,True,0.7855750487329435,0.5504588617678924,0.020681306690308942,0.046296296296296294,0.046296296296296294,0.19138307304098745,,1.2807919993065298
heterogeneity_entropy,6002,10,iid,B0,5,4,2051,513,True,True,0.7563352826510721,0.49802340600414885,0.008780435251023486,0.095947834187238,0.095947834187238,0.2027580262874381,,1.3082500081509352
heterogeneity_entropy,6002,10,iid,B0,5,5,2051,513,True,True,0.7758284600389863,0.5327831851048159,0.039243365330321855,0.12612612612612611,0.12612612612612611,0.1818711180124224,,1.3025829975958914
heterogeneity_entropy,6002,10,iid,B0,5,6,2051,513,True,True,0.7641325536062378,0.49034016733309793,0.023668639053254437,0.0761904761904762,0.0761904761904762,0.14983939137785296,,1.2815829832106829
heterogeneity_entropy,6002,10,iid,B0,5,7,2050,513,True,True,0.7621832358674464,0.4892773207990599,0.005676556336820442,0.004812834224598925,0.00878004993127437,0.1973246441433717,,1.2677080230787396
heterogeneity_entropy,6002,10,iid,B0,5,8,2050,513,True,True,0.7699805068226121,0.5119800064495323,0.024529449652902026,0.03911154031868663,0.03911154031868663,0.166249194875832,,1.2655419996008277
heterogeneity_entropy,6002,10,iid,B0,5,9,2050,513,True,True,0.7543859649122807,0.5134439359267735,0.03462732919254658,0.11304347826086956,0.11304347826086956,0.1616459627329193,,1.2667500122915953
heterogeneity_entropy,6002,10,joint_dirichlet_1.0,B0,1,0,2764,691,True,True,0.9927641099855282,0.49818445896877267,0.0,0.0,0.0,0.0020201085615593195,,1.582917000632733
heterogeneity_entropy,6002,10,joint_dirichlet_1.0,B0,1,1,1706,427,True,True,0.7822014051522248,0.7819670240977747,0.18805470682380332,0.1210277214334009,0.17126436781609197,0.03426451331296376,,1.177167025161907
heterogeneity_entropy,6002,10,joint_dirichlet_1.0,B0,1,2,1742,436,True,True,0.75,0.7473081974360747,0.268696330991413,0.2089314194577353,0.2089314194577353,0.059562841530054644,,1.1418329959269613
heterogeneity_entropy,6002,10,joint_dirichlet_1.0,B0,1,3,1736,435,True,True,0.7632183908045977,0.6838060423003366,0.21435259497057252,0.38,0.38,0.3372792937399679,,1.1296670127194375
heterogeneity_entropy,6002,10,joint_dirichlet_1.0,B0,1,4,774,194,True,True,0.9896907216494846,0.49740932642487046,0.0,,,0.08333333333333337,"equal_opportunity_gap,equalized_odds_gap",0.8311659912578762
heterogeneity_entropy,6002,10,joint_dirichlet_1.0,B0,1,5,3279,820,True,True,0.9817073170731707,0.49538461538461537,0.0,0.0,0.0,0.011029116868532918,,1.5905830077826977
heterogeneity_entropy,6002,10,joint_dirichlet_1.0,B0,1,6,664,167,True,True,0.8023952095808383,0.47338748208313425,0.011235955056179775,0.03225806451612903,0.03225806451612903,0.29861711322385487,,0.9007919870782644
heterogeneity_entropy,6002,10,joint_dirichlet_1.0,B0,1,7,1789,448,True,True,0.7566964285714286,0.4933125810635538,0.013462873004857736,0.1235657546337158,0.1235657546337158,0.09081656257228776,,1.1707920057233423
heterogeneity_entropy,6002,10,joint_dirichlet_1.0,B0,1,8,3011,753,True,True,0.8313413014608234,0.5031252435507755,0.012031194611839774,0.07157190635451505,0.07157190635451505,0.02652959943282518,,1.527874992461875
heterogeneity_entropy,6002,10,joint_dirichlet_1.0,B0,1,9,3040,761,True,False,0.7687253613666228,0.7419822152357174,0.3159661164369315,0.016583162797261908,0.1462943449244819,0.1415659802976157,,1.6877079906407744
heterogeneity_entropy,6002,10,joint_dirichlet_1.0,B0,2,0,2764,691,True,True,0.9927641099855282,0.49818445896877267,0.0,0.0,0.0,0.0020201085615593195,,1.4017909998074174
heterogeneity_entropy,6002,10,joint_dirichlet_1.0,B0,2,1,1706,427,True,True,0.7072599531615925,0.6856318284889713,0.13662156263640332,0.1592292089249493,0.1592292089249493,0.0019642077695329885,,1.1073749919887632
heterogeneity_entropy,6002,10,joint_dirichlet_1.0,B0,2,2,1742,436,True,True,0.6788990825688074,0.630356321003803,0.14715066354410616,0.19829877724614564,0.19829877724614564,0.059172521467603434,,1.119916996685788
heterogeneity_entropy,6002,10,joint_dirichlet_1.0,B0,2,3,1736,435,True,True,0.6942528735632184,0.5322542829192571,0.07203049759229535,0.15333333333333332,0.15333333333333332,0.4496388443017656,,1.1282079794909805
heterogeneity_entropy,6002,10,joint_dirichlet_1.0,B0,2,4,774,194,True,True,0.9896907216494846,0.49740932642487046,0.0,,,0.08333333333333337,"equal_opportunity_gap,equalized_odds_gap",0.8126660250127316
heterogeneity_entropy,6002,10,joint_dirichlet_1.0,B0,2,5,3279,820,True,True,0.9817073170731707,0.49538461538461537,0.0,0.0,0.0,0.011029116868532918,,1.5316249919123948
heterogeneity_entropy,6002,10,joint_dirichlet_1.0,B0,2,6,664,167,True,True,0.8023952095808383,0.47338748208313425,0.011235955056179775,0.03225806451612903,0.03225806451612903,0.29861711322385487,,0.8122499857563525
heterogeneity_entropy,6002,10,joint_dirichlet_1.0,B0,2,7,1789,448,True,True,0.7566964285714286,0.4933125810635538,0.013462873004857736,0.1235657546337158,0.1235657546337158,0.09081656257228776,,1.109708013245836
heterogeneity_entropy,6002,10,joint_dirichlet_1.0,B0,2,8,3011,753,True,True,0.8300132802124834,0.5023749535335178,0.009174051754696915,0.07157190635451505,0.07157190635451505,0.02938674228996807,,1.4281249896157533
heterogeneity_entropy,6002,10,joint_dirichlet_1.0,B0,2,9,3040,761,True,False,0.7345597897503285,0.7337095857758561,0.37167924064514907,0.31797332580622395,0.31797332580622395,0.1120596744001362,,1.4927079901099205
heterogeneity_entropy,6002,10,joint_dirichlet_1.0,B0,3,0,2764,691,True,True,0.9927641099855282,0.49818445896877267,0.0,0.0,0.0,0.0020201085615593195,,1.5375419752672315
heterogeneity_entropy,6002,10,joint_dirichlet_1.0,B0,3,1,1706,427,True,True,0.6416861826697893,0.591244392444425,0.1050851156700131,0.14536849222447598,0.14536849222447598,0.0047650225520151634,,1.141584012657404
heterogeneity_entropy,6002,10,joint_dirichlet_1.0,B0,3,2,1742,436,True,True,0.6536697247706422,0.5815552801347443,0.11834504293520688,0.1501860712387028,0.1501860712387028,0.08922716627634653,,1.283124991459772
heterogeneity_entropy,6002,10,joint_dirichlet_1.0,B0,3,3,1736,435,True,True,0.6850574712643678,0.5014180659086915,0.051765650080256825,0.11333333333333333,0.11333333333333333,0.4743178170144462,,1.2542500044219196
heterogeneity_entropy,6002,10,joint_dirichlet_1.0,B0,3,4,774,194,True,True,0.9896907216494846,0.49740932642487046,0.0,,,0.08333333333333337,"equal_opportunity_gap,equalized_odds_gap",0.8960420091170818
heterogeneity_entropy,6002,10,joint_dirichlet_1.0,B0,3,5,3279,820,True,True,0.9829268292682927,0.5581896551724138,0.0018315018315018315,0.08333333333333333,0.08333333333333333,0.009197615037031093,,1.5551249962300062
heterogeneity_entropy,6002,10,joint_dirichlet_1.0,B0,3,6,664,167,True,True,0.8023952095808383,0.47338748208313425,0.011235955056179775,0.03225806451612903,0.03225806451612903,0.29861711322385487,,0.8402920211665332
heterogeneity_entropy,6002,10,joint_dirichlet_1.0,B0,3,7,1789,448,True,True,0.7633928571428571,0.5169270833333333,0.005829285218598195,0.09443954104148279,0.09443954104148279,0.08318297478602821,,1.1241669999435544
heterogeneity_entropy,6002,10,joint_dirichlet_1.0,B0,3,8,3011,753,True,True,0.8313413014608234,0.5154120955686742,0.000602623183268345,0.040802675585284276,0.040802675585284276,0.02652959943282518,,1.5307500143535435
heterogeneity_entropy,6002,10,joint_dirichlet_1.0,B0,3,9,3040,761,True,True,0.6583442838370565,0.6458387032104705,0.27061470682776484,0.2895349657751746,0.2895349657751746,0.19801652580029117,,1.5049580251798034
heterogeneity_entropy,6002,10,joint_dirichlet_1.0,B0,4,0,2764,691,True,True,0.9927641099855282,0.49818445896877267,0.0,0.0,0.0,0.0020201085615593195,,1.4715419965796173
heterogeneity_entropy,6002,10,joint_dirichlet_1.0,B0,4,1,1706,427,True,True,0.629976580796253,0.5704115939075951,0.07922304670449586,0.10513860716700471,0.10513860716700471,0.019132838643969197,,1.1295420117676258
heterogeneity_entropy,6002,10,joint_dirichlet_1.0,B0,4,2,1742,436,True,True,0.6536697247706422,0.5776250874120266,0.10741608118657299,0.13849016480595427,0.13849016480595427,0.08922716627634653,,1.1638329888228327
heterogeneity_entropy,6002,10,joint_dirichlet_1.0,B0,4,3,1736,435,True,True,0.6804597701149425,0.48961331656382684,0.04427501337613697,0.1,0.1,0.48180845371856607,,1.1200839944649488
heterogeneity_entropy,6002,10,joint_dirichlet_1.0,B0,4,4,774,194,True,True,0.9896907216494846,0.49740932642487046,0.0,,,0.08333333333333337,"equal_opportunity_gap,equalized_odds_gap",0.8408339926972985
heterogeneity_entropy,6002,10,joint_dirichlet_1.0,B0,4,5,3279,820,True,True,0.9817073170731707,0.5542024573230401,0.003663003663003663,0.08333333333333333,0.08333333333333333,0.011029116868532918,,1.5503749891649932
heterogeneity_entropy,6002,10,joint_dirichlet_1.0,B0,4,6,664,167,True,True,0.8023952095808383,0.47338748208313425,0.011235955056179775,0.03225806451612903,0.03225806451612903,0.29861711322385487,,0.899083010153845
heterogeneity_entropy,6002,10,joint_dirichlet_1.0,B0,4,7,1789,448,True,True,0.765625,0.524574755162063,0.0032847559565116827,0.08473080317740513,0.08473080317740513,0.08063844552394162,,1.109083998017013
heterogeneity_entropy,6002,10,joint_dirichlet_1.0,B0,4,8,3011,753,True,True,0.8313413014608234,0.5154120955686742,0.000602623183268345,0.040802675585284276,0.040802675585284276,0.02652959943282518,,1.467791007598862
heterogeneity_entropy,6002,10,joint_dirichlet_1.0,B0,4,9,3040,761,True,True,0.6254927726675427,0.6043291464849629,0.22791045058331916,0.24345494319384658,0.24345494319384658,0.2412691209560005,,1.453333010431379
heterogeneity_entropy,6002,10,joint_dirichlet_1.0,B0,5,0,2764,691,True,True,0.9913169319826338,0.49781976744186046,0.0017271157167530224,0.0,0.0017391304347826088,0.0002929928448063279,,1.4058340166229755
heterogeneity_entropy,6002,10,joint_dirichlet_1.0,B0,5,1,1706,427,True,True,0.6252927400468384,0.5595213534144832,0.06198166739415102,0.0821501014198783,0.0821501014198783,0.024879965080750743,,1.1071250191889703
heterogeneity_entropy,6002,10,joint_dirichlet_1.0,B0,5,2,1742,436,True,True,0.658256880733945,0.5791805668016194,0.0964871194379391,0.13264221158958,0.13264221158958,0.08376268540202958,,1.093209022656083
heterogeneity_entropy,6002,10,joint_dirichlet_1.0,B0,5,3,1736,435,True,True,0.6804597701149425,0.48961331656382684,0.04427501337613697,0.1,0.1,0.48180845371856607,,1.1024579871445894
heterogeneity_entropy,6002,10,joint_dirichlet_1.0,B0,5,4,774,194,True,True,0.9896907216494846,0.49740932642487046,0.0,,,0.08333333333333337,"equal_opportunity_gap,equalized_odds_gap",0.8099589904304594
heterogeneity_entropy,6002,10,joint_dirichlet_1.0,B0,5,5,3279,820,True,True,0.9829268292682927,0.606795451431703,0.005494505494505495,0.16666666666666666,0.16666666666666666,0.009197615037031093,,1.5225419774651527
heterogeneity_entropy,6002,10,joint_dirichlet_1.0,B0,5,6,664,167,True,True,0.8083832335329342,0.5018642803877703,0.02247191011235955,0.06451612903225806,0.06451612903225806,0.28738115816767507,,0.8338330080732703
heterogeneity_entropy,6002,10,joint_dirichlet_1.0,B0,5,7,1789,448,True,True,0.765625,0.530609190240982,0.0018043025676613492,0.07502206531332746,0.07502206531332746,0.08063844552394162,,1.1004580010194331
heterogeneity_entropy,6002,10,joint_dirichlet_1.0,B0,5,8,3011,753,True,True,0.8326693227091634,0.5221696212731668,0.0022545196738745134,0.02541806020066889,0.02541806020066889,0.0236724565756824,,1.4402089873328805
heterogeneity_entropy,6002,10,joint_dirichlet_1.0,B0,5,9,3040,761,True,False,0.6031537450722734,0.5746494617924458,0.1987728553330686,0.22348458118693104,0.22348458118693104,0.2634863009813375,,1.4535420050378889
heterogeneity_entropy,6002,10,joint_dirichlet_0.3,B0,1,0,152,39,True,False,0.7435897435897436,0.6990740740740741,0.4666666666666667,0.4666666666666667,,0.44999999999999996,"equalized_odds_gap,false_positive_rate_gap",0.7561669917777181
heterogeneity_entropy,6002,10,joint_dirichlet_0.3,B0,1,1,5543,1386,True,True,0.9466089466089466,0.48628613787991104,0.0,0.0,0.0,0.1362149174377587,,2.570042008301243
heterogeneity_entropy,6002,10,joint_dirichlet_0.3,B0,1,2,1055,264,True,True,0.8333333333333334,0.49583333333333335,0.008000000000000007,,,0.88,"equal_opportunity_gap,equalized_odds_gap",0.9547499939799309
heterogeneity_entropy,6002,10,joint_dirichlet_0.3,B0,1,3,2536,634,True,True,0.9936908517350158,0.49841772151898733,0.0,0.0,0.0,0.007393826455471708,,1.3801250024698675
heterogeneity_entropy,6002,10,joint_dirichlet_0.3,B0,1,4,874,219,True,True,0.908675799086758,0.47607655502392343,0.0,0.0,0.0,0.06133540372670809,,0.8554999949410558
heterogeneity_entropy,6002,10,joint_dirichlet_0.3,B0,1,5,3616,904,True,True,0.7488938053097345,0.6585506272140514,0.2614486680634541,0.02618094251393044,0.050156739811912265,0.5414646313478998,,1.7441669770050794
heterogeneity_entropy,6002,10,joint_dirichlet_0.3,B0,1,6,2436,609,True,False,0.9753694581280788,0.4937655860349127,,,,,"comparison_groups,subgroup_accuracy_gap",1.3117920025251806
heterogeneity_entropy,6002,10,joint_dirichlet_0.3,B0,1,7,1168,293,True,True,0.8873720136518771,0.4986258750324086,0.01388888888888884,0.0,,0.45833333333333337,"equalized_odds_gap,false_positive_rate_gap",0.9589169931132346
heterogeneity_entropy,6002,10,joint_dirichlet_0.3,B0,1,8,152,38,True,False,0.7368421052631579,0.6041666666666667,,,,,"comparison_groups,subgroup_accuracy_gap",0.6185839883983135
heterogeneity_entropy,6002,10,joint_dirichlet_0.3,B0,1,9,2975,744,True,True,0.8817204301075269,0.47963757749165475,0.013157894736842105,0.018867924528301886,0.018867924528301886,0.6303183107469272,,1.459416002035141
heterogeneity_entropy,6002,10,joint_dirichlet_0.3,B0,2,0,152,39,True,False,0.6153846153846154,0.47814451382694023,0.13333333333333333,0.13333333333333333,,0.7833333333333333,"equalized_odds_gap,false_positive_rate_gap",0.6342499982565641
heterogeneity_entropy,6002,10,joint_dirichlet_0.3,B0,2,1,5543,1386,True,True,0.9473304473304474,0.4997997775305895,0.000792393026941363,0.019230769230769232,0.019230769230769232,0.13700731046470016,,2.1682500082533807
heterogeneity_entropy,6002,10,joint_dirichlet_0.3,B0,2,2,1055,264,True,False,0.8901515151515151,0.7640459826794465,0.6542857142857142,,,0.18571428571428572,"equal_opportunity_gap,equalized_odds_gap",0.9141670016106218
heterogeneity_entropy,6002,10,joint_dirichlet_0.3,B0,2,3,2536,634,True,True,0.9921135646687698,0.49802058590657167,0.0029154518950437317,0.0,0.0029239766081871343,0.004478374560427989,,1.3708329934161156
heterogeneity_entropy,6002,10,joint_dirichlet_0.3,B0,2,4,874,219,True,True,0.908675799086758,0.47607655502392343,0.0,0.0,0.0,0.06133540372670809,,0.8461670076940209
heterogeneity_entropy,6002,10,joint_dirichlet_0.3,B0,2,5,3616,904,True,False,0.8639380530973452,0.8564091703287975,0.6659383418138282,0.25884131828745827,0.25884131828745827,0.05382619974059655,,1.6787920030765235
heterogeneity_entropy,6002,10,joint_dirichlet_0.3,B0,2,6,2436,609,True,False,0.9753694581280788,0.4937655860349127,,,,,"comparison_groups,subgroup_accuracy_gap",1.2842079740948975
heterogeneity_entropy,6002,10,joint_dirichlet_0.3,B0,2,7,1168,293,True,True,0.9249146757679181,0.7678622875252088,0.21317244846656613,0.017266015718028105,,0.2687280040221217,"equalized_odds_gap,false_positive_rate_gap",0.9398330003023148
heterogeneity_entropy,6002,10,joint_dirichlet_0.3,B0,2,8,152,38,True,False,0.7105263157894737,0.5431693989071038,,,,,"comparison_groups,subgroup_accuracy_gap",0.609208014793694
heterogeneity_entropy,6002,10,joint_dirichlet_0.3,B0,2,9,2975,744,True,True,0.8830645161290323,0.4908398687926247,0.02631578947368421,0.03773584905660377,0.03773584905660377,0.6171604160100851,,1.4287079975474626
heterogeneity_entropy,6002,10,joint_dirichlet_0.3,B0,3,0,152,39,True,False,0.5897435897435898,0.42222222222222217,0.06666666666666667,0.06666666666666667,,0.85,"equalized_odds_gap,false_positive_rate_gap",0.6259170186240226
heterogeneity_entropy,6002,10,joint_dirichlet_0.3,B0,3,1,5543,1386,True,True,0.9473304473304474,0.4997997775305895,0.000792393026941363,0.019230769230769232,0.019230769230769232,0.13700731046470016,,2.0899170194752514
heterogeneity_entropy,6002,10,joint_dirichlet_0.3,B0,3,2,1055,264,True,False,0.8181818181818182,0.7315026697177727,0.7085714285714286,,,0.11657142857142855,"equal_opportunity_gap,equalized_odds_gap",0.9158750181086361
heterogeneity_entropy,6002,10,joint_dirichlet_0.3,B0,3,3,2536,634,True,True,0.9921135646687698,0.49802058590657167,0.0029154518950437317,0.0,0.0029239766081871343,0.004478374560427989,,1.348249992588535
heterogeneity_entropy,6002,10,joint_dirichlet_0.3,B0,3,4,874,219,True,True,0.908675799086758,0.47607655502392343,0.0,0.0,0.0,0.06133540372670809,,0.8344590023625642
heterogeneity_entropy,6002,10,joint_dirichlet_0.3,B0,3,5,3616,904,True,False,0.7323008849557522,0.7318270301015479,0.513020053876085,0.2297202699297175,0.2297202699297175,0.20925870497854926,,1.7366250103805214
heterogeneity_entropy,6002,10,joint_dirichlet_0.3,B0,3,6,2436,609,True,False,0.9753694581280788,0.4937655860349127,,,,,"comparison_groups,subgroup_accuracy_gap",1.414500002283603
heterogeneity_entropy,6002,10,joint_dirichlet_0.3,B0,3,7,1168,293,True,False,0.8873720136518771,0.7891120853235621,0.4879964806435394,0.2080257204096213,,0.12688536953242835,"equalized_odds_gap,false_positive_rate_gap",1.0396249999757856
heterogeneity_entropy,6002,10,joint_dirichlet_0.3,B0,3,8,152,38,True,False,0.7105263157894737,0.5431693989071038,,,,,"comparison_groups,subgroup_accuracy_gap",0.6434170063585043
heterogeneity_entropy,6002,10,joint_dirichlet_0.3,B0,3,9,2975,744,True,True,0.8830645161290323,0.4908398687926247,0.02631578947368421,0.03773584905660377,0.03773584905660377,0.6171604160100851,,1.6011249972507358
heterogeneity_entropy,6002,10,joint_dirichlet_0.3,B0,4,0,152,39,True,False,0.5897435897435898,0.42222222222222217,0.06666666666666667,0.06666666666666667,,0.85,"equalized_odds_gap,false_positive_rate_gap",0.6523750198539346
heterogeneity_entropy,6002,10,joint_dirichlet_0.3,B0,4,1,5543,1386,True,True,0.9473304473304474,0.4997997775305895,0.000792393026941363,0.019230769230769232,0.019230769230769232,0.13700731046470016,,2.1359169913921505
heterogeneity_entropy,6002,10,joint_dirichlet_0.3,B0,4,2,1055,264,True,False,0.7045454545454546,0.652701882210079,0.592,,,0.31200000000000006,"equal_opportunity_gap,equalized_odds_gap",0.9263339743483812
heterogeneity_entropy,6002,10,joint_dirichlet_0.3,B0,4,3,2536,634,True,True,0.9905362776025236,0.4976228209191759,0.0005209742217947562,0.0,0.0005482456140350877,0.007914800677266465,,1.3672499917447567
heterogeneity_entropy,6002,10,joint_dirichlet_0.3,B0,4,4,874,219,True,True,0.908675799086758,0.47607655502392343,0.0,0.0,0.0,0.06133540372670809,,0.8442499965894967
heterogeneity_entropy,6002,10,joint_dirichlet_0.3,B0,4,5,3616,904,True,False,0.6626106194690266,0.6618455247759598,0.4230769230769231,0.19908716713801694,0.19908716713801694,0.3363364262196946,,1.6606250137556344
heterogeneity_entropy,6002,10,joint_dirichlet_0.3,B0,4,6,2436,609,True,False,0.9753694581280788,0.4937655860349127,,,,,"comparison_groups,subgroup_accuracy_gap",1.2847500038333237
heterogeneity_entropy,6002,10,joint_dirichlet_0.3,B0,4,7,1168,293,True,False,0.7679180887372014,0.6675343745828327,0.45883609854198093,0.22564896403905688,,0.04216943187531419,"equalized_odds_gap,false_positive_rate_gap",0.9447910124436021
heterogeneity_entropy,6002,10,joint_dirichlet_0.3,B0,4,8,152,38,True,False,0.7105263157894737,0.5431693989071038,,,,,"comparison_groups,subgroup_accuracy_gap",0.633791001746431
heterogeneity_entropy,6002,10,joint_dirichlet_0.3,B0,4,9,2975,744,True,True,0.8830645161290323,0.4908398687926247,0.02631578947368421,0.03773584905660377,0.03773584905660377,0.6171604160100851,,1.4348749828059226
heterogeneity_entropy,6002,10,joint_dirichlet_0.3,B0,5,0,152,39,True,False,0.5897435897435898,0.42222222222222217,0.06666666666666667,0.06666666666666667,,0.85,"equalized_odds_gap,false_positive_rate_gap",0.6339999963529408
heterogeneity_entropy,6002,10,joint_dirichlet_0.3,B0,5,1,5543,1386,True,True,0.9473304473304474,0.4997997775305895,0.000792393026941363,0.019230769230769232,0.019230769230769232,0.13700731046470016,,2.0927909936290234
heterogeneity_entropy,6002,10,joint_dirichlet_0.3,B0,5,2,1055,264,True,False,0.6136363636363636,0.5787234042553191,0.488,,,0.40800000000000003,"equal_opportunity_gap,equalized_odds_gap",0.9210410062223673
heterogeneity_entropy,6002,10,joint_dirichlet_0.3,B0,5,3,2536,634,True,True,0.9905362776025236,0.4976228209191759,0.0005209742217947562,0.0,0.0005482456140350877,0.007914800677266465,,1.3798750005662441
heterogeneity_entropy,6002,10,joint_dirichlet_0.3,B0,5,4,874,219,True,True,0.908675799086758,0.47607655502392343,0.0,0.0,0.0,0.06133540372670809,,0.8360420179087669
heterogeneity_entropy,6002,10,joint_dirichlet_0.3,B0,5,5,3616,904,True,False,0.6150442477876106,0.6111904844299211,0.3586950014965579,0.1739142609133929,0.1739142609133929,0.4109747580564701,,1.6495420131832361
heterogeneity_entropy,6002,10,joint_dirichlet_0.3,B0,5,6,2436,609,True,False,0.9737274220032841,0.4933444259567388,,,,,"comparison_groups,subgroup_accuracy_gap",1.287833001697436
heterogeneity_entropy,6002,10,joint_dirichlet_0.3,B0,5,7,1168,293,True,False,0.6621160409556314,0.5792977418091633,0.4106334841628959,0.23958085258394857,,0.006033182503770718,"equalized_odds_gap,false_positive_rate_gap",0.9472499950788915
heterogeneity_entropy,6002,10,joint_dirichlet_0.3,B0,5,8,152,38,True,False,0.7105263157894737,0.5431693989071038,,,,,"comparison_groups,subgroup_accuracy_gap",0.6109589885454625
heterogeneity_entropy,6002,10,joint_dirichlet_0.3,B0,5,9,2975,744,True,True,0.8830645161290323,0.4908398687926247,0.02631578947368421,0.03773584905660377,0.03773584905660377,0.6171604160100851,,1.4301659830380231
heterogeneity_entropy,6003,10,iid,B0,1,0,2051,513,True,True,0.7621832358674464,0.495436955820703,0.016722173531989484,0.02207207207207207,0.02207207207207207,0.17772129710780016,,1.363499992294237
heterogeneity_entropy,6003,10,iid,B0,1,1,2051,513,True,True,0.7680311890838206,0.4724274714163491,0.017341040462427744,0.04807692307692308,0.04807692307692308,0.17524488595064203,,1.3129170110914856
heterogeneity_entropy,6003,10,iid,B0,1,2,2051,513,True,True,0.7563352826510721,0.5348305804008618,0.0343167701863354,0.03296703296703296,0.03296703296703296,0.18530020703933747,,1.2493340182118118
heterogeneity_entropy,6003,10,iid,B0,1,3,2051,513,True,True,0.7738791423001949,0.5259384360461411,0.032309213667053124,0.05746016417189764,0.05746016417189764,0.18273886653481553,,1.2137920130044222
heterogeneity_entropy,6003,10,iid,B0,1,4,2051,513,True,True,0.7660818713450293,0.4849742319791178,0.02040816326530612,0.06666666666666667,0.06666666666666667,0.15630252100840336,,1.2258329952601343
heterogeneity_entropy,6003,10,iid,B0,1,5,2051,513,True,True,0.7738791423001949,0.47523809523809524,0.008229086588860159,0.01998857795545403,0.01998857795545403,0.1889719756796422,,1.209999987622723
heterogeneity_entropy,6003,10,iid,B0,1,6,2051,513,True,True,0.7641325536062378,0.5196071602702514,0.016300940438871474,0.007918025151374006,0.007918025151374006,0.1868861024033438,,1.1931660119444132
heterogeneity_entropy,6003,10,iid,B0,1,7,2050,513,True,True,0.7738791423001949,0.5083608724388632,0.020023536741545812,0.027777777777777776,0.027777777777777776,0.1843307604444291,,1.1851250019390136
heterogeneity_entropy,6003,10,iid,B0,1,8,2050,513,True,True,0.7621832358674464,0.495436955820703,0.010020253704295917,0.06359649122807018,0.06359649122807018,0.21703443129730304,,1.183665997814387
heterogeneity_entropy,6003,10,iid,B0,1,9,2050,513,True,True,0.7738791423001949,0.4822870267260579,0.00903054905738269,0.1378205128205128,0.1378205128205128,0.2048472547130865,,1.1803329980466515
heterogeneity_entropy,6003,10,iid,B0,2,0,2051,513,True,True,0.7641325536062378,0.5025604038946989,0.01957931638913234,0.031081081081081083,0.031081081081081083,0.17486415425065738,,1.2084589980076998
heterogeneity_entropy,6003,10,iid,B0,2,1,2051,513,True,True,0.7738791423001949,0.49572910311165347,0.017133363331141183,0.014676113360323886,0.014676113360323886,0.1754525630819287,,1.1858749785460532
heterogeneity_entropy,6003,10,iid,B0,2,2,2051,513,True,True,0.7563352826510721,0.5348305804008618,0.0343167701863354,0.03296703296703296,0.03296703296703296,0.18530020703933747,,1.1740839981939644
heterogeneity_entropy,6003,10,iid,B0,2,3,2051,513,True,True,0.7758284600389863,0.5327831851048159,0.035241764986701216,0.06663447609850315,0.06663447609850315,0.17980631521516743,,1.1689999955706298
heterogeneity_entropy,6003,10,iid,B0,2,4,2051,513,True,True,0.7680311890838206,0.4924803591470258,0.023323615160349854,0.0761904761904762,0.0761904761904762,0.15338706911335964,,1.1715829896274954
heterogeneity_entropy,6003,10,iid,B0,2,5,2051,513,True,True,0.7777777777777778,0.4912131124721604,0.013959745614648125,0.0005711022272986838,0.0040650406504065045,0.18324131665385424,,1.1603340099100024
heterogeneity_entropy,6003,10,iid,B0,2,6,2051,513,True,True,0.7641325536062378,0.5196071602702514,0.016300940438871474,0.007918025151374006,0.007918025151374006,0.1868861024033438,,1.1505000002216548
heterogeneity_entropy,6003,10,iid,B0,2,7,2050,513,True,True,0.7719298245614035,0.5071884262642352,0.022913710151950435,0.027777777777777776,0.027777777777777776,0.18722093385483363,,1.1937079834751785
heterogeneity_entropy,6003,10,iid,B0,2,8,2050,513,True,True,0.7621832358674464,0.495436955820703,0.010020253704295917,0.06359649122807018,0.06359649122807018,0.21703443129730304,,1.1671670072246343
heterogeneity_entropy,6003,10,iid,B0,2,9,2050,513,True,True,0.7777777777777778,0.4979223901098901,0.0032165955690105965,0.11858974358974358,0.11858974358974358,0.1990333012247144,,1.1492909980006516
heterogeneity_entropy,6003,10,iid,B0,3,0,2051,513,True,True,0.7699805068226121,0.5233843537414966,0.028150744960560914,0.05810810810810811,0.05810810810810811,0.1662927256792287,,1.1744170042220503
heterogeneity_entropy,6003,10,iid,B0,3,1,2051,513,True,True,0.7758284600389863,0.5032794752839546,0.011145339379045376,0.03795546558704453,0.03795546558704453,0.18144058703402444,,1.1603749881032854
heterogeneity_entropy,6003,10,iid,B0,3,2,2051,513,True,True,0.7563352826510721,0.5348305804008618,0.0343167701863354,0.03296703296703296,0.03296703296703296,0.18530020703933747,,1.1915829963982105
heterogeneity_entropy,6003,10,iid,B0,3,3,2051,513,True,True,0.7777777777777778,0.5395408163265306,0.03817431630634932,0.07580878802510865,0.07580878802510865,0.17687376389551934,,1.176791003672406
heterogeneity_entropy,6003,10,iid,B0,3,4,2051,513,True,True,0.7699805068226121,0.4998843357567746,0.026239067055393587,0.08571428571428572,0.08571428571428572,0.15047161721831592,,1.1605000181589276
heterogeneity_entropy,6003,10,iid,B0,3,5,2051,513,True,True,0.7797270955165692,0.5055737984562241,0.022555734153330072,0.018846373500856647,0.018846373500856647,0.18037598714096026,,1.1600830184761435
heterogeneity_entropy,6003,10,iid,B0,3,6,2051,513,True,True,0.7641325536062378,0.5196071602702514,0.016300940438871474,0.007918025151374006,0.007918025151374006,0.1868861024033438,,1.1617499985732138
heterogeneity_entropy,6003,10,iid,B0,3,7,2050,513,True,True,0.7719298245614035,0.5071884262642352,0.022913710151950435,0.027777777777777776,0.027777777777777776,0.18722093385483363,,1.1847919959109277
heterogeneity_entropy,6003,10,iid,B0,3,8,2050,513,True,True,0.7621832358674464,0.495436955820703,0.010020253704295917,0.06359649122807018,0.06359649122807018,0.21703443129730304,,1.1784999805968255
heterogeneity_entropy,6003,10,iid,B0,3,9,2050,513,True,True,0.7777777777777778,0.510725520380162,0.01806109811476538,0.1645299145299145,0.1645299145299145,0.19020916471721472,,1.1785410169977695
heterogeneity_entropy,6003,10,iid,B0,4,0,2051,513,True,True,0.7699805068226121,0.5288449564134496,0.03386503067484663,0.06711711711711711,0.06711711711711711,0.1662927256792287,,1.1869579902850091
heterogeneity_entropy,6003,10,iid,B0,4,1,2051,513,True,True,0.7797270955165692,0.5180695847362514,0.016925686199854625,0.0187246963562753,0.0187246963562753,0.17566024021321514,,1.1803749948740005
heterogeneity_entropy,6003,10,iid,B0,4,2,2051,513,True,True,0.7563352826510721,0.5348305804008618,0.0343167701863354,0.03296703296703296,0.03296703296703296,0.18530020703933747,,1.1775000020861626
heterogeneity_entropy,6003,10,iid,B0,4,3,2051,513,True,True,0.7777777777777778,0.5448163138231632,0.0440394189456455,0.08498309995171416,0.08498309995171416,0.17687376389551934,,1.1684169876389205
heterogeneity_entropy,6003,10,iid,B0,4,4,2051,513,True,True,0.7719298245614035,0.5071884262642352,0.029154518950437316,0.09523809523809523,0.09523809523809523,0.1475561653232722,,1.160832995083183
heterogeneity_entropy,6003,10,iid,B0,4,5,2051,513,True,True,0.7797270955165692,0.5055737984562241,0.022555734153330072,0.018846373500856647,0.018846373500856647,0.18037598714096026,,1.1662500037346035
heterogeneity_entropy,6003,10,iid,B0,4,6,2051,513,True,True,0.7641325536062378,0.5196071602702514,0.016300940438871474,0.007918025151374006,0.007918025151374006,0.1868861024033438,,1.1787500116042793
heterogeneity_entropy,6003,10,iid,B0,4,7,2050,513,True,True,0.7758284600389863,0.5215056815877624,0.02869405697275968,0.046296296296296294,0.046296296296296294,0.18144058703402444,,1.1619169963523746
heterogeneity_entropy,6003,10,iid,B0,4,8,2050,513,True,True,0.7621832358674464,0.495436955820703,0.010020253704295917,0.06359649122807018,0.06359649122807018,0.21703443129730304,,1.161583000794053
heterogeneity_entropy,6003,10,iid,B0,4,9,2050,513,True,True,0.7797270955165692,0.5180695847362514,0.01515412137057933,0.15491452991452992,0.15491452991452992,0.18730218797302867,,1.159667008323595
heterogeneity_entropy,6003,10,iid,B0,5,0,2051,513,True,True,0.7699805068226121,0.5288449564134496,0.03386503067484663,0.06711711711711711,0.06711711711711711,0.1662927256792287,,1.196666999021545
heterogeneity_entropy,6003,10,iid,B0,5,1,2051,513,True,True,0.7797270955165692,0.5240366851953725,0.02270603302066387,0.009109311740890677,0.009109311740890677,0.17566024021321514,,1.1612919915933162
heterogeneity_entropy,6003,10,iid,B0,5,2,2051,513,True,True,0.7582846003898636,0.5409064665127021,0.037215320910973085,0.04151404151404153,0.04151404151404153,0.18240165631469973,,1.1713330168277025
heterogeneity_entropy,6003,10,iid,B0,5,3,2051,513,True,True,0.7816764132553606,0.5578403004371114,0.049904521584941686,0.10333172380492517,0.10333172380492517,0.17100866125622316,,1.1813330056611449
heterogeneity_entropy,6003,10,iid,B0,5,4,2051,513,True,True,0.7719298245614035,0.5131840412675497,0.02618761790430458,0.04978354978354978,0.04978354978354978,0.15635397015949237,,1.2252920132596046
heterogeneity_entropy,6003,10,iid,B0,5,5,2051,513,True,True,0.7816764132553606,0.5253139458030404,0.036882381717799985,0.04797258709308966,0.04797258709308966,0.17751065762806628,,1.1790409917011857
heterogeneity_entropy,6003,10,iid,B0,5,6,2051,513,True,True,0.7641325536062378,0.5249745548047416,0.01311389759665622,0.0009315323707498879,0.009443310988050131,0.17795193312434698,,1.1651249951682985
heterogeneity_entropy,6003,10,iid,B0,5,7,2050,513,True,True,0.7738791423001949,0.5202515317639471,0.03158423038316431,0.046296296296296294,0.046296296296296294,0.1843307604444291,,1.1738750035874546
heterogeneity_entropy,6003,10,iid,B0,5,8,2050,513,True,True,0.7641325536062378,0.5084066556320237,0.01849482997548236,0.04605263157894737,0.04605263157894737,0.21420957254024098,,1.1573749943636358
heterogeneity_entropy,6003,10,iid,B0,5,9,2050,513,True,True,0.7855750487329435,0.5395123384253819,0.006433191138021193,0.12606837606837606,0.12606837606837606,0.17858125774047062,,1.1572089861147106
heterogeneity_entropy,6003,10,joint_dirichlet_1.0,B0,1,0,3980,996,True,True,0.9497991967871486,0.48712667353244077,0.0,0.0,0.0,0.017994453364472363,,1.9343340245541185
heterogeneity_entropy,6003,10,joint_dirichlet_1.0,B0,1,1,1386,347,True,True,0.8040345821325648,0.4731153983565559,0.007547169811320755,0.03333333333333333,0.03333333333333333,0.09691670501610672,,1.0719170095399022
heterogeneity_entropy,6003,10,joint_dirichlet_1.0,B0,1,2,1577,395,True,True,0.7316455696202532,0.6156458838216934,0.13173171616648527,0.0,0.1368274582560297,0.22010573783237442,,1.1237080034334213
heterogeneity_entropy,6003,10,joint_dirichlet_1.0,B0,1,3,2148,537,True,True,0.7653631284916201,0.5171965977851353,0.01446836057614501,0.1362847222222222,0.1362847222222222,0.27101472730215237,,1.249167020432651
heterogeneity_entropy,6003,10,joint_dirichlet_1.0,B0,1,4,892,224,True,True,0.8035714285714286,0.5213675213675213,0.04390243902439025,0.03795066413662239,0.03795066413662239,0.3691056910569106,,0.8565830066800117
heterogeneity_entropy,6003,10,joint_dirichlet_1.0,B0,1,5,2342,586,True,True,0.8549488054607508,0.4609015639374425,0.0,0.0,0.0,0.6092366743019872,,1.3044170045759529
heterogeneity_entropy,6003,10,joint_dirichlet_1.0,B0,1,6,788,197,True,True,0.9796954314720813,0.4948717948717949,0.0,0.0,0.0,0.057163120567375825,,0.8260829781647772
heterogeneity_entropy,6003,10,joint_dirichlet_1.0,B0,1,7,2378,595,True,False,0.7394957983193278,0.7145169927781854,0.3559218559218559,0.21103238866396756,0.21103238866396756,0.14652014652014644,,1.284291996853426
heterogeneity_entropy,6003,10,joint_dirichlet_1.0,B0,1,8,3152,788,True,True,0.8274111675126904,0.5048787699586044,0.024390243902439025,0.057971014492753624,0.057971014492753624,0.3430803759111577,,1.5120830212254077
heterogeneity_entropy,6003,10,joint_dirichlet_1.0,B0,1,9,1863,466,True,True,0.7317596566523605,0.6642167459288082,0.18250276854928016,0.22838196286472148,0.22838196286472148,0.16194503171247354,,1.1832079908344895
heterogeneity_entropy,6003,10,joint_dirichlet_1.0,B0,2,0,3980,996,True,True,0.9508032128514057,0.5069854835288057,0.0012903225806451613,0.023809523809523808,0.023809523809523808,0.016704130783827154,,1.7084999999497086
heterogeneity_entropy,6003,10,joint_dirichlet_1.0,B0,2,1,1386,347,True,True,0.8069164265129684,0.4871506408135354,0.011320754716981131,0.05,0.05,0.09314312011044634,,1.0127909772563726
heterogeneity_entropy,6003,10,joint_dirichlet_1.0,B0,2,2,1577,395,True,False,0.8075949367088607,0.7941353960939215,0.4185715026175296,0.23141277462534549,0.2560296846011132,0.07108795936349965,,1.0596670035738498
heterogeneity_entropy,6003,10,joint_dirichlet_1.0,B0,2,3,2148,537,True,True,0.7653631284916201,0.5171965977851353,0.01446836057614501,0.1362847222222222,0.1362847222222222,0.27101472730215237,,1.2186669919174165
heterogeneity_entropy,6003,10,joint_dirichlet_1.0,B0,2,4,892,224,True,True,0.8080357142857143,0.539909242894674,0.037804878048780494,0.020872865275142316,0.020872865275142316,0.37520325203252036,,0.8326249953825027
heterogeneity_entropy,6003,10,joint_dirichlet_1.0,B0,2,5,2342,586,True,True,0.8549488054607508,0.4723237459611208,0.003590664272890485,0.015625,0.015625,0.6092366743019872,,1.2882910086773336
heterogeneity_entropy,6003,10,joint_dirichlet_1.0,B0,2,6,788,197,True,True,0.9796954314720813,0.4948717948717949,0.0,0.0,0.0,0.057163120567375825,,0.8019169908948243
heterogeneity_entropy,6003,10,joint_dirichlet_1.0,B0,2,7,2378,595,True,False,0.7361344537815127,0.733603109555953,0.3197496947496948,0.06351214574898789,0.11435897435897438,0.20772283272283265,,1.2651669967453927
heterogeneity_entropy,6003,10,joint_dirichlet_1.0,B0,2,8,3152,788,True,True,0.8274111675126904,0.5106215865709537,0.02981029810298103,0.06521739130434782,0.06521739130434782,0.3430803759111577,,1.4762499777134508
heterogeneity_entropy,6003,10,joint_dirichlet_1.0,B0,2,9,1863,466,True,True,0.6845493562231759,0.5497170201996964,0.09535890466123025,0.129973474801061,0.129973474801061,0.24441759790596995,,1.127166993683204
heterogeneity_entropy,6003,10,joint_dirichlet_1.0,B0,3,0,3980,996,True,True,0.9518072289156626,0.5260904044409199,0.0025806451612903226,0.047619047619047616,0.047619047619047616,0.015413808203182056,,1.697999978205189
heterogeneity_entropy,6003,10,joint_dirichlet_1.0,B0,3,1,1386,347,True,True,0.8097982708933718,0.5008282476024412,0.01509433962264151,0.06666666666666667,0.06666666666666667,0.08936953520478597,,1.0019589972216636
heterogeneity_entropy,6003,10,joint_dirichlet_1.0,B0,3,2,1577,395,True,False,0.6911392405063291,0.6906931964056482,0.3414191675737315,0.23861486978029972,0.23861486978029972,0.02731560669672939,,1.0589580051600933
heterogeneity_entropy,6003,10,joint_dirichlet_1.0,B0,3,3,2148,537,True,True,0.7653631284916201,0.5171965977851353,0.01446836057614501,0.1362847222222222,0.1362847222222222,0.27101472730215237,,1.2106249923817813
heterogeneity_entropy,6003,10,joint_dirichlet_1.0,B0,3,4,892,224,True,True,0.8080357142857143,0.539909242894674,0.037804878048780494,0.020872865275142316,0.020872865275142316,0.37520325203252036,,0.833583006169647
heterogeneity_entropy,6003,10,joint_dirichlet_1.0,B0,3,5,2342,586,True,True,0.856655290102389,0.4839818852733982,0.005385996409335727,0.03125,0.03125,0.6110320064384325,,1.2549999810289592
heterogeneity_entropy,6003,10,joint_dirichlet_1.0,B0,3,6,788,197,True,True,0.9796954314720813,0.4948717948717949,0.0,0.0,0.0,0.057163120567375825,,0.8040829852689058
heterogeneity_entropy,6003,10,joint_dirichlet_1.0,B0,3,7,2378,595,True,True,0.6571428571428571,0.6373512118170085,0.23687423687423687,0.2540485829959514,0.2540485829959514,0.2490842490842491,,1.260708027984947
heterogeneity_entropy,6003,10,joint_dirichlet_1.0,B0,3,8,3152,788,True,True,0.8312182741116751,0.5348308722032108,0.04336043360433604,0.09420289855072464,0.09420289855072464,0.33495029461034465,,1.4909590245224535
heterogeneity_entropy,6003,10,joint_dirichlet_1.0,B0,3,9,1863,466,True,True,0.6695278969957081,0.5167797888386123,0.07210309070774187,0.0816976127320955,0.0816976127320955,0.26767341185945837,,1.1317089956719428
heterogeneity_entropy,6003,10,joint_dirichlet_1.0,B0,4,0,3980,996,True,True,0.9518072289156626,0.5260904044409199,0.0025806451612903226,0.047619047619047616,0.047619047619047616,0.015413808203182056,,1.6905410157050937
heterogeneity_entropy,6003,10,joint_dirichlet_1.0,B0,4,1,1386,347,True,True,0.8097982708933718,0.5008282476024412,0.01509433962264151,0.06666666666666667,0.06666666666666667,0.08936953520478597,,0.9985840006265789
heterogeneity_entropy,6003,10,joint_dirichlet_1.0,B0,4,2,1577,395,True,False,0.6354430379746835,0.6347665279704116,0.28676203804488676,0.1754692274116107,0.1754692274116107,0.11799616441196292,,1.051125000230968
heterogeneity_entropy,6003,10,joint_dirichlet_1.0,B0,4,3,2148,537,True,True,0.7672253258845437,0.5236422473441059,0.017171063278847713,0.1284722222222222,0.1284722222222222,0.2683120245994497,,1.218416990013793
heterogeneity_entropy,6003,10,joint_dirichlet_1.0,B0,4,4,892,224,True,True,0.7991071428571429,0.5477184008614888,0.058943089430894303,0.011385199240986715,0.020877316443818905,0.36300813008130084,,0.8337920007761568
heterogeneity_entropy,6003,10,joint_dirichlet_1.0,B0,4,5,2342,586,True,True,0.8617747440273038,0.5174797450468126,0.025506097938463444,0.014880952380952384,0.014880952380952384,0.5801399120906332,,1.2712079915218055
heterogeneity_entropy,6003,10,joint_dirichlet_1.0,B0,4,6,788,197,True,True,0.9746192893401016,0.493573264781491,0.02127659574468085,0.0,0.022727272727272728,0.0784397163120567,,0.8148750057443976
heterogeneity_entropy,6003,10,joint_dirichlet_1.0,B0,4,7,2378,595,True,True,0.6285714285714286,0.5963947317534324,0.1923076923076923,0.25860323886639675,0.25860323886639675,0.26984126984126977,,1.3135419867467135
heterogeneity_entropy,6003,10,joint_dirichlet_1.0,B0,4,8,3152,788,True,True,0.8312182741116751,0.5348308722032108,0.04336043360433604,0.09420289855072464,0.09420289855072464,0.33495029461034465,,1.496375014539808
heterogeneity_entropy,6003,10,joint_dirichlet_1.0,B0,4,9,1863,466,True,True,0.6695278969957081,0.5133324291333243,0.06545857243531662,0.07480106100795755,0.07480106100795755,0.26767341185945837,,1.1391669977456331
heterogeneity_entropy,6003,10,joint_dirichlet_1.0,B0,5,0,3980,996,True,True,0.9528112449799196,0.5444841242811409,0.003870967741935484,0.07142857142857142,0.07142857142857142,0.014123485622536847,,1.706583017949015
heterogeneity_entropy,6003,10,joint_dirichlet_1.0,B0,5,1,1386,347,True,True,0.8097982708933718,0.5008282476024412,0.01509433962264151,0.06666666666666667,0.06666666666666667,0.08936953520478597,,0.9954999841284007
heterogeneity_entropy,6003,10,joint_dirichlet_1.0,B0,5,2,1577,395,True,False,0.6025316455696202,0.5995647934706106,0.27020162753330224,0.19969445656918378,0.19969445656918378,0.11620795107033632,,1.0567499848548323
heterogeneity_entropy,6003,10,joint_dirichlet_1.0,B0,5,3,2148,537,True,True,0.7690875232774674,0.5300112930547713,0.019873765981550415,0.12065972222222221,0.12065972222222221,0.265609321896747,,1.2106250214856118
heterogeneity_entropy,6003,10,joint_dirichlet_1.0,B0,5,4,892,224,True,True,0.8035714285714286,0.5642793987621574,0.07560975609756099,0.04364326375711575,0.04364326375711575,0.3463414634146341,,0.8342090004589409
heterogeneity_entropy,6003,10,joint_dirichlet_1.0,B0,5,5,2342,586,True,True,0.8617747440273038,0.5360797537018033,0.018324769392682475,0.046130952380952384,0.046130952380952384,0.5801399120906332,,1.3000420003663749
heterogeneity_entropy,6003,10,joint_dirichlet_1.0,B0,5,6,788,197,True,True,0.9746192893401016,0.493573264781491,0.02127659574468085,0.0,0.022727272727272728,0.0784397163120567,,0.8084999863058329
heterogeneity_entropy,6003,10,joint_dirichlet_1.0,B0,5,7,2378,595,True,False,0.6184873949579832,0.5819055313590199,0.17643467643467642,0.23557692307692307,0.23557692307692307,0.28174603174603174,,1.2671250151470304
heterogeneity_entropy,6003,10,joint_dirichlet_1.0,B0,5,8,3152,788,True,True,0.8324873096446701,0.550818765978028,0.04162058327027184,0.09130434782608697,0.09130434782608697,0.32714360556493394,,1.492415991378948
heterogeneity_entropy,6003,10,joint_dirichlet_1.0,B0,5,9,1863,466,True,True,0.6716738197424893,0.5147518222839291,0.06213631329910399,0.07480106100795755,0.07480106100795755,0.2643511527232457,,1.143500005127862
heterogeneity_entropy,6003,10,joint_dirichlet_0.3,B0,1,0,3812,953,True,True,0.9905561385099685,0.4976278334211914,0.0,0.0,0.0,0.06602784998891642,,1.8215420132037252
heterogeneity_entropy,6003,10,joint_dirichlet_0.3,B0,1,1,1132,284,True,False,0.7887323943661971,0.7724358974358975,0.5481481481481482,0.0,,0.4444444444444444,"equalized_odds_gap,false_positive_rate_gap",1.0037919855676591
heterogeneity_entropy,6003,10,joint_dirichlet_0.3,B0,1,2,3319,830,True,True,0.9698795180722891,0.529382413644508,0.0018181818181818182,0.041666666666666664,0.041666666666666664,0.03467532467532475,,1.5627089887857437
heterogeneity_entropy,6003,10,joint_dirichlet_0.3,B0,1,3,4660,1165,True,True,0.7648068669527897,0.7025446914463778,0.26198104127938404,,,0.32804321744518716,"equal_opportunity_gap,equalized_odds_gap",1.9949999987147748
heterogeneity_entropy,6003,10,joint_dirichlet_0.3,B0,1,4,1973,494,True,True,0.9777327935222672,0.49437052200614123,0.0,0.0,0.0,0.7671517671517671,,1.2362090055830777
heterogeneity_entropy,6003,10,joint_dirichlet_0.3,B0,1,5,389,98,True,True,0.7448979591836735,0.4630725399956169,0.01388888888888884,0.0,,0.3472222222222222,"equalized_odds_gap,false_positive_rate_gap",0.8609580108895898
heterogeneity_entropy,6003,10,joint_dirichlet_0.3,B0,1,6,1392,349,True,True,0.7363896848137536,0.54308970856102,0.1383373445647814,0.03849206349206351,,0.7353088648215002,"equalized_odds_gap,false_positive_rate_gap",1.0215000074822456
heterogeneity_entropy,6003,10,joint_dirichlet_0.3,B0,1,7,2510,628,True,True,0.7308917197452229,0.5186648223315722,0.003117055377473199,0.0,0.010909090909090868,0.004664529678346407,,1.4281249896157533
heterogeneity_entropy,6003,10,joint_dirichlet_0.3,B0,1,8,1222,306,True,True,0.8496732026143791,0.4800531914893617,0.003484320557491289,,,0.16027874564459932,"equal_opportunity_gap,equalized_odds_gap",0.9527500078547746
heterogeneity_entropy,6003,10,joint_dirichlet_0.3,B0,1,9,96,25,True,False,1.0,1.0,,,,,"comparison_groups,subgroup_accuracy_gap",0.5992089863866568
heterogeneity_entropy,6003,10,joint_dirichlet_0.3,B0,2,0,3812,953,True,True,0.9905561385099685,0.4976278334211914,0.0,0.0,0.0,0.06602784998891642,,1.679792010691017
heterogeneity_entropy,6003,10,joint_dirichlet_0.3,B0,2,1,1132,284,True,False,0.8380281690140845,0.8376336067611235,0.6924185930897341,0.7516778523489933,,0.18165548098434003,"equalized_odds_gap,false_positive_rate_gap",0.9397499961778522
heterogeneity_entropy,6003,10,joint_dirichlet_0.3,B0,2,2,3319,830,True,True,0.9698795180722891,0.529382413644508,0.0018181818181818182,0.041666666666666664,0.041666666666666664,0.03467532467532475,,1.5223750087898225
heterogeneity_entropy,6003,10,joint_dirichlet_0.3,B0,2,3,4660,1165,True,True,0.7270386266094421,0.6126962288925875,0.14396696067186118,,,0.39655763424699075,"equal_opportunity_gap,equalized_odds_gap",1.9187080033589154
heterogeneity_entropy,6003,10,joint_dirichlet_0.3,B0,2,4,1973,494,True,True,0.9757085020242915,0.49385245901639346,0.002079002079002079,0.0,0.0020833333333333333,0.7650727650727651,,1.1700839968398213
heterogeneity_entropy,6003,10,joint_dirichlet_0.3,B0,2,5,389,98,True,False,0.8571428571428571,0.825,0.41666666666666663,0.19565217391304346,,0.19444444444444442,"equalized_odds_gap,false_positive_rate_gap",0.7129999867174774
heterogeneity_entropy,6003,10,joint_dirichlet_0.3,B0,2,6,1392,349,True,True,0.7191977077363897,0.4933937670340088,0.05500401123144806,0.044841269841269835,,0.8186421981548335,"equalized_odds_gap,false_positive_rate_gap",0.9910000080708414
heterogeneity_entropy,6003,10,joint_dirichlet_0.3,B0,2,7,2510,628,True,True,0.8057324840764332,0.7592266693483507,0.18865922405217206,0.1346642468239565,0.31636363636363635,0.001724328506687356,,1.3440830225590616
heterogeneity_entropy,6003,10,joint_dirichlet_0.3,B0,2,8,1222,306,True,True,0.8464052287581699,0.4786674883097111,0.006968641114982578,,,0.16376306620209058,"equal_opportunity_gap,equalized_odds_gap",0.9425829921383411
heterogeneity_entropy,6003,10,joint_dirichlet_0.3,B0,2,9,96,25,True,False,1.0,1.0,,,,,"comparison_groups,subgroup_accuracy_gap",0.5920419935137033
heterogeneity_entropy,6003,10,joint_dirichlet_0.3,B0,3,0,3812,953,True,True,0.9905561385099685,0.4976278334211914,0.0,0.0,0.0,0.06602784998891642,,1.6738339909352362
heterogeneity_entropy,6003,10,joint_dirichlet_0.3,B0,3,1,1132,284,True,False,0.7288732394366197,0.7174932499644735,0.4885408898831718,0.5033557046979866,,0.4744220730797911,"equalized_odds_gap,false_positive_rate_gap",0.9335840004496276
heterogeneity_entropy,6003,10,joint_dirichlet_0.3,B0,3,2,3319,830,True,True,0.9674698795180723,0.5262056280259625,6.493506493506504e-05,0.041666666666666664,0.041666666666666664,0.03292207792207791,,1.532542024506256
heterogeneity_entropy,6003,10,joint_dirichlet_0.3,B0,3,3,4660,1165,True,True,0.7184549356223175,0.5871543773823004,0.11671874381995807,,,0.4133508681722897,"equal_opportunity_gap,equalized_odds_gap",1.9116250041406602
heterogeneity_entropy,6003,10,joint_dirichlet_0.3,B0,3,4,1973,494,True,True,0.9777327935222672,0.5712820512820513,0.07484407484407485,0.1,0.1,0.6881496881496881,,1.1661250027827919
heterogeneity_entropy,6003,10,joint_dirichlet_0.3,B0,3,5,389,98,True,False,0.7244897959183674,0.7112299465240641,0.34188034188034183,0.14381270903010024,,0.008547008547008517,"equalized_odds_gap,false_positive_rate_gap",0.7141669921111315
heterogeneity_entropy,6003,10,joint_dirichlet_0.3,B0,3,6,1392,349,True,True,0.7191977077363897,0.5002630040911747,0.04778379462494986,0.0734126984126984,,0.8186421981548335,"equalized_odds_gap,false_positive_rate_gap",0.9967919904738665
heterogeneity_entropy,6003,10,joint_dirichlet_0.3,B0,3,7,2510,628,True,True,0.7388535031847133,0.7260034904013961,0.15390737260970488,0.2131578947368421,0.2131578947368421,0.14334033381231348,,1.3281659921631217
heterogeneity_entropy,6003,10,joint_dirichlet_0.3,B0,3,8,1222,306,True,True,0.8464052287581699,0.4786674883097111,0.006968641114982578,,,0.16376306620209058,"equal_opportunity_gap,equalized_odds_gap",0.9433329978492111
heterogeneity_entropy,6003,10,joint_dirichlet_0.3,B0,3,9,96,25,True,False,1.0,1.0,,,,,"comparison_groups,subgroup_accuracy_gap",0.5908750172238797
heterogeneity_entropy,6003,10,joint_dirichlet_0.3,B0,4,0,3812,953,True,True,0.9905561385099685,0.4976278334211914,0.0,0.0,0.0,0.06602784998891642,,1.6641670081298798
heterogeneity_entropy,6003,10,joint_dirichlet_0.3,B0,4,1,1132,284,True,False,0.676056338028169,0.6538053847784608,0.3878697489435744,0.40268456375838924,,0.5750932140193885,"equalized_odds_gap,false_positive_rate_gap",0.9405830060131848
heterogeneity_entropy,6003,10,joint_dirichlet_0.3,B0,4,2,3319,830,True,True,0.9674698795180723,0.5262056280259625,6.493506493506504e-05,0.041666666666666664,0.041666666666666664,0.03292207792207791,,1.5534590056631714
heterogeneity_entropy,6003,10,joint_dirichlet_0.3,B0,4,3,4660,1165,True,True,0.7107296137339055,0.5702984341156371,0.10506071273187517,,,0.42500889926037255,"equal_opportunity_gap,equalized_odds_gap",1.9069580012001097
heterogeneity_entropy,6003,10,joint_dirichlet_0.3,B0,4,4,1973,494,True,True,0.9777327935222672,0.5712820512820513,0.07484407484407485,0.1,0.1,0.6881496881496881,,1.18041702080518
heterogeneity_entropy,6003,10,joint_dirichlet_0.3,B0,4,5,389,98,True,False,0.6428571428571429,0.6383001159970474,0.32371794871794873,0.15886287625418066,,0.03739316239316237,"equalized_odds_gap,false_positive_rate_gap",0.7136659987736493
heterogeneity_entropy,6003,10,joint_dirichlet_0.3,B0,4,6,1392,349,True,True,0.7191977077363897,0.5068915801614763,0.04056357801845167,0.10198412698412698,,0.8186421981548335,"equalized_odds_gap,false_positive_rate_gap",0.9940000018104911
heterogeneity_entropy,6003,10,joint_dirichlet_0.3,B0,4,7,2510,628,True,True,0.660828025477707,0.6571551598194583,0.14857963965955567,0.21424682395644284,0.21424682395644284,0.15061346302641754,,1.3159160153008997
heterogeneity_entropy,6003,10,joint_dirichlet_0.3,B0,4,8,1222,306,True,True,0.8464052287581699,0.4786674883097111,0.006968641114982578,,,0.16376306620209058,"equal_opportunity_gap,equalized_odds_gap",0.9387919853907079
heterogeneity_entropy,6003,10,joint_dirichlet_0.3,B0,4,9,96,25,True,False,1.0,1.0,,,,,"comparison_groups,subgroup_accuracy_gap",0.5876669893041253
heterogeneity_entropy,6003,10,joint_dirichlet_0.3,B0,5,0,3812,953,True,True,0.9895068205666316,0.49736286919831224,0.001199040767386091,0.0,0.0012004801920768306,0.06482880922153034,,1.6884159995242953
heterogeneity_entropy,6003,10,joint_dirichlet_0.3,B0,5,1,1132,284,True,False,0.6338028169014085,0.5986956521739131,0.30733283619189655,0.3221476510067114,,0.6556301267710664,"equalized_odds_gap,false_positive_rate_gap",0.9250000002793968
heterogeneity_entropy,6003,10,joint_dirichlet_0.3,B0,5,2,3319,830,True,True,0.9662650602409638,0.5247443762781187,0.0018831168831168837,0.041666666666666664,0.041666666666666664,0.03474025974025974,,1.5110000094864517
heterogeneity_entropy,6003,10,joint_dirichlet_0.3,B0,5,3,4660,1165,True,True,0.7098712446351931,0.5683936619841813,0.1037653759443104,,,0.4263042360479373,"equal_opportunity_gap,equalized_odds_gap",1.9032089912798256
heterogeneity_entropy,6003,10,joint_dirichlet_0.3,B0,5,4,1973,494,True,True,0.9777327935222672,0.5712820512820513,0.07484407484407485,0.1,0.1,0.6881496881496881,,1.165166002465412
heterogeneity_entropy,6003,10,joint_dirichlet_0.3,B0,5,5,389,98,True,False,0.5408163265306123,0.5407685098406747,0.3055555555555556,0.19565217391304346,,0.05555555555555558,"equalized_odds_gap,false_positive_rate_gap",0.7142090180423111
heterogeneity_entropy,6003,10,joint_dirichlet_0.3,B0,5,6,1392,349,True,True,0.7163323782234957,0.5051205293839609,0.03695346971520257,0.10198412698412698,,0.8150320898515845,"equalized_odds_gap,false_positive_rate_gap",1.0038749896921217
heterogeneity_entropy,6003,10,joint_dirichlet_0.3,B0,5,7,2510,628,True,False,0.6098726114649682,0.609150144161766,0.14827014479938103,0.2016333938294011,0.2016333938294011,0.13354703216535874,,1.3267920003272593
heterogeneity_entropy,6003,10,joint_dirichlet_0.3,B0,5,8,1222,306,True,True,0.8464052287581699,0.4786674883097111,0.006968641114982578,,,0.16376306620209058,"equal_opportunity_gap,equalized_odds_gap",0.951250025536865
heterogeneity_entropy,6003,10,joint_dirichlet_0.3,B0,5,9,96,25,True,False,1.0,1.0,,,,,"comparison_groups,subgroup_accuracy_gap",0.587833026656881
heterogeneity_entropy,6004,10,iid,B0,1,0,2051,513,True,True,0.7563352826510721,0.47989747998669835,0.023391812865497075,0.06422018348623854,0.06422018348623854,0.1900584795321637,,1.383833005093038
heterogeneity_entropy,6004,10,iid,B0,1,1,2051,513,True,True,0.7563352826510721,0.5250175919410393,0.03957931638913234,0.061111111111111116,0.061111111111111116,0.2042769500438213,,1.2875840184278786
heterogeneity_entropy,6004,10,iid,B0,1,2,2051,513,True,True,0.7797270955165692,0.5240366851953725,0.03768115942028986,0.11538461538461539,0.11538461538461539,0.15051759834368528,,1.4008749858476222
heterogeneity_entropy,6004,10,iid,B0,1,3,2051,513,True,True,0.7641325536062378,0.4839506172839506,0.0032165955690105965,0.11261682242990653,0.11261682242990653,0.2017338654190175,,1.302374992519617
heterogeneity_entropy,6004,10,iid,B0,1,4,2051,513,True,True,0.7699805068226121,0.4998843357567746,0.02865329512893983,0.08411214953271028,0.08411214953271028,0.16781396323991893,,1.2225419923197478
heterogeneity_entropy,6004,10,iid,B0,1,5,2051,513,True,True,0.7680311890838206,0.4724274714163491,0.005847953216374269,0.01453634085213032,0.01453634085213032,0.1900584795321637,,1.211082999361679
heterogeneity_entropy,6004,10,iid,B0,1,6,2051,513,True,True,0.7680311890838206,0.48600223964165734,0.005967400941144379,0.04716117216117215,0.04716117216117215,0.1827900156857396,,1.2960830063093454
heterogeneity_entropy,6004,10,iid,B0,1,7,2050,513,True,True,0.7699805068226121,0.5233843537414966,0.031151722692012024,0.05909090909090908,0.05909090909090908,0.16781396323991893,,1.2043750029988587
heterogeneity_entropy,6004,10,iid,B0,1,8,2050,513,True,True,0.7758284600389863,0.5272268301478543,0.036312849162011177,0.11607142857142858,0.11607142857142858,0.17331050639754908,,1.2173340073786676
heterogeneity_entropy,6004,10,iid,B0,1,9,2050,513,True,True,0.7699805068226121,0.4935579947794659,0.005486542443064183,0.06260118726389638,0.06260118726389638,0.20926501035196687,,1.1750420089811087
heterogeneity_entropy,6004,10,iid,B0,2,0,2051,513,True,True,0.7582846003898636,0.4871654305062883,0.02631578947368421,0.07339449541284404,0.07339449541284404,0.1871345029239766,,1.3600420206785202
heterogeneity_entropy,6004,10,iid,B0,2,1,2051,513,True,True,0.7524366471734892,0.5122296341216899,0.03386503067484663,0.04444444444444445,0.04444444444444445,0.20999123575810696,,1.2243750097695738
heterogeneity_entropy,6004,10,iid,B0,2,2,2051,513,True,True,0.7816764132553606,0.5311398354876615,0.04057971014492753,0.125,0.125,0.14761904761904765,,1.1832079908344895
heterogeneity_entropy,6004,10,iid,B0,2,3,2051,513,True,True,0.7680311890838206,0.5048624009473368,0.00041282509976606555,0.08457943925233645,0.08457943925233645,0.1870957754231457,,1.1727499950211495
heterogeneity_entropy,6004,10,iid,B0,2,4,2051,513,True,True,0.7660818713450293,0.4976498237367803,0.025421063666224056,0.08411214953271028,0.08411214953271028,0.16458173177720314,,1.160832995083183
heterogeneity_entropy,6004,10,iid,B0,2,5,2051,513,True,True,0.7699805068226121,0.48030563186813185,0.008771929824561403,0.005012531328320802,0.005012531328320802,0.1871345029239766,,1.1555000091902912
heterogeneity_entropy,6004,10,iid,B0,2,6,2051,513,True,True,0.7660818713450293,0.4849742319791178,0.00889995226079247,0.04716117216117215,0.04716117216117215,0.1857225670053877,,1.153833989519626
heterogeneity_entropy,6004,10,iid,B0,2,7,2050,513,True,True,0.7719298245614035,0.5301499080198834,0.03401705220490601,0.06818181818181818,0.06818181818181818,0.16494863372702495,,1.1499169922899455
heterogeneity_entropy,6004,10,iid,B0,2,8,2050,513,True,True,0.7777777777777778,0.5341119112867249,0.02986123625878537,0.053571428571428575,0.053571428571428575,0.1797621193007749,,1.1585830070544034
heterogeneity_entropy,6004,10,iid,B0,2,9,2050,513,True,True,0.7680311890838206,0.4924803591470258,0.008385093167701863,0.06260118726389638,0.06260118726389638,0.2121635610766045,,1.152792014181614
heterogeneity_entropy,6004,10,iid,B0,3,0,2051,513,True,True,0.7621832358674464,0.5014180103243898,0.03216374269005848,0.09174311926605505,0.09174311926605505,0.18128654970760238,,1.1802499939221889
heterogeneity_entropy,6004,10,iid,B0,3,1,2051,513,True,True,0.7524366471734892,0.5122296341216899,0.03386503067484663,0.04444444444444445,0.04444444444444445,0.20999123575810696,,1.1622500023804605
heterogeneity_entropy,6004,10,iid,B0,3,2,2051,513,True,True,0.7816764132553606,0.5367945823927766,0.037525879917184264,0.1346153846153846,0.1346153846153846,0.13876811594202898,,1.1607499909587204
heterogeneity_entropy,6004,10,iid,B0,3,3,2051,513,True,True,0.7660818713450293,0.5037084811351177,0.0024941516444199827,0.08457943925233645,0.08457943925233645,0.19000275216733176,,1.1525420122779906
heterogeneity_entropy,6004,10,iid,B0,3,4,2051,513,True,True,0.7660818713450293,0.5037084811351177,0.022188832203508282,0.09345794392523364,0.09345794392523364,0.1556188412886994,,1.1651669919956475
heterogeneity_entropy,6004,10,iid,B0,3,5,2051,513,True,True,0.7719298245614035,0.48807198601219665,0.0029239766081871343,0.05764411027568922,0.05764411027568922,0.1929824561403508,,1.1835420154966414
heterogeneity_entropy,6004,10,iid,B0,3,6,2051,513,True,True,0.7680311890838206,0.4924803591470258,0.011832503580440565,0.03754578754578754,0.03754578754578754,0.1827900156857396,,1.2149169924668968
heterogeneity_entropy,6004,10,iid,B0,3,7,2050,513,True,True,0.7719298245614035,0.5354879153026398,0.030784820742190227,0.07727272727272726,0.07727272727272726,0.1559857432385212,,1.1895829811692238
heterogeneity_entropy,6004,10,iid,B0,3,8,2050,513,True,True,0.7797270955165692,0.54090869492908,0.03265453234817084,0.0625,0.0625,0.1769688232113894,,1.167041016742587
heterogeneity_entropy,6004,10,iid,B0,3,9,2050,513,True,True,0.7680311890838206,0.5048624009473368,0.011128364389233956,0.04425256341068537,0.04425256341068537,0.20331262939958594,,1.1594159877859056
heterogeneity_entropy,6004,10,iid,B0,4,0,2051,513,True,True,0.7602339181286549,0.5002811458077596,0.03508771929824561,0.09174311926605505,0.09174311926605505,0.1842105263157895,,1.1854580079670995
heterogeneity_entropy,6004,10,iid,B0,4,1,2051,513,True,True,0.7543859649122807,0.5186613844870726,0.036722173531989484,0.052777777777777785,0.052777777777777785,0.20713409290096407,,1.1754999868571758
heterogeneity_entropy,6004,10,iid,B0,4,2,2051,513,True,True,0.783625730994152,0.5436711143166246,0.04042443064182195,0.14423076923076922,0.14423076923076922,0.13586956521739135,,1.160124986199662
heterogeneity_entropy,6004,10,iid,B0,4,3,2051,513,True,True,0.7660818713450293,0.5037084811351177,0.0024941516444199827,0.08457943925233645,0.08457943925233645,0.19000275216733176,,1.1562499857973307
heterogeneity_entropy,6004,10,iid,B0,4,4,2051,513,True,True,0.7660818713450293,0.5037084811351177,0.022188832203508282,0.09345794392523364,0.09345794392523364,0.1556188412886994,,1.175334007712081
heterogeneity_entropy,6004,10,iid,B0,4,5,2051,513,True,True,0.7777777777777778,0.510725520380162,0.011695906432748537,0.02907268170426064,0.02907268170426064,0.18421052631578938,,1.16395897930488
heterogeneity_entropy,6004,10,iid,B0,4,6,2051,513,True,True,0.7680311890838206,0.4924803591470258,0.011832503580440565,0.03754578754578754,0.03754578754578754,0.1827900156857396,,1.1985420132987201
heterogeneity_entropy,6004,10,iid,B0,4,7,2050,513,True,True,0.7738791423001949,0.5471232876712329,0.039380809280872175,0.09545454545454544,0.09545454545454544,0.15312041372562724,,1.1919579992536455
heterogeneity_entropy,6004,10,iid,B0,4,8,2050,513,True,True,0.7777777777777778,0.5395408163265306,0.03544782843755631,0.0625,0.0625,0.1797621193007749,,1.2417920224834234
heterogeneity_entropy,6004,10,iid,B0,4,9,2050,513,True,True,0.7680311890838206,0.510782545979084,0.016925465838509318,0.035078251484079864,0.035078251484079864,0.20331262939958594,,1.199625025037676
heterogeneity_entropy,6004,10,iid,B0,5,0,2051,513,True,True,0.7699805068226121,0.5341531736748137,0.049707602339181284,0.13761467889908258,0.13761467889908258,0.16959064327485385,,1.1783329828176647
heterogeneity_entropy,6004,10,iid,B0,5,1,2051,513,True,True,0.7563352826510721,0.5250175919410393,0.03058720420683611,0.002777777777777768,0.008695652173913044,0.2132690622261174,,1.174542005173862
heterogeneity_entropy,6004,10,iid,B0,5,2,2051,513,True,True,0.7855750487329435,0.5504588617678924,0.04332298136645963,0.15384615384615385,0.15384615384615385,0.13297101449275361,,1.1628749780356884
heterogeneity_entropy,6004,10,iid,B0,5,3,2051,513,True,True,0.7680311890838206,0.510782545979084,0.005401128388606027,0.07523364485981308,0.07523364485981308,0.1870957754231457,,1.1885419953614473
heterogeneity_entropy,6004,10,iid,B0,5,4,2051,513,True,True,0.7660818713450293,0.5095914855649736,0.02791949122929625,0.102803738317757,0.102803738317757,0.1556188412886994,,1.1578749981708825
heterogeneity_entropy,6004,10,iid,B0,5,5,2051,513,True,True,0.7758284600389863,0.5095398428731762,0.014619883040935672,0.02907268170426064,0.02907268170426064,0.1871345029239766,,1.165791996754706
heterogeneity_entropy,6004,10,iid,B0,5,6,2051,513,True,True,0.7660818713450293,0.49140779907468607,0.01476505490008866,0.03754578754578754,0.03754578754578754,0.1857225670053877,,1.158208993729204
heterogeneity_entropy,6004,10,iid,B0,5,7,2050,513,True,True,0.7719298245614035,0.5457256385998108,0.042246138793766166,0.09545454545454544,0.09545454545454544,0.1559857432385212,,1.1602089798543602
heterogeneity_entropy,6004,10,iid,B0,5,8,2050,513,True,True,0.7797270955165692,0.5462131590277506,0.03824112452694179,0.07142857142857142,0.07142857142857142,0.1769688232113894,,1.1534579971339554
heterogeneity_entropy,6004,10,iid,B0,5,9,2050,513,True,True,0.7660818713450293,0.5153061224489796,0.02562111801242236,0.02590393955747436,0.02590393955747436,0.20621118012422357,,1.1510420008562505
heterogeneity_entropy,6004,10,joint_dirichlet_1.0,B0,1,0,2587,647,True,True,0.9180834621329211,0.49679360187834765,0.006622516556291391,0.027777777777777776,0.027777777777777776,0.1954977568895535,,1.536208001198247
heterogeneity_entropy,6004,10,joint_dirichlet_1.0,B0,1,1,1091,273,True,True,0.8461538461538461,0.4808946034045635,0.00546448087431694,0.05263157894736842,0.05263157894736842,0.1683060109289618,,0.978374999249354
heterogeneity_entropy,6004,10,joint_dirichlet_1.0,B0,1,2,1077,270,True,True,0.8925925925925926,0.5320064550833782,0.013888888888888888,0.04090909090909091,0.04090909090909091,0.09722222222222232,,0.936042022658512
heterogeneity_entropy,6004,10,joint_dirichlet_1.0,B0,1,3,971,243,True,True,0.7777777777777778,0.5008368837492392,0.03333333333333333,0.08163265306122448,0.08163265306122448,0.22064516129032252,,0.8956250094342977
heterogeneity_entropy,6004,10,joint_dirichlet_1.0,B0,1,4,856,215,True,False,0.813953488372093,0.7925911634188694,0.3972827968155071,0.17179487179487185,0.17179487179487185,0.24013499480789202,,0.8470409957226366
heterogeneity_entropy,6004,10,joint_dirichlet_1.0,B0,1,5,2439,610,True,True,0.8770491803278688,0.49245054859716664,0.012422360248447204,0.04878048780487805,0.04878048780487805,0.1620578511253441,,1.3594169868156314
heterogeneity_entropy,6004,10,joint_dirichlet_1.0,B0,1,6,5234,1309,True,False,0.7310924369747899,0.6955958754604696,0.3771778161989626,0.0927235580700928,0.21857277882797732,0.07790264662854107,,2.139791991794482
heterogeneity_entropy,6004,10,joint_dirichlet_1.0,B0,1,7,3372,843,True,True,0.9454329774614472,0.5067918192918193,0.0024449877750611247,0.03333333333333333,0.03333333333333333,0.03173413856433027,,1.6503340157214552
heterogeneity_entropy,6004,10,joint_dirichlet_1.0,B0,1,8,1098,275,True,True,0.7745454545454545,0.743993993993994,0.20483091787439614,0.03934300993124529,0.06535947712418301,0.1289855072463768,,0.9440419962629676
heterogeneity_entropy,6004,10,joint_dirichlet_1.0,B0,1,9,1781,446,True,True,0.8699551569506726,0.49731830547998446,0.03614457831325301,0.04,0.04,0.5655680573533804,,1.172415999462828
heterogeneity_entropy,6004,10,joint_dirichlet_1.0,B0,2,0,2587,647,True,True,0.919629057187017,0.5147126702054005,0.013245033112582781,0.05555555555555555,0.05555555555555555,0.1888752403332622,,1.376208005240187
heterogeneity_entropy,6004,10,joint_dirichlet_1.0,B0,2,1,1091,273,True,True,0.8498168498168498,0.5035262807717897,0.005646630236794172,0.010964912280701754,0.010964912280701754,0.15719489981785062,,0.9311669855378568
heterogeneity_entropy,6004,10,joint_dirichlet_1.0,B0,2,2,1077,270,True,True,0.8925925925925926,0.5320064550833782,0.013888888888888888,0.04090909090909091,0.04090909090909091,0.09722222222222232,,0.9085419878829271
heterogeneity_entropy,6004,10,joint_dirichlet_1.0,B0,2,3,971,243,True,True,0.7736625514403292,0.4844744455159113,0.02666666666666667,0.061224489795918366,0.061224489795918366,0.22731182795698923,,0.8619170112069696
heterogeneity_entropy,6004,10,joint_dirichlet_1.0,B0,2,4,856,215,True,True,0.7209302325581395,0.6458379090709423,0.1753201799930772,0.27948717948717944,0.27948717948717944,0.4439252336448598,,1.0375420097261667
heterogeneity_entropy,6004,10,joint_dirichlet_1.0,B0,2,5,2439,610,True,True,0.8803278688524591,0.5173370619668543,0.024844720496894408,0.0975609756097561,0.0975609756097561,0.14963549087689687,,1.3059169868938625
heterogeneity_entropy,6004,10,joint_dirichlet_1.0,B0,2,6,5234,1309,True,False,0.7165775401069518,0.7155676154989143,0.28609744203573173,0.045575986170045546,0.09061909262759923,0.1841002792924591,,2.136124996468425
heterogeneity_entropy,6004,10,joint_dirichlet_1.0,B0,2,7,3372,843,True,True,0.9454329774614472,0.5067918192918193,0.0024449877750611247,0.03333333333333333,0.03333333333333333,0.03173413856433027,,1.5824589936528355
heterogeneity_entropy,6004,10,joint_dirichlet_1.0,B0,2,8,1098,275,True,True,0.6654545454545454,0.5550161812297735,0.09516908212560388,0.040488922841864006,0.040488922841864006,0.29082125603864734,,0.9453749808017164
heterogeneity_entropy,6004,10,joint_dirichlet_1.0,B0,2,9,1781,446,True,True,0.8721973094170403,0.4984908563650352,0.024096385542168676,0.04,0.04,0.5535198645822961,,1.1877079959958792
heterogeneity_entropy,6004,10,joint_dirichlet_1.0,B0,3,0,2587,647,True,True,0.919629057187017,0.5147126702054005,0.013245033112582781,0.05555555555555555,0.05555555555555555,0.1888752403332622,,1.795249991118908
heterogeneity_entropy,6004,10,joint_dirichlet_1.0,B0,3,1,1091,273,True,True,0.8498168498168498,0.5035262807717897,0.005646630236794172,0.010964912280701754,0.010964912280701754,0.15719489981785062,,1.1132500076200813
heterogeneity_entropy,6004,10,joint_dirichlet_1.0,B0,3,2,1077,270,True,True,0.8962962962962963,0.5605673099279237,0.009259259259259259,0.009090909090909094,0.009090909090909094,0.10185185185185186,,1.0976250050589442
heterogeneity_entropy,6004,10,joint_dirichlet_1.0,B0,3,3,971,243,True,True,0.7736625514403292,0.4844744455159113,0.02666666666666667,0.061224489795918366,0.061224489795918366,0.22731182795698923,,0.9509999945294112
heterogeneity_entropy,6004,10,joint_dirichlet_1.0,B0,3,4,856,215,True,True,0.7116279069767442,0.6213068181818182,0.13836967808930425,0.33076923076923076,0.33076923076923076,0.48104880581516096,,0.8473749912809581
heterogeneity_entropy,6004,10,joint_dirichlet_1.0,B0,3,5,2439,610,True,True,0.8786885245901639,0.5162673067855459,0.031055900621118012,0.0975609756097561,0.0975609756097561,0.15584667100112048,,1.7288330127485096
heterogeneity_entropy,6004,10,joint_dirichlet_1.0,B0,3,6,5234,1309,True,True,0.6440030557677616,0.6297303925139247,0.19930620206587757,0.035674996071035636,0.06377008506616257,0.28997650396772623,,2.4031249922700226
heterogeneity_entropy,6004,10,joint_dirichlet_1.0,B0,3,7,3372,843,True,True,0.9442467378410438,0.5060526348596861,0.00014084030962333667,0.03333333333333333,0.03333333333333333,0.02942999109889244,,1.6865829820744693
heterogeneity_entropy,6004,10,joint_dirichlet_1.0,B0,3,8,1098,275,True,True,0.6509090909090909,0.5264064293915041,0.08599033816425121,0.05003819709702062,0.05003819709702062,0.29999999999999993,,0.9755830105859786
heterogeneity_entropy,6004,10,joint_dirichlet_1.0,B0,3,9,1781,446,True,True,0.8721973094170403,0.4984908563650352,0.024096385542168676,0.04,0.04,0.5535198645822961,,1.365959004033357
heterogeneity_entropy,6004,10,joint_dirichlet_1.0,B0,4,0,2587,647,True,True,0.9211746522411128,0.5320171892949837,0.011228904080324717,0.0,0.0,0.1908913693655202,,1.5734579937998205
heterogeneity_entropy,6004,10,joint_dirichlet_1.0,B0,4,1,1091,273,True,True,0.8498168498168498,0.5035262807717897,0.005646630236794172,0.010964912280701754,0.010964912280701754,0.15719489981785062,,1.0827919759321958
heterogeneity_entropy,6004,10,joint_dirichlet_1.0,B0,4,2,1077,270,True,True,0.9,0.5875530410183876,0.004629629629629629,0.05909090909090908,0.05909090909090908,0.10648148148148151,,1.008708990411833
heterogeneity_entropy,6004,10,joint_dirichlet_1.0,B0,4,3,971,243,True,True,0.7736625514403292,0.4844744455159113,0.02666666666666667,0.061224489795918366,0.061224489795918366,0.22731182795698923,,0.9789580071810633
heterogeneity_entropy,6004,10,joint_dirichlet_1.0,B0,4,4,856,215,True,True,0.7069767441860465,0.6080842568212725,0.1478020076150917,0.14358974358974363,0.14358974358974363,0.4903080650744202,,0.9331250039394945
heterogeneity_entropy,6004,10,joint_dirichlet_1.0,B0,4,5,2439,610,True,True,0.8770491803278688,0.5152112407413294,0.028828729128913114,0.0975609756097561,0.0975609756097561,0.15361949950891562,,1.4097090170253068
heterogeneity_entropy,6004,10,joint_dirichlet_1.0,B0,4,6,5234,1309,True,False,0.6012223071046601,0.5739824928924135,0.13943565190406526,0.12761276127612758,0.12761276127612758,0.33528394733342204,,2.2087910037953407
heterogeneity_entropy,6004,10,joint_dirichlet_1.0,B0,4,7,3372,843,True,True,0.9454329774614472,0.5259413202933986,0.0025858280846844614,0.06666666666666667,0.06666666666666667,0.026985003323831247,,1.7307090165559202
heterogeneity_entropy,6004,10,joint_dirichlet_1.0,B0,4,8,1098,275,True,True,0.6472727272727272,0.5190313914282108,0.06376811594202898,0.02062643239113829,0.026143790849673203,0.3222222222222222,,1.0002079943660647
heterogeneity_entropy,6004,10,joint_dirichlet_1.0,B0,4,9,1781,446,True,True,0.874439461883408,0.5146521570151574,0.03614457831325301,0.06,0.06,0.5414716718112118,,1.4036249776836485
heterogeneity_entropy,6004,10,joint_dirichlet_1.0,B0,5,0,2587,647,True,True,0.9211746522411128,0.5471488368901393,0.015835291604358044,0.027777777777777776,0.027777777777777776,0.18225272377697077,,1.958499982720241
heterogeneity_entropy,6004,10,joint_dirichlet_1.0,B0,5,1,1091,273,True,True,0.8571428571428571,0.5460282266660982,0.027868852459016394,0.07236842105263158,0.07236842105263158,0.13497267759562837,,1.057666988344863
heterogeneity_entropy,6004,10,joint_dirichlet_1.0,B0,5,2,1077,270,True,True,0.9,0.5875530410183876,0.004629629629629629,0.05909090909090908,0.05909090909090908,0.10648148148148151,,0.9336250077467412
heterogeneity_entropy,6004,10,joint_dirichlet_1.0,B0,5,3,971,243,True,True,0.7777777777777778,0.5008368837492392,0.03333333333333333,0.08163265306122448,0.08163265306122448,0.22064516129032252,,0.9150000114459544
heterogeneity_entropy,6004,10,joint_dirichlet_1.0,B0,5,4,856,215,True,True,0.7069767441860465,0.6080842568212725,0.1478020076150917,0.14358974358974363,0.14358974358974363,0.4903080650744202,,0.8523750002495944
heterogeneity_entropy,6004,10,joint_dirichlet_1.0,B0,5,5,2439,610,True,True,0.8770491803278688,0.5152112407413294,0.028828729128913114,0.0975609756097561,0.0975609756097561,0.15361949950891562,,1.767790992744267
heterogeneity_entropy,6004,10,joint_dirichlet_1.0,B0,5,6,5234,1309,True,False,0.5912910618792971,0.5598218960502985,0.1240634836192756,0.15024359578815022,0.15024359578815022,0.3458017466861728,,2.240542002255097
heterogeneity_entropy,6004,10,joint_dirichlet_1.0,B0,5,7,3372,843,True,True,0.9454329774614472,0.5436164202994068,0.00747580363480671,0.1,0.1,0.026985003323831247,,2.1148750092834234
heterogeneity_entropy,6004,10,joint_dirichlet_1.0,B0,5,8,1098,275,True,True,0.6436363636363637,0.5115629984051037,0.041545893719806756,0.008785332314744071,0.026143790849673203,0.3444444444444444,,0.9864169987849891
heterogeneity_entropy,6004,10,joint_dirichlet_1.0,B0,5,9,1781,446,True,True,0.8721973094170403,0.5132402780171176,0.04819277108433735,0.06,0.06,0.5535198645822961,,1.1408750142436475
heterogeneity_entropy,6004,10,joint_dirichlet_0.3,B0,1,0,2958,740,True,True,0.9864864864864865,0.4965986394557823,0.0,,,0.08333333333333337,"equal_opportunity_gap,equalized_odds_gap",1.6877919842954725
heterogeneity_entropy,6004,10,joint_dirichlet_0.3,B0,1,1,143,36,True,True,0.75,0.5775749674054759,0.09523809523809523,0.2222222222222222,0.2222222222222222,0.20000000000000007,,0.6582500063814223
heterogeneity_entropy,6004,10,joint_dirichlet_0.3,B0,1,2,1156,290,True,True,0.9241379310344827,0.5218824940047961,0.04166666666666663,0.0,,0.9166666666666666,"equalized_odds_gap,false_positive_rate_gap",0.9702499955892563
heterogeneity_entropy,6004,10,joint_dirichlet_0.3,B0,1,3,7597,1900,True,True,0.8557894736842105,0.4819921114741832,0.005357142857142857,,,0.24464285714285716,"equal_opportunity_gap,equalized_odds_gap",2.692625013878569
heterogeneity_entropy,6004,10,joint_dirichlet_0.3,B0,1,4,1296,324,True,True,0.8796296296296297,0.46798029556650245,0.0,0.0,,0.17488789237668156,"equalized_odds_gap,false_positive_rate_gap",1.0122499952558428
heterogeneity_entropy,6004,10,joint_dirichlet_0.3,B0,1,5,1501,376,True,True,0.7686170212765957,0.5771840707278297,0.14482758620689656,0.18556701030927836,0.18556701030927836,0.5438722197342887,,1.0671670024748892
heterogeneity_entropy,6004,10,joint_dirichlet_0.3,B0,1,6,740,186,True,True,0.7258064516129032,0.49997364398292127,0.05353483606557377,0.10285714285714284,0.10285714285714284,0.17751024590163933,,1.1550839990377426
heterogeneity_entropy,6004,10,joint_dirichlet_0.3,B0,1,7,578,145,True,False,0.9448275862068966,0.4858156028368794,,,,,"comparison_groups,subgroup_accuracy_gap",0.8457500080112368
heterogeneity_entropy,6004,10,joint_dirichlet_0.3,B0,1,8,2579,645,True,True,0.9550387596899225,0.48850118953211735,0.0,,,0.35365853658536583,"equal_opportunity_gap,equalized_odds_gap",1.4332499995362014
heterogeneity_entropy,6004,10,joint_dirichlet_0.3,B0,1,9,1957,490,True,False,0.7510204081632653,0.7479593901780897,0.45982766651141127,0.40909090909090906,0.40909090909090906,0.04168607359105725,,1.316750014666468
heterogeneity_entropy,6004,10,joint_dirichlet_0.3,B0,2,0,2958,740,True,True,0.9864864864864865,0.4965986394557823,0.0,,,0.08333333333333337,"equal_opportunity_gap,equalized_odds_gap",1.557125011458993
heterogeneity_entropy,6004,10,joint_dirichlet_0.3,B0,2,1,143,36,True,True,0.7222222222222222,0.5,0.047619047619047616,0.1111111111111111,0.1111111111111111,0.24761904761904763,,0.6514999840874225
heterogeneity_entropy,6004,10,joint_dirichlet_0.3,B0,2,2,1156,290,True,False,0.9379310344827586,0.7188106011635423,0.3220551378446116,0.011278195488721776,,0.6137218045112782,"equalized_odds_gap,false_positive_rate_gap",0.9725000127218664
heterogeneity_entropy,6004,10,joint_dirichlet_0.3,B0,2,3,7597,1900,True,True,0.8552631578947368,0.485058821558345,0.005860805860805861,,,0.24336080586080588,"equal_opportunity_gap,equalized_odds_gap",2.8706659795716405
heterogeneity_entropy,6004,10,joint_dirichlet_0.3,B0,2,4,1296,324,True,True,0.9197530864197531,0.7538281706604325,0.05643120365848242,0.014367197589324143,,0.08782133818763038,"equalized_odds_gap,false_positive_rate_gap",1.0809999948833138
heterogeneity_entropy,6004,10,joint_dirichlet_0.3,B0,2,5,1501,376,True,True,0.7579787234042553,0.5329192546583851,0.0896551724137931,0.12371134020618557,0.12371134020618557,0.5714584266308405,,1.130707998527214
heterogeneity_entropy,6004,10,joint_dirichlet_0.3,B0,2,6,740,186,True,True,0.7204301075268817,0.48333333333333334,0.03790983606557377,0.06714285714285714,0.06714285714285714,0.19313524590163933,,0.9175000013783574
heterogeneity_entropy,6004,10,joint_dirichlet_0.3,B0,2,7,578,145,True,False,0.9448275862068966,0.4858156028368794,,,,,"comparison_groups,subgroup_accuracy_gap",0.8185410115402192
heterogeneity_entropy,6004,10,joint_dirichlet_0.3,B0,2,8,2579,645,True,True,0.9565891472868217,0.5222222222222223,0.012195121951219513,,,0.3414634146341463,"equal_opportunity_gap,equalized_odds_gap",1.5645830135326833
heterogeneity_entropy,6004,10,joint_dirichlet_0.3,B0,2,9,1957,490,True,True,0.6795918367346939,0.651552004493181,0.2610619469026549,0.4199134199134199,0.4199134199134199,0.29028877503493244,,1.29104100051336
heterogeneity_entropy,6004,10,joint_dirichlet_0.3,B0,3,0,2958,740,True,True,0.9851351351351352,0.49625595643294756,0.0016129032258064516,,,0.08172043010752694,"equal_opportunity_gap,equalized_odds_gap",1.6088749980553985
heterogeneity_entropy,6004,10,joint_dirichlet_0.3,B0,3,1,143,36,True,True,0.7222222222222222,0.5,0.047619047619047616,0.1111111111111111,0.1111111111111111,0.24761904761904763,,0.6800830014981329
heterogeneity_entropy,6004,10,joint_dirichlet_0.3,B0,3,2,1156,290,True,False,0.9310344827586207,0.8084291187739463,0.731516290726817,0.06015037593984962,,0.10651629072681701,"equalized_odds_gap,false_positive_rate_gap",1.0239160037599504
heterogeneity_entropy,6004,10,joint_dirichlet_0.3,B0,3,3,7597,1900,True,True,0.8557894736842105,0.4885548678652127,0.006753663003663003,,,0.24246794871794874,"equal_opportunity_gap,equalized_odds_gap",2.8360419964883476
heterogeneity_entropy,6004,10,joint_dirichlet_0.3,B0,3,4,1296,324,True,True,0.845679012345679,0.7136595022624435,0.04692980508813205,0.05418639690055971,,0.020334768902899314,"equalized_odds_gap,false_positive_rate_gap",1.0928750270977616
heterogeneity_entropy,6004,10,joint_dirichlet_0.3,B0,3,5,1501,376,True,True,0.7579787234042553,0.5329192546583851,0.0896551724137931,0.12371134020618557,0.12371134020618557,0.5714584266308405,,1.1328750115353614
heterogeneity_entropy,6004,10,joint_dirichlet_0.3,B0,3,6,740,186,True,True,0.7204301075268817,0.48333333333333334,0.03790983606557377,0.06714285714285714,0.06714285714285714,0.19313524590163933,,0.991458015050739
heterogeneity_entropy,6004,10,joint_dirichlet_0.3,B0,3,7,578,145,True,False,0.9448275862068966,0.4858156028368794,,,,,"comparison_groups,subgroup_accuracy_gap",0.9388330217916518
heterogeneity_entropy,6004,10,joint_dirichlet_0.3,B0,3,8,2579,645,True,True,0.9565891472868217,0.5222222222222223,0.012195121951219513,,,0.3414634146341463,"equal_opportunity_gap,equalized_odds_gap",1.4469590096268803
heterogeneity_entropy,6004,10,joint_dirichlet_0.3,B0,3,9,1957,490,True,True,0.6265306122448979,0.5644444444444445,0.1592920353982301,0.26406926406926406,0.26406926406926406,0.34781089892873773,,1.2632499856408685
heterogeneity_entropy,6004,10,joint_dirichlet_0.3,B0,4,0,2958,740,True,True,0.9851351351351352,0.49625595643294756,0.0016129032258064516,,,0.08172043010752694,"equal_opportunity_gap,equalized_odds_gap",1.580249983817339
heterogeneity_entropy,6004,10,joint_dirichlet_0.3,B0,4,1,143,36,True,True,0.7222222222222222,0.5,0.047619047619047616,0.1111111111111111,0.1111111111111111,0.24761904761904763,,0.654792005661875
heterogeneity_entropy,6004,10,joint_dirichlet_0.3,B0,4,2,1156,290,True,False,0.8517241379310345,0.7036244800950684,0.7208646616541353,0.15413533834586468,,0.07080200501253131,"equalized_odds_gap,false_positive_rate_gap",1.0226669837720692
heterogeneity_entropy,6004,10,joint_dirichlet_0.3,B0,4,3,7597,1900,True,True,0.8589473684210527,0.5120717212407867,0.013896520146520146,,,0.2371108058608059,"equal_opportunity_gap,equalized_odds_gap",2.817000000504777
heterogeneity_entropy,6004,10,joint_dirichlet_0.3,B0,4,4,1296,324,True,True,0.7037037037037037,0.6049382716049383,0.06246947564711636,0.03228583727938006,,0.05860675753674016,"equalized_odds_gap,false_positive_rate_gap",1.0590419988147914
heterogeneity_entropy,6004,10,joint_dirichlet_0.3,B0,4,5,1501,376,True,True,0.7579787234042553,0.5329192546583851,0.0896551724137931,0.12371134020618557,0.12371134020618557,0.5714584266308405,,1.1026250140275806
heterogeneity_entropy,6004,10,joint_dirichlet_0.3,B0,4,6,740,186,True,True,0.7204301075268817,0.48333333333333334,0.03790983606557377,0.06714285714285714,0.06714285714285714,0.19313524590163933,,0.8798339986242354
heterogeneity_entropy,6004,10,joint_dirichlet_0.3,B0,4,7,578,145,True,False,0.9448275862068966,0.4858156028368794,,,,,"comparison_groups,subgroup_accuracy_gap",0.8639170264359564
heterogeneity_entropy,6004,10,joint_dirichlet_0.3,B0,4,8,2579,645,True,True,0.9565891472868217,0.5222222222222223,0.012195121951219513,,,0.3414634146341463,"equal_opportunity_gap,equalized_odds_gap",1.4130829949863255
heterogeneity_entropy,6004,10,joint_dirichlet_0.3,B0,4,9,1957,490,True,False,0.5938775510204082,0.5117151312725652,0.12389380530973451,0.19480519480519481,0.19480519480519481,0.38320912901723325,,1.2262909731362015
heterogeneity_entropy,6004,10,joint_dirichlet_0.3,B0,5,0,2958,740,True,True,0.9851351351351352,0.49625595643294756,0.0016129032258064516,,,0.08172043010752694,"equal_opportunity_gap,equalized_odds_gap",1.5346249856520444
heterogeneity_entropy,6004,10,joint_dirichlet_0.3,B0,5,1,143,36,True,True,0.7222222222222222,0.5,0.047619047619047616,0.1111111111111111,0.1111111111111111,0.24761904761904763,,0.650041998596862
heterogeneity_entropy,6004,10,joint_dirichlet_0.3,B0,5,2,1156,290,True,False,0.7551724137931034,0.6149602618045815,0.6535087719298245,0.26315789473684215,,0.22149122807017552,"equalized_odds_gap,false_positive_rate_gap",1.0017500026151538
heterogeneity_entropy,6004,10,joint_dirichlet_0.3,B0,5,3,7597,1900,True,True,0.8589473684210527,0.5208810068649885,0.014903846153846153,,,0.23276098901098907,"equal_opportunity_gap,equalized_odds_gap",2.737041999353096
heterogeneity_entropy,6004,10,joint_dirichlet_0.3,B0,5,4,1296,324,True,False,0.6080246913580247,0.5368667484552095,0.07556719797540284,0.006295738269479156,,0.06344625493939537,"equalized_odds_gap,false_positive_rate_gap",1.0437500022817403
heterogeneity_entropy,6004,10,joint_dirichlet_0.3,B0,5,5,1501,376,True,True,0.7606382978723404,0.5413142485361093,0.09655172413793103,0.13402061855670103,0.13402061855670103,0.5645618749067025,,1.077207998605445
heterogeneity_entropy,6004,10,joint_dirichlet_0.3,B0,5,6,740,186,True,True,0.7204301075268817,0.48333333333333334,0.03790983606557377,0.06714285714285714,0.06714285714285714,0.19313524590163933,,0.9018330019898713
heterogeneity_entropy,6004,10,joint_dirichlet_0.3,B0,5,7,578,145,True,False,0.9448275862068966,0.4858156028368794,,,,,"comparison_groups,subgroup_accuracy_gap",0.7972079911269248
heterogeneity_entropy,6004,10,joint_dirichlet_0.3,B0,5,8,2579,645,True,True,0.9565891472868217,0.5222222222222223,0.012195121951219513,,,0.3414634146341463,"equal_opportunity_gap,equalized_odds_gap",1.3617910153698176
heterogeneity_entropy,6004,10,joint_dirichlet_0.3,B0,5,9,1957,490,True,False,0.5918367346938775,0.5042091630241218,0.11283185840707964,0.18181818181818182,0.18181818181818182,0.3854215183977643,,1.177790982183069
heterogeneity_entropy,6005,10,iid,B0,1,0,2051,513,True,True,0.7660818713450293,0.49140779907468607,0.016309561880396548,0.07476635514018691,0.07476635514018691,0.1475855452510394,,1.3997919741086662
heterogeneity_entropy,6005,10,iid,B0,1,1,2051,513,True,True,0.7758284600389863,0.5032794752839546,0.017030658657685493,0.019916142557651992,0.019916142557651992,0.18001111072532194,,1.3282080180943012
heterogeneity_entropy,6005,10,iid,B0,1,2,2051,513,True,True,0.7680311890838206,0.5165321654562878,0.022188832203508282,0.03939075630252101,0.03939075630252101,0.18860507372982038,,1.2470409856177866
heterogeneity_entropy,6005,10,iid,B0,1,3,2051,513,True,True,0.7602339181286549,0.48191603786752935,0.022792022792022793,0.06363636363636363,0.06363636363636363,0.17901234567901236,,1.2582080089487135
heterogeneity_entropy,6005,10,iid,B0,1,4,2051,513,True,True,0.7758284600389863,0.5485295355582255,0.041158016776921505,0.09678899082568808,0.09678899082568808,0.16231330559912704,,1.2992919946555048
heterogeneity_entropy,6005,10,iid,B0,1,5,2051,513,True,True,0.7543859649122807,0.47253231492361925,0.016619183285849954,0.01825221238938053,0.01825221238938053,0.22364672364672367,,1.2416249956004322
heterogeneity_entropy,6005,10,iid,B0,1,6,2051,513,True,True,0.7738791423001949,0.49572910311165347,0.02359882005899705,0.07547169811320754,0.07547169811320754,0.18563726986064488,,1.2807500024791807
heterogeneity_entropy,6005,10,iid,B0,1,7,2050,513,True,True,0.7563352826510721,0.47989747998669835,0.014243189920736561,0.006191950464396287,0.006191950464396287,0.21922051850057112,,1.2339999957475811
heterogeneity_entropy,6005,10,iid,B0,1,8,2050,513,True,True,0.7699805068226121,0.5060223266745006,0.028985507246376812,0.09433962264150944,0.09433962264150944,0.1473084886128364,,1.2178330216556787
heterogeneity_entropy,6005,10,iid,B0,1,9,2050,513,True,True,0.7582846003898636,0.47445472571050895,0.008385093167701863,0.05750224618149146,0.05750224618149146,0.1912525879917184,,1.1987500183749944
heterogeneity_entropy,6005,10,iid,B0,2,0,2051,513,True,True,0.7641325536062378,0.49034016733309793,0.010020253704295917,0.07476635514018691,0.07476635514018691,0.14129623707493877,,1.20133301243186
heterogeneity_entropy,6005,10,iid,B0,2,1,2051,513,True,True,0.7758284600389863,0.5032794752839546,0.017030658657685493,0.019916142557651992,0.019916142557651992,0.18001111072532194,,1.1754999868571758
heterogeneity_entropy,6005,10,iid,B0,2,2,2051,513,True,True,0.7699805068226121,0.5233843537414966,0.025054161716402266,0.04831932773109243,0.04831932773109243,0.1857397442169264,,1.2184170191176236
heterogeneity_entropy,6005,10,iid,B0,2,3,2051,513,True,True,0.7602339181286549,0.48191603786752935,0.022792022792022793,0.06363636363636363,0.06363636363636363,0.17901234567901236,,1.1919170210603625
heterogeneity_entropy,6005,10,iid,B0,2,4,2051,513,True,True,0.7719298245614035,0.5354879153026398,0.035292914137625316,0.07844036697247707,0.07844036697247707,0.16817840823842323,,1.1851660092361271
heterogeneity_entropy,6005,10,iid,B0,2,5,2051,513,True,True,0.7563352826510721,0.4861161197259286,0.016144349477682812,0.0005530973451327442,0.005755726948313573,0.21177587844254508,,1.195832999655977
heterogeneity_entropy,6005,10,iid,B0,2,6,2051,513,True,True,0.7758284600389863,0.5032794752839546,0.02654867256637168,0.08490566037735849,0.08490566037735849,0.18268741735327032,,1.1733749997802079
heterogeneity_entropy,6005,10,iid,B0,2,7,2050,513,True,True,0.7563352826510721,0.47989747998669835,0.014243189920736561,0.006191950464396287,0.006191950464396287,0.21922051850057112,,1.1748329852707684
heterogeneity_entropy,6005,10,iid,B0,2,8,2050,513,True,True,0.7699805068226121,0.5060223266745006,0.028985507246376812,0.09433962264150944,0.09433962264150944,0.1473084886128364,,1.167667011031881
heterogeneity_entropy,6005,10,iid,B0,2,9,2050,513,True,True,0.7582846003898636,0.47445472571050895,0.008385093167701863,0.05750224618149146,0.05750224618149146,0.1912525879917184,,1.1601669830270112
heterogeneity_entropy,6005,10,iid,B0,3,0,2051,513,True,True,0.7641325536062378,0.49034016733309793,0.010020253704295917,0.07476635514018691,0.07476635514018691,0.14129623707493877,,1.1876669886987656
heterogeneity_entropy,6005,10,iid,B0,3,1,2051,513,True,True,0.7816764132553606,0.5253139458030404,0.025676191798895874,0.04821802935010483,0.04821802935010483,0.17136557758411164,,1.1705410142894834
heterogeneity_entropy,6005,10,iid,B0,3,2,2051,513,True,True,0.7699805068226121,0.5233843537414966,0.025054161716402266,0.04831932773109243,0.04831932773109243,0.1857397442169264,,1.165416993899271
heterogeneity_entropy,6005,10,iid,B0,3,3,2051,513,True,True,0.7641325536062378,0.496540760627124,0.02849002849002849,0.08181818181818182,0.08181818181818182,0.17331433998100665,,1.1587909830268472
heterogeneity_entropy,6005,10,iid,B0,3,4,2051,513,True,True,0.7719298245614035,0.5406778753070642,0.041158016776921505,0.08761467889908257,0.08761467889908257,0.16817840823842323,,1.1661250027827919
heterogeneity_entropy,6005,10,iid,B0,3,5,2051,513,True,True,0.7563352826510721,0.49802340600414885,0.018518518518518517,0.017146017699115043,0.017146017699115043,0.20275403608736942,,1.1605419858824462
heterogeneity_entropy,6005,10,iid,B0,3,6,2051,513,True,True,0.7777777777777778,0.5168374091209518,0.026701251144339334,0.10377358490566038,0.10377358490566038,0.17104058590173932,,1.1565840104594827
heterogeneity_entropy,6005,10,iid,B0,3,7,2050,513,True,True,0.7563352826510721,0.47989747998669835,0.014243189920736561,0.006191950464396287,0.006191950464396287,0.21922051850057112,,1.1567500187084079
heterogeneity_entropy,6005,10,iid,B0,3,8,2050,513,True,True,0.7719298245614035,0.5190046880634691,0.028830227743271222,0.11320754716981132,0.11320754716981132,0.13555900621118022,,1.1587500048335642
heterogeneity_entropy,6005,10,iid,B0,3,9,2050,513,True,True,0.7582846003898636,0.47445472571050895,0.008385093167701863,0.05750224618149146,0.05750224618149146,0.1912525879917184,,1.158917002612725
heterogeneity_entropy,6005,10,iid,B0,4,0,2051,513,True,True,0.7621832358674464,0.4892773207990599,0.003730945528195289,0.07476635514018691,0.07476635514018691,0.13500692889883814,,1.1654580011963844
heterogeneity_entropy,6005,10,iid,B0,4,1,2051,513,True,True,0.7855750487329435,0.5395123384253819,0.03143988055970279,0.06708595387840671,0.06708595387840671,0.16560188882330473,,1.1641249875538051
heterogeneity_entropy,6005,10,iid,B0,4,2,2051,513,True,True,0.7719298245614035,0.5301499080198834,0.02791949122929625,0.05724789915966387,0.05724789915966387,0.18287441470403243,,1.1557500110939145
heterogeneity_entropy,6005,10,iid,B0,4,3,2051,513,True,True,0.7680311890838206,0.510782545979084,0.03418803418803419,0.1,0.1,0.16761633428300093,,1.1762920184992254
heterogeneity_entropy,6005,10,iid,B0,4,4,2051,513,True,True,0.7758284600389863,0.5534910122989594,0.047023119416217694,0.10596330275229358,0.10596330275229358,0.16231330559912704,,1.1763329966925085
heterogeneity_entropy,6005,10,iid,B0,4,5,2051,513,True,True,0.7602339181286549,0.5116667827540573,0.02421652421652422,0.03484513274336283,0.03484513274336283,0.1970560303893637,,1.1610410001594573
heterogeneity_entropy,6005,10,iid,B0,4,6,2051,513,True,True,0.783625730994152,0.5381489622281882,0.026853829722306988,0.06708595387840671,0.06708595387840671,0.17088800732377174,,1.1530840129125863
heterogeneity_entropy,6005,10,iid,B0,4,7,2050,513,True,True,0.7602339181286549,0.4943382618103137,0.020023536741545812,0.011351909184726519,0.011351909184726519,0.21344017167976193,,1.2444999883882701
heterogeneity_entropy,6005,10,iid,B0,4,8,2050,513,True,True,0.7699805068226121,0.5177649608055573,0.02287784679089027,0.11320754716981132,0.11320754716981132,0.12960662525879918,,1.191124989418313
heterogeneity_entropy,6005,10,iid,B0,4,9,2050,513,True,True,0.7602339181286549,0.48821912030691117,0.017080745341614908,0.03863432165318957,0.03863432165318957,0.18835403726708067,,1.1594580137170851
heterogeneity_entropy,6005,10,iid,B0,5,0,2051,513,True,True,0.7621832358674464,0.4892773207990599,0.003730945528195289,0.07476635514018691,0.07476635514018691,0.13500692889883814,,1.1869590089190751
heterogeneity_entropy,6005,10,iid,B0,5,1,2051,513,True,True,0.7855750487329435,0.5450661077071912,0.028297628554564077,0.07651991614255765,0.07651991614255765,0.1566959480573591,,1.1765829985961318
heterogeneity_entropy,6005,10,iid,B0,5,2,2051,513,True,True,0.7719298245614035,0.5301499080198834,0.02791949122929625,0.05724789915966387,0.05724789915966387,0.18287441470403243,,1.1674169800244272
heterogeneity_entropy,6005,10,iid,B0,5,3,2051,513,True,True,0.7680311890838206,0.5165321654562878,0.039886039886039885,0.10909090909090909,0.10909090909090909,0.16761633428300093,,1.1606669868342578
heterogeneity_entropy,6005,10,iid,B0,5,4,2051,513,True,True,0.7797270955165692,0.5659995957145745,0.05288822205551388,0.1243119266055046,0.1243119266055046,0.15644820295983086,,1.1595000105444342
heterogeneity_entropy,6005,10,iid,B0,5,5,2051,513,True,True,0.7582846003898636,0.5104660469125162,0.02706552706552707,0.03484513274336283,0.03484513274336283,0.1999050332383665,,1.3458750036079437
heterogeneity_entropy,6005,10,iid,B0,5,6,2051,513,True,True,0.7894736842105263,0.5586323370084761,0.03570338724443088,0.09538784067085954,0.09538784067085954,0.16203844980164783,,1.3474169827532023
heterogeneity_entropy,6005,10,iid,B0,5,7,2050,513,True,True,0.7602339181286549,0.4943382618103137,0.020023536741545812,0.011351909184726519,0.011351909184726519,0.21344017167976193,,1.2355409853626043
heterogeneity_entropy,6005,10,iid,B0,5,8,2050,513,True,True,0.7719298245614035,0.5246576752805518,0.016925465838509318,0.06775300171526587,0.06775300171526587,0.13555900621118022,,1.2134999851696193
heterogeneity_entropy,6005,10,iid,B0,5,9,2050,513,True,True,0.7602339181286549,0.48821912030691117,0.017080745341614908,0.03863432165318957,0.03863432165318957,0.18835403726708067,,1.2062499881722033
heterogeneity_entropy,6005,10,joint_dirichlet_1.0,B0,1,0,2049,513,True,True,0.9181286549707602,0.47865853658536583,0.0,0.0,0.0,0.3929242949035131,,1.4026249991729856
heterogeneity_entropy,6005,10,joint_dirichlet_1.0,B0,1,1,3392,849,True,True,0.7879858657243817,0.4899198931909212,0.020811202317720906,0.017553956834532376,0.017553956834532376,0.3410127957508451,,1.6752920055296272
heterogeneity_entropy,6005,10,joint_dirichlet_1.0,B0,1,2,2709,678,True,True,0.7684365781710915,0.45260440504167976,0.005272407732864675,0.022388059701492536,0.022388059701492536,0.00830363908998566,,1.4662079920526594
heterogeneity_entropy,6005,10,joint_dirichlet_1.0,B0,1,3,3594,899,True,False,0.778642936596218,0.7773691880180742,0.43243562485235054,0.06053459119496851,0.20384972170686455,0.07131467044649187,,1.6673750069458038
heterogeneity_entropy,6005,10,joint_dirichlet_1.0,B0,1,4,1303,326,True,True,0.7331288343558282,0.4984349302350257,0.00717463050652891,0.1186046511627907,0.1186046511627907,0.10001434926101305,,0.9997920133173466
heterogeneity_entropy,6005,10,joint_dirichlet_1.0,B0,1,5,820,205,True,True,0.7073170731707317,0.5585701981050818,0.07470806794055203,0.14285714285714285,0.14285714285714285,0.02852972399150744,,0.8384579850826412
heterogeneity_entropy,6005,10,joint_dirichlet_1.0,B0,1,6,1281,321,True,True,0.7757009345794392,0.46271154919099866,0.007380073800738007,0.0392156862745098,0.0392156862745098,0.2791881918819188,,0.977249990683049
heterogeneity_entropy,6005,10,joint_dirichlet_1.0,B0,1,7,927,232,True,True,0.7844827586206896,0.4585511575802838,0.015625,0.043478260869565216,0.043478260869565216,0.17708333333333337,,0.8681250037625432
heterogeneity_entropy,6005,10,joint_dirichlet_1.0,B0,1,8,1090,273,True,True,0.9523809523809523,0.4878048780487805,0.0,0.0,0.0,0.042920545572634805,,0.9254589967895299
heterogeneity_entropy,6005,10,joint_dirichlet_1.0,B0,1,9,3340,836,True,True,0.819377990430622,0.49773807865995584,0.032743628185907044,0.0010948905109489024,0.016129032258064516,0.472703648175912,,1.5423339791595936
heterogeneity_entropy,6005,10,joint_dirichlet_1.0,B0,2,0,2049,513,True,True,0.9181286549707602,0.47865853658536583,0.0,0.0,0.0,0.3929242949035131,,1.1967500031460077
heterogeneity_entropy,6005,10,joint_dirichlet_1.0,B0,2,1,3392,849,True,True,0.7868080094228505,0.48485254826500745,0.01752172863351038,0.010359712230215826,0.010359712230215826,0.3443022694350556,,1.5648750122636557
heterogeneity_entropy,6005,10,joint_dirichlet_1.0,B0,2,2,2709,678,True,True,0.7684365781710915,0.45260440504167976,0.005272407732864675,0.022388059701492536,0.022388059701492536,0.00830363908998566,,1.41591698047705
heterogeneity_entropy,6005,10,joint_dirichlet_1.0,B0,2,3,3594,899,True,True,0.7174638487208009,0.6978591087117603,0.25429659815733524,0.32154088050314467,0.32154088050314467,0.21835872903378217,,1.6010830004233867
heterogeneity_entropy,6005,10,joint_dirichlet_1.0,B0,2,4,1303,326,True,True,0.7361963190184049,0.5002495543672014,0.010474960539532216,0.1186046511627907,0.1186046511627907,0.09671401922800982,,1.0111250157933682
heterogeneity_entropy,6005,10,joint_dirichlet_1.0,B0,2,5,820,205,True,True,0.6926829268292682,0.5060996596428162,0.05732484076433121,0.14285714285714285,0.14285714285714285,0.02043524416135889,,0.8330419950652868
heterogeneity_entropy,6005,10,joint_dirichlet_1.0,B0,2,6,1281,321,True,True,0.7819314641744548,0.4892253136933988,0.014760147601476014,0.0784313725490196,0.0784313725490196,0.2865682656826568,,0.9679580107331276
heterogeneity_entropy,6005,10,joint_dirichlet_1.0,B0,2,7,927,232,True,True,0.7887931034482759,0.4781251434604967,0.009672619047619048,0.007763975155279504,0.007763975155279504,0.1830357142857143,,0.8551249920856208
heterogeneity_entropy,6005,10,joint_dirichlet_1.0,B0,2,8,1090,273,True,True,0.9523809523809523,0.4878048780487805,0.0,0.0,0.0,0.042920545572634805,,0.9144160139840096
heterogeneity_entropy,6005,10,joint_dirichlet_1.0,B0,2,9,3340,836,True,True,0.8241626794258373,0.5212080834998889,0.04806929868399133,0.030291970802919704,0.030291970802919704,0.45737797767782773,,1.507832988863811
heterogeneity_entropy,6005,10,joint_dirichlet_1.0,B0,3,0,2049,513,True,True,0.9181286549707602,0.47865853658536583,0.0,0.0,0.0,0.3929242949035131,,1.2519159936346114
heterogeneity_entropy,6005,10,joint_dirichlet_1.0,B0,3,1,3392,849,True,True,0.7868080094228505,0.48485254826500745,0.01752172863351038,0.010359712230215826,0.010359712230215826,0.3443022694350556,,1.568708015838638
heterogeneity_entropy,6005,10,joint_dirichlet_1.0,B0,3,2,2709,678,True,True,0.7699115044247787,0.4589540022917008,0.007029876977152899,0.029850746268656716,0.029850746268656716,0.010061108334273872,,1.3970829895697534
heterogeneity_entropy,6005,10,joint_dirichlet_1.0,B0,3,3,3594,899,True,True,0.6685205784204672,0.6266694537346711,0.16606130403968816,0.184748427672956,0.184748427672956,0.2722802976612331,,1.5927499916870147
heterogeneity_entropy,6005,10,joint_dirichlet_1.0,B0,3,4,1303,326,True,True,0.7331288343558282,0.49035956227201666,0.033003300330033,0.08139534883720931,0.08139534883720931,0.05323575835844463,,0.9881250152830034
heterogeneity_entropy,6005,10,joint_dirichlet_1.0,B0,3,5,820,205,True,True,0.6926829268292682,0.5060996596428162,0.05732484076433121,0.14285714285714285,0.14285714285714285,0.02043524416135889,,0.8357920160051435
heterogeneity_entropy,6005,10,joint_dirichlet_1.0,B0,3,6,1281,321,True,True,0.7881619937694704,0.5145017793594305,0.001549815498154982,0.05456095481670929,0.05456095481670929,0.27025830258302574,,0.973999995039776
heterogeneity_entropy,6005,10,joint_dirichlet_1.0,B0,3,7,927,232,True,True,0.7887931034482759,0.4781251434604967,0.009672619047619048,0.007763975155279504,0.007763975155279504,0.1830357142857143,,0.8767919789534062
heterogeneity_entropy,6005,10,joint_dirichlet_1.0,B0,3,8,1090,273,True,True,0.9523809523809523,0.4878048780487805,0.0,0.0,0.0,0.042920545572634805,,0.9328339947387576
heterogeneity_entropy,6005,10,joint_dirichlet_1.0,B0,3,9,3340,836,True,True,0.8289473684210527,0.5436663803798073,0.057824421122771946,0.0021897810218978048,0.016129032258064516,0.4476228552390472,,1.5351669862866402
heterogeneity_entropy,6005,10,joint_dirichlet_1.0,B0,4,0,2049,513,True,True,0.9181286549707602,0.47865853658536583,0.0,0.0,0.0,0.3929242949035131,,1.2199170014355332
heterogeneity_entropy,6005,10,joint_dirichlet_1.0,B0,4,1,3392,849,True,True,0.7868080094228505,0.48485254826500745,0.01752172863351038,0.010359712230215826,0.010359712230215826,0.3443022694350556,,1.5748339937999845
heterogeneity_entropy,6005,10,joint_dirichlet_1.0,B0,4,2,2709,678,True,True,0.7699115044247787,0.4645742634403159,0.01054481546572935,0.03731343283582089,0.03731343283582089,0.010061108334273872,,1.395374973071739
heterogeneity_entropy,6005,10,joint_dirichlet_1.0,B0,4,3,3594,899,True,True,0.6518353726362626,0.59912098870962,0.14869773210489015,0.13757861635220128,0.13757861635220128,0.3039363335695724,,1.595958019606769
heterogeneity_entropy,6005,10,joint_dirichlet_1.0,B0,4,4,1303,326,True,True,0.7423312883435583,0.5195115103874228,0.0429042904290429,0.11627906976744186,0.11627906976744186,0.04333476825943472,,0.9805420122575015
heterogeneity_entropy,6005,10,joint_dirichlet_1.0,B0,4,5,820,205,True,True,0.6926829268292682,0.5060996596428162,0.05732484076433121,0.14285714285714285,0.14285714285714285,0.02043524416135889,,0.8201249875128269
heterogeneity_entropy,6005,10,joint_dirichlet_1.0,B0,4,6,1281,321,True,True,0.7912772585669782,0.5267049580775072,0.021549815498154982,0.011082693947144076,0.011082693947144076,0.25025830258302584,,0.9650829888414592
heterogeneity_entropy,6005,10,joint_dirichlet_1.0,B0,4,7,927,232,True,True,0.7931034482758621,0.49701897018970187,0.003720238095238096,0.02795031055900621,0.02795031055900621,0.18898809523809523,,0.8515000226907432
heterogeneity_entropy,6005,10,joint_dirichlet_1.0,B0,4,8,1090,273,True,True,0.9523809523809523,0.4878048780487805,0.0,0.0,0.0,0.042920545572634805,,0.9072920074686408
heterogeneity_entropy,6005,10,joint_dirichlet_1.0,B0,4,9,3340,836,True,True,0.8301435406698564,0.5491310160427807,0.06165583874729302,0.00948905109489051,0.016129032258064516,0.4437914376145261,,1.531124988105148
heterogeneity_entropy,6005,10,joint_dirichlet_1.0,B0,5,0,2049,513,True,True,0.9142300194931774,0.4775967413441955,0.00425531914893617,0.0,0.0044742729306487695,0.38866897575457693,,1.2005410098936409
heterogeneity_entropy,6005,10,joint_dirichlet_1.0,B0,5,1,3392,849,True,True,0.7868080094228505,0.48929700196412723,0.018976339932399805,0.017553956834532376,0.017553956834532376,0.33917793336552393,,1.5743749972898513
heterogeneity_entropy,6005,10,joint_dirichlet_1.0,B0,5,2,2709,678,True,True,0.7743362831858407,0.48288908939547265,0.015817223198594025,0.05970149253731343,0.05970149253731343,0.015333516067138508,,1.384583010803908
heterogeneity_entropy,6005,10,joint_dirichlet_1.0,B0,5,3,3594,899,True,True,0.646273637374861,0.589235835718473,0.13766832034018428,0.12106918238993711,0.12106918238993711,0.3100637845499645,,1.7722499906085432
heterogeneity_entropy,6005,10,joint_dirichlet_1.0,B0,5,4,1303,326,True,True,0.745398773006135,0.5288935318185775,0.0005739704405223131,0.08372093023255815,0.08372093023255815,0.08681302912899991,,1.0096670011989772
heterogeneity_entropy,6005,10,joint_dirichlet_1.0,B0,5,5,820,205,True,True,0.6926829268292682,0.5060996596428162,0.05732484076433121,0.14285714285714285,0.14285714285714285,0.02043524416135889,,0.8226250065490603
heterogeneity_entropy,6005,10,joint_dirichlet_1.0,B0,5,6,1281,321,True,True,0.7881619937694704,0.5246515679442508,0.01785977859778598,0.011082693947144076,0.011082693947144076,0.24656826568265688,,0.9617079922463745
heterogeneity_entropy,6005,10,joint_dirichlet_1.0,B0,5,7,927,232,True,True,0.7931034482758621,0.49701897018970187,0.003720238095238096,0.02795031055900621,0.02795031055900621,0.18898809523809523,,0.8494590001646429
heterogeneity_entropy,6005,10,joint_dirichlet_1.0,B0,5,8,1090,273,True,True,0.9523809523809523,0.4878048780487805,0.0,0.0,0.0,0.042920545572634805,,0.9209580020979047
heterogeneity_entropy,6005,10,joint_dirichlet_1.0,B0,5,9,3340,836,True,True,0.8313397129186603,0.5545377246187858,0.06548725637181409,0.016788321167883202,0.016788321167883202,0.439960019990005,,1.5269169816747308
heterogeneity_entropy,6005,10,joint_dirichlet_0.3,B0,1,0,728,182,True,False,0.8461538461538461,0.4583333333333333,,,,,"comparison_groups,subgroup_accuracy_gap",1.0611669858917594
heterogeneity_entropy,6005,10,joint_dirichlet_0.3,B0,1,1,5708,1427,True,False,0.8983882270497547,0.8982633249894657,0.7912118997666251,0.9305135951661632,0.9305135951661632,0.002968262574353897,,2.7053329977206886
heterogeneity_entropy,6005,10,joint_dirichlet_0.3,B0,1,2,3952,989,True,True,0.9534883720930233,0.4880952380952381,0.0,,,0.647887323943662,"equal_opportunity_gap,equalized_odds_gap",1.8054999818559736
heterogeneity_entropy,6005,10,joint_dirichlet_0.3,B0,1,3,940,236,True,True,0.75,0.7202162075270762,0.22857142857142865,0.015748031496062964,0.015748031496062964,0.24828349944629013,,0.8802500087767839
heterogeneity_entropy,6005,10,joint_dirichlet_0.3,B0,1,4,3651,913,True,True,0.9660460021905805,0.4913649025069638,0.0,,,0.04836193447737913,"equal_opportunity_gap,equalized_odds_gap",1.6610839811619371
heterogeneity_entropy,6005,10,joint_dirichlet_0.3,B0,1,5,69,18,True,False,1.0,1.0,,,,,"comparison_groups,subgroup_accuracy_gap",0.618249992839992
heterogeneity_entropy,6005,10,joint_dirichlet_0.3,B0,1,6,1378,345,True,True,0.7304347826086957,0.46065659197498693,0.06779661016949153,0.06779661016949153,,0.7993362569633755,"equalized_odds_gap,false_positive_rate_gap",1.0388749942649156
heterogeneity_entropy,6005,10,joint_dirichlet_0.3,B0,1,7,735,184,True,False,0.9347826086956522,0.48314606741573035,,,,,"comparison_groups,subgroup_accuracy_gap",0.9281249949708581
heterogeneity_entropy,6005,10,joint_dirichlet_0.3,B0,1,8,2560,640,True,False,0.790625,0.724247919640905,0.5084332265168598,0.38776894747044,0.38776894747044,0.3133546966280282,,1.4552079956047237
heterogeneity_entropy,6005,10,joint_dirichlet_0.3,B0,1,9,785,197,True,True,0.7766497461928934,0.4585207396301849,0.0055248618784530384,0.029411764705882353,0.029411764705882353,0.5051795580110497,,0.8282499911729246
heterogeneity_entropy,6005,10,joint_dirichlet_0.3,B0,2,0,728,182,True,False,0.8461538461538461,0.4583333333333333,,,,,"comparison_groups,subgroup_accuracy_gap",0.8432920149061829
heterogeneity_entropy,6005,10,joint_dirichlet_0.3,B0,2,1,5708,1427,True,False,0.7764540995094604,0.7593921336371503,0.4948296048340838,0.5498489425981873,0.5498489425981873,0.4016230169020061,,2.2371670056600124
heterogeneity_entropy,6005,10,joint_dirichlet_0.3,B0,2,2,3952,989,True,True,0.9555106167846309,0.5302677029360967,0.028169014084507043,,,0.619718309859155,"equal_opportunity_gap,equalized_odds_gap",1.7433330067433417
heterogeneity_entropy,6005,10,joint_dirichlet_0.3,B0,2,3,940,236,True,False,0.7542372881355932,0.7533693693693694,0.3802879291251384,0.13779527559055116,0.13779527559055116,0.21749723145071975,,0.8607500058133155
heterogeneity_entropy,6005,10,joint_dirichlet_0.3,B0,2,4,3651,913,True,True,0.9660460021905805,0.4913649025069638,0.0,,,0.04836193447737913,"equal_opportunity_gap,equalized_odds_gap",1.6035420121625066
heterogeneity_entropy,6005,10,joint_dirichlet_0.3,B0,2,5,69,18,True,False,1.0,1.0,,,,,"comparison_groups,subgroup_accuracy_gap",0.5842090176884085
heterogeneity_entropy,6005,10,joint_dirichlet_0.3,B0,2,6,1378,345,True,True,0.7304347826086957,0.46065659197498693,0.06779661016949153,0.06779661016949153,,0.7993362569633755,"equalized_odds_gap,false_positive_rate_gap",1.0832079860847443
heterogeneity_entropy,6005,10,joint_dirichlet_0.3,B0,2,7,735,184,True,False,0.9402173913043478,0.561430119176598,,,,,"comparison_groups,subgroup_accuracy_gap",0.8640000014565885
heterogeneity_entropy,6005,10,joint_dirichlet_0.3,B0,2,8,2560,640,True,True,0.7171875,0.576358895402631,0.2425129564426158,0.18511339406861793,0.3237179487179487,0.5958381137002018,,1.3896669843234122
heterogeneity_entropy,6005,10,joint_dirichlet_0.3,B0,2,9,785,197,True,True,0.7766497461928934,0.4585207396301849,0.0055248618784530384,0.029411764705882353,0.029411764705882353,0.5051795580110497,,0.830000004498288
heterogeneity_entropy,6005,10,joint_dirichlet_0.3,B0,3,0,728,182,True,False,0.8516483516483516,0.4941842511580031,,,,,"comparison_groups,subgroup_accuracy_gap",0.8444999984931201
heterogeneity_entropy,6005,10,joint_dirichlet_0.3,B0,3,1,5708,1427,True,False,0.695865451997197,0.6495024244921244,0.32393154333938384,0.3580060422960725,0.3580060422960725,0.583993383780046,,2.2491250128950924
heterogeneity_entropy,6005,10,joint_dirichlet_0.3,B0,3,2,3952,989,True,True,0.9555106167846309,0.5302677029360967,0.028169014084507043,,,0.619718309859155,"equal_opportunity_gap,equalized_odds_gap",1.7477500077802688
heterogeneity_entropy,6005,10,joint_dirichlet_0.3,B0,3,3,940,236,True,False,0.6864406779661016,0.6751488095238096,0.2930232558139535,0.4645669291338583,0.4645669291338583,0.23964562569213732,,0.8960000122897327
heterogeneity_entropy,6005,10,joint_dirichlet_0.3,B0,3,4,3651,913,True,True,0.9671412924424972,0.5228887959866221,0.0015600624024961,,,0.046801872074882955,"equal_opportunity_gap,equalized_odds_gap",1.6349159996025264
heterogeneity_entropy,6005,10,joint_dirichlet_0.3,B0,3,5,69,18,True,False,1.0,1.0,,,,,"comparison_groups,subgroup_accuracy_gap",0.5936249799560755
heterogeneity_entropy,6005,10,joint_dirichlet_0.3,B0,3,6,1378,345,True,True,0.736231884057971,0.48073965035312016,0.06080360317648453,0.015165031222123107,,0.8063292639563826,"equalized_odds_gap,false_positive_rate_gap",1.015292014926672
heterogeneity_entropy,6005,10,joint_dirichlet_0.3,B0,3,7,735,184,True,False,0.9402173913043478,0.561430119176598,,,,,"comparison_groups,subgroup_accuracy_gap",0.8369169954676181
heterogeneity_entropy,6005,10,joint_dirichlet_0.3,B0,3,8,2560,640,True,True,0.7015625,0.5377383820087052,0.18295947567617465,0.13510370226788138,0.3261217948717949,0.6595323812161253,,1.4548340113833547
heterogeneity_entropy,6005,10,joint_dirichlet_0.3,B0,3,9,785,197,True,True,0.7817258883248731,0.4805935373106874,0.011049723756906077,0.058823529411764705,0.058823529411764705,0.5107044198895028,,0.8174159738700837
heterogeneity_entropy,6005,10,joint_dirichlet_0.3,B0,4,0,728,182,True,False,0.8571428571428571,0.527744510978044,,,,,"comparison_groups,subgroup_accuracy_gap",0.8797910122666508
heterogeneity_entropy,6005,10,joint_dirichlet_0.3,B0,4,1,5708,1427,True,True,0.6615276804484933,0.5967334544465215,0.2530213023423933,0.2809667673716012,0.2809667673716012,0.6549468423658094,,2.335667028091848
heterogeneity_entropy,6005,10,joint_dirichlet_0.3,B0,4,2,3952,989,True,True,0.9555106167846309,0.5302677029360967,0.028169014084507043,,,0.619718309859155,"equal_opportunity_gap,equalized_odds_gap",1.9036669982597232
heterogeneity_entropy,6005,10,joint_dirichlet_0.3,B0,4,3,940,236,True,True,0.6440677966101694,0.6244031830238727,0.24651162790697675,0.3858267716535433,0.3858267716535433,0.28615725359911404,,1.0235829977318645
heterogeneity_entropy,6005,10,joint_dirichlet_0.3,B0,4,4,3651,913,True,True,0.968236582694414,0.5525190555865402,0.0031201248049922,,,0.04524180967238689,"equal_opportunity_gap,equalized_odds_gap",1.7007499991450459
heterogeneity_entropy,6005,10,joint_dirichlet_0.3,B0,4,5,69,18,True,False,1.0,1.0,,,,,"comparison_groups,subgroup_accuracy_gap",0.5927919992245734
heterogeneity_entropy,6005,10,joint_dirichlet_0.3,B0,4,6,1378,345,True,True,0.736231884057971,0.48073965035312016,0.06080360317648453,0.015165031222123107,,0.8063292639563826,"equalized_odds_gap,false_positive_rate_gap",1.0362079774495214
heterogeneity_entropy,6005,10,joint_dirichlet_0.3,B0,4,7,735,184,True,False,0.9402173913043478,0.561430119176598,,,,,"comparison_groups,subgroup_accuracy_gap",0.9802090062294155
heterogeneity_entropy,6005,10,joint_dirichlet_0.3,B0,4,8,2560,640,True,True,0.696875,0.5263671875,0.16385119542139756,0.11562318278736189,0.3261217948717949,0.6786406614709024,,1.4377920015249401
heterogeneity_entropy,6005,10,joint_dirichlet_0.3,B0,4,9,785,197,True,True,0.7918781725888325,0.522212363206152,0.022099447513812154,0.11764705882352941,0.11764705882352941,0.5217541436464088,,0.8364160021301359
heterogeneity_entropy,6005,10,joint_dirichlet_0.3,B0,5,0,728,182,True,False,0.8571428571428571,0.527744510978044,,,,,"comparison_groups,subgroup_accuracy_gap",0.8909580064937472
heterogeneity_entropy,6005,10,joint_dirichlet_0.3,B0,5,1,5708,1427,True,True,0.6468114926419061,0.5724863044966902,0.22383567886974218,0.24773413897280966,0.24773413897280966,0.6869573245955227,,2.2187079885043204
heterogeneity_entropy,6005,10,joint_dirichlet_0.3,B0,5,2,3952,989,True,True,0.9555106167846309,0.5302677029360967,0.028169014084507043,,,0.619718309859155,"equal_opportunity_gap,equalized_odds_gap",1.7221250163856894
heterogeneity_entropy,6005,10,joint_dirichlet_0.3,B0,5,3,940,236,True,True,0.6228813559322034,0.5958826358826359,0.21395348837209302,0.33858267716535434,0.33858267716535434,0.30941306755260245,,0.86037497385405
heterogeneity_entropy,6005,10,joint_dirichlet_0.3,B0,5,4,3651,913,True,True,0.9671412924424972,0.550452993697479,0.0046801872074883,,,0.046801872074882955,"equal_opportunity_gap,equalized_odds_gap",1.613917003851384
heterogeneity_entropy,6005,10,joint_dirichlet_0.3,B0,5,5,69,18,True,False,1.0,1.0,,,,,"comparison_groups,subgroup_accuracy_gap",0.5914999928791076
heterogeneity_entropy,6005,10,joint_dirichlet_0.3,B0,5,6,1378,345,True,True,0.736231884057971,0.48073965035312016,0.06080360317648453,0.015165031222123107,,0.8063292639563826,"equalized_odds_gap,false_positive_rate_gap",1.0026670061051846
heterogeneity_entropy,6005,10,joint_dirichlet_0.3,B0,5,7,735,184,True,False,0.9402173913043478,0.561430119176598,,,,,"comparison_groups,subgroup_accuracy_gap",0.8844999829307199
heterogeneity_entropy,6005,10,joint_dirichlet_0.3,B0,5,8,2560,640,True,True,0.696875,0.5263671875,0.16385119542139756,0.11562318278736189,0.3261217948717949,0.6786406614709024,,1.4270000101532787
heterogeneity_entropy,6005,10,joint_dirichlet_0.3,B0,5,9,785,197,True,True,0.7918781725888325,0.522212363206152,0.022099447513812154,0.11764705882352941,0.11764705882352941,0.5217541436464088,,0.8384170068893582
heterogeneity_entropy,6006,10,iid,B0,1,0,2051,513,True,True,0.7582846003898636,0.49914965986394555,0.03724928366762178,0.08620689655172414,0.08620689655172414,0.22085750227129786,,1.3869170215912163
heterogeneity_entropy,6006,10,iid,B0,1,1,2051,513,True,True,0.7680311890838206,0.49876429679866663,0.01254204537321978,0.022134776192818492,0.022134776192818492,0.15987976812423965,,1.241125020897016
heterogeneity_entropy,6006,10,iid,B0,1,2,2051,513,True,True,0.7621832358674464,0.5388594164456233,0.0025056465273856562,0.048022598870056485,0.048022598870056485,0.18365330321852058,,1.2351670011412352
heterogeneity_entropy,6006,10,iid,B0,1,3,2051,513,True,True,0.7777777777777778,0.4979223901098901,0.017236024844720498,0.015995872033023745,0.015995872033023745,0.17111801242236024,,1.213375013321638
heterogeneity_entropy,6006,10,iid,B0,1,4,2051,513,True,True,0.7543859649122807,0.45922294357807375,0.0023708635996771595,0.022477064220183487,0.022477064220183487,0.20248184019370463,,1.2194579758215696
heterogeneity_entropy,6006,10,iid,B0,1,5,2051,513,True,True,0.7621832358674464,0.5072278911564626,0.028015194681861352,0.04009009009009008,0.04009009009009008,0.17616334283000956,,1.2020840076729655
heterogeneity_entropy,6006,10,iid,B0,1,6,2051,513,True,True,0.7699805068226121,0.48030563186813185,0.0005208152494705059,0.04735256134309083,0.04735256134309083,0.1530328808027499,,1.1921249970328063
heterogeneity_entropy,6006,10,iid,B0,1,7,2050,513,True,True,0.7563352826510721,0.47989747998669835,0.006557707828894269,0.009591326105087575,0.009591326105087575,0.18225383373688464,,1.1859999794978648
heterogeneity_entropy,6006,10,iid,B0,1,8,2050,513,True,True,0.7719298245614035,0.48807198601219665,0.014337474120082815,0.0015873015873015886,0.004166666666666667,0.1886645962732919,,1.1855000047944486
heterogeneity_entropy,6006,10,iid,B0,1,9,2050,513,True,True,0.7680311890838206,0.4924803591470258,0.03151862464183381,0.07339449541284404,0.07339449541284404,0.20653085470682786,,1.1934590002056211
heterogeneity_entropy,6006,10,iid,B0,2,0,2051,513,True,True,0.7621832358674464,0.512873599003736,0.03401705220490601,0.02816091954022988,0.02816091954022988,0.22408973373401364,,1.3531250006053597
heterogeneity_entropy,6006,10,iid,B0,2,1,2051,513,True,True,0.7680311890838206,0.49876429679866663,0.021720460888857082,0.022134776192818492,0.022134776192818492,0.1690581836398769,,1.21645798208192
heterogeneity_entropy,6006,10,iid,B0,2,2,2051,513,True,True,0.7582846003898636,0.5263016799714048,0.005875917560700172,0.0009416195856873782,0.02097902097902098,0.18028303218520614,,1.2856670073233545
heterogeneity_entropy,6006,10,iid,B0,2,3,2051,513,True,True,0.7758284600389863,0.4968228922342104,0.011283643892339545,0.015995872033023745,0.015995872033023745,0.1651656314699792,,1.2218749907333404
heterogeneity_entropy,6006,10,iid,B0,2,4,2051,513,True,True,0.7563352826510721,0.4668911335578002,0.0006053268765133166,0.013302752293577982,0.013302752293577982,0.19950564971751417,,1.2021249858662486
heterogeneity_entropy,6006,10,iid,B0,2,5,2051,513,True,True,0.7602339181286549,0.5002811458077596,0.025166191832858502,0.031081081081081083,0.031081081081081083,0.17901234567901236,,1.1805840185843408
heterogeneity_entropy,6006,10,iid,B0,2,6,2051,513,True,True,0.7719298245614035,0.48807198601219665,0.0023610291309329526,0.037451571244080925,0.037451571244080925,0.1501510364223464,,1.1814160097856075
heterogeneity_entropy,6006,10,iid,B0,2,7,2050,513,True,True,0.7563352826510721,0.47989747998669835,0.006557707828894269,0.009591326105087575,0.009591326105087575,0.18225383373688464,,1.1830829898826778
heterogeneity_entropy,6006,10,iid,B0,2,8,2050,513,True,True,0.7758284600389863,0.5032794752839546,0.020134575569358177,0.020634920634920645,0.020634920634920645,0.18286749482401654,,1.1801250220742077
heterogeneity_entropy,6006,10,iid,B0,2,9,2050,513,True,True,0.7719298245614035,0.5071884262642352,0.03724928366762178,0.09174311926605505,0.09174311926605505,0.2008001956810399,,1.2490000226534903
heterogeneity_entropy,6006,10,iid,B0,3,0,2051,513,True,True,0.7660818713450293,0.5315068493150685,0.04547837025648194,0.05402298850574713,0.05402298850574713,0.21835907470822558,,1.1997499968856573
heterogeneity_entropy,6006,10,iid,B0,3,1,2051,513,True,True,0.7719298245614035,0.5131840412675497,0.02733843841694697,0.04082636497786522,0.04082636497786522,0.163440206111787,,1.2366670125629753
heterogeneity_entropy,6006,10,iid,B0,3,2,2051,513,True,True,0.7641325536062378,0.5450294283641055,0.005346555618294745,0.03954802259887005,0.03954802259887005,0.18081239412761152,,1.1932909837923944
heterogeneity_entropy,6006,10,iid,B0,3,3,2051,513,True,True,0.7758284600389863,0.5032794752839546,0.017080745341614908,0.02579979360165119,0.02579979360165119,0.1651656314699792,,1.1759999906644225
heterogeneity_entropy,6006,10,iid,B0,3,4,2051,513,True,True,0.7582846003898636,0.4809048178613396,0.0009079903147699749,0.005045871559633028,0.012738853503184714,0.18790355125100888,,1.1764589871745557
heterogeneity_entropy,6006,10,iid,B0,3,5,2051,513,True,True,0.7602339181286549,0.5002811458077596,0.025166191832858502,0.031081081081081083,0.031081081081081083,0.17901234567901236,,1.1802499939221889
heterogeneity_entropy,6006,10,iid,B0,3,6,2051,513,True,True,0.7758284600389863,0.5032794752839546,0.00812471789173987,0.01764959104606112,0.01764959104606112,0.1443873476615395,,1.180291990749538
heterogeneity_entropy,6006,10,iid,B0,3,7,2050,513,True,True,0.7582846003898636,0.4871654305062883,0.009533898305084745,0.01876563803169308,0.01876563803169308,0.17927764326069417,,1.1699580063577741
heterogeneity_entropy,6006,10,iid,B0,3,8,2050,513,True,True,0.7758284600389863,0.5032794752839546,0.020134575569358177,0.020634920634920645,0.020634920634920645,0.18286749482401654,,1.1605419858824462
heterogeneity_entropy,6006,10,iid,B0,3,9,2050,513,True,True,0.7719298245614035,0.5131840412675497,0.03401705220490601,0.10091743119266056,0.10091743119266056,0.19183730519253617,,1.1734580039046705
heterogeneity_entropy,6006,10,iid,B0,4,0,2051,513,True,True,0.7660818713450293,0.5366132723112128,0.051209029282269905,0.06264367816091955,0.06264367816091955,0.21835907470822558,,1.198749989271164
heterogeneity_entropy,6006,10,iid,B0,4,1,2051,513,True,True,0.7719298245614035,0.5190046880634691,0.023778000429399555,0.05017215937038859,0.05017215937038859,0.15426179059614975,,1.2235830072313547
heterogeneity_entropy,6006,10,iid,B0,4,2,2051,513,True,True,0.7699805068226121,0.5631206697459584,0.004817193675889328,0.07815442561205271,0.07815442561205271,0.181341756070017,,1.2144590145908296
heterogeneity_entropy,6006,10,iid,B0,4,3,2051,513,True,True,0.7758284600389863,0.5156125557298038,0.010973084886128366,0.01702786377708977,0.01702786377708977,0.1651656314699792,,1.211082999361679
heterogeneity_entropy,6006,10,iid,B0,4,4,2051,513,True,True,0.7602339181286549,0.48821912030691117,0.003884180790960451,0.014220183486238533,0.014220183486238533,0.18492736077481842,,1.3700840063393116
heterogeneity_entropy,6006,10,iid,B0,4,5,2051,513,True,True,0.7582846003898636,0.49914965986394555,0.028015194681861352,0.031081081081081083,0.031081081081081083,0.18186134852801528,,1.1802079970948398
heterogeneity_entropy,6006,10,iid,B0,4,6,2051,513,True,True,0.7777777777777778,0.510725520380162,0.011006562272143326,0.0077486009470512235,0.0077486009470512235,0.1415055032811361,,1.1931250046472996
heterogeneity_entropy,6006,10,iid,B0,4,7,2050,513,True,True,0.7582846003898636,0.4871654305062883,0.009533898305084745,0.01876563803169308,0.01876563803169308,0.17927764326069417,,1.1697500012814999
heterogeneity_entropy,6006,10,iid,B0,4,8,2050,513,True,True,0.7758284600389863,0.5032794752839546,0.020134575569358177,0.020634920634920645,0.020634920634920645,0.18286749482401654,,1.1942090059164912
heterogeneity_entropy,6006,10,iid,B0,4,9,2050,513,True,True,0.7777777777777778,0.5341119112867249,0.04261304074358795,0.12844036697247707,0.12844036697247707,0.18324131665385424,,1.1701660114340484
heterogeneity_entropy,6006,10,iid,B0,5,0,2051,513,True,True,0.7660818713450293,0.5366132723112128,0.051209029282269905,0.06264367816091955,0.06264367816091955,0.21835907470822558,,1.181457977509126
heterogeneity_entropy,6006,10,iid,B0,5,1,2051,513,True,True,0.7738791423001949,0.5314625850340137,0.03220496672153439,0.06886374815543532,0.06886374815543532,0.15145280183210486,,1.2644590169657022
heterogeneity_entropy,6006,10,iid,B0,5,2,2051,513,True,True,0.7719298245614035,0.5690159049294511,0.007658102766798423,0.06967984934086627,0.06967984934086627,0.17850084697910784,,1.2202910147607327
heterogeneity_entropy,6006,10,iid,B0,5,3,2051,513,True,True,0.7816764132553606,0.5367945823927766,0.019668737060041408,0.012383900928792574,0.012383900928792574,0.1564699792960662,,1.1930830078199506
heterogeneity_entropy,6006,10,iid,B0,5,4,2051,513,True,True,0.7602339181286549,0.48821912030691117,0.003884180790960451,0.014220183486238533,0.014220183486238533,0.18492736077481842,,1.2267500278539956
heterogeneity_entropy,6006,10,iid,B0,5,5,2051,513,True,True,0.7582846003898636,0.49914965986394555,0.028015194681861352,0.031081081081081083,0.031081081081081083,0.18186134852801528,,1.1819170031230897
heterogeneity_entropy,6006,10,iid,B0,5,6,2051,513,True,True,0.7719298245614035,0.5071884262642352,0.019652095413353703,0.0077486009470512235,0.012195121951219513,0.1501510364223464,,1.168415998108685
heterogeneity_entropy,6006,10,iid,B0,5,7,2050,513,True,True,0.7602339181286549,0.5002811458077596,0.018462469733656173,0.03711426188490409,0.03711426188490409,0.1763014527845037,,1.1555420060176402
heterogeneity_entropy,6006,10,iid,B0,5,8,2050,513,True,True,0.7797270955165692,0.5240366851953725,0.031728778467908905,0.04920634920634921,0.04920634920634921,0.17707039337474118,,1.1582500010263175
heterogeneity_entropy,6006,10,iid,B0,5,9,2050,513,True,True,0.7777777777777778,0.5341119112867249,0.04261304074358795,0.12844036697247707,0.12844036697247707,0.18324131665385424,,1.1645829945337027
heterogeneity_entropy,6006,10,joint_dirichlet_1.0,B0,1,0,2279,570,True,False,0.7912280701754386,0.7899186991869919,0.4503037945660896,0.05632984901277582,0.2009262268443289,0.1386646140744502,,1.457540987757966
heterogeneity_entropy,6006,10,joint_dirichlet_1.0,B0,1,1,1267,317,True,True,0.7350157728706624,0.5169085631349782,0.05263157894736842,0.12658227848101267,0.12658227848101267,0.05874981571575999,,0.995709007838741
heterogeneity_entropy,6006,10,joint_dirichlet_1.0,B0,1,2,3253,814,True,True,0.9164619164619164,0.4782051282051282,0.0,0.0,0.0,0.5523465082235426,,1.5755000058561563
heterogeneity_entropy,6006,10,joint_dirichlet_1.0,B0,1,3,896,225,True,True,0.8177777777777778,0.5129613008816852,0.0004741583688952118,0.0873015873015873,0.0873015873015873,0.23518255097202467,,0.8585839823354036
heterogeneity_entropy,6006,10,joint_dirichlet_1.0,B0,1,4,2590,648,True,True,0.9629629629629629,0.49056603773584906,0.0,0.0,0.0,0.06565601698681545,,1.5555830032099038
heterogeneity_entropy,6006,10,joint_dirichlet_1.0,B0,1,5,1712,429,True,True,0.7715617715617715,0.6782828282828284,0.08230958230958231,0.6597222222222222,0.6597222222222222,0.24078624078624078,,1.2025829928461462
heterogeneity_entropy,6006,10,joint_dirichlet_1.0,B0,1,6,4178,1045,True,False,0.8373205741626795,0.8047149817081751,0.4972163920272704,,,0.3331026064692836,"equal_opportunity_gap,equalized_odds_gap",1.9361669837962836
heterogeneity_entropy,6006,10,joint_dirichlet_1.0,B0,1,7,1392,349,True,True,0.8194842406876791,0.529438202247191,0.05537368252954328,0.08955223880597014,0.08955223880597014,0.5958958799105717,,1.1500830005388707
heterogeneity_entropy,6006,10,joint_dirichlet_1.0,B0,1,8,1123,281,True,True,0.708185053380783,0.5428174603174604,0.02223654527876251,0.01904761904761909,0.047380156075808255,0.15431303040068745,,1.003083016257733
heterogeneity_entropy,6006,10,joint_dirichlet_1.0,B0,1,9,1815,454,True,True,0.9405286343612335,0.48467650397275824,0.0,0.0,0.0,0.2784458004307251,,1.17891700938344
heterogeneity_entropy,6006,10,joint_dirichlet_1.0,B0,2,0,2279,570,True,True,0.7315789473684211,0.6992042934353346,0.2671099392410868,0.026713124274099886,0.06999512512187195,0.3116391804916395,,1.3547090056817979
heterogeneity_entropy,6006,10,joint_dirichlet_1.0,B0,2,1,1267,317,True,True,0.7381703470031545,0.518932953028724,0.04887218045112782,0.12658227848101267,0.12658227848101267,0.05499041721951936,,1.0088749986607581
heterogeneity_entropy,6006,10,joint_dirichlet_1.0,B0,2,2,3253,814,True,True,0.9164619164619164,0.4782051282051282,0.0,0.0,0.0,0.5523465082235426,,1.6095830069389194
heterogeneity_entropy,6006,10,joint_dirichlet_1.0,B0,2,3,896,225,True,True,0.8177777777777778,0.5129613008816852,0.0004741583688952118,0.0873015873015873,0.0873015873015873,0.23518255097202467,,0.8796670008450747
heterogeneity_entropy,6006,10,joint_dirichlet_1.0,B0,2,4,2590,648,True,True,0.9645061728395061,0.5309520062942565,0.0038022813688212928,0.05,0.05,0.06185373561799412,,1.414540980476886
heterogeneity_entropy,6006,10,joint_dirichlet_1.0,B0,2,5,1712,429,True,True,0.7296037296037297,0.5854105571847508,0.028255528255528253,0.7986111111111112,0.7986111111111112,0.28501228501228504,,1.2288750149309635
heterogeneity_entropy,6006,10,joint_dirichlet_1.0,B0,2,6,4178,1045,True,True,0.723444976076555,0.6086340127697238,0.20861429911132942,,,0.6090519358728174,"equal_opportunity_gap,equalized_odds_gap",2.0583749865181744
heterogeneity_entropy,6006,10,joint_dirichlet_1.0,B0,2,7,1392,349,True,True,0.8194842406876791,0.529438202247191,0.05537368252954328,0.08955223880597014,0.08955223880597014,0.5958958799105717,,1.1826249829027802
heterogeneity_entropy,6006,10,joint_dirichlet_1.0,B0,2,8,1123,281,True,True,0.7473309608540926,0.7335069792292794,0.02196798796863242,0.03633156966490303,0.10702341137123744,0.0005371146202599597,,0.9939169976860285
heterogeneity_entropy,6006,10,joint_dirichlet_1.0,B0,2,9,1815,454,True,True,0.9427312775330396,0.5209415584415584,0.002512562814070352,0.1,0.1,0.2809583632447954,,1.1620830046012998
heterogeneity_entropy,6006,10,joint_dirichlet_1.0,B0,3,0,2279,570,True,True,0.6771929824561403,0.6144117647058823,0.19441214523181735,0.17015098722415795,0.17015098722415795,0.3749037847398503,,1.3090000138618052
heterogeneity_entropy,6006,10,joint_dirichlet_1.0,B0,3,1,1267,317,True,True,0.7381703470031545,0.5263119992798632,0.05639097744360902,0.13924050632911392,0.13924050632911392,0.05499041721951936,,0.9752079786267132
heterogeneity_entropy,6006,10,joint_dirichlet_1.0,B0,3,2,3253,814,True,True,0.9176904176904177,0.49300462020433017,0.012658227848101266,0.021739130434782608,0.021739130434782608,0.5396882803754413,,1.5261250082403421
heterogeneity_entropy,6006,10,joint_dirichlet_1.0,B0,3,3,896,225,True,True,0.8177777777777778,0.5129613008816852,0.0004741583688952118,0.0873015873015873,0.0873015873015873,0.23518255097202467,,0.8563750016037375
heterogeneity_entropy,6006,10,joint_dirichlet_1.0,B0,3,4,2590,648,True,True,0.9645061728395061,0.5309520062942565,0.0038022813688212928,0.05,0.05,0.06185373561799412,,1.383458002237603
heterogeneity_entropy,6006,10,joint_dirichlet_1.0,B0,3,5,1712,429,True,True,0.7156177156177156,0.5525136798905609,0.013513513513513514,0.8402777777777778,0.8402777777777778,0.2997542997542998,,1.1232499964535236
heterogeneity_entropy,6006,10,joint_dirichlet_1.0,B0,3,6,4178,1045,True,True,0.7129186602870813,0.5792533659730722,0.16995266377885945,,,0.6447885499933015,"equal_opportunity_gap,equalized_odds_gap",1.8003329751081765
heterogeneity_entropy,6006,10,joint_dirichlet_1.0,B0,3,7,1392,349,True,True,0.8194842406876791,0.529438202247191,0.05537368252954328,0.08955223880597014,0.08955223880597014,0.5958958799105717,,1.008833001833409
heterogeneity_entropy,6006,10,joint_dirichlet_1.0,B0,3,8,1123,281,True,True,0.6298932384341637,0.6298510487384741,0.07498120098829086,0.046208112874779494,0.07246376811594203,0.02110860457621666,,0.9236249898094684
heterogeneity_entropy,6006,10,joint_dirichlet_1.0,B0,3,9,1815,454,True,True,0.9427312775330396,0.5209415584415584,0.002512562814070352,0.1,0.1,0.2809583632447954,,1.2144170177634805
heterogeneity_entropy,6006,10,joint_dirichlet_1.0,B0,4,0,2279,570,True,True,0.6596491228070176,0.5848101646041091,0.16630910073533023,0.12543554006968644,0.12543554006968644,0.39832298848692294,,1.3094170135445893
heterogeneity_entropy,6006,10,joint_dirichlet_1.0,B0,4,1,1267,317,True,True,0.7381703470031545,0.5263119992798632,0.05639097744360902,0.13924050632911392,0.13924050632911392,0.05499041721951936,,0.9864169987849891
heterogeneity_entropy,6006,10,joint_dirichlet_1.0,B0,4,2,3253,814,True,True,0.918918918918919,0.5073904272877315,0.01129768363041419,0.023715415019762848,0.023715415019762848,0.5410488245931284,,1.5237500192597508
heterogeneity_entropy,6006,10,joint_dirichlet_1.0,B0,4,3,896,225,True,True,0.8266666666666667,0.5534123873988498,0.017069701280227594,0.031746031746031744,0.031746031746031744,0.2176386913229018,,0.8609999786131084
heterogeneity_entropy,6006,10,joint_dirichlet_1.0,B0,4,4,2590,648,True,True,0.9660493827160493,0.5682616596002423,0.0012048787714186954,0.2,0.2,0.06445113821539672,,1.3552909949794412
heterogeneity_entropy,6006,10,joint_dirichlet_1.0,B0,4,5,1712,429,True,True,0.7156177156177156,0.5525136798905609,0.013513513513513514,0.8402777777777778,0.8402777777777778,0.2997542997542998,,1.092417020117864
heterogeneity_entropy,6006,10,joint_dirichlet_1.0,B0,4,6,4178,1045,True,True,0.7052631578947368,0.5624619366626066,0.15244719331934087,,,0.6622940204528202,"equal_opportunity_gap,equalized_odds_gap",1.8214159936178476
heterogeneity_entropy,6006,10,joint_dirichlet_1.0,B0,4,7,1392,349,True,True,0.8194842406876791,0.529438202247191,0.05537368252954328,0.08955223880597014,0.08955223880597014,0.5958958799105717,,1.0108329879585654
heterogeneity_entropy,6006,10,joint_dirichlet_1.0,B0,4,8,1123,281,True,False,0.5800711743772242,0.5767207924836601,0.020302932645826582,0.044797178130511484,0.044797178130511484,0.12176388441293373,,0.9264170075766742
heterogeneity_entropy,6006,10,joint_dirichlet_1.0,B0,4,9,1815,454,True,True,0.9427312775330396,0.5209415584415584,0.002512562814070352,0.1,0.1,0.2809583632447954,,1.1021249811165035
heterogeneity_entropy,6006,10,joint_dirichlet_1.0,B0,5,0,2279,570,True,True,0.6543859649122807,0.5760641812175554,0.15928333961120844,0.11324041811846691,0.11324041811846691,0.4053487496110447,,1.2663329835049808
heterogeneity_entropy,6006,10,joint_dirichlet_1.0,B0,5,1,1267,317,True,True,0.7381703470031545,0.5263119992798632,0.05639097744360902,0.13924050632911392,0.13924050632911392,0.05499041721951936,,0.964250008109957
heterogeneity_entropy,6006,10,joint_dirichlet_1.0,B0,5,2,3253,814,True,True,0.9201474201474201,0.5338941990045368,0.007216050977352967,0.11462450592885375,0.11462450592885375,0.5424093688108154,,1.5254589961841702
heterogeneity_entropy,6006,10,joint_dirichlet_1.0,B0,5,3,896,225,True,True,0.8266666666666667,0.5687748783724016,0.016832622095779987,0.003968253968253954,0.019230769230769232,0.19985775248933135,,0.8455829811282456
heterogeneity_entropy,6006,10,joint_dirichlet_1.0,B0,5,4,2590,648,True,True,0.9660493827160493,0.5682616596002423,0.0012048787714186954,0.2,0.2,0.06445113821539672,,1.4157080149743706
heterogeneity_entropy,6006,10,joint_dirichlet_1.0,B0,5,5,1712,429,True,True,0.7156177156177156,0.5525136798905609,0.013513513513513514,0.8402777777777778,0.8402777777777778,0.2997542997542998,,1.1393340246286243
heterogeneity_entropy,6006,10,joint_dirichlet_1.0,B0,5,6,4178,1045,True,True,0.7043062200956938,0.5588880161196681,0.14977150597657005,,,0.6683710683398085,"equal_opportunity_gap,equalized_odds_gap",1.8089160148520023
heterogeneity_entropy,6006,10,joint_dirichlet_1.0,B0,5,7,1392,349,True,True,0.8194842406876791,0.529438202247191,0.05537368252954328,0.08955223880597014,0.08955223880597014,0.5958958799105717,,1.0332920064684004
heterogeneity_entropy,6006,10,joint_dirichlet_1.0,B0,5,8,1123,281,True,False,0.5373665480427047,0.5292040416537788,0.016381995917928882,0.08359788359788362,0.08359788359788362,0.15844881297668928,,0.9502500179223716
heterogeneity_entropy,6006,10,joint_dirichlet_1.0,B0,5,9,1815,454,True,True,0.9405286343612335,0.5191243968459456,0.005025125628140704,0.1,0.1,0.2784458004307251,,1.1522079876158386
heterogeneity_entropy,6006,10,joint_dirichlet_0.3,B0,1,0,5390,1348,True,True,0.8486646884272997,0.4951681597885152,0.01957689003436426,0.03864734299516908,0.03864734299516908,0.507678264604811,,2.3522079864051193
heterogeneity_entropy,6006,10,joint_dirichlet_0.3,B0,1,1,636,160,True,True,0.99375,0.49843260188087773,0.0,,,0.03703703703703709,"equal_opportunity_gap,equalized_odds_gap",0.9556250006426126
heterogeneity_entropy,6006,10,joint_dirichlet_0.3,B0,1,2,2194,549,True,False,0.8542805100182149,0.846041672509044,0.6325554602936448,0.586046511627907,0.586046511627907,0.1166541635408852,,1.3252079952508211
heterogeneity_entropy,6006,10,joint_dirichlet_0.3,B0,1,3,3604,901,True,True,0.8912319644839067,0.4812103407755582,0.00980392156862745,0.0125,0.0125,0.7507300792657489,,1.7056660144589841
heterogeneity_entropy,6006,10,joint_dirichlet_0.3,B0,1,4,104,26,False,False,,,,,,,,0.013791985111311078
heterogeneity_entropy,6006,10,joint_dirichlet_0.3,B0,1,5,328,82,True,True,0.8902439024390244,0.47096774193548385,0.0,0.0,0.0,0.12605042016806722,,0.7047500112093985
heterogeneity_entropy,6006,10,joint_dirichlet_0.3,B0,1,6,783,196,True,True,0.7857142857142857,0.7543859649122806,0.19047619047619047,0.021052631578947323,0.1384615384615384,0.04081632653061229,,0.8281670161522925
heterogeneity_entropy,6006,10,joint_dirichlet_0.3,B0,1,7,2409,603,True,False,0.9635157545605307,0.4907094594594595,,,,,"comparison_groups,subgroup_accuracy_gap",1.3108330022078007
heterogeneity_entropy,6006,10,joint_dirichlet_0.3,B0,1,8,3061,766,True,True,0.7323759791122716,0.5378031299761292,0.06656220984215411,0.0,0.009193776520509234,0.3812674094707521,,1.4857090136501938
heterogeneity_entropy,6006,10,joint_dirichlet_0.3,B0,1,9,1997,500,True,False,0.992,0.4979919678714859,,,,,"comparison_groups,subgroup_accuracy_gap",1.21795799350366
heterogeneity_entropy,6006,10,joint_dirichlet_0.3,B0,2,0,5390,1348,True,True,0.8516320474777448,0.5131183541377716,0.029886168384879726,0.057971014492753624,0.057971014492753624,0.4973689862542955,,2.104292012518272
heterogeneity_entropy,6006,10,joint_dirichlet_0.3,B0,2,1,636,160,True,True,0.99375,0.49843260188087773,0.0,,,0.03703703703703709,"equal_opportunity_gap,equalized_odds_gap",0.8324590162374079
heterogeneity_entropy,6006,10,joint_dirichlet_0.3,B0,2,2,2194,549,True,False,0.7632058287795993,0.7212457817772779,0.3887445075554603,0.37441860465116283,0.37441860465116283,0.40652127317543674,,1.2627500109374523
heterogeneity_entropy,6006,10,joint_dirichlet_0.3,B0,2,3,3604,901,True,True,0.8923418423973363,0.4912893405742691,0.0196078431372549,0.025,0.025,0.7409261576971213,,1.617249974515289
heterogeneity_entropy,6006,10,joint_dirichlet_0.3,B0,2,4,104,26,False,False,,,,,,,,0.013040989870205522
heterogeneity_entropy,6006,10,joint_dirichlet_0.3,B0,2,5,328,82,True,True,0.9024390243902439,0.6876190476190476,0.18487394957983194,0.07478005865102644,0.5,0.054621848739495826,,0.6987089873291552
heterogeneity_entropy,6006,10,joint_dirichlet_0.3,B0,2,6,783,196,True,True,0.7602040816326531,0.759897828863346,0.22448979591836737,0.0,0.158974358974359,0.12925170068027203,,0.8159590070135891
heterogeneity_entropy,6006,10,joint_dirichlet_0.3,B0,2,7,2409,603,True,False,0.9635157545605307,0.4907094594594595,,,,,"comparison_groups,subgroup_accuracy_gap",1.311708998400718
heterogeneity_entropy,6006,10,joint_dirichlet_0.3,B0,2,8,3061,766,True,False,0.8328981723237598,0.7906835745698304,0.43134865366759517,0.08407871198568873,0.2444130127298444,0.00046425255338911064,,1.4814999885857105
heterogeneity_entropy,6006,10,joint_dirichlet_0.3,B0,2,9,1997,500,True,False,0.992,0.4979919678714859,,,,,"comparison_groups,subgroup_accuracy_gap",1.1540419945959002
heterogeneity_entropy,6006,10,joint_dirichlet_0.3,B0,3,0,5390,1348,True,True,0.8553412462908012,0.5347141216016483,0.04277276632302405,0.0821256038647343,0.0821256038647343,0.4844823883161512,,2.143582998542115
heterogeneity_entropy,6006,10,joint_dirichlet_0.3,B0,3,1,636,160,True,True,0.99375,0.49843260188087773,0.0,,,0.03703703703703709,"equal_opportunity_gap,equalized_odds_gap",0.8384579850826412
heterogeneity_entropy,6006,10,joint_dirichlet_0.3,B0,3,2,2194,549,True,False,0.7249544626593807,0.6599726826387095,0.30193709141571107,0.26279069767441865,0.26279069767441865,0.5132622441324617,,1.2635829916689545
heterogeneity_entropy,6006,10,joint_dirichlet_0.3,B0,3,3,3604,901,True,True,0.8923418423973363,0.5005800099430276,0.028160200250312892,0.0375,0.0375,0.7298706716729245,,1.6250000044237822
heterogeneity_entropy,6006,10,joint_dirichlet_0.3,B0,3,4,104,26,False,False,,,,,,,,0.012458011042326689
heterogeneity_entropy,6006,10,joint_dirichlet_0.3,B0,3,5,328,82,True,False,0.8292682926829268,0.6800445930880714,0.3529411764705882,0.250733137829912,0.5,0.1386554621848739,,0.7028330001048744
heterogeneity_entropy,6006,10,joint_dirichlet_0.3,B0,3,6,783,196,True,True,0.6989795918367347,0.6966978781440973,0.17006802721088438,0.06315789473684214,0.06315789473684214,0.10204081632653061,,0.8155829855240881
heterogeneity_entropy,6006,10,joint_dirichlet_0.3,B0,3,7,2409,603,True,False,0.9618573797678275,0.4902789518174134,,,,,"comparison_groups,subgroup_accuracy_gap",1.2749999877996743
heterogeneity_entropy,6006,10,joint_dirichlet_0.3,B0,3,8,3061,766,True,False,0.741514360313316,0.7274511213341001,0.3946146703806871,0.08810375670840787,0.19801980198019803,0.1646355617455897,,1.4531670021824539
heterogeneity_entropy,6006,10,joint_dirichlet_0.3,B0,3,9,1997,500,True,False,0.992,0.4979919678714859,,,,,"comparison_groups,subgroup_accuracy_gap",1.141207991167903
heterogeneity_entropy,6006,10,joint_dirichlet_0.3,B0,4,0,5390,1348,True,True,0.8553412462908012,0.538368325386581,0.044308419243986256,0.08695652173913043,0.08695652173913043,0.48086340206185574,,2.105833002133295
heterogeneity_entropy,6006,10,joint_dirichlet_0.3,B0,4,1,636,160,True,True,0.99375,0.49843260188087773,0.0,,,0.03703703703703709,"equal_opportunity_gap,equalized_odds_gap",0.8407919958699495
heterogeneity_entropy,6006,10,joint_dirichlet_0.3,B0,4,2,2194,549,True,False,0.7158469945355191,0.6422556390977443,0.2803558032365234,0.2302325581395349,0.2302325581395349,0.5481325688564997,,1.272583001991734
heterogeneity_entropy,6006,10,joint_dirichlet_0.3,B0,4,3,3604,901,True,True,0.8923418423973363,0.5005800099430276,0.028160200250312892,0.0375,0.0375,0.7298706716729245,,1.6429579991381615
heterogeneity_entropy,6006,10,joint_dirichlet_0.3,B0,4,4,104,26,False,False,,,,,,,,0.012665987014770508
heterogeneity_entropy,6006,10,joint_dirichlet_0.3,B0,4,5,328,82,True,False,0.6463414634146342,0.5559290382819795,0.33193277310924374,0.2976539589442815,0.2976539589442815,0.17647058823529416,,0.7058750197757035
heterogeneity_entropy,6006,10,joint_dirichlet_0.3,B0,4,6,783,196,True,True,0.6632653061224489,0.6581395348837209,0.17687074829931973,0.11578947368421055,0.11578947368421055,0.09523809523809523,,0.8187909843400121
heterogeneity_entropy,6006,10,joint_dirichlet_0.3,B0,4,7,2409,603,True,False,0.9618573797678275,0.4902789518174134,,,,,"comparison_groups,subgroup_accuracy_gap",1.2911660014651716
heterogeneity_entropy,6006,10,joint_dirichlet_0.3,B0,4,8,3061,766,True,True,0.6592689295039165,0.6556057982997856,0.26230269266480966,0.06499701848539063,0.1188118811881188,0.25237929433611883,,1.454667013604194
heterogeneity_entropy,6006,10,joint_dirichlet_0.3,B0,4,9,1997,500,True,False,0.992,0.4979919678714859,,,,,"comparison_groups,subgroup_accuracy_gap",1.1530000192578882
heterogeneity_entropy,6006,10,joint_dirichlet_0.3,B0,5,0,5390,1348,True,True,0.8568249258160238,0.5466570479142816,0.049463058419243984,0.0966183574879227,0.0966183574879227,0.4757087628865979,,2.11087497882545
heterogeneity_entropy,6006,10,joint_dirichlet_0.3,B0,5,1,636,160,True,True,0.99375,0.49843260188087773,0.0,,,0.03703703703703709,"equal_opportunity_gap,equalized_odds_gap",0.8426250133197755
heterogeneity_entropy,6006,10,joint_dirichlet_0.3,B0,5,2,2194,549,True,True,0.7103825136612022,0.6330722959936443,0.268259029042975,0.21627906976744185,0.21627906976744185,0.5602293430500482,,1.2650420248974115
heterogeneity_entropy,6006,10,joint_dirichlet_0.3,B0,5,3,3604,901,True,True,0.8923418423973363,0.5005800099430276,0.028160200250312892,0.0375,0.0375,0.7298706716729245,,1.631375023862347
heterogeneity_entropy,6006,10,joint_dirichlet_0.3,B0,5,4,104,26,False,False,,,,,,,,0.013250013580545783
heterogeneity_entropy,6006,10,joint_dirichlet_0.3,B0,5,5,328,82,True,False,0.5,0.44876209214625346,0.3277310924369748,0.3181818181818182,0.3181818181818182,0.1722689075630252,,0.7092919840943068
heterogeneity_entropy,6006,10,joint_dirichlet_0.3,B0,5,6,783,196,True,True,0.6632653061224489,0.65625,0.17687074829931976,0.09473684210526317,0.09473684210526317,0.12244897959183665,,0.8199170115403831
heterogeneity_entropy,6006,10,joint_dirichlet_0.3,B0,5,7,2409,603,True,False,0.9635157545605307,0.5323604060913706,,,,,"comparison_groups,subgroup_accuracy_gap",1.2869590136688203
heterogeneity_entropy,6006,10,joint_dirichlet_0.3,B0,5,8,3061,766,True,False,0.5953002610966057,0.5950241832606812,0.18012999071494892,0.16964818127608827,0.16964818127608827,0.3206244196843083,,1.4466249849647284
heterogeneity_entropy,6006,10,joint_dirichlet_0.3,B0,5,9,1997,500,True,False,0.992,0.4979919678714859,,,,,"comparison_groups,subgroup_accuracy_gap",1.1542919964995235
heterogeneity_entropy,6007,10,iid,B0,1,0,2051,513,True,True,0.7816764132553606,0.4790367039025098,0.008644206506171996,0.1675,0.1675,0.21474118529632402,,1.4203340106178075
heterogeneity_entropy,6007,10,iid,B0,1,1,2051,513,True,True,0.7680311890838206,0.5221182825159497,0.019158632778264684,0.02199488491048593,0.02199488491048593,0.20511831726555652,,1.2699579820036888
heterogeneity_entropy,6007,10,iid,B0,1,2,2051,513,True,True,0.7524366471734892,0.47789397764154345,0.016825075127542104,0.0035714285714285657,0.008438818565400843,0.19360192885596483,,1.2472910166252404
heterogeneity_entropy,6007,10,iid,B0,1,3,2051,513,True,True,0.7699805068226121,0.5341531736748137,0.024691358024691357,0.020833333333333343,0.020833333333333343,0.16476733143399813,,1.2294159969314933
heterogeneity_entropy,6007,10,iid,B0,1,4,2051,513,True,True,0.7582846003898636,0.4538804945054945,0.006195701083382369,0.031132075471698117,0.031132075471698117,0.18081755564016477,,1.212832983583212
heterogeneity_entropy,6007,10,iid,B0,1,5,2051,513,True,True,0.7738791423001949,0.5143948296122209,0.025676191798895874,0.10377358490566038,0.10377358490566038,0.147269192041943,,1.202875020680949
heterogeneity_entropy,6007,10,iid,B0,1,6,2051,513,True,True,0.7641325536062378,0.47736362182050873,0.000626959247648903,0.08128342245989305,0.08128342245989305,0.21368861024033436,,1.2189590197522193
heterogeneity_entropy,6007,10,iid,B0,1,7,2050,513,True,True,0.7563352826510721,0.503726405237863,0.025676191798895874,0.033575317604355726,0.033575317604355726,0.19992361376341095,,1.1981249845121056
heterogeneity_entropy,6007,10,iid,B0,1,8,2050,513,True,True,0.7621832358674464,0.512873599003736,0.03187353791110499,0.10526315789473684,0.10526315789473684,0.18699256914820417,,1.1821249790955335
heterogeneity_entropy,6007,10,iid,B0,1,9,2050,513,True,True,0.783625730994152,0.5078945321614684,0.02024563093436081,0.030808080808080812,0.030808080808080812,0.1550158249621577,,1.2274579785298556
heterogeneity_entropy,6007,10,iid,B0,2,0,2051,513,True,True,0.7914230019493177,0.5192295901833183,0.0114744595239719,0.2625,0.2625,0.21757143831412395,,1.247250009328127
heterogeneity_entropy,6007,10,iid,B0,2,1,2051,513,True,True,0.7680311890838206,0.5221182825159497,0.019158632778264684,0.02199488491048593,0.02199488491048593,0.20511831726555652,,1.2369170144665986
heterogeneity_entropy,6007,10,iid,B0,2,2,2051,513,True,True,0.7524366471734892,0.47789397764154345,0.016825075127542104,0.0035714285714285657,0.008438818565400843,0.19360192885596483,,1.2022919836454093
heterogeneity_entropy,6007,10,iid,B0,2,3,2051,513,True,True,0.7699805068226121,0.5341531736748137,0.024691358024691357,0.020833333333333343,0.020833333333333343,0.16476733143399813,,1.209999987622723
heterogeneity_entropy,6007,10,iid,B0,2,4,2051,513,True,True,0.7641325536062378,0.47736362182050873,0.0024748191478315036,0.0028301886792452824,0.006802721088435374,0.17214703540895093,,1.2004160089418292
heterogeneity_entropy,6007,10,iid,B0,2,5,2051,513,True,True,0.7738791423001949,0.5143948296122209,0.025676191798895874,0.10377358490566038,0.10377358490566038,0.147269192041943,,1.2000419956166297
heterogeneity_entropy,6007,10,iid,B0,2,6,2051,513,True,True,0.7660818713450293,0.4849742319791178,0.0022466039707419016,0.07219251336898395,0.07219251336898395,0.21081504702194354,,1.1900000099558383
heterogeneity_entropy,6007,10,iid,B0,2,7,2050,513,True,True,0.7543859649122807,0.5025703379917503,0.028558036179299334,0.033575317604355726,0.033575317604355726,0.20280545814381445,,1.2125829816795886
heterogeneity_entropy,6007,10,iid,B0,2,8,2050,513,True,True,0.7621832358674464,0.512873599003736,0.03187353791110499,0.10526315789473684,0.10526315789473684,0.18699256914820417,,1.2174159928690642
heterogeneity_entropy,6007,10,iid,B0,2,9,2050,513,True,True,0.7875243664717348,0.5291953287474004,0.03187353791110499,0.0611111111111111,0.0611111111111111,0.1492018714737856,,1.1721250193659216
heterogeneity_entropy,6007,10,iid,B0,3,0,2051,513,True,True,0.7953216374269005,0.534494827720308,0.005609356884675714,0.2425,0.2425,0.21170633567482777,,1.215083000715822
heterogeneity_entropy,6007,10,iid,B0,3,1,2051,513,True,True,0.7699805068226121,0.5288449564134496,0.02201577563540754,0.013299232736572894,0.013299232736572894,0.20226117440841362,,1.2242500088177621
heterogeneity_entropy,6007,10,iid,B0,3,2,2051,513,True,True,0.7543859649122807,0.4850710598432222,0.01072751415193235,0.04642857142857144,0.04642857142857144,0.1996994898315746,,1.2011250073555857
heterogeneity_entropy,6007,10,iid,B0,3,3,2051,513,True,True,0.7699805068226121,0.5341531736748137,0.024691358024691357,0.020833333333333343,0.020833333333333343,0.16476733143399813,,1.213209005072713
heterogeneity_entropy,6007,10,iid,B0,3,4,2051,513,True,True,0.7660818713450293,0.4849742319791178,0.0053649925582361264,0.006603773584905659,0.006802721088435374,0.16925686199854628,,1.2369999894872308
heterogeneity_entropy,6007,10,iid,B0,3,5,2051,513,True,True,0.7719298245614035,0.5131840412675497,0.028558036179299334,0.10377358490566038,0.10377358490566038,0.1501510364223464,,1.2199589982628822
heterogeneity_entropy,6007,10,iid,B0,3,6,2051,513,True,True,0.7699805068226121,0.4998843357567746,0.00799373040752351,0.05401069518716578,0.05401069518716578,0.205067920585162,,1.177750003989786
heterogeneity_entropy,6007,10,iid,B0,3,7,2050,513,True,True,0.7543859649122807,0.5025703379917503,0.028558036179299334,0.033575317604355726,0.033575317604355726,0.20280545814381445,,1.2139170139562339
heterogeneity_entropy,6007,10,iid,B0,3,8,2050,513,True,True,0.7621832358674464,0.512873599003736,0.03187353791110499,0.10526315789473684,0.10526315789473684,0.18699256914820417,,1.2500409793574363
heterogeneity_entropy,6007,10,iid,B0,3,9,2050,513,True,True,0.7933723196881092,0.550743555849306,0.04059446814366313,0.0914141414141414,0.0914141414141414,0.14048094124122745,,1.2576669978443533
heterogeneity_entropy,6007,10,iid,B0,4,0,2051,513,True,True,0.7992202729044834,0.5493283295662927,0.008490759053399712,0.295,0.295,0.21458773784355178,,1.277708011912182
heterogeneity_entropy,6007,10,iid,B0,4,1,2051,513,True,True,0.7699805068226121,0.5288449564134496,0.02201577563540754,0.013299232736572894,0.013299232736572894,0.20226117440841362,,1.269792002858594
heterogeneity_entropy,6007,10,iid,B0,4,2,2051,513,True,True,0.7524366471734892,0.4899917805002153,0.019323502690614298,0.037500000000000006,0.037500000000000006,0.20256481934446857,,1.2646660034079105
heterogeneity_entropy,6007,10,iid,B0,4,3,2051,513,True,True,0.7719298245614035,0.5406778753070642,0.027540360873694207,0.029761904761904767,0.029761904761904767,0.16191832858499533,,1.2305000273045152
heterogeneity_entropy,6007,10,iid,B0,4,4,2051,513,True,True,0.7680311890838206,0.4924803591470258,0.008255165968640753,0.0160377358490566,0.0160377358490566,0.16636668858814174,,1.2494170223362744
heterogeneity_entropy,6007,10,iid,B0,4,5,2051,513,True,True,0.7719298245614035,0.5131840412675497,0.028558036179299334,0.10377358490566038,0.10377358490566038,0.1501510364223464,,1.2885409814771265
heterogeneity_entropy,6007,10,iid,B0,4,6,2051,513,True,True,0.7719298245614035,0.5071884262642352,0.010867293625914315,0.044919786096256686,0.044919786096256686,0.20219435736677116,,1.262917008716613
heterogeneity_entropy,6007,10,iid,B0,4,7,2050,513,True,True,0.7524366471734892,0.5014195740512577,0.03143988055970279,0.033575317604355726,0.033575317604355726,0.20568730252421785,,1.3064579979982227
heterogeneity_entropy,6007,10,iid,B0,4,8,2050,513,True,True,0.7660818713450293,0.5262574647540479,0.03768749139947709,0.12280701754385964,0.12280701754385964,0.18117861565983207,,1.3390000094659626
heterogeneity_entropy,6007,10,iid,B0,4,9,2050,513,True,True,0.7953216374269005,0.557733203057647,0.043501444887849176,0.10151515151515152,0.10151515151515152,0.1375739644970414,,1.3353750109672546
heterogeneity_entropy,6007,10,iid,B0,5,0,2051,513,True,True,0.7992202729044834,0.5551111822108463,0.0026256564141035263,0.28500000000000003,0.28500000000000003,0.21458773784355178,,1.3231250050012022
heterogeneity_entropy,6007,10,iid,B0,5,1,2051,513,True,True,0.7699805068226121,0.5341531736748137,0.027730061349693254,0.004603580562659845,0.004603580562659845,0.20226117440841362,,1.3292920193634927
heterogeneity_entropy,6007,10,iid,B0,5,2,2051,513,True,True,0.7543859649122807,0.5025703379917503,0.02791949122929625,0.019642857142857142,0.02109704641350211,0.1996994898315746,,1.3374999980442226
heterogeneity_entropy,6007,10,iid,B0,5,3,2051,513,True,True,0.7719298245614035,0.5406778753070642,0.027540360873694207,0.029761904761904767,0.029761904761904767,0.16191832858499533,,1.3177090149838477
heterogeneity_entropy,6007,10,iid,B0,5,4,2051,513,True,True,0.7738791423001949,0.5143948296122209,0.016925686199854625,0.04433962264150944,0.04433962264150944,0.1576961683569278,,1.321207993896678
heterogeneity_entropy,6007,10,iid,B0,5,5,2051,513,True,True,0.7777777777777778,0.5341119112867249,0.03720356932050971,0.1320754716981132,0.1320754716981132,0.1415055032811361,,1.1803749948740005
heterogeneity_entropy,6007,10,iid,B0,5,6,2051,513,True,True,0.7719298245614035,0.5071884262642352,0.010867293625914315,0.044919786096256686,0.044919786096256686,0.20219435736677116,,1.2377910024952143
heterogeneity_entropy,6007,10,iid,B0,5,7,2050,513,True,True,0.7582846003898636,0.5211670480549199,0.04008541370091316,0.05943738656987296,0.05943738656987296,0.19704176938300755,,1.3307919725775719
heterogeneity_entropy,6007,10,iid,B0,5,8,2050,513,True,True,0.7680311890838206,0.5328262150559029,0.04059446814366313,0.13157894736842105,0.13157894736842105,0.178271638915646,,1.3426250079646707
heterogeneity_entropy,6007,10,iid,B0,5,9,2050,513,True,True,0.7953216374269005,0.557733203057647,0.043501444887849176,0.10151515151515152,0.10151515151515152,0.1375739644970414,,1.326541998423636
heterogeneity_entropy,6007,10,joint_dirichlet_1.0,B0,1,0,1744,437,True,True,0.9221967963386728,0.5074913815963935,0.007352941176470588,0.04,0.04,0.14324799687316792,,1.289957988774404
heterogeneity_entropy,6007,10,joint_dirichlet_1.0,B0,1,1,2597,650,True,True,0.8615384615384616,0.493874584717608,0.005235602094240838,0.03409090909090909,0.03409090909090909,0.0834069944017588,,1.4399589854292572
heterogeneity_entropy,6007,10,joint_dirichlet_1.0,B0,1,2,1037,260,True,True,0.7576923076923077,0.47363347151258073,0.014084507042253521,0.07692307692307693,0.07692307692307693,0.4054540005993407,,0.9375000081490725
heterogeneity_entropy,6007,10,joint_dirichlet_1.0,B0,1,3,3683,921,True,True,0.9055374592833876,0.4752136752136752,0.0,0.0,0.0,0.006287090507491211,,1.7205829790327698
heterogeneity_entropy,6007,10,joint_dirichlet_1.0,B0,1,4,4093,1024,True,False,0.7744140625,0.7415810983983193,0.2912320916905444,0.2708333333333333,0.2708333333333333,0.19443064841345636,,1.8030829960480332
heterogeneity_entropy,6007,10,joint_dirichlet_1.0,B0,1,5,2898,725,True,True,0.8344827586206897,0.4548872180451128,0.0,0.0,0.0,0.026724003822477083,,1.4696670114062726
heterogeneity_entropy,6007,10,joint_dirichlet_1.0,B0,1,6,1080,270,True,True,0.7407407407407407,0.5159307448007376,0.02991452991452992,0.0,0.07575757575757569,0.021367521367521403,,0.9398749971296638
heterogeneity_entropy,6007,10,joint_dirichlet_1.0,B0,1,7,984,246,True,True,0.9024390243902439,0.5127104655001651,0.05882352941176472,0.0,0.06666666666666665,0.7798612894939635,,0.912832998437807
heterogeneity_entropy,6007,10,joint_dirichlet_1.0,B0,1,8,783,196,True,True,0.9846938775510204,0.4961439588688946,0.0,,,0.0714285714285714,"equal_opportunity_gap,equalized_odds_gap",0.8178749994840473
heterogeneity_entropy,6007,10,joint_dirichlet_1.0,B0,1,9,1607,402,True,True,0.835820895522388,0.4836123005060335,0.006389776357827476,0.03508771929824561,0.03508771929824561,0.052123344222278045,,1.079667010344565
heterogeneity_entropy,6007,10,joint_dirichlet_1.0,B0,2,0,1744,437,True,True,0.9244851258581236,0.5343407924053085,0.014705882352941176,0.08,0.08,0.13589505569669724,,1.1287080124020576
heterogeneity_entropy,6007,10,joint_dirichlet_1.0,B0,2,1,2597,650,True,True,0.8615384615384616,0.5033787225372678,0.008726003490401396,0.045454545454545456,0.045454545454545456,0.0834069944017588,,1.3647910091094673
heterogeneity_entropy,6007,10,joint_dirichlet_1.0,B0,2,2,1037,260,True,True,0.7576923076923077,0.47363347151258073,0.014084507042253521,0.07692307692307693,0.07692307692307693,0.4054540005993407,,0.9054999973159283
heterogeneity_entropy,6007,10,joint_dirichlet_1.0,B0,2,3,3683,921,True,True,0.9055374592833876,0.4752136752136752,0.0,0.0,0.0,0.006287090507491211,,1.647291996050626
heterogeneity_entropy,6007,10,joint_dirichlet_1.0,B0,2,4,4093,1024,True,True,0.6962890625,0.596623157841405,0.13006049028971667,0.14402173913043476,0.14402173913043476,0.33033641090947674,,1.7364579834975302
heterogeneity_entropy,6007,10,joint_dirichlet_1.0,B0,2,5,2898,725,True,True,0.8358620689655173,0.46349395867146737,0.0017667844522968198,0.010309278350515464,0.010309278350515464,0.02495721937018025,,1.475041004596278
heterogeneity_entropy,6007,10,joint_dirichlet_1.0,B0,2,6,1080,270,True,True,0.8037037037037037,0.75229786571117,0.1858974358974359,0.1071428571428572,0.2727272727272727,0.002136752136752129,,0.9252910094801337
heterogeneity_entropy,6007,10,joint_dirichlet_1.0,B0,2,7,984,246,True,False,0.9349593495934959,0.7823008849557522,0.6295915746211147,0.013698630136986356,0.6333333333333333,0.18289237092216803,,0.8621249871794134
heterogeneity_entropy,6007,10,joint_dirichlet_1.0,B0,2,8,783,196,True,True,0.9846938775510204,0.4961439588688946,0.0,,,0.0714285714285714,"equal_opportunity_gap,equalized_odds_gap",0.8059579995460808
heterogeneity_entropy,6007,10,joint_dirichlet_1.0,B0,2,9,1607,402,True,True,0.8383084577114428,0.4979151855196664,0.004846178698352299,0.0558213716108453,0.0558213716108453,0.06335929927845774,,1.0604170092847198
heterogeneity_entropy,6007,10,joint_dirichlet_1.0,B0,3,0,1744,437,True,True,0.9244851258581236,0.5343407924053085,0.014705882352941176,0.08,0.08,0.13589505569669724,,1.1104159930255264
heterogeneity_entropy,6007,10,joint_dirichlet_1.0,B0,3,1,2597,650,True,True,0.8630769230769231,0.5134525942186225,0.010471204188481676,0.056818181818181816,0.056818181818181816,0.08166179370367854,,1.3868340174667537
heterogeneity_entropy,6007,10,joint_dirichlet_1.0,B0,3,2,1037,260,True,True,0.7576923076923077,0.47363347151258073,0.014084507042253521,0.07692307692307693,0.07692307692307693,0.4054540005993407,,0.9036250121425837
heterogeneity_entropy,6007,10,joint_dirichlet_1.0,B0,3,3,3683,921,True,True,0.9055374592833876,0.4752136752136752,0.0,0.0,0.0,0.006287090507491211,,1.6410000098403543
heterogeneity_entropy,6007,10,joint_dirichlet_1.0,B0,3,4,4093,1024,True,True,0.68359375,0.5654082942548008,0.11475750822455692,0.09239130434782608,0.09239130434782608,0.37132972514061346,,1.7259580199606717
heterogeneity_entropy,6007,10,joint_dirichlet_1.0,B0,3,5,2898,725,True,True,0.8372413793103448,0.48718409821128855,0.01060070671378092,0.041237113402061855,0.041237113402061855,0.023190434917883418,,1.4197090058587492
heterogeneity_entropy,6007,10,joint_dirichlet_1.0,B0,3,6,1080,270,True,True,0.7407407407407407,0.7184315595018176,0.2735042735042735,0.25,0.25,0.0854700854700855,,0.9210410062223673
heterogeneity_entropy,6007,10,joint_dirichlet_1.0,B0,3,7,984,246,True,False,0.9186991869918699,0.8203855140186915,0.7143591060878499,0.07762557077625576,0.13333333333333336,0.024145902902645733,,0.8651250100228935
heterogeneity_entropy,6007,10,joint_dirichlet_1.0,B0,3,8,783,196,True,True,0.9846938775510204,0.4961439588688946,0.0,,,0.0714285714285714,"equal_opportunity_gap,equalized_odds_gap",0.8307090029120445
heterogeneity_entropy,6007,10,joint_dirichlet_1.0,B0,3,9,1607,402,True,True,0.8383084577114428,0.4979151855196664,0.004846178698352299,0.0558213716108453,0.0558213716108453,0.06335929927845774,,1.0851669940166175
heterogeneity_entropy,6007,10,joint_dirichlet_1.0,B0,4,0,1744,437,True,True,0.9244851258581236,0.5343407924053085,0.014705882352941176,0.08,0.08,0.13589505569669724,,1.1254590062890202
heterogeneity_entropy,6007,10,joint_dirichlet_1.0,B0,4,1,2597,650,True,True,0.8676923076923077,0.542538217290255,0.015706806282722512,0.09090909090909091,0.09090909090909091,0.07642619160943764,,1.3881670020055026
heterogeneity_entropy,6007,10,joint_dirichlet_1.0,B0,4,2,1037,260,True,True,0.7461538461538462,0.4680059523809524,0.028169014084507043,0.07692307692307693,0.07692307692307693,0.3913694935570872,,0.9075420093722641
heterogeneity_entropy,6007,10,joint_dirichlet_1.0,B0,4,3,3683,921,True,True,0.9055374592833876,0.4752136752136752,0.0,0.0,0.0,0.006287090507491211,,1.6704169975128025
heterogeneity_entropy,6007,10,joint_dirichlet_1.0,B0,4,4,4093,1024,True,True,0.6748046875,0.5436249874527386,0.10122890799108564,0.10416666666666667,0.10416666666666667,0.3846630584739468,,1.7357500037178397
heterogeneity_entropy,6007,10,joint_dirichlet_1.0,B0,4,5,2898,725,True,True,0.84,0.5030020801815431,0.006078182989977109,0.0080681308830121,0.0080681308830121,0.027712958641687213,,1.4363750233314931
heterogeneity_entropy,6007,10,joint_dirichlet_1.0,B0,4,6,1080,270,True,True,0.674074074074074,0.6659919028340081,0.12820512820512825,0.09523809523809523,0.12121212121212122,0.008547008547008628,,0.9211249998770654
heterogeneity_entropy,6007,10,joint_dirichlet_1.0,B0,4,7,984,246,True,False,0.8089430894308943,0.6982382878768106,0.6334446442332391,0.21461187214611877,0.21461187214611877,0.20524017467248912,,0.8658750157337636
heterogeneity_entropy,6007,10,joint_dirichlet_1.0,B0,4,8,783,196,True,True,0.9795918367346939,0.4948453608247423,0.006493506493506494,,,0.06493506493506496,"equal_opportunity_gap,equalized_odds_gap",0.8211660024244338
heterogeneity_entropy,6007,10,joint_dirichlet_1.0,B0,4,9,1607,402,True,True,0.8407960199004975,0.51183970856102,0.0016512905194385613,0.038277511961722493,0.038277511961722493,0.06016441109954407,,1.111292018322274
heterogeneity_entropy,6007,10,joint_dirichlet_1.0,B0,5,0,1744,437,True,True,0.9244851258581236,0.5343407924053085,0.014705882352941176,0.08,0.08,0.13589505569669724,,1.126875024056062
heterogeneity_entropy,6007,10,joint_dirichlet_1.0,B0,5,1,2597,650,True,True,0.8692307692307693,0.5518732105344266,0.017452006980802792,0.10227272727272728,0.10227272727272728,0.07468099091135738,,1.3654999784193933
heterogeneity_entropy,6007,10,joint_dirichlet_1.0,B0,5,2,1037,260,True,True,0.7423076923076923,0.466151818822592,0.03286384976525822,0.07692307692307693,0.07692307692307693,0.386674657876336,,0.904499989701435
heterogeneity_entropy,6007,10,joint_dirichlet_1.0,B0,5,3,3683,921,True,True,0.9055374592833876,0.4752136752136752,0.0,0.0,0.0,0.006287090507491211,,1.636834000237286
heterogeneity_entropy,6007,10,joint_dirichlet_1.0,B0,5,4,4093,1024,True,True,0.669921875,0.5333279400264272,0.09382150058367823,0.09057971014492754,0.09057971014492754,0.3920704658813542,,1.7345410014968365
heterogeneity_entropy,6007,10,joint_dirichlet_1.0,B0,5,5,2898,725,True,True,0.84,0.5030020801815431,0.006078182989977109,0.0080681308830121,0.0080681308830121,0.027712958641687213,,1.4447080029640347
heterogeneity_entropy,6007,10,joint_dirichlet_1.0,B0,5,6,1080,270,True,False,0.6111111111111112,0.608268505340537,0.1111111111111111,0.08333333333333331,0.10606060606060606,0.0,,0.9301669779233634
heterogeneity_entropy,6007,10,joint_dirichlet_1.0,B0,5,7,984,246,True,False,0.7235772357723578,0.6209553158705701,0.5417415874646802,0.3105022831050228,0.3105022831050228,0.29694323144104806,,0.8671670220792294
heterogeneity_entropy,6007,10,joint_dirichlet_1.0,B0,5,8,783,196,True,True,0.9795918367346939,0.4948453608247423,0.006493506493506494,,,0.06493506493506496,"equal_opportunity_gap,equalized_odds_gap",0.8110830094665289
heterogeneity_entropy,6007,10,joint_dirichlet_1.0,B0,5,9,1607,402,True,True,0.8407960199004975,0.51183970856102,0.0016512905194385613,0.038277511961722493,0.038277511961722493,0.06016441109954407,,1.0729169880505651
heterogeneity_entropy,6007,10,joint_dirichlet_0.3,B0,1,0,4017,1005,True,True,0.7701492537313432,0.5134293948126801,0.02967741935483871,,,0.2980645161290323,"equal_opportunity_gap,equalized_odds_gap",2.049875009106472
heterogeneity_entropy,6007,10,joint_dirichlet_0.3,B0,1,1,165,42,True,False,1.0,1.0,,,,,"comparison_groups,subgroup_accuracy_gap",0.6982500199228525
heterogeneity_entropy,6007,10,joint_dirichlet_0.3,B0,1,2,2393,599,True,False,0.8714524207011686,0.8672967646339533,0.7191485969387755,0.44168962350780533,0.44168962350780533,0.08248678935860054,,1.4859169896226376
heterogeneity_entropy,6007,10,joint_dirichlet_0.3,B0,1,3,745,187,True,True,0.9893048128342246,0.49731182795698925,0.0,0.0,,0.039215686274509776,"equalized_odds_gap,false_positive_rate_gap",1.0786670027300715
heterogeneity_entropy,6007,10,joint_dirichlet_0.3,B0,1,4,252,63,True,False,0.8888888888888888,0.47058823529411764,,,,,"comparison_groups,subgroup_accuracy_gap",0.7347910141106695
heterogeneity_entropy,6007,10,joint_dirichlet_0.3,B0,1,5,3791,948,True,True,0.9978902953586498,0.49947201689545934,0.0,,,0.11111111111111116,"equal_opportunity_gap,equalized_odds_gap",1.7813750018831342
heterogeneity_entropy,6007,10,joint_dirichlet_0.3,B0,1,6,4057,1015,True,False,0.8729064039408867,0.8720714488798741,0.6822642091838808,0.2877701539331329,0.316021602160216,0.03283322638030328,,1.9029579998459667
heterogeneity_entropy,6007,10,joint_dirichlet_0.3,B0,1,7,1116,280,True,True,0.9964285714285714,0.4991055456171735,0.0,,,0.0037735849056603765,"equal_opportunity_gap,equalized_odds_gap",1.0046660027001053
heterogeneity_entropy,6007,10,joint_dirichlet_0.3,B0,1,8,2779,695,True,True,0.9985611510791367,0.4996400287976962,0.0,,,0.002666666666666706,"equal_opportunity_gap,equalized_odds_gap",1.5015419921837747
heterogeneity_entropy,6007,10,joint_dirichlet_0.3,B0,1,9,1190,298,True,True,0.7181208053691275,0.6189954337899544,0.14583333333333334,0.31,0.31,0.12222222222222223,,1.0179170058108866
heterogeneity_entropy,6007,10,joint_dirichlet_0.3,B0,2,0,4017,1005,True,True,0.7701492537313432,0.5134293948126801,0.02967741935483871,,,0.2980645161290323,"equal_opportunity_gap,equalized_odds_gap",1.8302919925190508
heterogeneity_entropy,6007,10,joint_dirichlet_0.3,B0,2,1,165,42,True,False,1.0,1.0,,,,,"comparison_groups,subgroup_accuracy_gap",0.6469170039054006
heterogeneity_entropy,6007,10,joint_dirichlet_0.3,B0,2,2,2393,599,True,False,0.7412353923205343,0.6973929084763882,0.38584183673469385,0.20752984389348028,0.20752984389348028,0.48949981778425655,,1.3858329912181944
heterogeneity_entropy,6007,10,joint_dirichlet_0.3,B0,2,3,745,187,True,True,0.9893048128342246,0.49731182795698925,0.0,0.0,,0.039215686274509776,"equalized_odds_gap,false_positive_rate_gap",1.0016660089604557
heterogeneity_entropy,6007,10,joint_dirichlet_0.3,B0,2,4,252,63,True,False,0.8888888888888888,0.47058823529411764,,,,,"comparison_groups,subgroup_accuracy_gap",0.7133750186767429
heterogeneity_entropy,6007,10,joint_dirichlet_0.3,B0,2,5,3791,948,True,True,0.9978902953586498,0.49947201689545934,0.0,,,0.11111111111111116,"equal_opportunity_gap,equalized_odds_gap",1.7318750033155084
heterogeneity_entropy,6007,10,joint_dirichlet_0.3,B0,2,6,4057,1015,True,False,0.7320197044334975,0.7026486756621689,0.3963015912986264,0.23457456377046226,0.23457456377046226,0.29904067193579575,,1.8064160249195993
heterogeneity_entropy,6007,10,joint_dirichlet_0.3,B0,2,7,1116,280,True,True,0.9964285714285714,0.4991055456171735,0.0,,,0.0037735849056603765,"equal_opportunity_gap,equalized_odds_gap",0.9811250201892108
heterogeneity_entropy,6007,10,joint_dirichlet_0.3,B0,2,8,2779,695,True,True,0.9985611510791367,0.4996400287976962,0.0,,,0.002666666666666706,"equal_opportunity_gap,equalized_odds_gap",1.4577090041711926
heterogeneity_entropy,6007,10,joint_dirichlet_0.3,B0,2,9,1190,298,True,True,0.6912751677852349,0.5259044061700214,0.0625,0.15,0.15,0.09444444444444444,,0.9954579873010516
heterogeneity_entropy,6007,10,joint_dirichlet_0.3,B0,3,0,4017,1005,True,True,0.7701492537313432,0.5134293948126801,0.02967741935483871,,,0.2980645161290323,"equal_opportunity_gap,equalized_odds_gap",1.8245000101160258
heterogeneity_entropy,6007,10,joint_dirichlet_0.3,B0,3,1,165,42,True,False,1.0,1.0,,,,,"comparison_groups,subgroup_accuracy_gap",0.6429580098483711
heterogeneity_entropy,6007,10,joint_dirichlet_0.3,B0,3,2,2393,599,True,False,0.6878130217028381,0.6153412934708329,0.28130694241982507,0.2543617998163453,0.2543617998163453,0.5940347120991254,,1.3780420122202486
heterogeneity_entropy,6007,10,joint_dirichlet_0.3,B0,3,3,745,187,True,True,0.9572192513368984,0.589010989010989,0.022058823529411797,0.004051620648259369,,0.022058823529411797,"equalized_odds_gap,false_positive_rate_gap",0.970790977589786
heterogeneity_entropy,6007,10,joint_dirichlet_0.3,B0,3,4,252,63,True,False,0.8888888888888888,0.47058823529411764,,,,,"comparison_groups,subgroup_accuracy_gap",0.6625000096391886
heterogeneity_entropy,6007,10,joint_dirichlet_0.3,B0,3,5,3791,948,True,True,0.9978902953586498,0.49947201689545934,0.0,,,0.11111111111111116,"equal_opportunity_gap,equalized_odds_gap",1.699082989944145
heterogeneity_entropy,6007,10,joint_dirichlet_0.3,B0,3,6,4057,1015,True,True,0.6738916256157635,0.615340579270422,0.2661180923911719,0.1518772646673348,0.1518772646673348,0.4338055512684088,,1.8103749898727983
heterogeneity_entropy,6007,10,joint_dirichlet_0.3,B0,3,7,1116,280,True,True,0.9964285714285714,0.4991055456171735,0.0,,,0.0037735849056603765,"equal_opportunity_gap,equalized_odds_gap",0.9832500072661787
heterogeneity_entropy,6007,10,joint_dirichlet_0.3,B0,3,8,2779,695,True,True,0.9985611510791367,0.4996400287976962,0.0,,,0.002666666666666706,"equal_opportunity_gap,equalized_odds_gap",1.653416984481737
heterogeneity_entropy,6007,10,joint_dirichlet_0.3,B0,3,9,1190,298,True,True,0.6879194630872483,0.5178077424967378,0.059027777777777776,0.14,0.14,0.09097222222222223,,1.0248750040773302
heterogeneity_entropy,6007,10,joint_dirichlet_0.3,B0,4,0,4017,1005,True,True,0.7721393034825871,0.5234589987762683,0.02920056100981767,,,0.2898457223001403,"equal_opportunity_gap,equalized_odds_gap",1.8444169836584479
heterogeneity_entropy,6007,10,joint_dirichlet_0.3,B0,4,1,165,42,True,False,1.0,1.0,,,,,"comparison_groups,subgroup_accuracy_gap",0.6533749983645976
heterogeneity_entropy,6007,10,joint_dirichlet_0.3,B0,4,2,2393,599,True,True,0.664440734557596,0.5739973463069438,0.22562864431486881,0.19237832874196512,0.19237832874196512,0.6555439139941691,,1.3886659871786833
heterogeneity_entropy,6007,10,joint_dirichlet_0.3,B0,4,3,745,187,True,True,0.8128342245989305,0.49904324531190203,0.13235294117647056,0.10354141656662663,,0.09313725490196079,"equalized_odds_gap,false_positive_rate_gap",0.8865839918144047
heterogeneity_entropy,6007,10,joint_dirichlet_0.3,B0,4,4,252,63,True,False,0.8888888888888888,0.47058823529411764,,,,,"comparison_groups,subgroup_accuracy_gap",0.7195000071078539
heterogeneity_entropy,6007,10,joint_dirichlet_0.3,B0,4,5,3791,948,True,True,0.9978902953586498,0.49947201689545934,0.0,,,0.11111111111111116,"equal_opportunity_gap,equalized_odds_gap",1.7182499868795276
heterogeneity_entropy,6007,10,joint_dirichlet_0.3,B0,4,6,4057,1015,True,True,0.6532019704433497,0.58196437430382,0.22525120423696463,0.12617891193174519,0.12617891193174519,0.4779297684128441,,1.7688329971861094
heterogeneity_entropy,6007,10,joint_dirichlet_0.3,B0,4,7,1116,280,True,True,0.9964285714285714,0.4991055456171735,0.0,,,0.0037735849056603765,"equal_opportunity_gap,equalized_odds_gap",0.9710419981274754
heterogeneity_entropy,6007,10,joint_dirichlet_0.3,B0,4,8,2779,695,True,True,0.9985611510791367,0.4996400287976962,0.0,,,0.002666666666666706,"equal_opportunity_gap,equalized_odds_gap",1.4132919895928353
heterogeneity_entropy,6007,10,joint_dirichlet_0.3,B0,4,9,1190,298,True,True,0.6879194630872483,0.5178077424967378,0.059027777777777776,0.14,0.14,0.09097222222222223,,0.9486250055488199
heterogeneity_entropy,6007,10,joint_dirichlet_0.3,B0,5,0,4017,1005,True,True,0.7751243781094528,0.5338972616233254,0.033071528751753156,,,0.28597475455820476,"equal_opportunity_gap,equalized_odds_gap",1.7603750166017562
heterogeneity_entropy,6007,10,joint_dirichlet_0.3,B0,5,1,165,42,True,False,1.0,1.0,,,,,"comparison_groups,subgroup_accuracy_gap",0.6153750000521541
heterogeneity_entropy,6007,10,joint_dirichlet_0.3,B0,5,2,2393,599,True,True,0.654424040066778,0.5560214410782127,0.20219114431486881,0.16758494031221305,0.16758494031221305,0.6789814139941691,,1.4900000242050737
heterogeneity_entropy,6007,10,joint_dirichlet_0.3,B0,5,3,745,187,True,True,0.6951871657754011,0.44173257214686007,0.10539215686274517,0.08058223289315725,,0.06617647058823528,"equalized_odds_gap,false_positive_rate_gap",0.9009170171339065
heterogeneity_entropy,6007,10,joint_dirichlet_0.3,B0,5,4,252,63,True,False,0.8888888888888888,0.47058823529411764,,,,,"comparison_groups,subgroup_accuracy_gap",0.6632910226471722
heterogeneity_entropy,6007,10,joint_dirichlet_0.3,B0,5,5,3791,948,True,True,0.9978902953586498,0.49947201689545934,0.0,,,0.11111111111111116,"equal_opportunity_gap,equalized_odds_gap",1.6446670051664114
heterogeneity_entropy,6007,10,joint_dirichlet_0.3,B0,5,6,4057,1015,True,True,0.6413793103448275,0.5624917107182781,0.20357087736684348,0.11651633130316347,0.11651633130316347,0.49961009528296524,,1.7487920122221112
heterogeneity_entropy,6007,10,joint_dirichlet_0.3,B0,5,7,1116,280,True,True,0.9964285714285714,0.4991055456171735,0.0,,,0.0037735849056603765,"equal_opportunity_gap,equalized_odds_gap",0.9393340151291341
heterogeneity_entropy,6007,10,joint_dirichlet_0.3,B0,5,8,2779,695,True,True,0.9971223021582734,0.4992795389048991,0.0026666666666666666,,,0.005333333333333301,"equal_opportunity_gap,equalized_odds_gap",1.4112079807091504
heterogeneity_entropy,6007,10,joint_dirichlet_0.3,B0,5,9,1190,298,True,True,0.6879194630872483,0.5178077424967378,0.059027777777777776,0.14,0.14,0.09097222222222223,,0.9572080161888152
heterogeneity_entropy,6008,10,iid,B0,1,0,2051,513,True,True,0.7621832358674464,0.495436955820703,0.019912503038088954,0.07964601769911504,0.07964601769911504,0.19127808062220064,,1.3728750054724514
heterogeneity_entropy,6008,10,iid,B0,1,1,2051,513,True,True,0.7426900584795322,0.5209948503197329,0.001086956521739131,0.07391304347826086,0.07391304347826086,0.18788819875776397,,1.2401250132825226
heterogeneity_entropy,6008,10,iid,B0,1,2,2051,513,True,True,0.7660818713450293,0.5095914855649736,0.004699839262002934,0.02269435055528729,0.02269435055528729,0.16458173177720314,,1.2775409850291908
heterogeneity_entropy,6008,10,iid,B0,1,3,2051,513,True,True,0.7602339181286549,0.48191603786752935,0.0014245014245014218,0.05939159826170931,0.05939159826170931,0.18803418803418803,,1.2370420154184103
heterogeneity_entropy,6008,10,iid,B0,1,4,2051,513,True,True,0.7602339181286549,0.46181926734615547,0.011627906976744186,0.037383177570093455,0.037383177570093455,0.18107540938489053,,1.2701249797828496
heterogeneity_entropy,6008,10,iid,B0,1,5,2051,513,True,True,0.7719298245614035,0.48129423660262893,0.017142857142857144,0.05714285714285714,0.05714285714285714,0.17242769500438204,,1.2445829925127327
heterogeneity_entropy,6008,10,iid,B0,1,6,2051,513,True,True,0.7719298245614035,0.5190046880634691,0.026495260178681035,0.11214953271028037,0.11214953271028037,0.15943190343040303,,1.2180829944554716
heterogeneity_entropy,6008,10,iid,B0,1,7,2050,513,True,True,0.7719298245614035,0.4596061907462929,0.005433646812957158,0.03,0.03,0.16645768025078378,,1.2057909916620702
heterogeneity_entropy,6008,10,iid,B0,1,8,2050,513,True,True,0.7660818713450293,0.47149725274725274,0.017341040462427744,0.046296296296296294,0.046296296296296294,0.20476965144854797,,1.193042000522837
heterogeneity_entropy,6008,10,iid,B0,1,9,2050,513,True,True,0.7621832358674464,0.4829312623925975,0.025936599423631124,0.06422018348623854,0.06422018348623854,0.19127808062220064,,1.2115830031689256
heterogeneity_entropy,6008,10,iid,B0,2,0,2051,513,True,True,0.7641325536062378,0.5025604038946989,0.022794347418492414,0.08849557522123894,0.08849557522123894,0.18839623624179713,,1.1977499816566706
heterogeneity_entropy,6008,10,iid,B0,2,1,2051,513,True,True,0.7426900584795322,0.5112875288683603,0.013871635610766049,0.03876811594202899,0.03876811594202899,0.19673913043478264,,1.2416249956004322
heterogeneity_entropy,6008,10,iid,B0,2,2,2051,513,True,True,0.7680311890838206,0.510782545979084,0.0013977217136068205,0.02269435055528729,0.02269435055528729,0.1706792927528129,,1.190500013763085
heterogeneity_entropy,6008,10,iid,B0,2,3,2051,513,True,True,0.7621832358674464,0.495436955820703,0.0018993352326685635,0.0410429744084983,0.0410429744084983,0.17616334283000956,,1.1917079973500222
heterogeneity_entropy,6008,10,iid,B0,2,4,2051,513,True,True,0.7680311890838206,0.4924803591470258,0.023255813953488372,0.07476635514018691,0.07476635514018691,0.16944750240814632,,1.1804169917013496
heterogeneity_entropy,6008,10,iid,B0,2,5,2051,513,True,True,0.7719298245614035,0.48129423660262893,0.017142857142857144,0.05714285714285714,0.05714285714285714,0.17242769500438204,,1.1804999958258122
heterogeneity_entropy,6008,10,iid,B0,2,6,2051,513,True,True,0.7699805068226121,0.5177649608055573,0.020681306690308942,0.11214953271028037,0.11214953271028037,0.15361794994203093,,1.4223330072127283
heterogeneity_entropy,6008,10,iid,B0,2,7,2050,513,True,True,0.7777777777777778,0.48428571428571426,0.01405433646812957,0.06,0.06,0.1578369905956113,,1.2192079739179462
heterogeneity_entropy,6008,10,iid,B0,2,8,2050,513,True,True,0.7699805068226121,0.4870347773032337,0.014243189920736561,0.0069444444444444475,0.0069444444444444475,0.20786750199023918,,1.1854160111397505
heterogeneity_entropy,6008,10,iid,B0,2,9,2050,513,True,True,0.7621832358674464,0.4829312623925975,0.025936599423631124,0.06422018348623854,0.06422018348623854,0.19127808062220064,,1.1715420114342123
heterogeneity_entropy,6008,10,iid,B0,3,0,2051,513,True,True,0.7660818713450293,0.5095914855649736,0.025676191798895874,0.09734513274336283,0.09734513274336283,0.18551439186139373,,1.4027089928276837
heterogeneity_entropy,6008,10,iid,B0,3,1,2051,513,True,True,0.7426900584795322,0.5112875288683603,0.013871635610766049,0.03876811594202899,0.03876811594202899,0.19673913043478264,,1.2564589851535857
heterogeneity_entropy,6008,10,iid,B0,3,2,2051,513,True,True,0.7699805068226121,0.5177649608055573,0.0042630512265008046,0.013520038628681785,0.013793103448275862,0.16781396323991893,,1.2399999832268804
heterogeneity_entropy,6008,10,iid,B0,3,3,2051,513,True,True,0.7621832358674464,0.5014180103243898,0.003798670465337134,0.031868662481892795,0.031868662481892795,0.17616334283000956,,1.2365829898044467
heterogeneity_entropy,6008,10,iid,B0,3,4,2051,513,True,True,0.7680311890838206,0.4924803591470258,0.023255813953488372,0.07476635514018691,0.07476635514018691,0.16944750240814632,,1.2083750043530017
heterogeneity_entropy,6008,10,iid,B0,3,5,2051,513,True,True,0.7738791423001949,0.49572910311165347,0.016722173531989484,0.0761904761904762,0.0761904761904762,0.16057843996494303,,1.2369579926598817
heterogeneity_entropy,6008,10,iid,B0,3,6,2051,513,True,True,0.7719298245614035,0.5246576752805518,0.023613858009957033,0.12149532710280374,0.12149532710280374,0.15068539862238284,,1.2083340261597186
heterogeneity_entropy,6008,10,iid,B0,3,7,2050,513,True,True,0.7816764132553606,0.5001391982182628,0.01980146290491118,0.08,0.08,0.15208986415882975,,1.1835410259664059
heterogeneity_entropy,6008,10,iid,B0,3,8,2050,513,True,True,0.7680311890838206,0.48600223964165734,0.017133363331141183,0.0069444444444444475,0.008403361344537815,0.21075767540064372,,1.1772500001825392
heterogeneity_entropy,6008,10,iid,B0,3,9,2050,513,True,True,0.7641325536062378,0.496540760627124,0.025676191798895874,0.01783893985728849,0.01783893985728849,0.19730217700774277,,1.1624589969869703
heterogeneity_entropy,6008,10,iid,B0,4,0,2051,513,True,True,0.7660818713450293,0.5095914855649736,0.025676191798895874,0.09734513274336283,0.09734513274336283,0.18551439186139373,,1.2547920050565153
heterogeneity_entropy,6008,10,iid,B0,4,1,2051,513,True,True,0.7426900584795322,0.5112875288683603,0.013871635610766049,0.03876811594202899,0.03876811594202899,0.19673913043478264,,1.1969589977525175
heterogeneity_entropy,6008,10,iid,B0,4,2,2051,513,True,True,0.7738791423001949,0.5314625850340137,0.00999371025228877,0.004828585224529225,0.013793103448275862,0.16208330421413097,,1.1916660005226731
heterogeneity_entropy,6008,10,iid,B0,4,3,2051,513,True,True,0.7621832358674464,0.5014180103243898,0.003798670465337134,0.031868662481892795,0.031868662481892795,0.17616334283000956,,1.1848750000353903
heterogeneity_entropy,6008,10,iid,B0,4,4,2051,513,True,True,0.7719298245614035,0.5131840412675497,0.03488372093023256,0.102803738317757,0.102803738317757,0.16363354891977422,,1.1742080096155405
heterogeneity_entropy,6008,10,iid,B0,4,5,2051,513,True,True,0.7738791423001949,0.49572910311165347,0.016722173531989484,0.0761904761904762,0.0761904761904762,0.16057843996494303,,1.1727090168278664
heterogeneity_entropy,6008,10,iid,B0,4,6,2051,513,True,True,0.7758284600389863,0.538181533523817,0.029478960649253223,0.14018691588785046,0.14018691588785046,0.14482029598308666,,1.1827500129584223
heterogeneity_entropy,6008,10,iid,B0,4,7,2050,513,True,True,0.7816764132553606,0.5001391982182628,0.01980146290491118,0.08,0.08,0.15208986415882975,,1.176708989078179
heterogeneity_entropy,6008,10,iid,B0,4,8,2050,513,True,True,0.7699805068226121,0.4998843357567746,0.025803883562355058,0.01157407407407407,0.012605042016806723,0.20786750199023918,,1.2088750081602484
heterogeneity_entropy,6008,10,iid,B0,4,9,2050,513,True,True,0.7699805068226121,0.5177649608055573,0.03432172494010625,0.045361875637105004,0.045361875637105004,0.18865664386653236,,1.2638329935725778
heterogeneity_entropy,6008,10,iid,B0,5,0,2051,513,True,True,0.7621832358674464,0.5072278911564626,0.03143988055970279,0.09734513274336283,0.09734513274336283,0.19127808062220064,,1.2247079866938293
heterogeneity_entropy,6008,10,iid,B0,5,1,2051,513,True,True,0.7446393762183235,0.5174451585107529,0.016770186335403725,0.030434782608695643,0.030434782608695643,0.1938405797101449,,1.2224579986650497
heterogeneity_entropy,6008,10,iid,B0,5,2,2051,513,True,True,0.7719298245614035,0.5301499080198834,0.012859039765182753,0.004828585224529225,0.009626436781609196,0.16494863372702495,,1.4240830205380917
heterogeneity_entropy,6008,10,iid,B0,5,3,2051,513,True,True,0.7621832358674464,0.5072278911564626,0.009496676163342835,0.02269435055528729,0.02269435055528729,0.17616334283000956,,1.2283329851925373
heterogeneity_entropy,6008,10,iid,B0,5,4,2051,513,True,True,0.7719298245614035,0.5131840412675497,0.03488372093023256,0.102803738317757,0.102803738317757,0.16363354891977422,,1.2197920004837215
heterogeneity_entropy,6008,10,iid,B0,5,5,2051,513,True,True,0.7738791423001949,0.5083608724388632,0.028150744960560914,0.09523809523809523,0.09523809523809523,0.16057843996494303,,1.188291993457824
heterogeneity_entropy,6008,10,iid,B0,5,6,2051,513,True,True,0.7797270955165692,0.5513686703350282,0.035344063288549415,0.1588785046728972,0.1588785046728972,0.13895519334379047,,1.277666975511238
heterogeneity_entropy,6008,10,iid,B0,5,7,2050,513,True,True,0.783625730994152,0.5205567109262518,0.034169278996865206,0.11,0.11,0.14921630094043892,,1.2266249977983534
heterogeneity_entropy,6008,10,iid,B0,5,8,2050,513,True,True,0.7680311890838206,0.5048624009473368,0.0255962064310685,0.02083333333333333,0.02083333333333333,0.20187947803814343,,1.2186249950900674
heterogeneity_entropy,6008,10,iid,B0,5,9,2050,513,True,True,0.7758284600389863,0.538181533523817,0.03406131731537099,0.008154943934760461,0.012605042016806723,0.1889170514912677,,1.2155410076957196
heterogeneity_entropy,6008,10,joint_dirichlet_1.0,B0,1,0,1804,452,True,True,0.8960176991150443,0.4929227831483471,0.005434782608695652,0.023255813953488372,0.023255813953488372,0.20960415314730696,,1.3660409895237535
heterogeneity_entropy,6008,10,joint_dirichlet_1.0,B0,1,1,2025,507,True,True,0.727810650887574,0.6166666666666667,0.006802448881597367,0.007142857142857173,0.02275260970913145,0.05606018166539961,,1.2747080181725323
heterogeneity_entropy,6008,10,joint_dirichlet_1.0,B0,1,2,1912,478,True,True,0.9372384937238494,0.4838012958963283,0.0,0.0,0.0,0.07859486057955167,,1.2764160055667162
heterogeneity_entropy,6008,10,joint_dirichlet_1.0,B0,1,3,2767,692,True,False,0.791907514450867,0.677639751552795,0.31492975466554834,0.09054054054054056,0.187551867219917,0.6055357517299225,,1.5226250106934458
heterogeneity_entropy,6008,10,joint_dirichlet_1.0,B0,1,4,1301,326,True,True,0.7791411042944786,0.4638157894736842,0.014925373134328358,0.04,0.04,0.23320895522388063,,1.0328329808544368
heterogeneity_entropy,6008,10,joint_dirichlet_1.0,B0,1,5,689,173,True,False,0.7630057803468208,0.7196996640980045,0.3467532467532467,0.4431034482758621,0.4431034482758621,0.0017316017316018062,,0.8568330085836351
heterogeneity_entropy,6008,10,joint_dirichlet_1.0,B0,1,6,4153,1039,True,True,0.8556304138594802,0.48020891699351637,0.003054989816700611,0.02142857142857143,0.02142857142857143,0.08855897380926858,,1.8041250004898757
heterogeneity_entropy,6008,10,joint_dirichlet_1.0,B0,1,7,2868,718,True,True,0.9303621169916435,0.5011671854157403,0.0017761989342806395,0.024390243902439025,0.024390243902439025,0.0065318283389674825,,1.4462909894064069
heterogeneity_entropy,6008,10,joint_dirichlet_1.0,B0,1,8,929,233,True,True,0.7725321888412017,0.4857368925165535,0.023809523809523808,0.06666666666666667,0.06666666666666667,0.23052959501557635,,0.8808340062387288
heterogeneity_entropy,6008,10,joint_dirichlet_1.0,B0,1,9,2056,515,True,True,0.8135922330097087,0.49522175937270274,0.050791400897708505,0.0,0.03838951310861427,0.47637609260571695,,1.2282909883651882
heterogeneity_entropy,6008,10,joint_dirichlet_1.0,B0,2,0,1804,452,True,True,0.8982300884955752,0.5130679156908665,0.010869565217391304,0.046511627906976744,0.046511627906976744,0.20416937053861128,,1.1610000219661742
heterogeneity_entropy,6008,10,joint_dirichlet_1.0,B0,2,1,2025,507,True,True,0.6903353057199211,0.5268863859252876,0.0028210155656036157,0.019047619047619063,0.02766798418972332,0.055840102436877315,,1.2683749955613166
heterogeneity_entropy,6008,10,joint_dirichlet_1.0,B0,2,2,1912,478,True,True,0.9372384937238494,0.4838012958963283,0.0,0.0,0.0,0.07859486057955167,,1.2200830096844584
heterogeneity_entropy,6008,10,joint_dirichlet_1.0,B0,2,3,2767,692,True,True,0.75,0.5737201741923308,0.17026630320821975,0.0337837837837838,0.19170124481327802,0.7581673306772909,,1.4527080056723207
heterogeneity_entropy,6008,10,joint_dirichlet_1.0,B0,2,4,1301,326,True,True,0.7791411042944786,0.4757437684266953,0.017179726368159204,0.06,0.06,0.22053793532338306,,0.9842920117080212
heterogeneity_entropy,6008,10,joint_dirichlet_1.0,B0,2,5,689,173,True,True,0.7225433526011561,0.6395833333333334,0.20851370851370848,0.22758620689655173,0.22758620689655173,0.1627705627705628,,0.8227910147979856
heterogeneity_entropy,6008,10,joint_dirichlet_1.0,B0,2,6,4153,1039,True,True,0.8556304138594802,0.48020891699351637,0.003054989816700611,0.02142857142857143,0.02142857142857143,0.08855897380926858,,1.7649999936111271
heterogeneity_entropy,6008,10,joint_dirichlet_1.0,B0,2,7,2868,718,True,True,0.9317548746518106,0.5200207369814049,0.004675413968945167,0.07560975609756099,0.07560975609756099,0.012983441242193305,,1.6851250256877393
heterogeneity_entropy,6008,10,joint_dirichlet_1.0,B0,2,8,929,233,True,True,0.7725321888412017,0.4857368925165535,0.023809523809523808,0.06666666666666667,0.06666666666666667,0.23052959501557635,,1.008084014756605
heterogeneity_entropy,6008,10,joint_dirichlet_1.0,B0,2,9,2056,515,True,False,0.8563106796116505,0.714437717300084,0.32341129222773446,0.02933985330073352,0.22378277153558052,0.15556343019135366,,1.4281249896157533
heterogeneity_entropy,6008,10,joint_dirichlet_1.0,B0,3,0,1804,452,True,True,0.9004424778761062,0.5324460382042617,0.016304347826086956,0.06976744186046512,0.06976744186046512,0.1987345879299156,,1.297624985454604
heterogeneity_entropy,6008,10,joint_dirichlet_1.0,B0,3,1,2025,507,True,True,0.6824457593688363,0.5041881032356818,0.011524148693529676,0.017857142857142863,0.023715415019762844,0.07554719699091672,,1.2569589889608324
heterogeneity_entropy,6008,10,joint_dirichlet_1.0,B0,3,2,1912,478,True,True,0.9372384937238494,0.4838012958963283,0.0,0.0,0.0,0.07859486057955167,,1.1985839810222387
heterogeneity_entropy,6008,10,joint_dirichlet_1.0,B0,3,3,2767,692,True,True,0.7456647398843931,0.5593058430186276,0.14395051373453555,0.012162162162162177,0.012162162162162177,0.7739568043615014,,1.470332994358614
heterogeneity_entropy,6008,10,joint_dirichlet_1.0,B0,3,4,1301,326,True,True,0.7791411042944786,0.4757437684266953,0.017179726368159204,0.06,0.06,0.22053793532338306,,1.1114170192740858
heterogeneity_entropy,6008,10,joint_dirichlet_1.0,B0,3,5,689,173,True,True,0.7052023121387283,0.6084409532685394,0.16089466089466087,0.15258620689655172,0.15258620689655172,0.21038961038961046,,0.9867920016404241
heterogeneity_entropy,6008,10,joint_dirichlet_1.0,B0,3,6,4153,1039,True,True,0.8575553416746872,0.4931039029535865,0.0050916496945010185,0.03571428571428571,0.03571428571428571,0.09059563368706902,,1.909707993036136
heterogeneity_entropy,6008,10,joint_dirichlet_1.0,B0,3,7,2868,718,True,True,0.9331476323119777,0.5381894195208233,0.0028992150346645275,0.051219512195121955,0.051219512195121955,0.01120724230791259,,1.63854198763147
heterogeneity_entropy,6008,10,joint_dirichlet_1.0,B0,3,8,929,233,True,True,0.776824034334764,0.5026272577996717,0.031746031746031744,0.08888888888888889,0.08888888888888889,0.22259308707906833,,1.0871250124182552
heterogeneity_entropy,6008,10,joint_dirichlet_1.0,B0,3,9,2056,515,True,False,0.8155339805825242,0.7381239127525759,0.5217339948027404,0.24841075794621026,0.25374531835205993,0.008268367587998982,,1.3944590173196048
heterogeneity_entropy,6008,10,joint_dirichlet_1.0,B0,4,0,1804,452,True,True,0.9026548672566371,0.5511014806789455,0.021739130434782608,0.09302325581395349,0.09302325581395349,0.19329980532122004,,1.4730409893672913
heterogeneity_entropy,6008,10,joint_dirichlet_1.0,B0,4,1,2025,507,True,True,0.6824457593688363,0.5004864974022875,0.01630587011324077,0.03571428571428571,0.03571428571428571,0.085690848705534,,1.49816699558869
heterogeneity_entropy,6008,10,joint_dirichlet_1.0,B0,4,2,1912,478,True,True,0.9372384937238494,0.4838012958963283,0.0,0.0,0.0,0.07859486057955167,,1.417041989043355
heterogeneity_entropy,6008,10,joint_dirichlet_1.0,B0,4,3,2767,692,True,True,0.7427745664739884,0.5513694638694638,0.13342419794506186,0.0013513513513513653,0.008298755186721992,0.7844831201509751,,1.675499981502071
heterogeneity_entropy,6008,10,joint_dirichlet_1.0,B0,4,4,1301,326,True,True,0.7791411042944786,0.4757437684266953,0.017179726368159204,0.06,0.06,0.22053793532338306,,1.1483329872135073
heterogeneity_entropy,6008,10,joint_dirichlet_1.0,B0,4,5,689,173,True,True,0.6878612716763006,0.5755179934569248,0.13823953823953822,0.1370689655172414,0.1370689655172414,0.23304473304473305,,1.0172920010518283
heterogeneity_entropy,6008,10,joint_dirichlet_1.0,B0,4,6,4153,1039,True,True,0.8585178055822906,0.499434650515697,0.006109979633401222,0.04285714285714286,0.04285714285714286,0.0916139636259693,,2.1510829974431545
heterogeneity_entropy,6008,10,joint_dirichlet_1.0,B0,4,7,2868,718,True,True,0.9345403899721448,0.5557106181291555,0.001123016100383888,0.026829268292682937,0.026829268292682937,0.009431043373631987,,1.758041005814448
heterogeneity_entropy,6008,10,joint_dirichlet_1.0,B0,4,8,929,233,True,True,0.7854077253218884,0.5348930054295752,0.047619047619047616,0.13333333333333333,0.13333333333333333,0.2067200712060525,,1.026207988616079
heterogeneity_entropy,6008,10,joint_dirichlet_1.0,B0,4,9,2056,515,True,False,0.6893203883495146,0.6409648633575014,0.39983463264823993,0.2601466992665037,0.2601466992665037,0.0779588944011339,,1.4018329966347665
heterogeneity_entropy,6008,10,joint_dirichlet_1.0,B0,5,0,1804,452,True,True,0.9026548672566371,0.5511014806789455,0.021739130434782608,0.09302325581395349,0.09302325581395349,0.19329980532122004,,1.4350409910548478
heterogeneity_entropy,6008,10,joint_dirichlet_1.0,B0,5,1,2025,507,True,True,0.6824457593688363,0.5004864974022875,0.01630587011324077,0.03571428571428571,0.03571428571428571,0.085690848705534,,1.4084160211496055
heterogeneity_entropy,6008,10,joint_dirichlet_1.0,B0,5,2,1912,478,True,True,0.9372384937238494,0.4838012958963283,0.0,0.0,0.0,0.07859486057955167,,1.302707998547703
heterogeneity_entropy,6008,10,joint_dirichlet_1.0,B0,5,3,2767,692,True,True,0.7427745664739884,0.5513694638694638,0.13342419794506186,0.0013513513513513653,0.008298755186721992,0.7844831201509751,,1.520165998954326
heterogeneity_entropy,6008,10,joint_dirichlet_1.0,B0,5,4,1301,326,True,True,0.7822085889570553,0.4886782866105551,0.024642412935323384,0.08,0.08,0.21307524875621886,,1.102875015931204
heterogeneity_entropy,6008,10,joint_dirichlet_1.0,B0,5,5,689,173,True,True,0.6878612716763006,0.5755179934569248,0.13823953823953822,0.1370689655172414,0.1370689655172414,0.23304473304473305,,0.8485839935019612
heterogeneity_entropy,6008,10,joint_dirichlet_1.0,B0,5,6,4153,1039,True,True,0.8565928777670837,0.504041391020199,0.010183299389002037,0.05,0.05,0.08957730374816886,,1.7871249874588102
heterogeneity_entropy,6008,10,joint_dirichlet_1.0,B0,5,7,2868,718,True,True,0.935933147632312,0.5726190476190476,0.0006531828338967515,0.0024390243902439046,0.0024390243902439046,0.007654844439351383,,1.4604160096496344
heterogeneity_entropy,6008,10,joint_dirichlet_1.0,B0,5,8,929,233,True,True,0.7854077253218884,0.5348930054295752,0.047619047619047616,0.13333333333333333,0.13333333333333333,0.2067200712060525,,0.8715840231161565
heterogeneity_entropy,6008,10,joint_dirichlet_1.0,B0,5,9,2056,515,True,False,0.6271844660194175,0.5921195921195921,0.32352941176470584,0.17457212713936432,0.17457212713936432,0.14221592251358373,,1.2679590145125985
heterogeneity_entropy,6008,10,joint_dirichlet_0.3,B0,1,0,2010,503,True,True,0.7554671968190855,0.6864423530127259,0.25589225589225584,0.037735849056603765,,0.41414141414141414,"equalized_odds_gap,false_positive_rate_gap",1.426125003490597
heterogeneity_entropy,6008,10,joint_dirichlet_0.3,B0,1,1,123,31,True,True,0.967741935483871,0.4918032786885246,0.0,0.0,,0.050000000000000044,"equalized_odds_gap,false_positive_rate_gap",0.6505420024041086
heterogeneity_entropy,6008,10,joint_dirichlet_0.3,B0,1,2,6401,1601,True,True,0.9912554653341662,0.4978042659974906,0.0,0.0,0.0,0.020856435904979653,,2.737708011409268
heterogeneity_entropy,6008,10,joint_dirichlet_0.3,B0,1,3,224,57,True,True,0.6666666666666666,0.5389527458492975,0.0024630541871920597,0.0,0.21568627450980393,0.3743842364532019,,0.6719579978380352
heterogeneity_entropy,6008,10,joint_dirichlet_0.3,B0,1,4,1804,452,True,True,0.8473451327433629,0.49838359469240046,0.017142857142857144,0.046153846153846156,0.046153846153846156,0.3290149561629706,,1.1468749726191163
heterogeneity_entropy,6008,10,joint_dirichlet_0.3,B0,1,5,1408,353,True,True,0.7903682719546742,0.5539275956284153,0.07289695229393722,,,0.4690008483978333,"equal_opportunity_gap,equalized_odds_gap",1.0401250037830323
heterogeneity_entropy,6008,10,joint_dirichlet_0.3,B0,1,6,753,189,False,False,,,,,,,,0.017250014934688807
heterogeneity_entropy,6008,10,joint_dirichlet_0.3,B0,1,7,427,107,True,True,0.9813084112149533,0.49528301886792453,0.0,0.0,0.0,0.007630813953488413,,0.9577079908922315
heterogeneity_entropy,6008,10,joint_dirichlet_0.3,B0,1,8,6640,1660,True,False,0.7855421686746988,0.7820542135349438,0.2869360197192155,0.14626185490823984,0.14626185490823984,0.07999142642803558,,2.9377499886322767
heterogeneity_entropy,6008,10,joint_dirichlet_0.3,B0,1,9,715,179,True,False,0.9888268156424581,0.49719101123595505,,,,,"comparison_groups,subgroup_accuracy_gap",0.9665419929660857
heterogeneity_entropy,6008,10,joint_dirichlet_0.3,B0,2,0,2010,503,True,False,0.8031809145129225,0.7988268230902547,0.5300415154784086,0.21716431580875617,,0.06202804746494062,"equalized_odds_gap,false_positive_rate_gap",1.3430829858407378
heterogeneity_entropy,6008,10,joint_dirichlet_0.3,B0,2,1,123,31,True,True,0.967741935483871,0.4918032786885246,0.0,0.0,,0.050000000000000044,"equalized_odds_gap,false_positive_rate_gap",0.7788749935571104
heterogeneity_entropy,6008,10,joint_dirichlet_0.3,B0,2,2,6401,1601,True,True,0.9912554653341662,0.4978042659974906,0.0,0.0,0.0,0.020856435904979653,,2.4445000162813812
heterogeneity_entropy,6008,10,joint_dirichlet_0.3,B0,2,3,224,57,True,True,0.7894736842105263,0.78625,0.0886699507389162,0.23484848484848486,0.23484848484848486,0.14778325123152702,,0.6632500153500587
heterogeneity_entropy,6008,10,joint_dirichlet_0.3,B0,2,4,1804,452,True,True,0.8539823008849557,0.5369715030731981,0.03428571428571429,0.09230769230769231,0.09230769230769231,0.3118720990201135,,1.1650000233203173
heterogeneity_entropy,6008,10,joint_dirichlet_0.3,B0,2,5,1408,353,True,True,0.7932011331444759,0.5637770216511774,0.07939045878744372,,,0.46250734190432685,"equal_opportunity_gap,equalized_odds_gap",1.0427920205984265
heterogeneity_entropy,6008,10,joint_dirichlet_0.3,B0,2,6,753,189,False,False,,,,,,,,0.017457990907132626
heterogeneity_entropy,6008,10,joint_dirichlet_0.3,B0,2,7,427,107,True,True,0.9813084112149533,0.49528301886792453,0.0,0.0,0.0,0.007630813953488413,,0.8363339875359088
heterogeneity_entropy,6008,10,joint_dirichlet_0.3,B0,2,8,6640,1660,True,True,0.7012048192771084,0.6563032225747203,0.1416568427821241,0.040275896046311155,0.040275896046311155,0.20147894116386245,,2.385916013736278
heterogeneity_entropy,6008,10,joint_dirichlet_0.3,B0,2,9,715,179,True,False,0.9888268156424581,0.49719101123595505,,,,,"comparison_groups,subgroup_accuracy_gap",1.1511249758768827
heterogeneity_entropy,6008,10,joint_dirichlet_0.3,B0,3,0,2010,503,True,False,0.7037773359840954,0.7037023858941667,0.4526167827138702,0.225407583806558,,0.12314079304370562,"equalized_odds_gap,false_positive_rate_gap",1.2382919958326966
heterogeneity_entropy,6008,10,joint_dirichlet_0.3,B0,3,1,123,31,True,True,0.8709677419354839,0.46551724137931033,0.009090909090909038,0.014354066985645897,,0.05909090909090908,"equalized_odds_gap,false_positive_rate_gap",0.8487500017508864
heterogeneity_entropy,6008,10,joint_dirichlet_0.3,B0,3,2,6401,1601,True,True,0.9906308557151781,0.497646689676812,0.00088261253309797,0.0,0.0008849557522123894,0.019973823371881694,,2.395416988292709
heterogeneity_entropy,6008,10,joint_dirichlet_0.3,B0,3,3,224,57,True,False,0.5789473684210527,0.5681818181818181,0.008620689655172403,0.09848484848484851,0.11764705882352941,0.22536945812807885,,0.6809580081608146
heterogeneity_entropy,6008,10,joint_dirichlet_0.3,B0,3,4,1804,452,True,True,0.8539823008849557,0.5369715030731981,0.03428571428571429,0.09230769230769231,0.09230769230769231,0.3118720990201135,,1.1507910094223917
heterogeneity_entropy,6008,10,joint_dirichlet_0.3,B0,3,5,1408,353,True,True,0.7932011331444759,0.5637770216511774,0.07939045878744372,,,0.46250734190432685,"equal_opportunity_gap,equalized_odds_gap",1.0288750054314733
heterogeneity_entropy,6008,10,joint_dirichlet_0.3,B0,3,6,753,189,False,False,,,,,,,,0.01837499439716339
heterogeneity_entropy,6008,10,joint_dirichlet_0.3,B0,3,7,427,107,True,True,0.9813084112149533,0.49528301886792453,0.0,0.0,0.0,0.007630813953488413,,0.9092910040635616
heterogeneity_entropy,6008,10,joint_dirichlet_0.3,B0,3,8,6640,1660,True,True,0.6662650602409639,0.5960708663630742,0.10899153359768513,0.11362236728661168,0.11362236728661168,0.21155288822205554,,3.973790997406468
heterogeneity_entropy,6008,10,joint_dirichlet_0.3,B0,3,9,715,179,True,False,0.9888268156424581,0.49719101123595505,,,,,"comparison_groups,subgroup_accuracy_gap",1.0783750039990991
heterogeneity_entropy,6008,10,joint_dirichlet_0.3,B0,4,0,2010,503,True,False,0.6163021868787276,0.611486635210687,0.3182635415645124,0.1449899248946694,,0.2709620476610768,"equalized_odds_gap,false_positive_rate_gap",1.3372500252444297
heterogeneity_entropy,6008,10,joint_dirichlet_0.3,B0,4,1,123,31,True,False,0.7419354838709677,0.5230769230769231,0.3090909090909091,0.27751196172248804,,0.25909090909090904,"equalized_odds_gap,false_positive_rate_gap",0.6481250165961683
heterogeneity_entropy,6008,10,joint_dirichlet_0.3,B0,4,2,6401,1601,True,True,0.9912554653341662,0.5603028876333961,0.001254139603654167,0.09090909090909091,0.09090909090909091,0.017837071235129565,,2.4605420185253024
heterogeneity_entropy,6008,10,joint_dirichlet_0.3,B0,4,3,224,57,True,False,0.5263157894736842,0.4959056665574844,0.029556650246305438,0.1515151515151515,0.1515151515151515,0.332512315270936,,0.6574169965460896
heterogeneity_entropy,6008,10,joint_dirichlet_0.3,B0,4,4,1804,452,True,True,0.8561946902654868,0.5492136555427695,0.04,0.1076923076923077,0.1076923076923077,0.3061578133058277,,1.164832996437326
heterogeneity_entropy,6008,10,joint_dirichlet_0.3,B0,4,5,1408,353,True,True,0.7960339943342776,0.5734425349087003,0.08588396528095021,,,0.4560138354108203,"equal_opportunity_gap,equalized_odds_gap",1.052625011652708
heterogeneity_entropy,6008,10,joint_dirichlet_0.3,B0,4,6,753,189,False,False,,,,,,,,0.017291982658207417
heterogeneity_entropy,6008,10,joint_dirichlet_0.3,B0,4,7,427,107,True,True,0.9813084112149533,0.49528301886792453,0.0,0.0,0.0,0.007630813953488413,,0.7465420057997108
heterogeneity_entropy,6008,10,joint_dirichlet_0.3,B0,4,8,6640,1660,True,True,0.653012048192771,0.5731573393045593,0.09883185081984781,0.07962803300899124,0.07962803300899124,0.23328689315185935,,2.503041992895305
heterogeneity_entropy,6008,10,joint_dirichlet_0.3,B0,4,9,715,179,True,False,0.9888268156424581,0.49719101123595505,,,,,"comparison_groups,subgroup_accuracy_gap",0.9232919837813824
heterogeneity_entropy,6008,10,joint_dirichlet_0.3,B0,5,0,2010,503,True,False,0.5785288270377733,0.5684150882305327,0.2820927723840345,0.1479208646272211,,0.31386682357556145,"equalized_odds_gap,false_positive_rate_gap",1.2560410250443965
heterogeneity_entropy,6008,10,joint_dirichlet_0.3,B0,5,1,123,31,True,False,0.5161290322580645,0.39215686274509803,0.3772727272727273,0.35885167464114837,,0.32727272727272727,"equalized_odds_gap,false_positive_rate_gap",0.6244999822229147
heterogeneity_entropy,6008,10,joint_dirichlet_0.3,B0,5,2,6401,1601,True,True,0.9906308557151781,0.5564687413426909,0.0003715270705561969,0.09090909090909091,0.09090909090909091,0.016954458702031605,,2.3892080062069
heterogeneity_entropy,6008,10,joint_dirichlet_0.3,B0,5,3,224,57,True,False,0.5263157894736842,0.4959056665574844,0.029556650246305438,0.1515151515151515,0.1515151515151515,0.332512315270936,,0.6531669932883233
heterogeneity_entropy,6008,10,joint_dirichlet_0.3,B0,5,4,1804,452,True,True,0.8584070796460177,0.5611650485436893,0.045714285714285714,0.12307692307692308,0.12307692307692308,0.300443527591542,,1.1341669887769967
heterogeneity_entropy,6008,10,joint_dirichlet_0.3,B0,5,5,1408,353,True,True,0.7960339943342776,0.5734425349087003,0.08588396528095021,,,0.4560138354108203,"equal_opportunity_gap,equalized_odds_gap",1.055416010785848
heterogeneity_entropy,6008,10,joint_dirichlet_0.3,B0,5,6,753,189,False,False,,,,,,,,0.017584010493010283
heterogeneity_entropy,6008,10,joint_dirichlet_0.3,B0,5,7,427,107,True,True,0.9813084112149533,0.49528301886792453,0.0,0.0,0.0,0.007630813953488413,,0.7787499926052988
heterogeneity_entropy,6008,10,joint_dirichlet_0.3,B0,5,8,6640,1660,True,True,0.6475903614457831,0.5639564252778649,0.09285178437466508,0.06688015765488362,0.06688015765488362,0.23926695959704214,,2.4834579962771386
heterogeneity_entropy,6008,10,joint_dirichlet_0.3,B0,5,9,715,179,True,False,0.9888268156424581,0.49719101123595505,,,,,"comparison_groups,subgroup_accuracy_gap",0.8908750023692846
heterogeneity_entropy,6009,10,iid,B0,1,0,2051,513,True,True,0.7543859649122807,0.47253231492361925,0.014337474120082815,0.007586533902323375,0.008547008547008548,0.20590062111801244,,1.3934579910710454
heterogeneity_entropy,6009,10,iid,B0,1,1,2051,513,True,True,0.7602339181286549,0.4687250039993601,0.0033643279797125943,0.018518518518518517,0.018518518518518517,0.20779374471682166,,1.265375001821667
heterogeneity_entropy,6009,10,iid,B0,1,2,2051,513,True,True,0.7758284600389863,0.5095398428731762,0.011283643892339545,0.013239187996469559,0.013239187996469559,0.15631469979296064,,1.2350000033620745
heterogeneity_entropy,6009,10,iid,B0,1,3,2051,513,True,True,0.7602339181286549,0.48191603786752935,0.017030658657685493,0.0010101010101010097,0.008438818565400843,0.20306586576854968,,1.2075839913450181
heterogeneity_entropy,6009,10,iid,B0,1,4,2051,513,True,True,0.7660818713450293,0.47149725274725274,0.005572669689522688,0.018172377985462097,0.018172377985462097,0.19589145408604758,,1.3102499942760915
heterogeneity_entropy,6009,10,iid,B0,1,5,2051,513,True,True,0.7777777777777778,0.510725520380162,0.016925686199854625,0.03823529411764706,0.03823529411764706,0.1519158215361186,,1.2912079982925206
heterogeneity_entropy,6009,10,iid,B0,1,6,2051,513,True,True,0.7660818713450293,0.5262574647540479,0.036083573179831574,0.04956896551724138,0.04956896551724138,0.202270546850016,,1.2285420089028776
heterogeneity_entropy,6009,10,iid,B0,1,7,2050,513,True,True,0.7621832358674464,0.4892773207990599,0.026392961876832845,0.07339449541284404,0.07339449541284404,0.18284116483666368,,1.204250002047047
heterogeneity_entropy,6009,10,iid,B0,1,8,2050,513,True,True,0.7660818713450293,0.5262574647540479,0.03592440720270993,0.0624126688402422,0.0624126688402422,0.17339989302906034,,1.1957919923588634
heterogeneity_entropy,6009,10,iid,B0,1,9,2050,513,True,True,0.7621832358674464,0.4829312623925975,0.02564102564102564,0.06422018348623854,0.06422018348623854,0.18518518518518512,,1.1952499917242676
heterogeneity_entropy,6009,10,iid,B0,2,0,2051,513,True,True,0.7602339181286549,0.4943382618103137,0.02303312629399586,0.019440493124703653,0.019440493124703653,0.19720496894409945,,1.1743330105673522
heterogeneity_entropy,6009,10,iid,B0,2,1,2051,513,True,True,0.7641325536062378,0.49034016733309793,0.015198647506339815,0.009259259259259259,0.009259259259259259,0.20187658495350802,,1.1737089953385293
heterogeneity_entropy,6009,10,iid,B0,2,2,2051,513,True,True,0.7797270955165692,0.5298273219079753,0.005175983436853004,0.039276257722859656,0.039276257722859656,0.15051759834368528,,1.1642079916782677
heterogeneity_entropy,6009,10,iid,B0,2,3,2051,513,True,True,0.7563352826510721,0.47989747998669835,0.013888406652546786,0.0010101010101010097,0.0059014710913445085,0.19992361376341095,,1.1619169963523746
heterogeneity_entropy,6009,10,iid,B0,2,4,2051,513,True,True,0.7660818713450293,0.47149725274725274,0.005572669689522688,0.018172377985462097,0.018172377985462097,0.19589145408604758,,1.1655839916784316
heterogeneity_entropy,6009,10,iid,B0,2,5,2051,513,True,True,0.7797270955165692,0.5180695847362514,0.019815859610259248,0.048039215686274506,0.048039215686274506,0.14902564812571395,,1.336750021437183
heterogeneity_entropy,6009,10,iid,B0,2,6,2051,513,True,True,0.7660818713450293,0.5262574647540479,0.036083573179831574,0.04956896551724138,0.04956896551724138,0.202270546850016,,1.209624984767288
heterogeneity_entropy,6009,10,iid,B0,2,7,2050,513,True,True,0.7621832358674464,0.4892773207990599,0.026392961876832845,0.07339449541284404,0.07339449541284404,0.18284116483666368,,1.1679170129355043
heterogeneity_entropy,6009,10,iid,B0,2,8,2050,513,True,True,0.7680311890838206,0.5328262150559029,0.03874130861116064,0.0712622263623661,0.0712622263623661,0.17058299162060964,,1.176750025479123
heterogeneity_entropy,6009,10,iid,B0,2,9,2050,513,True,True,0.7621832358674464,0.4829312623925975,0.02564102564102564,0.06422018348623854,0.06422018348623854,0.18518518518518512,,1.1633750109467655
heterogeneity_entropy,6009,10,iid,B0,3,0,2051,513,True,True,0.7641325536062378,0.5084066556320237,0.028830227743271222,0.03745851114272167,0.03745851114272167,0.19140786749482408,,1.2217919866088778
heterogeneity_entropy,6009,10,iid,B0,3,1,2051,513,True,True,0.7641325536062378,0.49034016733309793,0.015198647506339815,0.009259259259259259,0.009259259259259259,0.20187658495350802,,1.1921249970328063
heterogeneity_entropy,6009,10,iid,B0,3,2,2051,513,True,True,0.7777777777777778,0.5285230570783619,0.008074534161490683,0.039276257722859656,0.039276257722859656,0.15341614906832302,,1.3537089980673045
heterogeneity_entropy,6009,10,iid,B0,3,3,2051,513,True,True,0.7602339181286549,0.5002811458077596,0.007603902642269365,0.03838383838383838,0.03838383838383838,0.19415992500260404,,1.2493750255089253
heterogeneity_entropy,6009,10,iid,B0,3,4,2051,513,True,True,0.7680311890838206,0.47932107979018296,0.008462843099927312,0.008826583592938732,0.008826583592938732,0.19300128067564293,,1.2019159912597388
heterogeneity_entropy,6009,10,iid,B0,3,5,2051,513,True,True,0.7816764132553606,0.5253139458030404,0.02270603302066387,0.05784313725490196,0.05784313725490196,0.1461354747153093,,1.2240000069141388
heterogeneity_entropy,6009,10,iid,B0,3,6,2051,513,True,True,0.7660818713450293,0.5262574647540479,0.036083573179831574,0.04956896551724138,0.04956896551724138,0.202270546850016,,1.2159589969087392
heterogeneity_entropy,6009,10,iid,B0,3,7,2050,513,True,True,0.7621832358674464,0.4892773207990599,0.026392961876832845,0.07339449541284404,0.07339449541284404,0.18284116483666368,,1.290749991312623
heterogeneity_entropy,6009,10,iid,B0,3,8,2050,513,True,True,0.7699805068226121,0.5393150684931507,0.04155821001961134,0.08011178388449,0.08011178388449,0.16776609021215894,,1.2754170165862888
heterogeneity_entropy,6009,10,iid,B0,3,9,2050,513,True,True,0.7660818713450293,0.4976498237367803,0.03133903133903134,0.08256880733944955,0.08256880733944955,0.1794871794871794,,1.2395000085234642
heterogeneity_entropy,6009,10,iid,B0,4,0,2051,513,True,True,0.7680311890838206,0.5221182825159497,0.03462732919254658,0.055476529160739696,0.055476529160739696,0.18561076604554871,,1.2582920026034117
heterogeneity_entropy,6009,10,iid,B0,4,1,2051,513,True,True,0.7641325536062378,0.49034016733309793,0.015198647506339815,0.009259259259259259,0.009259259259259259,0.20187658495350802,,1.2478749849833548
heterogeneity_entropy,6009,10,iid,B0,4,2,2051,513,True,True,0.783625730994152,0.5490342047533441,0.016770186335403725,0.010150044130626645,0.010150044130626645,0.1447204968944099,,1.248042011866346
heterogeneity_entropy,6009,10,iid,B0,4,3,2051,513,True,True,0.7582846003898636,0.49914965986394555,0.010485747022672826,0.03838383838383838,0.03838383838383838,0.19704176938300755,,1.2022499868180603
heterogeneity_entropy,6009,10,iid,B0,4,4,2051,513,True,True,0.7699805068226121,0.4870347773032337,0.011353016510331935,0.0005192107995846337,0.0005192107995846337,0.19011110726523828,,1.173041993752122
heterogeneity_entropy,6009,10,iid,B0,4,5,2051,513,True,True,0.7816764132553606,0.5253139458030404,0.02270603302066387,0.05784313725490196,0.05784313725490196,0.1461354747153093,,1.1688749946188182
heterogeneity_entropy,6009,10,iid,B0,4,6,2051,513,True,True,0.7660818713450293,0.5262574647540479,0.036083573179831574,0.04956896551724138,0.04956896551724138,0.202270546850016,,1.2294579937588423
heterogeneity_entropy,6009,10,iid,B0,4,7,2050,513,True,True,0.7621832358674464,0.4892773207990599,0.026392961876832845,0.07339449541284404,0.07339449541284404,0.18284116483666368,,1.1889169982168823
heterogeneity_entropy,6009,10,iid,B0,4,8,2050,513,True,True,0.7719298245614035,0.5457256385998108,0.044375111428062046,0.08896134140661388,0.08896134140661388,0.16494918880370824,,1.1764579976443201
heterogeneity_entropy,6009,10,iid,B0,4,9,2050,513,True,True,0.7641325536062378,0.5025604038946989,0.030864197530864196,0.09174311926605505,0.09174311926605505,0.17331433998100665,,1.1644999904092401
heterogeneity_entropy,6009,10,iid,B0,5,0,2051,513,True,True,0.7738791423001949,0.5420488825955796,0.034472049689440995,0.02086296823138928,0.02086296823138928,0.18576604554865428,,1.1748330143745989
heterogeneity_entropy,6009,10,iid,B0,5,1,2051,513,True,True,0.7660818713450293,0.4976498237367803,0.01815722738799662,0.018518518518518517,0.018518518518518517,0.1989180050718512,,1.1726660013664514
heterogeneity_entropy,6009,10,iid,B0,5,2,2051,513,True,True,0.7855750487329435,0.5556972789115646,0.019668737060041408,0.00044130626654897975,0.0027170836635344725,0.14182194616977228,,1.163290988188237
heterogeneity_entropy,6009,10,iid,B0,5,3,2051,513,True,True,0.7621832358674464,0.512873599003736,0.0073434950175341115,0.08484848484848484,0.08484848484848484,0.20018402138814617,,1.1566250177565962
heterogeneity_entropy,6009,10,iid,B0,5,4,2051,513,True,True,0.7738791423001949,0.5021417575798139,0.017133363331141183,0.019210799584631358,0.019210799584631358,0.1843307604444291,,1.177457976154983
heterogeneity_entropy,6009,10,iid,B0,5,5,2051,513,True,True,0.783625730994152,0.5381489622281882,0.03137655325187774,0.07745098039215685,0.07745098039215685,0.14324530130490465,,1.148166018538177
heterogeneity_entropy,6009,10,iid,B0,5,6,2051,513,True,True,0.7719298245614035,0.5457256385998108,0.035443982517855244,0.0043103448275862155,0.008403361344537815,0.20291013751199238,,1.204250002047047
heterogeneity_entropy,6009,10,iid,B0,5,7,2050,513,True,True,0.7602339181286549,0.48821912030691117,0.02932551319648094,0.07339449541284404,0.07339449541284404,0.18577371615631177,,1.4137920225039124
heterogeneity_entropy,6009,10,iid,B0,5,8,2050,513,True,True,0.7719298245614035,0.5457256385998108,0.044375111428062046,0.08896134140661388,0.08896134140661388,0.16494918880370824,,1.3769579818472266
heterogeneity_entropy,6009,10,iid,B0,5,9,2050,513,True,True,0.7699805068226121,0.5233843537414966,0.030389363722697058,0.05453618756371051,0.05453618756371051,0.1737891737891737,,1.2409159971866757
heterogeneity_entropy,6009,10,joint_dirichlet_1.0,B0,1,0,3692,923,True,False,0.8028169014084507,0.8003304331288927,0.4261539925763777,0.39345088161209063,0.39345088161209063,0.11617968973065573,,1.8547920044511557
heterogeneity_entropy,6009,10,joint_dirichlet_1.0,B0,1,1,941,236,True,True,0.864406779661017,0.4636363636363636,0.0,0.0,0.0,0.1171521035598706,,0.9160409972537309
heterogeneity_entropy,6009,10,joint_dirichlet_1.0,B0,1,2,1220,305,True,True,0.8032786885245902,0.49030748663101603,0.019950564971751412,0.0718954248366013,0.0718954248366013,0.3475900423728814,,0.9881659934762865
heterogeneity_entropy,6009,10,joint_dirichlet_1.0,B0,1,3,1264,317,True,True,0.750788643533123,0.5686183315246413,0.05948247354497349,0.0,0.05340375586854462,0.3682208994708994,,0.9855419921223074
heterogeneity_entropy,6009,10,joint_dirichlet_1.0,B0,1,4,2852,714,True,True,0.9705882352941176,0.4925373134328358,0.0,0.0,0.0,0.1782516891891891,,1.7389999993611127
heterogeneity_entropy,6009,10,joint_dirichlet_1.0,B0,1,5,1994,499,True,True,0.9078156312625251,0.47584033613445376,0.0,0.0,0.0,0.22246530228181605,,1.3636660005431622
heterogeneity_entropy,6009,10,joint_dirichlet_1.0,B0,1,6,1307,327,True,True,0.9571865443425076,0.4890625,0.0,0.0,0.0,0.15489510489510494,,1.0803749901242554
heterogeneity_entropy,6009,10,joint_dirichlet_1.0,B0,1,7,2336,584,True,True,0.773972602739726,0.5008288437629507,0.02083962549078828,0.011988011988011998,0.011988011988011998,0.2221685291452733,,1.3712079962715507
heterogeneity_entropy,6009,10,joint_dirichlet_1.0,B0,1,8,3277,820,True,True,0.8292682926829268,0.49834821974795057,0.01639344262295082,0.050359712230215826,0.050359712230215826,0.28877725536466625,,1.7542499990668148
heterogeneity_entropy,6009,10,joint_dirichlet_1.0,B0,1,9,1623,406,True,False,0.8201970443349754,0.8201872266072913,0.6491228070175439,,,0.09967225756699438,"equal_opportunity_gap,equalized_odds_gap",1.1932920024264604
heterogeneity_entropy,6009,10,joint_dirichlet_1.0,B0,2,0,3692,923,True,True,0.6988082340195017,0.6512000304493454,0.19516512800989816,0.38287153652392947,0.38287153652392947,0.23769867707242787,,2.2714999795425683
heterogeneity_entropy,6009,10,joint_dirichlet_1.0,B0,2,1,941,236,True,True,0.8686440677966102,0.4949955132187478,0.0048543689320388345,0.03225806451612903,0.03225806451612903,0.11229773462783177,,0.8892920159269124
heterogeneity_entropy,6009,10,joint_dirichlet_1.0,B0,2,2,1220,305,True,True,0.8065573770491803,0.4920254057868737,0.025600282485875706,0.0718954248366013,0.0718954248366013,0.3532397598870056,,1.0115420154761523
heterogeneity_entropy,6009,10,joint_dirichlet_1.0,B0,2,3,1264,317,True,False,0.8580441640378549,0.8360966529936921,0.5005373677248677,0.25518341307814996,0.2623239436619718,0.10259589947089942,,0.9994170104619116
heterogeneity_entropy,6009,10,joint_dirichlet_1.0,B0,2,4,2852,714,True,True,0.9705882352941176,0.4925373134328358,0.0,0.0,0.0,0.1782516891891891,,1.4899579982738942
heterogeneity_entropy,6009,10,joint_dirichlet_1.0,B0,2,5,1994,499,True,True,0.9078156312625251,0.47584033613445376,0.0,0.0,0.0,0.22246530228181605,,1.1944159923586994
heterogeneity_entropy,6009,10,joint_dirichlet_1.0,B0,2,6,1307,327,True,True,0.9571865443425076,0.4890625,0.0,0.0,0.0,0.15489510489510494,,0.9979589958675206
heterogeneity_entropy,6009,10,joint_dirichlet_1.0,B0,2,7,2336,584,True,True,0.7791095890410958,0.520198707129892,0.0226819691935971,0.0013986013986014012,0.0013986013986014012,0.22032618544246452,,1.3336249976418912
heterogeneity_entropy,6009,10,joint_dirichlet_1.0,B0,2,8,3277,820,True,True,0.8304878048780487,0.5048115564244596,0.01873536299765808,0.05755395683453238,0.05755395683453238,0.286435334989959,,1.5669580025132746
heterogeneity_entropy,6009,10,joint_dirichlet_1.0,B0,2,9,1623,406,True,False,0.7192118226600985,0.6933047073791349,0.30653556969346446,,,0.3504916136495084,"equal_opportunity_gap,equalized_odds_gap",1.153624994913116
heterogeneity_entropy,6009,10,joint_dirichlet_1.0,B0,3,0,3692,923,True,True,0.6663055254604551,0.5896167038144842,0.13053202626820215,0.27204030226700254,0.27204030226700254,0.28445798039402304,,1.7178749840240926
heterogeneity_entropy,6009,10,joint_dirichlet_1.0,B0,3,1,941,236,True,True,0.8686440677966102,0.5216737495913697,0.014563106796116505,0.06451612903225806,0.06451612903225806,0.11229773462783177,,0.8564169984310865
heterogeneity_entropy,6009,10,joint_dirichlet_1.0,B0,3,2,1220,305,True,True,0.8065573770491803,0.5053736840658586,0.027763064971751412,0.0522875816993464,0.0522875816993464,0.3397775423728814,,1.008333987556398
heterogeneity_entropy,6009,10,joint_dirichlet_1.0,B0,3,3,1264,317,True,False,0.7192429022082019,0.7126546824871416,0.35040509259259256,0.1518341307814992,0.1518341307814992,0.07779431216931221,,1.0011249978560954
heterogeneity_entropy,6009,10,joint_dirichlet_1.0,B0,3,4,2852,714,True,True,0.9705882352941176,0.4925373134328358,0.0,0.0,0.0,0.1782516891891891,,1.3894579897169024
heterogeneity_entropy,6009,10,joint_dirichlet_1.0,B0,3,5,1994,499,True,True,0.9078156312625251,0.47584033613445376,0.0,0.0,0.0,0.22246530228181605,,1.1959580006077886
heterogeneity_entropy,6009,10,joint_dirichlet_1.0,B0,3,6,1307,327,True,True,0.9541284403669725,0.48826291079812206,0.019230769230769232,0.0,0.023255813953488372,0.1741258741258741,,0.9822910069487989
heterogeneity_entropy,6009,10,joint_dirichlet_1.0,B0,3,7,2336,584,True,True,0.7808219178082192,0.5265024830242221,0.020356387798248263,0.01158841158841159,0.01158841158841159,0.2226517668378133,,1.3549580180551857
heterogeneity_entropy,6009,10,joint_dirichlet_1.0,B0,3,8,3277,820,True,True,0.8329268292682926,0.5175041124248919,0.0234192037470726,0.07194244604316546,0.07194244604316546,0.28175149424054446,,1.5727090067230165
heterogeneity_entropy,6009,10,joint_dirichlet_1.0,B0,3,9,1623,406,True,True,0.6600985221674877,0.6012241992882562,0.2120686331212647,,,0.48313090418353577,"equal_opportunity_gap,equalized_odds_gap",1.1300829937681556
heterogeneity_entropy,6009,10,joint_dirichlet_1.0,B0,4,0,3692,923,True,True,0.647887323943662,0.5581279561862086,0.10901303892643,0.22921914357682618,0.22921914357682618,0.3059769677357952,,1.6473750001750886
heterogeneity_entropy,6009,10,joint_dirichlet_1.0,B0,4,1,941,236,True,True,0.8728813559322034,0.5489296636085627,0.019417475728155338,0.0967741935483871,0.0967741935483871,0.10744336569579294,,0.8717089949641377
heterogeneity_entropy,6009,10,joint_dirichlet_1.0,B0,4,2,1220,305,True,True,0.8098360655737705,0.5200238767093553,0.03557556497175141,0.0326797385620915,0.0326797385620915,0.3319650423728814,,0.96245898748748
heterogeneity_entropy,6009,10,joint_dirichlet_1.0,B0,4,3,1264,317,True,False,0.6529968454258676,0.6511604641856743,0.28364748677248675,0.10685805422647526,0.10685805422647526,0.14959490740740744,,0.9684999822638929
heterogeneity_entropy,6009,10,joint_dirichlet_1.0,B0,4,4,2852,714,True,True,0.9705882352941176,0.4925373134328358,0.0,0.0,0.0,0.1782516891891891,,1.4034170017112046
heterogeneity_entropy,6009,10,joint_dirichlet_1.0,B0,4,5,1994,499,True,True,0.905811623246493,0.47528916929547843,0.002564102564102564,0.0,0.002680965147453083,0.2199011997177135,,1.1782080109696835
heterogeneity_entropy,6009,10,joint_dirichlet_1.0,B0,4,6,1307,327,True,True,0.9510703363914373,0.48746081504702193,0.015594405594405596,0.0,0.01955211024978467,0.17048951048951044,,0.9804590081330389
heterogeneity_entropy,6009,10,joint_dirichlet_1.0,B0,4,7,2336,584,True,True,0.7791095890410958,0.5304149447425996,0.031017819389912417,0.0037962037962037953,0.008403093866378076,0.22032618544246452,,1.2534999987110496
heterogeneity_entropy,6009,10,joint_dirichlet_1.0,B0,4,8,3277,820,True,True,0.8329268292682926,0.5229298578641832,0.023216594859693344,0.07913669064748201,0.07913669064748201,0.2768650446037506,,1.502125000115484
heterogeneity_entropy,6009,10,joint_dirichlet_1.0,B0,4,9,1623,406,True,True,0.6330049261083743,0.553862605553302,0.15712357817620975,,,0.523423944476576,"equal_opportunity_gap,equalized_odds_gap",1.078624976798892
heterogeneity_entropy,6009,10,joint_dirichlet_1.0,B0,5,0,3692,923,True,True,0.6446370530877573,0.5523975114139048,0.10521557057199962,0.2216624685138539,0.2216624685138539,0.3097744360902256,,1.640415983274579
heterogeneity_entropy,6009,10,joint_dirichlet_1.0,B0,5,1,941,236,True,True,0.8771186440677966,0.5747747747747748,0.024271844660194174,0.12903225806451613,0.12903225806451613,0.1025889967637541,,0.8504159923177212
heterogeneity_entropy,6009,10,joint_dirichlet_1.0,B0,5,2,1220,305,True,True,0.8098360655737705,0.5200238767093553,0.03557556497175141,0.0326797385620915,0.0326797385620915,0.3319650423728814,,0.956667005084455
heterogeneity_entropy,6009,10,joint_dirichlet_1.0,B0,5,3,1264,317,True,False,0.5899053627760252,0.5898686305732483,0.24334490740740738,0.10366826156299841,0.10366826156299841,0.18989748677248675,,0.9624579979572445
heterogeneity_entropy,6009,10,joint_dirichlet_1.0,B0,5,4,2852,714,True,True,0.9705882352941176,0.4925373134328358,0.0,0.0,0.0,0.1782516891891891,,1.3929170090705156
heterogeneity_entropy,6009,10,joint_dirichlet_1.0,B0,5,5,1994,499,True,True,0.905811623246493,0.47528916929547843,0.002564102564102564,0.0,0.002680965147453083,0.2199011997177135,,1.1696250003296882
heterogeneity_entropy,6009,10,joint_dirichlet_1.0,B0,5,6,1307,327,True,True,0.9480122324159022,0.48665620094191525,0.011958041958041959,0.0,0.015848406546080964,0.16685314685314678,,0.965750019531697
heterogeneity_entropy,6009,10,joint_dirichlet_1.0,B0,5,7,2336,584,True,True,0.7791095890410958,0.5353272434572897,0.03518574448807007,0.009190809190809182,0.01963904892255785,0.22914527333131984,,1.2876249966211617
heterogeneity_entropy,6009,10,joint_dirichlet_1.0,B0,5,8,3277,820,True,True,0.8353658536585366,0.5351063963816411,0.027900435609107863,0.09352517985611511,0.09352517985611511,0.2721812038543361,,1.5163340140134096
heterogeneity_entropy,6009,10,joint_dirichlet_1.0,B0,5,9,1623,406,True,True,0.6305418719211823,0.5497293940200515,0.1534605745132061,,,0.5270869481395797,"equal_opportunity_gap,equalized_odds_gap",1.0802909964695573
heterogeneity_entropy,6009,10,joint_dirichlet_0.3,B0,1,0,4677,1170,True,True,0.994017094017094,0.4984997856836691,0.0,0.0,0.0,0.001762404802952866,,2.193499996792525
heterogeneity_entropy,6009,10,joint_dirichlet_0.3,B0,1,1,1036,260,True,False,0.8846153846153846,0.8834498834498834,0.7605131860299359,,,0.09384651936326927,"equal_opportunity_gap,equalized_odds_gap",1.0156249918509275
heterogeneity_entropy,6009,10,joint_dirichlet_0.3,B0,1,2,286,72,True,False,0.7083333333333334,0.7055501460564753,,,,,"comparison_groups,subgroup_accuracy_gap",0.7133749895729125
heterogeneity_entropy,6009,10,joint_dirichlet_0.3,B0,1,3,2196,549,True,True,0.9562841530054644,0.4888268156424581,0.0,0.0,0.0,0.13101706059452545,,1.2897499836981297
heterogeneity_entropy,6009,10,joint_dirichlet_0.3,B0,1,4,634,159,True,True,0.7421383647798742,0.6657780056395796,0.07756948933419527,0.0,0.012820512820512775,0.1661279896574014,,0.8417089993599802
heterogeneity_entropy,6009,10,joint_dirichlet_0.3,B0,1,5,350,88,True,False,0.7954545454545454,0.7685563997662186,0.4023809523809524,0.02136752136752129,0.058823529411764705,0.2761904761904762,,0.7072500011418015
heterogeneity_entropy,6009,10,joint_dirichlet_0.3,B0,1,6,3017,755,True,False,0.9920529801324504,0.49800531914893614,,,,,"comparison_groups,subgroup_accuracy_gap",1.5594580036122352
heterogeneity_entropy,6009,10,joint_dirichlet_0.3,B0,1,7,1224,307,True,True,0.755700325732899,0.6581444033673334,0.16942148760330578,0.33663366336633666,0.33663366336633666,0.2904005085823268,,1.029832987114787
heterogeneity_entropy,6009,10,joint_dirichlet_0.3,B0,1,8,3410,853,True,True,0.8487690504103166,0.48116557040809105,0.004137931034482759,0.023076923076923078,0.023076923076923078,0.15954741379310344,,1.5960409946274012
heterogeneity_entropy,6009,10,joint_dirichlet_0.3,B0,1,9,3675,919,True,True,0.7921653971708379,0.5940559254573922,0.18220187924931883,0.1894273127753304,,0.8004570802882534,"equalized_odds_gap,false_positive_rate_gap",1.6692919889464974
heterogeneity_entropy,6009,10,joint_dirichlet_0.3,B0,2,0,4677,1170,True,True,0.994017094017094,0.4984997856836691,0.0,0.0,0.0,0.001762404802952866,,1.8983750196639448
heterogeneity_entropy,6009,10,joint_dirichlet_0.3,B0,2,1,1036,260,True,False,0.7423076923076923,0.7026034997865984,0.3531717747683535,,,0.45462105013067233,"equal_opportunity_gap,equalized_odds_gap",0.9155829902738333
heterogeneity_entropy,6009,10,joint_dirichlet_0.3,B0,2,2,286,72,True,False,0.6805555555555556,0.6442534908700323,,,,,"comparison_groups,subgroup_accuracy_gap",0.6780829862691462
heterogeneity_entropy,6009,10,joint_dirichlet_0.3,B0,2,3,2196,549,True,True,0.9635701275045537,0.7405482041587902,0.05568052046925287,0.017145995199934982,0.4,0.10284804651001833,,1.2555000139400363
heterogeneity_entropy,6009,10,joint_dirichlet_0.3,B0,2,4,634,159,True,True,0.7735849056603774,0.770966709346991,0.17436974789915966,0.0043269230769230616,0.08119658119658121,0.061570782159017456,,0.8746669918764383
heterogeneity_entropy,6009,10,joint_dirichlet_0.3,B0,2,5,350,88,True,True,0.7272727272727273,0.6468227424749164,0.18333333333333335,0.1752136752136752,0.1752136752136752,0.5952380952380951,,0.719957984983921
heterogeneity_entropy,6009,10,joint_dirichlet_0.3,B0,2,6,3017,755,True,False,0.9920529801324504,0.49800531914893614,,,,,"comparison_groups,subgroup_accuracy_gap",1.4277920126914978
heterogeneity_entropy,6009,10,joint_dirichlet_0.3,B0,2,7,1224,307,True,True,0.7263843648208469,0.5755760368663595,0.09090909090909091,0.19801980198019803,0.19801980198019803,0.3275905912269549,,0.9569160174578428
heterogeneity_entropy,6009,10,joint_dirichlet_0.3,B0,2,8,3410,853,True,True,0.8487690504103166,0.48116557040809105,0.004137931034482759,0.023076923076923078,0.023076923076923078,0.15954741379310344,,1.5364999999292195
heterogeneity_entropy,6009,10,joint_dirichlet_0.3,B0,2,9,3675,919,True,True,0.7780195865070729,0.5488333140810905,0.12493315678235849,0.13215859030837004,,0.8577258027552137,"equalized_odds_gap,false_positive_rate_gap",1.614749984582886
heterogeneity_entropy,6009,10,joint_dirichlet_0.3,B0,3,0,4677,1170,True,True,0.994017094017094,0.4984997856836691,0.0,0.0,0.0,0.001762404802952866,,1.8777920049615204
heterogeneity_entropy,6009,10,joint_dirichlet_0.3,B0,3,1,1036,260,True,True,0.7153846153846154,0.6560354691075515,0.2744119743406985,,,0.5207887859349014,"equal_opportunity_gap,equalized_odds_gap",0.9119589813053608
heterogeneity_entropy,6009,10,joint_dirichlet_0.3,B0,3,2,286,72,True,False,0.6666666666666666,0.6072727272727273,,,,,"comparison_groups,subgroup_accuracy_gap",0.6784170109312981
heterogeneity_entropy,6009,10,joint_dirichlet_0.3,B0,3,3,2196,549,True,True,0.912568306010929,0.6972148175383768,0.2371353427691455,0.16025302037993738,0.16025302037993738,0.15754230542962933,,1.2449579953681678
heterogeneity_entropy,6009,10,joint_dirichlet_0.3,B0,3,4,634,159,True,True,0.6792452830188679,0.6790421531763309,0.22624434389140274,0.1004807692307692,0.16452991452991456,0.09793148028442156,,0.8389159920625389
heterogeneity_entropy,6009,10,joint_dirichlet_0.3,B0,3,5,350,88,True,True,0.6818181818181818,0.5621890547263682,0.09285714285714285,0.17948717948717946,0.17948717948717946,0.6857142857142857,,0.6906669877935201
heterogeneity_entropy,6009,10,joint_dirichlet_0.3,B0,3,6,3017,755,True,False,0.9920529801324504,0.49800531914893614,,,,,"comparison_groups,subgroup_accuracy_gap",1.431541983038187
heterogeneity_entropy,6009,10,joint_dirichlet_0.3,B0,3,7,1224,307,True,True,0.7263843648208469,0.5703718512594962,0.08264462809917356,0.18811881188118812,0.18811881188118812,0.3275905912269549,,0.9554589923936874
heterogeneity_entropy,6009,10,joint_dirichlet_0.3,B0,3,8,3410,853,True,True,0.8511137162954279,0.4960247123789852,0.006896551724137931,0.038461538461538464,0.038461538461538464,0.1567887931034483,,1.5227500116452575
heterogeneity_entropy,6009,10,joint_dirichlet_0.3,B0,3,9,3675,919,True,True,0.7780195865070729,0.5459662107180222,0.12197295714394846,0.1277533039647577,,0.8635761758040285,"equalized_odds_gap,false_positive_rate_gap",1.6101250075735152
heterogeneity_entropy,6009,10,joint_dirichlet_0.3,B0,4,0,4677,1170,True,True,0.994017094017094,0.4984997856836691,0.0,0.0,0.0,0.001762404802952866,,1.9219999958295375
heterogeneity_entropy,6009,10,joint_dirichlet_0.3,B0,4,1,1036,260,True,True,0.676923076923077,0.5894736842105264,0.2028985507246377,,,0.6086956521739131,"equal_opportunity_gap,equalized_odds_gap",0.9283749968744814
heterogeneity_entropy,6009,10,joint_dirichlet_0.3,B0,4,2,286,72,True,False,0.6527777777777778,0.5737627279185413,,,,,"comparison_groups,subgroup_accuracy_gap",0.6743329868186265
heterogeneity_entropy,6009,10,joint_dirichlet_0.3,B0,4,3,2196,549,True,False,0.8032786885245902,0.5921472595201409,0.307540575146209,0.23636252694951798,0.23636252694951798,0.19060802159393708,,1.252291986020282
heterogeneity_entropy,6009,10,joint_dirichlet_0.3,B0,4,4,634,159,True,False,0.6037735849056604,0.5960398435294592,0.10552682611506142,0.009615384615384637,0.04914529914529915,0.15271493212669685,,0.8449169981759042
heterogeneity_entropy,6009,10,joint_dirichlet_0.3,B0,4,5,350,88,True,True,0.6818181818181818,0.5621890547263682,0.09285714285714285,0.17948717948717946,0.17948717948717946,0.6857142857142857,,0.7169999880716205
heterogeneity_entropy,6009,10,joint_dirichlet_0.3,B0,4,6,3017,755,True,False,0.9920529801324504,0.49800531914893614,,,,,"comparison_groups,subgroup_accuracy_gap",1.4419580111280084
heterogeneity_entropy,6009,10,joint_dirichlet_0.3,B0,4,7,1224,307,True,True,0.7263843648208469,0.5703718512594962,0.08264462809917356,0.18811881188118812,0.18811881188118812,0.3275905912269549,,0.9695829940028489
heterogeneity_entropy,6009,10,joint_dirichlet_0.3,B0,4,8,3410,853,True,True,0.8511137162954279,0.5026421747094985,0.009655172413793104,0.046153846153846156,0.046153846153846156,0.1567887931034483,,1.5406660095322877
heterogeneity_entropy,6009,10,joint_dirichlet_0.3,B0,4,9,3675,919,True,True,0.779107725788901,0.5496239966201943,0.1263782434875608,0.13215859030837004,,0.8591708894604161,"equalized_odds_gap,false_positive_rate_gap",1.6494999872520566
heterogeneity_entropy,6009,10,joint_dirichlet_0.3,B0,5,0,4677,1170,True,True,0.9931623931623932,0.49828473413379076,0.002421307506053269,0.0,0.0024330900243309003,0.000658902703100317,,1.8990419921465218
heterogeneity_entropy,6009,10,joint_dirichlet_0.3,B0,5,1,1036,260,True,True,0.6615384615384615,0.5618872549019608,0.17391304347826086,,,0.6376811594202898,"equal_opportunity_gap,equalized_odds_gap",0.9174160077236593
heterogeneity_entropy,6009,10,joint_dirichlet_0.3,B0,5,2,286,72,True,False,0.6388888888888888,0.55,,,,,"comparison_groups,subgroup_accuracy_gap",0.6704170082230121
heterogeneity_entropy,6009,10,joint_dirichlet_0.3,B0,5,3,2196,549,True,True,0.6575591985428051,0.4926461913563255,0.2485552133439457,0.18486352357320102,0.18486352357320102,0.11753815274942037,,1.2525840138550848
heterogeneity_entropy,6009,10,joint_dirichlet_0.3,B0,5,4,634,159,True,False,0.5660377358490566,0.5521492427644201,0.06528765352294763,0.03605769230769229,0.04914529914529915,0.19295410471881064,,0.9142920025624335
heterogeneity_entropy,6009,10,joint_dirichlet_0.3,B0,5,5,350,88,True,True,0.6931818181818182,0.5845427522294107,0.07619047619047618,0.29059829059829057,0.29059829059829057,0.7023809523809523,,0.7514579920098186
heterogeneity_entropy,6009,10,joint_dirichlet_0.3,B0,5,6,3017,755,True,False,0.9920529801324504,0.49800531914893614,,,,,"comparison_groups,subgroup_accuracy_gap",1.4592919906135648
heterogeneity_entropy,6009,10,joint_dirichlet_0.3,B0,5,7,1224,307,True,True,0.7263843648208469,0.5703718512594962,0.08264462809917356,0.18811881188118812,0.18811881188118812,0.3275905912269549,,0.9752500045578927
heterogeneity_entropy,6009,10,joint_dirichlet_0.3,B0,5,8,3410,853,True,True,0.8522860492379836,0.5097701149425288,0.011034482758620689,0.05384615384615385,0.05384615384615385,0.15540948275862065,,1.5572499833069742
heterogeneity_entropy,6009,10,joint_dirichlet_0.3,B0,5,9,3675,919,True,True,0.780195865070729,0.553256516884217,0.13078352983117314,0.13656387665198239,,0.8547656031168038,"equalized_odds_gap,false_positive_rate_gap",1.636000000871718
heterogeneity_entropy,6010,10,iid,B0,1,0,2051,513,True,True,0.7719298245614035,0.501010101010101,0.019912503038088954,0.026190476190476195,0.026190476190476195,0.16796291795423768,,1.520207995781675
heterogeneity_entropy,6010,10,iid,B0,1,1,2051,513,True,True,0.7582846003898636,0.4871654305062883,0.026627218934911243,0.07407407407407407,0.07407407407407407,0.1673879966187658,,1.328750018728897
heterogeneity_entropy,6010,10,iid,B0,1,2,2051,513,True,True,0.7738791423001949,0.5202515317639471,0.031151722692012024,0.11009174311926606,0.11009174311926606,0.1710461947026347,,1.238583994563669
heterogeneity_entropy,6010,10,iid,B0,1,3,2051,513,True,True,0.7660818713450293,0.46443485523385303,0.00010289830217801409,0.0380952380952381,0.0380952380952381,0.18269593551706387,,1.2274999753572047
heterogeneity_entropy,6010,10,iid,B0,1,4,2051,513,True,True,0.7543859649122807,0.4788939051918736,0.020134575569358177,0.061946902654867256,0.061946902654867256,0.20590062111801244,,1.221915998030454
heterogeneity_entropy,6010,10,iid,B0,1,5,2051,513,True,True,0.7680311890838206,0.4924803591470258,0.013675183512140034,0.0005630630630630573,0.0005630630630630573,0.20228684359119142,,1.2191669957246631
heterogeneity_entropy,6010,10,iid,B0,1,6,2051,513,True,True,0.7777777777777778,0.5168374091209518,0.019323502690614298,0.047087378640776695,0.047087378640776695,0.14738975469983928,,1.2030409998260438
heterogeneity_entropy,6010,10,iid,B0,1,7,2050,513,True,True,0.7621832358674464,0.495436955820703,0.01980146290491118,0.025775447793796424,0.025775447793796424,0.17189132706374088,,1.2939580192323774
heterogeneity_entropy,6010,10,iid,B0,1,8,2050,513,True,True,0.7777777777777778,0.5395408163265306,0.04398826979472141,0.13513513513513514,0.13513513513513514,0.17687376389551934,,1.2537080037873238
heterogeneity_entropy,6010,10,iid,B0,1,9,2050,513,True,True,0.7621832358674464,0.5236986301369864,0.0269694062466688,0.12280701754385964,0.12280701754385964,0.14412109583200083,,1.2074169935658574
heterogeneity_entropy,6010,10,iid,B0,2,0,2051,513,True,True,0.7719298245614035,0.501010101010101,0.019912503038088954,0.026190476190476195,0.026190476190476195,0.16796291795423768,,1.2287499848753214
heterogeneity_entropy,6010,10,iid,B0,2,1,2051,513,True,True,0.7602339181286549,0.4943382618103137,0.029585798816568046,0.08333333333333333,0.08333333333333333,0.16442941673710898,,1.282125012949109
heterogeneity_entropy,6010,10,iid,B0,2,2,2051,513,True,True,0.7738791423001949,0.5314625850340137,0.04261304074358795,0.12844036697247707,0.12844036697247707,0.1710461947026347,,1.408375013852492
heterogeneity_entropy,6010,10,iid,B0,2,3,2051,513,True,True,0.7660818713450293,0.47149725274725274,0.00572800548790945,0.047619047619047616,0.047619047619047616,0.18269593551706387,,1.2375419901218265
heterogeneity_entropy,6010,10,iid,B0,2,4,2051,513,True,True,0.7582846003898636,0.49324453508380606,0.02593167701863354,0.07964601769911504,0.07964601769911504,0.20010351966873707,,1.1709580139722675
heterogeneity_entropy,6010,10,iid,B0,2,5,2051,513,True,True,0.7719298245614035,0.5071884262642352,0.010304912478825524,0.05292792792792793,0.05292792792792793,0.20565711462450587,,1.1698750022333115
heterogeneity_entropy,6010,10,iid,B0,2,6,2051,513,True,True,0.7758284600389863,0.5156125557298038,0.022188832203508282,0.047087378640776695,0.047087378640776695,0.15025508421273326,,1.181375002488494
heterogeneity_entropy,6010,10,iid,B0,2,7,2050,513,True,True,0.7602339181286549,0.5002811458077596,0.028422152560083593,0.03494975972040193,0.03494975972040193,0.1747648902821317,,1.2346669973339885
heterogeneity_entropy,6010,10,iid,B0,2,8,2050,513,True,True,0.7816764132553606,0.5528019925280199,0.04985337243401759,0.15315315315315314,0.15315315315315314,0.17100866125622316,,1.533999980892986
heterogeneity_entropy,6010,10,iid,B0,2,9,2050,513,True,True,0.7641325536062378,0.5249745548047416,0.03325871442276943,0.12280701754385964,0.12280701754385964,0.15041040400810146,,1.3181660033296794
heterogeneity_entropy,6010,10,iid,B0,3,0,2051,513,True,True,0.7738791423001949,0.5083608724388632,0.022794347418492414,0.03571428571428571,0.03571428571428571,0.16508107357383428,,1.2773339985869825
heterogeneity_entropy,6010,10,iid,B0,3,1,2051,513,True,True,0.7621832358674464,0.5072278911564626,0.038461538461538464,0.10185185185185185,0.10185185185185185,0.16147083685545227,,1.2117500009480864
heterogeneity_entropy,6010,10,iid,B0,3,2,2051,513,True,True,0.7758284600389863,0.538181533523817,0.04547837025648194,0.13761467889908258,0.13761467889908258,0.16818086518974074,,1.2034169922117144
heterogeneity_entropy,6010,10,iid,B0,3,3,2051,513,True,True,0.7660818713450293,0.4783404514948139,0.011558909277996913,0.05714285714285714,0.05714285714285714,0.18269593551706387,,1.175332989078015
heterogeneity_entropy,6010,10,iid,B0,3,4,2051,513,True,True,0.7641325536062378,0.5140866570120162,0.03462732919254658,0.10619469026548672,0.10619469026548672,0.19140786749482408,,1.1891250032931566
heterogeneity_entropy,6010,10,iid,B0,3,5,2051,513,True,True,0.7719298245614035,0.5071884262642352,0.010304912478825524,0.05292792792792793,0.05292792792792793,0.20565711462450587,,1.176040997961536
heterogeneity_entropy,6010,10,iid,B0,3,6,2051,513,True,True,0.7777777777777778,0.5227673325499412,0.025054161716402266,0.05679611650485436,0.05679611650485436,0.14738975469983928,,1.162959000794217
heterogeneity_entropy,6010,10,iid,B0,3,7,2050,513,True,True,0.7641325536062378,0.5196071602702514,0.039916405433646815,0.062472695500218445,0.062472695500218445,0.16901776384535006,,1.1891670001205057
heterogeneity_entropy,6010,10,iid,B0,3,8,2050,513,True,True,0.7816764132553606,0.5578403004371114,0.046971970265293594,0.16216216216216217,0.16216216216216217,0.16226215644820297,,1.248042011866346
heterogeneity_entropy,6010,10,iid,B0,3,9,2050,513,True,True,0.7641325536062378,0.5301948912015138,0.029794265003730943,0.13157894736842105,0.13157894736842105,0.14129623707493877,,1.215791009599343
heterogeneity_entropy,6010,10,iid,B0,4,0,2051,513,True,True,0.7738791423001949,0.5083608724388632,0.022794347418492414,0.03571428571428571,0.03571428571428571,0.16508107357383428,,1.2161250051576644
heterogeneity_entropy,6010,10,iid,B0,4,1,2051,513,True,True,0.7621832358674464,0.5072278911564626,0.038461538461538464,0.10185185185185185,0.10185185185185185,0.16147083685545227,,1.1591659858822823
heterogeneity_entropy,6010,10,iid,B0,4,2,2051,513,True,True,0.7777777777777778,0.5448163138231632,0.04834369976937592,0.14678899082568808,0.14678899082568808,0.16531553567684676,,1.2081669992767274
heterogeneity_entropy,6010,10,iid,B0,4,3,2051,513,True,True,0.7738791423001949,0.5083608724388632,0.02322071685817184,0.09523809523809523,0.09523809523809523,0.171034127936889,,1.2174999865237623
heterogeneity_entropy,6010,10,iid,B0,4,4,2051,513,True,True,0.7719298245614035,0.5406778753070642,0.046221532091097306,0.1415929203539823,0.1415929203539823,0.17981366459627335,,1.264000020455569
heterogeneity_entropy,6010,10,iid,B0,4,5,2051,513,True,True,0.7738791423001949,0.5143948296122209,0.013145821569734616,0.043918918918918914,0.043918918918918914,0.2028162055335968,,1.2155419972259551
heterogeneity_entropy,6010,10,iid,B0,4,6,2051,513,True,True,0.7797270955165692,0.5298273219079753,0.02791949122929625,0.06650485436893204,0.06650485436893204,0.1445244251869453,,1.2015420070383698
heterogeneity_entropy,6010,10,iid,B0,4,7,2050,513,True,True,0.7641325536062378,0.5249745548047416,0.045663531870428424,0.07164700742682395,0.07164700742682395,0.16901776384535006,,1.1990409984719008
heterogeneity_entropy,6010,10,iid,B0,4,8,2050,513,True,True,0.783625730994152,0.5642328560605481,0.049904521584941686,0.17117117117117117,0.17117117117117117,0.15932960512855487,,1.1931249755434692
heterogeneity_entropy,6010,10,iid,B0,4,9,2050,513,True,True,0.7641325536062378,0.5301948912015138,0.029794265003730943,0.13157894736842105,0.13157894736842105,0.14129623707493877,,1.2069160002283752
heterogeneity_entropy,6010,10,iid,B0,5,0,2051,513,True,True,0.7738791423001949,0.5083608724388632,0.022794347418492414,0.03571428571428571,0.03571428571428571,0.16508107357383428,,1.1887500004377216
heterogeneity_entropy,6010,10,iid,B0,5,1,2051,513,True,True,0.7641325536062378,0.5140866570120162,0.04142011834319527,0.1111111111111111,0.1111111111111111,0.15851225697379545,,1.1884999985340983
heterogeneity_entropy,6010,10,iid,B0,5,2,2051,513,True,True,0.7816764132553606,0.5627397260273973,0.05084212733244811,0.10631408526713439,0.10631408526713439,0.16854776713956254,,1.1722499912139028
heterogeneity_entropy,6010,10,iid,B0,5,3,2051,513,True,True,0.7738791423001949,0.5083608724388632,0.02322071685817184,0.09523809523809523,0.09523809523809523,0.171034127936889,,1.4807080151513219
heterogeneity_entropy,6010,10,iid,B0,5,4,2051,513,True,True,0.7738791423001949,0.5520594965675057,0.054917184265010355,0.1592920353982301,0.1592920353982301,0.1769151138716356,,1.4654590049758554
heterogeneity_entropy,6010,10,iid,B0,5,5,2051,513,True,True,0.783625730994152,0.5490342047533441,0.018298277809147376,0.07038288288288289,0.07038288288288289,0.19766374929418407,,1.2069169897586107
heterogeneity_entropy,6010,10,iid,B0,5,6,2051,513,True,True,0.783625730994152,0.5436711143166246,0.024687259766580472,0.026213592233009703,0.026213592233009703,0.1477566566496611,,1.222374994540587
heterogeneity_entropy,6010,10,iid,B0,5,7,2050,513,True,True,0.7621832358674464,0.5236986301369864,0.04853709508881923,0.07164700742682395,0.07164700742682395,0.17189132706374088,,1.2064579932484776
heterogeneity_entropy,6010,10,iid,B0,5,8,2050,513,True,True,0.7855750487329435,0.575228832951945,0.05870217554388597,0.1891891891891892,0.1891891891891892,0.15639705380890678,,1.1987500183749944
heterogeneity_entropy,6010,10,iid,B0,5,9,2050,513,True,True,0.7680311890838206,0.5429553264604812,0.035443982517855244,0.14912280701754385,0.14912280701754385,0.13564651956081442,,1.1924590216949582
heterogeneity_entropy,6010,10,joint_dirichlet_1.0,B0,1,0,2892,723,True,True,0.8672199170124482,0.46444444444444444,0.0,0.0,0.0,0.04223941232121986,,1.6644579882267863
heterogeneity_entropy,6010,10,joint_dirichlet_1.0,B0,1,1,1425,357,True,True,0.9159663865546218,0.5092558651026393,0.0028901734104046506,0.0,0.040000000000000036,0.4760903836048345,,1.1527500173542649
heterogeneity_entropy,6010,10,joint_dirichlet_1.0,B0,1,2,2149,538,True,True,0.7862453531598513,0.5002221414435155,0.022912270123605666,0.04251700680272109,0.04251700680272109,0.15922305008828974,,1.3170829915907234
heterogeneity_entropy,6010,10,joint_dirichlet_1.0,B0,1,3,3732,934,True,True,0.9229122055674518,0.4799554565701559,0.0,0.0,0.0,0.29891963109354414,,1.7407919804099947
heterogeneity_entropy,6010,10,joint_dirichlet_1.0,B0,1,4,1684,421,True,True,0.9714964370546318,0.4927710843373494,0.0,0.0,0.0,0.04172203765227023,,1.1492919875308871
heterogeneity_entropy,6010,10,joint_dirichlet_1.0,B0,1,5,674,169,True,True,0.8875739644970414,0.4702194357366771,0.0,0.0,0.0,0.02907452907452901,,0.8949580078478903
heterogeneity_entropy,6010,10,joint_dirichlet_1.0,B0,1,6,1857,465,True,False,0.7784946236559139,0.7352126536231003,0.3357926221335992,0.5272727272727272,0.5272727272727272,0.2935194416749751,,1.2166670057922602
heterogeneity_entropy,6010,10,joint_dirichlet_1.0,B0,1,7,3343,836,True,True,0.8516746411483254,0.46783301505164376,0.001256281407035176,0.011363636363636364,0.011363636363636364,0.8157035175879398,,1.5608329849783331
heterogeneity_entropy,6010,10,joint_dirichlet_1.0,B0,1,8,1161,291,True,False,0.711340206185567,0.6407407407407407,,,,,"comparison_groups,subgroup_accuracy_gap",0.9772909979801625
heterogeneity_entropy,6010,10,joint_dirichlet_1.0,B0,1,9,1588,398,True,True,0.7613065326633166,0.7441726716059407,0.011015490533562822,0.14353741496598638,0.14353741496598638,0.1246509848919487,,1.0940000065602362
heterogeneity_entropy,6010,10,joint_dirichlet_1.0,B0,2,0,2892,723,True,True,0.8672199170124482,0.4745957730273118,0.01680672268907563,0.05,0.05,0.04223941232121986,,1.4300409820862114
heterogeneity_entropy,6010,10,joint_dirichlet_1.0,B0,2,1,1425,357,True,True,0.9243697478991597,0.6338461538461538,0.07067787703625861,0.19688473520249217,0.24,0.5785601681555439,,1.0238329996354878
heterogeneity_entropy,6010,10,joint_dirichlet_1.0,B0,2,2,2149,538,True,True,0.7862453531598513,0.5002221414435155,0.022912270123605666,0.04251700680272109,0.04251700680272109,0.15922305008828974,,1.2390839983709157
heterogeneity_entropy,6010,10,joint_dirichlet_1.0,B0,2,3,3732,934,True,True,0.9261241970021413,0.5207585052983826,0.0030792396009787313,0.10714285714285715,0.10714285714285715,0.29584039149256536,,1.6294579836539924
heterogeneity_entropy,6010,10,joint_dirichlet_1.0,B0,2,4,1684,421,True,True,0.9714964370546318,0.4927710843373494,0.0,0.0,0.0,0.04172203765227023,,1.0893750004470348
heterogeneity_entropy,6010,10,joint_dirichlet_1.0,B0,2,5,674,169,True,True,0.893491124260355,0.5216981132075472,0.007575757575757576,0.07142857142857142,0.07142857142857142,0.03665028665028658,,0.8422500104643404
heterogeneity_entropy,6010,10,joint_dirichlet_1.0,B0,2,6,1857,465,True,True,0.7290322580645161,0.6272331653687586,0.1678963110667996,0.2909090909090909,0.2909090909090909,0.3900299102691924,,1.1407499841880053
heterogeneity_entropy,6010,10,joint_dirichlet_1.0,B0,2,7,3343,836,True,True,0.8504784688995215,0.4749983672198024,0.021231155778894475,0.015663390663390665,0.015663390663390665,0.7881909547738694,,1.4960840053390712
heterogeneity_entropy,6010,10,joint_dirichlet_1.0,B0,2,8,1161,291,True,False,0.7491408934707904,0.7464460915959465,,,,,"comparison_groups,subgroup_accuracy_gap",0.9409159829374403
heterogeneity_entropy,6010,10,joint_dirichlet_1.0,B0,2,9,1588,398,True,True,0.6758793969849246,0.5936943567341706,0.008720596672403907,0.08758503401360546,0.08758503401360546,0.19938802830369096,,1.074708008673042
heterogeneity_entropy,6010,10,joint_dirichlet_1.0,B0,3,0,2892,723,True,True,0.8658367911479945,0.48374250064411645,0.011839835271857085,0.0368421052631579,0.0368421052631579,0.04058378318214695,,1.428291026968509
heterogeneity_entropy,6010,10,joint_dirichlet_1.0,B0,3,1,1425,357,True,False,0.927170868347339,0.776875,0.7488176563321072,0.5657320872274143,0.5657320872274143,0.2062532842879663,,1.0456250165589154
heterogeneity_entropy,6010,10,joint_dirichlet_1.0,B0,3,2,2149,538,True,True,0.7881040892193308,0.5078004622496148,0.019797005326097877,0.022108843537414963,0.022108843537414963,0.16233831488579753,,1.2457499979063869
heterogeneity_entropy,6010,10,joint_dirichlet_1.0,B0,3,3,3732,934,True,True,0.9271948608137045,0.5336583646616542,0.008793525315264446,0.08928571428571429,0.08928571428571429,0.2901261057782797,,1.6298329865094274
heterogeneity_entropy,6010,10,joint_dirichlet_1.0,B0,3,4,1684,421,True,True,0.9714964370546318,0.4927710843373494,0.0,0.0,0.0,0.04172203765227023,,1.090875011868775
heterogeneity_entropy,6010,10,joint_dirichlet_1.0,B0,3,5,674,169,True,True,0.893491124260355,0.5216981132075472,0.007575757575757576,0.07142857142857142,0.07142857142857142,0.03665028665028658,,0.8393329917453229
heterogeneity_entropy,6010,10,joint_dirichlet_1.0,B0,3,6,1857,465,True,True,0.7182795698924731,0.5957568236566704,0.13310069790628115,0.23636363636363636,0.23636363636363636,0.41625124626121635,,1.13516699639149
heterogeneity_entropy,6010,10,joint_dirichlet_1.0,B0,3,7,3343,836,True,True,0.8528708133971292,0.4906252012423776,0.0449748743718593,0.03132678132678133,0.03132678132678133,0.7644472361809045,,1.499958976637572
heterogeneity_entropy,6010,10,joint_dirichlet_1.0,B0,3,8,1161,291,True,False,0.6804123711340206,0.6800345231198496,,,,,"comparison_groups,subgroup_accuracy_gap",0.955166993662715
heterogeneity_entropy,6010,10,joint_dirichlet_1.0,B0,3,9,1588,398,True,True,0.6582914572864321,0.5601495205590769,0.023599158538917586,0.10714285714285715,0.10714285714285715,0.20761139797284373,,1.0597500076983124
heterogeneity_entropy,6010,10,joint_dirichlet_1.0,B0,4,0,2892,723,True,True,0.8672199170124482,0.49369747899159666,0.01018420613278424,0.023684210526315794,0.023684210526315794,0.04223941232121986,,1.4192499802447855
heterogeneity_entropy,6010,10,joint_dirichlet_1.0,B0,4,1,1425,357,True,False,0.8123249299719888,0.6477993903965368,0.6071991592222805,0.4255451713395638,0.4255451713395638,0.08775617446137673,,1.0248330072499812
heterogeneity_entropy,6010,10,joint_dirichlet_1.0,B0,4,2,2149,538,True,True,0.7899628252788105,0.515272805555777,0.024405300256973454,0.03599773242630386,0.03599773242630386,0.15773001995492197,,1.2179589830338955
heterogeneity_entropy,6010,10,joint_dirichlet_1.0,B0,4,3,3732,934,True,True,0.9271948608137045,0.5451081506947428,0.020222096743835873,0.07142857142857142,0.07142857142857142,0.2901261057782797,,1.65350001771003
heterogeneity_entropy,6010,10,joint_dirichlet_1.0,B0,4,4,1684,421,True,True,0.9714964370546318,0.4927710843373494,0.0,0.0,0.0,0.04172203765227023,,1.0877920140046626
heterogeneity_entropy,6010,10,joint_dirichlet_1.0,B0,4,5,674,169,True,True,0.893491124260355,0.5216981132075472,0.007575757575757576,0.07142857142857142,0.07142857142857142,0.03665028665028658,,0.8690000104252249
heterogeneity_entropy,6010,10,joint_dirichlet_1.0,B0,4,6,1857,465,True,True,0.7118279569892473,0.5822158450893097,0.12293120638085742,0.21818181818181817,0.21818181818181817,0.42642073778664,,1.165541005320847
heterogeneity_entropy,6010,10,joint_dirichlet_1.0,B0,4,7,3343,836,True,True,0.8528708133971292,0.4976329713171818,0.04246231155778895,0.01996314496314497,0.01996314496314497,0.7644472361809045,,1.505374995758757
heterogeneity_entropy,6010,10,joint_dirichlet_1.0,B0,4,8,1161,291,True,False,0.6426116838487973,0.6373657975460123,,,,,"comparison_groups,subgroup_accuracy_gap",0.9370420011691749
heterogeneity_entropy,6010,10,joint_dirichlet_1.0,B0,4,9,1588,398,True,True,0.6507537688442211,0.5433783170319013,0.022948938611589212,0.10255102040816327,0.10255102040816327,0.21331038439472172,,1.050749997375533
heterogeneity_entropy,6010,10,joint_dirichlet_1.0,B0,5,0,2892,723,True,True,0.8672199170124482,0.49369747899159666,0.01018420613278424,0.023684210526315794,0.023684210526315794,0.04223941232121986,,1.4190410147421062
heterogeneity_entropy,6010,10,joint_dirichlet_1.0,B0,5,1,1425,357,True,False,0.7030812324929971,0.5570097396516202,0.4944823962165003,0.30404984423676007,0.32,0.02496058854440364,,1.024666999001056
heterogeneity_entropy,6010,10,joint_dirichlet_1.0,B0,5,2,2149,538,True,True,0.7936802973977695,0.529909080174755,0.03362189011872461,0.06377551020408163,0.06377551020408163,0.14851343009317086,,1.2264159740880132
heterogeneity_entropy,6010,10,joint_dirichlet_1.0,B0,5,3,3732,934,True,True,0.9250535331905781,0.5429250559284116,0.017587050630528893,0.07142857142857142,0.07142857142857142,0.2874910596649728,,1.6387080249842256
heterogeneity_entropy,6010,10,joint_dirichlet_1.0,B0,5,4,1684,421,True,True,0.9714964370546318,0.4927710843373494,0.0,0.0,0.0,0.04172203765227023,,1.084417017409578
heterogeneity_entropy,6010,10,joint_dirichlet_1.0,B0,5,5,674,169,True,True,0.893491124260355,0.5216981132075472,0.007575757575757576,0.07142857142857142,0.07142857142857142,0.03665028665028658,,0.8196669805329293
heterogeneity_entropy,6010,10,joint_dirichlet_1.0,B0,5,6,1857,465,True,True,0.7075268817204301,0.5730027548209367,0.11615154536390829,0.20606060606060606,0.20606060606060606,0.4332003988035892,,1.1415419867262244
heterogeneity_entropy,6010,10,joint_dirichlet_1.0,B0,5,7,3343,836,True,True,0.854066985645933,0.5051142208334142,0.041206030150753775,0.008599508599508601,0.008599508599508601,0.7657035175879398,,1.4913750055711716
heterogeneity_entropy,6010,10,joint_dirichlet_1.0,B0,5,8,1161,291,True,False,0.6288659793814433,0.6197735191637631,,,,,"comparison_groups,subgroup_accuracy_gap",0.929166009882465
heterogeneity_entropy,6010,10,joint_dirichlet_1.0,B0,5,9,1588,398,True,True,0.6482412060301508,0.5386195018547959,0.01977433543698605,0.09421768707482994,0.09421768707482994,0.21013578122011856,,1.0544999968260527
heterogeneity_entropy,6010,10,joint_dirichlet_0.3,B0,1,0,550,138,True,False,0.7463768115942029,0.734659122122727,0.42631910868194234,0.6271186440677966,0.6271186440677966,0.17426949758250998,,0.9362919954583049
heterogeneity_entropy,6010,10,joint_dirichlet_0.3,B0,1,1,3708,927,True,True,0.9881337648327939,0.5739355701332888,0.07142857142857142,,,0.7857142857142857,"equal_opportunity_gap,equalized_odds_gap",1.7607089830562472
heterogeneity_entropy,6010,10,joint_dirichlet_0.3,B0,1,2,2854,714,True,False,0.7366946778711485,0.6985447358965146,0.5489554492826579,,,0.013088346337779999,"equal_opportunity_gap,equalized_odds_gap",1.470541988965124
heterogeneity_entropy,6010,10,joint_dirichlet_0.3,B0,1,3,3996,1000,True,True,0.95,0.48717948717948717,0.0,0.0,0.0,0.710852259721763,,1.712750003207475
heterogeneity_entropy,6010,10,joint_dirichlet_0.3,B0,1,4,960,241,True,False,0.7468879668049793,0.7313266443701226,0.2835005574136009,0.01911995809324263,,0.2322185061315497,"equalized_odds_gap,false_positive_rate_gap",0.8893749909475446
heterogeneity_entropy,6010,10,joint_dirichlet_0.3,B0,1,5,3676,919,True,True,0.9390642002176278,0.48428731762065097,0.0,0.0,0.0,0.2719204682201072,,1.6679579857736826
heterogeneity_entropy,6010,10,joint_dirichlet_0.3,B0,1,6,513,129,True,False,0.8294573643410853,0.8282082324455207,0.49417721518987345,0.08720930232558144,0.14285714285714285,0.015443037974683604,,0.8219589944928885
heterogeneity_entropy,6010,10,joint_dirichlet_0.3,B0,1,7,2575,644,True,False,0.8540372670807453,0.8461288190737635,0.6761542957334892,,,0.2927722579388271,"equal_opportunity_gap,equalized_odds_gap",1.4287499943748116
heterogeneity_entropy,6010,10,joint_dirichlet_0.3,B0,1,8,539,135,True,True,0.9851851851851852,0.4962686567164179,0.0,0.0,0.0,0.018571428571428572,,0.8337500039488077
heterogeneity_entropy,6010,10,joint_dirichlet_0.3,B0,1,9,1135,284,True,False,0.7570422535211268,0.7249568402880121,0.33906882591093124,0.0331125827814569,0.14194577352472088,0.20723684210526316,,0.9651249856688082
heterogeneity_entropy,6010,10,joint_dirichlet_0.3,B0,2,0,550,138,True,True,0.6521739130434783,0.5836057329645461,0.197393315114568,0.288135593220339,0.288135593220339,0.5423586293882698,,0.7977920176927
heterogeneity_entropy,6010,10,joint_dirichlet_0.3,B0,2,1,3708,927,True,True,0.9881337648327939,0.5739355701332888,0.07142857142857142,,,0.7857142857142857,"equal_opportunity_gap,equalized_odds_gap",1.6434589924756438
heterogeneity_entropy,6010,10,joint_dirichlet_0.3,B0,2,2,2854,714,True,False,0.7184873949579832,0.717884754878545,0.41751824817518246,,,0.2934306569343066,"equal_opportunity_gap,equalized_odds_gap",1.4088749885559082
heterogeneity_entropy,6010,10,joint_dirichlet_0.3,B0,2,3,3996,1000,True,True,0.95,0.48717948717948717,0.0,0.0,0.0,0.710852259721763,,1.6500420169904828
heterogeneity_entropy,6010,10,joint_dirichlet_0.3,B0,2,4,960,241,True,True,0.6763485477178424,0.6635524054982818,0.12341137123745816,0.12441068622315349,,0.3791527313266444,"equalized_odds_gap,false_positive_rate_gap",0.8543749863747507
heterogeneity_entropy,6010,10,joint_dirichlet_0.3,B0,2,5,3676,919,True,True,0.940152339499456,0.5021030960331767,0.0012033694344163659,0.034482758620689655,0.034482758620689655,0.2731238376545235,,1.6098329797387123
heterogeneity_entropy,6010,10,joint_dirichlet_0.3,B0,2,6,513,129,True,True,0.689922480620155,0.6469622331691297,0.20607594936708862,0.0029069767441860517,0.047619047619047616,0.37544303797468354,,0.7787080248817801
heterogeneity_entropy,6010,10,joint_dirichlet_0.3,B0,2,7,2575,644,True,False,0.8400621118012422,0.8398918644926925,0.6999805182154686,,,0.22822910578609001,"equal_opportunity_gap,equalized_odds_gap",1.360207999823615
heterogeneity_entropy,6010,10,joint_dirichlet_0.3,B0,2,8,539,135,True,True,0.9925925925925926,0.8314606741573034,0.02857142857142857,1.0,1.0,0.010000000000000009,,0.7573329785373062
heterogeneity_entropy,6010,10,joint_dirichlet_0.3,B0,2,9,1135,284,True,False,0.795774647887324,0.7957341269841269,0.39245951417004055,0.011258278145695355,0.042264752791068574,0.17105263157894735,,0.9290419984608889
heterogeneity_entropy,6010,10,joint_dirichlet_0.3,B0,3,0,550,138,True,True,0.6231884057971014,0.5278947368421052,0.13685095648517973,0.2033898305084746,0.2033898305084746,0.6310700021021652,,0.7789999945089221
heterogeneity_entropy,6010,10,joint_dirichlet_0.3,B0,3,1,3708,927,True,True,0.9881337648327939,0.5739355701332888,0.07142857142857142,,,0.7857142857142857,"equal_opportunity_gap,equalized_odds_gap",1.6249170002993196
heterogeneity_entropy,6010,10,joint_dirichlet_0.3,B0,3,2,2854,714,True,True,0.6512605042016807,0.6394926544392736,0.2773722627737226,,,0.36350364963503645,"equal_opportunity_gap,equalized_odds_gap",1.451499992981553
heterogeneity_entropy,6010,10,joint_dirichlet_0.3,B0,3,3,3996,1000,True,True,0.95,0.48717948717948717,0.0,0.0,0.0,0.710852259721763,,1.670083001954481
heterogeneity_entropy,6010,10,joint_dirichlet_0.3,B0,3,4,960,241,True,True,0.6307053941908713,0.6007631456491391,0.059643255295429215,0.1464117338920901,,0.48394648829431436,"equalized_odds_gap,false_positive_rate_gap",0.8518329996149987
heterogeneity_entropy,6010,10,joint_dirichlet_0.3,B0,3,5,3676,919,True,True,0.941240478781284,0.5193142192948469,0.0024067388688327317,0.06896551724137931,0.06896551724137931,0.2743272070889399,,1.584291981998831
heterogeneity_entropy,6010,10,joint_dirichlet_0.3,B0,3,6,513,129,True,True,0.6589147286821705,0.5896471949103528,0.14405063291139242,0.0566860465116279,0.0566860465116279,0.4881012658227848,,0.7562079990748316
heterogeneity_entropy,6010,10,joint_dirichlet_0.3,B0,3,7,2575,644,True,False,0.7220496894409938,0.7135395052371308,0.4896551724137931,,,0.4868303136567309,"equal_opportunity_gap,equalized_odds_gap",1.3552499876823276
heterogeneity_entropy,6010,10,joint_dirichlet_0.3,B0,3,8,539,135,True,True,0.9925925925925926,0.8314606741573034,0.02857142857142857,1.0,1.0,0.010000000000000009,,0.758666021283716
heterogeneity_entropy,6010,10,joint_dirichlet_0.3,B0,3,9,1135,284,True,True,0.7077464788732394,0.7008895148908092,0.2768218623481782,0.009933774834437081,0.015151515151515152,0.29124493927125505,,0.9274170151911676
heterogeneity_entropy,6010,10,joint_dirichlet_0.3,B0,4,0,550,138,True,False,0.6086956521739131,0.49264705882352944,0.10615934412444818,0.15254237288135594,0.15254237288135594,0.6899306285474038,,0.7805000059306622
heterogeneity_entropy,6010,10,joint_dirichlet_0.3,B0,4,1,3708,927,True,True,0.9892125134843581,0.640139751552795,0.14285714285714285,,,0.7142857142857143,"equal_opportunity_gap,equalized_odds_gap",1.6238749958574772
heterogeneity_entropy,6010,10,joint_dirichlet_0.3,B0,4,2,2854,714,True,False,0.6078431372549019,0.5842760180995475,0.21751824817518248,,,0.4087591240875912,"equal_opportunity_gap,equalized_odds_gap",1.3945829996373504
heterogeneity_entropy,6010,10,joint_dirichlet_0.3,B0,4,3,3996,1000,True,True,0.95,0.5063970936660875,0.0020855057351407717,0.05,0.05,0.710852259721763,,1.664999988861382
heterogeneity_entropy,6010,10,joint_dirichlet_0.3,B0,4,4,960,241,True,False,0.6058091286307054,0.5647752114817983,0.04693422519509477,0.12964903090623361,,0.506911928651059,"equalized_odds_gap,false_positive_rate_gap",0.861832988448441
heterogeneity_entropy,6010,10,joint_dirichlet_0.3,B0,4,5,3676,919,True,True,0.9423286180631121,0.5359514486333019,0.0036101083032490976,0.10344827586206896,0.10344827586206896,0.2755305765233562,,1.586458005476743
heterogeneity_entropy,6010,10,joint_dirichlet_0.3,B0,4,6,513,129,True,True,0.6511627906976745,0.5701592002961866,0.11670886075949366,0.10319767441860464,0.10319767441860464,0.5407594936708862,,0.7498750055674464
heterogeneity_entropy,6010,10,joint_dirichlet_0.3,B0,4,7,2575,644,True,False,0.6863354037267081,0.6716939228750253,0.42530683810637054,,,0.5580751996882914,"equal_opportunity_gap,equalized_odds_gap",1.3431659899652004
heterogeneity_entropy,6010,10,joint_dirichlet_0.3,B0,4,8,539,135,True,True,0.9925925925925926,0.8314606741573034,0.02857142857142857,1.0,1.0,0.010000000000000009,,0.7613330089952797
heterogeneity_entropy,6010,10,joint_dirichlet_0.3,B0,4,9,1135,284,True,True,0.647887323943662,0.631436877076412,0.21305668016194335,0.01589403973509934,0.01589403973509934,0.3550101214574899,,0.9285839914809912
heterogeneity_entropy,6010,10,joint_dirichlet_0.3,B0,5,0,550,138,True,False,0.6086956521739131,0.49264705882352944,0.10615934412444818,0.15254237288135594,0.15254237288135594,0.6899306285474038,,0.7860000187065452
heterogeneity_entropy,6010,10,joint_dirichlet_0.3,B0,5,1,3708,927,True,True,0.9881337648327939,0.6303425774877651,0.14176185260522609,,,0.7131904240337975,"equal_opportunity_gap,equalized_odds_gap",1.6274169902317226
heterogeneity_entropy,6010,10,joint_dirichlet_0.3,B0,5,2,2854,714,True,False,0.5966386554621849,0.5679455393537001,0.19708029197080293,,,0.4204379562043795,"equal_opportunity_gap,equalized_odds_gap",1.41891700332053
heterogeneity_entropy,6010,10,joint_dirichlet_0.3,B0,5,3,3996,1000,True,True,0.949,0.5057708521091956,0.0031282586027111575,0.05,0.05,0.7098095068541926,,1.6708750044927
heterogeneity_entropy,6010,10,joint_dirichlet_0.3,B0,5,4,960,241,True,False,0.5850622406639004,0.535108024691358,0.01884057971014494,0.1369827134625458,,0.5350055741360089,"equalized_odds_gap,false_positive_rate_gap",0.8602079760748893
heterogeneity_entropy,6010,10,joint_dirichlet_0.3,B0,5,5,3676,919,True,True,0.940152339499456,0.5337048073286161,0.006016847172081829,0.10344827586206896,0.10344827586206896,0.2731238376545235,,1.5750419988762587
heterogeneity_entropy,6010,10,joint_dirichlet_0.3,B0,5,6,513,129,True,True,0.6434108527131783,0.556899641577061,0.09670886075949367,0.12645348837209303,0.12645348837209303,0.5607594936708862,,0.7476659957319498
heterogeneity_entropy,6010,10,joint_dirichlet_0.3,B0,5,7,2575,644,True,False,0.6583850931677019,0.6376655925528105,0.37445938047925187,,,0.6089226573154101,"equal_opportunity_gap,equalized_odds_gap",1.3835830031894147
heterogeneity_entropy,6010,10,joint_dirichlet_0.3,B0,5,8,539,135,True,True,0.9925925925925926,0.8314606741573034,0.02857142857142857,1.0,1.0,0.010000000000000009,,0.7609160093124956
heterogeneity_entropy,6010,10,joint_dirichlet_0.3,B0,5,9,1135,284,True,True,0.6408450704225352,0.6228714263396344,0.2034412955465587,0.029139072847682135,0.029139072847682135,0.3646255060728746,,0.9282910032197833
