scenario_id,seed,client_count,partition,policy_profile,attack_type,method,round,client_id,malicious_client,train_samples,evaluation_samples,valid_update,approved,accuracy,macro_f1,demographic_parity_gap,equal_opportunity_gap,equalized_odds_gap,subgroup_accuracy_gap,undefined_metrics,runtime_ms
adversarial,10001,10,joint_dirichlet_0.3,submitted,none,B0,1,0,False,2882,721,True,True,0.9625520110957004,0.49045936395759715,0.0,0.0,0.0,0.0752382295780829,,2.7508749917615205
adversarial,10001,10,joint_dirichlet_0.3,submitted,none,B0,1,1,False,889,223,True,True,0.9955156950672646,0.49887640449438203,0.0,,,0.008547008547008517,"equal_opportunity_gap,equalized_odds_gap",1.7286670044995844
adversarial,10001,10,joint_dirichlet_0.3,submitted,none,B0,1,2,False,605,152,True,True,0.9144736842105263,0.47766323024054985,0.0,0.0,0.0,0.6577464788732394,,1.4070830075070262
adversarial,10001,10,joint_dirichlet_0.3,submitted,none,B0,1,3,False,1432,358,True,False,0.9413407821229051,0.4848920863309353,,,,,"comparison_groups,subgroup_accuracy_gap",1.3371669920161366
adversarial,10001,10,joint_dirichlet_0.3,submitted,none,B0,1,4,False,1224,307,True,False,0.8241042345276873,0.815307486631016,0.6391903531438415,0.024539877300613466,0.4568822553897181,0.2545650301464255,,1.3176249922253191
adversarial,10001,10,joint_dirichlet_0.3,submitted,none,B0,1,5,False,1093,274,False,False,,,,,,,,0.02937499084509909
adversarial,10001,10,joint_dirichlet_0.3,submitted,none,B0,1,6,False,8685,2172,True,True,0.7495395948434622,0.728847912054019,0.23913983869572325,,,0.17272438886058428,"equal_opportunity_gap,equalized_odds_gap",4.98008300201036
adversarial,10001,10,joint_dirichlet_0.3,submitted,none,B0,1,7,False,169,43,True,False,0.8837209302325582,0.873900293255132,0.7222222222222222,,,0.2777777777777778,"equal_opportunity_gap,equalized_odds_gap,false_positive_rate_gap",0.8775829919613898
adversarial,10001,10,joint_dirichlet_0.3,submitted,none,B0,1,8,False,206,52,True,True,0.9423076923076923,0.48514851485148514,0.0,0.0,0.0,0.012612612612612595,,0.8147079788614064
adversarial,10001,10,joint_dirichlet_0.3,submitted,none,B0,1,9,False,3320,830,True,True,0.8337349397590361,0.46862996158770803,0.005012531328320802,0.014598540145985401,0.014598540145985401,0.3313853078171066,,1.9964590028394014
adversarial,10001,10,joint_dirichlet_0.3,submitted,none,B0,2,0,False,2882,721,True,True,0.9625520110957004,0.49045936395759715,0.0,0.0,0.0,0.0752382295780829,,1.9478750182315707
adversarial,10001,10,joint_dirichlet_0.3,submitted,none,B0,2,1,False,889,223,True,True,0.9955156950672646,0.49887640449438203,0.0,,,0.008547008547008517,"equal_opportunity_gap,equalized_odds_gap",1.0166249994654208
adversarial,10001,10,joint_dirichlet_0.3,submitted,none,B0,2,2,False,605,152,True,True,0.9144736842105263,0.47766323024054985,0.0,0.0,0.0,0.6577464788732394,,0.9704580006655306
adversarial,10001,10,joint_dirichlet_0.3,submitted,none,B0,2,3,False,1432,358,True,False,0.9413407821229051,0.4848920863309353,,,,,"comparison_groups,subgroup_accuracy_gap",1.2294999905861914
adversarial,10001,10,joint_dirichlet_0.3,submitted,none,B0,2,4,False,1224,307,True,False,0.8110749185667753,0.810832058473568,0.6484496124031008,0.2760736196319018,0.49585406301824214,0.23143841515934538,,1.1378329945728183
adversarial,10001,10,joint_dirichlet_0.3,submitted,none,B0,2,5,False,1093,274,False,False,,,,,,,,0.024874985683709383
adversarial,10001,10,joint_dirichlet_0.3,submitted,none,B0,2,6,False,8685,2172,True,True,0.7090239410681399,0.6433571666112404,0.12451575071856347,,,0.2559335557114979,"equal_opportunity_gap,equalized_odds_gap",3.486125002382323
adversarial,10001,10,joint_dirichlet_0.3,submitted,none,B0,2,7,False,169,43,True,False,0.8837209302325582,0.8834688346883468,0.8,,,0.19999999999999996,"equal_opportunity_gap,equalized_odds_gap,false_positive_rate_gap",0.8181669982150197
adversarial,10001,10,joint_dirichlet_0.3,submitted,none,B0,2,8,False,206,52,True,True,0.9423076923076923,0.48514851485148514,0.0,0.0,0.0,0.012612612612612595,,0.7927499827928841
adversarial,10001,10,joint_dirichlet_0.3,submitted,none,B0,2,9,False,3320,830,True,True,0.8361445783132531,0.48933244060006154,0.010211142705952816,0.0364963503649635,0.0364963503649635,0.3215463252097761,,1.7853339959401637
adversarial,10001,10,joint_dirichlet_0.3,submitted,none,B0,3,0,False,2882,721,True,True,0.9625520110957004,0.49045936395759715,0.0,0.0,0.0,0.0752382295780829,,1.8969170050695539
adversarial,10001,10,joint_dirichlet_0.3,submitted,none,B0,3,1,False,889,223,True,True,0.9955156950672646,0.49887640449438203,0.0,,,0.008547008547008517,"equal_opportunity_gap,equalized_odds_gap",1.0415000142529607
adversarial,10001,10,joint_dirichlet_0.3,submitted,none,B0,3,2,False,605,152,True,True,0.9144736842105263,0.47766323024054985,0.0,0.0,0.0,0.6577464788732394,,1.0651669872459024
adversarial,10001,10,joint_dirichlet_0.3,submitted,none,B0,3,3,False,1432,358,True,False,0.9441340782122905,0.5310453235525282,,,,,"comparison_groups,subgroup_accuracy_gap",1.2201250065118074
adversarial,10001,10,joint_dirichlet_0.3,submitted,none,B0,3,4,False,1224,307,True,False,0.742671009771987,0.7367609868342505,0.4978466838931955,0.4478527607361963,0.4478527607361963,0.4064168819982773,,1.1802499939221889
adversarial,10001,10,joint_dirichlet_0.3,submitted,none,B0,3,5,False,1093,274,False,False,,,,,,,,0.02304100780747831
adversarial,10001,10,joint_dirichlet_0.3,submitted,none,B0,3,6,False,8685,2172,True,True,0.6818600368324125,0.590709358899295,0.12246820536975978,,,0.3254828073480923,"equal_opportunity_gap,equalized_odds_gap",3.6478339752648026
adversarial,10001,10,joint_dirichlet_0.3,submitted,none,B0,3,7,False,169,43,True,False,0.6976744186046512,0.6916712630998345,0.48,,,0.52,"equal_opportunity_gap,equalized_odds_gap,false_positive_rate_gap",1.1071249900851399
adversarial,10001,10,joint_dirichlet_0.3,submitted,none,B0,3,8,False,206,52,True,True,0.9423076923076923,0.48514851485148514,0.0,0.0,0.0,0.012612612612612595,,0.9629580017644912
adversarial,10001,10,joint_dirichlet_0.3,submitted,none,B0,3,9,False,3320,830,True,True,0.8349397590361446,0.4949342406246808,0.008077037140414842,0.043795620437956206,0.043795620437956206,0.31439968831591747,,1.9013750134035945
adversarial,10001,10,joint_dirichlet_0.3,submitted,none,B0,4,0,False,2882,721,True,True,0.9625520110957004,0.49045936395759715,0.0,0.0,0.0,0.0752382295780829,,1.7077079974114895
adversarial,10001,10,joint_dirichlet_0.3,submitted,none,B0,4,1,False,889,223,True,True,0.9955156950672646,0.49887640449438203,0.0,,,0.008547008547008517,"equal_opportunity_gap,equalized_odds_gap",1.0052910074591637
adversarial,10001,10,joint_dirichlet_0.3,submitted,none,B0,4,2,False,605,152,True,True,0.9144736842105263,0.47766323024054985,0.0,0.0,0.0,0.6577464788732394,,1.2365409929770976
adversarial,10001,10,joint_dirichlet_0.3,submitted,none,B0,4,3,False,1432,358,True,False,0.9441340782122905,0.5310453235525282,,,,,"comparison_groups,subgroup_accuracy_gap",1.2724170228466392
adversarial,10001,10,joint_dirichlet_0.3,submitted,none,B0,4,4,False,1224,307,True,False,0.7003257328990228,0.6862614413934063,0.4138242894056848,0.4601226993865031,0.4601226993865031,0.48199827734711453,,1.126500021200627
adversarial,10001,10,joint_dirichlet_0.3,submitted,none,B0,4,5,False,1093,274,False,False,,,,,,,,0.02387500717304647
adversarial,10001,10,joint_dirichlet_0.3,submitted,none,B0,4,6,False,8685,2172,True,True,0.679097605893186,0.5843507316289676,0.11681582666038624,,,0.32830899670277913,"equal_opportunity_gap,equalized_odds_gap",3.3745830005500466
adversarial,10001,10,joint_dirichlet_0.3,submitted,none,B0,4,7,False,169,43,True,False,0.6744186046511628,0.6655555555555556,0.44,,,0.56,"equal_opportunity_gap,equalized_odds_gap,false_positive_rate_gap",0.9761660185176879
adversarial,10001,10,joint_dirichlet_0.3,submitted,none,B0,4,8,False,206,52,True,True,0.9423076923076923,0.48514851485148514,0.0,0.0,0.0,0.012612612612612595,,0.8267090015579015
adversarial,10001,10,joint_dirichlet_0.3,submitted,none,B0,4,9,False,3320,830,True,True,0.8349397590361446,0.500963315032542,0.008263117189726055,0.051094890510948905,0.051094890510948905,0.30957323703690776,,1.8400420085527003
adversarial,10001,10,joint_dirichlet_0.3,submitted,none,B0,5,0,False,2882,721,True,True,0.9625520110957004,0.49045936395759715,0.0,0.0,0.0,0.0752382295780829,,1.7297080194111913
adversarial,10001,10,joint_dirichlet_0.3,submitted,none,B0,5,1,False,889,223,True,True,0.9955156950672646,0.49887640449438203,0.0,,,0.008547008547008517,"equal_opportunity_gap,equalized_odds_gap",1.1996249959338456
adversarial,10001,10,joint_dirichlet_0.3,submitted,none,B0,5,2,False,605,152,True,True,0.9078947368421053,0.47586206896551725,0.007042253521126761,0.0,0.007352941176470588,0.6507042253521127,,0.962500023888424
adversarial,10001,10,joint_dirichlet_0.3,submitted,none,B0,5,3,False,1432,358,True,False,0.9441340782122905,0.5310453235525282,,,,,"comparison_groups,subgroup_accuracy_gap",1.194167009089142
adversarial,10001,10,joint_dirichlet_0.3,submitted,none,B0,5,4,False,1224,307,True,False,0.6710097719869706,0.6507158708165771,0.36149870801033596,0.4049079754601227,0.4049079754601227,0.5343238587424634,,1.1637500138022006
adversarial,10001,10,joint_dirichlet_0.3,submitted,none,B0,5,5,False,1093,274,False,False,,,,,,,,0.025375018594786525
adversarial,10001,10,joint_dirichlet_0.3,submitted,none,B0,5,6,False,8685,2172,True,True,0.6777163904235728,0.581366917963996,0.11446066886481394,,,0.32972209138012243,"equal_opportunity_gap,equalized_odds_gap",3.48137499531731
adversarial,10001,10,joint_dirichlet_0.3,submitted,none,B0,5,7,False,169,43,True,False,0.6744186046511628,0.6655555555555556,0.44,,,0.56,"equal_opportunity_gap,equalized_odds_gap,false_positive_rate_gap",0.868332979734987
adversarial,10001,10,joint_dirichlet_0.3,submitted,none,B0,5,8,False,206,52,True,True,0.9423076923076923,0.48514851485148514,0.0,0.0,0.0,0.012612612612612595,,0.7758749998174608
adversarial,10001,10,joint_dirichlet_0.3,submitted,none,B0,5,9,False,3320,830,True,True,0.8349397590361446,0.500963315032542,0.008263117189726055,0.051094890510948905,0.051094890510948905,0.30957323703690776,,1.801083009922877
adversarial,10001,10,joint_dirichlet_0.3,submitted,label_flip,B0,1,0,True,2882,721,True,False,0.03744798890429958,0.03609625668449198,0.0,0.0,0.0,0.07523822957808289,,1.787999994121492
adversarial,10001,10,joint_dirichlet_0.3,submitted,label_flip,B0,1,1,False,889,223,True,True,0.9955156950672646,0.49887640449438203,0.0,,,0.008547008547008517,"equal_opportunity_gap,equalized_odds_gap",0.9885420149657875
adversarial,10001,10,joint_dirichlet_0.3,submitted,label_flip,B0,1,2,False,605,152,True,True,0.9144736842105263,0.47766323024054985,0.0,0.0,0.0,0.6577464788732394,,0.8808749844320118
adversarial,10001,10,joint_dirichlet_0.3,submitted,label_flip,B0,1,3,False,1432,358,True,False,0.9413407821229051,0.4848920863309353,,,,,"comparison_groups,subgroup_accuracy_gap",1.1269160022493452
adversarial,10001,10,joint_dirichlet_0.3,submitted,label_flip,B0,1,4,True,1224,307,True,False,0.1758957654723127,0.15696872998816927,0.6391903531438415,0.024539877300613498,0.45688225538971805,0.2545650301464255,,1.3032919960096478
adversarial,10001,10,joint_dirichlet_0.3,submitted,label_flip,B0,1,5,False,1093,274,False,False,,,,,,,,0.023333996068686247
adversarial,10001,10,joint_dirichlet_0.3,submitted,label_flip,B0,1,6,False,8685,2172,True,True,0.7495395948434622,0.728847912054019,0.23913983869572325,,,0.17272438886058428,"equal_opportunity_gap,equalized_odds_gap",3.03166700177826
adversarial,10001,10,joint_dirichlet_0.3,submitted,label_flip,B0,1,7,False,169,43,True,False,0.8837209302325582,0.873900293255132,0.7222222222222222,,,0.2777777777777778,"equal_opportunity_gap,equalized_odds_gap,false_positive_rate_gap",0.6919579755049199
adversarial,10001,10,joint_dirichlet_0.3,submitted,label_flip,B0,1,8,False,206,52,True,True,0.9423076923076923,0.48514851485148514,0.0,0.0,0.0,0.012612612612612595,,0.6838749977760017
adversarial,10001,10,joint_dirichlet_0.3,submitted,label_flip,B0,1,9,False,3320,830,True,True,0.8337349397590361,0.46862996158770803,0.005012531328320802,0.014598540145985401,0.014598540145985401,0.3313853078171066,,1.7928750021383166
adversarial,10001,10,joint_dirichlet_0.3,submitted,label_flip,B0,2,0,True,2882,721,True,False,0.03744798890429958,0.03609625668449198,0.0,0.0,0.0,0.07523822957808289,,1.5534170088358223
adversarial,10001,10,joint_dirichlet_0.3,submitted,label_flip,B0,2,1,False,889,223,True,True,0.9955156950672646,0.49887640449438203,0.0,,,0.008547008547008517,"equal_opportunity_gap,equalized_odds_gap",0.9210830030497164
adversarial,10001,10,joint_dirichlet_0.3,submitted,label_flip,B0,2,2,False,605,152,True,True,0.9144736842105263,0.47766323024054985,0.0,0.0,0.0,0.6577464788732394,,0.9055419941432774
adversarial,10001,10,joint_dirichlet_0.3,submitted,label_flip,B0,2,3,False,1432,358,True,False,0.9413407821229051,0.4848920863309353,,,,,"comparison_groups,subgroup_accuracy_gap",1.0750420042313635
adversarial,10001,10,joint_dirichlet_0.3,submitted,label_flip,B0,2,4,True,1224,307,True,False,0.38436482084690554,0.2776470588235294,0.18518518518518517,0.0,0.1865671641791045,0.7550818260120586,,1.0020420013461262
adversarial,10001,10,joint_dirichlet_0.3,submitted,label_flip,B0,2,5,False,1093,274,False,False,,,,,,,,0.021332991309463978
adversarial,10001,10,joint_dirichlet_0.3,submitted,label_flip,B0,2,6,False,8685,2172,True,True,0.7366482504604052,0.7003450032416412,0.20741730512270853,,,0.2276716621646303,"equal_opportunity_gap,equalized_odds_gap",3.2957080111373216
adversarial,10001,10,joint_dirichlet_0.3,submitted,label_flip,B0,2,7,False,169,43,True,False,0.9302325581395349,0.9288472145615003,0.8644444444444445,,,0.02444444444444438,"equal_opportunity_gap,equalized_odds_gap,false_positive_rate_gap",0.6615839956793934
adversarial,10001,10,joint_dirichlet_0.3,submitted,label_flip,B0,2,8,False,206,52,True,True,0.9423076923076923,0.48514851485148514,0.0,0.0,0.0,0.012612612612612595,,0.6478749855887145
adversarial,10001,10,joint_dirichlet_0.3,submitted,label_flip,B0,2,9,False,3320,830,True,True,0.8361445783132531,0.48933244060006154,0.010211142705952816,0.0364963503649635,0.0364963503649635,0.3215463252097761,,1.6371660167351365
adversarial,10001,10,joint_dirichlet_0.3,submitted,label_flip,B0,3,0,True,2882,721,True,False,0.03744798890429958,0.03609625668449198,0.0,0.0,0.0,0.07523822957808289,,1.8367499869782478
adversarial,10001,10,joint_dirichlet_0.3,submitted,label_flip,B0,3,1,False,889,223,True,True,0.9955156950672646,0.49887640449438203,0.0,,,0.008547008547008517,"equal_opportunity_gap,equalized_odds_gap",1.124250004068017
adversarial,10001,10,joint_dirichlet_0.3,submitted,label_flip,B0,3,2,False,605,152,True,True,0.9144736842105263,0.47766323024054985,0.0,0.0,0.0,0.6577464788732394,,0.9326250001322478
adversarial,10001,10,joint_dirichlet_0.3,submitted,label_flip,B0,3,3,False,1432,358,True,False,0.9441340782122905,0.5310453235525282,,,,,"comparison_groups,subgroup_accuracy_gap",1.0924999951384962
adversarial,10001,10,joint_dirichlet_0.3,submitted,label_flip,B0,3,4,True,1224,307,True,False,0.46579804560260585,0.31777777777777777,0.0,0.0,0.0,0.9402670111972438,,1.035499997669831
adversarial,10001,10,joint_dirichlet_0.3,submitted,label_flip,B0,3,5,False,1093,274,False,False,,,,,,,,0.02174999099224806
adversarial,10001,10,joint_dirichlet_0.3,submitted,label_flip,B0,3,6,False,8685,2172,True,True,0.7269797421731123,0.6835047728758816,0.18433675872609998,,,0.23756332490603393,"equal_opportunity_gap,equalized_odds_gap",3.00491601228714
adversarial,10001,10,joint_dirichlet_0.3,submitted,label_flip,B0,3,7,False,169,43,True,False,0.8837209302325582,0.8834688346883468,0.8,,,0.19999999999999996,"equal_opportunity_gap,equalized_odds_gap,false_positive_rate_gap",0.7883750076871365
adversarial,10001,10,joint_dirichlet_0.3,submitted,label_flip,B0,3,8,False,206,52,True,True,0.9423076923076923,0.48514851485148514,0.0,0.0,0.0,0.012612612612612595,,0.8407920249737799
adversarial,10001,10,joint_dirichlet_0.3,submitted,label_flip,B0,3,9,False,3320,830,True,True,0.8361445783132531,0.5016335540838852,0.010583302804575243,0.051094890510948905,0.051094890510948905,0.311893422651757,,1.6924170195125043
adversarial,10001,10,joint_dirichlet_0.3,submitted,label_flip,B0,4,0,True,2882,721,True,False,0.056865464632454926,0.0565587524438492,0.005979248949909088,0.0,0.0046914193255657155,0.06925898062817379,,1.5635000017937273
adversarial,10001,10,joint_dirichlet_0.3,submitted,label_flip,B0,4,1,False,889,223,True,True,0.9955156950672646,0.49887640449438203,0.0,,,0.008547008547008517,"equal_opportunity_gap,equalized_odds_gap",0.9453330130781978
adversarial,10001,10,joint_dirichlet_0.3,submitted,label_flip,B0,4,2,False,605,152,True,True,0.9078947368421053,0.47586206896551725,0.007042253521126761,0.0,0.007352941176470588,0.6507042253521127,,1.1457079963292927
adversarial,10001,10,joint_dirichlet_0.3,submitted,label_flip,B0,4,3,False,1432,358,True,False,0.9441340782122905,0.5310453235525282,,,,,"comparison_groups,subgroup_accuracy_gap",1.200000027893111
adversarial,10001,10,joint_dirichlet_0.3,submitted,label_flip,B0,4,4,True,1224,307,True,False,0.46579804560260585,0.31777777777777777,0.0,0.0,0.0,0.9402670111972438,,1.1080840195063502
adversarial,10001,10,joint_dirichlet_0.3,submitted,label_flip,B0,4,5,False,1093,274,False,False,,,,,,,,0.02070798655040562
adversarial,10001,10,joint_dirichlet_0.3,submitted,label_flip,B0,4,6,False,8685,2172,True,True,0.7237569060773481,0.6773145598681526,0.1753871591029252,,,0.24086054581983518,"equal_opportunity_gap,equalized_odds_gap",2.9440000071190298
adversarial,10001,10,joint_dirichlet_0.3,submitted,label_flip,B0,4,7,False,169,43,True,False,0.8604651162790697,0.8603896103896104,0.76,,,0.24,"equal_opportunity_gap,equalized_odds_gap,false_positive_rate_gap",0.6623749795835465
adversarial,10001,10,joint_dirichlet_0.3,submitted,label_flip,B0,4,8,False,206,52,True,True,0.9423076923076923,0.48514851485148514,0.0,0.0,0.0,0.012612612612612595,,0.6485000194516033
adversarial,10001,10,joint_dirichlet_0.3,submitted,label_flip,B0,4,9,False,3320,830,True,True,0.8397590361445784,0.526781695423856,0.018288179846367658,0.08029197080291971,0.08029197080291971,0.29954817438026615,,1.9030830007977784
adversarial,10001,10,joint_dirichlet_0.3,submitted,label_flip,B0,5,0,True,2882,721,True,False,0.1914008321775312,0.18027438400109208,0.016762271957870944,0.0,0.030280201011908314,0.09200050153595385,,1.537249976536259
adversarial,10001,10,joint_dirichlet_0.3,submitted,label_flip,B0,5,1,False,889,223,True,True,0.9955156950672646,0.49887640449438203,0.0,,,0.008547008547008517,"equal_opportunity_gap,equalized_odds_gap",0.8844590047374368
adversarial,10001,10,joint_dirichlet_0.3,submitted,label_flip,B0,5,2,False,605,152,True,True,0.9078947368421053,0.47586206896551725,0.007042253521126761,0.0,0.007352941176470588,0.6507042253521127,,0.9097919974010438
adversarial,10001,10,joint_dirichlet_0.3,submitted,label_flip,B0,5,3,False,1432,358,True,False,0.9441340782122905,0.5310453235525282,,,,,"comparison_groups,subgroup_accuracy_gap",1.1029999877791852
adversarial,10001,10,joint_dirichlet_0.3,submitted,label_flip,B0,5,4,True,1224,307,True,False,0.4788273615635179,0.3444373265001067,0.023255813953488372,0.024539877300613498,0.024539877300613498,0.9170111972437553,,1.1142920120619237
adversarial,10001,10,joint_dirichlet_0.3,submitted,label_flip,B0,5,5,False,1093,274,False,False,,,,,,,,0.02308297553099692
adversarial,10001,10,joint_dirichlet_0.3,submitted,label_flip,B0,5,6,False,8685,2172,True,True,0.7228360957642725,0.6751734006399428,0.17161890663000953,,,0.24180260893806416,"equal_opportunity_gap,equalized_odds_gap",3.372750012204051
adversarial,10001,10,joint_dirichlet_0.3,submitted,label_flip,B0,5,7,False,169,43,True,False,0.813953488372093,0.8138528138528138,0.68,,,0.31999999999999995,"equal_opportunity_gap,equalized_odds_gap,false_positive_rate_gap",0.7265830063261092
adversarial,10001,10,joint_dirichlet_0.3,submitted,label_flip,B0,5,8,False,206,52,True,True,0.9423076923076923,0.48514851485148514,0.0,0.0,0.0,0.012612612612612595,,0.7152920006774366
adversarial,10001,10,joint_dirichlet_0.3,submitted,label_flip,B0,5,9,False,3320,830,True,True,0.8433734939759037,0.5453319624466956,0.02580697683884886,0.10218978102189781,0.10218978102189781,0.292029377387785,,1.658875000430271
adversarial,10001,10,joint_dirichlet_0.3,submitted,sign_flip,B0,1,0,True,2882,721,True,True,0.9625520110957004,0.49045936395759715,0.0,0.0,0.0,0.0752382295780829,,1.691832992946729
adversarial,10001,10,joint_dirichlet_0.3,submitted,sign_flip,B0,1,1,False,889,223,True,True,0.9955156950672646,0.49887640449438203,0.0,,,0.008547008547008517,"equal_opportunity_gap,equalized_odds_gap",0.9195419843308628
adversarial,10001,10,joint_dirichlet_0.3,submitted,sign_flip,B0,1,2,False,605,152,True,True,0.9144736842105263,0.47766323024054985,0.0,0.0,0.0,0.6577464788732394,,0.9133339917752892
adversarial,10001,10,joint_dirichlet_0.3,submitted,sign_flip,B0,1,3,False,1432,358,True,False,0.9413407821229051,0.4848920863309353,,,,,"comparison_groups,subgroup_accuracy_gap",1.2832499924115837
adversarial,10001,10,joint_dirichlet_0.3,submitted,sign_flip,B0,1,4,True,1224,307,True,False,0.8241042345276873,0.815307486631016,0.6391903531438415,0.024539877300613466,0.4568822553897181,0.2545650301464255,,1.0537909984122962
adversarial,10001,10,joint_dirichlet_0.3,submitted,sign_flip,B0,1,5,False,1093,274,False,False,,,,,,,,0.021915999241173267
adversarial,10001,10,joint_dirichlet_0.3,submitted,sign_flip,B0,1,6,False,8685,2172,True,True,0.7495395948434622,0.728847912054019,0.23913983869572325,,,0.17272438886058428,"equal_opportunity_gap,equalized_odds_gap",3.036042005987838
adversarial,10001,10,joint_dirichlet_0.3,submitted,sign_flip,B0,1,7,False,169,43,True,False,0.8837209302325582,0.873900293255132,0.7222222222222222,,,0.2777777777777778,"equal_opportunity_gap,equalized_odds_gap,false_positive_rate_gap",0.6472500099334866
adversarial,10001,10,joint_dirichlet_0.3,submitted,sign_flip,B0,1,8,False,206,52,True,True,0.9423076923076923,0.48514851485148514,0.0,0.0,0.0,0.012612612612612595,,0.6532499974127859
adversarial,10001,10,joint_dirichlet_0.3,submitted,sign_flip,B0,1,9,False,3320,830,True,True,0.8337349397590361,0.46862996158770803,0.005012531328320802,0.014598540145985401,0.014598540145985401,0.3313853078171066,,1.63929199334234
adversarial,10001,10,joint_dirichlet_0.3,submitted,sign_flip,B0,2,0,True,2882,721,True,True,0.9625520110957004,0.49045936395759715,0.0,0.0,0.0,0.0752382295780829,,1.5282919921446592
adversarial,10001,10,joint_dirichlet_0.3,submitted,sign_flip,B0,2,1,False,889,223,True,True,0.9955156950672646,0.49887640449438203,0.0,,,0.008547008547008517,"equal_opportunity_gap,equalized_odds_gap",0.8987080072984099
adversarial,10001,10,joint_dirichlet_0.3,submitted,sign_flip,B0,2,2,False,605,152,True,True,0.9144736842105263,0.47766323024054985,0.0,0.0,0.0,0.6577464788732394,,0.9066670027095824
adversarial,10001,10,joint_dirichlet_0.3,submitted,sign_flip,B0,2,3,False,1432,358,True,False,0.9413407821229051,0.4848920863309353,,,,,"comparison_groups,subgroup_accuracy_gap",1.1087919992860407
adversarial,10001,10,joint_dirichlet_0.3,submitted,sign_flip,B0,2,4,True,1224,307,True,False,0.8697068403908795,0.8683646342509219,0.7604220499569337,0.09202453987730064,0.6434494195688225,0.005426356589147252,,1.0014170256908983
adversarial,10001,10,joint_dirichlet_0.3,submitted,sign_flip,B0,2,5,False,1093,274,False,False,,,,,,,,0.02079200930893421
adversarial,10001,10,joint_dirichlet_0.3,submitted,sign_flip,B0,2,6,False,8685,2172,True,True,0.7366482504604052,0.7003450032416412,0.20741730512270853,,,0.2276716621646303,"equal_opportunity_gap,equalized_odds_gap",3.7515839794650674
adversarial,10001,10,joint_dirichlet_0.3,submitted,sign_flip,B0,2,7,False,169,43,True,False,0.9302325581395349,0.9288472145615003,0.8644444444444445,,,0.02444444444444438,"equal_opportunity_gap,equalized_odds_gap,false_positive_rate_gap",0.717708986485377
adversarial,10001,10,joint_dirichlet_0.3,submitted,sign_flip,B0,2,8,False,206,52,True,True,0.9423076923076923,0.48514851485148514,0.0,0.0,0.0,0.012612612612612595,,0.6817090034019202
adversarial,10001,10,joint_dirichlet_0.3,submitted,sign_flip,B0,2,9,False,3320,830,True,True,0.8361445783132531,0.48933244060006154,0.010211142705952816,0.0364963503649635,0.0364963503649635,0.3215463252097761,,1.6735829995013773
adversarial,10001,10,joint_dirichlet_0.3,submitted,sign_flip,B0,3,0,True,2882,721,True,True,0.9625520110957004,0.49045936395759715,0.0,0.0,0.0,0.0752382295780829,,1.5465830219909549
adversarial,10001,10,joint_dirichlet_0.3,submitted,sign_flip,B0,3,1,False,889,223,True,True,0.9955156950672646,0.49887640449438203,0.0,,,0.008547008547008517,"equal_opportunity_gap,equalized_odds_gap",0.9053329995367676
adversarial,10001,10,joint_dirichlet_0.3,submitted,sign_flip,B0,3,2,False,605,152,True,True,0.9144736842105263,0.47766323024054985,0.0,0.0,0.0,0.6577464788732394,,1.0682499851100147
adversarial,10001,10,joint_dirichlet_0.3,submitted,sign_flip,B0,3,3,False,1432,358,True,False,0.9413407821229051,0.4848920863309353,,,,,"comparison_groups,subgroup_accuracy_gap",1.1024590057786554
adversarial,10001,10,joint_dirichlet_0.3,submitted,sign_flip,B0,3,4,True,1224,307,True,False,0.8534201954397395,0.8531147331823546,0.7409130060292851,0.1595092024539877,0.6882255389718076,0.10297157622739017,,1.0007090168073773
adversarial,10001,10,joint_dirichlet_0.3,submitted,sign_flip,B0,3,5,False,1093,274,False,False,,,,,,,,0.020415987819433212
adversarial,10001,10,joint_dirichlet_0.3,submitted,sign_flip,B0,3,6,False,8685,2172,True,True,0.7302025782688766,0.6897844661178554,0.19422842146750363,,,0.2342661039922327,"equal_opportunity_gap,equalized_odds_gap",2.969167020637542
adversarial,10001,10,joint_dirichlet_0.3,submitted,sign_flip,B0,3,7,False,169,43,True,False,0.9069767441860465,0.9057017543859649,0.8244444444444444,,,0.06444444444444442,"equal_opportunity_gap,equalized_odds_gap,false_positive_rate_gap",0.8501670090481639
adversarial,10001,10,joint_dirichlet_0.3,submitted,sign_flip,B0,3,8,False,206,52,True,True,0.9423076923076923,0.48514851485148514,0.0,0.0,0.0,0.012612612612612595,,0.692374975187704
adversarial,10001,10,joint_dirichlet_0.3,submitted,sign_flip,B0,3,9,False,3320,830,True,True,0.8361445783132531,0.5016335540838852,0.010583302804575243,0.051094890510948905,0.051094890510948905,0.311893422651757,,1.6702090215403587
adversarial,10001,10,joint_dirichlet_0.3,submitted,sign_flip,B0,4,0,True,2882,721,True,True,0.9625520110957004,0.49045936395759715,0.0,0.0,0.0,0.0752382295780829,,1.564459002111107
adversarial,10001,10,joint_dirichlet_0.3,submitted,sign_flip,B0,4,1,False,889,223,True,True,0.9955156950672646,0.49887640449438203,0.0,,,0.008547008547008517,"equal_opportunity_gap,equalized_odds_gap",0.8961250132415444
adversarial,10001,10,joint_dirichlet_0.3,submitted,sign_flip,B0,4,2,False,605,152,True,True,0.9144736842105263,0.47766323024054985,0.0,0.0,0.0,0.6577464788732394,,0.9399580012541264
adversarial,10001,10,joint_dirichlet_0.3,submitted,sign_flip,B0,4,3,False,1432,358,True,False,0.9441340782122905,0.5310453235525282,,,,,"comparison_groups,subgroup_accuracy_gap",1.1720830225385725
adversarial,10001,10,joint_dirichlet_0.3,submitted,sign_flip,B0,4,4,True,1224,307,True,False,0.8306188925081434,0.8305307855626327,0.7002153316106804,0.2024539877300614,0.6882255389718076,0.14366925064599478,,1.0327090276405215
adversarial,10001,10,joint_dirichlet_0.3,submitted,sign_flip,B0,4,5,False,1093,274,False,False,,,,,,,,0.020583014702424407
adversarial,10001,10,joint_dirichlet_0.3,submitted,sign_flip,B0,4,6,False,8685,2172,True,True,0.7265193370165746,0.6835949915440124,0.18669191652167227,,,0.23803435646514848,"equal_opportunity_gap,equalized_odds_gap",2.95070800348185
adversarial,10001,10,joint_dirichlet_0.3,submitted,sign_flip,B0,4,7,False,169,43,True,False,0.9069767441860465,0.9065217391304348,0.84,,,0.16000000000000003,"equal_opportunity_gap,equalized_odds_gap,false_positive_rate_gap",0.673250004183501
adversarial,10001,10,joint_dirichlet_0.3,submitted,sign_flip,B0,4,8,False,206,52,True,True,0.9423076923076923,0.48514851485148514,0.0,0.0,0.0,0.012612612612612595,,0.6655829783994704
adversarial,10001,10,joint_dirichlet_0.3,submitted,sign_flip,B0,4,9,False,3320,830,True,True,0.8361445783132531,0.5016335540838852,0.010583302804575243,0.051094890510948905,0.051094890510948905,0.311893422651757,,1.729083014652133
adversarial,10001,10,joint_dirichlet_0.3,submitted,sign_flip,B0,5,0,True,2882,721,True,True,0.9625520110957004,0.49045936395759715,0.0,0.0,0.0,0.0752382295780829,,1.4797920011915267
adversarial,10001,10,joint_dirichlet_0.3,submitted,sign_flip,B0,5,1,False,889,223,True,True,0.9955156950672646,0.49887640449438203,0.0,,,0.008547008547008517,"equal_opportunity_gap,equalized_odds_gap",0.8780419884715229
adversarial,10001,10,joint_dirichlet_0.3,submitted,sign_flip,B0,5,2,False,605,152,True,True,0.9144736842105263,0.47766323024054985,0.0,0.0,0.0,0.6577464788732394,,0.8329999982379377
adversarial,10001,10,joint_dirichlet_0.3,submitted,sign_flip,B0,5,3,False,1432,358,True,False,0.9441340782122905,0.5310453235525282,,,,,"comparison_groups,subgroup_accuracy_gap",1.0449590045027435
adversarial,10001,10,joint_dirichlet_0.3,submitted,sign_flip,B0,5,4,True,1224,307,True,False,0.8208469055374593,0.8208164867933738,0.6827734711455642,0.22085889570552142,0.6882255389718076,0.1611111111111111,,0.9968749945983291
adversarial,10001,10,joint_dirichlet_0.3,submitted,sign_flip,B0,5,5,False,1093,274,False,False,,,,,,,,0.019708008039742708
adversarial,10001,10,joint_dirichlet_0.3,submitted,sign_flip,B0,5,6,False,8685,2172,True,True,0.7269797421731123,0.6840035888275295,0.18622088496255781,,,0.23756332490603393,"equal_opportunity_gap,equalized_odds_gap",3.2214999955613166
adversarial,10001,10,joint_dirichlet_0.3,submitted,sign_flip,B0,5,7,False,169,43,True,False,0.8837209302325582,0.8834688346883468,0.8,,,0.19999999999999996,"equal_opportunity_gap,equalized_odds_gap,false_positive_rate_gap",0.6482919852714986
adversarial,10001,10,joint_dirichlet_0.3,submitted,sign_flip,B0,5,8,False,206,52,True,True,0.9423076923076923,0.48514851485148514,0.0,0.0,0.0,0.012612612612612595,,0.6541670009028167
adversarial,10001,10,joint_dirichlet_0.3,submitted,sign_flip,B0,5,9,False,3320,830,True,True,0.8361445783132531,0.5016335540838852,0.010583302804575243,0.051094890510948905,0.051094890510948905,0.311893422651757,,1.6173750045709312
adversarial,10001,10,joint_dirichlet_0.3,submitted,random_weights,B0,1,0,True,2882,721,True,True,0.9625520110957004,0.49045936395759715,0.0,0.0,0.0,0.0752382295780829,,1.8594999855849892
adversarial,10001,10,joint_dirichlet_0.3,submitted,random_weights,B0,1,1,False,889,223,True,True,0.9955156950672646,0.49887640449438203,0.0,,,0.008547008547008517,"equal_opportunity_gap,equalized_odds_gap",0.9792089986149222
adversarial,10001,10,joint_dirichlet_0.3,submitted,random_weights,B0,1,2,False,605,152,True,True,0.9144736842105263,0.47766323024054985,0.0,0.0,0.0,0.6577464788732394,,0.9791670017875731
adversarial,10001,10,joint_dirichlet_0.3,submitted,random_weights,B0,1,3,False,1432,358,True,False,0.9413407821229051,0.4848920863309353,,,,,"comparison_groups,subgroup_accuracy_gap",1.221959013491869
adversarial,10001,10,joint_dirichlet_0.3,submitted,random_weights,B0,1,4,True,1224,307,True,False,0.8241042345276873,0.815307486631016,0.6391903531438415,0.024539877300613466,0.4568822553897181,0.2545650301464255,,1.0309579956810921
adversarial,10001,10,joint_dirichlet_0.3,submitted,random_weights,B0,1,5,False,1093,274,False,False,,,,,,,,0.024832988856360316
adversarial,10001,10,joint_dirichlet_0.3,submitted,random_weights,B0,1,6,False,8685,2172,True,True,0.7495395948434622,0.728847912054019,0.23913983869572325,,,0.17272438886058428,"equal_opportunity_gap,equalized_odds_gap",2.9559580143541098
adversarial,10001,10,joint_dirichlet_0.3,submitted,random_weights,B0,1,7,False,169,43,True,False,0.8837209302325582,0.873900293255132,0.7222222222222222,,,0.2777777777777778,"equal_opportunity_gap,equalized_odds_gap,false_positive_rate_gap",0.6597089814022183
adversarial,10001,10,joint_dirichlet_0.3,submitted,random_weights,B0,1,8,False,206,52,True,True,0.9423076923076923,0.48514851485148514,0.0,0.0,0.0,0.012612612612612595,,0.6740830140188336
adversarial,10001,10,joint_dirichlet_0.3,submitted,random_weights,B0,1,9,False,3320,830,True,True,0.8337349397590361,0.46862996158770803,0.005012531328320802,0.014598540145985401,0.014598540145985401,0.3313853078171066,,1.651625003432855
adversarial,10001,10,joint_dirichlet_0.3,submitted,random_weights,B0,2,0,True,2882,721,True,True,0.6324549237170597,0.4266048851049016,0.047324619146135005,0.06,0.06,0.03770923453075048,,1.5954170085024089
adversarial,10001,10,joint_dirichlet_0.3,submitted,random_weights,B0,2,1,False,889,223,True,True,0.6905829596412556,0.4220845070422535,0.06700532172230284,,,0.07555233026931141,"equal_opportunity_gap,equalized_odds_gap",0.8907079754862934
adversarial,10001,10,joint_dirichlet_0.3,submitted,random_weights,B0,2,2,False,605,152,True,True,0.7105263157894737,0.4896214896214896,0.1535211267605634,0.26190476190476186,0.26190476190476186,0.22535211267605637,,0.8000420057214797
adversarial,10001,10,joint_dirichlet_0.3,submitted,random_weights,B0,2,3,False,1432,358,True,False,0.7011173184357542,0.44576430586703325,,,,,"comparison_groups,subgroup_accuracy_gap",1.0726659966167063
adversarial,10001,10,joint_dirichlet_0.3,submitted,random_weights,B0,2,4,True,1224,307,True,False,0.6156351791530945,0.601912087912088,0.25051679586563314,0.25153374233128833,0.4925373134328358,0.2130060292850991,,1.010542007861659
adversarial,10001,10,joint_dirichlet_0.3,submitted,random_weights,B0,2,5,False,1093,274,False,False,,,,,,,,0.020000006770715117
adversarial,10001,10,joint_dirichlet_0.3,submitted,random_weights,B0,2,6,False,8685,2172,True,False,0.501841620626151,0.5017993786123246,0.21799148298038007,,,0.11295144529785539,"equal_opportunity_gap,equalized_odds_gap",3.377959015779197
adversarial,10001,10,joint_dirichlet_0.3,submitted,random_weights,B0,2,7,False,169,43,True,True,0.627906976744186,0.558974358974359,0.1577777777777778,,,0.6022222222222222,"equal_opportunity_gap,equalized_odds_gap,false_positive_rate_gap",0.6926670030225068
adversarial,10001,10,joint_dirichlet_0.3,submitted,random_weights,B0,2,8,False,206,52,True,False,0.5576923076923077,0.35802469135802467,0.1657657657657658,0.0,0.17142857142857143,0.15315315315315314,,0.6680410006083548
adversarial,10001,10,joint_dirichlet_0.3,submitted,random_weights,B0,2,9,False,3320,830,True,False,0.5590361445783133,0.438944747748613,0.08253813187260495,0.7299270072992701,0.7299270072992701,0.08231716181404791,,1.6821660101413727
adversarial,10001,10,joint_dirichlet_0.3,submitted,random_weights,B0,3,0,True,2882,721,True,True,0.7142857142857143,0.47456415916680816,0.05889912858128021,0.020000000000000018,0.042693628059481736,0.05569400037615191,,1.751458999933675
adversarial,10001,10,joint_dirichlet_0.3,submitted,random_weights,B0,3,1,False,889,223,True,True,0.7354260089686099,0.4397700659995742,0.04531527173036609,,,0.036768263183357575,"equal_opportunity_gap,equalized_odds_gap",0.903458014363423
adversarial,10001,10,joint_dirichlet_0.3,submitted,random_weights,B0,3,2,False,605,152,True,True,0.6842105263157895,0.48864592094196807,0.004225352112676051,0.09523809523809523,0.29411764705882354,0.09014084507042253,,0.832124991575256
adversarial,10001,10,joint_dirichlet_0.3,submitted,random_weights,B0,3,3,False,1432,358,True,False,0.6731843575418994,0.44685234340953206,,,,,"comparison_groups,subgroup_accuracy_gap",1.0589589946903288
adversarial,10001,10,joint_dirichlet_0.3,submitted,random_weights,B0,3,4,True,1224,307,True,False,0.5928338762214984,0.5922108283300569,0.21365202411714035,0.5950920245398773,0.5950920245398773,0.02601205857019806,,0.9878329874482006
adversarial,10001,10,joint_dirichlet_0.3,submitted,random_weights,B0,3,5,False,1093,274,False,False,,,,,,,,0.020042003598064184
adversarial,10001,10,joint_dirichlet_0.3,submitted,random_weights,B0,3,6,False,8685,2172,True,False,0.5879373848987108,0.5741365867615045,0.0452767070087573,,,0.04574773856787184,"equal_opportunity_gap,equalized_odds_gap",2.9091250034980476
adversarial,10001,10,joint_dirichlet_0.3,submitted,random_weights,B0,3,7,False,169,43,True,False,0.46511627906976744,0.4459383753501401,0.10666666666666658,,,0.22666666666666674,"equal_opportunity_gap,equalized_odds_gap,false_positive_rate_gap",0.910708011360839
adversarial,10001,10,joint_dirichlet_0.3,submitted,random_weights,B0,3,8,False,206,52,True,False,0.5961538461538461,0.41384863123993554,0.3531531531531532,0.5,0.5,0.28648648648648656,,0.8177499985322356
adversarial,10001,10,joint_dirichlet_0.3,submitted,random_weights,B0,3,9,False,3320,830,True,True,0.6301204819277109,0.49004853154550454,0.06475004215876118,0.019464720194647178,0.07926089748162946,0.19024940541609248,,1.7087499727495015
adversarial,10001,10,joint_dirichlet_0.3,submitted,random_weights,B0,4,0,True,2882,721,True,True,0.6907073509015257,0.47524616755385984,0.15032756566986394,0.72,0.72,0.11018117986333142,,1.5715420013293624
adversarial,10001,10,joint_dirichlet_0.3,submitted,random_weights,B0,4,1,False,889,223,True,True,0.672645739910314,0.41495058400718776,0.1649733913884857,,,0.15642638284147725,"equal_opportunity_gap,equalized_odds_gap",0.9012089867610484
adversarial,10001,10,joint_dirichlet_0.3,submitted,random_weights,B0,4,2,False,605,152,True,True,0.6381578947368421,0.4618603154168008,0.04507042253521126,0.2142857142857143,0.2142857142857143,0.2549295774647887,,0.9505829948466271
adversarial,10001,10,joint_dirichlet_0.3,submitted,random_weights,B0,4,3,False,1432,358,True,False,0.5949720670391061,0.41386357734042434,,,,,"comparison_groups,subgroup_accuracy_gap",1.213207986438647
adversarial,10001,10,joint_dirichlet_0.3,submitted,random_weights,B0,4,4,True,1224,307,True,False,0.4755700325732899,0.475547774417741,0.069250645994832,0.4539877300613497,0.4539877300613497,0.010551248923341916,,1.0262909927405417
adversarial,10001,10,joint_dirichlet_0.3,submitted,random_weights,B0,4,5,False,1093,274,False,False,,,,,,,,0.020791980205103755
adversarial,10001,10,joint_dirichlet_0.3,submitted,random_weights,B0,4,6,False,8685,2172,True,False,0.5506445672191529,0.5314147883812145,0.040441423861112935,,,0.02126371038288133,"equal_opportunity_gap,equalized_odds_gap",2.9746670043095946
adversarial,10001,10,joint_dirichlet_0.3,submitted,random_weights,B0,4,7,False,169,43,True,False,0.46511627906976744,0.43453401943967984,0.12222222222222223,,,0.3222222222222222,"equal_opportunity_gap,equalized_odds_gap,false_positive_rate_gap",0.6544160132762045
adversarial,10001,10,joint_dirichlet_0.3,submitted,random_weights,B0,4,8,False,206,52,True,False,0.5576923076923077,0.3944303797468354,0.12612612612612617,0.5,0.5,0.05945945945945941,,0.6535830034408718
adversarial,10001,10,joint_dirichlet_0.3,submitted,random_weights,B0,4,9,False,3320,830,True,False,0.6072289156626506,0.48994902883339364,0.1188702615006193,0.046228710462287104,0.13690518655917816,0.19925684280306333,,1.7479170055594295
adversarial,10001,10,joint_dirichlet_0.3,submitted,random_weights,B0,5,0,True,2882,721,True,True,0.6352288488210819,0.45055444965040836,0.21790169895304368,0.8,0.8,0.1649348003259984,,1.5538340085186064
adversarial,10001,10,joint_dirichlet_0.3,submitted,random_weights,B0,5,1,False,889,223,True,False,0.5515695067264574,0.36445508435932517,0.1799709724238026,,,0.17142396387679404,"equal_opportunity_gap,equalized_odds_gap",0.89366699103266
adversarial,10001,10,joint_dirichlet_0.3,submitted,random_weights,B0,5,2,False,605,152,True,False,0.5723684210526315,0.4613749114103473,0.06478873239436617,0.261904761904762,0.4485294117647059,0.13661971830985908,,0.8289999968837947
adversarial,10001,10,joint_dirichlet_0.3,submitted,random_weights,B0,5,3,False,1432,358,True,False,0.5418994413407822,0.420231465023502,,,,,"comparison_groups,subgroup_accuracy_gap",1.140499982284382
adversarial,10001,10,joint_dirichlet_0.3,submitted,random_weights,B0,5,4,True,1224,307,True,False,0.5863192182410424,0.5687296056634036,0.14737295434969855,0.2638036809815951,0.2638036809815951,0.29289405684754527,,1.0167500004172325
adversarial,10001,10,joint_dirichlet_0.3,submitted,random_weights,B0,5,5,False,1093,274,False,False,,,,,,,,0.020167004549875855
adversarial,10001,10,joint_dirichlet_0.3,submitted,random_weights,B0,5,6,False,8685,2172,True,False,0.6017495395948435,0.6009536603885794,0.025031962855797008,,,0.17717515644976783,"equal_opportunity_gap,equalized_odds_gap",3.454124991549179
adversarial,10001,10,joint_dirichlet_0.3,submitted,random_weights,B0,5,7,False,169,43,True,False,0.5581395348837209,0.5057471264367817,0.0377777777777778,,,0.4822222222222222,"equal_opportunity_gap,equalized_odds_gap,false_positive_rate_gap",0.6787090096622705
adversarial,10001,10,joint_dirichlet_0.3,submitted,random_weights,B0,5,8,False,206,52,True,False,0.5769230769230769,0.4041666666666667,0.08828828828828827,0.5,0.5,0.15495495495495493,,0.6674170144833624
adversarial,10001,10,joint_dirichlet_0.3,submitted,random_weights,B0,5,9,False,3320,830,True,False,0.608433734939759,0.542544622037563,0.24966709116177915,0.012165450121654486,0.2010950988085896,0.12918025923276877,,1.6777919954620302
adversarial,10001,10,joint_dirichlet_0.3,submitted,none,B6,1,0,False,2882,721,True,True,0.9625520110957004,0.49045936395759715,0.0,0.0,0.0,0.0752382295780829,,1.73124999855645
adversarial,10001,10,joint_dirichlet_0.3,submitted,none,B6,1,1,False,889,223,True,True,0.9955156950672646,0.49887640449438203,0.0,,,0.008547008547008517,"equal_opportunity_gap,equalized_odds_gap",0.9395410015713423
adversarial,10001,10,joint_dirichlet_0.3,submitted,none,B6,1,2,False,605,152,True,True,0.9144736842105263,0.47766323024054985,0.0,0.0,0.0,0.6577464788732394,,0.8230420062318444
adversarial,10001,10,joint_dirichlet_0.3,submitted,none,B6,1,3,False,1432,358,True,False,0.9413407821229051,0.4848920863309353,,,,,"comparison_groups,subgroup_accuracy_gap",1.2837910035159439
adversarial,10001,10,joint_dirichlet_0.3,submitted,none,B6,1,4,False,1224,307,True,False,0.8241042345276873,0.815307486631016,0.6391903531438415,0.024539877300613466,0.4568822553897181,0.2545650301464255,,1.0479160118848085
adversarial,10001,10,joint_dirichlet_0.3,submitted,none,B6,1,5,False,1093,274,False,False,,,,,,,,0.020791980205103755
adversarial,10001,10,joint_dirichlet_0.3,submitted,none,B6,1,6,False,8685,2172,True,True,0.7495395948434622,0.728847912054019,0.23913983869572325,,,0.17272438886058428,"equal_opportunity_gap,equalized_odds_gap",2.9770830005872995
adversarial,10001,10,joint_dirichlet_0.3,submitted,none,B6,1,7,False,169,43,True,False,0.8837209302325582,0.873900293255132,0.7222222222222222,,,0.2777777777777778,"equal_opportunity_gap,equalized_odds_gap,false_positive_rate_gap",0.658375007333234
adversarial,10001,10,joint_dirichlet_0.3,submitted,none,B6,1,8,False,206,52,True,True,0.9423076923076923,0.48514851485148514,0.0,0.0,0.0,0.012612612612612595,,0.6534580024890602
adversarial,10001,10,joint_dirichlet_0.3,submitted,none,B6,1,9,False,3320,830,True,True,0.8337349397590361,0.46862996158770803,0.005012531328320802,0.014598540145985401,0.014598540145985401,0.3313853078171066,,1.6560829826630652
adversarial,10001,10,joint_dirichlet_0.3,submitted,none,B6,2,0,False,2882,721,True,True,0.9625520110957004,0.49045936395759715,0.0,0.0,0.0,0.0752382295780829,,1.5750829770695418
adversarial,10001,10,joint_dirichlet_0.3,submitted,none,B6,2,1,False,889,223,True,True,0.9955156950672646,0.49887640449438203,0.0,,,0.008547008547008517,"equal_opportunity_gap,equalized_odds_gap",0.9082910255528986
adversarial,10001,10,joint_dirichlet_0.3,submitted,none,B6,2,2,False,605,152,True,True,0.9144736842105263,0.47766323024054985,0.0,0.0,0.0,0.6577464788732394,,1.05216697556898
adversarial,10001,10,joint_dirichlet_0.3,submitted,none,B6,2,3,False,1432,358,True,False,0.9413407821229051,0.4848920863309353,,,,,"comparison_groups,subgroup_accuracy_gap",1.1279580066911876
adversarial,10001,10,joint_dirichlet_0.3,submitted,none,B6,2,4,False,1224,307,True,False,0.7198697068403909,0.7098681318681319,0.46033591731266155,0.5030674846625767,0.5030674846625767,0.4471145564168819,,1.0673750075511634
adversarial,10001,10,joint_dirichlet_0.3,submitted,none,B6,2,5,False,1093,274,False,False,,,,,,,,0.027250003768131137
adversarial,10001,10,joint_dirichlet_0.3,submitted,none,B6,2,6,False,8685,2172,True,True,0.649171270718232,0.5183390761780592,0.07206782854451248,,,0.358926048045219,"equal_opportunity_gap,equalized_odds_gap",3.0662500066682696
adversarial,10001,10,joint_dirichlet_0.3,submitted,none,B6,2,7,False,169,43,True,False,0.6976744186046512,0.6916712630998345,0.48,,,0.52,"equal_opportunity_gap,equalized_odds_gap,false_positive_rate_gap",0.7629159954376519
adversarial,10001,10,joint_dirichlet_0.3,submitted,none,B6,2,8,False,206,52,True,True,0.9423076923076923,0.48514851485148514,0.0,0.0,0.0,0.012612612612612595,,0.7072500011418015
adversarial,10001,10,joint_dirichlet_0.3,submitted,none,B6,2,9,False,3320,830,True,True,0.8337349397590361,0.46862996158770803,0.005012531328320802,0.014598540145985401,0.014598540145985401,0.3313853078171066,,1.7872920143418014
adversarial,10001,10,joint_dirichlet_0.3,submitted,none,B6,3,0,False,2882,721,True,True,0.9625520110957004,0.49045936395759715,0.0,0.0,0.0,0.0752382295780829,,1.6911250131670386
adversarial,10001,10,joint_dirichlet_0.3,submitted,none,B6,3,1,False,889,223,True,True,0.9955156950672646,0.49887640449438203,0.0,,,0.008547008547008517,"equal_opportunity_gap,equalized_odds_gap",0.9240419894922525
adversarial,10001,10,joint_dirichlet_0.3,submitted,none,B6,3,2,False,605,152,True,True,0.9144736842105263,0.47766323024054985,0.0,0.0,0.0,0.6577464788732394,,0.9407920006196946
adversarial,10001,10,joint_dirichlet_0.3,submitted,none,B6,3,3,False,1432,358,True,False,0.9413407821229051,0.4848920863309353,,,,,"comparison_groups,subgroup_accuracy_gap",1.1165409814566374
adversarial,10001,10,joint_dirichlet_0.3,submitted,none,B6,3,4,False,1224,307,True,False,0.5863192182410424,0.5326909016815888,0.21352282515073212,0.2331288343558282,0.2331288343558282,0.7119293712316968,,1.01270797313191
adversarial,10001,10,joint_dirichlet_0.3,submitted,none,B6,3,5,False,1093,274,False,False,,,,,,,,0.021000014385208488
adversarial,10001,10,joint_dirichlet_0.3,submitted,none,B6,3,6,False,8685,2172,True,True,0.6252302025782689,0.4597840368127402,0.039095619406500234,,,0.383419689119171,"equal_opportunity_gap,equalized_odds_gap",3.276458999607712
adversarial,10001,10,joint_dirichlet_0.3,submitted,none,B6,3,7,False,169,43,True,False,0.6046511627906976,0.5820468839336763,0.32,,,0.6799999999999999,"equal_opportunity_gap,equalized_odds_gap,false_positive_rate_gap",0.781082984758541
adversarial,10001,10,joint_dirichlet_0.3,submitted,none,B6,3,8,False,206,52,True,True,0.9423076923076923,0.48514851485148514,0.0,0.0,0.0,0.012612612612612595,,0.6983749917708337
adversarial,10001,10,joint_dirichlet_0.3,submitted,none,B6,3,9,False,3320,830,True,True,0.8337349397590361,0.46862996158770803,0.005012531328320802,0.014598540145985401,0.014598540145985401,0.3313853078171066,,1.658791006775573
adversarial,10001,10,joint_dirichlet_0.3,submitted,none,B6,4,0,False,2882,721,True,True,0.9625520110957004,0.49045936395759715,0.0,0.0,0.0,0.0752382295780829,,1.5887500194367021
adversarial,10001,10,joint_dirichlet_0.3,submitted,none,B6,4,1,False,889,223,True,True,0.9955156950672646,0.49887640449438203,0.0,,,0.008547008547008517,"equal_opportunity_gap,equalized_odds_gap",1.0562910174485296
adversarial,10001,10,joint_dirichlet_0.3,submitted,none,B6,4,2,False,605,152,True,True,0.9144736842105263,0.47766323024054985,0.0,0.0,0.0,0.6577464788732394,,0.8705829968675971
adversarial,10001,10,joint_dirichlet_0.3,submitted,none,B6,4,3,False,1432,358,True,False,0.9413407821229051,0.4848920863309353,,,,,"comparison_groups,subgroup_accuracy_gap",1.1235830024816096
adversarial,10001,10,joint_dirichlet_0.3,submitted,none,B6,4,4,False,1224,307,True,False,0.5439739413680782,0.46334032564179406,0.13953488372093023,0.147239263803681,0.147239263803681,0.8007321274763135,,0.9870829817373306
adversarial,10001,10,joint_dirichlet_0.3,submitted,none,B6,4,5,False,1093,274,False,False,,,,,,,,0.019750004867091775
adversarial,10001,10,joint_dirichlet_0.3,submitted,none,B6,4,6,False,8685,2172,True,True,0.6224677716390423,0.45093822407629597,0.03344324069712671,,,0.3862458784738577,"equal_opportunity_gap,equalized_odds_gap",2.8322089929133654
adversarial,10001,10,joint_dirichlet_0.3,submitted,none,B6,4,7,False,169,43,True,False,0.5348837209302325,0.48809523809523814,0.2,,,0.8,"equal_opportunity_gap,equalized_odds_gap,false_positive_rate_gap",0.6496249989140779
adversarial,10001,10,joint_dirichlet_0.3,submitted,none,B6,4,8,False,206,52,True,True,0.9423076923076923,0.48514851485148514,0.0,0.0,0.0,0.012612612612612595,,0.6500410090666264
adversarial,10001,10,joint_dirichlet_0.3,submitted,none,B6,4,9,False,3320,830,True,True,0.8337349397590361,0.46862996158770803,0.005012531328320802,0.014598540145985401,0.014598540145985401,0.3313853078171066,,1.803249993827194
adversarial,10001,10,joint_dirichlet_0.3,submitted,none,B6,5,0,False,2882,721,True,True,0.9625520110957004,0.49045936395759715,0.0,0.0,0.0,0.0752382295780829,,1.5620829944964498
adversarial,10001,10,joint_dirichlet_0.3,submitted,none,B6,5,1,False,889,223,True,True,0.9955156950672646,0.49887640449438203,0.0,,,0.008547008547008517,"equal_opportunity_gap,equalized_odds_gap",0.9232499869540334
adversarial,10001,10,joint_dirichlet_0.3,submitted,none,B6,5,2,False,605,152,True,True,0.9144736842105263,0.47766323024054985,0.0,0.0,0.0,0.6577464788732394,,0.8705829968675971
adversarial,10001,10,joint_dirichlet_0.3,submitted,none,B6,5,3,False,1432,358,True,False,0.9413407821229051,0.4848920863309353,,,,,"comparison_groups,subgroup_accuracy_gap",1.0591660102363676
adversarial,10001,10,joint_dirichlet_0.3,submitted,none,B6,5,4,False,1224,307,True,False,0.5179153094462541,0.4183819764464926,0.09302325581395349,0.09815950920245399,0.09815950920245399,0.8472437553832902,,1.197750010760501
adversarial,10001,10,joint_dirichlet_0.3,submitted,none,B6,5,5,False,1093,274,False,False,,,,,,,,0.02095900708809495
adversarial,10001,10,joint_dirichlet_0.3,submitted,none,B6,5,6,False,8685,2172,True,False,0.6178637200736649,0.4400336956359679,0.0287329251059821,,,0.39095619406500237,"equal_opportunity_gap,equalized_odds_gap",2.8774999955203384
adversarial,10001,10,joint_dirichlet_0.3,submitted,none,B6,5,7,False,169,43,True,False,0.46511627906976744,0.37915881983678595,0.08,,,0.92,"equal_opportunity_gap,equalized_odds_gap,false_positive_rate_gap",0.6393750081770122
adversarial,10001,10,joint_dirichlet_0.3,submitted,none,B6,5,8,False,206,52,True,True,0.9423076923076923,0.48514851485148514,0.0,0.0,0.0,0.012612612612612595,,0.6582500063814223
adversarial,10001,10,joint_dirichlet_0.3,submitted,none,B6,5,9,False,3320,830,True,True,0.8337349397590361,0.46862996158770803,0.005012531328320802,0.014598540145985401,0.014598540145985401,0.3313853078171066,,1.6032920102588832
adversarial,10001,10,joint_dirichlet_0.3,submitted,label_flip,B6,1,0,True,2882,721,True,False,0.03744798890429958,0.03609625668449198,0.0,0.0,0.0,0.07523822957808289,,1.8204170046374202
adversarial,10001,10,joint_dirichlet_0.3,submitted,label_flip,B6,1,1,False,889,223,True,True,0.9955156950672646,0.49887640449438203,0.0,,,0.008547008547008517,"equal_opportunity_gap,equalized_odds_gap",0.95629200222902
adversarial,10001,10,joint_dirichlet_0.3,submitted,label_flip,B6,1,2,False,605,152,True,True,0.9144736842105263,0.47766323024054985,0.0,0.0,0.0,0.6577464788732394,,0.886041991179809
adversarial,10001,10,joint_dirichlet_0.3,submitted,label_flip,B6,1,3,False,1432,358,True,False,0.9413407821229051,0.4848920863309353,,,,,"comparison_groups,subgroup_accuracy_gap",1.0993330215569586
adversarial,10001,10,joint_dirichlet_0.3,submitted,label_flip,B6,1,4,True,1224,307,True,False,0.1758957654723127,0.15696872998816927,0.6391903531438415,0.024539877300613498,0.45688225538971805,0.2545650301464255,,1.0533329914323986
adversarial,10001,10,joint_dirichlet_0.3,submitted,label_flip,B6,1,5,False,1093,274,False,False,,,,,,,,0.020417006453499198
adversarial,10001,10,joint_dirichlet_0.3,submitted,label_flip,B6,1,6,False,8685,2172,True,True,0.7495395948434622,0.728847912054019,0.23913983869572325,,,0.17272438886058428,"equal_opportunity_gap,equalized_odds_gap",3.3913329825736582
adversarial,10001,10,joint_dirichlet_0.3,submitted,label_flip,B6,1,7,False,169,43,True,False,0.8837209302325582,0.873900293255132,0.7222222222222222,,,0.2777777777777778,"equal_opportunity_gap,equalized_odds_gap,false_positive_rate_gap",0.6647089903708547
adversarial,10001,10,joint_dirichlet_0.3,submitted,label_flip,B6,1,8,False,206,52,True,True,0.9423076923076923,0.48514851485148514,0.0,0.0,0.0,0.012612612612612595,,0.672499998472631
adversarial,10001,10,joint_dirichlet_0.3,submitted,label_flip,B6,1,9,False,3320,830,True,True,0.8337349397590361,0.46862996158770803,0.005012531328320802,0.014598540145985401,0.014598540145985401,0.3313853078171066,,1.6829999804031104
adversarial,10001,10,joint_dirichlet_0.3,submitted,label_flip,B6,2,0,True,2882,721,True,False,0.03744798890429958,0.03609625668449198,0.0,0.0,0.0,0.07523822957808289,,1.8070420192088932
adversarial,10001,10,joint_dirichlet_0.3,submitted,label_flip,B6,2,1,False,889,223,True,True,0.9955156950672646,0.49887640449438203,0.0,,,0.008547008547008517,"equal_opportunity_gap,equalized_odds_gap",0.9380829869769514
adversarial,10001,10,joint_dirichlet_0.3,submitted,label_flip,B6,2,2,False,605,152,True,True,0.9144736842105263,0.47766323024054985,0.0,0.0,0.0,0.6577464788732394,,0.8355829922948033
adversarial,10001,10,joint_dirichlet_0.3,submitted,label_flip,B6,2,3,False,1432,358,True,False,0.9413407821229051,0.4848920863309353,,,,,"comparison_groups,subgroup_accuracy_gap",1.057666988344863
adversarial,10001,10,joint_dirichlet_0.3,submitted,label_flip,B6,2,4,True,1224,307,True,False,0.46579804560260585,0.31777777777777777,0.0,0.0,0.0,0.9402670111972438,,0.9942500037141144
adversarial,10001,10,joint_dirichlet_0.3,submitted,label_flip,B6,2,5,False,1093,274,False,False,,,,,,,,0.02270800177939236
adversarial,10001,10,joint_dirichlet_0.3,submitted,label_flip,B6,2,6,False,8685,2172,True,True,0.6565377532228361,0.5374739522376812,0.0861987753179463,,,0.35138954309938764,"equal_opportunity_gap,equalized_odds_gap",2.8553750016726553
adversarial,10001,10,joint_dirichlet_0.3,submitted,label_flip,B6,2,7,False,169,43,True,False,0.7441860465116279,0.7419530823786142,0.56,,,0.43999999999999995,"equal_opportunity_gap,equalized_odds_gap,false_positive_rate_gap",0.7711669895797968
adversarial,10001,10,joint_dirichlet_0.3,submitted,label_flip,B6,2,8,False,206,52,True,True,0.9423076923076923,0.48514851485148514,0.0,0.0,0.0,0.012612612612612595,,0.7887500105425715
adversarial,10001,10,joint_dirichlet_0.3,submitted,label_flip,B6,2,9,False,3320,830,True,True,0.8337349397590361,0.46862996158770803,0.005012531328320802,0.014598540145985401,0.014598540145985401,0.3313853078171066,,1.6617920191492885
adversarial,10001,10,joint_dirichlet_0.3,submitted,label_flip,B6,3,0,True,2882,721,True,True,0.8099861303744799,0.49329797220697547,0.22972697636511816,0.26,0.26,0.18806030969845144,,1.5001250139903277
adversarial,10001,10,joint_dirichlet_0.3,submitted,label_flip,B6,3,1,False,889,223,True,True,0.9955156950672646,0.49887640449438203,0.0,,,0.008547008547008517,"equal_opportunity_gap,equalized_odds_gap",0.8926249865908176
adversarial,10001,10,joint_dirichlet_0.3,submitted,label_flip,B6,3,2,False,605,152,True,True,0.9144736842105263,0.47766323024054985,0.0,0.0,0.0,0.6577464788732394,,0.8471659966744483
adversarial,10001,10,joint_dirichlet_0.3,submitted,label_flip,B6,3,3,False,1432,358,True,False,0.9413407821229051,0.4848920863309353,,,,,"comparison_groups,subgroup_accuracy_gap",1.2602090137079358
adversarial,10001,10,joint_dirichlet_0.3,submitted,label_flip,B6,3,4,True,1224,307,True,False,0.46579804560260585,0.31777777777777777,0.0,0.0,0.0,0.9402670111972438,,1.0177919757552445
adversarial,10001,10,joint_dirichlet_0.3,submitted,label_flip,B6,3,5,False,1093,274,False,False,,,,,,,,0.032957992516458035
adversarial,10001,10,joint_dirichlet_0.3,submitted,label_flip,B6,3,6,False,8685,2172,True,True,0.6348987108655617,0.4823820458518493,0.04992934526613283,,,0.3735280263777673,"equal_opportunity_gap,equalized_odds_gap",2.920457976870239
adversarial,10001,10,joint_dirichlet_0.3,submitted,label_flip,B6,3,7,False,169,43,True,False,0.6511627906976745,0.6386554621848739,0.4,,,0.6,"equal_opportunity_gap,equalized_odds_gap,false_positive_rate_gap",0.6846670003142208
adversarial,10001,10,joint_dirichlet_0.3,submitted,label_flip,B6,3,8,False,206,52,True,True,0.9423076923076923,0.48514851485148514,0.0,0.0,0.0,0.012612612612612595,,0.6517920119222254
adversarial,10001,10,joint_dirichlet_0.3,submitted,label_flip,B6,3,9,False,3320,830,True,True,0.8337349397590361,0.46862996158770803,0.005012531328320802,0.014598540145985401,0.014598540145985401,0.3313853078171066,,1.9239579851273447
adversarial,10001,10,joint_dirichlet_0.3,submitted,label_flip,B6,4,0,True,2882,721,True,True,0.9445214979195562,0.48573466476462196,0.026134725095605292,0.0,0.025999708926538197,0.04910350448247758,,1.5227080148179084
adversarial,10001,10,joint_dirichlet_0.3,submitted,label_flip,B6,4,1,False,889,223,True,True,0.9955156950672646,0.49887640449438203,0.0,,,0.008547008547008517,"equal_opportunity_gap,equalized_odds_gap",0.8849579899106175
adversarial,10001,10,joint_dirichlet_0.3,submitted,label_flip,B6,4,2,False,605,152,True,True,0.9144736842105263,0.47766323024054985,0.0,0.0,0.0,0.6577464788732394,,0.8005420095287263
adversarial,10001,10,joint_dirichlet_0.3,submitted,label_flip,B6,4,3,False,1432,358,True,False,0.9413407821229051,0.4848920863309353,,,,,"comparison_groups,subgroup_accuracy_gap",1.0639170068316162
adversarial,10001,10,joint_dirichlet_0.3,submitted,label_flip,B6,4,4,True,1224,307,True,False,0.46579804560260585,0.31777777777777777,0.0,0.0,0.0,0.9402670111972438,,0.9897080017253757
adversarial,10001,10,joint_dirichlet_0.3,submitted,label_flip,B6,4,5,False,1093,274,False,False,,,,,,,,0.020374980522319674
adversarial,10001,10,joint_dirichlet_0.3,submitted,label_flip,B6,4,6,False,8685,2172,True,True,0.6279926335174953,0.46611307970873406,0.041921808761187,,,0.3805934997644842,"equal_opportunity_gap,equalized_odds_gap",3.293125017080456
adversarial,10001,10,joint_dirichlet_0.3,submitted,label_flip,B6,4,7,False,169,43,True,False,0.5813953488372093,0.5520833333333333,0.28,,,0.72,"equal_opportunity_gap,equalized_odds_gap,false_positive_rate_gap",0.6475840054918081
adversarial,10001,10,joint_dirichlet_0.3,submitted,label_flip,B6,4,8,False,206,52,True,True,0.9423076923076923,0.48514851485148514,0.0,0.0,0.0,0.012612612612612595,,0.6620410131290555
adversarial,10001,10,joint_dirichlet_0.3,submitted,label_flip,B6,4,9,False,3320,830,True,True,0.8349397590361446,0.47582410997045144,0.007518796992481203,0.021897810218978103,0.021897810218978103,0.32887904215294617,,1.6004159988369793
adversarial,10001,10,joint_dirichlet_0.3,submitted,label_flip,B6,5,0,True,2882,721,True,True,0.9542302357836339,0.48828956706884313,0.00901981067017742,0.0,0.008800691727520994,0.06621841890790547,,1.7709580133669078
adversarial,10001,10,joint_dirichlet_0.3,submitted,label_flip,B6,5,1,False,889,223,True,True,0.9955156950672646,0.49887640449438203,0.0,,,0.008547008547008517,"equal_opportunity_gap,equalized_odds_gap",0.9993330168072134
adversarial,10001,10,joint_dirichlet_0.3,submitted,label_flip,B6,5,2,False,605,152,True,True,0.9144736842105263,0.47766323024054985,0.0,0.0,0.0,0.6577464788732394,,0.8809999853838235
adversarial,10001,10,joint_dirichlet_0.3,submitted,label_flip,B6,5,3,False,1432,358,True,False,0.9413407821229051,0.4848920863309353,,,,,"comparison_groups,subgroup_accuracy_gap",1.0757500131148845
adversarial,10001,10,joint_dirichlet_0.3,submitted,label_flip,B6,5,4,True,1224,307,True,False,0.46579804560260585,0.31777777777777777,0.0,0.0,0.0,0.9402670111972438,,1.004082994768396
adversarial,10001,10,joint_dirichlet_0.3,submitted,label_flip,B6,5,5,False,1093,274,False,False,,,,,,,,0.02058298559859395
adversarial,10001,10,joint_dirichlet_0.3,submitted,label_flip,B6,5,6,False,8685,2172,True,True,0.6233885819521179,0.4539097164762452,0.03532736693358455,,,0.38530381535562885,"equal_opportunity_gap,equalized_odds_gap",2.964708022773266
adversarial,10001,10,joint_dirichlet_0.3,submitted,label_flip,B6,5,7,False,169,43,True,False,0.5581395348837209,0.5208211143695014,0.24,,,0.76,"equal_opportunity_gap,equalized_odds_gap,false_positive_rate_gap",0.750666979001835
adversarial,10001,10,joint_dirichlet_0.3,submitted,label_flip,B6,5,8,False,206,52,True,True,0.9423076923076923,0.48514851485148514,0.0,0.0,0.0,0.012612612612612595,,0.8493339992128313
adversarial,10001,10,joint_dirichlet_0.3,submitted,label_flip,B6,5,9,False,3320,830,True,True,0.8349397590361446,0.47582410997045144,0.007518796992481203,0.021897810218978103,0.021897810218978103,0.32887904215294617,,1.7538749962113798
adversarial,10001,10,joint_dirichlet_0.3,submitted,sign_flip,B6,1,0,True,2882,721,True,True,0.9625520110957004,0.49045936395759715,0.0,0.0,0.0,0.0752382295780829,,1.7488329904153943
adversarial,10001,10,joint_dirichlet_0.3,submitted,sign_flip,B6,1,1,False,889,223,True,True,0.9955156950672646,0.49887640449438203,0.0,,,0.008547008547008517,"equal_opportunity_gap,equalized_odds_gap",0.9394589869771153
adversarial,10001,10,joint_dirichlet_0.3,submitted,sign_flip,B6,1,2,False,605,152,True,True,0.9144736842105263,0.47766323024054985,0.0,0.0,0.0,0.6577464788732394,,0.8304580114781857
adversarial,10001,10,joint_dirichlet_0.3,submitted,sign_flip,B6,1,3,False,1432,358,True,False,0.9413407821229051,0.4848920863309353,,,,,"comparison_groups,subgroup_accuracy_gap",1.0513750021345913
adversarial,10001,10,joint_dirichlet_0.3,submitted,sign_flip,B6,1,4,True,1224,307,True,False,0.8241042345276873,0.815307486631016,0.6391903531438415,0.024539877300613466,0.4568822553897181,0.2545650301464255,,1.0106659901794046
adversarial,10001,10,joint_dirichlet_0.3,submitted,sign_flip,B6,1,5,False,1093,274,False,False,,,,,,,,0.02125001628883183
adversarial,10001,10,joint_dirichlet_0.3,submitted,sign_flip,B6,1,6,False,8685,2172,True,True,0.7495395948434622,0.728847912054019,0.23913983869572325,,,0.17272438886058428,"equal_opportunity_gap,equalized_odds_gap",3.3341249800287187
adversarial,10001,10,joint_dirichlet_0.3,submitted,sign_flip,B6,1,7,False,169,43,True,False,0.8837209302325582,0.873900293255132,0.7222222222222222,,,0.2777777777777778,"equal_opportunity_gap,equalized_odds_gap,false_positive_rate_gap",0.7038339972496033
adversarial,10001,10,joint_dirichlet_0.3,submitted,sign_flip,B6,1,8,False,206,52,True,True,0.9423076923076923,0.48514851485148514,0.0,0.0,0.0,0.012612612612612595,,0.6709170120302588
adversarial,10001,10,joint_dirichlet_0.3,submitted,sign_flip,B6,1,9,False,3320,830,True,True,0.8337349397590361,0.46862996158770803,0.005012531328320802,0.014598540145985401,0.014598540145985401,0.3313853078171066,,1.6355000261683017
adversarial,10001,10,joint_dirichlet_0.3,submitted,sign_flip,B6,2,0,True,2882,721,True,True,0.9625520110957004,0.49045936395759715,0.0,0.0,0.0,0.0752382295780829,,1.586084021255374
adversarial,10001,10,joint_dirichlet_0.3,submitted,sign_flip,B6,2,1,False,889,223,True,True,0.9955156950672646,0.49887640449438203,0.0,,,0.008547008547008517,"equal_opportunity_gap,equalized_odds_gap",1.1750000121537596
adversarial,10001,10,joint_dirichlet_0.3,submitted,sign_flip,B6,2,2,False,605,152,True,True,0.9144736842105263,0.47766323024054985,0.0,0.0,0.0,0.6577464788732394,,0.8523750002495944
adversarial,10001,10,joint_dirichlet_0.3,submitted,sign_flip,B6,2,3,False,1432,358,True,False,0.9413407821229051,0.4848920863309353,,,,,"comparison_groups,subgroup_accuracy_gap",1.0605840070638806
adversarial,10001,10,joint_dirichlet_0.3,submitted,sign_flip,B6,2,4,True,1224,307,True,False,0.7719869706840391,0.768984348125215,0.5882428940568475,0.6196319018404908,0.6196319018404908,0.3540913006029285,,1.0012910061050206
adversarial,10001,10,joint_dirichlet_0.3,submitted,sign_flip,B6,2,5,False,1093,274,False,False,,,,,,,,0.020417006453499198
adversarial,10001,10,joint_dirichlet_0.3,submitted,sign_flip,B6,2,6,False,8685,2172,True,True,0.6565377532228361,0.5374739522376812,0.0861987753179463,,,0.35138954309938764,"equal_opportunity_gap,equalized_odds_gap",2.892750024329871
adversarial,10001,10,joint_dirichlet_0.3,submitted,sign_flip,B6,2,7,False,169,43,True,False,0.7441860465116279,0.7419530823786142,0.56,,,0.43999999999999995,"equal_opportunity_gap,equalized_odds_gap,false_positive_rate_gap",0.6442079902626574
adversarial,10001,10,joint_dirichlet_0.3,submitted,sign_flip,B6,2,8,False,206,52,True,True,0.9423076923076923,0.48514851485148514,0.0,0.0,0.0,0.012612612612612595,,0.7353750115726143
adversarial,10001,10,joint_dirichlet_0.3,submitted,sign_flip,B6,2,9,False,3320,830,True,True,0.8337349397590361,0.46862996158770803,0.005012531328320802,0.014598540145985401,0.014598540145985401,0.3313853078171066,,1.799249992473051
adversarial,10001,10,joint_dirichlet_0.3,submitted,sign_flip,B6,3,0,True,2882,721,True,True,0.9625520110957004,0.49045936395759715,0.0,0.0,0.0,0.0752382295780829,,1.5142089978326112
adversarial,10001,10,joint_dirichlet_0.3,submitted,sign_flip,B6,3,1,False,889,223,True,True,0.9955156950672646,0.49887640449438203,0.0,,,0.008547008547008517,"equal_opportunity_gap,equalized_odds_gap",0.895875011337921
adversarial,10001,10,joint_dirichlet_0.3,submitted,sign_flip,B6,3,2,False,605,152,True,True,0.9144736842105263,0.47766323024054985,0.0,0.0,0.0,0.6577464788732394,,0.8867500000633299
adversarial,10001,10,joint_dirichlet_0.3,submitted,sign_flip,B6,3,3,False,1432,358,True,False,0.9413407821229051,0.4848920863309353,,,,,"comparison_groups,subgroup_accuracy_gap",1.2154169962741435
adversarial,10001,10,joint_dirichlet_0.3,submitted,sign_flip,B6,3,4,True,1224,307,True,False,0.6286644951140065,0.5962390401476696,0.2859173126614987,0.32515337423312884,0.32515337423312884,0.6099052540913006,,1.0758749849628657
adversarial,10001,10,joint_dirichlet_0.3,submitted,sign_flip,B6,3,5,False,1093,274,False,False,,,,,,,,0.020083010895177722
adversarial,10001,10,joint_dirichlet_0.3,submitted,sign_flip,B6,3,6,False,8685,2172,True,True,0.6362799263351749,0.48543277050855754,0.05134243994347621,,,0.372114931700424,"equal_opportunity_gap,equalized_odds_gap",2.8464999923016876
adversarial,10001,10,joint_dirichlet_0.3,submitted,sign_flip,B6,3,7,False,169,43,True,False,0.6511627906976745,0.6386554621848739,0.4,,,0.6,"equal_opportunity_gap,equalized_odds_gap,false_positive_rate_gap",0.6397079851012677
adversarial,10001,10,joint_dirichlet_0.3,submitted,sign_flip,B6,3,8,False,206,52,True,True,0.9423076923076923,0.48514851485148514,0.0,0.0,0.0,0.012612612612612595,,0.6401250138878822
adversarial,10001,10,joint_dirichlet_0.3,submitted,sign_flip,B6,3,9,False,3320,830,True,True,0.8337349397590361,0.46862996158770803,0.005012531328320802,0.014598540145985401,0.014598540145985401,0.3313853078171066,,1.6195829957723618
adversarial,10001,10,joint_dirichlet_0.3,submitted,sign_flip,B6,4,0,True,2882,721,True,True,0.9625520110957004,0.49045936395759715,0.0,0.0,0.0,0.0752382295780829,,1.646250020712614
adversarial,10001,10,joint_dirichlet_0.3,submitted,sign_flip,B6,4,1,False,889,223,True,True,0.9955156950672646,0.49887640449438203,0.0,,,0.008547008547008517,"equal_opportunity_gap,equalized_odds_gap",0.9145830117631704
adversarial,10001,10,joint_dirichlet_0.3,submitted,sign_flip,B6,4,2,False,605,152,True,True,0.9144736842105263,0.47766323024054985,0.0,0.0,0.0,0.6577464788732394,,0.8213749970309436
adversarial,10001,10,joint_dirichlet_0.3,submitted,sign_flip,B6,4,3,False,1432,358,True,False,0.9413407821229051,0.4848920863309353,,,,,"comparison_groups,subgroup_accuracy_gap",1.0611250181682408
adversarial,10001,10,joint_dirichlet_0.3,submitted,sign_flip,B6,4,4,True,1224,307,True,False,0.5863192182410424,0.5326909016815888,0.21352282515073212,0.2331288343558282,0.2331288343558282,0.7119293712316968,,1.004457997623831
adversarial,10001,10,joint_dirichlet_0.3,submitted,sign_flip,B6,4,5,False,1093,274,False,False,,,,,,,,0.020625011529773474
adversarial,10001,10,joint_dirichlet_0.3,submitted,sign_flip,B6,4,6,False,8685,2172,True,True,0.6289134438305709,0.4682078817769904,0.04286387187941592,,,0.37965143664625534,"equal_opportunity_gap,equalized_odds_gap",3.1742090068291873
adversarial,10001,10,joint_dirichlet_0.3,submitted,sign_flip,B6,4,7,False,169,43,True,False,0.5813953488372093,0.5520833333333333,0.28,,,0.72,"equal_opportunity_gap,equalized_odds_gap,false_positive_rate_gap",0.6762920238543302
adversarial,10001,10,joint_dirichlet_0.3,submitted,sign_flip,B6,4,8,False,206,52,True,True,0.9423076923076923,0.48514851485148514,0.0,0.0,0.0,0.012612612612612595,,0.662375008687377
adversarial,10001,10,joint_dirichlet_0.3,submitted,sign_flip,B6,4,9,False,3320,830,True,True,0.8349397590361446,0.47582410997045144,0.007518796992481203,0.021897810218978103,0.021897810218978103,0.32887904215294617,,1.659958012169227
adversarial,10001,10,joint_dirichlet_0.3,submitted,sign_flip,B6,5,0,True,2882,721,True,True,0.9625520110957004,0.49045936395759715,0.0,0.0,0.0,0.0752382295780829,,1.6105410177260637
adversarial,10001,10,joint_dirichlet_0.3,submitted,sign_flip,B6,5,1,False,889,223,True,True,0.9955156950672646,0.49887640449438203,0.0,,,0.008547008547008517,"equal_opportunity_gap,equalized_odds_gap",1.127166993683204
adversarial,10001,10,joint_dirichlet_0.3,submitted,sign_flip,B6,5,2,False,605,152,True,True,0.9144736842105263,0.47766323024054985,0.0,0.0,0.0,0.6577464788732394,,0.8739999902900308
adversarial,10001,10,joint_dirichlet_0.3,submitted,sign_flip,B6,5,3,False,1432,358,True,False,0.9413407821229051,0.4848920863309353,,,,,"comparison_groups,subgroup_accuracy_gap",1.0635830112732947
adversarial,10001,10,joint_dirichlet_0.3,submitted,sign_flip,B6,5,4,True,1224,307,True,False,0.5602605863192183,0.4927483018175142,0.16701119724375538,0.18404907975460122,0.18404907975460122,0.7584409991386736,,0.9810000192373991
adversarial,10001,10,joint_dirichlet_0.3,submitted,sign_flip,B6,5,5,False,1093,274,False,False,,,,,,,,0.019917002646252513
adversarial,10001,10,joint_dirichlet_0.3,submitted,sign_flip,B6,5,6,False,8685,2172,True,True,0.6256906077348067,0.4600509115927072,0.038624587847385775,,,0.38294865756005647,"equal_opportunity_gap,equalized_odds_gap",2.8170420264359564
adversarial,10001,10,joint_dirichlet_0.3,submitted,sign_flip,B6,5,7,False,169,43,True,False,0.5813953488372093,0.5520833333333333,0.28,,,0.72,"equal_opportunity_gap,equalized_odds_gap,false_positive_rate_gap",0.6392080103978515
adversarial,10001,10,joint_dirichlet_0.3,submitted,sign_flip,B6,5,8,False,206,52,True,True,0.9423076923076923,0.48514851485148514,0.0,0.0,0.0,0.012612612612612595,,0.6440840079449117
adversarial,10001,10,joint_dirichlet_0.3,submitted,sign_flip,B6,5,9,False,3320,830,True,True,0.8349397590361446,0.47582410997045144,0.007518796992481203,0.021897810218978103,0.021897810218978103,0.32887904215294617,,1.872749999165535
adversarial,10001,10,joint_dirichlet_0.3,submitted,random_weights,B6,1,0,True,2882,721,True,True,0.9625520110957004,0.49045936395759715,0.0,0.0,0.0,0.0752382295780829,,1.8467500049155205
adversarial,10001,10,joint_dirichlet_0.3,submitted,random_weights,B6,1,1,False,889,223,True,True,0.9955156950672646,0.49887640449438203,0.0,,,0.008547008547008517,"equal_opportunity_gap,equalized_odds_gap",0.9485829796176404
adversarial,10001,10,joint_dirichlet_0.3,submitted,random_weights,B6,1,2,False,605,152,True,True,0.9144736842105263,0.47766323024054985,0.0,0.0,0.0,0.6577464788732394,,0.8329169941134751
adversarial,10001,10,joint_dirichlet_0.3,submitted,random_weights,B6,1,3,False,1432,358,True,False,0.9413407821229051,0.4848920863309353,,,,,"comparison_groups,subgroup_accuracy_gap",1.1689170205499977
adversarial,10001,10,joint_dirichlet_0.3,submitted,random_weights,B6,1,4,True,1224,307,True,False,0.8241042345276873,0.815307486631016,0.6391903531438415,0.024539877300613466,0.4568822553897181,0.2545650301464255,,1.0394170240033418
adversarial,10001,10,joint_dirichlet_0.3,submitted,random_weights,B6,1,5,False,1093,274,False,False,,,,,,,,0.021208019461482763
adversarial,10001,10,joint_dirichlet_0.3,submitted,random_weights,B6,1,6,False,8685,2172,True,True,0.7495395948434622,0.728847912054019,0.23913983869572325,,,0.17272438886058428,"equal_opportunity_gap,equalized_odds_gap",3.0155830027069896
adversarial,10001,10,joint_dirichlet_0.3,submitted,random_weights,B6,1,7,False,169,43,True,False,0.8837209302325582,0.873900293255132,0.7222222222222222,,,0.2777777777777778,"equal_opportunity_gap,equalized_odds_gap,false_positive_rate_gap",0.7562499959021807
adversarial,10001,10,joint_dirichlet_0.3,submitted,random_weights,B6,1,8,False,206,52,True,True,0.9423076923076923,0.48514851485148514,0.0,0.0,0.0,0.012612612612612595,,0.7956670015119016
adversarial,10001,10,joint_dirichlet_0.3,submitted,random_weights,B6,1,9,False,3320,830,True,True,0.8337349397590361,0.46862996158770803,0.005012531328320802,0.014598540145985401,0.014598540145985401,0.3313853078171066,,1.6455829900223762
adversarial,10001,10,joint_dirichlet_0.3,submitted,random_weights,B6,2,0,True,2882,721,True,True,0.9625520110957004,0.49045936395759715,0.0,0.0,0.0,0.0752382295780829,,1.5016669931355864
adversarial,10001,10,joint_dirichlet_0.3,submitted,random_weights,B6,2,1,False,889,223,True,True,0.9955156950672646,0.49887640449438203,0.0,,,0.008547008547008517,"equal_opportunity_gap,equalized_odds_gap",0.8916250080801547
adversarial,10001,10,joint_dirichlet_0.3,submitted,random_weights,B6,2,2,False,605,152,True,True,0.9144736842105263,0.47766323024054985,0.0,0.0,0.0,0.6577464788732394,,0.9432919905520976
adversarial,10001,10,joint_dirichlet_0.3,submitted,random_weights,B6,2,3,False,1432,358,True,False,0.9413407821229051,0.4848920863309353,,,,,"comparison_groups,subgroup_accuracy_gap",1.2155830045230687
adversarial,10001,10,joint_dirichlet_0.3,submitted,random_weights,B6,2,4,True,1224,307,True,False,0.7296416938110749,0.7210099306931776,0.4777777777777778,0.5214723926380368,0.5214723926380368,0.4296726959517657,,1.0013330029323697
adversarial,10001,10,joint_dirichlet_0.3,submitted,random_weights,B6,2,5,False,1093,274,False,False,,,,,,,,0.020957988454028964
adversarial,10001,10,joint_dirichlet_0.3,submitted,random_weights,B6,2,6,False,8685,2172,True,True,0.6519337016574586,0.5246285110798192,0.07583608101742817,,,0.3560998586905323,"equal_opportunity_gap,equalized_odds_gap",2.911625022534281
adversarial,10001,10,joint_dirichlet_0.3,submitted,random_weights,B6,2,7,False,169,43,True,False,0.6976744186046512,0.6916712630998345,0.48,,,0.52,"equal_opportunity_gap,equalized_odds_gap,false_positive_rate_gap",0.6385000015143305
adversarial,10001,10,joint_dirichlet_0.3,submitted,random_weights,B6,2,8,False,206,52,True,True,0.9423076923076923,0.48514851485148514,0.0,0.0,0.0,0.012612612612612595,,0.6398750119842589
adversarial,10001,10,joint_dirichlet_0.3,submitted,random_weights,B6,2,9,False,3320,830,True,True,0.8337349397590361,0.46862996158770803,0.005012531328320802,0.014598540145985401,0.014598540145985401,0.3313853078171066,,1.6257090028375387
adversarial,10001,10,joint_dirichlet_0.3,submitted,random_weights,B6,3,0,True,2882,721,True,True,0.9625520110957004,0.49045936395759715,0.0,0.0,0.0,0.0752382295780829,,1.577707997057587
adversarial,10001,10,joint_dirichlet_0.3,submitted,random_weights,B6,3,1,False,889,223,True,True,0.9955156950672646,0.49887640449438203,0.0,,,0.008547008547008517,"equal_opportunity_gap,equalized_odds_gap",0.9405419987160712
adversarial,10001,10,joint_dirichlet_0.3,submitted,random_weights,B6,3,2,False,605,152,True,True,0.9144736842105263,0.47766323024054985,0.0,0.0,0.0,0.6577464788732394,,0.9163340146187693
adversarial,10001,10,joint_dirichlet_0.3,submitted,random_weights,B6,3,3,False,1432,358,True,False,0.9413407821229051,0.4848920863309353,,,,,"comparison_groups,subgroup_accuracy_gap",1.1075420188717544
adversarial,10001,10,joint_dirichlet_0.3,submitted,random_weights,B6,3,4,True,1224,307,True,False,0.5863192182410424,0.534987178722643,0.2119293712316968,0.2392638036809816,0.2392638036809816,0.6987080103359173,,1.0013339924626052
adversarial,10001,10,joint_dirichlet_0.3,submitted,random_weights,B6,3,5,False,1093,274,False,False,,,,,,,,0.020374980522319674
adversarial,10001,10,joint_dirichlet_0.3,submitted,random_weights,B6,3,6,False,8685,2172,True,True,0.6279926335174953,0.46611307970873406,0.041921808761187,,,0.3805934997644842,"equal_opportunity_gap,equalized_odds_gap",3.3062500006053597
adversarial,10001,10,joint_dirichlet_0.3,submitted,random_weights,B6,3,7,False,169,43,True,False,0.627906976744186,0.6108597285067874,0.36,,,0.64,"equal_opportunity_gap,equalized_odds_gap,false_positive_rate_gap",0.6521250179503113
adversarial,10001,10,joint_dirichlet_0.3,submitted,random_weights,B6,3,8,False,206,52,True,True,0.9423076923076923,0.48514851485148514,0.0,0.0,0.0,0.012612612612612595,,0.661625002976507
adversarial,10001,10,joint_dirichlet_0.3,submitted,random_weights,B6,3,9,False,3320,830,True,True,0.8337349397590361,0.46862996158770803,0.005012531328320802,0.014598540145985401,0.014598540145985401,0.3313853078171066,,1.6097500047180802
adversarial,10001,10,joint_dirichlet_0.3,submitted,random_weights,B6,4,0,True,2882,721,True,True,0.9625520110957004,0.49045936395759715,0.0,0.0,0.0,0.0752382295780829,,1.8132090044673532
adversarial,10001,10,joint_dirichlet_0.3,submitted,random_weights,B6,4,1,False,889,223,True,True,0.9955156950672646,0.49887640449438203,0.0,,,0.008547008547008517,"equal_opportunity_gap,equalized_odds_gap",0.8970839844550937
adversarial,10001,10,joint_dirichlet_0.3,submitted,random_weights,B6,4,2,False,605,152,True,True,0.9144736842105263,0.47766323024054985,0.0,0.0,0.0,0.6577464788732394,,0.8538330148439854
adversarial,10001,10,joint_dirichlet_0.3,submitted,random_weights,B6,4,3,False,1432,358,True,False,0.9413407821229051,0.4848920863309353,,,,,"comparison_groups,subgroup_accuracy_gap",1.0626250004861504
adversarial,10001,10,joint_dirichlet_0.3,submitted,random_weights,B6,4,4,True,1224,307,True,False,0.5537459283387622,0.4823698817274439,0.1553832902670112,0.17177914110429449,0.17177914110429449,0.7700689061154178,,0.9872079826891422
adversarial,10001,10,joint_dirichlet_0.3,submitted,random_weights,B6,4,5,False,1093,274,False,False,,,,,,,,0.01966601121239364
adversarial,10001,10,joint_dirichlet_0.3,submitted,random_weights,B6,4,6,False,8685,2172,True,True,0.6233885819521179,0.45472022391907485,0.03626943005181347,,,0.38530381535562885,"equal_opportunity_gap,equalized_odds_gap",2.838249987689778
adversarial,10001,10,joint_dirichlet_0.3,submitted,random_weights,B6,4,7,False,169,43,True,False,0.5813953488372093,0.5520833333333333,0.28,,,0.72,"equal_opportunity_gap,equalized_odds_gap,false_positive_rate_gap",0.6694580079056323
adversarial,10001,10,joint_dirichlet_0.3,submitted,random_weights,B6,4,8,False,206,52,True,True,0.9423076923076923,0.48514851485148514,0.0,0.0,0.0,0.012612612612612595,,0.8931669872254133
adversarial,10001,10,joint_dirichlet_0.3,submitted,random_weights,B6,4,9,False,3320,830,True,True,0.8349397590361446,0.47582410997045144,0.007518796992481203,0.021897810218978103,0.021897810218978103,0.32887904215294617,,1.6406670038122684
adversarial,10001,10,joint_dirichlet_0.3,submitted,random_weights,B6,5,0,True,2882,721,True,True,0.9625520110957004,0.49045936395759715,0.0,0.0,0.0,0.0752382295780829,,1.5111670072656125
adversarial,10001,10,joint_dirichlet_0.3,submitted,random_weights,B6,5,1,False,889,223,True,True,0.9955156950672646,0.49887640449438203,0.0,,,0.008547008547008517,"equal_opportunity_gap,equalized_odds_gap",0.8765000093262643
adversarial,10001,10,joint_dirichlet_0.3,submitted,random_weights,B6,5,2,False,605,152,True,True,0.9144736842105263,0.47766323024054985,0.0,0.0,0.0,0.6577464788732394,,0.792292004916817
adversarial,10001,10,joint_dirichlet_0.3,submitted,random_weights,B6,5,3,False,1432,358,True,False,0.9413407821229051,0.4848920863309353,,,,,"comparison_groups,subgroup_accuracy_gap",1.2757919903378934
adversarial,10001,10,joint_dirichlet_0.3,submitted,random_weights,B6,5,4,True,1224,307,True,False,0.5309446254071661,0.44125379170879675,0.11627906976744186,0.12269938650306748,0.12269938650306748,0.8239879414298019,,1.0389579983893782
adversarial,10001,10,joint_dirichlet_0.3,submitted,random_weights,B6,5,5,False,1093,274,False,False,,,,,,,,0.021665997337549925
adversarial,10001,10,joint_dirichlet_0.3,submitted,random_weights,B6,5,6,False,8685,2172,True,True,0.6201657458563536,0.4471763232644086,0.03297220913801225,,,0.3886010362694301,"equal_opportunity_gap,equalized_odds_gap",2.879458013921976
adversarial,10001,10,joint_dirichlet_0.3,submitted,random_weights,B6,5,7,False,169,43,True,False,0.4883720930232558,0.41748768472906406,0.12,,,0.88,"equal_opportunity_gap,equalized_odds_gap,false_positive_rate_gap",0.647542008664459
adversarial,10001,10,joint_dirichlet_0.3,submitted,random_weights,B6,5,8,False,206,52,True,True,0.9423076923076923,0.48514851485148514,0.0,0.0,0.0,0.012612612612612595,,0.6563749921042472
adversarial,10001,10,joint_dirichlet_0.3,submitted,random_weights,B6,5,9,False,3320,830,True,True,0.8349397590361446,0.47582410997045144,0.007518796992481203,0.021897810218978103,0.021897810218978103,0.32887904215294617,,1.658124994719401
adversarial,10002,10,joint_dirichlet_0.3,submitted,none,B0,1,0,False,715,179,True,False,0.9664804469273743,0.4914772727272727,,,,,"comparison_groups,subgroup_accuracy_gap",1.1842089879792184
adversarial,10002,10,joint_dirichlet_0.3,submitted,none,B0,1,1,False,4319,1080,True,False,0.9805555555555555,0.4950911640953717,,,,,"comparison_groups,subgroup_accuracy_gap",1.955666986759752
adversarial,10002,10,joint_dirichlet_0.3,submitted,none,B0,1,2,False,394,99,True,True,0.98989898989899,0.49746192893401014,0.0,,,0.020408163265306145,"equal_opportunity_gap,equalized_odds_gap",0.7558749930467457
adversarial,10002,10,joint_dirichlet_0.3,submitted,none,B0,1,3,False,3295,824,True,True,0.9963592233009708,0.4990881458966565,0.0,0.0,,0.004316546762589968,"equalized_odds_gap,false_positive_rate_gap",1.6242910060100257
adversarial,10002,10,joint_dirichlet_0.3,submitted,none,B0,1,4,False,4896,1224,True,True,0.7941176470588235,0.4981125198510843,0.03663003663003663,,,0.5280830280830281,"equal_opportunity_gap,equalized_odds_gap",2.2274170187301934
adversarial,10002,10,joint_dirichlet_0.3,submitted,none,B0,1,5,False,84,22,True,False,0.7727272727272727,0.5752895752895753,,,,,"comparison_groups,subgroup_accuracy_gap",0.9182500070892274
adversarial,10002,10,joint_dirichlet_0.3,submitted,none,B0,1,6,False,1505,377,True,True,0.9177718832891246,0.5088051107468583,0.00392156862745098,,,0.1215686274509804,"equal_opportunity_gap,equalized_odds_gap",1.1454999912530184
adversarial,10002,10,joint_dirichlet_0.3,submitted,none,B0,1,7,False,1474,369,True,False,0.9512195121951219,0.4875,,,,,"comparison_groups,subgroup_accuracy_gap",1.0734999959822744
adversarial,10002,10,joint_dirichlet_0.3,submitted,none,B0,1,8,False,2006,502,True,False,0.7828685258964143,0.447978773846635,,,,,"comparison_groups,subgroup_accuracy_gap",1.2512080138549209
adversarial,10002,10,joint_dirichlet_0.3,submitted,none,B0,1,9,False,1818,455,True,True,0.9978021978021978,0.49944994499449946,0.0,,,0.002739726027397249,"equal_opportunity_gap,equalized_odds_gap",1.2795829970855266
adversarial,10002,10,joint_dirichlet_0.3,submitted,none,B0,2,0,False,715,179,True,False,0.9664804469273743,0.4914772727272727,,,,,"comparison_groups,subgroup_accuracy_gap",1.1558749829418957
adversarial,10002,10,joint_dirichlet_0.3,submitted,none,B0,2,1,False,4319,1080,True,False,0.9805555555555555,0.4950911640953717,,,,,"comparison_groups,subgroup_accuracy_gap",1.9307500042486936
adversarial,10002,10,joint_dirichlet_0.3,submitted,none,B0,2,2,False,394,99,True,True,0.98989898989899,0.49746192893401014,0.0,,,0.020408163265306145,"equal_opportunity_gap,equalized_odds_gap",0.7989169971551746
adversarial,10002,10,joint_dirichlet_0.3,submitted,none,B0,2,3,False,3295,824,True,True,0.9939320388349514,0.7206969019049556,0.009748480285538985,0.012613702558587625,,0.011187329206402308,"equalized_odds_gap,false_positive_rate_gap",1.6349999932572246
adversarial,10002,10,joint_dirichlet_0.3,submitted,none,B0,2,4,False,4896,1224,True,True,0.7941176470588235,0.4918819188191882,0.02808302808302808,,,0.5280830280830281,"equal_opportunity_gap,equalized_odds_gap",2.1527500066440552
adversarial,10002,10,joint_dirichlet_0.3,submitted,none,B0,2,5,False,84,22,True,False,0.8181818181818182,0.6944444444444444,,,,,"comparison_groups,subgroup_accuracy_gap",0.6932919786777347
adversarial,10002,10,joint_dirichlet_0.3,submitted,none,B0,2,6,False,1505,377,True,True,0.9177718832891246,0.5088051107468583,0.00392156862745098,,,0.1215686274509804,"equal_opportunity_gap,equalized_odds_gap",1.3151250022929162
adversarial,10002,10,joint_dirichlet_0.3,submitted,none,B0,2,7,False,1474,369,True,False,0.9512195121951219,0.4875,,,,,"comparison_groups,subgroup_accuracy_gap",1.0997079953085631
adversarial,10002,10,joint_dirichlet_0.3,submitted,none,B0,2,8,False,2006,502,True,False,0.7848605577689243,0.4573190262652146,,,,,"comparison_groups,subgroup_accuracy_gap",1.25125001068227
adversarial,10002,10,joint_dirichlet_0.3,submitted,none,B0,2,9,False,1818,455,True,True,0.9978021978021978,0.49944994499449946,0.0,,,0.002739726027397249,"equal_opportunity_gap,equalized_odds_gap",1.1618749995250255
adversarial,10002,10,joint_dirichlet_0.3,submitted,none,B0,3,0,False,715,179,True,False,0.9664804469273743,0.4914772727272727,,,,,"comparison_groups,subgroup_accuracy_gap",0.9240839863196015
adversarial,10002,10,joint_dirichlet_0.3,submitted,none,B0,3,1,False,4319,1080,True,False,0.9805555555555555,0.4950911640953717,,,,,"comparison_groups,subgroup_accuracy_gap",2.1309999865479767
adversarial,10002,10,joint_dirichlet_0.3,submitted,none,B0,3,2,False,394,99,True,True,0.98989898989899,0.49746192893401014,0.0,,,0.020408163265306145,"equal_opportunity_gap,equalized_odds_gap",0.9018749988172203
adversarial,10002,10,joint_dirichlet_0.3,submitted,none,B0,3,3,False,3295,824,True,True,0.9502427184466019,0.5316559229222985,0.10500250962021085,0.10774297620647943,,0.10644135854107417,"equalized_odds_gap,false_positive_rate_gap",1.637500012293458
adversarial,10002,10,joint_dirichlet_0.3,submitted,none,B0,3,4,False,4896,1224,True,True,0.795751633986928,0.5020957538205202,0.03317053317053317,,,0.5203500203500203,"equal_opportunity_gap,equalized_odds_gap",2.05966699286364
adversarial,10002,10,joint_dirichlet_0.3,submitted,none,B0,3,5,False,84,22,True,False,0.8181818181818182,0.6944444444444444,,,,,"comparison_groups,subgroup_accuracy_gap",0.6077919970266521
adversarial,10002,10,joint_dirichlet_0.3,submitted,none,B0,3,6,False,1505,377,True,True,0.9177718832891246,0.5088051107468583,0.00392156862745098,,,0.1215686274509804,"equal_opportunity_gap,equalized_odds_gap",1.0676670062821358
adversarial,10002,10,joint_dirichlet_0.3,submitted,none,B0,3,7,False,1474,369,True,False,0.9512195121951219,0.4875,,,,,"comparison_groups,subgroup_accuracy_gap",1.2608339893631637
adversarial,10002,10,joint_dirichlet_0.3,submitted,none,B0,3,8,False,2006,502,True,False,0.7888446215139442,0.4834187635911774,,,,,"comparison_groups,subgroup_accuracy_gap",1.296250004088506
adversarial,10002,10,joint_dirichlet_0.3,submitted,none,B0,3,9,False,1818,455,True,True,0.9978021978021978,0.49944994499449946,0.0,,,0.002739726027397249,"equal_opportunity_gap,equalized_odds_gap",1.177750003989786
adversarial,10002,10,joint_dirichlet_0.3,submitted,none,B0,4,0,False,715,179,True,False,0.9664804469273743,0.4914772727272727,,,,,"comparison_groups,subgroup_accuracy_gap",0.8929999894462526
adversarial,10002,10,joint_dirichlet_0.3,submitted,none,B0,4,1,False,4319,1080,True,False,0.9805555555555555,0.4950911640953717,,,,,"comparison_groups,subgroup_accuracy_gap",1.8563340127002448
adversarial,10002,10,joint_dirichlet_0.3,submitted,none,B0,4,2,False,394,99,True,True,0.98989898989899,0.49746192893401014,0.0,,,0.020408163265306145,"equal_opportunity_gap,equalized_odds_gap",0.9209999989252537
adversarial,10002,10,joint_dirichlet_0.3,submitted,none,B0,4,3,False,3295,824,True,True,0.8434466019417476,0.47246333655921985,0.17139032959678768,0.17371286463234303,,0.172829178517651,"equalized_odds_gap,false_positive_rate_gap",1.6587919963058084
adversarial,10002,10,joint_dirichlet_0.3,submitted,none,B0,4,4,False,4896,1224,True,True,0.7990196078431373,0.5159722222222222,0.04171754171754172,,,0.5118030118030117,"equal_opportunity_gap,equalized_odds_gap",2.0450000010896474
adversarial,10002,10,joint_dirichlet_0.3,submitted,none,B0,4,5,False,84,22,True,False,0.8181818181818182,0.6944444444444444,,,,,"comparison_groups,subgroup_accuracy_gap",0.611708004726097
adversarial,10002,10,joint_dirichlet_0.3,submitted,none,B0,4,6,False,1505,377,True,True,0.9177718832891246,0.5088051107468583,0.00392156862745098,,,0.1215686274509804,"equal_opportunity_gap,equalized_odds_gap",1.0658339888323098
adversarial,10002,10,joint_dirichlet_0.3,submitted,none,B0,4,7,False,1474,369,True,False,0.9512195121951219,0.4875,,,,,"comparison_groups,subgroup_accuracy_gap",1.0459579934831709
adversarial,10002,10,joint_dirichlet_0.3,submitted,none,B0,4,8,False,2006,502,True,False,0.7888446215139442,0.4834187635911774,,,,,"comparison_groups,subgroup_accuracy_gap",1.198125013615936
adversarial,10002,10,joint_dirichlet_0.3,submitted,none,B0,4,9,False,1818,455,True,True,0.9978021978021978,0.49944994499449946,0.0,,,0.002739726027397249,"equal_opportunity_gap,equalized_odds_gap",1.4062919944990426
adversarial,10002,10,joint_dirichlet_0.3,submitted,none,B0,5,0,False,715,179,True,False,0.9664804469273743,0.4914772727272727,,,,,"comparison_groups,subgroup_accuracy_gap",0.9376249799970537
adversarial,10002,10,joint_dirichlet_0.3,submitted,none,B0,5,1,False,4319,1080,True,False,0.9805555555555555,0.4950911640953717,,,,,"comparison_groups,subgroup_accuracy_gap",1.857291004853323
adversarial,10002,10,joint_dirichlet_0.3,submitted,none,B0,5,2,False,394,99,True,True,0.98989898989899,0.49746192893401014,0.0,,,0.020408163265306145,"equal_opportunity_gap,equalized_odds_gap",0.750375009374693
adversarial,10002,10,joint_dirichlet_0.3,submitted,none,B0,5,3,False,3295,824,True,True,0.7293689320388349,0.4303447035809615,0.21076348223746588,0.21261818344759598,,0.2122023311583292,"equalized_odds_gap,false_positive_rate_gap",1.6695419908501208
adversarial,10002,10,joint_dirichlet_0.3,submitted,none,B0,5,4,False,4896,1224,True,True,0.8014705882352942,0.5261459931462655,0.048127798127798126,,,0.5053927553927553,"equal_opportunity_gap,equalized_odds_gap",2.1989999804645777
adversarial,10002,10,joint_dirichlet_0.3,submitted,none,B0,5,5,False,84,22,True,False,0.8181818181818182,0.6944444444444444,,,,,"comparison_groups,subgroup_accuracy_gap",0.6147080275695771
adversarial,10002,10,joint_dirichlet_0.3,submitted,none,B0,5,6,False,1505,377,True,True,0.9204244031830239,0.5379901960784313,0.00784313725490196,,,0.11764705882352944,"equal_opportunity_gap,equalized_odds_gap",1.067332981619984
adversarial,10002,10,joint_dirichlet_0.3,submitted,none,B0,5,7,False,1474,369,True,False,0.9512195121951219,0.4875,,,,,"comparison_groups,subgroup_accuracy_gap",1.053999993018806
adversarial,10002,10,joint_dirichlet_0.3,submitted,none,B0,5,8,False,2006,502,True,False,0.7888446215139442,0.4834187635911774,,,,,"comparison_groups,subgroup_accuracy_gap",1.2194589944556355
adversarial,10002,10,joint_dirichlet_0.3,submitted,none,B0,5,9,False,1818,455,True,True,0.9978021978021978,0.49944994499449946,0.0,,,0.002739726027397249,"equal_opportunity_gap,equalized_odds_gap",1.1433750041760504
adversarial,10002,10,joint_dirichlet_0.3,submitted,label_flip,B0,1,0,False,715,179,True,False,0.9664804469273743,0.4914772727272727,,,,,"comparison_groups,subgroup_accuracy_gap",1.0769159998744726
adversarial,10002,10,joint_dirichlet_0.3,submitted,label_flip,B0,1,1,False,4319,1080,True,False,0.9805555555555555,0.4950911640953717,,,,,"comparison_groups,subgroup_accuracy_gap",2.057707984931767
adversarial,10002,10,joint_dirichlet_0.3,submitted,label_flip,B0,1,2,False,394,99,True,True,0.98989898989899,0.49746192893401014,0.0,,,0.020408163265306145,"equal_opportunity_gap,equalized_odds_gap",0.7712499937042594
adversarial,10002,10,joint_dirichlet_0.3,submitted,label_flip,B0,1,3,True,3295,824,True,False,0.0036407766990291263,0.0036275695284159614,0.0,0.0,,0.004316546762589928,"equalized_odds_gap,false_positive_rate_gap",1.8177080200985074
adversarial,10002,10,joint_dirichlet_0.3,submitted,label_flip,B0,1,4,False,4896,1224,True,True,0.7941176470588235,0.4981125198510843,0.03663003663003663,,,0.5280830280830281,"equal_opportunity_gap,equalized_odds_gap",2.185459015890956
adversarial,10002,10,joint_dirichlet_0.3,submitted,label_flip,B0,1,5,False,84,22,True,False,0.7727272727272727,0.5752895752895753,,,,,"comparison_groups,subgroup_accuracy_gap",0.62037497991696
adversarial,10002,10,joint_dirichlet_0.3,submitted,label_flip,B0,1,6,False,1505,377,True,True,0.9177718832891246,0.5088051107468583,0.00392156862745098,,,0.1215686274509804,"equal_opportunity_gap,equalized_odds_gap",1.0777919960673898
adversarial,10002,10,joint_dirichlet_0.3,submitted,label_flip,B0,1,7,False,1474,369,True,False,0.9512195121951219,0.4875,,,,,"comparison_groups,subgroup_accuracy_gap",1.0725000174716115
adversarial,10002,10,joint_dirichlet_0.3,submitted,label_flip,B0,1,8,False,2006,502,True,False,0.7828685258964143,0.447978773846635,,,,,"comparison_groups,subgroup_accuracy_gap",1.2055000115651637
adversarial,10002,10,joint_dirichlet_0.3,submitted,label_flip,B0,1,9,True,1818,455,True,False,0.002197802197802198,0.0021929824561403508,0.0,,,0.0027397260273972603,"equal_opportunity_gap,equalized_odds_gap",1.4673339901492
adversarial,10002,10,joint_dirichlet_0.3,submitted,label_flip,B0,2,0,False,715,179,True,False,0.9664804469273743,0.4914772727272727,,,,,"comparison_groups,subgroup_accuracy_gap",0.9567910165060312
adversarial,10002,10,joint_dirichlet_0.3,submitted,label_flip,B0,2,1,False,4319,1080,True,False,0.9805555555555555,0.4950911640953717,,,,,"comparison_groups,subgroup_accuracy_gap",1.909292011987418
adversarial,10002,10,joint_dirichlet_0.3,submitted,label_flip,B0,2,2,False,394,99,True,True,0.98989898989899,0.49746192893401014,0.0,,,0.020408163265306145,"equal_opportunity_gap,equalized_odds_gap",0.7717499975115061
adversarial,10002,10,joint_dirichlet_0.3,submitted,label_flip,B0,2,3,True,3295,824,True,False,0.0036407766990291263,0.0036275695284159614,0.0,0.0,,0.004316546762589928,"equalized_odds_gap,false_positive_rate_gap",1.5987080114427954
adversarial,10002,10,joint_dirichlet_0.3,submitted,label_flip,B0,2,4,False,4896,1224,True,True,0.7892156862745098,0.45948240449130495,0.009361009361009361,,,0.5478225478225478,"equal_opportunity_gap,equalized_odds_gap",2.4124170013237745
adversarial,10002,10,joint_dirichlet_0.3,submitted,label_flip,B0,2,5,False,84,22,True,False,0.7272727272727273,0.42105263157894735,,,,,"comparison_groups,subgroup_accuracy_gap",0.6734589987900108
adversarial,10002,10,joint_dirichlet_0.3,submitted,label_flip,B0,2,6,False,1505,377,True,True,0.9151193633952255,0.4778393351800554,0.0,,,0.12549019607843137,"equal_opportunity_gap,equalized_odds_gap",1.0849160025827587
adversarial,10002,10,joint_dirichlet_0.3,submitted,label_flip,B0,2,7,False,1474,369,True,False,0.9512195121951219,0.4875,,,,,"comparison_groups,subgroup_accuracy_gap",1.0520000068936497
adversarial,10002,10,joint_dirichlet_0.3,submitted,label_flip,B0,2,8,False,2006,502,True,False,0.7828685258964143,0.447978773846635,,,,,"comparison_groups,subgroup_accuracy_gap",1.2708329886663705
adversarial,10002,10,joint_dirichlet_0.3,submitted,label_flip,B0,2,9,True,1818,455,True,False,0.002197802197802198,0.0021929824561403508,0.0,,,0.0027397260273972603,"equal_opportunity_gap,equalized_odds_gap",1.2317500077188015
adversarial,10002,10,joint_dirichlet_0.3,submitted,label_flip,B0,3,0,False,715,179,True,False,0.9664804469273743,0.4914772727272727,,,,,"comparison_groups,subgroup_accuracy_gap",1.01420798455365
adversarial,10002,10,joint_dirichlet_0.3,submitted,label_flip,B0,3,1,False,4319,1080,True,False,0.9805555555555555,0.4950911640953717,,,,,"comparison_groups,subgroup_accuracy_gap",1.9019170140381902
adversarial,10002,10,joint_dirichlet_0.3,submitted,label_flip,B0,3,2,False,394,99,True,True,0.98989898989899,0.49746192893401014,0.0,,,0.020408163265306145,"equal_opportunity_gap,equalized_odds_gap",0.771708000684157
adversarial,10002,10,joint_dirichlet_0.3,submitted,label_flip,B0,3,3,True,3295,824,True,False,0.0036407766990291263,0.0036275695284159614,0.0,0.0,,0.004316546762589928,"equalized_odds_gap,false_positive_rate_gap",1.5839159896131605
adversarial,10002,10,joint_dirichlet_0.3,submitted,label_flip,B0,3,4,False,4896,1224,True,True,0.7875816993464052,0.44805194805194803,0.004273504273504274,,,0.5555555555555556,"equal_opportunity_gap,equalized_odds_gap",2.350666996790096
adversarial,10002,10,joint_dirichlet_0.3,submitted,label_flip,B0,3,5,False,84,22,True,False,0.7272727272727273,0.42105263157894735,,,,,"comparison_groups,subgroup_accuracy_gap",0.6498750008177012
adversarial,10002,10,joint_dirichlet_0.3,submitted,label_flip,B0,3,6,False,1505,377,True,True,0.9151193633952255,0.4778393351800554,0.0,,,0.12549019607843137,"equal_opportunity_gap,equalized_odds_gap",1.1396250047255307
adversarial,10002,10,joint_dirichlet_0.3,submitted,label_flip,B0,3,7,False,1474,369,True,False,0.9512195121951219,0.4875,,,,,"comparison_groups,subgroup_accuracy_gap",1.051166997058317
adversarial,10002,10,joint_dirichlet_0.3,submitted,label_flip,B0,3,8,False,2006,502,True,False,0.7808764940239044,0.43847874720357943,,,,,"comparison_groups,subgroup_accuracy_gap",1.2184999941382557
adversarial,10002,10,joint_dirichlet_0.3,submitted,label_flip,B0,3,9,True,1818,455,True,True,0.7648351648351648,0.43337484433374845,0.2350076103500761,,,0.23774733637747336,"equal_opportunity_gap,equalized_odds_gap",1.166582980658859
adversarial,10002,10,joint_dirichlet_0.3,submitted,label_flip,B0,4,0,False,715,179,True,False,0.9664804469273743,0.4914772727272727,,,,,"comparison_groups,subgroup_accuracy_gap",1.104666996980086
adversarial,10002,10,joint_dirichlet_0.3,submitted,label_flip,B0,4,1,False,4319,1080,True,False,0.9805555555555555,0.4950911640953717,,,,,"comparison_groups,subgroup_accuracy_gap",1.964750001206994
adversarial,10002,10,joint_dirichlet_0.3,submitted,label_flip,B0,4,2,False,394,99,True,True,0.98989898989899,0.49746192893401014,0.0,,,0.020408163265306145,"equal_opportunity_gap,equalized_odds_gap",0.7473329897038639
adversarial,10002,10,joint_dirichlet_0.3,submitted,label_flip,B0,4,3,True,3295,824,True,False,0.0036407766990291263,0.0036275695284159614,0.0,0.0,,0.004316546762589928,"equalized_odds_gap,false_positive_rate_gap",1.5808329917490482
adversarial,10002,10,joint_dirichlet_0.3,submitted,label_flip,B0,4,4,False,4896,1224,True,True,0.7875816993464052,0.44805194805194803,0.004273504273504274,,,0.5555555555555556,"equal_opportunity_gap,equalized_odds_gap",2.184083015890792
adversarial,10002,10,joint_dirichlet_0.3,submitted,label_flip,B0,4,5,False,84,22,True,False,0.7272727272727273,0.42105263157894735,,,,,"comparison_groups,subgroup_accuracy_gap",0.6915419944562018
adversarial,10002,10,joint_dirichlet_0.3,submitted,label_flip,B0,4,6,False,1505,377,True,True,0.9151193633952255,0.4778393351800554,0.0,,,0.12549019607843137,"equal_opportunity_gap,equalized_odds_gap",1.3085829850751907
adversarial,10002,10,joint_dirichlet_0.3,submitted,label_flip,B0,4,7,False,1474,369,True,False,0.9512195121951219,0.4875,,,,,"comparison_groups,subgroup_accuracy_gap",1.1203330068383366
adversarial,10002,10,joint_dirichlet_0.3,submitted,label_flip,B0,4,8,False,2006,502,True,False,0.7808764940239044,0.43847874720357943,,,,,"comparison_groups,subgroup_accuracy_gap",1.2228330015204847
adversarial,10002,10,joint_dirichlet_0.3,submitted,label_flip,B0,4,9,True,1818,455,True,True,0.9978021978021978,0.49944994499449946,0.0,,,0.002739726027397249,"equal_opportunity_gap,equalized_odds_gap",1.1707920057233423
adversarial,10002,10,joint_dirichlet_0.3,submitted,label_flip,B0,5,0,False,715,179,True,False,0.9664804469273743,0.4914772727272727,,,,,"comparison_groups,subgroup_accuracy_gap",0.9633339941501617
adversarial,10002,10,joint_dirichlet_0.3,submitted,label_flip,B0,5,1,False,4319,1080,True,False,0.9805555555555555,0.4950911640953717,,,,,"comparison_groups,subgroup_accuracy_gap",2.0272920082788914
adversarial,10002,10,joint_dirichlet_0.3,submitted,label_flip,B0,5,2,False,394,99,True,True,0.98989898989899,0.49746192893401014,0.0,,,0.020408163265306145,"equal_opportunity_gap,equalized_odds_gap",0.8965000160969794
adversarial,10002,10,joint_dirichlet_0.3,submitted,label_flip,B0,5,3,True,3295,824,True,False,0.0036407766990291263,0.0036275695284159614,0.0,0.0,,0.004316546762589928,"equalized_odds_gap,false_positive_rate_gap",1.5853330260142684
adversarial,10002,10,joint_dirichlet_0.3,submitted,label_flip,B0,5,4,False,4896,1224,True,True,0.7875816993464052,0.44805194805194803,0.004273504273504274,,,0.5555555555555556,"equal_opportunity_gap,equalized_odds_gap",2.055375021882355
adversarial,10002,10,joint_dirichlet_0.3,submitted,label_flip,B0,5,5,False,84,22,True,False,0.7272727272727273,0.42105263157894735,,,,,"comparison_groups,subgroup_accuracy_gap",0.6255409971345216
adversarial,10002,10,joint_dirichlet_0.3,submitted,label_flip,B0,5,6,False,1505,377,True,True,0.9151193633952255,0.4778393351800554,0.0,,,0.12549019607843137,"equal_opportunity_gap,equalized_odds_gap",1.0657089878804982
adversarial,10002,10,joint_dirichlet_0.3,submitted,label_flip,B0,5,7,False,1474,369,True,False,0.9512195121951219,0.4875,,,,,"comparison_groups,subgroup_accuracy_gap",1.3873330026399344
adversarial,10002,10,joint_dirichlet_0.3,submitted,label_flip,B0,5,8,False,2006,502,True,False,0.7808764940239044,0.43847874720357943,,,,,"comparison_groups,subgroup_accuracy_gap",1.3306250039022416
adversarial,10002,10,joint_dirichlet_0.3,submitted,label_flip,B0,5,9,True,1818,455,True,True,0.9978021978021978,0.49944994499449946,0.0,,,0.002739726027397249,"equal_opportunity_gap,equalized_odds_gap",1.2331249890848994
adversarial,10002,10,joint_dirichlet_0.3,submitted,sign_flip,B0,1,0,False,715,179,True,False,0.9664804469273743,0.4914772727272727,,,,,"comparison_groups,subgroup_accuracy_gap",1.2724999978672713
adversarial,10002,10,joint_dirichlet_0.3,submitted,sign_flip,B0,1,1,False,4319,1080,True,False,0.9805555555555555,0.4950911640953717,,,,,"comparison_groups,subgroup_accuracy_gap",1.9326250185258687
adversarial,10002,10,joint_dirichlet_0.3,submitted,sign_flip,B0,1,2,False,394,99,True,True,0.98989898989899,0.49746192893401014,0.0,,,0.020408163265306145,"equal_opportunity_gap,equalized_odds_gap",0.7631670159753412
adversarial,10002,10,joint_dirichlet_0.3,submitted,sign_flip,B0,1,3,True,3295,824,True,True,0.9963592233009708,0.4990881458966565,0.0,0.0,,0.004316546762589968,"equalized_odds_gap,false_positive_rate_gap",1.5898330020718277
adversarial,10002,10,joint_dirichlet_0.3,submitted,sign_flip,B0,1,4,False,4896,1224,True,True,0.7941176470588235,0.4981125198510843,0.03663003663003663,,,0.5280830280830281,"equal_opportunity_gap,equalized_odds_gap",2.114250004524365
adversarial,10002,10,joint_dirichlet_0.3,submitted,sign_flip,B0,1,5,False,84,22,True,False,0.7727272727272727,0.5752895752895753,,,,,"comparison_groups,subgroup_accuracy_gap",0.6057909922674298
adversarial,10002,10,joint_dirichlet_0.3,submitted,sign_flip,B0,1,6,False,1505,377,True,True,0.9177718832891246,0.5088051107468583,0.00392156862745098,,,0.1215686274509804,"equal_opportunity_gap,equalized_odds_gap",1.273792004212737
adversarial,10002,10,joint_dirichlet_0.3,submitted,sign_flip,B0,1,7,False,1474,369,True,False,0.9512195121951219,0.4875,,,,,"comparison_groups,subgroup_accuracy_gap",1.0970000002998859
adversarial,10002,10,joint_dirichlet_0.3,submitted,sign_flip,B0,1,8,False,2006,502,True,False,0.7828685258964143,0.447978773846635,,,,,"comparison_groups,subgroup_accuracy_gap",1.2011659855488688
adversarial,10002,10,joint_dirichlet_0.3,submitted,sign_flip,B0,1,9,True,1818,455,True,True,0.9978021978021978,0.49944994499449946,0.0,,,0.002739726027397249,"equal_opportunity_gap,equalized_odds_gap",1.13945800694637
adversarial,10002,10,joint_dirichlet_0.3,submitted,sign_flip,B0,2,0,False,715,179,True,False,0.9664804469273743,0.4914772727272727,,,,,"comparison_groups,subgroup_accuracy_gap",0.9072909888345748
adversarial,10002,10,joint_dirichlet_0.3,submitted,sign_flip,B0,2,1,False,4319,1080,True,False,0.9805555555555555,0.4950911640953717,,,,,"comparison_groups,subgroup_accuracy_gap",2.2454159916378558
adversarial,10002,10,joint_dirichlet_0.3,submitted,sign_flip,B0,2,2,False,394,99,True,True,0.98989898989899,0.49746192893401014,0.0,,,0.020408163265306145,"equal_opportunity_gap,equalized_odds_gap",0.8880409877747297
adversarial,10002,10,joint_dirichlet_0.3,submitted,sign_flip,B0,2,3,True,3295,824,True,True,0.9939320388349514,0.7206969019049556,0.009748480285538985,0.012613702558587625,,0.011187329206402308,"equalized_odds_gap,false_positive_rate_gap",1.6086250252556056
adversarial,10002,10,joint_dirichlet_0.3,submitted,sign_flip,B0,2,4,False,4896,1224,True,True,0.7892156862745098,0.45948240449130495,0.009361009361009361,,,0.5478225478225478,"equal_opportunity_gap,equalized_odds_gap",2.0562499994412065
adversarial,10002,10,joint_dirichlet_0.3,submitted,sign_flip,B0,2,5,False,84,22,True,False,0.7272727272727273,0.42105263157894735,,,,,"comparison_groups,subgroup_accuracy_gap",0.6137920136097819
adversarial,10002,10,joint_dirichlet_0.3,submitted,sign_flip,B0,2,6,False,1505,377,True,True,0.9151193633952255,0.4778393351800554,0.0,,,0.12549019607843137,"equal_opportunity_gap,equalized_odds_gap",1.0853749990928918
adversarial,10002,10,joint_dirichlet_0.3,submitted,sign_flip,B0,2,7,False,1474,369,True,False,0.9512195121951219,0.4875,,,,,"comparison_groups,subgroup_accuracy_gap",1.0609590099193156
adversarial,10002,10,joint_dirichlet_0.3,submitted,sign_flip,B0,2,8,False,2006,502,True,False,0.7828685258964143,0.447978773846635,,,,,"comparison_groups,subgroup_accuracy_gap",1.5464159951079637
adversarial,10002,10,joint_dirichlet_0.3,submitted,sign_flip,B0,2,9,True,1818,455,True,True,0.9978021978021978,0.49944994499449946,0.0,,,0.002739726027397249,"equal_opportunity_gap,equalized_odds_gap",1.201375009259209
adversarial,10002,10,joint_dirichlet_0.3,submitted,sign_flip,B0,3,0,False,715,179,True,False,0.9664804469273743,0.4914772727272727,,,,,"comparison_groups,subgroup_accuracy_gap",0.8741669880691916
adversarial,10002,10,joint_dirichlet_0.3,submitted,sign_flip,B0,3,1,False,4319,1080,True,False,0.9805555555555555,0.4950911640953717,,,,,"comparison_groups,subgroup_accuracy_gap",1.887624996015802
adversarial,10002,10,joint_dirichlet_0.3,submitted,sign_flip,B0,3,2,False,394,99,True,True,0.98989898989899,0.49746192893401014,0.0,,,0.020408163265306145,"equal_opportunity_gap,equalized_odds_gap",0.770624988945201
adversarial,10002,10,joint_dirichlet_0.3,submitted,sign_flip,B0,3,3,True,3295,824,True,True,0.9733009708737864,0.5701413259982927,0.058814343873738295,0.061623426087735855,,0.06025319279460151,"equalized_odds_gap,false_positive_rate_gap",1.7901250103022903
adversarial,10002,10,joint_dirichlet_0.3,submitted,sign_flip,B0,3,4,False,4896,1224,True,True,0.7900326797385621,0.45980866420413274,0.010683760683760684,,,0.5491452991452992,"equal_opportunity_gap,equalized_odds_gap",2.102916972944513
adversarial,10002,10,joint_dirichlet_0.3,submitted,sign_flip,B0,3,5,False,84,22,True,False,0.7272727272727273,0.42105263157894735,,,,,"comparison_groups,subgroup_accuracy_gap",0.6191249995026737
adversarial,10002,10,joint_dirichlet_0.3,submitted,sign_flip,B0,3,6,False,1505,377,True,True,0.9151193633952255,0.4778393351800554,0.0,,,0.12549019607843137,"equal_opportunity_gap,equalized_odds_gap",1.0702080035116524
adversarial,10002,10,joint_dirichlet_0.3,submitted,sign_flip,B0,3,7,False,1474,369,True,False,0.9512195121951219,0.4875,,,,,"comparison_groups,subgroup_accuracy_gap",1.0642090055625886
adversarial,10002,10,joint_dirichlet_0.3,submitted,sign_flip,B0,3,8,False,2006,502,True,False,0.7808764940239044,0.43847874720357943,,,,,"comparison_groups,subgroup_accuracy_gap",1.2041669979225844
adversarial,10002,10,joint_dirichlet_0.3,submitted,sign_flip,B0,3,9,True,1818,455,True,True,0.9978021978021978,0.49944994499449946,0.0,,,0.002739726027397249,"equal_opportunity_gap,equalized_odds_gap",1.3988330028951168
adversarial,10002,10,joint_dirichlet_0.3,submitted,sign_flip,B0,4,0,False,715,179,True,False,0.9664804469273743,0.4914772727272727,,,,,"comparison_groups,subgroup_accuracy_gap",0.8776250178925693
adversarial,10002,10,joint_dirichlet_0.3,submitted,sign_flip,B0,4,1,False,4319,1080,True,False,0.9805555555555555,0.4950911640953717,,,,,"comparison_groups,subgroup_accuracy_gap",1.8774170021060854
adversarial,10002,10,joint_dirichlet_0.3,submitted,sign_flip,B0,4,2,False,394,99,True,True,0.98989898989899,0.49746192893401014,0.0,,,0.020408163265306145,"equal_opportunity_gap,equalized_odds_gap",0.7944999961182475
adversarial,10002,10,joint_dirichlet_0.3,submitted,sign_flip,B0,4,3,True,3295,824,True,True,0.9502427184466019,0.5316559229222985,0.10500250962021085,0.10774297620647943,,0.10644135854107417,"equalized_odds_gap,false_positive_rate_gap",1.5915840049274266
adversarial,10002,10,joint_dirichlet_0.3,submitted,sign_flip,B0,4,4,False,4896,1224,True,True,0.7883986928104575,0.45199872081867604,0.00641025641025641,,,0.5534188034188035,"equal_opportunity_gap,equalized_odds_gap",2.365166990784928
adversarial,10002,10,joint_dirichlet_0.3,submitted,sign_flip,B0,4,5,False,84,22,True,False,0.7272727272727273,0.42105263157894735,,,,,"comparison_groups,subgroup_accuracy_gap",0.6237499765120447
adversarial,10002,10,joint_dirichlet_0.3,submitted,sign_flip,B0,4,6,False,1505,377,True,True,0.9151193633952255,0.4778393351800554,0.0,,,0.12549019607843137,"equal_opportunity_gap,equalized_odds_gap",1.0704169981181622
adversarial,10002,10,joint_dirichlet_0.3,submitted,sign_flip,B0,4,7,False,1474,369,True,False,0.9512195121951219,0.4875,,,,,"comparison_groups,subgroup_accuracy_gap",1.0447910171933472
adversarial,10002,10,joint_dirichlet_0.3,submitted,sign_flip,B0,4,8,False,2006,502,True,False,0.7808764940239044,0.43847874720357943,,,,,"comparison_groups,subgroup_accuracy_gap",1.2007080076728016
adversarial,10002,10,joint_dirichlet_0.3,submitted,sign_flip,B0,4,9,True,1818,455,True,True,0.9978021978021978,0.49944994499449946,0.0,,,0.002739726027397249,"equal_opportunity_gap,equalized_odds_gap",1.1974579829256982
adversarial,10002,10,joint_dirichlet_0.3,submitted,sign_flip,B0,5,0,False,715,179,True,False,0.9664804469273743,0.4914772727272727,,,,,"comparison_groups,subgroup_accuracy_gap",0.9357499948237091
adversarial,10002,10,joint_dirichlet_0.3,submitted,sign_flip,B0,5,1,False,4319,1080,True,False,0.9805555555555555,0.4950911640953717,,,,,"comparison_groups,subgroup_accuracy_gap",1.8772909825202078
adversarial,10002,10,joint_dirichlet_0.3,submitted,sign_flip,B0,5,2,False,394,99,True,True,0.98989898989899,0.49746192893401014,0.0,,,0.020408163265306145,"equal_opportunity_gap,equalized_odds_gap",0.769874983234331
adversarial,10002,10,joint_dirichlet_0.3,submitted,sign_flip,B0,5,3,True,3295,824,True,True,0.933252427184466,0.5165918230205544,0.12162177234956217,0.12429986109244073,,0.1230606212704255,"equalized_odds_gap,false_positive_rate_gap",1.5970829990692437
adversarial,10002,10,joint_dirichlet_0.3,submitted,sign_flip,B0,5,4,False,4896,1224,True,True,0.7875816993464052,0.44805194805194803,0.004273504273504274,,,0.5555555555555556,"equal_opportunity_gap,equalized_odds_gap",2.2187090071383864
adversarial,10002,10,joint_dirichlet_0.3,submitted,sign_flip,B0,5,5,False,84,22,True,False,0.7272727272727273,0.42105263157894735,,,,,"comparison_groups,subgroup_accuracy_gap",0.7262080034706742
adversarial,10002,10,joint_dirichlet_0.3,submitted,sign_flip,B0,5,6,False,1505,377,True,True,0.9151193633952255,0.4778393351800554,0.0,,,0.12549019607843137,"equal_opportunity_gap,equalized_odds_gap",1.09570799395442
adversarial,10002,10,joint_dirichlet_0.3,submitted,sign_flip,B0,5,7,False,1474,369,True,False,0.9512195121951219,0.4875,,,,,"comparison_groups,subgroup_accuracy_gap",1.0397080041002482
adversarial,10002,10,joint_dirichlet_0.3,submitted,sign_flip,B0,5,8,False,2006,502,True,False,0.7808764940239044,0.43847874720357943,,,,,"comparison_groups,subgroup_accuracy_gap",1.2353750062175095
adversarial,10002,10,joint_dirichlet_0.3,submitted,sign_flip,B0,5,9,True,1818,455,True,True,0.9978021978021978,0.49944994499449946,0.0,,,0.002739726027397249,"equal_opportunity_gap,equalized_odds_gap",1.1788330157287419
adversarial,10002,10,joint_dirichlet_0.3,submitted,random_weights,B0,1,0,False,715,179,True,False,0.9664804469273743,0.4914772727272727,,,,,"comparison_groups,subgroup_accuracy_gap",1.0017089953180403
adversarial,10002,10,joint_dirichlet_0.3,submitted,random_weights,B0,1,1,False,4319,1080,True,False,0.9805555555555555,0.4950911640953717,,,,,"comparison_groups,subgroup_accuracy_gap",1.9352079834789038
adversarial,10002,10,joint_dirichlet_0.3,submitted,random_weights,B0,1,2,False,394,99,True,True,0.98989898989899,0.49746192893401014,0.0,,,0.020408163265306145,"equal_opportunity_gap,equalized_odds_gap",0.755749992094934
adversarial,10002,10,joint_dirichlet_0.3,submitted,random_weights,B0,1,3,True,3295,824,True,True,0.9963592233009708,0.4990881458966565,0.0,0.0,,0.004316546762589968,"equalized_odds_gap,false_positive_rate_gap",1.6148750146385282
adversarial,10002,10,joint_dirichlet_0.3,submitted,random_weights,B0,1,4,False,4896,1224,True,True,0.7941176470588235,0.4981125198510843,0.03663003663003663,,,0.5280830280830281,"equal_opportunity_gap,equalized_odds_gap",2.3933750053402036
adversarial,10002,10,joint_dirichlet_0.3,submitted,random_weights,B0,1,5,False,84,22,True,False,0.7727272727272727,0.5752895752895753,,,,,"comparison_groups,subgroup_accuracy_gap",0.634541007457301
adversarial,10002,10,joint_dirichlet_0.3,submitted,random_weights,B0,1,6,False,1505,377,True,True,0.9177718832891246,0.5088051107468583,0.00392156862745098,,,0.1215686274509804,"equal_opportunity_gap,equalized_odds_gap",1.0795420093927532
adversarial,10002,10,joint_dirichlet_0.3,submitted,random_weights,B0,1,7,False,1474,369,True,False,0.9512195121951219,0.4875,,,,,"comparison_groups,subgroup_accuracy_gap",1.0560829832684249
adversarial,10002,10,joint_dirichlet_0.3,submitted,random_weights,B0,1,8,False,2006,502,True,False,0.7828685258964143,0.447978773846635,,,,,"comparison_groups,subgroup_accuracy_gap",1.2211660214234143
adversarial,10002,10,joint_dirichlet_0.3,submitted,random_weights,B0,1,9,True,1818,455,True,True,0.9978021978021978,0.49944994499449946,0.0,,,0.002739726027397249,"equal_opportunity_gap,equalized_odds_gap",1.1763329966925085
adversarial,10002,10,joint_dirichlet_0.3,submitted,random_weights,B0,2,0,False,715,179,True,False,0.9441340782122905,0.5688824662813102,,,,,"comparison_groups,subgroup_accuracy_gap",0.9844159940257668
adversarial,10002,10,joint_dirichlet_0.3,submitted,random_weights,B0,2,1,False,4319,1080,True,False,0.9444444444444444,0.5169370229007634,,,,,"comparison_groups,subgroup_accuracy_gap",1.9099159981124103
adversarial,10002,10,joint_dirichlet_0.3,submitted,random_weights,B0,2,2,False,394,99,True,True,0.9191919191919192,0.4789473684210526,0.062040816326530614,,,0.08244897959183672,"equal_opportunity_gap,equalized_odds_gap",0.74562500230968
adversarial,10002,10,joint_dirichlet_0.3,submitted,random_weights,B0,2,3,True,3295,824,True,False,0.6140776699029126,0.3891686248181716,0.22291004405777703,0.22041493032217585,,0.21859349729518707,"equalized_odds_gap,false_positive_rate_gap",1.633167004911229
adversarial,10002,10,joint_dirichlet_0.3,submitted,random_weights,B0,2,4,False,4896,1224,True,True,0.7426470588235294,0.520618883557735,0.0011192511192511106,,,0.3963166463166463,"equal_opportunity_gap,equalized_odds_gap",2.3259999870788306
adversarial,10002,10,joint_dirichlet_0.3,submitted,random_weights,B0,2,5,False,84,22,True,False,0.7272727272727273,0.5416666666666667,,,,,"comparison_groups,subgroup_accuracy_gap",0.6692080060020089
adversarial,10002,10,joint_dirichlet_0.3,submitted,random_weights,B0,2,6,False,1505,377,True,True,0.8488063660477454,0.6058004512685047,0.09521054323368693,,,0.12658309225329478,"equal_opportunity_gap,equalized_odds_gap",1.274167007068172
adversarial,10002,10,joint_dirichlet_0.3,submitted,random_weights,B0,2,7,False,1474,369,True,False,0.8943089430894309,0.6036083184134416,,,,,"comparison_groups,subgroup_accuracy_gap",1.1616249976214021
adversarial,10002,10,joint_dirichlet_0.3,submitted,random_weights,B0,2,8,False,2006,502,True,False,0.7948207171314741,0.5592549972296808,,,,,"comparison_groups,subgroup_accuracy_gap",1.310292020207271
adversarial,10002,10,joint_dirichlet_0.3,submitted,random_weights,B0,2,9,True,1818,455,True,True,0.9384615384615385,0.48412698412698413,0.0091324200913242,,,0.006392694063926951,"equal_opportunity_gap,equalized_odds_gap",1.2243750097695738
adversarial,10002,10,joint_dirichlet_0.3,submitted,random_weights,B0,3,0,False,715,179,True,False,0.7821229050279329,0.5043663471778488,,,,,"comparison_groups,subgroup_accuracy_gap",1.275250018807128
adversarial,10002,10,joint_dirichlet_0.3,submitted,random_weights,B0,3,1,False,4319,1080,True,False,0.7972222222222223,0.4771594363083725,,,,,"comparison_groups,subgroup_accuracy_gap",1.9658329838421196
adversarial,10002,10,joint_dirichlet_0.3,submitted,random_weights,B0,3,2,False,394,99,True,True,0.7878787878787878,0.48347826086956525,0.08530612244897962,,,0.06489795918367347,"equal_opportunity_gap,equalized_odds_gap",0.9182089997921139
adversarial,10002,10,joint_dirichlet_0.3,submitted,random_weights,B0,3,3,True,3295,824,True,True,0.7390776699029126,0.43390498832085533,0.12697562879928614,0.12530806111932602,,0.12553677987842282,"equalized_odds_gap,false_positive_rate_gap",1.7016669735312462
adversarial,10002,10,joint_dirichlet_0.3,submitted,random_weights,B0,3,4,False,4896,1224,True,True,0.6633986928104575,0.5782402590668375,0.04314204314204312,,,0.043142043142043174,"equal_opportunity_gap,equalized_odds_gap",2.192083018599078
adversarial,10002,10,joint_dirichlet_0.3,submitted,random_weights,B0,3,5,False,84,22,True,False,0.5,0.47276688453159044,,,,,"comparison_groups,subgroup_accuracy_gap",0.6613750010728836
adversarial,10002,10,joint_dirichlet_0.3,submitted,random_weights,B0,3,6,False,1505,377,True,True,0.7718832891246684,0.5953724041533546,0.20681452909032466,,,0.16759884281581483,"equal_opportunity_gap,equalized_odds_gap",1.0870420082937926
adversarial,10002,10,joint_dirichlet_0.3,submitted,random_weights,B0,3,7,False,1474,369,True,False,0.6964769647696477,0.5008695652173913,,,,,"comparison_groups,subgroup_accuracy_gap",1.0667919996194541
adversarial,10002,10,joint_dirichlet_0.3,submitted,random_weights,B0,3,8,False,2006,502,True,False,0.749003984063745,0.6589085418464193,,,,,"comparison_groups,subgroup_accuracy_gap",1.2034169922117144
adversarial,10002,10,joint_dirichlet_0.3,submitted,random_weights,B0,3,9,True,1818,455,True,True,0.810989010989011,0.44781553398058255,0.1272450532724505,,,0.12450532724505325,"equal_opportunity_gap,equalized_odds_gap",1.3443749921862036
adversarial,10002,10,joint_dirichlet_0.3,submitted,random_weights,B0,4,0,False,715,179,True,False,0.776536312849162,0.5011148272017837,,,,,"comparison_groups,subgroup_accuracy_gap",1.084791001630947
adversarial,10002,10,joint_dirichlet_0.3,submitted,random_weights,B0,4,1,False,4319,1080,True,False,0.8083333333333333,0.48244129542471254,,,,,"comparison_groups,subgroup_accuracy_gap",2.025875000981614
adversarial,10002,10,joint_dirichlet_0.3,submitted,random_weights,B0,4,2,False,394,99,True,True,0.7878787878787878,0.48347826086956525,0.16612244897959183,,,0.14571428571428569,"equal_opportunity_gap,equalized_odds_gap",0.7901669887360185
adversarial,10002,10,joint_dirichlet_0.3,submitted,random_weights,B0,4,3,True,3295,824,True,True,0.7099514563106796,0.4151880766501065,0.10979867268975518,0.1111148451852847,,0.11411521945234504,"equalized_odds_gap,false_positive_rate_gap",1.6773339884821326
adversarial,10002,10,joint_dirichlet_0.3,submitted,random_weights,B0,4,4,False,4896,1224,True,False,0.5857843137254902,0.48146644106034964,0.13115588115588117,,,0.06969881969881975,"equal_opportunity_gap,equalized_odds_gap",2.188917016610503
adversarial,10002,10,joint_dirichlet_0.3,submitted,random_weights,B0,4,5,False,84,22,True,False,0.6818181818181818,0.6644880174291938,,,,,"comparison_groups,subgroup_accuracy_gap",0.6174590089358389
adversarial,10002,10,joint_dirichlet_0.3,submitted,random_weights,B0,4,6,False,1505,377,True,True,0.7347480106100795,0.5352564102564102,0.19042108646737385,,,0.1982642237222758,"equal_opportunity_gap,equalized_odds_gap",1.3144580007065088
adversarial,10002,10,joint_dirichlet_0.3,submitted,random_weights,B0,4,7,False,1474,369,True,False,0.6856368563685636,0.47718389681453977,,,,,"comparison_groups,subgroup_accuracy_gap",1.0898750042542815
adversarial,10002,10,joint_dirichlet_0.3,submitted,random_weights,B0,4,8,False,2006,502,True,False,0.7191235059760956,0.6106150875513673,,,,,"comparison_groups,subgroup_accuracy_gap",1.222708000568673
adversarial,10002,10,joint_dirichlet_0.3,submitted,random_weights,B0,4,9,True,1818,455,True,True,0.8263736263736263,0.45246690734055356,0.14642313546423133,,,0.1436834094368341,"equal_opportunity_gap,equalized_odds_gap",1.1793750163633376
adversarial,10002,10,joint_dirichlet_0.3,submitted,random_weights,B0,5,0,False,715,179,True,False,0.7039106145251397,0.48953457089050306,,,,,"comparison_groups,subgroup_accuracy_gap",0.8941249980125576
adversarial,10002,10,joint_dirichlet_0.3,submitted,random_weights,B0,5,1,False,4319,1080,True,False,0.6916666666666667,0.42565576715774345,,,,,"comparison_groups,subgroup_accuracy_gap",2.266458992380649
adversarial,10002,10,joint_dirichlet_0.3,submitted,random_weights,B0,5,2,False,394,99,True,True,0.6666666666666666,0.4273444347063979,0.006938775510204054,,,0.01346938775510198,"equal_opportunity_gap,equalized_odds_gap",0.7754169928375632
adversarial,10002,10,joint_dirichlet_0.3,submitted,random_weights,B0,5,3,True,3295,824,True,True,0.808252427184466,0.4531586021505376,0.023701968657632078,0.023098982838195115,,0.0251408175784954,"equalized_odds_gap,false_positive_rate_gap",1.6060420020949095
adversarial,10002,10,joint_dirichlet_0.3,submitted,random_weights,B0,5,4,False,4896,1224,True,True,0.6348039215686274,0.5706937989575086,0.1108058608058608,,,0.0210622710622711,"equal_opportunity_gap,equalized_odds_gap",2.159708004910499
adversarial,10002,10,joint_dirichlet_0.3,submitted,random_weights,B0,5,5,False,84,22,True,False,0.5454545454545454,0.5299145299145299,,,,,"comparison_groups,subgroup_accuracy_gap",0.6029169890098274
adversarial,10002,10,joint_dirichlet_0.3,submitted,random_weights,B0,5,6,False,1505,377,True,True,0.6843501326259946,0.5300975144805338,0.11809707489553195,,,0.07888138862102223,"equal_opportunity_gap,equalized_odds_gap",1.0923330264631659
adversarial,10002,10,joint_dirichlet_0.3,submitted,random_weights,B0,5,7,False,1474,369,True,False,0.6883468834688347,0.4846180939310395,,,,,"comparison_groups,subgroup_accuracy_gap",1.3291249924805015
adversarial,10002,10,joint_dirichlet_0.3,submitted,random_weights,B0,5,8,False,2006,502,True,False,0.6533864541832669,0.5910444406989157,,,,,"comparison_groups,subgroup_accuracy_gap",1.2984159984625876
adversarial,10002,10,joint_dirichlet_0.3,submitted,random_weights,B0,5,9,True,1818,455,True,True,0.7428571428571429,0.4344463449096453,0.0506849315068493,,,0.05342465753424663,"equal_opportunity_gap,equalized_odds_gap",1.201999984914437
adversarial,10002,10,joint_dirichlet_0.3,submitted,none,B6,1,0,False,715,179,True,False,0.9664804469273743,0.4914772727272727,,,,,"comparison_groups,subgroup_accuracy_gap",1.138332998380065
adversarial,10002,10,joint_dirichlet_0.3,submitted,none,B6,1,1,False,4319,1080,True,False,0.9805555555555555,0.4950911640953717,,,,,"comparison_groups,subgroup_accuracy_gap",1.9795419939327985
adversarial,10002,10,joint_dirichlet_0.3,submitted,none,B6,1,2,False,394,99,True,True,0.98989898989899,0.49746192893401014,0.0,,,0.020408163265306145,"equal_opportunity_gap,equalized_odds_gap",0.7964590040501207
adversarial,10002,10,joint_dirichlet_0.3,submitted,none,B6,1,3,False,3295,824,True,True,0.9963592233009708,0.4990881458966565,0.0,0.0,,0.004316546762589968,"equalized_odds_gap,false_positive_rate_gap",1.6551660082768649
adversarial,10002,10,joint_dirichlet_0.3,submitted,none,B6,1,4,False,4896,1224,True,True,0.7941176470588235,0.4981125198510843,0.03663003663003663,,,0.5280830280830281,"equal_opportunity_gap,equalized_odds_gap",2.470832987455651
adversarial,10002,10,joint_dirichlet_0.3,submitted,none,B6,1,5,False,84,22,True,False,0.7727272727272727,0.5752895752895753,,,,,"comparison_groups,subgroup_accuracy_gap",0.6343749992083758
adversarial,10002,10,joint_dirichlet_0.3,submitted,none,B6,1,6,False,1505,377,True,True,0.9177718832891246,0.5088051107468583,0.00392156862745098,,,0.1215686274509804,"equal_opportunity_gap,equalized_odds_gap",1.0833750129677355
adversarial,10002,10,joint_dirichlet_0.3,submitted,none,B6,1,7,False,1474,369,True,False,0.9512195121951219,0.4875,,,,,"comparison_groups,subgroup_accuracy_gap",1.0575409978628159
adversarial,10002,10,joint_dirichlet_0.3,submitted,none,B6,1,8,False,2006,502,True,False,0.7828685258964143,0.447978773846635,,,,,"comparison_groups,subgroup_accuracy_gap",1.2256659974809736
adversarial,10002,10,joint_dirichlet_0.3,submitted,none,B6,1,9,False,1818,455,True,True,0.9978021978021978,0.49944994499449946,0.0,,,0.002739726027397249,"equal_opportunity_gap,equalized_odds_gap",1.2713750184047967
adversarial,10002,10,joint_dirichlet_0.3,submitted,none,B6,2,0,False,715,179,True,False,0.9664804469273743,0.4914772727272727,,,,,"comparison_groups,subgroup_accuracy_gap",0.9356669906992465
adversarial,10002,10,joint_dirichlet_0.3,submitted,none,B6,2,1,False,4319,1080,True,False,0.9805555555555555,0.4950911640953717,,,,,"comparison_groups,subgroup_accuracy_gap",1.8935000116471201
adversarial,10002,10,joint_dirichlet_0.3,submitted,none,B6,2,2,False,394,99,True,True,0.98989898989899,0.49746192893401014,0.0,,,0.020408163265306145,"equal_opportunity_gap,equalized_odds_gap",0.7465420057997108
adversarial,10002,10,joint_dirichlet_0.3,submitted,none,B6,2,3,False,3295,824,True,True,0.9781553398058253,0.5853740355585374,0.03699737884111309,0.03981269883944971,,0.038436227761976416,"equalized_odds_gap,false_positive_rate_gap",1.5978750016074628
adversarial,10002,10,joint_dirichlet_0.3,submitted,none,B6,2,4,False,4896,1224,True,True,0.7900326797385621,0.4633328272066413,0.011497761497761497,,,0.5456857956857957,"equal_opportunity_gap,equalized_odds_gap",2.350583003135398
adversarial,10002,10,joint_dirichlet_0.3,submitted,none,B6,2,5,False,84,22,True,False,0.7727272727272727,0.5752895752895753,,,,,"comparison_groups,subgroup_accuracy_gap",0.647540990030393
adversarial,10002,10,joint_dirichlet_0.3,submitted,none,B6,2,6,False,1505,377,True,True,0.9177718832891246,0.5088051107468583,0.00392156862745098,,,0.1215686274509804,"equal_opportunity_gap,equalized_odds_gap",1.0875000152736902
adversarial,10002,10,joint_dirichlet_0.3,submitted,none,B6,2,7,False,1474,369,True,False,0.9512195121951219,0.4875,,,,,"comparison_groups,subgroup_accuracy_gap",1.0529590072110295
adversarial,10002,10,joint_dirichlet_0.3,submitted,none,B6,2,8,False,2006,502,True,False,0.7828685258964143,0.447978773846635,,,,,"comparison_groups,subgroup_accuracy_gap",1.2094159901607782
adversarial,10002,10,joint_dirichlet_0.3,submitted,none,B6,2,9,False,1818,455,True,True,0.9978021978021978,0.49944994499449946,0.0,,,0.002739726027397249,"equal_opportunity_gap,equalized_odds_gap",1.1447500146459788
adversarial,10002,10,joint_dirichlet_0.3,submitted,none,B6,3,0,False,715,179,True,False,0.9664804469273743,0.4914772727272727,,,,,"comparison_groups,subgroup_accuracy_gap",1.1265419889241457
adversarial,10002,10,joint_dirichlet_0.3,submitted,none,B6,3,1,False,4319,1080,True,False,0.9805555555555555,0.4950911640953717,,,,,"comparison_groups,subgroup_accuracy_gap",1.8913749954663217
adversarial,10002,10,joint_dirichlet_0.3,submitted,none,B6,3,2,False,394,99,True,True,0.98989898989899,0.49746192893401014,0.0,,,0.020408163265306145,"equal_opportunity_gap,equalized_odds_gap",0.7354999834205955
adversarial,10002,10,joint_dirichlet_0.3,submitted,none,B6,3,3,False,3295,824,True,True,0.683252427184466,0.4131870830434249,0.174468797055379,0.1760989380293051,,0.1759076459762423,"equalized_odds_gap,false_positive_rate_gap",1.5819170221220702
adversarial,10002,10,joint_dirichlet_0.3,submitted,none,B6,3,4,False,4896,1224,True,True,0.7908496732026143,0.4636724633712173,0.01282051282051282,,,0.5470085470085471,"equal_opportunity_gap,equalized_odds_gap",2.0655840053223073
adversarial,10002,10,joint_dirichlet_0.3,submitted,none,B6,3,5,False,84,22,True,False,0.7727272727272727,0.5752895752895753,,,,,"comparison_groups,subgroup_accuracy_gap",0.6083330081310123
adversarial,10002,10,joint_dirichlet_0.3,submitted,none,B6,3,6,False,1505,377,True,True,0.9177718832891246,0.5088051107468583,0.00392156862745098,,,0.1215686274509804,"equal_opportunity_gap,equalized_odds_gap",1.3352499809116125
adversarial,10002,10,joint_dirichlet_0.3,submitted,none,B6,3,7,False,1474,369,True,False,0.9512195121951219,0.4875,,,,,"comparison_groups,subgroup_accuracy_gap",1.0896669991780072
adversarial,10002,10,joint_dirichlet_0.3,submitted,none,B6,3,8,False,2006,502,True,False,0.7828685258964143,0.447978773846635,,,,,"comparison_groups,subgroup_accuracy_gap",1.2201670033391565
adversarial,10002,10,joint_dirichlet_0.3,submitted,none,B6,3,9,False,1818,455,True,True,0.9978021978021978,0.49944994499449946,0.0,,,0.002739726027397249,"equal_opportunity_gap,equalized_odds_gap",1.1360000062268227
adversarial,10002,10,joint_dirichlet_0.3,submitted,none,B6,4,0,False,715,179,True,False,0.9664804469273743,0.4914772727272727,,,,,"comparison_groups,subgroup_accuracy_gap",0.9663339878898114
adversarial,10002,10,joint_dirichlet_0.3,submitted,none,B6,4,1,False,4319,1080,True,False,0.9805555555555555,0.4950911640953717,,,,,"comparison_groups,subgroup_accuracy_gap",2.1314999903552234
adversarial,10002,10,joint_dirichlet_0.3,submitted,none,B6,4,2,False,394,99,True,True,0.98989898989899,0.49746192893401014,0.0,,,0.020408163265306145,"equal_opportunity_gap,equalized_odds_gap",0.7705830212216824
adversarial,10002,10,joint_dirichlet_0.3,submitted,none,B6,4,3,False,3295,824,True,False,0.41262135922330095,0.29714144725247615,0.11726061011655792,0.11911323206524177,,0.12157715687914783,"equalized_odds_gap,false_positive_rate_gap",1.6064170049503446
adversarial,10002,10,joint_dirichlet_0.3,submitted,none,B6,4,4,False,4896,1224,True,True,0.7900326797385621,0.45980866420413274,0.010683760683760684,,,0.5491452991452992,"equal_opportunity_gap,equalized_odds_gap",2.178916009142995
adversarial,10002,10,joint_dirichlet_0.3,submitted,none,B6,4,5,False,84,22,True,False,0.7727272727272727,0.5752895752895753,,,,,"comparison_groups,subgroup_accuracy_gap",0.8505409932695329
adversarial,10002,10,joint_dirichlet_0.3,submitted,none,B6,4,6,False,1505,377,True,True,0.9177718832891246,0.5088051107468583,0.00392156862745098,,,0.1215686274509804,"equal_opportunity_gap,equalized_odds_gap",1.1277080047875643
adversarial,10002,10,joint_dirichlet_0.3,submitted,none,B6,4,7,False,1474,369,True,False,0.9512195121951219,0.4875,,,,,"comparison_groups,subgroup_accuracy_gap",1.4067500014789402
adversarial,10002,10,joint_dirichlet_0.3,submitted,none,B6,4,8,False,2006,502,True,False,0.7828685258964143,0.447978773846635,,,,,"comparison_groups,subgroup_accuracy_gap",1.3183339906390756
adversarial,10002,10,joint_dirichlet_0.3,submitted,none,B6,4,9,False,1818,455,True,True,0.9978021978021978,0.49944994499449946,0.0,,,0.002739726027397249,"equal_opportunity_gap,equalized_odds_gap",1.1746249801944941
adversarial,10002,10,joint_dirichlet_0.3,submitted,none,B6,5,0,False,715,179,True,False,0.9664804469273743,0.4914772727272727,,,,,"comparison_groups,subgroup_accuracy_gap",1.0556250053923577
adversarial,10002,10,joint_dirichlet_0.3,submitted,none,B6,5,1,False,4319,1080,True,False,0.9805555555555555,0.4950911640953717,,,,,"comparison_groups,subgroup_accuracy_gap",2.031042007729411
adversarial,10002,10,joint_dirichlet_0.3,submitted,none,B6,5,2,False,394,99,True,True,0.98989898989899,0.49746192893401014,0.0,,,0.020408163265306145,"equal_opportunity_gap,equalized_odds_gap",0.9935419948305935
adversarial,10002,10,joint_dirichlet_0.3,submitted,none,B6,5,3,False,3295,824,True,False,0.2633495145631068,0.21165724913508444,0.10571635714684066,0.10691401173992918,,0.11003290390943057,"equalized_odds_gap,false_positive_rate_gap",1.694625010713935
adversarial,10002,10,joint_dirichlet_0.3,submitted,none,B6,5,4,False,4896,1224,True,True,0.7900326797385621,0.45980866420413274,0.010683760683760684,,,0.5491452991452992,"equal_opportunity_gap,equalized_odds_gap",2.1333750046323985
adversarial,10002,10,joint_dirichlet_0.3,submitted,none,B6,5,5,False,84,22,True,False,0.7727272727272727,0.5752895752895753,,,,,"comparison_groups,subgroup_accuracy_gap",0.6159159820526838
adversarial,10002,10,joint_dirichlet_0.3,submitted,none,B6,5,6,False,1505,377,True,True,0.9177718832891246,0.5088051107468583,0.00392156862745098,,,0.1215686274509804,"equal_opportunity_gap,equalized_odds_gap",1.1329579865559936
adversarial,10002,10,joint_dirichlet_0.3,submitted,none,B6,5,7,False,1474,369,True,False,0.9512195121951219,0.4875,,,,,"comparison_groups,subgroup_accuracy_gap",1.0476669995114207
adversarial,10002,10,joint_dirichlet_0.3,submitted,none,B6,5,8,False,2006,502,True,False,0.7828685258964143,0.447978773846635,,,,,"comparison_groups,subgroup_accuracy_gap",1.5613339783158153
adversarial,10002,10,joint_dirichlet_0.3,submitted,none,B6,5,9,False,1818,455,True,True,0.9978021978021978,0.49944994499449946,0.0,,,0.002739726027397249,"equal_opportunity_gap,equalized_odds_gap",1.254125003470108
adversarial,10002,10,joint_dirichlet_0.3,submitted,label_flip,B6,1,0,False,715,179,True,False,0.9664804469273743,0.4914772727272727,,,,,"comparison_groups,subgroup_accuracy_gap",1.0573749896138906
adversarial,10002,10,joint_dirichlet_0.3,submitted,label_flip,B6,1,1,False,4319,1080,True,False,0.9805555555555555,0.4950911640953717,,,,,"comparison_groups,subgroup_accuracy_gap",1.9937499891966581
adversarial,10002,10,joint_dirichlet_0.3,submitted,label_flip,B6,1,2,False,394,99,True,True,0.98989898989899,0.49746192893401014,0.0,,,0.020408163265306145,"equal_opportunity_gap,equalized_odds_gap",0.7626250153407454
adversarial,10002,10,joint_dirichlet_0.3,submitted,label_flip,B6,1,3,True,3295,824,True,False,0.0036407766990291263,0.0036275695284159614,0.0,0.0,,0.004316546762589928,"equalized_odds_gap,false_positive_rate_gap",1.9605420238804072
adversarial,10002,10,joint_dirichlet_0.3,submitted,label_flip,B6,1,4,False,4896,1224,True,True,0.7941176470588235,0.4981125198510843,0.03663003663003663,,,0.5280830280830281,"equal_opportunity_gap,equalized_odds_gap",2.2354579996317625
adversarial,10002,10,joint_dirichlet_0.3,submitted,label_flip,B6,1,5,False,84,22,True,False,0.7727272727272727,0.5752895752895753,,,,,"comparison_groups,subgroup_accuracy_gap",0.6936249847058207
adversarial,10002,10,joint_dirichlet_0.3,submitted,label_flip,B6,1,6,False,1505,377,True,True,0.9177718832891246,0.5088051107468583,0.00392156862745098,,,0.1215686274509804,"equal_opportunity_gap,equalized_odds_gap",1.137999992351979
adversarial,10002,10,joint_dirichlet_0.3,submitted,label_flip,B6,1,7,False,1474,369,True,False,0.9512195121951219,0.4875,,,,,"comparison_groups,subgroup_accuracy_gap",1.0686659952625632
adversarial,10002,10,joint_dirichlet_0.3,submitted,label_flip,B6,1,8,False,2006,502,True,False,0.7828685258964143,0.447978773846635,,,,,"comparison_groups,subgroup_accuracy_gap",1.2322080146986991
adversarial,10002,10,joint_dirichlet_0.3,submitted,label_flip,B6,1,9,True,1818,455,True,False,0.002197802197802198,0.0021929824561403508,0.0,,,0.0027397260273972603,"equal_opportunity_gap,equalized_odds_gap",1.5182499773800373
adversarial,10002,10,joint_dirichlet_0.3,submitted,label_flip,B6,2,0,False,715,179,True,False,0.9664804469273743,0.4914772727272727,,,,,"comparison_groups,subgroup_accuracy_gap",0.9005829924717546
adversarial,10002,10,joint_dirichlet_0.3,submitted,label_flip,B6,2,1,False,4319,1080,True,False,0.9805555555555555,0.4950911640953717,,,,,"comparison_groups,subgroup_accuracy_gap",1.8966250063385814
adversarial,10002,10,joint_dirichlet_0.3,submitted,label_flip,B6,2,2,False,394,99,True,True,0.98989898989899,0.49746192893401014,0.0,,,0.020408163265306145,"equal_opportunity_gap,equalized_odds_gap",0.7440419867634773
adversarial,10002,10,joint_dirichlet_0.3,submitted,label_flip,B6,2,3,True,3295,824,True,False,0.0036407766990291263,0.0036275695284159614,0.0,0.0,,0.004316546762589928,"equalized_odds_gap,false_positive_rate_gap",1.5714170003775507
adversarial,10002,10,joint_dirichlet_0.3,submitted,label_flip,B6,2,4,False,4896,1224,True,True,0.7900326797385621,0.4633328272066413,0.011497761497761497,,,0.5456857956857957,"equal_opportunity_gap,equalized_odds_gap",2.3850419966038316
adversarial,10002,10,joint_dirichlet_0.3,submitted,label_flip,B6,2,5,False,84,22,True,False,0.7727272727272727,0.5752895752895753,,,,,"comparison_groups,subgroup_accuracy_gap",0.6510420062113553
adversarial,10002,10,joint_dirichlet_0.3,submitted,label_flip,B6,2,6,False,1505,377,True,True,0.9177718832891246,0.5088051107468583,0.00392156862745098,,,0.1215686274509804,"equal_opportunity_gap,equalized_odds_gap",1.1026659922208637
adversarial,10002,10,joint_dirichlet_0.3,submitted,label_flip,B6,2,7,False,1474,369,True,False,0.9512195121951219,0.4875,,,,,"comparison_groups,subgroup_accuracy_gap",1.0657499951776117
adversarial,10002,10,joint_dirichlet_0.3,submitted,label_flip,B6,2,8,False,2006,502,True,False,0.7828685258964143,0.447978773846635,,,,,"comparison_groups,subgroup_accuracy_gap",1.2789589818567038
adversarial,10002,10,joint_dirichlet_0.3,submitted,label_flip,B6,2,9,True,1818,455,True,False,0.002197802197802198,0.0021929824561403508,0.0,,,0.0027397260273972603,"equal_opportunity_gap,equalized_odds_gap",1.2092500110156834
adversarial,10002,10,joint_dirichlet_0.3,submitted,label_flip,B6,3,0,False,715,179,True,False,0.9664804469273743,0.4914772727272727,,,,,"comparison_groups,subgroup_accuracy_gap",0.9463749884162098
adversarial,10002,10,joint_dirichlet_0.3,submitted,label_flip,B6,3,1,False,4319,1080,True,False,0.9805555555555555,0.4950911640953717,,,,,"comparison_groups,subgroup_accuracy_gap",1.8602920172270387
adversarial,10002,10,joint_dirichlet_0.3,submitted,label_flip,B6,3,2,False,394,99,True,True,0.98989898989899,0.49746192893401014,0.0,,,0.020408163265306145,"equal_opportunity_gap,equalized_odds_gap",0.7261249993462116
adversarial,10002,10,joint_dirichlet_0.3,submitted,label_flip,B6,3,3,True,3295,824,True,False,0.0036407766990291263,0.0036275695284159614,0.0,0.0,,0.004316546762589928,"equalized_odds_gap,false_positive_rate_gap",1.5619999903719872
adversarial,10002,10,joint_dirichlet_0.3,submitted,label_flip,B6,3,4,False,4896,1224,True,True,0.7908496732026143,0.4636724633712173,0.01282051282051282,,,0.5470085470085471,"equal_opportunity_gap,equalized_odds_gap",2.3442499805241823
adversarial,10002,10,joint_dirichlet_0.3,submitted,label_flip,B6,3,5,False,84,22,True,False,0.7727272727272727,0.5752895752895753,,,,,"comparison_groups,subgroup_accuracy_gap",0.6388750043697655
adversarial,10002,10,joint_dirichlet_0.3,submitted,label_flip,B6,3,6,False,1505,377,True,True,0.9177718832891246,0.5088051107468583,0.00392156862745098,,,0.1215686274509804,"equal_opportunity_gap,equalized_odds_gap",1.0617079969961196
adversarial,10002,10,joint_dirichlet_0.3,submitted,label_flip,B6,3,7,False,1474,369,True,False,0.9512195121951219,0.4875,,,,,"comparison_groups,subgroup_accuracy_gap",1.0484580125194043
adversarial,10002,10,joint_dirichlet_0.3,submitted,label_flip,B6,3,8,False,2006,502,True,False,0.7828685258964143,0.447978773846635,,,,,"comparison_groups,subgroup_accuracy_gap",1.1892089969478548
adversarial,10002,10,joint_dirichlet_0.3,submitted,label_flip,B6,3,9,True,1818,455,True,True,0.9978021978021978,0.49944994499449946,0.0,,,0.002739726027397249,"equal_opportunity_gap,equalized_odds_gap",1.1898749799001962
adversarial,10002,10,joint_dirichlet_0.3,submitted,label_flip,B6,4,0,False,715,179,True,False,0.9664804469273743,0.4914772727272727,,,,,"comparison_groups,subgroup_accuracy_gap",1.0835420107468963
adversarial,10002,10,joint_dirichlet_0.3,submitted,label_flip,B6,4,1,False,4319,1080,True,False,0.9805555555555555,0.4950911640953717,,,,,"comparison_groups,subgroup_accuracy_gap",1.9212499901186675
adversarial,10002,10,joint_dirichlet_0.3,submitted,label_flip,B6,4,2,False,394,99,True,True,0.98989898989899,0.49746192893401014,0.0,,,0.020408163265306145,"equal_opportunity_gap,equalized_odds_gap",0.7836250006221235
adversarial,10002,10,joint_dirichlet_0.3,submitted,label_flip,B6,4,3,True,3295,824,True,False,0.0036407766990291263,0.0036275695284159614,0.0,0.0,,0.004316546762589928,"equalized_odds_gap,false_positive_rate_gap",1.577833987539634
adversarial,10002,10,joint_dirichlet_0.3,submitted,label_flip,B6,4,4,False,4896,1224,True,True,0.7900326797385621,0.45980866420413274,0.010683760683760684,,,0.5491452991452992,"equal_opportunity_gap,equalized_odds_gap",2.063458989141509
adversarial,10002,10,joint_dirichlet_0.3,submitted,label_flip,B6,4,5,False,84,22,True,False,0.7727272727272727,0.5752895752895753,,,,,"comparison_groups,subgroup_accuracy_gap",0.6152499991003424
adversarial,10002,10,joint_dirichlet_0.3,submitted,label_flip,B6,4,6,False,1505,377,True,True,0.9177718832891246,0.5088051107468583,0.00392156862745098,,,0.1215686274509804,"equal_opportunity_gap,equalized_odds_gap",1.2944589834660292
adversarial,10002,10,joint_dirichlet_0.3,submitted,label_flip,B6,4,7,False,1474,369,True,False,0.9512195121951219,0.4875,,,,,"comparison_groups,subgroup_accuracy_gap",1.099290995625779
adversarial,10002,10,joint_dirichlet_0.3,submitted,label_flip,B6,4,8,False,2006,502,True,False,0.7828685258964143,0.447978773846635,,,,,"comparison_groups,subgroup_accuracy_gap",1.208625006256625
adversarial,10002,10,joint_dirichlet_0.3,submitted,label_flip,B6,4,9,True,1818,455,True,True,0.9978021978021978,0.49944994499449946,0.0,,,0.002739726027397249,"equal_opportunity_gap,equalized_odds_gap",1.1630830122157931
adversarial,10002,10,joint_dirichlet_0.3,submitted,label_flip,B6,5,0,False,715,179,True,False,0.9664804469273743,0.4914772727272727,,,,,"comparison_groups,subgroup_accuracy_gap",0.9827079775277525
adversarial,10002,10,joint_dirichlet_0.3,submitted,label_flip,B6,5,1,False,4319,1080,True,False,0.9805555555555555,0.4950911640953717,,,,,"comparison_groups,subgroup_accuracy_gap",2.0827499974984676
adversarial,10002,10,joint_dirichlet_0.3,submitted,label_flip,B6,5,2,False,394,99,True,True,0.98989898989899,0.49746192893401014,0.0,,,0.020408163265306145,"equal_opportunity_gap,equalized_odds_gap",0.7857500168029219
adversarial,10002,10,joint_dirichlet_0.3,submitted,label_flip,B6,5,3,True,3295,824,True,False,0.0036407766990291263,0.0036275695284159614,0.0,0.0,,0.004316546762589928,"equalized_odds_gap,false_positive_rate_gap",1.5794169739820063
adversarial,10002,10,joint_dirichlet_0.3,submitted,label_flip,B6,5,4,False,4896,1224,True,True,0.7900326797385621,0.45980866420413274,0.010683760683760684,,,0.5491452991452992,"equal_opportunity_gap,equalized_odds_gap",2.050459006568417
adversarial,10002,10,joint_dirichlet_0.3,submitted,label_flip,B6,5,5,False,84,22,True,False,0.7727272727272727,0.5752895752895753,,,,,"comparison_groups,subgroup_accuracy_gap",0.6051250093150884
adversarial,10002,10,joint_dirichlet_0.3,submitted,label_flip,B6,5,6,False,1505,377,True,True,0.9177718832891246,0.5088051107468583,0.00392156862745098,,,0.1215686274509804,"equal_opportunity_gap,equalized_odds_gap",1.073249994078651
adversarial,10002,10,joint_dirichlet_0.3,submitted,label_flip,B6,5,7,False,1474,369,True,False,0.9512195121951219,0.4875,,,,,"comparison_groups,subgroup_accuracy_gap",1.0429590183775872
adversarial,10002,10,joint_dirichlet_0.3,submitted,label_flip,B6,5,8,False,2006,502,True,False,0.7828685258964143,0.447978773846635,,,,,"comparison_groups,subgroup_accuracy_gap",1.516584015917033
adversarial,10002,10,joint_dirichlet_0.3,submitted,label_flip,B6,5,9,True,1818,455,True,True,0.9978021978021978,0.49944994499449946,0.0,,,0.002739726027397249,"equal_opportunity_gap,equalized_odds_gap",1.1532919888850302
adversarial,10002,10,joint_dirichlet_0.3,submitted,sign_flip,B6,1,0,False,715,179,True,False,0.9664804469273743,0.4914772727272727,,,,,"comparison_groups,subgroup_accuracy_gap",1.2668329873122275
adversarial,10002,10,joint_dirichlet_0.3,submitted,sign_flip,B6,1,1,False,4319,1080,True,False,0.9805555555555555,0.4950911640953717,,,,,"comparison_groups,subgroup_accuracy_gap",2.008707990171388
adversarial,10002,10,joint_dirichlet_0.3,submitted,sign_flip,B6,1,2,False,394,99,True,True,0.98989898989899,0.49746192893401014,0.0,,,0.020408163265306145,"equal_opportunity_gap,equalized_odds_gap",0.7597090152557939
adversarial,10002,10,joint_dirichlet_0.3,submitted,sign_flip,B6,1,3,True,3295,824,True,True,0.9963592233009708,0.4990881458966565,0.0,0.0,,0.004316546762589968,"equalized_odds_gap,false_positive_rate_gap",1.5877909900154918
adversarial,10002,10,joint_dirichlet_0.3,submitted,sign_flip,B6,1,4,False,4896,1224,True,True,0.7941176470588235,0.4981125198510843,0.03663003663003663,,,0.5280830280830281,"equal_opportunity_gap,equalized_odds_gap",2.3255420092027634
adversarial,10002,10,joint_dirichlet_0.3,submitted,sign_flip,B6,1,5,False,84,22,True,False,0.7727272727272727,0.5752895752895753,,,,,"comparison_groups,subgroup_accuracy_gap",0.714457972208038
adversarial,10002,10,joint_dirichlet_0.3,submitted,sign_flip,B6,1,6,False,1505,377,True,True,0.9177718832891246,0.5088051107468583,0.00392156862745098,,,0.1215686274509804,"equal_opportunity_gap,equalized_odds_gap",1.4346670068334788
adversarial,10002,10,joint_dirichlet_0.3,submitted,sign_flip,B6,1,7,False,1474,369,True,False,0.9512195121951219,0.4875,,,,,"comparison_groups,subgroup_accuracy_gap",1.1167500051669776
adversarial,10002,10,joint_dirichlet_0.3,submitted,sign_flip,B6,1,8,False,2006,502,True,False,0.7828685258964143,0.447978773846635,,,,,"comparison_groups,subgroup_accuracy_gap",1.221207989146933
adversarial,10002,10,joint_dirichlet_0.3,submitted,sign_flip,B6,1,9,True,1818,455,True,True,0.9978021978021978,0.49944994499449946,0.0,,,0.002739726027397249,"equal_opportunity_gap,equalized_odds_gap",1.2302919931244105
adversarial,10002,10,joint_dirichlet_0.3,submitted,sign_flip,B6,2,0,False,715,179,True,False,0.9664804469273743,0.4914772727272727,,,,,"comparison_groups,subgroup_accuracy_gap",0.8945420267991722
adversarial,10002,10,joint_dirichlet_0.3,submitted,sign_flip,B6,2,1,False,4319,1080,True,False,0.9805555555555555,0.4950911640953717,,,,,"comparison_groups,subgroup_accuracy_gap",2.136292023351416
adversarial,10002,10,joint_dirichlet_0.3,submitted,sign_flip,B6,2,2,False,394,99,True,True,0.98989898989899,0.49746192893401014,0.0,,,0.020408163265306145,"equal_opportunity_gap,equalized_odds_gap",0.7996250060386956
adversarial,10002,10,joint_dirichlet_0.3,submitted,sign_flip,B6,2,3,True,3295,824,True,True,0.9793689320388349,0.5900137559633565,0.029245440856616955,0.032060760854953574,,0.030684289777480278,"equalized_odds_gap,false_positive_rate_gap",1.606791018275544
adversarial,10002,10,joint_dirichlet_0.3,submitted,sign_flip,B6,2,4,False,4896,1224,True,True,0.7900326797385621,0.4633328272066413,0.011497761497761497,,,0.5456857956857957,"equal_opportunity_gap,equalized_odds_gap",2.0759170001838356
adversarial,10002,10,joint_dirichlet_0.3,submitted,sign_flip,B6,2,5,False,84,22,True,False,0.7727272727272727,0.5752895752895753,,,,,"comparison_groups,subgroup_accuracy_gap",0.6141250196378678
adversarial,10002,10,joint_dirichlet_0.3,submitted,sign_flip,B6,2,6,False,1505,377,True,True,0.9177718832891246,0.5088051107468583,0.00392156862745098,,,0.1215686274509804,"equal_opportunity_gap,equalized_odds_gap",1.077500026440248
adversarial,10002,10,joint_dirichlet_0.3,submitted,sign_flip,B6,2,7,False,1474,369,True,False,0.9512195121951219,0.4875,,,,,"comparison_groups,subgroup_accuracy_gap",1.2999999744351953
adversarial,10002,10,joint_dirichlet_0.3,submitted,sign_flip,B6,2,8,False,2006,502,True,False,0.7828685258964143,0.447978773846635,,,,,"comparison_groups,subgroup_accuracy_gap",1.4481249963864684
adversarial,10002,10,joint_dirichlet_0.3,submitted,sign_flip,B6,2,9,True,1818,455,True,True,0.9978021978021978,0.49944994499449946,0.0,,,0.002739726027397249,"equal_opportunity_gap,equalized_odds_gap",1.2317500077188015
adversarial,10002,10,joint_dirichlet_0.3,submitted,sign_flip,B6,3,0,False,715,179,True,False,0.9664804469273743,0.4914772727272727,,,,,"comparison_groups,subgroup_accuracy_gap",1.0844169883057475
adversarial,10002,10,joint_dirichlet_0.3,submitted,sign_flip,B6,3,1,False,4319,1080,True,False,0.9805555555555555,0.4950911640953717,,,,,"comparison_groups,subgroup_accuracy_gap",2.012334007304162
adversarial,10002,10,joint_dirichlet_0.3,submitted,sign_flip,B6,3,2,False,394,99,True,True,0.98989898989899,0.49746192893401014,0.0,,,0.020408163265306145,"equal_opportunity_gap,equalized_odds_gap",0.9446250041946769
adversarial,10002,10,joint_dirichlet_0.3,submitted,sign_flip,B6,3,3,True,3295,824,True,True,0.7560679611650486,0.440109527914406,0.15970107634822372,0.1616368687547609,,0.16113992526908705,"equalized_odds_gap,false_positive_rate_gap",1.6538749914616346
adversarial,10002,10,joint_dirichlet_0.3,submitted,sign_flip,B6,3,4,False,4896,1224,True,True,0.7908496732026143,0.4636724633712173,0.01282051282051282,,,0.5470085470085471,"equal_opportunity_gap,equalized_odds_gap",2.108915999997407
adversarial,10002,10,joint_dirichlet_0.3,submitted,sign_flip,B6,3,5,False,84,22,True,False,0.7727272727272727,0.5752895752895753,,,,,"comparison_groups,subgroup_accuracy_gap",0.9705839911475778
adversarial,10002,10,joint_dirichlet_0.3,submitted,sign_flip,B6,3,6,False,1505,377,True,True,0.9177718832891246,0.5088051107468583,0.00392156862745098,,,0.1215686274509804,"equal_opportunity_gap,equalized_odds_gap",1.2201250065118074
adversarial,10002,10,joint_dirichlet_0.3,submitted,sign_flip,B6,3,7,False,1474,369,True,False,0.9512195121951219,0.4875,,,,,"comparison_groups,subgroup_accuracy_gap",1.0995409975294024
adversarial,10002,10,joint_dirichlet_0.3,submitted,sign_flip,B6,3,8,False,2006,502,True,False,0.7828685258964143,0.447978773846635,,,,,"comparison_groups,subgroup_accuracy_gap",1.363541989121586
adversarial,10002,10,joint_dirichlet_0.3,submitted,sign_flip,B6,3,9,True,1818,455,True,True,0.9978021978021978,0.49944994499449946,0.0,,,0.002739726027397249,"equal_opportunity_gap,equalized_odds_gap",1.219791010953486
adversarial,10002,10,joint_dirichlet_0.3,submitted,sign_flip,B6,4,0,False,715,179,True,False,0.9664804469273743,0.4914772727272727,,,,,"comparison_groups,subgroup_accuracy_gap",1.0870829864870757
adversarial,10002,10,joint_dirichlet_0.3,submitted,sign_flip,B6,4,1,False,4319,1080,True,False,0.9805555555555555,0.4950911640953717,,,,,"comparison_groups,subgroup_accuracy_gap",2.074999996693805
adversarial,10002,10,joint_dirichlet_0.3,submitted,sign_flip,B6,4,2,False,394,99,True,True,0.98989898989899,0.49746192893401014,0.0,,,0.020408163265306145,"equal_opportunity_gap,equalized_odds_gap",0.9546249930281192
adversarial,10002,10,joint_dirichlet_0.3,submitted,sign_flip,B6,4,3,True,3295,824,True,False,0.5169902912621359,0.34745789691509343,0.15828453516256757,0.1606174665053547,,0.16260108192515754,"equalized_odds_gap,false_positive_rate_gap",1.7145000165328383
adversarial,10002,10,joint_dirichlet_0.3,submitted,sign_flip,B6,4,4,False,4896,1224,True,True,0.7908496732026143,0.4636724633712173,0.01282051282051282,,,0.5470085470085471,"equal_opportunity_gap,equalized_odds_gap",2.1541250171139836
adversarial,10002,10,joint_dirichlet_0.3,submitted,sign_flip,B6,4,5,False,84,22,True,False,0.7727272727272727,0.5752895752895753,,,,,"comparison_groups,subgroup_accuracy_gap",0.6195839960128069
adversarial,10002,10,joint_dirichlet_0.3,submitted,sign_flip,B6,4,6,False,1505,377,True,True,0.9177718832891246,0.5088051107468583,0.00392156862745098,,,0.1215686274509804,"equal_opportunity_gap,equalized_odds_gap",1.0905000090133399
adversarial,10002,10,joint_dirichlet_0.3,submitted,sign_flip,B6,4,7,False,1474,369,True,False,0.9512195121951219,0.4875,,,,,"comparison_groups,subgroup_accuracy_gap",1.1182499874848872
adversarial,10002,10,joint_dirichlet_0.3,submitted,sign_flip,B6,4,8,False,2006,502,True,False,0.7828685258964143,0.447978773846635,,,,,"comparison_groups,subgroup_accuracy_gap",1.2827500177081674
adversarial,10002,10,joint_dirichlet_0.3,submitted,sign_flip,B6,4,9,True,1818,455,True,True,0.9978021978021978,0.49944994499449946,0.0,,,0.002739726027397249,"equal_opportunity_gap,equalized_odds_gap",1.4043749833945185
adversarial,10002,10,joint_dirichlet_0.3,submitted,sign_flip,B6,5,0,False,715,179,True,False,0.9664804469273743,0.4914772727272727,,,,,"comparison_groups,subgroup_accuracy_gap",0.8830840233713388
adversarial,10002,10,joint_dirichlet_0.3,submitted,sign_flip,B6,5,1,False,4319,1080,True,False,0.9805555555555555,0.4950911640953717,,,,,"comparison_groups,subgroup_accuracy_gap",1.863000012235716
adversarial,10002,10,joint_dirichlet_0.3,submitted,sign_flip,B6,5,2,False,394,99,True,True,0.98989898989899,0.49746192893401014,0.0,,,0.020408163265306145,"equal_opportunity_gap,equalized_odds_gap",0.7417500019073486
adversarial,10002,10,joint_dirichlet_0.3,submitted,sign_flip,B6,5,3,True,3295,824,True,False,0.3580097087378641,0.26796147483856886,0.1352294908259439,0.1368575525384236,,0.13954603758853382,"equalized_odds_gap,false_positive_rate_gap",1.793416973669082
adversarial,10002,10,joint_dirichlet_0.3,submitted,sign_flip,B6,5,4,False,4896,1224,True,True,0.7908496732026143,0.4636724633712173,0.01282051282051282,,,0.5470085470085471,"equal_opportunity_gap,equalized_odds_gap",2.150375017663464
adversarial,10002,10,joint_dirichlet_0.3,submitted,sign_flip,B6,5,5,False,84,22,True,False,0.7727272727272727,0.5752895752895753,,,,,"comparison_groups,subgroup_accuracy_gap",0.6060829909984022
adversarial,10002,10,joint_dirichlet_0.3,submitted,sign_flip,B6,5,6,False,1505,377,True,True,0.9177718832891246,0.5088051107468583,0.00392156862745098,,,0.1215686274509804,"equal_opportunity_gap,equalized_odds_gap",1.0527499835006893
adversarial,10002,10,joint_dirichlet_0.3,submitted,sign_flip,B6,5,7,False,1474,369,True,False,0.9512195121951219,0.4875,,,,,"comparison_groups,subgroup_accuracy_gap",1.038833026541397
adversarial,10002,10,joint_dirichlet_0.3,submitted,sign_flip,B6,5,8,False,2006,502,True,False,0.7828685258964143,0.447978773846635,,,,,"comparison_groups,subgroup_accuracy_gap",1.228082983288914
adversarial,10002,10,joint_dirichlet_0.3,submitted,sign_flip,B6,5,9,True,1818,455,True,True,0.9978021978021978,0.49944994499449946,0.0,,,0.002739726027397249,"equal_opportunity_gap,equalized_odds_gap",1.1553750082384795
adversarial,10002,10,joint_dirichlet_0.3,submitted,random_weights,B6,1,0,False,715,179,True,False,0.9664804469273743,0.4914772727272727,,,,,"comparison_groups,subgroup_accuracy_gap",1.1627910134848207
adversarial,10002,10,joint_dirichlet_0.3,submitted,random_weights,B6,1,1,False,4319,1080,True,False,0.9805555555555555,0.4950911640953717,,,,,"comparison_groups,subgroup_accuracy_gap",2.1504580217879266
adversarial,10002,10,joint_dirichlet_0.3,submitted,random_weights,B6,1,2,False,394,99,True,True,0.98989898989899,0.49746192893401014,0.0,,,0.020408163265306145,"equal_opportunity_gap,equalized_odds_gap",1.075416977982968
adversarial,10002,10,joint_dirichlet_0.3,submitted,random_weights,B6,1,3,True,3295,824,True,True,0.9963592233009708,0.4990881458966565,0.0,0.0,,0.004316546762589968,"equalized_odds_gap,false_positive_rate_gap",1.684500020928681
adversarial,10002,10,joint_dirichlet_0.3,submitted,random_weights,B6,1,4,False,4896,1224,True,True,0.7941176470588235,0.4981125198510843,0.03663003663003663,,,0.5280830280830281,"equal_opportunity_gap,equalized_odds_gap",2.138375013601035
adversarial,10002,10,joint_dirichlet_0.3,submitted,random_weights,B6,1,5,False,84,22,True,False,0.7727272727272727,0.5752895752895753,,,,,"comparison_groups,subgroup_accuracy_gap",0.6227919948287308
adversarial,10002,10,joint_dirichlet_0.3,submitted,random_weights,B6,1,6,False,1505,377,True,True,0.9177718832891246,0.5088051107468583,0.00392156862745098,,,0.1215686274509804,"equal_opportunity_gap,equalized_odds_gap",1.1060829856432974
adversarial,10002,10,joint_dirichlet_0.3,submitted,random_weights,B6,1,7,False,1474,369,True,False,0.9512195121951219,0.4875,,,,,"comparison_groups,subgroup_accuracy_gap",1.104416005546227
adversarial,10002,10,joint_dirichlet_0.3,submitted,random_weights,B6,1,8,False,2006,502,True,False,0.7828685258964143,0.447978773846635,,,,,"comparison_groups,subgroup_accuracy_gap",1.6057920001912862
adversarial,10002,10,joint_dirichlet_0.3,submitted,random_weights,B6,1,9,True,1818,455,True,True,0.9978021978021978,0.49944994499449946,0.0,,,0.002739726027397249,"equal_opportunity_gap,equalized_odds_gap",1.228792010806501
adversarial,10002,10,joint_dirichlet_0.3,submitted,random_weights,B6,2,0,False,715,179,True,False,0.9664804469273743,0.4914772727272727,,,,,"comparison_groups,subgroup_accuracy_gap",0.8830000006128103
adversarial,10002,10,joint_dirichlet_0.3,submitted,random_weights,B6,2,1,False,4319,1080,True,False,0.9805555555555555,0.4950911640953717,,,,,"comparison_groups,subgroup_accuracy_gap",1.8866249884013087
adversarial,10002,10,joint_dirichlet_0.3,submitted,random_weights,B6,2,2,False,394,99,True,True,0.98989898989899,0.49746192893401014,0.0,,,0.020408163265306145,"equal_opportunity_gap,equalized_odds_gap",0.8688749803695828
adversarial,10002,10,joint_dirichlet_0.3,submitted,random_weights,B6,2,3,True,3295,824,True,True,0.9805825242718447,0.5950859950859951,0.021493502872120818,0.024308822870457436,,0.02293235179298414,"equalized_odds_gap,false_positive_rate_gap",1.8465839966665953
adversarial,10002,10,joint_dirichlet_0.3,submitted,random_weights,B6,2,4,False,4896,1224,True,True,0.7908496732026143,0.47058823529411764,0.01444851444851445,,,0.54008954008954,"equal_opportunity_gap,equalized_odds_gap",2.1784580021630973
adversarial,10002,10,joint_dirichlet_0.3,submitted,random_weights,B6,2,5,False,84,22,True,False,0.7727272727272727,0.5752895752895753,,,,,"comparison_groups,subgroup_accuracy_gap",0.6159589975140989
adversarial,10002,10,joint_dirichlet_0.3,submitted,random_weights,B6,2,6,False,1505,377,True,True,0.9177718832891246,0.5088051107468583,0.00392156862745098,,,0.1215686274509804,"equal_opportunity_gap,equalized_odds_gap",1.0846669902093709
adversarial,10002,10,joint_dirichlet_0.3,submitted,random_weights,B6,2,7,False,1474,369,True,False,0.9512195121951219,0.4875,,,,,"comparison_groups,subgroup_accuracy_gap",1.0404170025140047
adversarial,10002,10,joint_dirichlet_0.3,submitted,random_weights,B6,2,8,False,2006,502,True,False,0.7828685258964143,0.447978773846635,,,,,"comparison_groups,subgroup_accuracy_gap",1.2053749815095216
adversarial,10002,10,joint_dirichlet_0.3,submitted,random_weights,B6,2,9,True,1818,455,True,True,0.9978021978021978,0.49944994499449946,0.0,,,0.002739726027397249,"equal_opportunity_gap,equalized_odds_gap",1.4336669992189854
adversarial,10002,10,joint_dirichlet_0.3,submitted,random_weights,B6,3,0,False,715,179,True,False,0.9664804469273743,0.4914772727272727,,,,,"comparison_groups,subgroup_accuracy_gap",0.8988330082502216
adversarial,10002,10,joint_dirichlet_0.3,submitted,random_weights,B6,3,1,False,4319,1080,True,False,0.9805555555555555,0.4950911640953717,,,,,"comparison_groups,subgroup_accuracy_gap",1.8714169855229557
adversarial,10002,10,joint_dirichlet_0.3,submitted,random_weights,B6,3,2,False,394,99,True,True,0.98989898989899,0.49746192893401014,0.0,,,0.020408163265306145,"equal_opportunity_gap,equalized_odds_gap",0.7681660063099116
adversarial,10002,10,joint_dirichlet_0.3,submitted,random_weights,B6,3,3,True,3295,824,True,True,0.7038834951456311,0.4209216589861751,0.15297529418325806,0.1546802885692521,,0.15441414310412138,"equalized_odds_gap,false_positive_rate_gap",1.6097920015454292
adversarial,10002,10,joint_dirichlet_0.3,submitted,random_weights,B6,3,4,False,4896,1224,True,True,0.7900326797385621,0.4633328272066413,0.011497761497761497,,,0.5456857956857957,"equal_opportunity_gap,equalized_odds_gap",2.3710000095888972
adversarial,10002,10,joint_dirichlet_0.3,submitted,random_weights,B6,3,5,False,84,22,True,False,0.7727272727272727,0.5752895752895753,,,,,"comparison_groups,subgroup_accuracy_gap",0.6304999988060445
adversarial,10002,10,joint_dirichlet_0.3,submitted,random_weights,B6,3,6,False,1505,377,True,True,0.9177718832891246,0.5088051107468583,0.00392156862745098,,,0.1215686274509804,"equal_opportunity_gap,equalized_odds_gap",1.0870830155909061
adversarial,10002,10,joint_dirichlet_0.3,submitted,random_weights,B6,3,7,False,1474,369,True,False,0.9512195121951219,0.4875,,,,,"comparison_groups,subgroup_accuracy_gap",1.0515839967411011
adversarial,10002,10,joint_dirichlet_0.3,submitted,random_weights,B6,3,8,False,2006,502,True,False,0.7828685258964143,0.447978773846635,,,,,"comparison_groups,subgroup_accuracy_gap",1.207124994834885
adversarial,10002,10,joint_dirichlet_0.3,submitted,random_weights,B6,3,9,True,1818,455,True,True,0.9978021978021978,0.49944994499449946,0.0,,,0.002739726027397249,"equal_opportunity_gap,equalized_odds_gap",1.2280000082682818
adversarial,10002,10,joint_dirichlet_0.3,submitted,random_weights,B6,4,0,False,715,179,True,False,0.9664804469273743,0.4914772727272727,,,,,"comparison_groups,subgroup_accuracy_gap",0.8805409888736904
adversarial,10002,10,joint_dirichlet_0.3,submitted,random_weights,B6,4,1,False,4319,1080,True,False,0.9805555555555555,0.4950911640953717,,,,,"comparison_groups,subgroup_accuracy_gap",1.8789579917211086
adversarial,10002,10,joint_dirichlet_0.3,submitted,random_weights,B6,4,2,False,394,99,True,True,0.98989898989899,0.49746192893401014,0.0,,,0.020408163265306145,"equal_opportunity_gap,equalized_odds_gap",0.7497920014429837
adversarial,10002,10,joint_dirichlet_0.3,submitted,random_weights,B6,4,3,True,3295,824,True,False,0.4842233009708738,0.3323508608708417,0.16538954882605544,0.1675852489133844,,0.1697060955886454,"equalized_odds_gap,false_positive_rate_gap",1.5854999946895987
adversarial,10002,10,joint_dirichlet_0.3,submitted,random_weights,B6,4,4,False,4896,1224,True,True,0.7908496732026143,0.4636724633712173,0.01282051282051282,,,0.5470085470085471,"equal_opportunity_gap,equalized_odds_gap",2.2531670110765845
adversarial,10002,10,joint_dirichlet_0.3,submitted,random_weights,B6,4,5,False,84,22,True,False,0.7727272727272727,0.5752895752895753,,,,,"comparison_groups,subgroup_accuracy_gap",0.8022500260267407
adversarial,10002,10,joint_dirichlet_0.3,submitted,random_weights,B6,4,6,False,1505,377,True,True,0.9177718832891246,0.5088051107468583,0.00392156862745098,,,0.1215686274509804,"equal_opportunity_gap,equalized_odds_gap",1.1106249876320362
adversarial,10002,10,joint_dirichlet_0.3,submitted,random_weights,B6,4,7,False,1474,369,True,False,0.9512195121951219,0.4875,,,,,"comparison_groups,subgroup_accuracy_gap",1.0647499875631183
adversarial,10002,10,joint_dirichlet_0.3,submitted,random_weights,B6,4,8,False,2006,502,True,False,0.7828685258964143,0.447978773846635,,,,,"comparison_groups,subgroup_accuracy_gap",1.2456660042516887
adversarial,10002,10,joint_dirichlet_0.3,submitted,random_weights,B6,4,9,True,1818,455,True,True,0.9978021978021978,0.49944994499449946,0.0,,,0.002739726027397249,"equal_opportunity_gap,equalized_odds_gap",1.1780000058934093
adversarial,10002,10,joint_dirichlet_0.3,submitted,random_weights,B6,5,0,False,715,179,True,False,0.9664804469273743,0.4914772727272727,,,,,"comparison_groups,subgroup_accuracy_gap",1.1530000192578882
adversarial,10002,10,joint_dirichlet_0.3,submitted,random_weights,B6,5,1,False,4319,1080,True,False,0.9805555555555555,0.4950911640953717,,,,,"comparison_groups,subgroup_accuracy_gap",1.891166000859812
adversarial,10002,10,joint_dirichlet_0.3,submitted,random_weights,B6,5,2,False,394,99,True,True,0.98989898989899,0.49746192893401014,0.0,,,0.020408163265306145,"equal_opportunity_gap,equalized_odds_gap",0.7498750055674464
adversarial,10002,10,joint_dirichlet_0.3,submitted,random_weights,B6,5,3,True,3295,824,True,False,0.32281553398058255,0.2479390751354322,0.11188444593162677,0.11334408746695346,,0.11620099269421669,"equalized_odds_gap,false_positive_rate_gap",1.5837080136407167
adversarial,10002,10,joint_dirichlet_0.3,submitted,random_weights,B6,5,4,False,4896,1224,True,True,0.7908496732026143,0.4636724633712173,0.01282051282051282,,,0.5470085470085471,"equal_opportunity_gap,equalized_odds_gap",2.056957979220897
adversarial,10002,10,joint_dirichlet_0.3,submitted,random_weights,B6,5,5,False,84,22,True,False,0.7727272727272727,0.5752895752895753,,,,,"comparison_groups,subgroup_accuracy_gap",0.6026250193826854
adversarial,10002,10,joint_dirichlet_0.3,submitted,random_weights,B6,5,6,False,1505,377,True,True,0.9177718832891246,0.5088051107468583,0.00392156862745098,,,0.1215686274509804,"equal_opportunity_gap,equalized_odds_gap",1.2696249759756029
adversarial,10002,10,joint_dirichlet_0.3,submitted,random_weights,B6,5,7,False,1474,369,True,False,0.9512195121951219,0.4875,,,,,"comparison_groups,subgroup_accuracy_gap",1.1391670268494636
adversarial,10002,10,joint_dirichlet_0.3,submitted,random_weights,B6,5,8,False,2006,502,True,False,0.7828685258964143,0.447978773846635,,,,,"comparison_groups,subgroup_accuracy_gap",1.2290830200072378
adversarial,10002,10,joint_dirichlet_0.3,submitted,random_weights,B6,5,9,True,1818,455,True,True,0.9978021978021978,0.49944994499449946,0.0,,,0.002739726027397249,"equal_opportunity_gap,equalized_odds_gap",1.1616669944487512
adversarial,10003,10,joint_dirichlet_0.3,submitted,none,B0,1,0,False,5224,1307,True,True,0.9671002295332823,0.4916374951380786,0.0,,,0.5308641975308642,"equal_opportunity_gap,equalized_odds_gap",2.363375009736046
adversarial,10003,10,joint_dirichlet_0.3,submitted,none,B0,1,1,False,670,168,True,False,0.7083333333333334,0.6449122201613251,,,,,"comparison_groups,subgroup_accuracy_gap",1.1526249872986227
adversarial,10003,10,joint_dirichlet_0.3,submitted,none,B0,1,2,False,4716,1180,True,True,0.9245762711864407,0.49137684704013485,0.0025252525252525255,0.0125,0.0125,0.1867398474541332,,2.0911669998895377
adversarial,10003,10,joint_dirichlet_0.3,submitted,none,B0,1,3,False,361,91,True,False,0.7692307692307693,0.5131210191082802,,,,,"comparison_groups,subgroup_accuracy_gap",0.7363339827861637
adversarial,10003,10,joint_dirichlet_0.3,submitted,none,B0,1,4,False,730,183,True,True,0.7650273224043715,0.45524402907580475,0.02127659574468085,,,0.9148936170212766,"equal_opportunity_gap,equalized_odds_gap",0.931707996642217
adversarial,10003,10,joint_dirichlet_0.3,submitted,none,B0,1,5,False,319,80,True,True,0.8,0.5428571428571428,0.08333333333333337,0.0,0.11764705882352944,0.6071428571428571,,0.7337499991990626
adversarial,10003,10,joint_dirichlet_0.3,submitted,none,B0,1,6,False,1536,384,True,False,0.9973958333333334,0.49934810951760106,,,,,"comparison_groups,subgroup_accuracy_gap",1.1030829919036478
adversarial,10003,10,joint_dirichlet_0.3,submitted,none,B0,1,7,False,1780,446,True,False,0.9753363228699552,0.49375709421112374,,,,,"comparison_groups,subgroup_accuracy_gap",1.175292010884732
adversarial,10003,10,joint_dirichlet_0.3,submitted,none,B0,1,8,False,1523,381,True,True,0.9763779527559056,0.4940239043824701,0.0,,,0.041860465116279055,"equal_opportunity_gap,equalized_odds_gap",1.258582982700318
adversarial,10003,10,joint_dirichlet_0.3,submitted,none,B0,1,9,False,3646,912,True,False,0.981359649122807,0.5479224376731302,,,,,"comparison_groups,subgroup_accuracy_gap",1.8714160250965506
adversarial,10003,10,joint_dirichlet_0.3,submitted,none,B0,2,0,False,5224,1307,True,True,0.9678653404743688,0.5145560665015918,0.012345679012345678,,,0.5185185185185186,"equal_opportunity_gap,equalized_odds_gap",2.139249991159886
adversarial,10003,10,joint_dirichlet_0.3,submitted,none,B0,2,1,False,670,168,True,False,0.7976190476190477,0.795766590389016,,,,,"comparison_groups,subgroup_accuracy_gap",0.8765409875195473
adversarial,10003,10,joint_dirichlet_0.3,submitted,none,B0,2,2,False,4716,1180,True,True,0.926271186440678,0.5130697098624016,0.0037749948464234186,0.07500000000000001,0.07500000000000001,0.18549010513296227,,2.143875026376918
adversarial,10003,10,joint_dirichlet_0.3,submitted,none,B0,2,3,False,361,91,True,False,0.7582417582417582,0.47204641350210974,,,,,"comparison_groups,subgroup_accuracy_gap",0.7099999929778278
adversarial,10003,10,joint_dirichlet_0.3,submitted,none,B0,2,4,False,730,183,True,True,0.7650273224043715,0.45524402907580475,0.02127659574468085,,,0.9148936170212766,"equal_opportunity_gap,equalized_odds_gap",0.8534159860573709
adversarial,10003,10,joint_dirichlet_0.3,submitted,none,B0,2,5,False,319,80,True,True,0.85,0.7538461538461538,0.261904761904762,0.054545454545454564,0.5294117647058824,0.3214285714285714,,0.7104160031303763
adversarial,10003,10,joint_dirichlet_0.3,submitted,none,B0,2,6,False,1536,384,True,False,0.9973958333333334,0.49934810951760106,,,,,"comparison_groups,subgroup_accuracy_gap",1.0707920009735972
adversarial,10003,10,joint_dirichlet_0.3,submitted,none,B0,2,7,False,1780,446,True,False,0.9753363228699552,0.49375709421112374,,,,,"comparison_groups,subgroup_accuracy_gap",1.1229169904254377
adversarial,10003,10,joint_dirichlet_0.3,submitted,none,B0,2,8,False,1523,381,True,True,0.9763779527559056,0.4940239043824701,0.0,,,0.041860465116279055,"equal_opportunity_gap,equalized_odds_gap",1.0661669948603958
adversarial,10003,10,joint_dirichlet_0.3,submitted,none,B0,2,9,False,3646,912,True,False,0.9824561403508771,0.6622222222222223,,,,,"comparison_groups,subgroup_accuracy_gap",1.8274580070283264
adversarial,10003,10,joint_dirichlet_0.3,submitted,none,B0,3,0,False,5224,1307,True,True,0.9678653404743688,0.5145560665015918,0.012345679012345678,,,0.5185185185185186,"equal_opportunity_gap,equalized_odds_gap",2.152083005057648
adversarial,10003,10,joint_dirichlet_0.3,submitted,none,B0,3,1,False,670,168,True,False,0.7380952380952381,0.7380952380952381,,,,,"comparison_groups,subgroup_accuracy_gap",0.9024580067489296
adversarial,10003,10,joint_dirichlet_0.3,submitted,none,B0,3,2,False,4716,1180,True,True,0.9279661016949152,0.5338677820378761,0.00882549989692847,0.05,0.05,0.18043960008245719,,2.0035420020576566
adversarial,10003,10,joint_dirichlet_0.3,submitted,none,B0,3,3,False,361,91,True,False,0.7582417582417582,0.47204641350210974,,,,,"comparison_groups,subgroup_accuracy_gap",0.7536670018453151
adversarial,10003,10,joint_dirichlet_0.3,submitted,none,B0,3,4,False,730,183,True,True,0.7650273224043715,0.45524402907580475,0.02127659574468085,,,0.9148936170212766,"equal_opportunity_gap,equalized_odds_gap",1.1755409941542894
adversarial,10003,10,joint_dirichlet_0.3,submitted,none,B0,3,5,False,319,80,True,True,0.7375,0.7037559513313348,0.2678571428571429,0.34545454545454546,0.34545454545454546,0.25595238095238093,,0.7394170097541064
adversarial,10003,10,joint_dirichlet_0.3,submitted,none,B0,3,6,False,1536,384,True,False,0.9947916666666666,0.49869451697127937,,,,,"comparison_groups,subgroup_accuracy_gap",1.0850830003619194
adversarial,10003,10,joint_dirichlet_0.3,submitted,none,B0,3,7,False,1780,446,True,False,0.9753363228699552,0.49375709421112374,,,,,"comparison_groups,subgroup_accuracy_gap",1.1675000132527202
adversarial,10003,10,joint_dirichlet_0.3,submitted,none,B0,3,8,False,1523,381,True,True,0.9763779527559056,0.4940239043824701,0.0,,,0.041860465116279055,"equal_opportunity_gap,equalized_odds_gap",1.0855000000447035
adversarial,10003,10,joint_dirichlet_0.3,submitted,none,B0,3,9,False,3646,912,True,False,0.9638157894736842,0.6539695314745616,,,,,"comparison_groups,subgroup_accuracy_gap",1.7322089988738298
adversarial,10003,10,joint_dirichlet_0.3,submitted,none,B0,4,0,False,5224,1307,True,True,0.9678653404743688,0.5145560665015918,0.012345679012345678,,,0.5185185185185186,"equal_opportunity_gap,equalized_odds_gap",2.160542004276067
adversarial,10003,10,joint_dirichlet_0.3,submitted,none,B0,4,1,False,670,168,True,False,0.6845238095238095,0.6819886424515161,,,,,"comparison_groups,subgroup_accuracy_gap",0.8231249812524766
adversarial,10003,10,joint_dirichlet_0.3,submitted,none,B0,4,2,False,4716,1180,True,True,0.9288135593220339,0.5439487632508834,0.011350752422180994,0.037500000000000006,0.037500000000000006,0.1779143475572047,,1.9320840074215084
adversarial,10003,10,joint_dirichlet_0.3,submitted,none,B0,4,3,False,361,91,True,False,0.7692307692307693,0.5131210191082802,,,,,"comparison_groups,subgroup_accuracy_gap",0.6962499755900353
adversarial,10003,10,joint_dirichlet_0.3,submitted,none,B0,4,4,False,730,183,True,True,0.7650273224043715,0.45524402907580475,0.02127659574468085,,,0.9148936170212766,"equal_opportunity_gap,equalized_odds_gap",0.8395830227527767
adversarial,10003,10,joint_dirichlet_0.3,submitted,none,B0,4,5,False,319,80,True,False,0.65,0.631336405529954,0.34523809523809523,0.007792207792207795,0.058823529411764705,0.261904761904762,,0.7019590120762587
adversarial,10003,10,joint_dirichlet_0.3,submitted,none,B0,4,6,False,1536,384,True,False,0.9947916666666666,0.49869451697127937,,,,,"comparison_groups,subgroup_accuracy_gap",1.342083007330075
adversarial,10003,10,joint_dirichlet_0.3,submitted,none,B0,4,7,False,1780,446,True,False,0.9753363228699552,0.49375709421112374,,,,,"comparison_groups,subgroup_accuracy_gap",1.129957992816344
adversarial,10003,10,joint_dirichlet_0.3,submitted,none,B0,4,8,False,1523,381,True,True,0.9763779527559056,0.4940239043824701,0.0,,,0.041860465116279055,"equal_opportunity_gap,equalized_odds_gap",1.107916992623359
adversarial,10003,10,joint_dirichlet_0.3,submitted,none,B0,4,9,False,3646,912,True,False,0.8651315789473685,0.5210554405140576,,,,,"comparison_groups,subgroup_accuracy_gap",1.6997499915305525
adversarial,10003,10,joint_dirichlet_0.3,submitted,none,B0,5,0,False,5224,1307,True,True,0.9671002295332823,0.513853207041218,0.011530018327190703,,,0.5177028578333636,"equal_opportunity_gap,equalized_odds_gap",2.5389159854967147
adversarial,10003,10,joint_dirichlet_0.3,submitted,none,B0,5,1,False,670,168,True,False,0.6547619047619048,0.6487382840663303,,,,,"comparison_groups,subgroup_accuracy_gap",0.8885840070433915
adversarial,10003,10,joint_dirichlet_0.3,submitted,none,B0,5,2,False,4716,1180,True,True,0.9305084745762712,0.5635071004529133,0.016401257472686042,0.012500000000000011,0.012500000000000011,0.17286384250669962,,1.9767089979723096
adversarial,10003,10,joint_dirichlet_0.3,submitted,none,B0,5,3,False,361,91,True,False,0.7692307692307693,0.5131210191082802,,,,,"comparison_groups,subgroup_accuracy_gap",0.6911670207045972
adversarial,10003,10,joint_dirichlet_0.3,submitted,none,B0,5,4,False,730,183,True,True,0.7595628415300546,0.4529891304347826,0.013923654568210262,,,0.907540675844806,"equal_opportunity_gap,equalized_odds_gap",0.8869580051396042
adversarial,10003,10,joint_dirichlet_0.3,submitted,none,B0,5,5,False,319,80,True,False,0.5875,0.5763119884448724,0.25595238095238093,0.09870129870129868,0.09870129870129868,0.3511904761904762,,0.7264160085469484
adversarial,10003,10,joint_dirichlet_0.3,submitted,none,B0,5,6,False,1536,384,True,False,0.9921875,0.4980392156862745,,,,,"comparison_groups,subgroup_accuracy_gap",1.0874170111492276
adversarial,10003,10,joint_dirichlet_0.3,submitted,none,B0,5,7,False,1780,446,True,False,0.9753363228699552,0.49375709421112374,,,,,"comparison_groups,subgroup_accuracy_gap",1.364249998005107
adversarial,10003,10,joint_dirichlet_0.3,submitted,none,B0,5,8,False,1523,381,True,True,0.9763779527559056,0.4940239043824701,0.0,,,0.041860465116279055,"equal_opportunity_gap,equalized_odds_gap",1.1410830193199217
adversarial,10003,10,joint_dirichlet_0.3,submitted,none,B0,5,9,False,3646,912,True,False,0.7510964912280702,0.4685137310375104,,,,,"comparison_groups,subgroup_accuracy_gap",1.754041004460305
adversarial,10003,10,joint_dirichlet_0.3,submitted,label_flip,B0,1,0,True,5224,1307,True,False,0.03289977046671767,0.03185185185185185,0.0,,,0.5308641975308642,"equal_opportunity_gap,equalized_odds_gap",2.3376249882858247
adversarial,10003,10,joint_dirichlet_0.3,submitted,label_flip,B0,1,1,True,670,168,True,False,0.2916666666666667,0.24200947867298578,,,,,"comparison_groups,subgroup_accuracy_gap",0.884250010130927
adversarial,10003,10,joint_dirichlet_0.3,submitted,label_flip,B0,1,2,False,4716,1180,True,True,0.9245762711864407,0.49137684704013485,0.0025252525252525255,0.0125,0.0125,0.1867398474541332,,1.9826669886242598
adversarial,10003,10,joint_dirichlet_0.3,submitted,label_flip,B0,1,3,False,361,91,True,False,0.7692307692307693,0.5131210191082802,,,,,"comparison_groups,subgroup_accuracy_gap",0.7023749931249768
adversarial,10003,10,joint_dirichlet_0.3,submitted,label_flip,B0,1,4,False,730,183,True,True,0.7650273224043715,0.45524402907580475,0.02127659574468085,,,0.9148936170212766,"equal_opportunity_gap,equalized_odds_gap",0.961375015322119
adversarial,10003,10,joint_dirichlet_0.3,submitted,label_flip,B0,1,5,False,319,80,True,True,0.8,0.5428571428571428,0.08333333333333337,0.0,0.11764705882352944,0.6071428571428571,,0.7322090095840394
adversarial,10003,10,joint_dirichlet_0.3,submitted,label_flip,B0,1,6,False,1536,384,True,False,0.9973958333333334,0.49934810951760106,,,,,"comparison_groups,subgroup_accuracy_gap",1.3698750117328018
adversarial,10003,10,joint_dirichlet_0.3,submitted,label_flip,B0,1,7,False,1780,446,True,False,0.9753363228699552,0.49375709421112374,,,,,"comparison_groups,subgroup_accuracy_gap",1.1367920087650418
adversarial,10003,10,joint_dirichlet_0.3,submitted,label_flip,B0,1,8,False,1523,381,True,True,0.9763779527559056,0.4940239043824701,0.0,,,0.041860465116279055,"equal_opportunity_gap,equalized_odds_gap",1.0660830012056977
adversarial,10003,10,joint_dirichlet_0.3,submitted,label_flip,B0,1,9,False,3646,912,True,False,0.981359649122807,0.5479224376731302,,,,,"comparison_groups,subgroup_accuracy_gap",1.6965830000117421
adversarial,10003,10,joint_dirichlet_0.3,submitted,label_flip,B0,2,0,True,5224,1307,True,False,0.03289977046671767,0.03185185185185185,0.0,,,0.5308641975308642,"equal_opportunity_gap,equalized_odds_gap",2.43162497645244
adversarial,10003,10,joint_dirichlet_0.3,submitted,label_flip,B0,2,1,True,670,168,True,False,0.31547619047619047,0.24598993092143775,,,,,"comparison_groups,subgroup_accuracy_gap",0.9042920137289912
adversarial,10003,10,joint_dirichlet_0.3,submitted,label_flip,B0,2,2,False,4716,1180,True,True,0.9279661016949152,0.5430752900765793,0.01387600494743352,0.037500000000000006,0.037500000000000006,0.18043960008245719,,1.9783750176429749
adversarial,10003,10,joint_dirichlet_0.3,submitted,label_flip,B0,2,3,False,361,91,True,False,0.7802197802197802,0.5512820512820513,,,,,"comparison_groups,subgroup_accuracy_gap",0.6987910019233823
adversarial,10003,10,joint_dirichlet_0.3,submitted,label_flip,B0,2,4,False,730,183,True,True,0.7923497267759563,0.559873417721519,0.1276595744680851,,,0.8085106382978724,"equal_opportunity_gap,equalized_odds_gap",0.9694999898783863
adversarial,10003,10,joint_dirichlet_0.3,submitted,label_flip,B0,2,5,False,319,80,True,True,0.8,0.5428571428571428,0.08333333333333337,0.0,0.11764705882352944,0.6071428571428571,,0.7335419941227883
adversarial,10003,10,joint_dirichlet_0.3,submitted,label_flip,B0,2,6,False,1536,384,True,False,0.9947916666666666,0.49869451697127937,,,,,"comparison_groups,subgroup_accuracy_gap",1.0722079896368086
adversarial,10003,10,joint_dirichlet_0.3,submitted,label_flip,B0,2,7,False,1780,446,True,False,0.9753363228699552,0.49375709421112374,,,,,"comparison_groups,subgroup_accuracy_gap",1.3784170150756836
adversarial,10003,10,joint_dirichlet_0.3,submitted,label_flip,B0,2,8,False,1523,381,True,True,0.9763779527559056,0.4940239043824701,0.0,,,0.041860465116279055,"equal_opportunity_gap,equalized_odds_gap",1.108333992306143
adversarial,10003,10,joint_dirichlet_0.3,submitted,label_flip,B0,2,9,False,3646,912,True,False,0.9802631578947368,0.5450110864745011,,,,,"comparison_groups,subgroup_accuracy_gap",1.693334023002535
adversarial,10003,10,joint_dirichlet_0.3,submitted,label_flip,B0,3,0,True,5224,1307,True,False,0.03289977046671767,0.03185185185185185,0.0,,,0.5308641975308642,"equal_opportunity_gap,equalized_odds_gap",2.1284590184222907
adversarial,10003,10,joint_dirichlet_0.3,submitted,label_flip,B0,3,1,True,670,168,True,False,0.38095238095238093,0.2833470057424118,,,,,"comparison_groups,subgroup_accuracy_gap",1.0613329941406846
adversarial,10003,10,joint_dirichlet_0.3,submitted,label_flip,B0,3,2,False,4716,1180,True,True,0.9296610169491526,0.620644911397308,0.05552978767264481,0.0875,0.0875,0.17158833230261805,,2.013874996919185
adversarial,10003,10,joint_dirichlet_0.3,submitted,label_flip,B0,3,3,False,361,91,True,False,0.7912087912087912,0.586857825567503,,,,,"comparison_groups,subgroup_accuracy_gap",0.7169589807745069
adversarial,10003,10,joint_dirichlet_0.3,submitted,label_flip,B0,3,4,False,730,183,True,True,0.7978142076502732,0.6155680463294158,0.19070713391739674,,,0.7013454317897372,"equal_opportunity_gap,equalized_odds_gap",0.979833013843745
adversarial,10003,10,joint_dirichlet_0.3,submitted,label_flip,B0,3,5,False,319,80,True,True,0.8,0.5783926218708828,0.1071428571428571,0.018181818181818188,0.17647058823529416,0.5476190476190477,,0.754000007873401
adversarial,10003,10,joint_dirichlet_0.3,submitted,label_flip,B0,3,6,False,1536,384,True,False,0.9869791666666666,0.4967234600262123,,,,,"comparison_groups,subgroup_accuracy_gap",1.142041990533471
adversarial,10003,10,joint_dirichlet_0.3,submitted,label_flip,B0,3,7,False,1780,446,True,False,0.9708520179372198,0.4926052332195677,,,,,"comparison_groups,subgroup_accuracy_gap",1.2110419920645654
adversarial,10003,10,joint_dirichlet_0.3,submitted,label_flip,B0,3,8,False,1523,381,True,True,0.9763779527559056,0.4940239043824701,0.0,,,0.041860465116279055,"equal_opportunity_gap,equalized_odds_gap",1.2081250024493784
adversarial,10003,10,joint_dirichlet_0.3,submitted,label_flip,B0,3,9,False,3646,912,True,False,0.981359649122807,0.5905237302907852,,,,,"comparison_groups,subgroup_accuracy_gap",1.8480409926269203
adversarial,10003,10,joint_dirichlet_0.3,submitted,label_flip,B0,4,0,True,5224,1307,True,False,0.03442999234889059,0.03347888862324853,0.0016313213703099683,,,0.5292328761605543,"equal_opportunity_gap,equalized_odds_gap",2.137125004082918
adversarial,10003,10,joint_dirichlet_0.3,submitted,label_flip,B0,4,1,True,670,168,True,False,0.4226190476190476,0.35330767093932297,,,,,"comparison_groups,subgroup_accuracy_gap",0.8540000126231462
adversarial,10003,10,joint_dirichlet_0.3,submitted,label_flip,B0,4,2,False,4716,1180,True,True,0.9288135593220339,0.6530577956989247,0.08455730777159348,0.1625,0.1625,0.17031282209853638,,2.2206249996088445
adversarial,10003,10,joint_dirichlet_0.3,submitted,label_flip,B0,4,3,False,361,91,True,False,0.8021978021978022,0.6201298701298701,,,,,"comparison_groups,subgroup_accuracy_gap",0.722791999578476
adversarial,10003,10,joint_dirichlet_0.3,submitted,label_flip,B0,4,4,False,730,183,True,True,0.8032786885245902,0.6504668930390493,0.23983103879849813,,,0.6228097622027535,"equal_opportunity_gap,equalized_odds_gap",0.9462500165682286
adversarial,10003,10,joint_dirichlet_0.3,submitted,label_flip,B0,4,5,False,319,80,True,True,0.8125,0.6191685179308156,0.14880952380952372,0.018181818181818188,0.23529411764705888,0.5059523809523809,,0.7395419816020876
adversarial,10003,10,joint_dirichlet_0.3,submitted,label_flip,B0,4,6,False,1536,384,True,False,0.984375,0.49606299212598426,,,,,"comparison_groups,subgroup_accuracy_gap",1.1111250205431134
adversarial,10003,10,joint_dirichlet_0.3,submitted,label_flip,B0,4,7,False,1780,446,True,False,0.9641255605381166,0.5464022374777523,,,,,"comparison_groups,subgroup_accuracy_gap",1.1762079957406968
adversarial,10003,10,joint_dirichlet_0.3,submitted,label_flip,B0,4,8,False,1523,381,True,True,0.9763779527559056,0.4940239043824701,0.0,,,0.041860465116279055,"equal_opportunity_gap,equalized_odds_gap",1.1152910010423511
adversarial,10003,10,joint_dirichlet_0.3,submitted,label_flip,B0,4,9,False,3646,912,True,False,0.981359649122807,0.5905237302907852,,,,,"comparison_groups,subgroup_accuracy_gap",1.9858750165440142
adversarial,10003,10,joint_dirichlet_0.3,submitted,label_flip,B0,5,0,True,5224,1307,True,False,0.0504973221117062,0.050274936484431584,0.007562483636436856,,,0.5384266811673011,"equal_opportunity_gap,equalized_odds_gap",2.2640829847659916
adversarial,10003,10,joint_dirichlet_0.3,submitted,label_flip,B0,5,1,True,670,168,True,False,0.4523809523809524,0.43176470588235294,,,,,"comparison_groups,subgroup_accuracy_gap",0.8771250140853226
adversarial,10003,10,joint_dirichlet_0.3,submitted,label_flip,B0,5,2,False,4716,1180,True,True,0.9271186440677966,0.681984556758925,0.11735982271696557,0.1375,0.1375,0.17536332714904146,,2.4698330089449883
adversarial,10003,10,joint_dirichlet_0.3,submitted,label_flip,B0,5,3,False,361,91,True,False,0.8021978021978022,0.6407894736842106,,,,,"comparison_groups,subgroup_accuracy_gap",0.7419580069836229
adversarial,10003,10,joint_dirichlet_0.3,submitted,label_flip,B0,5,4,False,730,183,True,True,0.7814207650273224,0.6467181467181468,0.23826658322903632,,,0.5361389236545682,"equal_opportunity_gap,equalized_odds_gap",0.9619999909773469
adversarial,10003,10,joint_dirichlet_0.3,submitted,label_flip,B0,5,5,False,319,80,True,True,0.8,0.6326061997703789,0.09523809523809523,0.054545454545454564,0.7647058823529411,0.4880952380952381,,0.7441249908879399
adversarial,10003,10,joint_dirichlet_0.3,submitted,label_flip,B0,5,6,False,1536,384,True,False,0.984375,0.49606299212598426,,,,,"comparison_groups,subgroup_accuracy_gap",1.0913330188486725
adversarial,10003,10,joint_dirichlet_0.3,submitted,label_flip,B0,5,7,False,1780,446,True,False,0.9551569506726457,0.5339602925809822,,,,,"comparison_groups,subgroup_accuracy_gap",1.1422500247135758
adversarial,10003,10,joint_dirichlet_0.3,submitted,label_flip,B0,5,8,False,1523,381,True,True,0.9658792650918635,0.49132176234979974,0.013421126365928831,,,0.028439338750350207,"equal_opportunity_gap,equalized_odds_gap",1.0738749988377094
adversarial,10003,10,joint_dirichlet_0.3,submitted,label_flip,B0,5,9,False,3646,912,True,False,0.9824561403508771,0.6319241247099183,,,,,"comparison_groups,subgroup_accuracy_gap",1.7318329773843288
adversarial,10003,10,joint_dirichlet_0.3,submitted,sign_flip,B0,1,0,True,5224,1307,True,True,0.9671002295332823,0.4916374951380786,0.0,,,0.5308641975308642,"equal_opportunity_gap,equalized_odds_gap",2.3745000071357936
adversarial,10003,10,joint_dirichlet_0.3,submitted,sign_flip,B0,1,1,True,670,168,True,False,0.7083333333333334,0.6449122201613251,,,,,"comparison_groups,subgroup_accuracy_gap",1.1667500075418502
adversarial,10003,10,joint_dirichlet_0.3,submitted,sign_flip,B0,1,2,False,4716,1180,True,True,0.9245762711864407,0.49137684704013485,0.0025252525252525255,0.0125,0.0125,0.1867398474541332,,2.0470829913392663
adversarial,10003,10,joint_dirichlet_0.3,submitted,sign_flip,B0,1,3,False,361,91,True,False,0.7692307692307693,0.5131210191082802,,,,,"comparison_groups,subgroup_accuracy_gap",0.7254999945871532
adversarial,10003,10,joint_dirichlet_0.3,submitted,sign_flip,B0,1,4,False,730,183,True,True,0.7650273224043715,0.45524402907580475,0.02127659574468085,,,0.9148936170212766,"equal_opportunity_gap,equalized_odds_gap",0.9672089945524931
adversarial,10003,10,joint_dirichlet_0.3,submitted,sign_flip,B0,1,5,False,319,80,True,True,0.8,0.5428571428571428,0.08333333333333337,0.0,0.11764705882352944,0.6071428571428571,,0.7440839835908264
adversarial,10003,10,joint_dirichlet_0.3,submitted,sign_flip,B0,1,6,False,1536,384,True,False,0.9973958333333334,0.49934810951760106,,,,,"comparison_groups,subgroup_accuracy_gap",1.1005839915014803
adversarial,10003,10,joint_dirichlet_0.3,submitted,sign_flip,B0,1,7,False,1780,446,True,False,0.9753363228699552,0.49375709421112374,,,,,"comparison_groups,subgroup_accuracy_gap",1.2274589971639216
adversarial,10003,10,joint_dirichlet_0.3,submitted,sign_flip,B0,1,8,False,1523,381,True,True,0.9763779527559056,0.4940239043824701,0.0,,,0.041860465116279055,"equal_opportunity_gap,equalized_odds_gap",1.2688330025412142
adversarial,10003,10,joint_dirichlet_0.3,submitted,sign_flip,B0,1,9,False,3646,912,True,False,0.981359649122807,0.5479224376731302,,,,,"comparison_groups,subgroup_accuracy_gap",1.878124981885776
adversarial,10003,10,joint_dirichlet_0.3,submitted,sign_flip,B0,2,0,True,5224,1307,True,True,0.9678653404743688,0.5145560665015918,0.012345679012345678,,,0.5185185185185186,"equal_opportunity_gap,equalized_odds_gap",2.134625014150515
adversarial,10003,10,joint_dirichlet_0.3,submitted,sign_flip,B0,2,1,True,670,168,True,False,0.7321428571428571,0.6849868744531022,,,,,"comparison_groups,subgroup_accuracy_gap",0.866875023348257
adversarial,10003,10,joint_dirichlet_0.3,submitted,sign_flip,B0,2,2,False,4716,1180,True,True,0.9279661016949152,0.5430752900765793,0.01387600494743352,0.037500000000000006,0.037500000000000006,0.18043960008245719,,2.2524159867316484
adversarial,10003,10,joint_dirichlet_0.3,submitted,sign_flip,B0,2,3,False,361,91,True,False,0.7802197802197802,0.5512820512820513,,,,,"comparison_groups,subgroup_accuracy_gap",0.704791018506512
adversarial,10003,10,joint_dirichlet_0.3,submitted,sign_flip,B0,2,4,False,730,183,True,True,0.7923497267759563,0.559873417721519,0.1276595744680851,,,0.8085106382978724,"equal_opportunity_gap,equalized_odds_gap",0.8438329969067127
adversarial,10003,10,joint_dirichlet_0.3,submitted,sign_flip,B0,2,5,False,319,80,True,True,0.8,0.5428571428571428,0.08333333333333337,0.0,0.11764705882352944,0.6071428571428571,,0.7007909880485386
adversarial,10003,10,joint_dirichlet_0.3,submitted,sign_flip,B0,2,6,False,1536,384,True,False,0.9947916666666666,0.49869451697127937,,,,,"comparison_groups,subgroup_accuracy_gap",1.0618340165819973
adversarial,10003,10,joint_dirichlet_0.3,submitted,sign_flip,B0,2,7,False,1780,446,True,False,0.9753363228699552,0.49375709421112374,,,,,"comparison_groups,subgroup_accuracy_gap",1.1457079963292927
adversarial,10003,10,joint_dirichlet_0.3,submitted,sign_flip,B0,2,8,False,1523,381,True,True,0.9763779527559056,0.4940239043824701,0.0,,,0.041860465116279055,"equal_opportunity_gap,equalized_odds_gap",1.089792000129819
adversarial,10003,10,joint_dirichlet_0.3,submitted,sign_flip,B0,2,9,False,3646,912,True,False,0.9802631578947368,0.5450110864745011,,,,,"comparison_groups,subgroup_accuracy_gap",2.035167010035366
adversarial,10003,10,joint_dirichlet_0.3,submitted,sign_flip,B0,3,0,True,5224,1307,True,True,0.9678653404743688,0.5145560665015918,0.012345679012345678,,,0.5185185185185186,"equal_opportunity_gap,equalized_odds_gap",2.1354999917093664
adversarial,10003,10,joint_dirichlet_0.3,submitted,sign_flip,B0,3,1,True,670,168,True,False,0.7380952380952381,0.6936339522546419,,,,,"comparison_groups,subgroup_accuracy_gap",0.8463340054731816
adversarial,10003,10,joint_dirichlet_0.3,submitted,sign_flip,B0,3,2,False,4716,1180,True,True,0.9288135593220339,0.5775368248772504,0.0315527726242012,0.012499999999999997,0.012658227848101266,0.1779143475572047,,1.983583002584055
adversarial,10003,10,joint_dirichlet_0.3,submitted,sign_flip,B0,3,3,False,361,91,True,False,0.7802197802197802,0.5512820512820513,,,,,"comparison_groups,subgroup_accuracy_gap",0.980499986326322
adversarial,10003,10,joint_dirichlet_0.3,submitted,sign_flip,B0,3,4,False,730,183,True,True,0.7923497267759563,0.5872507122507122,0.15550688360450562,,,0.7512515644555695,"equal_opportunity_gap,equalized_odds_gap",0.9562500054016709
adversarial,10003,10,joint_dirichlet_0.3,submitted,sign_flip,B0,3,5,False,319,80,True,True,0.8,0.5428571428571428,0.08333333333333337,0.0,0.11764705882352944,0.6071428571428571,,0.7257920224219561
adversarial,10003,10,joint_dirichlet_0.3,submitted,sign_flip,B0,3,6,False,1536,384,True,False,0.9895833333333334,0.4973821989528796,,,,,"comparison_groups,subgroup_accuracy_gap",1.0733340168371797
adversarial,10003,10,joint_dirichlet_0.3,submitted,sign_flip,B0,3,7,False,1780,446,True,False,0.9753363228699552,0.49375709421112374,,,,,"comparison_groups,subgroup_accuracy_gap",1.1399590002838522
adversarial,10003,10,joint_dirichlet_0.3,submitted,sign_flip,B0,3,8,False,1523,381,True,True,0.9763779527559056,0.4940239043824701,0.0,,,0.041860465116279055,"equal_opportunity_gap,equalized_odds_gap",1.0708750050980598
adversarial,10003,10,joint_dirichlet_0.3,submitted,sign_flip,B0,3,9,False,3646,912,True,False,0.9802631578947368,0.5450110864745011,,,,,"comparison_groups,subgroup_accuracy_gap",1.6977910127025098
adversarial,10003,10,joint_dirichlet_0.3,submitted,sign_flip,B0,4,0,True,5224,1307,True,True,0.9678653404743688,0.5145560665015918,0.012345679012345678,,,0.5185185185185186,"equal_opportunity_gap,equalized_odds_gap",2.1330000017769635
adversarial,10003,10,joint_dirichlet_0.3,submitted,sign_flip,B0,4,1,True,670,168,True,False,0.7321428571428571,0.6849868744531022,,,,,"comparison_groups,subgroup_accuracy_gap",0.9313749906141311
adversarial,10003,10,joint_dirichlet_0.3,submitted,sign_flip,B0,4,2,False,4716,1180,True,True,0.9305084745762712,0.6021643312939938,0.03785301999587714,0.04999999999999999,0.04999999999999999,0.16906307977736545,,1.9925000087823719
adversarial,10003,10,joint_dirichlet_0.3,submitted,sign_flip,B0,4,3,False,361,91,True,False,0.7802197802197802,0.5512820512820513,,,,,"comparison_groups,subgroup_accuracy_gap",0.7677499961573631
adversarial,10003,10,joint_dirichlet_0.3,submitted,sign_flip,B0,4,4,False,730,183,True,True,0.7923497267759563,0.5872507122507122,0.15550688360450562,,,0.7512515644555695,"equal_opportunity_gap,equalized_odds_gap",0.9062910103239119
adversarial,10003,10,joint_dirichlet_0.3,submitted,sign_flip,B0,4,5,False,319,80,True,True,0.8125,0.5889003083247688,0.125,0.0,0.17647058823529416,0.5654761904761905,,0.8701249898876995
adversarial,10003,10,joint_dirichlet_0.3,submitted,sign_flip,B0,4,6,False,1536,384,True,False,0.9895833333333334,0.4973821989528796,,,,,"comparison_groups,subgroup_accuracy_gap",1.1467919975984842
adversarial,10003,10,joint_dirichlet_0.3,submitted,sign_flip,B0,4,7,False,1780,446,True,False,0.9753363228699552,0.49375709421112374,,,,,"comparison_groups,subgroup_accuracy_gap",1.1406669800635427
adversarial,10003,10,joint_dirichlet_0.3,submitted,sign_flip,B0,4,8,False,1523,381,True,True,0.9763779527559056,0.4940239043824701,0.0,,,0.041860465116279055,"equal_opportunity_gap,equalized_odds_gap",1.0657920211087912
adversarial,10003,10,joint_dirichlet_0.3,submitted,sign_flip,B0,4,9,False,3646,912,True,False,0.9802631578947368,0.5450110864745011,,,,,"comparison_groups,subgroup_accuracy_gap",1.6867080121301115
adversarial,10003,10,joint_dirichlet_0.3,submitted,sign_flip,B0,5,0,True,5224,1307,True,True,0.9678653404743688,0.5145560665015918,0.012345679012345678,,,0.5185185185185186,"equal_opportunity_gap,equalized_odds_gap",2.480082999682054
adversarial,10003,10,joint_dirichlet_0.3,submitted,sign_flip,B0,5,1,True,670,168,True,False,0.7321428571428571,0.6849868744531022,,,,,"comparison_groups,subgroup_accuracy_gap",0.9098750015255064
adversarial,10003,10,joint_dirichlet_0.3,submitted,sign_flip,B0,5,2,False,4716,1180,True,True,0.9313559322033899,0.6104483634185011,0.04037827252112966,0.0625,0.0625,0.16653782725211297,,1.975207997020334
adversarial,10003,10,joint_dirichlet_0.3,submitted,sign_flip,B0,5,3,False,361,91,True,False,0.7802197802197802,0.5512820512820513,,,,,"comparison_groups,subgroup_accuracy_gap",0.7154580089263618
adversarial,10003,10,joint_dirichlet_0.3,submitted,sign_flip,B0,5,4,False,730,183,True,True,0.7923497267759563,0.5872507122507122,0.15550688360450562,,,0.7512515644555695,"equal_opportunity_gap,equalized_odds_gap",0.8870000019669533
adversarial,10003,10,joint_dirichlet_0.3,submitted,sign_flip,B0,5,5,False,319,80,True,True,0.8,0.5783926218708828,0.1071428571428571,0.018181818181818188,0.17647058823529416,0.5476190476190477,,0.7155830098781735
adversarial,10003,10,joint_dirichlet_0.3,submitted,sign_flip,B0,5,6,False,1536,384,True,False,0.9895833333333334,0.4973821989528796,,,,,"comparison_groups,subgroup_accuracy_gap",1.0755000112112612
adversarial,10003,10,joint_dirichlet_0.3,submitted,sign_flip,B0,5,7,False,1780,446,True,False,0.9753363228699552,0.49375709421112374,,,,,"comparison_groups,subgroup_accuracy_gap",1.3499589986167848
adversarial,10003,10,joint_dirichlet_0.3,submitted,sign_flip,B0,5,8,False,1523,381,True,True,0.9763779527559056,0.4940239043824701,0.0,,,0.041860465116279055,"equal_opportunity_gap,equalized_odds_gap",1.0987079876940697
adversarial,10003,10,joint_dirichlet_0.3,submitted,sign_flip,B0,5,9,False,3646,912,True,False,0.9802631578947368,0.5450110864745011,,,,,"comparison_groups,subgroup_accuracy_gap",1.6839170129969716
adversarial,10003,10,joint_dirichlet_0.3,submitted,random_weights,B0,1,0,True,5224,1307,True,True,0.9671002295332823,0.4916374951380786,0.0,,,0.5308641975308642,"equal_opportunity_gap,equalized_odds_gap",2.297291997820139
adversarial,10003,10,joint_dirichlet_0.3,submitted,random_weights,B0,1,1,True,670,168,True,False,0.7083333333333334,0.6449122201613251,,,,,"comparison_groups,subgroup_accuracy_gap",1.1381250224076211
adversarial,10003,10,joint_dirichlet_0.3,submitted,random_weights,B0,1,2,False,4716,1180,True,True,0.9245762711864407,0.49137684704013485,0.0025252525252525255,0.0125,0.0125,0.1867398474541332,,2.150415995856747
adversarial,10003,10,joint_dirichlet_0.3,submitted,random_weights,B0,1,3,False,361,91,True,False,0.7692307692307693,0.5131210191082802,,,,,"comparison_groups,subgroup_accuracy_gap",0.7517909980379045
adversarial,10003,10,joint_dirichlet_0.3,submitted,random_weights,B0,1,4,False,730,183,True,True,0.7650273224043715,0.45524402907580475,0.02127659574468085,,,0.9148936170212766,"equal_opportunity_gap,equalized_odds_gap",1.0452909918967634
adversarial,10003,10,joint_dirichlet_0.3,submitted,random_weights,B0,1,5,False,319,80,True,True,0.8,0.5428571428571428,0.08333333333333337,0.0,0.11764705882352944,0.6071428571428571,,0.8139590208884329
adversarial,10003,10,joint_dirichlet_0.3,submitted,random_weights,B0,1,6,False,1536,384,True,False,0.9973958333333334,0.49934810951760106,,,,,"comparison_groups,subgroup_accuracy_gap",1.1250840034335852
adversarial,10003,10,joint_dirichlet_0.3,submitted,random_weights,B0,1,7,False,1780,446,True,False,0.9753363228699552,0.49375709421112374,,,,,"comparison_groups,subgroup_accuracy_gap",1.1932920024264604
adversarial,10003,10,joint_dirichlet_0.3,submitted,random_weights,B0,1,8,False,1523,381,True,True,0.9763779527559056,0.4940239043824701,0.0,,,0.041860465116279055,"equal_opportunity_gap,equalized_odds_gap",1.0904159862548113
adversarial,10003,10,joint_dirichlet_0.3,submitted,random_weights,B0,1,9,False,3646,912,True,False,0.981359649122807,0.5479224376731302,,,,,"comparison_groups,subgroup_accuracy_gap",1.7135830130428076
adversarial,10003,10,joint_dirichlet_0.3,submitted,random_weights,B0,2,0,True,5224,1307,True,False,0.4996174445294568,0.35732137164442146,0.04239421585805492,,,0.019334179203673474,"equal_opportunity_gap,equalized_odds_gap",2.469250001013279
adversarial,10003,10,joint_dirichlet_0.3,submitted,random_weights,B0,2,1,True,670,168,True,False,0.5773809523809523,0.5380862022228246,,,,,"comparison_groups,subgroup_accuracy_gap",0.8706669905222952
adversarial,10003,10,joint_dirichlet_0.3,submitted,random_weights,B0,2,2,False,4716,1180,True,False,0.5372881355932203,0.4350383550977029,0.08616780045351474,0.15000000000000002,0.15000000000000002,0.012291280148422956,,2.056540979538113
adversarial,10003,10,joint_dirichlet_0.3,submitted,random_weights,B0,2,3,False,361,91,True,False,0.5824175824175825,0.553921568627451,,,,,"comparison_groups,subgroup_accuracy_gap",0.7160840032156557
adversarial,10003,10,joint_dirichlet_0.3,submitted,random_weights,B0,2,4,False,730,183,True,False,0.5081967213114754,0.4765446224256293,0.024561952440550705,,,0.06054443053817271,"equal_opportunity_gap,equalized_odds_gap",0.9098339942283928
adversarial,10003,10,joint_dirichlet_0.3,submitted,random_weights,B0,2,5,False,319,80,True,False,0.5625,0.45893719806763283,0.06547619047619047,0.07792207792207795,0.2941176470588235,0.20833333333333331,,0.7285419851541519
adversarial,10003,10,joint_dirichlet_0.3,submitted,random_weights,B0,2,6,False,1536,384,True,False,0.5859375,0.37523918671400947,,,,,"comparison_groups,subgroup_accuracy_gap",1.237958000274375
adversarial,10003,10,joint_dirichlet_0.3,submitted,random_weights,B0,2,7,False,1780,446,True,False,0.5381165919282511,0.382304692752454,,,,,"comparison_groups,subgroup_accuracy_gap",1.208625006256625
adversarial,10003,10,joint_dirichlet_0.3,submitted,random_weights,B0,2,8,False,1523,381,True,False,0.5380577427821522,0.3786047890874045,0.021238442140655678,,,0.007284953768562641,"equal_opportunity_gap,equalized_odds_gap",1.099290995625779
adversarial,10003,10,joint_dirichlet_0.3,submitted,random_weights,B0,2,9,False,3646,912,True,False,0.8344298245614035,0.4738173384431394,,,,,"comparison_groups,subgroup_accuracy_gap",1.7064580169972032
adversarial,10003,10,joint_dirichlet_0.3,submitted,random_weights,B0,3,0,True,5224,1307,True,False,0.5723029839326702,0.3960942724206138,0.09763760497855112,,,0.10998328399089685,"equal_opportunity_gap,equalized_odds_gap",2.553541009547189
adversarial,10003,10,joint_dirichlet_0.3,submitted,random_weights,B0,3,1,True,670,168,True,False,0.6547619047619048,0.6181818181818182,,,,,"comparison_groups,subgroup_accuracy_gap",0.9312499896623194
adversarial,10003,10,joint_dirichlet_0.3,submitted,random_weights,B0,3,2,False,4716,1180,True,False,0.5847457627118644,0.4662427626137304,0.06002628324056897,0.0625,0.0625,0.028280251494537167,,2.1930419898126274
adversarial,10003,10,joint_dirichlet_0.3,submitted,random_weights,B0,3,3,False,361,91,True,False,0.6373626373626373,0.5861926415874328,,,,,"comparison_groups,subgroup_accuracy_gap",0.7172500190790743
adversarial,10003,10,joint_dirichlet_0.3,submitted,random_weights,B0,3,4,False,730,183,True,False,0.5683060109289617,0.5364117364117365,0.16113892365456822,,,0.09418022528160208,"equal_opportunity_gap,equalized_odds_gap",0.9012079972308129
adversarial,10003,10,joint_dirichlet_0.3,submitted,random_weights,B0,3,5,False,319,80,True,True,0.6875,0.5900799344127895,0.24404761904761907,0.21038961038961046,0.47058823529411764,0.2678571428571429,,0.7232500065583736
adversarial,10003,10,joint_dirichlet_0.3,submitted,random_weights,B0,3,6,False,1536,384,True,False,0.6015625,0.3816555280745146,,,,,"comparison_groups,subgroup_accuracy_gap",1.0998749930877239
adversarial,10003,10,joint_dirichlet_0.3,submitted,random_weights,B0,3,7,False,1780,446,True,False,0.6278026905829597,0.42705463550533973,,,,,"comparison_groups,subgroup_accuracy_gap",1.4046660216990858
adversarial,10003,10,joint_dirichlet_0.3,submitted,random_weights,B0,3,8,False,1523,381,True,False,0.6141732283464567,0.4263752470887061,0.0544130008405716,,,0.021854861305687923,"equal_opportunity_gap,equalized_odds_gap",1.2345410068519413
adversarial,10003,10,joint_dirichlet_0.3,submitted,random_weights,B0,3,9,False,3646,912,True,False,0.8157894736842105,0.4822384428223844,,,,,"comparison_groups,subgroup_accuracy_gap",1.895624998724088
adversarial,10003,10,joint_dirichlet_0.3,submitted,random_weights,B0,4,0,True,5224,1307,True,False,0.49808722264728383,0.3541595106812498,0.04076289448774495,,,0.07034821662336616,"equal_opportunity_gap,equalized_odds_gap",2.1704999962821603
adversarial,10003,10,joint_dirichlet_0.3,submitted,random_weights,B0,4,1,True,670,168,True,False,0.5773809523809523,0.5477535545023696,,,,,"comparison_groups,subgroup_accuracy_gap",1.117333013098687
adversarial,10003,10,joint_dirichlet_0.3,submitted,random_weights,B0,4,2,False,4716,1180,True,False,0.49830508474576274,0.3968280282935456,0.006197175840032876,0.025000000000000022,0.025000000000000022,0.021554834054834104,,2.0353340078145266
adversarial,10003,10,joint_dirichlet_0.3,submitted,random_weights,B0,4,3,False,361,91,True,False,0.4945054945054945,0.4803872889771599,,,,,"comparison_groups,subgroup_accuracy_gap",0.7236249803099781
adversarial,10003,10,joint_dirichlet_0.3,submitted,random_weights,B0,4,4,False,730,183,True,False,0.4371584699453552,0.4194055136300632,0.04239674593241549,,,0.1275031289111389,"equal_opportunity_gap,equalized_odds_gap",0.8631249947939068
adversarial,10003,10,joint_dirichlet_0.3,submitted,random_weights,B0,4,5,False,319,80,True,True,0.625,0.5157384987893463,0.1071428571428571,0.1558441558441559,0.3529411764705882,0.2976190476190476,,0.6994159775786102
adversarial,10003,10,joint_dirichlet_0.3,submitted,random_weights,B0,4,6,False,1536,384,True,False,0.5104166666666666,0.34263340010926974,,,,,"comparison_groups,subgroup_accuracy_gap",1.0718340054154396
adversarial,10003,10,joint_dirichlet_0.3,submitted,random_weights,B0,4,7,False,1780,446,True,False,0.5493273542600897,0.3841090996530521,,,,,"comparison_groups,subgroup_accuracy_gap",1.1367919796612114
adversarial,10003,10,joint_dirichlet_0.3,submitted,random_weights,B0,4,8,False,1523,381,True,False,0.5275590551181102,0.38180572582389843,0.06912300364247687,,,0.03656486410759319,"equal_opportunity_gap,equalized_odds_gap",1.305291021708399
adversarial,10003,10,joint_dirichlet_0.3,submitted,random_weights,B0,4,9,False,3646,912,True,False,0.7598684210526315,0.44485303314571606,,,,,"comparison_groups,subgroup_accuracy_gap",1.8849589978344738
adversarial,10003,10,joint_dirichlet_0.3,submitted,random_weights,B0,5,0,True,5224,1307,True,True,0.9043611323641928,0.5376436594566906,0.1290153666445129,,,0.437657341953155,"equal_opportunity_gap,equalized_odds_gap",2.186790981795639
adversarial,10003,10,joint_dirichlet_0.3,submitted,random_weights,B0,5,1,True,670,168,True,False,0.5178571428571429,0.5008619741040972,,,,,"comparison_groups,subgroup_accuracy_gap",0.8491250046063215
adversarial,10003,10,joint_dirichlet_0.3,submitted,random_weights,B0,5,2,False,4716,1180,True,True,0.7745762711864407,0.5006077731319727,0.1462842712842713,0.3125,0.3125,0.02002164502164494,,2.243708004243672
adversarial,10003,10,joint_dirichlet_0.3,submitted,random_weights,B0,5,3,False,361,91,True,False,0.6923076923076923,0.5666666666666667,,,,,"comparison_groups,subgroup_accuracy_gap",0.7363329932559282
adversarial,10003,10,joint_dirichlet_0.3,submitted,random_weights,B0,5,4,False,730,183,True,False,0.7540983606557377,0.6432748538011696,0.3291614518147684,,,0.49937421777221525,"equal_opportunity_gap,equalized_odds_gap",0.9382920106872916
adversarial,10003,10,joint_dirichlet_0.3,submitted,random_weights,B0,5,5,False,319,80,True,False,0.4875,0.4809305269821174,0.24404761904761904,0.2753246753246753,0.2753246753246753,0.19642857142857145,,0.7287500193342566
adversarial,10003,10,joint_dirichlet_0.3,submitted,random_weights,B0,5,6,False,1536,384,True,False,0.8229166666666666,0.46557511256651657,,,,,"comparison_groups,subgroup_accuracy_gap",1.1034999915864319
adversarial,10003,10,joint_dirichlet_0.3,submitted,random_weights,B0,5,7,False,1780,446,True,False,0.8968609865470852,0.5126840855106889,,,,,"comparison_groups,subgroup_accuracy_gap",1.1277910089120269
adversarial,10003,10,joint_dirichlet_0.3,submitted,random_weights,B0,5,8,False,1523,381,True,True,0.8661417322834646,0.5315234949490079,0.11513028859624545,,,0.11978145138694307,"equal_opportunity_gap,equalized_odds_gap",1.0819169983733445
adversarial,10003,10,joint_dirichlet_0.3,submitted,random_weights,B0,5,9,False,3646,912,True,False,0.30153508771929827,0.24815871721701319,,,,,"comparison_groups,subgroup_accuracy_gap",1.9363749888725579
adversarial,10003,10,joint_dirichlet_0.3,submitted,none,B6,1,0,False,5224,1307,True,True,0.9671002295332823,0.4916374951380786,0.0,,,0.5308641975308642,"equal_opportunity_gap,equalized_odds_gap",2.2624580014962703
adversarial,10003,10,joint_dirichlet_0.3,submitted,none,B6,1,1,False,670,168,True,False,0.7083333333333334,0.6449122201613251,,,,,"comparison_groups,subgroup_accuracy_gap",1.2117500009480864
adversarial,10003,10,joint_dirichlet_0.3,submitted,none,B6,1,2,False,4716,1180,True,True,0.9245762711864407,0.49137684704013485,0.0025252525252525255,0.0125,0.0125,0.1867398474541332,,2.1692919835913926
adversarial,10003,10,joint_dirichlet_0.3,submitted,none,B6,1,3,False,361,91,True,False,0.7692307692307693,0.5131210191082802,,,,,"comparison_groups,subgroup_accuracy_gap",0.7483749941457063
adversarial,10003,10,joint_dirichlet_0.3,submitted,none,B6,1,4,False,730,183,True,True,0.7650273224043715,0.45524402907580475,0.02127659574468085,,,0.9148936170212766,"equal_opportunity_gap,equalized_odds_gap",0.8968329930212349
adversarial,10003,10,joint_dirichlet_0.3,submitted,none,B6,1,5,False,319,80,True,True,0.8,0.5428571428571428,0.08333333333333337,0.0,0.11764705882352944,0.6071428571428571,,0.7287909975275397
adversarial,10003,10,joint_dirichlet_0.3,submitted,none,B6,1,6,False,1536,384,True,False,0.9973958333333334,0.49934810951760106,,,,,"comparison_groups,subgroup_accuracy_gap",1.1412920139264315
adversarial,10003,10,joint_dirichlet_0.3,submitted,none,B6,1,7,False,1780,446,True,False,0.9753363228699552,0.49375709421112374,,,,,"comparison_groups,subgroup_accuracy_gap",1.2035000254400074
adversarial,10003,10,joint_dirichlet_0.3,submitted,none,B6,1,8,False,1523,381,True,True,0.9763779527559056,0.4940239043824701,0.0,,,0.041860465116279055,"equal_opportunity_gap,equalized_odds_gap",1.3235829828772694
adversarial,10003,10,joint_dirichlet_0.3,submitted,none,B6,1,9,False,3646,912,True,False,0.981359649122807,0.5479224376731302,,,,,"comparison_groups,subgroup_accuracy_gap",1.7898340011015534
adversarial,10003,10,joint_dirichlet_0.3,submitted,none,B6,2,0,False,5224,1307,True,True,0.9678653404743688,0.5145560665015918,0.012345679012345678,,,0.5185185185185186,"equal_opportunity_gap,equalized_odds_gap",2.209250000305474
adversarial,10003,10,joint_dirichlet_0.3,submitted,none,B6,2,1,False,670,168,True,False,0.7738095238095238,0.7732954545454545,,,,,"comparison_groups,subgroup_accuracy_gap",1.1280830076429993
adversarial,10003,10,joint_dirichlet_0.3,submitted,none,B6,2,2,False,4716,1180,True,True,0.926271186440678,0.5130697098624016,0.0037749948464234186,0.07500000000000001,0.07500000000000001,0.18549010513296227,,2.01104098232463
adversarial,10003,10,joint_dirichlet_0.3,submitted,none,B6,2,3,False,361,91,True,False,0.7472527472527473,0.4276729559748428,,,,,"comparison_groups,subgroup_accuracy_gap",0.7082500087562948
adversarial,10003,10,joint_dirichlet_0.3,submitted,none,B6,2,4,False,730,183,True,True,0.7650273224043715,0.45524402907580475,0.02127659574468085,,,0.9148936170212766,"equal_opportunity_gap,equalized_odds_gap",1.001583004835993
adversarial,10003,10,joint_dirichlet_0.3,submitted,none,B6,2,5,False,319,80,True,False,0.825,0.7666666666666666,0.3214285714285714,0.1636363636363637,0.29411764705882354,0.04761904761904767,,0.7379590242635459
adversarial,10003,10,joint_dirichlet_0.3,submitted,none,B6,2,6,False,1536,384,True,False,0.9973958333333334,0.49934810951760106,,,,,"comparison_groups,subgroup_accuracy_gap",1.0893750004470348
adversarial,10003,10,joint_dirichlet_0.3,submitted,none,B6,2,7,False,1780,446,True,False,0.9753363228699552,0.49375709421112374,,,,,"comparison_groups,subgroup_accuracy_gap",1.1650840169750154
adversarial,10003,10,joint_dirichlet_0.3,submitted,none,B6,2,8,False,1523,381,True,True,0.9763779527559056,0.4940239043824701,0.0,,,0.041860465116279055,"equal_opportunity_gap,equalized_odds_gap",1.1298750177957118
adversarial,10003,10,joint_dirichlet_0.3,submitted,none,B6,2,9,False,3646,912,True,False,0.9769736842105263,0.6320814523100566,,,,,"comparison_groups,subgroup_accuracy_gap",1.8772500043269247
adversarial,10003,10,joint_dirichlet_0.3,submitted,none,B6,3,0,False,5224,1307,True,True,0.9678653404743688,0.5145560665015918,0.012345679012345678,,,0.5185185185185186,"equal_opportunity_gap,equalized_odds_gap",2.1009999909438193
adversarial,10003,10,joint_dirichlet_0.3,submitted,none,B6,3,1,False,670,168,True,False,0.6309523809523809,0.6218963264120807,,,,,"comparison_groups,subgroup_accuracy_gap",0.8842090028338134
adversarial,10003,10,joint_dirichlet_0.3,submitted,none,B6,3,2,False,4716,1180,True,True,0.926271186440678,0.5130697098624016,0.0037749948464234186,0.07500000000000001,0.07500000000000001,0.18549010513296227,,2.1069999784231186
adversarial,10003,10,joint_dirichlet_0.3,submitted,none,B6,3,3,False,361,91,True,False,0.7472527472527473,0.4276729559748428,,,,,"comparison_groups,subgroup_accuracy_gap",0.8020000241231173
adversarial,10003,10,joint_dirichlet_0.3,submitted,none,B6,3,4,False,730,183,True,True,0.7650273224043715,0.45524402907580475,0.02127659574468085,,,0.9148936170212766,"equal_opportunity_gap,equalized_odds_gap",0.8913749770727009
adversarial,10003,10,joint_dirichlet_0.3,submitted,none,B6,3,5,False,319,80,True,False,0.6375,0.6203567337587956,0.32738095238095233,0.025974025974025983,0.058823529411764705,0.27976190476190477,,0.7156660140026361
adversarial,10003,10,joint_dirichlet_0.3,submitted,none,B6,3,6,False,1536,384,True,False,0.9973958333333334,0.49934810951760106,,,,,"comparison_groups,subgroup_accuracy_gap",1.074333005817607
adversarial,10003,10,joint_dirichlet_0.3,submitted,none,B6,3,7,False,1780,446,True,False,0.9753363228699552,0.49375709421112374,,,,,"comparison_groups,subgroup_accuracy_gap",1.1278339952696115
adversarial,10003,10,joint_dirichlet_0.3,submitted,none,B6,3,8,False,1523,381,True,True,0.9763779527559056,0.4940239043824701,0.0,,,0.041860465116279055,"equal_opportunity_gap,equalized_odds_gap",1.080750022083521
adversarial,10003,10,joint_dirichlet_0.3,submitted,none,B6,3,9,False,3646,912,True,False,0.8947368421052632,0.5433911882510013,,,,,"comparison_groups,subgroup_accuracy_gap",1.7410409927833825
adversarial,10003,10,joint_dirichlet_0.3,submitted,none,B6,4,0,False,5224,1307,True,True,0.9678653404743688,0.5145560665015918,0.012345679012345678,,,0.5185185185185186,"equal_opportunity_gap,equalized_odds_gap",2.117291995091364
adversarial,10003,10,joint_dirichlet_0.3,submitted,none,B6,4,1,False,670,168,True,False,0.5595238095238095,0.5301587301587302,,,,,"comparison_groups,subgroup_accuracy_gap",0.9654169843997806
adversarial,10003,10,joint_dirichlet_0.3,submitted,none,B6,4,2,False,4716,1180,True,True,0.926271186440678,0.5130697098624016,0.0037749948464234186,0.07500000000000001,0.07500000000000001,0.18549010513296227,,2.073083014693111
adversarial,10003,10,joint_dirichlet_0.3,submitted,none,B6,4,3,False,361,91,True,False,0.7472527472527473,0.4276729559748428,,,,,"comparison_groups,subgroup_accuracy_gap",0.7741669833194464
adversarial,10003,10,joint_dirichlet_0.3,submitted,none,B6,4,4,False,730,183,True,True,0.7650273224043715,0.45524402907580475,0.02127659574468085,,,0.9148936170212766,"equal_opportunity_gap,equalized_odds_gap",1.1865840060636401
adversarial,10003,10,joint_dirichlet_0.3,submitted,none,B6,4,5,False,319,80,True,False,0.5375,0.5339316643048339,0.26785714285714285,0.028571428571428525,0.028571428571428525,0.42261904761904767,,0.7265829772222787
adversarial,10003,10,joint_dirichlet_0.3,submitted,none,B6,4,6,False,1536,384,True,False,0.9973958333333334,0.49934810951760106,,,,,"comparison_groups,subgroup_accuracy_gap",1.1212500103283674
adversarial,10003,10,joint_dirichlet_0.3,submitted,none,B6,4,7,False,1780,446,True,False,0.9753363228699552,0.49375709421112374,,,,,"comparison_groups,subgroup_accuracy_gap",1.1570409988053143
adversarial,10003,10,joint_dirichlet_0.3,submitted,none,B6,4,8,False,1523,381,True,True,0.9763779527559056,0.4940239043824701,0.0,,,0.041860465116279055,"equal_opportunity_gap,equalized_odds_gap",1.0712920047808439
adversarial,10003,10,joint_dirichlet_0.3,submitted,none,B6,4,9,False,3646,912,True,False,0.6864035087719298,0.4384768400113669,,,,,"comparison_groups,subgroup_accuracy_gap",1.8146669899579138
adversarial,10003,10,joint_dirichlet_0.3,submitted,none,B6,5,0,False,5224,1307,True,True,0.9678653404743688,0.5145560665015918,0.012345679012345678,,,0.5185185185185186,"equal_opportunity_gap,equalized_odds_gap",2.2000840108375996
adversarial,10003,10,joint_dirichlet_0.3,submitted,none,B6,5,1,False,670,168,True,False,0.5476190476190477,0.5109544967059905,,,,,"comparison_groups,subgroup_accuracy_gap",0.8395829936489463
adversarial,10003,10,joint_dirichlet_0.3,submitted,none,B6,5,2,False,4716,1180,True,True,0.926271186440678,0.5130697098624016,0.0037749948464234186,0.07500000000000001,0.07500000000000001,0.18549010513296227,,2.0071670005563647
adversarial,10003,10,joint_dirichlet_0.3,submitted,none,B6,5,3,False,361,91,True,False,0.7472527472527473,0.4276729559748428,,,,,"comparison_groups,subgroup_accuracy_gap",0.7538749778177589
adversarial,10003,10,joint_dirichlet_0.3,submitted,none,B6,5,4,False,730,183,True,True,0.7650273224043715,0.45524402907580475,0.02127659574468085,,,0.9148936170212766,"equal_opportunity_gap,equalized_odds_gap",0.8970000199042261
adversarial,10003,10,joint_dirichlet_0.3,submitted,none,B6,5,5,False,319,80,True,False,0.425,0.42464040025015637,0.10714285714285715,0.1922077922077922,0.1922077922077922,0.5833333333333334,,0.959917000727728
adversarial,10003,10,joint_dirichlet_0.3,submitted,none,B6,5,6,False,1536,384,True,False,0.9973958333333334,0.49934810951760106,,,,,"comparison_groups,subgroup_accuracy_gap",1.2046660121995956
adversarial,10003,10,joint_dirichlet_0.3,submitted,none,B6,5,7,False,1780,446,True,False,0.9753363228699552,0.49375709421112374,,,,,"comparison_groups,subgroup_accuracy_gap",1.158666011178866
adversarial,10003,10,joint_dirichlet_0.3,submitted,none,B6,5,8,False,1523,381,True,True,0.9763779527559056,0.4940239043824701,0.0,,,0.041860465116279055,"equal_opportunity_gap,equalized_odds_gap",1.065958000253886
adversarial,10003,10,joint_dirichlet_0.3,submitted,none,B6,5,9,False,3646,912,True,False,0.5635964912280702,0.39051764089544416,,,,,"comparison_groups,subgroup_accuracy_gap",1.7222499882336706
adversarial,10003,10,joint_dirichlet_0.3,submitted,label_flip,B6,1,0,True,5224,1307,True,False,0.03289977046671767,0.03185185185185185,0.0,,,0.5308641975308642,"equal_opportunity_gap,equalized_odds_gap",2.3384579981211573
adversarial,10003,10,joint_dirichlet_0.3,submitted,label_flip,B6,1,1,True,670,168,True,False,0.2916666666666667,0.24200947867298578,,,,,"comparison_groups,subgroup_accuracy_gap",1.0167500004172325
adversarial,10003,10,joint_dirichlet_0.3,submitted,label_flip,B6,1,2,False,4716,1180,True,True,0.9245762711864407,0.49137684704013485,0.0025252525252525255,0.0125,0.0125,0.1867398474541332,,2.103834005538374
adversarial,10003,10,joint_dirichlet_0.3,submitted,label_flip,B6,1,3,False,361,91,True,False,0.7692307692307693,0.5131210191082802,,,,,"comparison_groups,subgroup_accuracy_gap",0.717417016858235
adversarial,10003,10,joint_dirichlet_0.3,submitted,label_flip,B6,1,4,False,730,183,True,True,0.7650273224043715,0.45524402907580475,0.02127659574468085,,,0.9148936170212766,"equal_opportunity_gap,equalized_odds_gap",0.9815420198719949
adversarial,10003,10,joint_dirichlet_0.3,submitted,label_flip,B6,1,5,False,319,80,True,True,0.8,0.5428571428571428,0.08333333333333337,0.0,0.11764705882352944,0.6071428571428571,,0.7449999975506216
adversarial,10003,10,joint_dirichlet_0.3,submitted,label_flip,B6,1,6,False,1536,384,True,False,0.9973958333333334,0.49934810951760106,,,,,"comparison_groups,subgroup_accuracy_gap",1.0995829943567514
adversarial,10003,10,joint_dirichlet_0.3,submitted,label_flip,B6,1,7,False,1780,446,True,False,0.9753363228699552,0.49375709421112374,,,,,"comparison_groups,subgroup_accuracy_gap",1.1564169835764915
adversarial,10003,10,joint_dirichlet_0.3,submitted,label_flip,B6,1,8,False,1523,381,True,True,0.9763779527559056,0.4940239043824701,0.0,,,0.041860465116279055,"equal_opportunity_gap,equalized_odds_gap",1.0791250097099692
adversarial,10003,10,joint_dirichlet_0.3,submitted,label_flip,B6,1,9,False,3646,912,True,False,0.981359649122807,0.5479224376731302,,,,,"comparison_groups,subgroup_accuracy_gap",1.9565830007195473
adversarial,10003,10,joint_dirichlet_0.3,submitted,label_flip,B6,2,0,True,5224,1307,True,False,0.03289977046671767,0.03185185185185185,0.0,,,0.5308641975308642,"equal_opportunity_gap,equalized_odds_gap",2.1168329985812306
adversarial,10003,10,joint_dirichlet_0.3,submitted,label_flip,B6,2,1,True,670,168,True,False,0.4166666666666667,0.29411764705882354,,,,,"comparison_groups,subgroup_accuracy_gap",0.9058750001713634
adversarial,10003,10,joint_dirichlet_0.3,submitted,label_flip,B6,2,2,False,4716,1180,True,True,0.926271186440678,0.5130697098624016,0.0037749948464234186,0.07500000000000001,0.07500000000000001,0.18549010513296227,,2.3175000096671283
adversarial,10003,10,joint_dirichlet_0.3,submitted,label_flip,B6,2,3,False,361,91,True,False,0.7472527472527473,0.4276729559748428,,,,,"comparison_groups,subgroup_accuracy_gap",0.7507920090574771
adversarial,10003,10,joint_dirichlet_0.3,submitted,label_flip,B6,2,4,False,730,183,True,True,0.7650273224043715,0.45524402907580475,0.02127659574468085,,,0.9148936170212766,"equal_opportunity_gap,equalized_odds_gap",0.9166249947156757
adversarial,10003,10,joint_dirichlet_0.3,submitted,label_flip,B6,2,5,False,319,80,True,True,0.85,0.7538461538461538,0.261904761904762,0.054545454545454564,0.5294117647058824,0.3214285714285714,,0.7203749846667051
adversarial,10003,10,joint_dirichlet_0.3,submitted,label_flip,B6,2,6,False,1536,384,True,False,0.9973958333333334,0.49934810951760106,,,,,"comparison_groups,subgroup_accuracy_gap",1.3728750054724514
adversarial,10003,10,joint_dirichlet_0.3,submitted,label_flip,B6,2,7,False,1780,446,True,False,0.9753363228699552,0.49375709421112374,,,,,"comparison_groups,subgroup_accuracy_gap",1.1667079816106707
adversarial,10003,10,joint_dirichlet_0.3,submitted,label_flip,B6,2,8,False,1523,381,True,True,0.9763779527559056,0.4940239043824701,0.0,,,0.041860465116279055,"equal_opportunity_gap,equalized_odds_gap",1.0822080075740814
adversarial,10003,10,joint_dirichlet_0.3,submitted,label_flip,B6,2,9,False,3646,912,True,False,0.9835526315789473,0.6697486903411148,,,,,"comparison_groups,subgroup_accuracy_gap",2.011208009207621
adversarial,10003,10,joint_dirichlet_0.3,submitted,label_flip,B6,3,0,True,5224,1307,True,False,0.3618974751338944,0.29987899247749417,0.07597728233943568,,,0.43019555716673713,"equal_opportunity_gap,equalized_odds_gap",2.159374998882413
adversarial,10003,10,joint_dirichlet_0.3,submitted,label_flip,B6,3,1,True,670,168,True,False,0.4166666666666667,0.29411764705882354,,,,,"comparison_groups,subgroup_accuracy_gap",0.8334169979207218
adversarial,10003,10,joint_dirichlet_0.3,submitted,label_flip,B6,3,2,False,4716,1180,True,True,0.926271186440678,0.5130697098624016,0.0037749948464234186,0.07500000000000001,0.07500000000000001,0.18549010513296227,,1.9923750078305602
adversarial,10003,10,joint_dirichlet_0.3,submitted,label_flip,B6,3,3,False,361,91,True,False,0.7472527472527473,0.4276729559748428,,,,,"comparison_groups,subgroup_accuracy_gap",0.9701250237412751
adversarial,10003,10,joint_dirichlet_0.3,submitted,label_flip,B6,3,4,False,730,183,True,True,0.7650273224043715,0.45524402907580475,0.02127659574468085,,,0.9148936170212766,"equal_opportunity_gap,equalized_odds_gap",0.9549170208629221
adversarial,10003,10,joint_dirichlet_0.3,submitted,label_flip,B6,3,5,False,319,80,True,False,0.7125,0.6813852813852814,0.2916666666666667,0.22077922077922074,0.22077922077922074,0.2321428571428571,,0.7215410005301237
adversarial,10003,10,joint_dirichlet_0.3,submitted,label_flip,B6,3,6,False,1536,384,True,False,0.9973958333333334,0.49934810951760106,,,,,"comparison_groups,subgroup_accuracy_gap",1.084750023437664
adversarial,10003,10,joint_dirichlet_0.3,submitted,label_flip,B6,3,7,False,1780,446,True,False,0.9753363228699552,0.49375709421112374,,,,,"comparison_groups,subgroup_accuracy_gap",1.1544590233825147
adversarial,10003,10,joint_dirichlet_0.3,submitted,label_flip,B6,3,8,False,1523,381,True,True,0.9763779527559056,0.4940239043824701,0.0,,,0.041860465116279055,"equal_opportunity_gap,equalized_odds_gap",1.0762920137494802
adversarial,10003,10,joint_dirichlet_0.3,submitted,label_flip,B6,3,9,False,3646,912,True,False,0.9660087719298246,0.6614901998347681,,,,,"comparison_groups,subgroup_accuracy_gap",1.7354580049868673
adversarial,10003,10,joint_dirichlet_0.3,submitted,label_flip,B6,4,0,True,5224,1307,True,True,0.7903596021423106,0.4811147430770479,0.023734718949509598,,,0.21083318228505832,"equal_opportunity_gap,equalized_odds_gap",2.1900410065427423
adversarial,10003,10,joint_dirichlet_0.3,submitted,label_flip,B6,4,1,True,670,168,True,False,0.4166666666666667,0.29411764705882354,,,,,"comparison_groups,subgroup_accuracy_gap",0.8225000055972487
adversarial,10003,10,joint_dirichlet_0.3,submitted,label_flip,B6,4,2,False,4716,1180,True,True,0.9271186440677966,0.5235770220277554,0.006300247371675944,0.0625,0.0625,0.18296485260770967,,1.9512079888954759
adversarial,10003,10,joint_dirichlet_0.3,submitted,label_flip,B6,4,3,False,361,91,True,False,0.7472527472527473,0.4276729559748428,,,,,"comparison_groups,subgroup_accuracy_gap",0.7189580064732581
adversarial,10003,10,joint_dirichlet_0.3,submitted,label_flip,B6,4,4,False,730,183,True,True,0.7650273224043715,0.45524402907580475,0.02127659574468085,,,0.9148936170212766,"equal_opportunity_gap,equalized_odds_gap",0.8487500017508864
adversarial,10003,10,joint_dirichlet_0.3,submitted,label_flip,B6,4,5,False,319,80,True,False,0.6125,0.5983805668016194,0.29166666666666663,0.06233766233766236,0.06233766233766236,0.31547619047619047,,0.7158329826779664
adversarial,10003,10,joint_dirichlet_0.3,submitted,label_flip,B6,4,6,False,1536,384,True,False,0.9973958333333334,0.49934810951760106,,,,,"comparison_groups,subgroup_accuracy_gap",1.1416670167818666
adversarial,10003,10,joint_dirichlet_0.3,submitted,label_flip,B6,4,7,False,1780,446,True,False,0.9753363228699552,0.49375709421112374,,,,,"comparison_groups,subgroup_accuracy_gap",1.110917015466839
adversarial,10003,10,joint_dirichlet_0.3,submitted,label_flip,B6,4,8,False,1523,381,True,True,0.9763779527559056,0.4940239043824701,0.0,,,0.041860465116279055,"equal_opportunity_gap,equalized_odds_gap",1.0440420010127127
adversarial,10003,10,joint_dirichlet_0.3,submitted,label_flip,B6,4,9,False,3646,912,True,False,0.8552631578947368,0.5146745791137199,,,,,"comparison_groups,subgroup_accuracy_gap",1.690707984380424
adversarial,10003,10,joint_dirichlet_0.3,submitted,label_flip,B6,5,0,True,5224,1307,True,True,0.9120122417750574,0.5168983527521093,0.012083862002295928,,,0.4194912694097034,"equal_opportunity_gap,equalized_odds_gap",2.1950840018689632
adversarial,10003,10,joint_dirichlet_0.3,submitted,label_flip,B6,5,1,True,670,168,True,False,0.4166666666666667,0.29411764705882354,,,,,"comparison_groups,subgroup_accuracy_gap",1.206374989124015
adversarial,10003,10,joint_dirichlet_0.3,submitted,label_flip,B6,5,2,False,4716,1180,True,True,0.9271186440677966,0.5235770220277554,0.006300247371675944,0.0625,0.0625,0.18296485260770967,,2.313083008630201
adversarial,10003,10,joint_dirichlet_0.3,submitted,label_flip,B6,5,3,False,361,91,True,False,0.7472527472527473,0.4276729559748428,,,,,"comparison_groups,subgroup_accuracy_gap",0.8348340052179992
adversarial,10003,10,joint_dirichlet_0.3,submitted,label_flip,B6,5,4,False,730,183,True,True,0.7650273224043715,0.45524402907580475,0.02127659574468085,,,0.9148936170212766,"equal_opportunity_gap,equalized_odds_gap",1.0091669973917305
adversarial,10003,10,joint_dirichlet_0.3,submitted,label_flip,B6,5,5,False,319,80,True,False,0.5375,0.5339316643048339,0.26785714285714285,0.028571428571428525,0.028571428571428525,0.42261904761904767,,0.7981669914443046
adversarial,10003,10,joint_dirichlet_0.3,submitted,label_flip,B6,5,6,False,1536,384,True,False,0.9973958333333334,0.49934810951760106,,,,,"comparison_groups,subgroup_accuracy_gap",1.1825830151792616
adversarial,10003,10,joint_dirichlet_0.3,submitted,label_flip,B6,5,7,False,1780,446,True,False,0.9753363228699552,0.49375709421112374,,,,,"comparison_groups,subgroup_accuracy_gap",1.401041983626783
adversarial,10003,10,joint_dirichlet_0.3,submitted,label_flip,B6,5,8,False,1523,381,True,True,0.9763779527559056,0.4940239043824701,0.0,,,0.041860465116279055,"equal_opportunity_gap,equalized_odds_gap",1.1423339892644435
adversarial,10003,10,joint_dirichlet_0.3,submitted,label_flip,B6,5,9,False,3646,912,True,False,0.6984649122807017,0.4469911955177181,,,,,"comparison_groups,subgroup_accuracy_gap",1.747250003973022
adversarial,10003,10,joint_dirichlet_0.3,submitted,sign_flip,B6,1,0,True,5224,1307,True,True,0.9671002295332823,0.4916374951380786,0.0,,,0.5308641975308642,"equal_opportunity_gap,equalized_odds_gap",2.3103749845176935
adversarial,10003,10,joint_dirichlet_0.3,submitted,sign_flip,B6,1,1,True,670,168,True,False,0.7083333333333334,0.6449122201613251,,,,,"comparison_groups,subgroup_accuracy_gap",1.2658750056289136
adversarial,10003,10,joint_dirichlet_0.3,submitted,sign_flip,B6,1,2,False,4716,1180,True,True,0.9245762711864407,0.49137684704013485,0.0025252525252525255,0.0125,0.0125,0.1867398474541332,,2.1908750059083104
adversarial,10003,10,joint_dirichlet_0.3,submitted,sign_flip,B6,1,3,False,361,91,True,False,0.7692307692307693,0.5131210191082802,,,,,"comparison_groups,subgroup_accuracy_gap",0.7872499991208315
adversarial,10003,10,joint_dirichlet_0.3,submitted,sign_flip,B6,1,4,False,730,183,True,True,0.7650273224043715,0.45524402907580475,0.02127659574468085,,,0.9148936170212766,"equal_opportunity_gap,equalized_odds_gap",1.0172920010518283
adversarial,10003,10,joint_dirichlet_0.3,submitted,sign_flip,B6,1,5,False,319,80,True,True,0.8,0.5428571428571428,0.08333333333333337,0.0,0.11764705882352944,0.6071428571428571,,0.7767080096527934
adversarial,10003,10,joint_dirichlet_0.3,submitted,sign_flip,B6,1,6,False,1536,384,True,False,0.9973958333333334,0.49934810951760106,,,,,"comparison_groups,subgroup_accuracy_gap",1.1377499904483557
adversarial,10003,10,joint_dirichlet_0.3,submitted,sign_flip,B6,1,7,False,1780,446,True,False,0.9753363228699552,0.49375709421112374,,,,,"comparison_groups,subgroup_accuracy_gap",1.3252089847810566
adversarial,10003,10,joint_dirichlet_0.3,submitted,sign_flip,B6,1,8,False,1523,381,True,True,0.9763779527559056,0.4940239043824701,0.0,,,0.041860465116279055,"equal_opportunity_gap,equalized_odds_gap",1.1298749886918813
adversarial,10003,10,joint_dirichlet_0.3,submitted,sign_flip,B6,1,9,False,3646,912,True,False,0.981359649122807,0.5479224376731302,,,,,"comparison_groups,subgroup_accuracy_gap",1.7318330064881593
adversarial,10003,10,joint_dirichlet_0.3,submitted,sign_flip,B6,2,0,True,5224,1307,True,True,0.9678653404743688,0.5145560665015918,0.012345679012345678,,,0.5185185185185186,"equal_opportunity_gap,equalized_odds_gap",2.191790990764275
adversarial,10003,10,joint_dirichlet_0.3,submitted,sign_flip,B6,2,1,True,670,168,True,False,0.7916666666666666,0.7904116913206203,,,,,"comparison_groups,subgroup_accuracy_gap",1.1550000053830445
adversarial,10003,10,joint_dirichlet_0.3,submitted,sign_flip,B6,2,2,False,4716,1180,True,True,0.926271186440678,0.5130697098624016,0.0037749948464234186,0.07500000000000001,0.07500000000000001,0.18549010513296227,,2.020540996454656
adversarial,10003,10,joint_dirichlet_0.3,submitted,sign_flip,B6,2,3,False,361,91,True,False,0.7472527472527473,0.4276729559748428,,,,,"comparison_groups,subgroup_accuracy_gap",0.7220830011647195
adversarial,10003,10,joint_dirichlet_0.3,submitted,sign_flip,B6,2,4,False,730,183,True,True,0.7650273224043715,0.45524402907580475,0.02127659574468085,,,0.9148936170212766,"equal_opportunity_gap,equalized_odds_gap",0.9897499985527247
adversarial,10003,10,joint_dirichlet_0.3,submitted,sign_flip,B6,2,5,False,319,80,True,True,0.85,0.7538461538461538,0.261904761904762,0.054545454545454564,0.5294117647058824,0.3214285714285714,,0.7654580113012344
adversarial,10003,10,joint_dirichlet_0.3,submitted,sign_flip,B6,2,6,False,1536,384,True,False,0.9973958333333334,0.49934810951760106,,,,,"comparison_groups,subgroup_accuracy_gap",1.1064999853260815
adversarial,10003,10,joint_dirichlet_0.3,submitted,sign_flip,B6,2,7,False,1780,446,True,False,0.9753363228699552,0.49375709421112374,,,,,"comparison_groups,subgroup_accuracy_gap",1.1431669990997761
adversarial,10003,10,joint_dirichlet_0.3,submitted,sign_flip,B6,2,8,False,1523,381,True,True,0.9763779527559056,0.4940239043824701,0.0,,,0.041860465116279055,"equal_opportunity_gap,equalized_odds_gap",1.4050829922780395
adversarial,10003,10,joint_dirichlet_0.3,submitted,sign_flip,B6,2,9,False,3646,912,True,False,0.9835526315789473,0.6697486903411148,,,,,"comparison_groups,subgroup_accuracy_gap",1.7852080054581165
adversarial,10003,10,joint_dirichlet_0.3,submitted,sign_flip,B6,3,0,True,5224,1307,True,True,0.9678653404743688,0.5145560665015918,0.012345679012345678,,,0.5185185185185186,"equal_opportunity_gap,equalized_odds_gap",2.124667022144422
adversarial,10003,10,joint_dirichlet_0.3,submitted,sign_flip,B6,3,1,True,670,168,True,False,0.7023809523809523,0.701322713696487,,,,,"comparison_groups,subgroup_accuracy_gap",0.8470840111840516
adversarial,10003,10,joint_dirichlet_0.3,submitted,sign_flip,B6,3,2,False,4716,1180,True,True,0.926271186440678,0.5130697098624016,0.0037749948464234186,0.07500000000000001,0.07500000000000001,0.18549010513296227,,2.075333002721891
adversarial,10003,10,joint_dirichlet_0.3,submitted,sign_flip,B6,3,3,False,361,91,True,False,0.7472527472527473,0.4276729559748428,,,,,"comparison_groups,subgroup_accuracy_gap",0.7097500201780349
adversarial,10003,10,joint_dirichlet_0.3,submitted,sign_flip,B6,3,4,False,730,183,True,True,0.7650273224043715,0.45524402907580475,0.02127659574468085,,,0.9148936170212766,"equal_opportunity_gap,equalized_odds_gap",0.9187499817926437
adversarial,10003,10,joint_dirichlet_0.3,submitted,sign_flip,B6,3,5,False,319,80,True,False,0.7125,0.6813852813852814,0.2916666666666667,0.22077922077922074,0.22077922077922074,0.2321428571428571,,0.7327499915845692
adversarial,10003,10,joint_dirichlet_0.3,submitted,sign_flip,B6,3,6,False,1536,384,True,False,0.9973958333333334,0.49934810951760106,,,,,"comparison_groups,subgroup_accuracy_gap",1.0866250086110085
adversarial,10003,10,joint_dirichlet_0.3,submitted,sign_flip,B6,3,7,False,1780,446,True,False,0.9753363228699552,0.49375709421112374,,,,,"comparison_groups,subgroup_accuracy_gap",1.137999992351979
adversarial,10003,10,joint_dirichlet_0.3,submitted,sign_flip,B6,3,8,False,1523,381,True,True,0.9763779527559056,0.4940239043824701,0.0,,,0.041860465116279055,"equal_opportunity_gap,equalized_odds_gap",1.079749985365197
adversarial,10003,10,joint_dirichlet_0.3,submitted,sign_flip,B6,3,9,False,3646,912,True,False,0.9660087719298246,0.6614901998347681,,,,,"comparison_groups,subgroup_accuracy_gap",2.00658300309442
adversarial,10003,10,joint_dirichlet_0.3,submitted,sign_flip,B6,4,0,True,5224,1307,True,True,0.9678653404743688,0.5145560665015918,0.012345679012345678,,,0.5185185185185186,"equal_opportunity_gap,equalized_odds_gap",2.0872919994872063
adversarial,10003,10,joint_dirichlet_0.3,submitted,sign_flip,B6,4,1,True,670,168,True,False,0.625,0.6150572831423895,,,,,"comparison_groups,subgroup_accuracy_gap",0.8692919800523669
adversarial,10003,10,joint_dirichlet_0.3,submitted,sign_flip,B6,4,2,False,4716,1180,True,True,0.9271186440677966,0.5235770220277554,0.006300247371675944,0.0625,0.0625,0.18296485260770967,,1.9953330047428608
adversarial,10003,10,joint_dirichlet_0.3,submitted,sign_flip,B6,4,3,False,361,91,True,False,0.7472527472527473,0.4276729559748428,,,,,"comparison_groups,subgroup_accuracy_gap",0.8655420097056776
adversarial,10003,10,joint_dirichlet_0.3,submitted,sign_flip,B6,4,4,False,730,183,True,True,0.7650273224043715,0.45524402907580475,0.02127659574468085,,,0.9148936170212766,"equal_opportunity_gap,equalized_odds_gap",0.9713750041555613
adversarial,10003,10,joint_dirichlet_0.3,submitted,sign_flip,B6,4,5,False,319,80,True,False,0.625,0.609375,0.30952380952380953,0.04415584415584417,0.058823529411764705,0.29761904761904767,,0.7326670165639371
adversarial,10003,10,joint_dirichlet_0.3,submitted,sign_flip,B6,4,6,False,1536,384,True,False,0.9973958333333334,0.49934810951760106,,,,,"comparison_groups,subgroup_accuracy_gap",1.1005420237779617
adversarial,10003,10,joint_dirichlet_0.3,submitted,sign_flip,B6,4,7,False,1780,446,True,False,0.9753363228699552,0.49375709421112374,,,,,"comparison_groups,subgroup_accuracy_gap",1.1247080110479146
adversarial,10003,10,joint_dirichlet_0.3,submitted,sign_flip,B6,4,8,False,1523,381,True,True,0.9763779527559056,0.4940239043824701,0.0,,,0.041860465116279055,"equal_opportunity_gap,equalized_odds_gap",1.0668330069165677
adversarial,10003,10,joint_dirichlet_0.3,submitted,sign_flip,B6,4,9,False,3646,912,True,False,0.8618421052631579,0.5188826179430925,,,,,"comparison_groups,subgroup_accuracy_gap",1.7357500037178397
adversarial,10003,10,joint_dirichlet_0.3,submitted,sign_flip,B6,5,0,True,5224,1307,True,True,0.9678653404743688,0.5145560665015918,0.012345679012345678,,,0.5185185185185186,"equal_opportunity_gap,equalized_odds_gap",2.144750003935769
adversarial,10003,10,joint_dirichlet_0.3,submitted,sign_flip,B6,5,1,True,670,168,True,False,0.5833333333333334,0.5608663181478716,,,,,"comparison_groups,subgroup_accuracy_gap",0.8445419953204691
adversarial,10003,10,joint_dirichlet_0.3,submitted,sign_flip,B6,5,2,False,4716,1180,True,True,0.9271186440677966,0.5235770220277554,0.006300247371675944,0.0625,0.0625,0.18296485260770967,,1.955249987076968
adversarial,10003,10,joint_dirichlet_0.3,submitted,sign_flip,B6,5,3,False,361,91,True,False,0.7472527472527473,0.4276729559748428,,,,,"comparison_groups,subgroup_accuracy_gap",0.7307500054594129
adversarial,10003,10,joint_dirichlet_0.3,submitted,sign_flip,B6,5,4,False,730,183,True,True,0.7650273224043715,0.45524402907580475,0.02127659574468085,,,0.9148936170212766,"equal_opportunity_gap,equalized_odds_gap",0.9230829891748726
adversarial,10003,10,joint_dirichlet_0.3,submitted,sign_flip,B6,5,5,False,319,80,True,False,0.525,0.5202020202020202,0.2261904761904762,0.028571428571428525,0.058823529411764705,0.38095238095238093,,0.9217500046361238
adversarial,10003,10,joint_dirichlet_0.3,submitted,sign_flip,B6,5,6,False,1536,384,True,False,0.9973958333333334,0.49934810951760106,,,,,"comparison_groups,subgroup_accuracy_gap",1.144082983955741
adversarial,10003,10,joint_dirichlet_0.3,submitted,sign_flip,B6,5,7,False,1780,446,True,False,0.9753363228699552,0.49375709421112374,,,,,"comparison_groups,subgroup_accuracy_gap",1.1715840082615614
adversarial,10003,10,joint_dirichlet_0.3,submitted,sign_flip,B6,5,8,False,1523,381,True,True,0.9763779527559056,0.4940239043824701,0.0,,,0.041860465116279055,"equal_opportunity_gap,equalized_odds_gap",1.0662499989848584
adversarial,10003,10,joint_dirichlet_0.3,submitted,sign_flip,B6,5,9,False,3646,912,True,False,0.7050438596491229,0.4469799262874339,,,,,"comparison_groups,subgroup_accuracy_gap",1.7102919809985906
adversarial,10003,10,joint_dirichlet_0.3,submitted,random_weights,B6,1,0,True,5224,1307,True,True,0.9671002295332823,0.4916374951380786,0.0,,,0.5308641975308642,"equal_opportunity_gap,equalized_odds_gap",2.425415994366631
adversarial,10003,10,joint_dirichlet_0.3,submitted,random_weights,B6,1,1,True,670,168,True,False,0.7083333333333334,0.6449122201613251,,,,,"comparison_groups,subgroup_accuracy_gap",1.1649999942164868
adversarial,10003,10,joint_dirichlet_0.3,submitted,random_weights,B6,1,2,False,4716,1180,True,True,0.9245762711864407,0.49137684704013485,0.0025252525252525255,0.0125,0.0125,0.1867398474541332,,2.0459160150494426
adversarial,10003,10,joint_dirichlet_0.3,submitted,random_weights,B6,1,3,False,361,91,True,False,0.7692307692307693,0.5131210191082802,,,,,"comparison_groups,subgroup_accuracy_gap",0.7229579787235707
adversarial,10003,10,joint_dirichlet_0.3,submitted,random_weights,B6,1,4,False,730,183,True,True,0.7650273224043715,0.45524402907580475,0.02127659574468085,,,0.9148936170212766,"equal_opportunity_gap,equalized_odds_gap",0.8551670180168003
adversarial,10003,10,joint_dirichlet_0.3,submitted,random_weights,B6,1,5,False,319,80,True,True,0.8,0.5428571428571428,0.08333333333333337,0.0,0.11764705882352944,0.6071428571428571,,0.7222080021165311
adversarial,10003,10,joint_dirichlet_0.3,submitted,random_weights,B6,1,6,False,1536,384,True,False,0.9973958333333334,0.49934810951760106,,,,,"comparison_groups,subgroup_accuracy_gap",1.1030000168830156
adversarial,10003,10,joint_dirichlet_0.3,submitted,random_weights,B6,1,7,False,1780,446,True,False,0.9753363228699552,0.49375709421112374,,,,,"comparison_groups,subgroup_accuracy_gap",1.254959002835676
adversarial,10003,10,joint_dirichlet_0.3,submitted,random_weights,B6,1,8,False,1523,381,True,True,0.9763779527559056,0.4940239043824701,0.0,,,0.041860465116279055,"equal_opportunity_gap,equalized_odds_gap",1.3257499958854169
adversarial,10003,10,joint_dirichlet_0.3,submitted,random_weights,B6,1,9,False,3646,912,True,False,0.981359649122807,0.5479224376731302,,,,,"comparison_groups,subgroup_accuracy_gap",1.7109579930547625
adversarial,10003,10,joint_dirichlet_0.3,submitted,random_weights,B6,2,0,True,5224,1307,True,True,0.9678653404743688,0.5145560665015918,0.012345679012345678,,,0.5185185185185186,"equal_opportunity_gap,equalized_odds_gap",2.151249995222315
adversarial,10003,10,joint_dirichlet_0.3,submitted,random_weights,B6,2,1,True,670,168,True,False,0.7619047619047619,0.761769710720363,,,,,"comparison_groups,subgroup_accuracy_gap",0.9046249906532466
adversarial,10003,10,joint_dirichlet_0.3,submitted,random_weights,B6,2,2,False,4716,1180,True,True,0.926271186440678,0.5130697098624016,0.0037749948464234186,0.07500000000000001,0.07500000000000001,0.18549010513296227,,2.1988330117892474
adversarial,10003,10,joint_dirichlet_0.3,submitted,random_weights,B6,2,3,False,361,91,True,False,0.7472527472527473,0.4276729559748428,,,,,"comparison_groups,subgroup_accuracy_gap",0.7334159745369107
adversarial,10003,10,joint_dirichlet_0.3,submitted,random_weights,B6,2,4,False,730,183,True,True,0.7650273224043715,0.45524402907580475,0.02127659574468085,,,0.9148936170212766,"equal_opportunity_gap,equalized_odds_gap",0.9020840225275606
adversarial,10003,10,joint_dirichlet_0.3,submitted,random_weights,B6,2,5,False,319,80,True,False,0.8125,0.7540479606476738,0.3035714285714286,0.18181818181818177,0.29411764705882354,0.029761904761904767,,0.7170420140028
adversarial,10003,10,joint_dirichlet_0.3,submitted,random_weights,B6,2,6,False,1536,384,True,False,0.9973958333333334,0.49934810951760106,,,,,"comparison_groups,subgroup_accuracy_gap",1.1750420089811087
adversarial,10003,10,joint_dirichlet_0.3,submitted,random_weights,B6,2,7,False,1780,446,True,False,0.9753363228699552,0.49375709421112374,,,,,"comparison_groups,subgroup_accuracy_gap",1.3724580057896674
adversarial,10003,10,joint_dirichlet_0.3,submitted,random_weights,B6,2,8,False,1523,381,True,True,0.9763779527559056,0.4940239043824701,0.0,,,0.041860465116279055,"equal_opportunity_gap,equalized_odds_gap",1.1912919871974736
adversarial,10003,10,joint_dirichlet_0.3,submitted,random_weights,B6,2,9,False,3646,912,True,False,0.9780701754385965,0.6610925306577481,,,,,"comparison_groups,subgroup_accuracy_gap",2.0952500053681433
adversarial,10003,10,joint_dirichlet_0.3,submitted,random_weights,B6,3,0,True,5224,1307,True,True,0.9678653404743688,0.5145560665015918,0.012345679012345678,,,0.5185185185185186,"equal_opportunity_gap,equalized_odds_gap",2.143374993465841
adversarial,10003,10,joint_dirichlet_0.3,submitted,random_weights,B6,3,1,True,670,168,True,False,0.6666666666666666,0.6618746405980449,,,,,"comparison_groups,subgroup_accuracy_gap",0.8761670032981783
adversarial,10003,10,joint_dirichlet_0.3,submitted,random_weights,B6,3,2,False,4716,1180,True,True,0.926271186440678,0.5130697098624016,0.0037749948464234186,0.07500000000000001,0.07500000000000001,0.18549010513296227,,2.2834999836049974
adversarial,10003,10,joint_dirichlet_0.3,submitted,random_weights,B6,3,3,False,361,91,True,False,0.7472527472527473,0.4276729559748428,,,,,"comparison_groups,subgroup_accuracy_gap",0.7519589853473008
adversarial,10003,10,joint_dirichlet_0.3,submitted,random_weights,B6,3,4,False,730,183,True,True,0.7650273224043715,0.45524402907580475,0.02127659574468085,,,0.9148936170212766,"equal_opportunity_gap,equalized_odds_gap",0.9449580102227628
adversarial,10003,10,joint_dirichlet_0.3,submitted,random_weights,B6,3,5,False,319,80,True,False,0.65,0.631336405529954,0.34523809523809523,0.007792207792207795,0.058823529411764705,0.261904761904762,,0.7318749849218875
adversarial,10003,10,joint_dirichlet_0.3,submitted,random_weights,B6,3,6,False,1536,384,True,False,0.9973958333333334,0.49934810951760106,,,,,"comparison_groups,subgroup_accuracy_gap",1.079334004316479
adversarial,10003,10,joint_dirichlet_0.3,submitted,random_weights,B6,3,7,False,1780,446,True,False,0.9753363228699552,0.49375709421112374,,,,,"comparison_groups,subgroup_accuracy_gap",1.1255409917794168
adversarial,10003,10,joint_dirichlet_0.3,submitted,random_weights,B6,3,8,False,1523,381,True,True,0.9763779527559056,0.4940239043824701,0.0,,,0.041860465116279055,"equal_opportunity_gap,equalized_odds_gap",1.0785830090753734
adversarial,10003,10,joint_dirichlet_0.3,submitted,random_weights,B6,3,9,False,3646,912,True,False,0.918859649122807,0.5675509419454056,,,,,"comparison_groups,subgroup_accuracy_gap",1.7126250022556633
adversarial,10003,10,joint_dirichlet_0.3,submitted,random_weights,B6,4,0,True,5224,1307,True,True,0.9678653404743688,0.5145560665015918,0.012345679012345678,,,0.5185185185185186,"equal_opportunity_gap,equalized_odds_gap",2.1235830208752304
adversarial,10003,10,joint_dirichlet_0.3,submitted,random_weights,B6,4,1,True,670,168,True,False,0.5476190476190477,0.5174603174603174,,,,,"comparison_groups,subgroup_accuracy_gap",0.8692079863976687
adversarial,10003,10,joint_dirichlet_0.3,submitted,random_weights,B6,4,2,False,4716,1180,True,True,0.926271186440678,0.5130697098624016,0.0037749948464234186,0.07500000000000001,0.07500000000000001,0.18549010513296227,,1.9620420061983168
adversarial,10003,10,joint_dirichlet_0.3,submitted,random_weights,B6,4,3,False,361,91,True,False,0.7472527472527473,0.4276729559748428,,,,,"comparison_groups,subgroup_accuracy_gap",0.7054169836919755
adversarial,10003,10,joint_dirichlet_0.3,submitted,random_weights,B6,4,4,False,730,183,True,True,0.7650273224043715,0.45524402907580475,0.02127659574468085,,,0.9148936170212766,"equal_opportunity_gap,equalized_odds_gap",1.1399170034565032
adversarial,10003,10,joint_dirichlet_0.3,submitted,random_weights,B6,4,5,False,319,80,True,False,0.55,0.5454545454545454,0.2857142857142857,0.010389610389610393,0.010389610389610393,0.4047619047619048,,0.8050829928833991
adversarial,10003,10,joint_dirichlet_0.3,submitted,random_weights,B6,4,6,False,1536,384,True,False,0.9973958333333334,0.49934810951760106,,,,,"comparison_groups,subgroup_accuracy_gap",1.0927499970421195
adversarial,10003,10,joint_dirichlet_0.3,submitted,random_weights,B6,4,7,False,1780,446,True,False,0.9753363228699552,0.49375709421112374,,,,,"comparison_groups,subgroup_accuracy_gap",1.1310839909128845
adversarial,10003,10,joint_dirichlet_0.3,submitted,random_weights,B6,4,8,False,1523,381,True,True,0.9763779527559056,0.4940239043824701,0.0,,,0.041860465116279055,"equal_opportunity_gap,equalized_odds_gap",1.061624992871657
adversarial,10003,10,joint_dirichlet_0.3,submitted,random_weights,B6,4,9,False,3646,912,True,False,0.7050438596491229,0.4469799262874339,,,,,"comparison_groups,subgroup_accuracy_gap",1.718499988783151
adversarial,10003,10,joint_dirichlet_0.3,submitted,random_weights,B6,5,0,True,5224,1307,True,True,0.9678653404743688,0.5145560665015918,0.012345679012345678,,,0.5185185185185186,"equal_opportunity_gap,equalized_odds_gap",2.2280410048551857
adversarial,10003,10,joint_dirichlet_0.3,submitted,random_weights,B6,5,1,True,670,168,True,False,0.5357142857142857,0.4944444444444444,,,,,"comparison_groups,subgroup_accuracy_gap",0.853499979712069
adversarial,10003,10,joint_dirichlet_0.3,submitted,random_weights,B6,5,2,False,4716,1180,True,True,0.926271186440678,0.5130697098624016,0.0037749948464234186,0.07500000000000001,0.07500000000000001,0.18549010513296227,,1.959000015631318
adversarial,10003,10,joint_dirichlet_0.3,submitted,random_weights,B6,5,3,False,361,91,True,False,0.7472527472527473,0.4276729559748428,,,,,"comparison_groups,subgroup_accuracy_gap",0.725375022739172
adversarial,10003,10,joint_dirichlet_0.3,submitted,random_weights,B6,5,4,False,730,183,True,True,0.7650273224043715,0.45524402907580475,0.02127659574468085,,,0.9148936170212766,"equal_opportunity_gap,equalized_odds_gap",0.8859579975251108
adversarial,10003,10,joint_dirichlet_0.3,submitted,random_weights,B6,5,5,False,319,80,True,False,0.4125,0.41167266468471286,0.08928571428571427,0.21038961038961038,0.21038961038961038,0.6011904761904763,,0.7575409836135805
adversarial,10003,10,joint_dirichlet_0.3,submitted,random_weights,B6,5,6,False,1536,384,True,False,0.9973958333333334,0.49934810951760106,,,,,"comparison_groups,subgroup_accuracy_gap",1.4262909826356918
adversarial,10003,10,joint_dirichlet_0.3,submitted,random_weights,B6,5,7,False,1780,446,True,False,0.9753363228699552,0.49375709421112374,,,,,"comparison_groups,subgroup_accuracy_gap",1.1917079973500222
adversarial,10003,10,joint_dirichlet_0.3,submitted,random_weights,B6,5,8,False,1523,381,True,True,0.9763779527559056,0.4940239043824701,0.0,,,0.041860465116279055,"equal_opportunity_gap,equalized_odds_gap",1.1047919979318976
adversarial,10003,10,joint_dirichlet_0.3,submitted,random_weights,B6,5,9,False,3646,912,True,False,0.5482456140350878,0.38297425118234363,,,,,"comparison_groups,subgroup_accuracy_gap",1.7118339892476797
adversarial,10004,10,joint_dirichlet_0.3,submitted,none,B0,1,0,False,839,210,True,True,0.9619047619047619,0.49029126213592233,0.0,,,0.11267605633802813,"equal_opportunity_gap,equalized_odds_gap",1.04524998459965
adversarial,10004,10,joint_dirichlet_0.3,submitted,none,B0,1,1,False,858,215,True,True,0.8744186046511628,0.5306815425660927,0.010309278350515427,0.0,0.0714285714285714,0.08640157093765333,,0.8885000133886933
adversarial,10004,10,joint_dirichlet_0.3,submitted,none,B0,1,2,False,2891,723,True,True,0.983402489626556,0.49581589958158995,0.0,0.0,0.0,0.0034356390288593497,,1.7937500088009983
adversarial,10004,10,joint_dirichlet_0.3,submitted,none,B0,1,3,False,5009,1253,True,True,0.9696727853152434,0.4923014586709887,0.0,0.0,0.0,0.47651821862348176,,2.11237499024719
adversarial,10004,10,joint_dirichlet_0.3,submitted,none,B0,1,4,False,1078,270,False,False,,,,,,,,0.021540996385738254
adversarial,10004,10,joint_dirichlet_0.3,submitted,none,B0,1,5,False,1577,395,True,True,0.9417721518987342,0.485006518904824,0.0,0.0,0.0,0.05128205128205132,,1.1105829908046871
adversarial,10004,10,joint_dirichlet_0.3,submitted,none,B0,1,6,False,883,221,True,True,0.7782805429864253,0.5340561937954478,0.05405405405405406,,,0.4414414414414415,"equal_opportunity_gap,equalized_odds_gap",0.8874579798430204
adversarial,10004,10,joint_dirichlet_0.3,submitted,none,B0,1,7,False,3290,823,True,False,0.7970838396111786,0.7127147464638294,0.38450525626866283,0.20511154429283085,0.21117249846531613,0.5220204251373719,,1.668291981332004
adversarial,10004,10,joint_dirichlet_0.3,submitted,none,B0,1,8,False,2597,650,True,True,0.9153846153846154,0.5269850090633641,0.004746835443038,0.0,,0.08702531645569622,"equalized_odds_gap,false_positive_rate_gap",1.6081249923445284
adversarial,10004,10,joint_dirichlet_0.3,submitted,none,B0,1,9,False,1484,371,True,False,0.7681940700808625,0.5112438725490196,,,,,"comparison_groups,subgroup_accuracy_gap",1.164790999609977
adversarial,10004,10,joint_dirichlet_0.3,submitted,none,B0,2,0,False,839,210,True,True,0.9666666666666667,0.602595296025953,0.014084507042253521,,,0.09859154929577463,"equal_opportunity_gap,equalized_odds_gap",0.8738750184420496
adversarial,10004,10,joint_dirichlet_0.3,submitted,none,B0,2,1,False,858,215,True,True,0.9116279069767442,0.743871089096495,0.061855670103092786,0.0060240963855421326,0.3928571428571429,0.04516445753559151,,0.8572080114390701
adversarial,10004,10,joint_dirichlet_0.3,submitted,none,B0,2,2,False,2891,723,True,True,0.9847856154910097,0.5730849750389178,0.0015408320493066256,0.09090909090909091,0.09090909090909091,0.0018948069795527989,,1.4969159965403378
adversarial,10004,10,joint_dirichlet_0.3,submitted,none,B0,2,3,False,5009,1253,True,True,0.9704708699122107,0.5181420390175964,0.0008097165991902834,0.034482758620689655,0.034482758620689655,0.47732793522267203,,2.360667014727369
adversarial,10004,10,joint_dirichlet_0.3,submitted,none,B0,2,4,False,1078,270,False,False,,,,,,,,0.022540974896401167
adversarial,10004,10,joint_dirichlet_0.3,submitted,none,B0,2,5,False,1577,395,True,True,0.9392405063291139,0.48433420365535246,0.0030303030303030303,0.0,0.003246753246753247,0.05431235431235437,,1.1113329965155572
adversarial,10004,10,joint_dirichlet_0.3,submitted,none,B0,2,6,False,883,221,True,True,0.7737556561085973,0.5178883071553229,0.04504504504504504,,,0.4504504504504504,"equal_opportunity_gap,equalized_odds_gap",0.8596249972470105
adversarial,10004,10,joint_dirichlet_0.3,submitted,none,B0,2,7,False,3290,823,True,True,0.7436208991494532,0.5992250047889073,0.21181876440190342,0.07255793805501409,0.1574585635359116,0.6906028006162992,,1.588666986208409
adversarial,10004,10,joint_dirichlet_0.3,submitted,none,B0,2,8,False,2597,650,True,True,0.9292307692307692,0.7136125052679974,0.044303797468354444,0.013937282229965153,,0.07278481012658233,"equalized_odds_gap,false_positive_rate_gap",1.3806250062771142
adversarial,10004,10,joint_dirichlet_0.3,submitted,none,B0,2,9,False,1484,371,True,False,0.7681940700808625,0.5112438725490196,,,,,"comparison_groups,subgroup_accuracy_gap",1.052874984452501
adversarial,10004,10,joint_dirichlet_0.3,submitted,none,B0,3,0,False,839,210,True,True,0.9666666666666667,0.602595296025953,0.014084507042253521,,,0.09859154929577463,"equal_opportunity_gap,equalized_odds_gap",0.8649169758427888
adversarial,10004,10,joint_dirichlet_0.3,submitted,none,B0,3,1,False,858,215,True,True,0.8883720930232558,0.7903802404939877,0.06283750613647521,0.12168674698795179,0.25,0.08738340697103586,,0.8506670128554106
adversarial,10004,10,joint_dirichlet_0.3,submitted,none,B0,3,2,False,2891,723,True,True,0.9847856154910097,0.5730849750389178,0.0015408320493066256,0.09090909090909091,0.09090909090909091,0.0018948069795527989,,1.4633749960921705
adversarial,10004,10,joint_dirichlet_0.3,submitted,none,B0,3,3,False,5009,1253,True,True,0.9712689545091779,0.5427007299270074,0.0016194331983805667,0.06896551724137931,0.06896551724137931,0.4781376518218623,,2.0509579917415977
adversarial,10004,10,joint_dirichlet_0.3,submitted,none,B0,3,4,False,1078,270,False,False,,,,,,,,0.01995800994336605
adversarial,10004,10,joint_dirichlet_0.3,submitted,none,B0,3,5,False,1577,395,True,True,0.9392405063291139,0.48433420365535246,0.0030303030303030303,0.0,0.003246753246753247,0.05431235431235437,,1.1999999987892807
adversarial,10004,10,joint_dirichlet_0.3,submitted,none,B0,3,6,False,883,221,True,True,0.7782805429864253,0.5340561937954478,0.05405405405405406,,,0.4414414414414415,"equal_opportunity_gap,equalized_odds_gap",1.1836249905172735
adversarial,10004,10,joint_dirichlet_0.3,submitted,none,B0,3,7,False,3290,823,True,True,0.7339003645200486,0.5762369952389349,0.19238897751598696,0.15312973792505957,0.1574585635359116,0.7100325875022157,,1.7337909957859665
adversarial,10004,10,joint_dirichlet_0.3,submitted,none,B0,3,8,False,2597,650,True,True,0.92,0.76481393860113,0.044127988748241864,0.006775067750677488,,0.025140646976089975,"equalized_odds_gap,false_positive_rate_gap",1.4305410149972886
adversarial,10004,10,joint_dirichlet_0.3,submitted,none,B0,3,9,False,1484,371,True,False,0.7735849056603774,0.5303231251507113,,,,,"comparison_groups,subgroup_accuracy_gap",1.0418339807074517
adversarial,10004,10,joint_dirichlet_0.3,submitted,none,B0,4,0,False,839,210,True,True,0.9666666666666667,0.602595296025953,0.014084507042253521,,,0.09859154929577463,"equal_opportunity_gap,equalized_odds_gap",0.8667499932926148
adversarial,10004,10,joint_dirichlet_0.3,submitted,none,B0,4,1,False,858,215,True,True,0.7906976744186046,0.6912989374940175,0.09229258713794797,0.15120481927710838,0.17857142857142858,0.13745704467353959,,0.9224160166922957
adversarial,10004,10,joint_dirichlet_0.3,submitted,none,B0,4,2,False,2891,723,True,True,0.9847856154910097,0.5730849750389178,0.0015408320493066256,0.09090909090909091,0.09090909090909091,0.0018948069795527989,,1.61650002701208
adversarial,10004,10,joint_dirichlet_0.3,submitted,none,B0,4,3,False,5009,1253,True,True,0.9720670391061452,0.5859180995005147,0.004048582995951417,0.13793103448275862,0.13793103448275862,0.4789473684210527,,2.085667016217485
adversarial,10004,10,joint_dirichlet_0.3,submitted,none,B0,4,4,False,1078,270,False,False,,,,,,,,0.02070897608064115
adversarial,10004,10,joint_dirichlet_0.3,submitted,none,B0,4,5,False,1577,395,True,True,0.9392405063291139,0.48433420365535246,0.0030303030303030303,0.0,0.003246753246753247,0.05431235431235437,,1.089458994101733
adversarial,10004,10,joint_dirichlet_0.3,submitted,none,B0,4,6,False,883,221,True,True,0.7828054298642534,0.5497453310696095,0.06306306306306306,,,0.43243243243243246,"equal_opportunity_gap,equalized_odds_gap",0.8667499932926148
adversarial,10004,10,joint_dirichlet_0.3,submitted,none,B0,4,7,False,3290,823,True,True,0.732685297691373,0.5712567250132606,0.1865055016975498,0.14489928525016244,0.1593001841620626,0.7194747821818628,,1.5870410134084523
adversarial,10004,10,joint_dirichlet_0.3,submitted,none,B0,4,8,False,2597,650,True,True,0.8353846153846154,0.6876838309585929,0.0008790436005625679,0.06020131629887726,,0.05924753867791843,"equalized_odds_gap,false_positive_rate_gap",1.6394999984186143
adversarial,10004,10,joint_dirichlet_0.3,submitted,none,B0,4,9,False,1484,371,True,False,0.7735849056603774,0.5303231251507113,,,,,"comparison_groups,subgroup_accuracy_gap",1.0532909946050495
adversarial,10004,10,joint_dirichlet_0.3,submitted,none,B0,5,0,False,839,210,True,True,0.9666666666666667,0.602595296025953,0.014084507042253521,,,0.09859154929577463,"equal_opportunity_gap,equalized_odds_gap",0.8529160113539547
adversarial,10004,10,joint_dirichlet_0.3,submitted,none,B0,5,1,False,858,215,True,True,0.7209302325581395,0.6335227272727273,0.004663721158566503,0.054819277108433706,0.14285714285714285,0.06013745704467355,,0.8489579777233303
adversarial,10004,10,joint_dirichlet_0.3,submitted,none,B0,5,2,False,2891,723,True,True,0.983402489626556,0.5672386272944933,0.0030816640986132513,0.09090909090909091,0.09090909090909091,0.0034356390288593497,,1.4660830202046782
adversarial,10004,10,joint_dirichlet_0.3,submitted,none,B0,5,3,False,5009,1253,True,True,0.9720670391061452,0.5859180995005147,0.004048582995951417,0.13793103448275862,0.13793103448275862,0.4789473684210527,,2.341665996937081
adversarial,10004,10,joint_dirichlet_0.3,submitted,none,B0,5,4,False,1078,270,False,False,,,,,,,,0.02258300082758069
adversarial,10004,10,joint_dirichlet_0.3,submitted,none,B0,5,5,False,1577,395,True,True,0.9417721518987342,0.5249673202614379,0.006060606060606061,0.045454545454545456,0.045454545454545456,0.05128205128205132,,1.1337079922668636
adversarial,10004,10,joint_dirichlet_0.3,submitted,none,B0,5,6,False,883,221,True,True,0.7828054298642534,0.5497453310696095,0.06306306306306306,,,0.43243243243243246,"equal_opportunity_gap,equalized_odds_gap",0.8693330164533108
adversarial,10004,10,joint_dirichlet_0.3,submitted,none,B0,5,7,False,3290,823,True,True,0.7339003645200486,0.5742228563734164,0.18472614226694484,0.09226770630279402,0.1593001841620626,0.7212541416124677,,1.592624990735203
adversarial,10004,10,joint_dirichlet_0.3,submitted,none,B0,5,8,False,2597,650,True,True,0.7661538461538462,0.6258936144432328,0.021272855133614654,0.03561749903213318,,0.04518284106891701,"equalized_odds_gap,false_positive_rate_gap",1.3797080027870834
adversarial,10004,10,joint_dirichlet_0.3,submitted,none,B0,5,9,False,1484,371,True,False,0.7735849056603774,0.5303231251507113,,,,,"comparison_groups,subgroup_accuracy_gap",1.03404198307544
adversarial,10004,10,joint_dirichlet_0.3,submitted,label_flip,B0,1,0,False,839,210,True,True,0.9619047619047619,0.49029126213592233,0.0,,,0.11267605633802813,"equal_opportunity_gap,equalized_odds_gap",1.0288339981343597
adversarial,10004,10,joint_dirichlet_0.3,submitted,label_flip,B0,1,1,False,858,215,True,True,0.8744186046511628,0.5306815425660927,0.010309278350515427,0.0,0.0714285714285714,0.08640157093765333,,0.9151670092251152
adversarial,10004,10,joint_dirichlet_0.3,submitted,label_flip,B0,1,2,False,2891,723,True,True,0.983402489626556,0.49581589958158995,0.0,0.0,0.0,0.0034356390288593497,,1.8469589995220304
adversarial,10004,10,joint_dirichlet_0.3,submitted,label_flip,B0,1,3,False,5009,1253,True,True,0.9696727853152434,0.4923014586709887,0.0,0.0,0.0,0.47651821862348176,,2.136583992978558
adversarial,10004,10,joint_dirichlet_0.3,submitted,label_flip,B0,1,4,True,1078,270,False,False,,,,,,,,0.02187499194405973
adversarial,10004,10,joint_dirichlet_0.3,submitted,label_flip,B0,1,5,True,1577,395,True,False,0.05822784810126582,0.05502392344497608,0.0,0.0,0.0,0.05128205128205128,,1.1537919926922768
adversarial,10004,10,joint_dirichlet_0.3,submitted,label_flip,B0,1,6,False,883,221,True,True,0.7782805429864253,0.5340561937954478,0.05405405405405406,,,0.4414414414414415,"equal_opportunity_gap,equalized_odds_gap",0.9466250194236636
adversarial,10004,10,joint_dirichlet_0.3,submitted,label_flip,B0,1,7,False,3290,823,True,False,0.7970838396111786,0.7127147464638294,0.38450525626866283,0.20511154429283085,0.21117249846531613,0.5220204251373719,,1.6578749928157777
adversarial,10004,10,joint_dirichlet_0.3,submitted,label_flip,B0,1,8,False,2597,650,True,True,0.9153846153846154,0.5269850090633641,0.004746835443038,0.0,,0.08702531645569622,"equalized_odds_gap,false_positive_rate_gap",1.397915999405086
adversarial,10004,10,joint_dirichlet_0.3,submitted,label_flip,B0,1,9,False,1484,371,True,False,0.7681940700808625,0.5112438725490196,,,,,"comparison_groups,subgroup_accuracy_gap",1.3789160002488643
adversarial,10004,10,joint_dirichlet_0.3,submitted,label_flip,B0,2,0,False,839,210,True,True,0.9666666666666667,0.602595296025953,0.014084507042253521,,,0.09859154929577463,"equal_opportunity_gap,equalized_odds_gap",0.90487499255687
adversarial,10004,10,joint_dirichlet_0.3,submitted,label_flip,B0,2,1,False,858,215,True,True,0.8976744186046511,0.6824650912996777,0.046391752577319534,0.0060240963855421326,0.2857142857142857,0.06062837506136465,,0.8918330131564289
adversarial,10004,10,joint_dirichlet_0.3,submitted,label_flip,B0,2,2,False,2891,723,True,True,0.9847856154910097,0.5730849750389178,0.0015408320493066256,0.09090909090909091,0.09090909090909091,0.0018948069795527989,,1.6477500030305237
adversarial,10004,10,joint_dirichlet_0.3,submitted,label_flip,B0,2,3,False,5009,1253,True,True,0.9704708699122107,0.5181420390175964,0.0008097165991902834,0.034482758620689655,0.034482758620689655,0.47732793522267203,,2.512707986170426
adversarial,10004,10,joint_dirichlet_0.3,submitted,label_flip,B0,2,4,True,1078,270,False,False,,,,,,,,0.021957996068522334
adversarial,10004,10,joint_dirichlet_0.3,submitted,label_flip,B0,2,5,True,1577,395,True,False,0.05822784810126582,0.05502392344497608,0.0,0.0,0.0,0.05128205128205128,,1.3134590117260814
adversarial,10004,10,joint_dirichlet_0.3,submitted,label_flip,B0,2,6,False,883,221,True,True,0.7873303167420814,0.564978849939272,0.07207207207207207,,,0.42342342342342343,"equal_opportunity_gap,equalized_odds_gap",0.9872079826891422
adversarial,10004,10,joint_dirichlet_0.3,submitted,label_flip,B0,2,7,False,3290,823,True,True,0.7630619684082625,0.6424489523109314,0.26751066933911455,0.08165475416937407,0.1574585635359116,0.6349108956790881,,1.8023750162683427
adversarial,10004,10,joint_dirichlet_0.3,submitted,label_flip,B0,2,8,False,2597,650,True,True,0.9246153846153846,0.6533333333333333,0.026898734177215222,0.006968641114982632,,0.07753164556962022,"equalized_odds_gap,false_positive_rate_gap",1.558667019708082
adversarial,10004,10,joint_dirichlet_0.3,submitted,label_flip,B0,2,9,False,1484,371,True,False,0.7762803234501348,0.5396127681841968,,,,,"comparison_groups,subgroup_accuracy_gap",1.1365829850547016
adversarial,10004,10,joint_dirichlet_0.3,submitted,label_flip,B0,3,0,False,839,210,True,True,0.9666666666666667,0.602595296025953,0.014084507042253521,,,0.09859154929577463,"equal_opportunity_gap,equalized_odds_gap",0.975500006461516
adversarial,10004,10,joint_dirichlet_0.3,submitted,label_flip,B0,3,1,False,858,215,True,True,0.9302325581395349,0.8385966668334918,0.01816396661757491,0.025903614457831403,0.35714285714285715,0.02454590083456054,,0.9032499801833183
adversarial,10004,10,joint_dirichlet_0.3,submitted,label_flip,B0,3,2,False,2891,723,True,True,0.9847856154910097,0.5730849750389178,0.0015408320493066256,0.09090909090909091,0.09090909090909091,0.0018948069795527989,,1.6565000114496797
adversarial,10004,10,joint_dirichlet_0.3,submitted,label_flip,B0,3,3,False,5009,1253,True,True,0.9712689545091779,0.5427007299270074,0.0016194331983805667,0.06896551724137931,0.06896551724137931,0.4781376518218623,,2.14491700171493
adversarial,10004,10,joint_dirichlet_0.3,submitted,label_flip,B0,3,4,True,1078,270,False,False,,,,,,,,0.03274998744018376
adversarial,10004,10,joint_dirichlet_0.3,submitted,label_flip,B0,3,5,True,1577,395,True,False,0.09113924050632911,0.09055635722302388,0.034265734265734316,0.0,0.03327922077922074,0.017016317016317006,,1.301207987125963
adversarial,10004,10,joint_dirichlet_0.3,submitted,label_flip,B0,3,6,False,883,221,True,True,0.7918552036199095,0.5797784391534391,0.08108108108108109,,,0.4144144144144144,"equal_opportunity_gap,equalized_odds_gap",0.9684580145403743
adversarial,10004,10,joint_dirichlet_0.3,submitted,label_flip,B0,3,7,False,3290,823,True,True,0.7521263669501823,0.6185659760087241,0.23302791071842488,0.04461771713233703,0.1574585635359116,0.6693936542997778,,1.6321250004693866
adversarial,10004,10,joint_dirichlet_0.3,submitted,label_flip,B0,3,8,False,2597,650,True,True,0.9292307692307692,0.7362478388200839,0.05696202531645567,0.020905923344947785,,0.07278481012658233,"equalized_odds_gap,false_positive_rate_gap",1.4421659871004522
adversarial,10004,10,joint_dirichlet_0.3,submitted,label_flip,B0,3,9,False,1484,371,True,False,0.7789757412398922,0.5487421383647799,,,,,"comparison_groups,subgroup_accuracy_gap",1.1290410184301436
adversarial,10004,10,joint_dirichlet_0.3,submitted,label_flip,B0,4,0,False,839,210,True,True,0.9666666666666667,0.602595296025953,0.014084507042253521,,,0.09859154929577463,"equal_opportunity_gap,equalized_odds_gap",0.9667080012150109
adversarial,10004,10,joint_dirichlet_0.3,submitted,label_flip,B0,4,1,False,858,215,True,True,0.8837209302325582,0.7789975741129065,0.06799214531173303,0.12168674698795179,0.2857142857142857,0.08222876779577815,,0.9400830022059381
adversarial,10004,10,joint_dirichlet_0.3,submitted,label_flip,B0,4,2,False,2891,723,True,True,0.9847856154910097,0.5730849750389178,0.0015408320493066256,0.09090909090909091,0.09090909090909091,0.0018948069795527989,,1.4986669993959367
adversarial,10004,10,joint_dirichlet_0.3,submitted,label_flip,B0,4,3,False,5009,1253,True,True,0.9720670391061452,0.5859180995005147,0.004048582995951417,0.13793103448275862,0.13793103448275862,0.4789473684210527,,2.121166995493695
adversarial,10004,10,joint_dirichlet_0.3,submitted,label_flip,B0,4,4,True,1078,270,False,False,,,,,,,,0.020915991626679897
adversarial,10004,10,joint_dirichlet_0.3,submitted,label_flip,B0,4,5,True,1577,395,True,False,0.5012658227848101,0.4145770796187209,0.022144522144522116,0.0,0.0020292207792207417,0.02913752913752915,,1.115166989620775
adversarial,10004,10,joint_dirichlet_0.3,submitted,label_flip,B0,4,6,False,883,221,True,True,0.7918552036199095,0.5797784391534391,0.08108108108108109,,,0.4144144144144144,"equal_opportunity_gap,equalized_odds_gap",0.8780420175753534
adversarial,10004,10,joint_dirichlet_0.3,submitted,label_flip,B0,4,7,False,3290,823,True,True,0.7509113001215066,0.6158452588316996,0.2291964930939038,0.04050249079488849,0.1574585635359116,0.6732250719242988,,1.8472909869160503
adversarial,10004,10,joint_dirichlet_0.3,submitted,label_flip,B0,4,8,False,2597,650,True,True,0.916923076923077,0.7627159892917985,0.05045710267229253,0.0015485869144405973,,0.02830520393811531,"equalized_odds_gap,false_positive_rate_gap",1.4216669951565564
adversarial,10004,10,joint_dirichlet_0.3,submitted,label_flip,B0,4,9,False,1484,371,True,False,0.7870619946091644,0.5752134150760178,,,,,"comparison_groups,subgroup_accuracy_gap",1.0499159980099648
adversarial,10004,10,joint_dirichlet_0.3,submitted,label_flip,B0,5,0,False,839,210,True,True,0.9666666666666667,0.602595296025953,0.014084507042253521,,,0.09859154929577463,"equal_opportunity_gap,equalized_odds_gap",0.8886669820640236
adversarial,10004,10,joint_dirichlet_0.3,submitted,label_flip,B0,5,1,False,858,215,True,True,0.8372093023255814,0.7387243498489635,0.09106529209621994,0.15542168674698797,0.17857142857142858,0.13622974963181145,,0.8685420034453273
adversarial,10004,10,joint_dirichlet_0.3,submitted,label_flip,B0,5,2,False,2891,723,True,True,0.983402489626556,0.5672386272944933,0.0030816640986132513,0.09090909090909091,0.09090909090909091,0.0034356390288593497,,1.7154169909190387
adversarial,10004,10,joint_dirichlet_0.3,submitted,label_flip,B0,5,3,False,5009,1253,True,True,0.9720670391061452,0.5859180995005147,0.004048582995951417,0.13793103448275862,0.13793103448275862,0.4789473684210527,,2.0871250017080456
adversarial,10004,10,joint_dirichlet_0.3,submitted,label_flip,B0,5,4,True,1078,270,False,False,,,,,,,,0.019875005818903446
adversarial,10004,10,joint_dirichlet_0.3,submitted,label_flip,B0,5,5,True,1577,395,True,True,0.7822784810126582,0.5886612418870484,0.04825174825174822,0.18181818181818177,0.18181818181818177,0.021212121212121238,,1.1072499910369515
adversarial,10004,10,joint_dirichlet_0.3,submitted,label_flip,B0,5,6,False,883,221,True,True,0.7918552036199095,0.5797784391534391,0.08108108108108109,,,0.4144144144144144,"equal_opportunity_gap,equalized_odds_gap",0.8627499919384718
adversarial,10004,10,joint_dirichlet_0.3,submitted,label_flip,B0,5,7,False,3290,823,True,True,0.7509113001215066,0.6192162465327384,0.23330060948173603,0.04873294346978557,0.15377532228360957,0.6620035178140466,,1.6059160116128623
adversarial,10004,10,joint_dirichlet_0.3,submitted,label_flip,B0,5,8,False,2597,650,True,True,0.8723076923076923,0.7259682539682539,0.01371308016877637,0.04819976771196277,,0.04008438818565396,"equalized_odds_gap,false_positive_rate_gap",1.5221670037135482
adversarial,10004,10,joint_dirichlet_0.3,submitted,label_flip,B0,5,9,False,1484,371,True,False,0.7897574123989218,0.5898809523809524,,,,,"comparison_groups,subgroup_accuracy_gap",1.2525000202003866
adversarial,10004,10,joint_dirichlet_0.3,submitted,sign_flip,B0,1,0,False,839,210,True,True,0.9619047619047619,0.49029126213592233,0.0,,,0.11267605633802813,"equal_opportunity_gap,equalized_odds_gap",1.0672920034267008
adversarial,10004,10,joint_dirichlet_0.3,submitted,sign_flip,B0,1,1,False,858,215,True,True,0.8744186046511628,0.5306815425660927,0.010309278350515427,0.0,0.0714285714285714,0.08640157093765333,,0.9100830066017807
adversarial,10004,10,joint_dirichlet_0.3,submitted,sign_flip,B0,1,2,False,2891,723,True,True,0.983402489626556,0.49581589958158995,0.0,0.0,0.0,0.0034356390288593497,,1.7943329876288772
adversarial,10004,10,joint_dirichlet_0.3,submitted,sign_flip,B0,1,3,False,5009,1253,True,True,0.9696727853152434,0.4923014586709887,0.0,0.0,0.0,0.47651821862348176,,2.1542500180657953
adversarial,10004,10,joint_dirichlet_0.3,submitted,sign_flip,B0,1,4,True,1078,270,False,False,,,,,,,,0.021124986233189702
adversarial,10004,10,joint_dirichlet_0.3,submitted,sign_flip,B0,1,5,True,1577,395,True,True,0.9417721518987342,0.485006518904824,0.0,0.0,0.0,0.05128205128205132,,1.1150419886689633
adversarial,10004,10,joint_dirichlet_0.3,submitted,sign_flip,B0,1,6,False,883,221,True,True,0.7782805429864253,0.5340561937954478,0.05405405405405406,,,0.4414414414414415,"equal_opportunity_gap,equalized_odds_gap",0.8720830082893372
adversarial,10004,10,joint_dirichlet_0.3,submitted,sign_flip,B0,1,7,False,3290,823,True,False,0.7970838396111786,0.7127147464638294,0.38450525626866283,0.20511154429283085,0.21117249846531613,0.5220204251373719,,1.6104999813251197
adversarial,10004,10,joint_dirichlet_0.3,submitted,sign_flip,B0,1,8,False,2597,650,True,True,0.9153846153846154,0.5269850090633641,0.004746835443038,0.0,,0.08702531645569622,"equalized_odds_gap,false_positive_rate_gap",1.4004999829921871
adversarial,10004,10,joint_dirichlet_0.3,submitted,sign_flip,B0,1,9,False,1484,371,True,False,0.7681940700808625,0.5112438725490196,,,,,"comparison_groups,subgroup_accuracy_gap",1.36900000507012
adversarial,10004,10,joint_dirichlet_0.3,submitted,sign_flip,B0,2,0,False,839,210,True,True,0.9666666666666667,0.602595296025953,0.014084507042253521,,,0.09859154929577463,"equal_opportunity_gap,equalized_odds_gap",0.8824999968055636
adversarial,10004,10,joint_dirichlet_0.3,submitted,sign_flip,B0,2,1,False,858,215,True,True,0.8976744186046511,0.6824650912996777,0.046391752577319534,0.0060240963855421326,0.2857142857142857,0.06062837506136465,,0.8671249961480498
adversarial,10004,10,joint_dirichlet_0.3,submitted,sign_flip,B0,2,2,False,2891,723,True,True,0.9847856154910097,0.5730849750389178,0.0015408320493066256,0.09090909090909091,0.09090909090909091,0.0018948069795527989,,1.4675830025225878
adversarial,10004,10,joint_dirichlet_0.3,submitted,sign_flip,B0,2,3,False,5009,1253,True,True,0.9704708699122107,0.5181420390175964,0.0008097165991902834,0.034482758620689655,0.034482758620689655,0.47732793522267203,,2.0556660019792616
adversarial,10004,10,joint_dirichlet_0.3,submitted,sign_flip,B0,2,4,True,1078,270,False,False,,,,,,,,0.022499996703118086
adversarial,10004,10,joint_dirichlet_0.3,submitted,sign_flip,B0,2,5,True,1577,395,True,True,0.9392405063291139,0.48433420365535246,0.0030303030303030303,0.0,0.003246753246753247,0.05431235431235437,,1.4209579967427999
adversarial,10004,10,joint_dirichlet_0.3,submitted,sign_flip,B0,2,6,False,883,221,True,True,0.7873303167420814,0.564978849939272,0.07207207207207207,,,0.42342342342342343,"equal_opportunity_gap,equalized_odds_gap",0.8852090104483068
adversarial,10004,10,joint_dirichlet_0.3,submitted,sign_flip,B0,2,7,False,3290,823,True,True,0.7630619684082625,0.6424489523109314,0.26751066933911455,0.08165475416937407,0.1574585635359116,0.6349108956790881,,1.6017500020097941
adversarial,10004,10,joint_dirichlet_0.3,submitted,sign_flip,B0,2,8,False,2597,650,True,True,0.9246153846153846,0.6533333333333333,0.026898734177215222,0.006968641114982632,,0.07753164556962022,"equalized_odds_gap,false_positive_rate_gap",1.3773750106338412
adversarial,10004,10,joint_dirichlet_0.3,submitted,sign_flip,B0,2,9,False,1484,371,True,False,0.7762803234501348,0.5396127681841968,,,,,"comparison_groups,subgroup_accuracy_gap",1.0600420064292848
adversarial,10004,10,joint_dirichlet_0.3,submitted,sign_flip,B0,3,0,False,839,210,True,True,0.9666666666666667,0.602595296025953,0.014084507042253521,,,0.09859154929577463,"equal_opportunity_gap,equalized_odds_gap",1.1159999994561076
adversarial,10004,10,joint_dirichlet_0.3,submitted,sign_flip,B0,3,1,False,858,215,True,True,0.9302325581395349,0.8272537361401253,0.002454590083456054,0.03795180722891567,0.42857142857142855,0.02454590083456054,,0.9216670005116612
adversarial,10004,10,joint_dirichlet_0.3,submitted,sign_flip,B0,3,2,False,2891,723,True,True,0.9847856154910097,0.5730849750389178,0.0015408320493066256,0.09090909090909091,0.09090909090909091,0.0018948069795527989,,1.5798330132383853
adversarial,10004,10,joint_dirichlet_0.3,submitted,sign_flip,B0,3,3,False,5009,1253,True,True,0.9704708699122107,0.5181420390175964,0.0008097165991902834,0.034482758620689655,0.034482758620689655,0.47732793522267203,,2.0602080039680004
adversarial,10004,10,joint_dirichlet_0.3,submitted,sign_flip,B0,3,4,True,1078,270,False,False,,,,,,,,0.01925000105984509
adversarial,10004,10,joint_dirichlet_0.3,submitted,sign_flip,B0,3,5,True,1577,395,True,True,0.9392405063291139,0.48433420365535246,0.0030303030303030303,0.0,0.003246753246753247,0.05431235431235437,,1.0982909880112857
adversarial,10004,10,joint_dirichlet_0.3,submitted,sign_flip,B0,3,6,False,883,221,True,True,0.7918552036199095,0.5797784391534391,0.08108108108108109,,,0.4144144144144144,"equal_opportunity_gap,equalized_odds_gap",0.8614170073997229
adversarial,10004,10,joint_dirichlet_0.3,submitted,sign_flip,B0,3,7,False,3290,823,True,True,0.755771567436209,0.6266461734296606,0.24452216359198808,0.05696339614468271,0.1574585635359116,0.6578994014262145,,2.209791011409834
adversarial,10004,10,joint_dirichlet_0.3,submitted,sign_flip,B0,3,8,False,2597,650,True,True,0.9261538461538461,0.7192628851137346,0.05379746835443033,0.020905923344947785,,0.07594936708860756,"equalized_odds_gap,false_positive_rate_gap",1.5684579848311841
adversarial,10004,10,joint_dirichlet_0.3,submitted,sign_flip,B0,3,9,False,1484,371,True,False,0.7789757412398922,0.5487421383647799,,,,,"comparison_groups,subgroup_accuracy_gap",1.073166000423953
adversarial,10004,10,joint_dirichlet_0.3,submitted,sign_flip,B0,4,0,False,839,210,True,True,0.9666666666666667,0.602595296025953,0.014084507042253521,,,0.09859154929577463,"equal_opportunity_gap,equalized_odds_gap",0.8717500022612512
adversarial,10004,10,joint_dirichlet_0.3,submitted,sign_flip,B0,4,1,False,858,215,True,True,0.9023255813953488,0.7994135679061709,0.04614629356897393,0.0957831325301205,0.32142857142857145,0.050073637702503726,,0.8638330036774278
adversarial,10004,10,joint_dirichlet_0.3,submitted,sign_flip,B0,4,2,False,2891,723,True,True,0.9847856154910097,0.5730849750389178,0.0015408320493066256,0.09090909090909091,0.09090909090909091,0.0018948069795527989,,1.7989999905694276
adversarial,10004,10,joint_dirichlet_0.3,submitted,sign_flip,B0,4,3,False,5009,1253,True,True,0.9720670391061452,0.5859180995005147,0.004048582995951417,0.13793103448275862,0.13793103448275862,0.4789473684210527,,2.0908750011585653
adversarial,10004,10,joint_dirichlet_0.3,submitted,sign_flip,B0,4,4,True,1078,270,False,False,,,,,,,,0.020042003598064184
adversarial,10004,10,joint_dirichlet_0.3,submitted,sign_flip,B0,4,5,True,1577,395,True,True,0.9392405063291139,0.48433420365535246,0.0030303030303030303,0.0,0.003246753246753247,0.05431235431235437,,1.1005839915014803
adversarial,10004,10,joint_dirichlet_0.3,submitted,sign_flip,B0,4,6,False,883,221,True,True,0.7918552036199095,0.5797784391534391,0.08108108108108109,,,0.4144144144144144,"equal_opportunity_gap,equalized_odds_gap",0.873042008606717
adversarial,10004,10,joint_dirichlet_0.3,submitted,sign_flip,B0,4,7,False,3290,823,True,True,0.7509113001215066,0.6158452588316996,0.2291964930939038,0.04050249079488849,0.1574585635359116,0.6732250719242988,,1.688917021965608
adversarial,10004,10,joint_dirichlet_0.3,submitted,sign_flip,B0,4,8,False,2597,650,True,True,0.9307692307692308,0.770859609403765,0.07753164556962022,0.03135888501742157,,0.07120253164556967,"equalized_odds_gap,false_positive_rate_gap",1.6643340059090406
adversarial,10004,10,joint_dirichlet_0.3,submitted,sign_flip,B0,4,9,False,1484,371,True,False,0.784366576819407,0.5665381469797873,,,,,"comparison_groups,subgroup_accuracy_gap",1.0990839800797403
adversarial,10004,10,joint_dirichlet_0.3,submitted,sign_flip,B0,5,0,False,839,210,True,True,0.9666666666666667,0.602595296025953,0.014084507042253521,,,0.09859154929577463,"equal_opportunity_gap,equalized_odds_gap",0.8591249934397638
adversarial,10004,10,joint_dirichlet_0.3,submitted,sign_flip,B0,5,1,False,858,215,True,True,0.8837209302325582,0.7789975741129065,0.06799214531173303,0.12168674698795179,0.2857142857142857,0.08222876779577815,,0.8399169892072678
adversarial,10004,10,joint_dirichlet_0.3,submitted,sign_flip,B0,5,2,False,2891,723,True,True,0.983402489626556,0.5672386272944933,0.0030816640986132513,0.09090909090909091,0.09090909090909091,0.0034356390288593497,,1.5862919972278178
adversarial,10004,10,joint_dirichlet_0.3,submitted,sign_flip,B0,5,3,False,5009,1253,True,True,0.9720670391061452,0.5859180995005147,0.004048582995951417,0.13793103448275862,0.13793103448275862,0.4789473684210527,,2.3783329816069454
adversarial,10004,10,joint_dirichlet_0.3,submitted,sign_flip,B0,5,4,True,1078,270,False,False,,,,,,,,0.021832995116710663
adversarial,10004,10,joint_dirichlet_0.3,submitted,sign_flip,B0,5,5,True,1577,395,True,True,0.9417721518987342,0.5249673202614379,0.006060606060606061,0.045454545454545456,0.045454545454545456,0.05128205128205132,,1.105832983739674
adversarial,10004,10,joint_dirichlet_0.3,submitted,sign_flip,B0,5,6,False,883,221,True,True,0.7918552036199095,0.5797784391534391,0.08108108108108109,,,0.4144144144144144,"equal_opportunity_gap,equalized_odds_gap",0.8687500085216016
adversarial,10004,10,joint_dirichlet_0.3,submitted,sign_flip,B0,5,7,False,3290,823,True,True,0.7533414337788579,0.6229312099811994,0.23891138653686206,0.05284816980723417,0.15561694290976058,0.6599514596201306,,1.5854160010349005
adversarial,10004,10,joint_dirichlet_0.3,submitted,sign_flip,B0,5,8,False,2597,650,True,True,0.9123076923076923,0.7580629362866416,0.058368495077355864,0.005420054200542035,,0.03305203938115331,"equalized_odds_gap,false_positive_rate_gap",1.3725419994443655
adversarial,10004,10,joint_dirichlet_0.3,submitted,sign_flip,B0,5,9,False,1484,371,True,False,0.784366576819407,0.57307249712313,,,,,"comparison_groups,subgroup_accuracy_gap",1.0345840128138661
adversarial,10004,10,joint_dirichlet_0.3,submitted,random_weights,B0,1,0,False,839,210,True,True,0.9619047619047619,0.49029126213592233,0.0,,,0.11267605633802813,"equal_opportunity_gap,equalized_odds_gap",1.0955829930026084
adversarial,10004,10,joint_dirichlet_0.3,submitted,random_weights,B0,1,1,False,858,215,True,True,0.8744186046511628,0.5306815425660927,0.010309278350515427,0.0,0.0714285714285714,0.08640157093765333,,0.8932499913498759
adversarial,10004,10,joint_dirichlet_0.3,submitted,random_weights,B0,1,2,False,2891,723,True,True,0.983402489626556,0.49581589958158995,0.0,0.0,0.0,0.0034356390288593497,,1.767459005350247
adversarial,10004,10,joint_dirichlet_0.3,submitted,random_weights,B0,1,3,False,5009,1253,True,True,0.9696727853152434,0.4923014586709887,0.0,0.0,0.0,0.47651821862348176,,2.3042919929139316
adversarial,10004,10,joint_dirichlet_0.3,submitted,random_weights,B0,1,4,True,1078,270,False,False,,,,,,,,0.02408298314549029
adversarial,10004,10,joint_dirichlet_0.3,submitted,random_weights,B0,1,5,True,1577,395,True,True,0.9417721518987342,0.485006518904824,0.0,0.0,0.0,0.05128205128205132,,1.316750014666468
adversarial,10004,10,joint_dirichlet_0.3,submitted,random_weights,B0,1,6,False,883,221,True,True,0.7782805429864253,0.5340561937954478,0.05405405405405406,,,0.4414414414414415,"equal_opportunity_gap,equalized_odds_gap",1.1740419722627848
adversarial,10004,10,joint_dirichlet_0.3,submitted,random_weights,B0,1,7,False,3290,823,True,False,0.7970838396111786,0.7127147464638294,0.38450525626866283,0.20511154429283085,0.21117249846531613,0.5220204251373719,,1.7337500175926834
adversarial,10004,10,joint_dirichlet_0.3,submitted,random_weights,B0,1,8,False,2597,650,True,True,0.9153846153846154,0.5269850090633641,0.004746835443038,0.0,,0.08702531645569622,"equalized_odds_gap,false_positive_rate_gap",1.4609579811803997
adversarial,10004,10,joint_dirichlet_0.3,submitted,random_weights,B0,1,9,False,1484,371,True,False,0.7681940700808625,0.5112438725490196,,,,,"comparison_groups,subgroup_accuracy_gap",1.0569170117378235
adversarial,10004,10,joint_dirichlet_0.3,submitted,random_weights,B0,2,0,False,839,210,True,True,0.8238095238095238,0.4516971279373368,0.059681831999189375,,,0.052994224338838825,"equal_opportunity_gap,equalized_odds_gap",1.0282080038450658
adversarial,10004,10,joint_dirichlet_0.3,submitted,random_weights,B0,2,1,False,858,215,True,True,0.8697674418604651,0.6455487517663683,0.02454590083456054,0.013855421686747027,0.2857142857142857,0.038782523318605766,,1.0168329754378647
adversarial,10004,10,joint_dirichlet_0.3,submitted,random_weights,B0,2,2,False,2891,723,True,True,0.8547717842323651,0.4790816081464047,0.09140882022237956,0.18181818181818182,0.18181818181818182,0.09413650939074669,,1.526334002846852
adversarial,10004,10,joint_dirichlet_0.3,submitted,random_weights,B0,2,3,False,5009,1253,True,True,0.86512370311253,0.5344700608741341,0.15308142150247414,0.24521072796934867,0.24521072796934867,0.08861898335582541,,2.0371660066302866
adversarial,10004,10,joint_dirichlet_0.3,submitted,random_weights,B0,2,4,True,1078,270,False,False,,,,,,,,0.02045798464678228
adversarial,10004,10,joint_dirichlet_0.3,submitted,random_weights,B0,2,5,True,1577,395,True,True,0.8379746835443038,0.5341294412501842,0.13403263403263405,0.2727272727272727,0.2727272727272727,0.11911421911421904,,1.1097499809693545
adversarial,10004,10,joint_dirichlet_0.3,submitted,random_weights,B0,2,6,False,883,221,True,True,0.7058823529411765,0.658926324287105,0.23185913185913187,,,0.060687960687960674,"equal_opportunity_gap,equalized_odds_gap",0.8829169964883476
adversarial,10004,10,joint_dirichlet_0.3,submitted,random_weights,B0,2,7,False,3290,823,True,False,0.6804374240583232,0.6518058082502055,0.34187562209405375,0.1559454191033139,0.3311847759361572,0.09871695231862132,,1.7986249877139926
adversarial,10004,10,joint_dirichlet_0.3,submitted,random_weights,B0,2,8,False,2597,650,True,True,0.8753846153846154,0.5729615300386889,0.04307313642756683,0.05536198219125055,,0.01388888888888884,"equalized_odds_gap,false_positive_rate_gap",1.5922500169835985
adversarial,10004,10,joint_dirichlet_0.3,submitted,random_weights,B0,2,9,False,1484,371,True,False,0.6765498652291105,0.5599051008303677,,,,,"comparison_groups,subgroup_accuracy_gap",1.1010830057784915
adversarial,10004,10,joint_dirichlet_0.3,submitted,random_weights,B0,3,0,False,839,210,True,True,0.8666666666666667,0.4642857142857143,0.1013273887931908,,,0.011348667544837432,"equal_opportunity_gap,equalized_odds_gap",0.8811670122668147
adversarial,10004,10,joint_dirichlet_0.3,submitted,random_weights,B0,3,1,False,858,215,True,True,0.7069767441860465,0.5923741310301243,0.10382916053019153,0.1289156626506024,0.35714285714285715,0.09744722631320568,,0.8780419884715229
adversarial,10004,10,joint_dirichlet_0.3,submitted,random_weights,B0,3,2,False,2891,723,True,True,0.8464730290456431,0.46721414866991084,0.0502436180402282,0.09090909090909091,0.09090909090909091,0.05059759297047428,,1.5738749934826046
adversarial,10004,10,joint_dirichlet_0.3,submitted,random_weights,B0,3,3,False,5009,1253,True,True,0.8683160415003991,0.5232478502397078,0.10481331533963112,0.05747126436781608,0.05747126436781608,0.26095366621682403,,2.228124998509884
adversarial,10004,10,joint_dirichlet_0.3,submitted,random_weights,B0,3,4,True,1078,270,False,False,,,,,,,,0.0262079993262887
adversarial,10004,10,joint_dirichlet_0.3,submitted,random_weights,B0,3,5,True,1577,395,True,True,0.8531645569620253,0.5069300964187328,0.07832167832167833,0.13636363636363635,0.13636363636363635,0.04522144522144522,,1.109000004362315
adversarial,10004,10,joint_dirichlet_0.3,submitted,random_weights,B0,3,6,False,883,221,True,True,0.7420814479638009,0.6485702329474125,0.19696969696969696,,,0.24201474201474205,"equal_opportunity_gap,equalized_odds_gap",0.8865410054568201
adversarial,10004,10,joint_dirichlet_0.3,submitted,random_weights,B0,3,7,False,3290,823,True,False,0.7168894289185905,0.6470950893769105,0.3263181576471551,0.4041585445094217,0.4041585445094217,0.3765288174418129,,1.5805419825483114
adversarial,10004,10,joint_dirichlet_0.3,submitted,random_weights,B0,3,8,False,2597,650,True,True,0.7476923076923077,0.5513468013468013,0.14363572433192684,0.16763453348819202,,0.1404711673699015,"equalized_odds_gap,false_positive_rate_gap",1.4191670052241534
adversarial,10004,10,joint_dirichlet_0.3,submitted,random_weights,B0,3,9,False,1484,371,True,False,0.7008086253369272,0.5430273977163022,,,,,"comparison_groups,subgroup_accuracy_gap",1.134749996708706
adversarial,10004,10,joint_dirichlet_0.3,submitted,random_weights,B0,4,0,False,839,210,True,True,0.8047619047619048,0.4897777777777778,0.07467828554058162,,,0.018340257371567525,"equal_opportunity_gap,equalized_odds_gap",0.8967499888967723
adversarial,10004,10,joint_dirichlet_0.3,submitted,random_weights,B0,4,1,False,858,215,True,True,0.8418604651162791,0.7030386740331491,0.11561119293078059,0.14759036144578308,0.42857142857142855,0.08861070201276389,,0.8730000117793679
adversarial,10004,10,joint_dirichlet_0.3,submitted,random_weights,B0,4,2,False,2891,723,True,True,0.8077455048409405,0.46726920936149907,0.024278515803939527,0.2727272727272727,0.2727272727272727,0.018469162536959183,,1.5032079827506095
adversarial,10004,10,joint_dirichlet_0.3,submitted,random_weights,B0,4,3,False,5009,1253,True,True,0.8204309656823623,0.5220873049911088,0.09964012595591545,0.07279693486590044,0.07279693486590044,0.15600539811066128,,2.0488750014919788
adversarial,10004,10,joint_dirichlet_0.3,submitted,random_weights,B0,4,4,True,1078,270,False,False,,,,,,,,0.02229100209660828
adversarial,10004,10,joint_dirichlet_0.3,submitted,random_weights,B0,4,5,True,1577,395,True,True,0.8354430379746836,0.5529262219436173,0.17412587412587416,0.6818181818181819,0.6818181818181819,0.13449883449883449,,1.2714590120594949
adversarial,10004,10,joint_dirichlet_0.3,submitted,random_weights,B0,4,6,False,883,221,True,False,0.8190045248868778,0.782051282051282,0.34987714987714985,,,0.03456183456183448,"equal_opportunity_gap,equalized_odds_gap",0.8940830011852086
adversarial,10004,10,joint_dirichlet_0.3,submitted,random_weights,B0,4,7,False,3290,823,True,False,0.7825030376670717,0.7516692542003172,0.5277334642287398,0.33116742473467625,0.4008594229588705,0.14718915749717076,,1.6249999753199518
adversarial,10004,10,joint_dirichlet_0.3,submitted,random_weights,B0,4,8,False,2597,650,True,True,0.8953846153846153,0.7133146533831465,0.05995077355836842,0.015873015873015817,,0.05045710267229253,"equalized_odds_gap,false_positive_rate_gap",1.3918750046286732
adversarial,10004,10,joint_dirichlet_0.3,submitted,random_weights,B0,4,9,False,1484,371,True,False,0.7223719676549866,0.6318061376884907,,,,,"comparison_groups,subgroup_accuracy_gap",1.0512089938856661
adversarial,10004,10,joint_dirichlet_0.3,submitted,random_weights,B0,5,0,False,839,210,True,True,0.7095238095238096,0.4304388422035481,0.20417468841827946,,,0.11966764616475833,"equal_opportunity_gap,equalized_odds_gap",1.1728749959729612
adversarial,10004,10,joint_dirichlet_0.3,submitted,random_weights,B0,5,1,False,858,215,True,True,0.8744186046511628,0.7489295445698716,0.14138438880706916,0.1837349397590361,0.39285714285714285,0.124693176239568,,0.8886659925337881
adversarial,10004,10,joint_dirichlet_0.3,submitted,random_weights,B0,5,2,False,2891,723,True,True,0.6957123098201936,0.4272318727854118,0.13711323033356929,0.36363636363636365,0.36363636363636365,0.12822221296797576,,1.6041250200942159
adversarial,10004,10,joint_dirichlet_0.3,submitted,random_weights,B0,5,3,False,5009,1253,True,True,0.7071029529130087,0.47007427126007617,0.03292847503373819,0.24521072796934873,0.24521072796934873,0.09739091318038684,,2.0742909982800484
adversarial,10004,10,joint_dirichlet_0.3,submitted,random_weights,B0,5,4,True,1078,270,False,False,,,,,,,,0.02099998528137803
adversarial,10004,10,joint_dirichlet_0.3,submitted,random_weights,B0,5,5,True,1577,395,True,True,0.7848101265822784,0.49148049981067776,0.2606060606060606,0.8181818181818181,0.8181818181818181,0.2027972027972028,,1.1342079960741103
adversarial,10004,10,joint_dirichlet_0.3,submitted,random_weights,B0,5,6,False,883,221,True,False,0.7828054298642534,0.7491012298959319,0.4218673218673219,,,0.08853398853398853,"equal_opportunity_gap,equalized_odds_gap",0.9216659818775952
adversarial,10004,10,joint_dirichlet_0.3,submitted,random_weights,B0,5,7,False,3290,823,True,False,0.7715674362089915,0.7481410581969241,0.5537216563722884,0.5063894303660386,0.5063894303660386,0.03579171268458303,,1.9229169993195683
adversarial,10004,10,joint_dirichlet_0.3,submitted,random_weights,B0,5,8,False,2597,650,True,True,0.8769230769230769,0.6757215196188481,0.27338255977496484,0.31223383662408044,,0.27338255977496484,"equalized_odds_gap,false_positive_rate_gap",1.4418750070035458
adversarial,10004,10,joint_dirichlet_0.3,submitted,random_weights,B0,5,9,False,1484,371,True,False,0.6900269541778976,0.5798248983169361,,,,,"comparison_groups,subgroup_accuracy_gap",1.0786250059027225
adversarial,10004,10,joint_dirichlet_0.3,submitted,none,B6,1,0,False,839,210,True,True,0.9619047619047619,0.49029126213592233,0.0,,,0.11267605633802813,"equal_opportunity_gap,equalized_odds_gap",1.0888749966397882
adversarial,10004,10,joint_dirichlet_0.3,submitted,none,B6,1,1,False,858,215,True,True,0.8744186046511628,0.5306815425660927,0.010309278350515427,0.0,0.0714285714285714,0.08640157093765333,,0.9243339882232249
adversarial,10004,10,joint_dirichlet_0.3,submitted,none,B6,1,2,False,2891,723,True,True,0.983402489626556,0.49581589958158995,0.0,0.0,0.0,0.0034356390288593497,,1.6984589747153223
adversarial,10004,10,joint_dirichlet_0.3,submitted,none,B6,1,3,False,5009,1253,True,True,0.9696727853152434,0.4923014586709887,0.0,0.0,0.0,0.47651821862348176,,2.4935000110417604
adversarial,10004,10,joint_dirichlet_0.3,submitted,none,B6,1,4,False,1078,270,False,False,,,,,,,,0.02341700019314885
adversarial,10004,10,joint_dirichlet_0.3,submitted,none,B6,1,5,False,1577,395,True,True,0.9417721518987342,0.485006518904824,0.0,0.0,0.0,0.05128205128205132,,1.128667005104944
adversarial,10004,10,joint_dirichlet_0.3,submitted,none,B6,1,6,False,883,221,True,True,0.7782805429864253,0.5340561937954478,0.05405405405405406,,,0.4414414414414415,"equal_opportunity_gap,equalized_odds_gap",0.8754169975873083
adversarial,10004,10,joint_dirichlet_0.3,submitted,none,B6,1,7,False,3290,823,True,False,0.7970838396111786,0.7127147464638294,0.38450525626866283,0.20511154429283085,0.21117249846531613,0.5220204251373719,,1.6018330061342567
adversarial,10004,10,joint_dirichlet_0.3,submitted,none,B6,1,8,False,2597,650,True,True,0.9153846153846154,0.5269850090633641,0.004746835443038,0.0,,0.08702531645569622,"equalized_odds_gap,false_positive_rate_gap",1.4799589989706874
adversarial,10004,10,joint_dirichlet_0.3,submitted,none,B6,1,9,False,1484,371,True,False,0.7681940700808625,0.5112438725490196,,,,,"comparison_groups,subgroup_accuracy_gap",1.0802500182762742
adversarial,10004,10,joint_dirichlet_0.3,submitted,none,B6,2,0,False,839,210,True,True,0.9666666666666667,0.602595296025953,0.014084507042253521,,,0.09859154929577463,"equal_opportunity_gap,equalized_odds_gap",0.9172089921776205
adversarial,10004,10,joint_dirichlet_0.3,submitted,none,B6,2,1,False,858,215,True,True,0.9209302325581395,0.7803617571059431,0.07216494845360821,0.0060240963855421326,0.4642857142857143,0.03485517918507608,,0.8766660175751895
adversarial,10004,10,joint_dirichlet_0.3,submitted,none,B6,2,2,False,2891,723,True,True,0.983402489626556,0.49581589958158995,0.0,0.0,0.0,0.0034356390288593497,,1.520249992609024
adversarial,10004,10,joint_dirichlet_0.3,submitted,none,B6,2,3,False,5009,1253,True,True,0.9704708699122107,0.5181420390175964,0.0008097165991902834,0.034482758620689655,0.034482758620689655,0.47732793522267203,,2.093916991725564
adversarial,10004,10,joint_dirichlet_0.3,submitted,none,B6,2,4,False,1078,270,False,False,,,,,,,,0.02145799226127565
adversarial,10004,10,joint_dirichlet_0.3,submitted,none,B6,2,5,False,1577,395,True,True,0.9392405063291139,0.48433420365535246,0.0030303030303030303,0.0,0.003246753246753247,0.05431235431235437,,1.4673749974463135
adversarial,10004,10,joint_dirichlet_0.3,submitted,none,B6,2,6,False,883,221,True,True,0.7737556561085973,0.5178883071553229,0.04504504504504504,,,0.4504504504504504,"equal_opportunity_gap,equalized_odds_gap",0.9242499945685267
adversarial,10004,10,joint_dirichlet_0.3,submitted,none,B6,2,7,False,3290,823,True,True,0.7448359659781288,0.6020309477756287,0.22126095908155058,0.13341996967727962,0.1574585635359116,0.6811606059366522,,1.5864169981796294
adversarial,10004,10,joint_dirichlet_0.3,submitted,none,B6,2,8,False,2597,650,True,True,0.9307692307692308,0.7167755991285403,0.04272151898734178,0.012195121951219523,,0.07120253164556967,"equalized_odds_gap,false_positive_rate_gap",1.6202499973587692
adversarial,10004,10,joint_dirichlet_0.3,submitted,none,B6,2,9,False,1484,371,True,False,0.7681940700808625,0.5112438725490196,,,,,"comparison_groups,subgroup_accuracy_gap",1.312874985160306
adversarial,10004,10,joint_dirichlet_0.3,submitted,none,B6,3,0,False,839,210,True,True,0.9666666666666667,0.602595296025953,0.014084507042253521,,,0.09859154929577463,"equal_opportunity_gap,equalized_odds_gap",1.0135000047739595
adversarial,10004,10,joint_dirichlet_0.3,submitted,none,B6,3,1,False,858,215,True,True,0.8837209302325582,0.7842145409289815,0.057682866961217494,0.11566265060240954,0.25,0.08222876779577815,,0.8924169815145433
adversarial,10004,10,joint_dirichlet_0.3,submitted,none,B6,3,2,False,2891,723,True,True,0.9847856154910097,0.5730849750389178,0.0015408320493066256,0.09090909090909091,0.09090909090909091,0.0018948069795527989,,1.5092499961610883
adversarial,10004,10,joint_dirichlet_0.3,submitted,none,B6,3,3,False,5009,1253,True,True,0.9712689545091779,0.5427007299270074,0.0016194331983805667,0.06896551724137931,0.06896551724137931,0.4781376518218623,,2.003375004278496
adversarial,10004,10,joint_dirichlet_0.3,submitted,none,B6,3,4,False,1078,270,False,False,,,,,,,,0.020332983694970608
adversarial,10004,10,joint_dirichlet_0.3,submitted,none,B6,3,5,False,1577,395,True,True,0.9392405063291139,0.48433420365535246,0.0030303030303030303,0.0,0.003246753246753247,0.05431235431235437,,1.1033749906346202
adversarial,10004,10,joint_dirichlet_0.3,submitted,none,B6,3,6,False,883,221,True,True,0.7782805429864253,0.5340561937954478,0.05405405405405406,,,0.4414414414414415,"equal_opportunity_gap,equalized_odds_gap",0.8644159825053066
adversarial,10004,10,joint_dirichlet_0.3,submitted,none,B6,3,7,False,3290,823,True,True,0.7339003645200486,0.5762369952389349,0.19799975457111302,0.20987654320987653,0.20987654320987653,0.7044218104470896,,1.872708002338186
adversarial,10004,10,joint_dirichlet_0.3,submitted,none,B6,3,8,False,2597,650,True,True,0.916923076923077,0.7557683208550197,0.013009845288326383,0.06233062330623307,,0.028832630098452938,"equalized_odds_gap,false_positive_rate_gap",1.4868329744786024
adversarial,10004,10,joint_dirichlet_0.3,submitted,none,B6,3,9,False,1484,371,True,False,0.7681940700808625,0.5112438725490196,,,,,"comparison_groups,subgroup_accuracy_gap",1.0838750167749822
adversarial,10004,10,joint_dirichlet_0.3,submitted,none,B6,4,0,False,839,210,True,True,0.9666666666666667,0.602595296025953,0.014084507042253521,,,0.09859154929577463,"equal_opportunity_gap,equalized_odds_gap",0.9119169844780117
adversarial,10004,10,joint_dirichlet_0.3,submitted,none,B6,4,1,False,858,215,True,True,0.7953488372093023,0.6957808078209415,0.09744722631320568,0.15722891566265063,0.17857142857142858,0.1426116838487973,,0.9146670054178685
adversarial,10004,10,joint_dirichlet_0.3,submitted,none,B6,4,2,False,2891,723,True,True,0.9847856154910097,0.5730849750389178,0.0015408320493066256,0.09090909090909091,0.09090909090909091,0.0018948069795527989,,1.8259590142406523
adversarial,10004,10,joint_dirichlet_0.3,submitted,none,B6,4,3,False,5009,1253,True,True,0.9720670391061452,0.5660713402265868,0.0024291497975708503,0.10344827586206896,0.10344827586206896,0.4789473684210527,,2.0179580023977906
adversarial,10004,10,joint_dirichlet_0.3,submitted,none,B6,4,4,False,1078,270,False,False,,,,,,,,0.02099998528137803
adversarial,10004,10,joint_dirichlet_0.3,submitted,none,B6,4,5,False,1577,395,True,True,0.9392405063291139,0.48433420365535246,0.0030303030303030303,0.0,0.003246753246753247,0.05431235431235437,,1.0973750031553209
adversarial,10004,10,joint_dirichlet_0.3,submitted,none,B6,4,6,False,883,221,True,True,0.7782805429864253,0.5340561937954478,0.05405405405405406,,,0.4414414414414415,"equal_opportunity_gap,equalized_odds_gap",0.8632499957457185
adversarial,10004,10,joint_dirichlet_0.3,submitted,none,B6,4,7,False,3290,823,True,True,0.7314702308626975,0.5703344806325343,0.19033691932207086,0.20164609053497942,0.20164609053497942,0.7120846456961318,,2.019042003666982
adversarial,10004,10,joint_dirichlet_0.3,submitted,none,B6,4,8,False,2597,650,True,True,0.8415384615384616,0.694430371658474,0.005450070323487988,0.0671699574138599,,0.0655766526019691,"equalized_odds_gap,false_positive_rate_gap",1.8810420006047934
adversarial,10004,10,joint_dirichlet_0.3,submitted,none,B6,4,9,False,1484,371,True,False,0.7681940700808625,0.5112438725490196,,,,,"comparison_groups,subgroup_accuracy_gap",1.1012080067303032
adversarial,10004,10,joint_dirichlet_0.3,submitted,none,B6,5,0,False,839,210,True,True,0.9666666666666667,0.602595296025953,0.014084507042253521,,,0.09859154929577463,"equal_opportunity_gap,equalized_odds_gap",0.8796250040177256
adversarial,10004,10,joint_dirichlet_0.3,submitted,none,B6,5,1,False,858,215,True,True,0.7023255813953488,0.6222271030090051,0.07928325969563077,0.13674698795180718,0.13674698795180718,0.14506627393225335,,0.867583992658183
adversarial,10004,10,joint_dirichlet_0.3,submitted,none,B6,5,2,False,2891,723,True,True,0.983402489626556,0.5672386272944933,0.0030816640986132513,0.09090909090909091,0.09090909090909091,0.0034356390288593497,,1.4835839974693954
adversarial,10004,10,joint_dirichlet_0.3,submitted,none,B6,5,3,False,5009,1253,True,True,0.9720670391061452,0.5859180995005147,0.004048582995951417,0.13793103448275862,0.13793103448275862,0.4789473684210527,,2.2787089983467013
adversarial,10004,10,joint_dirichlet_0.3,submitted,none,B6,5,4,False,1078,270,False,False,,,,,,,,0.021915999241173267
adversarial,10004,10,joint_dirichlet_0.3,submitted,none,B6,5,5,False,1577,395,True,True,0.9392405063291139,0.48433420365535246,0.0030303030303030303,0.0,0.003246753246753247,0.05431235431235437,,1.1132090003229678
adversarial,10004,10,joint_dirichlet_0.3,submitted,none,B6,5,6,False,883,221,True,True,0.7782805429864253,0.5340561937954478,0.05405405405405406,,,0.4414414414414415,"equal_opportunity_gap,equalized_odds_gap",0.8730840054340661
adversarial,10004,10,joint_dirichlet_0.3,submitted,none,B6,5,7,False,3290,823,True,True,0.7302551640340219,0.5673590588770175,0.1865055016975498,0.19753086419753085,0.19753086419753085,0.7159160633206528,,1.5555419959127903
adversarial,10004,10,joint_dirichlet_0.3,submitted,none,B6,5,8,False,2597,650,True,True,0.7661538461538462,0.6258936144432328,0.021272855133614654,0.03561749903213318,,0.04518284106891701,"equalized_odds_gap,false_positive_rate_gap",1.4098329993430525
adversarial,10004,10,joint_dirichlet_0.3,submitted,none,B6,5,9,False,1484,371,True,False,0.77088948787062,0.5208684686327241,,,,,"comparison_groups,subgroup_accuracy_gap",1.0158329969272017
adversarial,10004,10,joint_dirichlet_0.3,submitted,label_flip,B6,1,0,False,839,210,True,True,0.9619047619047619,0.49029126213592233,0.0,,,0.11267605633802813,"equal_opportunity_gap,equalized_odds_gap",1.0150000161956996
adversarial,10004,10,joint_dirichlet_0.3,submitted,label_flip,B6,1,1,False,858,215,True,True,0.8744186046511628,0.5306815425660927,0.010309278350515427,0.0,0.0714285714285714,0.08640157093765333,,0.9112499828916043
adversarial,10004,10,joint_dirichlet_0.3,submitted,label_flip,B6,1,2,False,2891,723,True,True,0.983402489626556,0.49581589958158995,0.0,0.0,0.0,0.0034356390288593497,,1.5720830124337226
adversarial,10004,10,joint_dirichlet_0.3,submitted,label_flip,B6,1,3,False,5009,1253,True,True,0.9696727853152434,0.4923014586709887,0.0,0.0,0.0,0.47651821862348176,,2.3042499960865825
adversarial,10004,10,joint_dirichlet_0.3,submitted,label_flip,B6,1,4,True,1078,270,False,False,,,,,,,,0.023250002413988113
adversarial,10004,10,joint_dirichlet_0.3,submitted,label_flip,B6,1,5,True,1577,395,True,False,0.05822784810126582,0.05502392344497608,0.0,0.0,0.0,0.05128205128205128,,1.1422499956097454
adversarial,10004,10,joint_dirichlet_0.3,submitted,label_flip,B6,1,6,False,883,221,True,True,0.7782805429864253,0.5340561937954478,0.05405405405405406,,,0.4414414414414415,"equal_opportunity_gap,equalized_odds_gap",0.8887499861884862
adversarial,10004,10,joint_dirichlet_0.3,submitted,label_flip,B6,1,7,False,3290,823,True,False,0.7970838396111786,0.7127147464638294,0.38450525626866283,0.20511154429283085,0.21117249846531613,0.5220204251373719,,1.5866660105530173
adversarial,10004,10,joint_dirichlet_0.3,submitted,label_flip,B6,1,8,False,2597,650,True,True,0.9153846153846154,0.5269850090633641,0.004746835443038,0.0,,0.08702531645569622,"equalized_odds_gap,false_positive_rate_gap",1.402958994731307
adversarial,10004,10,joint_dirichlet_0.3,submitted,label_flip,B6,1,9,False,1484,371,True,False,0.7681940700808625,0.5112438725490196,,,,,"comparison_groups,subgroup_accuracy_gap",1.177166006527841
adversarial,10004,10,joint_dirichlet_0.3,submitted,label_flip,B6,2,0,False,839,210,True,True,0.9666666666666667,0.602595296025953,0.014084507042253521,,,0.09859154929577463,"equal_opportunity_gap,equalized_odds_gap",0.8895420178305358
adversarial,10004,10,joint_dirichlet_0.3,submitted,label_flip,B6,2,1,False,858,215,True,True,0.9116279069767442,0.743871089096495,0.061855670103092786,0.0060240963855421326,0.3928571428571429,0.04516445753559151,,0.8651670068502426
adversarial,10004,10,joint_dirichlet_0.3,submitted,label_flip,B6,2,2,False,2891,723,True,True,0.9847856154910097,0.5730849750389178,0.0015408320493066256,0.09090909090909091,0.09090909090909091,0.0018948069795527989,,1.4645420014858246
adversarial,10004,10,joint_dirichlet_0.3,submitted,label_flip,B6,2,3,False,5009,1253,True,True,0.9704708699122107,0.5181420390175964,0.0008097165991902834,0.034482758620689655,0.034482758620689655,0.47732793522267203,,2.009082993026823
adversarial,10004,10,joint_dirichlet_0.3,submitted,label_flip,B6,2,4,True,1078,270,False,False,,,,,,,,0.02016598591580987
adversarial,10004,10,joint_dirichlet_0.3,submitted,label_flip,B6,2,5,True,1577,395,True,False,0.05822784810126582,0.05502392344497608,0.0,0.0,0.0,0.05128205128205128,,1.3201659894548357
adversarial,10004,10,joint_dirichlet_0.3,submitted,label_flip,B6,2,6,False,883,221,True,True,0.7828054298642534,0.5497453310696095,0.06306306306306306,,,0.43243243243243246,"equal_opportunity_gap,equalized_odds_gap",0.9272079914808273
adversarial,10004,10,joint_dirichlet_0.3,submitted,label_flip,B6,2,7,False,3290,823,True,True,0.7533414337788579,0.6212729494279503,0.242470105398072,0.10547974875460259,0.1574585635359116,0.6599514596201306,,1.5921250160317868
adversarial,10004,10,joint_dirichlet_0.3,submitted,label_flip,B6,2,8,False,2597,650,True,True,0.9307692307692308,0.710427577194563,0.039556962025316444,0.010452961672473893,,0.07120253164556967,"equalized_odds_gap,false_positive_rate_gap",1.3965829857625067
adversarial,10004,10,joint_dirichlet_0.3,submitted,label_flip,B6,2,9,False,1484,371,True,False,0.7681940700808625,0.5112438725490196,,,,,"comparison_groups,subgroup_accuracy_gap",1.0277499968651682
adversarial,10004,10,joint_dirichlet_0.3,submitted,label_flip,B6,3,0,False,839,210,True,True,0.9666666666666667,0.602595296025953,0.014084507042253521,,,0.09859154929577463,"equal_opportunity_gap,equalized_odds_gap",1.1026250140275806
adversarial,10004,10,joint_dirichlet_0.3,submitted,label_flip,B6,3,1,False,858,215,True,True,0.9069767441860465,0.8164275956284153,0.08345606283750617,0.14578313253012043,0.25,0.10800196367206671,,0.8917499799281359
adversarial,10004,10,joint_dirichlet_0.3,submitted,label_flip,B6,3,2,False,2891,723,True,True,0.9847856154910097,0.5730849750389178,0.0015408320493066256,0.09090909090909091,0.09090909090909091,0.0018948069795527989,,1.464041997678578
adversarial,10004,10,joint_dirichlet_0.3,submitted,label_flip,B6,3,3,False,5009,1253,True,True,0.9720670391061452,0.5660713402265868,0.0024291497975708503,0.10344827586206896,0.10344827586206896,0.4789473684210527,,1.9750829960685223
adversarial,10004,10,joint_dirichlet_0.3,submitted,label_flip,B6,3,4,True,1078,270,False,False,,,,,,,,0.020000006770715117
adversarial,10004,10,joint_dirichlet_0.3,submitted,label_flip,B6,3,5,True,1577,395,True,False,0.46835443037974683,0.39321453651685395,0.14102564102564108,0.0,0.1674107142857143,0.1923076923076923,,1.091334008378908
adversarial,10004,10,joint_dirichlet_0.3,submitted,label_flip,B6,3,6,False,883,221,True,True,0.7828054298642534,0.5497453310696095,0.06306306306306306,,,0.43243243243243246,"equal_opportunity_gap,equalized_odds_gap",0.8692500123288482
adversarial,10004,10,joint_dirichlet_0.3,submitted,label_flip,B6,3,7,False,3290,823,True,True,0.7399756986634265,0.5907185350436884,0.21154606563859232,0.17370586961230236,0.17370586961230236,0.6908754993796102,,1.687042007688433
adversarial,10004,10,joint_dirichlet_0.3,submitted,label_flip,B6,3,8,False,2597,650,True,True,0.9230769230769231,0.7633678937558248,0.02250351617440227,0.07104142469996133,,0.035161744022503605,"equalized_odds_gap,false_positive_rate_gap",1.5403750003315508
adversarial,10004,10,joint_dirichlet_0.3,submitted,label_flip,B6,3,9,False,1484,371,True,False,0.7681940700808625,0.5112438725490196,,,,,"comparison_groups,subgroup_accuracy_gap",1.0292920051142573
adversarial,10004,10,joint_dirichlet_0.3,submitted,label_flip,B6,4,0,False,839,210,True,True,0.9666666666666667,0.602595296025953,0.014084507042253521,,,0.09859154929577463,"equal_opportunity_gap,equalized_odds_gap",0.9098750015255064
adversarial,10004,10,joint_dirichlet_0.3,submitted,label_flip,B6,4,1,False,858,215,True,True,0.8186046511627907,0.7140664961636829,0.1335297005400098,0.19337349397590364,0.21428571428571427,0.16838487972508598,,0.901999999769032
adversarial,10004,10,joint_dirichlet_0.3,submitted,label_flip,B6,4,2,False,2891,723,True,True,0.983402489626556,0.5672386272944933,0.0030816640986132513,0.09090909090909091,0.09090909090909091,0.0034356390288593497,,1.6857500013429672
adversarial,10004,10,joint_dirichlet_0.3,submitted,label_flip,B6,4,3,False,5009,1253,True,True,0.9720670391061452,0.5859180995005147,0.004048582995951417,0.13793103448275862,0.13793103448275862,0.4789473684210527,,2.2443750058300793
adversarial,10004,10,joint_dirichlet_0.3,submitted,label_flip,B6,4,4,True,1078,270,False,False,,,,,,,,0.021916988771408796
adversarial,10004,10,joint_dirichlet_0.3,submitted,label_flip,B6,4,5,True,1577,395,True,True,0.8759493670886076,0.6554149085794656,0.16177156177156177,0.36363636363636365,0.36363636363636365,0.16456876456876457,,1.1127500038128346
adversarial,10004,10,joint_dirichlet_0.3,submitted,label_flip,B6,4,6,False,883,221,True,True,0.7873303167420814,0.564978849939272,0.07207207207207207,,,0.42342342342342343,"equal_opportunity_gap,equalized_odds_gap",0.8554999949410558
adversarial,10004,10,joint_dirichlet_0.3,submitted,label_flip,B6,4,7,False,3290,823,True,True,0.7387606318347509,0.5878530250975369,0.20771464801407127,0.1695906432748538,0.1695906432748538,0.6947069170041313,,1.542208978207782
adversarial,10004,10,joint_dirichlet_0.3,submitted,label_flip,B6,4,8,False,2597,650,True,True,0.8753846153846154,0.7272854412381706,0.04975386779184243,0.11072396438250098,,0.10038677918424754,"equalized_odds_gap,false_positive_rate_gap",1.4288749953266233
adversarial,10004,10,joint_dirichlet_0.3,submitted,label_flip,B6,4,9,False,1484,371,True,False,0.77088948787062,0.5208684686327241,,,,,"comparison_groups,subgroup_accuracy_gap",1.19162502232939
adversarial,10004,10,joint_dirichlet_0.3,submitted,label_flip,B6,5,0,False,839,210,True,True,0.9666666666666667,0.602595296025953,0.014084507042253521,,,0.09859154929577463,"equal_opportunity_gap,equalized_odds_gap",0.8735000155866146
adversarial,10004,10,joint_dirichlet_0.3,submitted,label_flip,B6,5,1,False,858,215,True,True,0.7767441860465116,0.6872727272727273,0.16175748649975452,0.23313253012048185,0.23313253012048185,0.2275405007363771,,0.8782079967204481
adversarial,10004,10,joint_dirichlet_0.3,submitted,label_flip,B6,5,2,False,2891,723,True,True,0.983402489626556,0.5672386272944933,0.0030816640986132513,0.09090909090909091,0.09090909090909091,0.0034356390288593497,,1.5033330128062516
adversarial,10004,10,joint_dirichlet_0.3,submitted,label_flip,B6,5,3,False,5009,1253,True,True,0.9712689545091779,0.583597961745809,0.004858299595141701,0.13793103448275862,0.13793103448275862,0.4781376518218623,,2.062792016658932
adversarial,10004,10,joint_dirichlet_0.3,submitted,label_flip,B6,5,4,True,1078,270,False,False,,,,,,,,0.02012500772252679
adversarial,10004,10,joint_dirichlet_0.3,submitted,label_flip,B6,5,5,True,1577,395,True,True,0.8987341772151899,0.639269406392694,0.1456876456876457,0.5909090909090908,0.5909090909090908,0.11818181818181817,,1.3551250158343464
adversarial,10004,10,joint_dirichlet_0.3,submitted,label_flip,B6,5,6,False,883,221,True,True,0.7918552036199095,0.5797784391534391,0.08108108108108109,,,0.4144144144144144,"equal_opportunity_gap,equalized_odds_gap",0.9080829913727939
adversarial,10004,10,joint_dirichlet_0.3,submitted,label_flip,B6,5,7,False,3290,823,True,True,0.7399756986634265,0.5907185350436884,0.2059352885834663,0.11695906432748537,0.1574585635359116,0.6964862764347364,,1.575250003952533
adversarial,10004,10,joint_dirichlet_0.3,submitted,label_flip,B6,5,8,False,2597,650,True,True,0.8076923076923077,0.6616993725304054,0.024613220815752457,0.08439798683701127,,0.08790436005625879,"equalized_odds_gap,false_positive_rate_gap",1.4444580010604113
adversarial,10004,10,joint_dirichlet_0.3,submitted,label_flip,B6,5,9,False,1484,371,True,False,0.7735849056603774,0.5303231251507113,,,,,"comparison_groups,subgroup_accuracy_gap",1.0455829906277359
adversarial,10004,10,joint_dirichlet_0.3,submitted,sign_flip,B6,1,0,False,839,210,True,True,0.9619047619047619,0.49029126213592233,0.0,,,0.11267605633802813,"equal_opportunity_gap,equalized_odds_gap",1.0495829919818789
adversarial,10004,10,joint_dirichlet_0.3,submitted,sign_flip,B6,1,1,False,858,215,True,True,0.8744186046511628,0.5306815425660927,0.010309278350515427,0.0,0.0714285714285714,0.08640157093765333,,0.8833749743644148
adversarial,10004,10,joint_dirichlet_0.3,submitted,sign_flip,B6,1,2,False,2891,723,True,True,0.983402489626556,0.49581589958158995,0.0,0.0,0.0,0.0034356390288593497,,1.5109160158317536
adversarial,10004,10,joint_dirichlet_0.3,submitted,sign_flip,B6,1,3,False,5009,1253,True,True,0.9696727853152434,0.4923014586709887,0.0,0.0,0.0,0.47651821862348176,,2.0810839778278023
adversarial,10004,10,joint_dirichlet_0.3,submitted,sign_flip,B6,1,4,True,1078,270,False,False,,,,,,,,0.020916020730510354
adversarial,10004,10,joint_dirichlet_0.3,submitted,sign_flip,B6,1,5,True,1577,395,True,True,0.9417721518987342,0.485006518904824,0.0,0.0,0.0,0.05128205128205132,,1.140166976256296
adversarial,10004,10,joint_dirichlet_0.3,submitted,sign_flip,B6,1,6,False,883,221,True,True,0.7782805429864253,0.5340561937954478,0.05405405405405406,,,0.4414414414414415,"equal_opportunity_gap,equalized_odds_gap",0.8780830248724669
adversarial,10004,10,joint_dirichlet_0.3,submitted,sign_flip,B6,1,7,False,3290,823,True,False,0.7970838396111786,0.7127147464638294,0.38450525626866283,0.20511154429283085,0.21117249846531613,0.5220204251373719,,1.6340830188710243
adversarial,10004,10,joint_dirichlet_0.3,submitted,sign_flip,B6,1,8,False,2597,650,True,True,0.9153846153846154,0.5269850090633641,0.004746835443038,0.0,,0.08702531645569622,"equalized_odds_gap,false_positive_rate_gap",1.4125419838819653
adversarial,10004,10,joint_dirichlet_0.3,submitted,sign_flip,B6,1,9,False,1484,371,True,False,0.7681940700808625,0.5112438725490196,,,,,"comparison_groups,subgroup_accuracy_gap",2.4312919995281845
adversarial,10004,10,joint_dirichlet_0.3,submitted,sign_flip,B6,2,0,False,839,210,True,True,0.9666666666666667,0.602595296025953,0.014084507042253521,,,0.09859154929577463,"equal_opportunity_gap,equalized_odds_gap",0.9408339974470437
adversarial,10004,10,joint_dirichlet_0.3,submitted,sign_flip,B6,2,1,False,858,215,True,True,0.9116279069767442,0.743871089096495,0.061855670103092786,0.0060240963855421326,0.3928571428571429,0.04516445753559151,,0.8847090066410601
adversarial,10004,10,joint_dirichlet_0.3,submitted,sign_flip,B6,2,2,False,2891,723,True,True,0.9847856154910097,0.5730849750389178,0.0015408320493066256,0.09090909090909091,0.09090909090909091,0.0018948069795527989,,1.5507499920204282
adversarial,10004,10,joint_dirichlet_0.3,submitted,sign_flip,B6,2,3,False,5009,1253,True,True,0.9704708699122107,0.5181420390175964,0.0008097165991902834,0.034482758620689655,0.034482758620689655,0.47732793522267203,,2.090583002427593
adversarial,10004,10,joint_dirichlet_0.3,submitted,sign_flip,B6,2,4,True,1078,270,False,False,,,,,,,,0.02170799416489899
adversarial,10004,10,joint_dirichlet_0.3,submitted,sign_flip,B6,2,5,True,1577,395,True,True,0.9392405063291139,0.48433420365535246,0.0030303030303030303,0.0,0.003246753246753247,0.05431235431235437,,1.3930420100223273
adversarial,10004,10,joint_dirichlet_0.3,submitted,sign_flip,B6,2,6,False,883,221,True,True,0.7828054298642534,0.5497453310696095,0.06306306306306306,,,0.43243243243243246,"equal_opportunity_gap,equalized_odds_gap",1.062374998582527
adversarial,10004,10,joint_dirichlet_0.3,submitted,sign_flip,B6,2,7,False,3290,823,True,True,0.7533414337788579,0.6212729494279503,0.242470105398072,0.10547974875460259,0.1574585635359116,0.6599514596201306,,1.666500000283122
adversarial,10004,10,joint_dirichlet_0.3,submitted,sign_flip,B6,2,8,False,2597,650,True,True,0.9307692307692308,0.710427577194563,0.039556962025316444,0.010452961672473893,,0.07120253164556967,"equalized_odds_gap,false_positive_rate_gap",1.4360830246005207
adversarial,10004,10,joint_dirichlet_0.3,submitted,sign_flip,B6,2,9,False,1484,371,True,False,0.7681940700808625,0.5112438725490196,,,,,"comparison_groups,subgroup_accuracy_gap",1.0510409774724394
adversarial,10004,10,joint_dirichlet_0.3,submitted,sign_flip,B6,3,0,False,839,210,True,True,0.9666666666666667,0.602595296025953,0.014084507042253521,,,0.09859154929577463,"equal_opportunity_gap,equalized_odds_gap",1.044625008944422
adversarial,10004,10,joint_dirichlet_0.3,submitted,sign_flip,B6,3,1,False,858,215,True,True,0.9023255813953488,0.8096944151738672,0.07830142366224846,0.1397590361445783,0.25,0.102847324496809,,0.9680829825811088
adversarial,10004,10,joint_dirichlet_0.3,submitted,sign_flip,B6,3,2,False,2891,723,True,True,0.9847856154910097,0.5730849750389178,0.0015408320493066256,0.09090909090909091,0.09090909090909091,0.0018948069795527989,,1.4925840077921748
adversarial,10004,10,joint_dirichlet_0.3,submitted,sign_flip,B6,3,3,False,5009,1253,True,True,0.9712689545091779,0.5427007299270074,0.0016194331983805667,0.06896551724137931,0.06896551724137931,0.4781376518218623,,1.9779999856837094
adversarial,10004,10,joint_dirichlet_0.3,submitted,sign_flip,B6,3,4,True,1078,270,False,False,,,,,,,,0.020083010895177722
adversarial,10004,10,joint_dirichlet_0.3,submitted,sign_flip,B6,3,5,True,1577,395,True,True,0.9392405063291139,0.48433420365535246,0.0030303030303030303,0.0,0.003246753246753247,0.05431235431235437,,1.0952919838018715
adversarial,10004,10,joint_dirichlet_0.3,submitted,sign_flip,B6,3,6,False,883,221,True,True,0.7828054298642534,0.5497453310696095,0.06306306306306306,,,0.43243243243243246,"equal_opportunity_gap,equalized_odds_gap",0.8752080029807985
adversarial,10004,10,joint_dirichlet_0.3,submitted,sign_flip,B6,3,7,False,3290,823,True,True,0.7375455650060754,0.5849722642460917,0.2038832303895502,0.16547541693740525,0.16547541693740525,0.6985383346286524,,1.6429999959655106
adversarial,10004,10,joint_dirichlet_0.3,submitted,sign_flip,B6,3,8,False,2597,650,True,True,0.9184615384615384,0.7511035972574434,0.020921237693389605,0.06755710414247007,,0.030414908579465605,"equalized_odds_gap,false_positive_rate_gap",1.6174170013982803
adversarial,10004,10,joint_dirichlet_0.3,submitted,sign_flip,B6,3,9,False,1484,371,True,False,0.7681940700808625,0.5112438725490196,,,,,"comparison_groups,subgroup_accuracy_gap",1.056832988979295
adversarial,10004,10,joint_dirichlet_0.3,submitted,sign_flip,B6,4,0,False,839,210,True,True,0.9666666666666667,0.602595296025953,0.014084507042253521,,,0.09859154929577463,"equal_opportunity_gap,equalized_odds_gap",0.8666659996379167
adversarial,10004,10,joint_dirichlet_0.3,submitted,sign_flip,B6,4,1,False,858,215,True,True,0.8093023255813954,0.7095456192955287,0.11291114383897882,0.17530120481927713,0.17857142857142858,0.15807560137457044,,0.8567080076318234
adversarial,10004,10,joint_dirichlet_0.3,submitted,sign_flip,B6,4,2,False,2891,723,True,True,0.9847856154910097,0.5730849750389178,0.0015408320493066256,0.09090909090909091,0.09090909090909091,0.0018948069795527989,,1.5664579987060279
adversarial,10004,10,joint_dirichlet_0.3,submitted,sign_flip,B6,4,3,False,5009,1253,True,True,0.9720670391061452,0.5859180995005147,0.004048582995951417,0.13793103448275862,0.13793103448275862,0.4789473684210527,,2.2357089910656214
adversarial,10004,10,joint_dirichlet_0.3,submitted,sign_flip,B6,4,4,True,1078,270,False,False,,,,,,,,0.02187499194405973
adversarial,10004,10,joint_dirichlet_0.3,submitted,sign_flip,B6,4,5,True,1577,395,True,True,0.9392405063291139,0.48433420365535246,0.0030303030303030303,0.0,0.003246753246753247,0.05431235431235437,,1.1113749933429062
adversarial,10004,10,joint_dirichlet_0.3,submitted,sign_flip,B6,4,6,False,883,221,True,True,0.7828054298642534,0.5497453310696095,0.06306306306306306,,,0.43243243243243246,"equal_opportunity_gap,equalized_odds_gap",0.8684580097906291
adversarial,10004,10,joint_dirichlet_0.3,submitted,sign_flip,B6,4,7,False,3290,823,True,True,0.7351154313487241,0.5791643992418982,0.19622039514050804,0.1572449642625081,0.1574585635359116,0.7062011698776945,,1.5664160018786788
adversarial,10004,10,joint_dirichlet_0.3,submitted,sign_flip,B6,4,8,False,2597,650,True,True,0.8569230769230769,0.7069446127742092,0.02760196905766521,0.08807588075880757,,0.08139943741209565,"equalized_odds_gap,false_positive_rate_gap",1.406166993547231
adversarial,10004,10,joint_dirichlet_0.3,submitted,sign_flip,B6,4,9,False,1484,371,True,False,0.77088948787062,0.5208684686327241,,,,,"comparison_groups,subgroup_accuracy_gap",1.0308749915566295
adversarial,10004,10,joint_dirichlet_0.3,submitted,sign_flip,B6,5,0,False,839,210,True,True,0.9666666666666667,0.602595296025953,0.014084507042253521,,,0.09859154929577463,"equal_opportunity_gap,equalized_odds_gap",0.868667004397139
adversarial,10004,10,joint_dirichlet_0.3,submitted,sign_flip,B6,5,1,False,858,215,True,True,0.7441860465116279,0.6578513353201586,0.12567501227295041,0.1909638554216867,0.1909638554216867,0.1914580265095729,,0.8489159808959812
adversarial,10004,10,joint_dirichlet_0.3,submitted,sign_flip,B6,5,2,False,2891,723,True,True,0.983402489626556,0.5672386272944933,0.0030816640986132513,0.09090909090909091,0.09090909090909091,0.0034356390288593497,,1.5330409805756062
adversarial,10004,10,joint_dirichlet_0.3,submitted,sign_flip,B6,5,3,False,5009,1253,True,True,0.9720670391061452,0.5859180995005147,0.004048582995951417,0.13793103448275862,0.13793103448275862,0.4789473684210527,,2.036250021774322
adversarial,10004,10,joint_dirichlet_0.3,submitted,sign_flip,B6,5,4,True,1078,270,False,False,,,,,,,,0.02104099257849157
adversarial,10004,10,joint_dirichlet_0.3,submitted,sign_flip,B6,5,5,True,1577,395,True,True,0.9367088607594937,0.48366013071895425,0.006060606060606061,0.0,0.006493506493506494,0.05734265734265742,,1.2066669878549874
adversarial,10004,10,joint_dirichlet_0.3,submitted,sign_flip,B6,5,6,False,883,221,True,True,0.7828054298642534,0.5497453310696095,0.06306306306306306,,,0.43243243243243246,"equal_opportunity_gap,equalized_odds_gap",1.0639580141287297
adversarial,10004,10,joint_dirichlet_0.3,submitted,sign_flip,B6,5,7,False,3290,823,True,True,0.732685297691373,0.5732937405731524,0.1885575598914659,0.149014511587611,0.1574585635359116,0.7138640051267368,,1.6032500134315342
adversarial,10004,10,joint_dirichlet_0.3,submitted,sign_flip,B6,5,8,False,2597,650,True,True,0.7830769230769231,0.6408966417077099,0.003867791842475321,0.054781262098335226,,0.06258790436005623,"equalized_odds_gap,false_positive_rate_gap",1.404792012181133
adversarial,10004,10,joint_dirichlet_0.3,submitted,sign_flip,B6,5,9,False,1484,371,True,False,0.7735849056603774,0.5303231251507113,,,,,"comparison_groups,subgroup_accuracy_gap",1.0327080090064555
adversarial,10004,10,joint_dirichlet_0.3,submitted,random_weights,B6,1,0,False,839,210,True,True,0.9619047619047619,0.49029126213592233,0.0,,,0.11267605633802813,"equal_opportunity_gap,equalized_odds_gap",1.0364580084569752
adversarial,10004,10,joint_dirichlet_0.3,submitted,random_weights,B6,1,1,False,858,215,True,True,0.8744186046511628,0.5306815425660927,0.010309278350515427,0.0,0.0714285714285714,0.08640157093765333,,0.8790410065557808
adversarial,10004,10,joint_dirichlet_0.3,submitted,random_weights,B6,1,2,False,2891,723,True,True,0.983402489626556,0.49581589958158995,0.0,0.0,0.0,0.0034356390288593497,,1.559249998535961
adversarial,10004,10,joint_dirichlet_0.3,submitted,random_weights,B6,1,3,False,5009,1253,True,True,0.9696727853152434,0.4923014586709887,0.0,0.0,0.0,0.47651821862348176,,2.066415996523574
adversarial,10004,10,joint_dirichlet_0.3,submitted,random_weights,B6,1,4,True,1078,270,False,False,,,,,,,,0.02099998528137803
adversarial,10004,10,joint_dirichlet_0.3,submitted,random_weights,B6,1,5,True,1577,395,True,True,0.9417721518987342,0.485006518904824,0.0,0.0,0.0,0.05128205128205132,,1.1174580140504986
adversarial,10004,10,joint_dirichlet_0.3,submitted,random_weights,B6,1,6,False,883,221,True,True,0.7782805429864253,0.5340561937954478,0.05405405405405406,,,0.4414414414414415,"equal_opportunity_gap,equalized_odds_gap",1.0409999813418835
adversarial,10004,10,joint_dirichlet_0.3,submitted,random_weights,B6,1,7,False,3290,823,True,False,0.7970838396111786,0.7127147464638294,0.38450525626866283,0.20511154429283085,0.21117249846531613,0.5220204251373719,,1.711040997179225
adversarial,10004,10,joint_dirichlet_0.3,submitted,random_weights,B6,1,8,False,2597,650,True,True,0.9153846153846154,0.5269850090633641,0.004746835443038,0.0,,0.08702531645569622,"equalized_odds_gap,false_positive_rate_gap",1.460874977055937
adversarial,10004,10,joint_dirichlet_0.3,submitted,random_weights,B6,1,9,False,1484,371,True,False,0.7681940700808625,0.5112438725490196,,,,,"comparison_groups,subgroup_accuracy_gap",1.0392920230515301
adversarial,10004,10,joint_dirichlet_0.3,submitted,random_weights,B6,2,0,False,839,210,True,True,0.9666666666666667,0.602595296025953,0.014084507042253521,,,0.09859154929577463,"equal_opportunity_gap,equalized_odds_gap",0.8665829955134541
adversarial,10004,10,joint_dirichlet_0.3,submitted,random_weights,B6,2,1,False,858,215,True,True,0.9162790697674419,0.7625184094256259,0.0670103092783505,0.0060240963855421326,0.4285714285714286,0.04000981836033379,,1.18245801422745
adversarial,10004,10,joint_dirichlet_0.3,submitted,random_weights,B6,2,2,False,2891,723,True,True,0.9847856154910097,0.5730849750389178,0.0015408320493066256,0.09090909090909091,0.09090909090909091,0.0018948069795527989,,1.541582983918488
adversarial,10004,10,joint_dirichlet_0.3,submitted,random_weights,B6,2,3,False,5009,1253,True,True,0.9704708699122107,0.5181420390175964,0.0008097165991902834,0.034482758620689655,0.034482758620689655,0.47732793522267203,,2.011124975979328
adversarial,10004,10,joint_dirichlet_0.3,submitted,random_weights,B6,2,4,True,1078,270,False,False,,,,,,,,0.021083018509671092
adversarial,10004,10,joint_dirichlet_0.3,submitted,random_weights,B6,2,5,True,1577,395,True,True,0.9392405063291139,0.48433420365535246,0.0030303030303030303,0.0,0.003246753246753247,0.05431235431235437,,1.1116669920738786
adversarial,10004,10,joint_dirichlet_0.3,submitted,random_weights,B6,2,6,False,883,221,True,True,0.7737556561085973,0.5178883071553229,0.04504504504504504,,,0.4504504504504504,"equal_opportunity_gap,equalized_odds_gap",0.8737079915590584
adversarial,10004,10,joint_dirichlet_0.3,submitted,random_weights,B6,2,7,False,3290,823,True,True,0.74726609963548,0.6075993471603308,0.22892379433059273,0.14165042235217673,0.1574585635359116,0.67349777068761,,1.5814999933354557
adversarial,10004,10,joint_dirichlet_0.3,submitted,random_weights,B6,2,8,False,2597,650,True,True,0.9307692307692308,0.7167755991285403,0.04272151898734178,0.012195121951219523,,0.07120253164556967,"equalized_odds_gap,false_positive_rate_gap",1.7028749862220138
adversarial,10004,10,joint_dirichlet_0.3,submitted,random_weights,B6,2,9,False,1484,371,True,False,0.7681940700808625,0.5112438725490196,,,,,"comparison_groups,subgroup_accuracy_gap",1.0666669986676425
adversarial,10004,10,joint_dirichlet_0.3,submitted,random_weights,B6,3,0,False,839,210,True,True,0.9666666666666667,0.602595296025953,0.014084507042253521,,,0.09859154929577463,"equal_opportunity_gap,equalized_odds_gap",0.8775840105954558
adversarial,10004,10,joint_dirichlet_0.3,submitted,random_weights,B6,3,1,False,858,215,True,True,0.8837209302325582,0.7842145409289815,0.057682866961217494,0.11566265060240954,0.25,0.08222876779577815,,0.8655839774291962
adversarial,10004,10,joint_dirichlet_0.3,submitted,random_weights,B6,3,2,False,2891,723,True,True,0.9847856154910097,0.5730849750389178,0.0015408320493066256,0.09090909090909091,0.09090909090909091,0.0018948069795527989,,1.4700000174343586
adversarial,10004,10,joint_dirichlet_0.3,submitted,random_weights,B6,3,3,False,5009,1253,True,True,0.9712689545091779,0.5427007299270074,0.0016194331983805667,0.06896551724137931,0.06896551724137931,0.4781376518218623,,2.219624991994351
adversarial,10004,10,joint_dirichlet_0.3,submitted,random_weights,B6,3,4,True,1078,270,False,False,,,,,,,,0.021916988771408796
adversarial,10004,10,joint_dirichlet_0.3,submitted,random_weights,B6,3,5,True,1577,395,True,True,0.9392405063291139,0.48433420365535246,0.0030303030303030303,0.0,0.003246753246753247,0.05431235431235437,,1.113708014599979
adversarial,10004,10,joint_dirichlet_0.3,submitted,random_weights,B6,3,6,False,883,221,True,True,0.7782805429864253,0.5340561937954478,0.05405405405405406,,,0.4414414414414415,"equal_opportunity_gap,equalized_odds_gap",0.873792014317587
adversarial,10004,10,joint_dirichlet_0.3,submitted,random_weights,B6,3,7,False,3290,823,True,True,0.7351154313487241,0.5791643992418982,0.19622039514050804,0.1572449642625081,0.1574585635359116,0.7062011698776945,,1.5605000080540776
adversarial,10004,10,joint_dirichlet_0.3,submitted,random_weights,B6,3,8,False,2597,650,True,True,0.92,0.7612994350282486,0.016174402250351716,0.06581494386372444,,0.03199718706047827,"equalized_odds_gap,false_positive_rate_gap",1.452833996154368
adversarial,10004,10,joint_dirichlet_0.3,submitted,random_weights,B6,3,9,False,1484,371,True,False,0.7681940700808625,0.5112438725490196,,,,,"comparison_groups,subgroup_accuracy_gap",1.0579579975456
adversarial,10004,10,joint_dirichlet_0.3,submitted,random_weights,B6,4,0,False,839,210,True,True,0.9666666666666667,0.602595296025953,0.014084507042253521,,,0.09859154929577463,"equal_opportunity_gap,equalized_odds_gap",0.8937499951571226
adversarial,10004,10,joint_dirichlet_0.3,submitted,random_weights,B6,4,1,False,858,215,True,True,0.8093023255813954,0.7095456192955287,0.11291114383897882,0.17530120481927713,0.17857142857142858,0.15807560137457044,,0.865082984091714
adversarial,10004,10,joint_dirichlet_0.3,submitted,random_weights,B6,4,2,False,2891,723,True,True,0.9847856154910097,0.5730849750389178,0.0015408320493066256,0.09090909090909091,0.09090909090909091,0.0018948069795527989,,1.4546250167768449
adversarial,10004,10,joint_dirichlet_0.3,submitted,random_weights,B6,4,3,False,5009,1253,True,True,0.9720670391061452,0.5859180995005147,0.004048582995951417,0.13793103448275862,0.13793103448275862,0.4789473684210527,,2.0091659971512854
adversarial,10004,10,joint_dirichlet_0.3,submitted,random_weights,B6,4,4,True,1078,270,False,False,,,,,,,,0.02070798655040562
adversarial,10004,10,joint_dirichlet_0.3,submitted,random_weights,B6,4,5,True,1577,395,True,True,0.9392405063291139,0.48433420365535246,0.0030303030303030303,0.0,0.003246753246753247,0.05431235431235437,,1.2379999971017241
adversarial,10004,10,joint_dirichlet_0.3,submitted,random_weights,B6,4,6,False,883,221,True,True,0.7828054298642534,0.5497453310696095,0.06306306306306306,,,0.43243243243243246,"equal_opportunity_gap,equalized_odds_gap",1.0288339981343597
adversarial,10004,10,joint_dirichlet_0.3,submitted,random_weights,B6,4,7,False,3290,823,True,True,0.7375455650060754,0.5849722642460917,0.2038832303895502,0.16547541693740525,0.16547541693740525,0.6985383346286524,,1.5697920171078295
adversarial,10004,10,joint_dirichlet_0.3,submitted,random_weights,B6,4,8,False,2597,650,True,True,0.8630769230769231,0.714375996721619,0.03393108298171588,0.0950445218737902,,0.08772855133614621,"equalized_odds_gap,false_positive_rate_gap",1.3916250027250499
adversarial,10004,10,joint_dirichlet_0.3,submitted,random_weights,B6,4,9,False,1484,371,True,False,0.77088948787062,0.5208684686327241,,,,,"comparison_groups,subgroup_accuracy_gap",1.0227080201730132
adversarial,10004,10,joint_dirichlet_0.3,submitted,random_weights,B6,5,0,False,839,210,True,True,0.9666666666666667,0.602595296025953,0.014084507042253521,,,0.09859154929577463,"equal_opportunity_gap,equalized_odds_gap",0.8573330123908818
adversarial,10004,10,joint_dirichlet_0.3,submitted,random_weights,B6,5,1,False,858,215,True,True,0.772093023255814,0.6829576574678744,0.10382916053019153,0.17108433734939765,0.17108433734939765,0.1696121747668139,,1.098207983886823
adversarial,10004,10,joint_dirichlet_0.3,submitted,random_weights,B6,5,2,False,2891,723,True,True,0.983402489626556,0.5672386272944933,0.0030816640986132513,0.09090909090909091,0.09090909090909091,0.0034356390288593497,,1.5226250106934458
adversarial,10004,10,joint_dirichlet_0.3,submitted,random_weights,B6,5,3,False,5009,1253,True,True,0.9704708699122107,0.5813716194862071,0.005668016194331984,0.13793103448275862,0.13793103448275862,0.47732793522267203,,2.0080000103916973
adversarial,10004,10,joint_dirichlet_0.3,submitted,random_weights,B6,5,4,True,1078,270,False,False,,,,,,,,0.02008400042541325
adversarial,10004,10,joint_dirichlet_0.3,submitted,random_weights,B6,5,5,True,1577,395,True,True,0.9367088607594937,0.48366013071895425,0.006060606060606061,0.0,0.006493506493506494,0.05734265734265742,,1.094582985388115
adversarial,10004,10,joint_dirichlet_0.3,submitted,random_weights,B6,5,6,False,883,221,True,True,0.7918552036199095,0.5797784391534391,0.08108108108108109,,,0.4144144144144144,"equal_opportunity_gap,equalized_odds_gap",0.8628340146970004
adversarial,10004,10,joint_dirichlet_0.3,submitted,random_weights,B6,5,7,False,3290,823,True,True,0.7375455650060754,0.5849722642460917,0.2038832303895502,0.16547541693740525,0.16547541693740525,0.6985383346286524,,1.5872499789111316
adversarial,10004,10,joint_dirichlet_0.3,submitted,random_weights,B6,5,8,False,2597,650,True,True,0.7907692307692308,0.645611840733792,0.0072081575246132346,0.06523422377080912,,0.07049929676511957,"equalized_odds_gap,false_positive_rate_gap",1.6649160243105143
adversarial,10004,10,joint_dirichlet_0.3,submitted,random_weights,B6,5,9,False,1484,371,True,False,0.77088948787062,0.5208684686327241,,,,,"comparison_groups,subgroup_accuracy_gap",1.0870419791899621
adversarial,10005,10,joint_dirichlet_0.3,submitted,none,B0,1,0,False,3128,783,True,False,0.7471264367816092,0.5060723843507072,,,,,"comparison_groups,subgroup_accuracy_gap",1.7082089907489717
adversarial,10005,10,joint_dirichlet_0.3,submitted,none,B0,1,1,False,2354,589,True,True,0.9796264855687606,0.49485420240137223,0.0,0.0,0.0,0.007465154736593482,,1.4477499935310334
adversarial,10005,10,joint_dirichlet_0.3,submitted,none,B0,1,2,False,58,15,False,False,,,,,,,,0.015500001609325409
adversarial,10005,10,joint_dirichlet_0.3,submitted,none,B0,1,3,False,5356,1340,True,True,0.9902985074626866,0.4975628046494188,0.0,0.0,0.0,0.011381678177343812,,2.7468329935800284
adversarial,10005,10,joint_dirichlet_0.3,submitted,none,B0,1,4,False,3256,815,True,False,0.7705521472392638,0.7699981135634786,0.42473365304540106,,,0.02640496223760158,"equal_opportunity_gap,equalized_odds_gap",1.6549580032005906
adversarial,10005,10,joint_dirichlet_0.3,submitted,none,B0,1,5,False,1484,371,True,False,0.862533692722372,0.8615033268187707,0.6229297018770703,0.09812206572769955,0.7868852459016393,0.15541037909458955,,1.0852499981410801
adversarial,10005,10,joint_dirichlet_0.3,submitted,none,B0,1,6,False,456,115,True,False,0.9391304347826087,0.484304932735426,,,,,"comparison_groups,subgroup_accuracy_gap",0.7519589853473008
adversarial,10005,10,joint_dirichlet_0.3,submitted,none,B0,1,7,False,884,222,True,False,0.9819819819819819,0.4954545454545455,,,,,"comparison_groups,subgroup_accuracy_gap",0.8426250133197755
adversarial,10005,10,joint_dirichlet_0.3,submitted,none,B0,1,8,False,1020,255,True,False,0.807843137254902,0.8066537717601547,0.3734690753214942,,,0.0069657072872014725,"equal_opportunity_gap,equalized_odds_gap",0.9196249884553254
adversarial,10005,10,joint_dirichlet_0.3,submitted,none,B0,1,9,False,2508,628,True,False,0.982484076433121,0.4955823293172691,,,,,"comparison_groups,subgroup_accuracy_gap",1.3347920030355453
adversarial,10005,10,joint_dirichlet_0.3,submitted,none,B0,2,0,False,3128,783,True,False,0.7471264367816092,0.5060723843507072,,,,,"comparison_groups,subgroup_accuracy_gap",1.515499985544011
adversarial,10005,10,joint_dirichlet_0.3,submitted,none,B0,2,1,False,2354,589,True,True,0.9796264855687606,0.49485420240137223,0.0,0.0,0.0,0.007465154736593482,,1.3144999975338578
adversarial,10005,10,joint_dirichlet_0.3,submitted,none,B0,2,2,False,58,15,False,False,,,,,,,,0.013958982890471816
adversarial,10005,10,joint_dirichlet_0.3,submitted,none,B0,2,3,False,5356,1340,True,True,0.9902985074626866,0.4975628046494188,0.0,0.0,0.0,0.011381678177343812,,2.1491250081453472
adversarial,10005,10,joint_dirichlet_0.3,submitted,none,B0,2,4,False,3256,815,True,True,0.7030674846625767,0.6795009295009296,0.2718605519340666,,,0.3136432817390804,"equal_opportunity_gap,equalized_odds_gap",1.7227079952135682
adversarial,10005,10,joint_dirichlet_0.3,submitted,none,B0,2,5,False,1484,371,True,False,0.7762803234501348,0.7685032740176068,0.5380934854619065,0.24788732394366197,0.24788732394366197,0.20491350754508653,,1.2173329887446016
adversarial,10005,10,joint_dirichlet_0.3,submitted,none,B0,2,6,False,456,115,True,False,0.9565217391304348,0.7613117476131175,,,,,"comparison_groups,subgroup_accuracy_gap",0.8678750018589199
adversarial,10005,10,joint_dirichlet_0.3,submitted,none,B0,2,7,False,884,222,True,False,0.990990990990991,0.8310502283105022,,,,,"comparison_groups,subgroup_accuracy_gap",0.892625015694648
adversarial,10005,10,joint_dirichlet_0.3,submitted,none,B0,2,8,False,1020,255,True,True,0.6862745098039216,0.6404906245594248,0.2023116962645438,,,0.37622473974280457,"equal_opportunity_gap,equalized_odds_gap",0.922624982194975
adversarial,10005,10,joint_dirichlet_0.3,submitted,none,B0,2,9,False,2508,628,True,False,0.982484076433121,0.4955823293172691,,,,,"comparison_groups,subgroup_accuracy_gap",1.4084579888731241
adversarial,10005,10,joint_dirichlet_0.3,submitted,none,B0,3,0,False,3128,783,True,False,0.7496807151979565,0.5144401133947555,,,,,"comparison_groups,subgroup_accuracy_gap",1.6335419786628336
adversarial,10005,10,joint_dirichlet_0.3,submitted,none,B0,3,1,False,2354,589,True,True,0.9796264855687606,0.49485420240137223,0.0,0.0,0.0,0.007465154736593482,,1.5746249991934747
adversarial,10005,10,joint_dirichlet_0.3,submitted,none,B0,3,2,False,58,15,False,False,,,,,,,,0.017250014934688807
adversarial,10005,10,joint_dirichlet_0.3,submitted,none,B0,3,3,False,5356,1340,True,True,0.9902985074626866,0.4975628046494188,0.0,0.0,0.0,0.011381678177343812,,2.2360829752869904
adversarial,10005,10,joint_dirichlet_0.3,submitted,none,B0,3,4,False,3256,815,True,True,0.652760736196319,0.6024218918336566,0.18746230939321715,,,0.38244838181661545,"equal_opportunity_gap,equalized_odds_gap",1.6213330090977252
adversarial,10005,10,joint_dirichlet_0.3,submitted,none,B0,3,5,False,1484,371,True,False,0.6711590296495957,0.6400922391857506,0.3537909458962091,0.20031298904538342,0.20031298904538342,0.3979879769353454,,1.0762909951154143
adversarial,10005,10,joint_dirichlet_0.3,submitted,none,B0,3,6,False,456,115,True,False,0.9391304347826087,0.7776857221761944,,,,,"comparison_groups,subgroup_accuracy_gap",0.825958006316796
adversarial,10005,10,joint_dirichlet_0.3,submitted,none,B0,3,7,False,884,222,True,False,0.9774774774774775,0.8018918436551847,,,,,"comparison_groups,subgroup_accuracy_gap",0.8583330200053751
adversarial,10005,10,joint_dirichlet_0.3,submitted,none,B0,3,8,False,1020,255,True,True,0.6470588235294118,0.5716365536807526,0.13487446417636254,,,0.4500918554807104,"equal_opportunity_gap,equalized_odds_gap",0.9185830131173134
adversarial,10005,10,joint_dirichlet_0.3,submitted,none,B0,3,9,False,2508,628,True,False,0.982484076433121,0.4955823293172691,,,,,"comparison_groups,subgroup_accuracy_gap",1.3636660005431622
adversarial,10005,10,joint_dirichlet_0.3,submitted,none,B0,4,0,False,3128,783,True,False,0.7522349936143039,0.5226809954751132,,,,,"comparison_groups,subgroup_accuracy_gap",1.5041250153444707
adversarial,10005,10,joint_dirichlet_0.3,submitted,none,B0,4,1,False,2354,589,True,True,0.9779286926994907,0.4944206008583691,0.0029411764705882353,0.0,0.0030120481927710845,0.010406331207181707,,1.465167006244883
adversarial,10005,10,joint_dirichlet_0.3,submitted,none,B0,4,2,False,58,15,False,False,,,,,,,,0.016833015251904726
adversarial,10005,10,joint_dirichlet_0.3,submitted,none,B0,4,3,False,5356,1340,True,True,0.9888059701492538,0.4971857410881801,0.001061760736683337,0.0,0.0010510132069765097,0.010319917440660409,,2.170375024434179
adversarial,10005,10,joint_dirichlet_0.3,submitted,none,B0,4,4,False,3256,815,True,True,0.6306748466257669,0.5643499123603049,0.16016713091922005,,,0.4192200557103064,"equal_opportunity_gap,equalized_odds_gap",1.7335409938823432
adversarial,10005,10,joint_dirichlet_0.3,submitted,none,B0,4,5,False,1484,371,True,False,0.6415094339622641,0.5964257964257964,0.28303275671696726,0.1380281690140845,0.1380281690140845,0.48629002576371,,1.361957984045148
adversarial,10005,10,joint_dirichlet_0.3,submitted,none,B0,4,6,False,456,115,True,False,0.8434782608695652,0.634016973125884,,,,,"comparison_groups,subgroup_accuracy_gap",0.9602079808246344
adversarial,10005,10,joint_dirichlet_0.3,submitted,none,B0,4,7,False,884,222,True,False,0.8738738738738738,0.576797385620915,,,,,"comparison_groups,subgroup_accuracy_gap",0.9264580148737878
adversarial,10005,10,joint_dirichlet_0.3,submitted,none,B0,4,8,False,1020,255,True,True,0.6274509803921569,0.5384043749166365,0.10770055113288425,,,0.47726576852418867,"equal_opportunity_gap,equalized_odds_gap",0.9129170211963356
adversarial,10005,10,joint_dirichlet_0.3,submitted,none,B0,4,9,False,2508,628,True,False,0.9840764331210191,0.5793140407288317,,,,,"comparison_groups,subgroup_accuracy_gap",1.818832999560982
adversarial,10005,10,joint_dirichlet_0.3,submitted,none,B0,5,0,False,3128,783,True,False,0.7586206896551724,0.5427489996755704,,,,,"comparison_groups,subgroup_accuracy_gap",1.6382919857278466
adversarial,10005,10,joint_dirichlet_0.3,submitted,none,B0,5,1,False,2354,589,True,True,0.9796264855687606,0.5662739322533137,0.0058823529411764705,0.125,0.125,0.007465154736593482,,1.420000015059486
adversarial,10005,10,joint_dirichlet_0.3,submitted,none,B0,5,2,False,58,15,False,False,,,,,,,,0.028167007258161902
adversarial,10005,10,joint_dirichlet_0.3,submitted,none,B0,5,3,False,5356,1340,True,True,0.9888059701492538,0.4971857410881801,0.001061760736683337,0.0,0.0010510132069765097,0.010319917440660409,,2.646209002705291
adversarial,10005,10,joint_dirichlet_0.3,submitted,none,B0,5,4,False,3256,815,True,False,0.6196319018404908,0.5466502540840057,0.14763231197771587,,,0.4317548746518106,"equal_opportunity_gap,equalized_odds_gap",1.7651250236667693
adversarial,10005,10,joint_dirichlet_0.3,submitted,none,B0,5,5,False,1484,371,True,True,0.6226415094339622,0.5688911022576362,0.245460679671206,0.11799687010954615,0.11799687010954615,0.5238621028094712,,1.2050409859512001
adversarial,10005,10,joint_dirichlet_0.3,submitted,none,B0,5,6,False,456,115,True,False,0.7130434782608696,0.5441441441441441,,,,,"comparison_groups,subgroup_accuracy_gap",1.0268749902024865
adversarial,10005,10,joint_dirichlet_0.3,submitted,none,B0,5,7,False,884,222,True,False,0.7792792792792793,0.5068679450564395,,,,,"comparison_groups,subgroup_accuracy_gap",1.36900000507012
adversarial,10005,10,joint_dirichlet_0.3,submitted,none,B0,5,8,False,1020,255,True,True,0.6313725490196078,0.5412966932026944,0.12178505817513778,,,0.4913502755664422,"equal_opportunity_gap,equalized_odds_gap",1.1805419926531613
adversarial,10005,10,joint_dirichlet_0.3,submitted,none,B0,5,9,False,2508,628,True,False,0.9840764331210191,0.5793140407288317,,,,,"comparison_groups,subgroup_accuracy_gap",1.5969169908203185
adversarial,10005,10,joint_dirichlet_0.3,submitted,label_flip,B0,1,0,False,3128,783,True,False,0.7471264367816092,0.5060723843507072,,,,,"comparison_groups,subgroup_accuracy_gap",1.6473329742439091
adversarial,10005,10,joint_dirichlet_0.3,submitted,label_flip,B0,1,1,False,2354,589,True,True,0.9796264855687606,0.49485420240137223,0.0,0.0,0.0,0.007465154736593482,,1.709500007564202
adversarial,10005,10,joint_dirichlet_0.3,submitted,label_flip,B0,1,2,False,58,15,False,False,,,,,,,,0.01925000105984509
adversarial,10005,10,joint_dirichlet_0.3,submitted,label_flip,B0,1,3,False,5356,1340,True,True,0.9902985074626866,0.4975628046494188,0.0,0.0,0.0,0.011381678177343812,,2.27537500904873
adversarial,10005,10,joint_dirichlet_0.3,submitted,label_flip,B0,1,4,False,3256,815,True,False,0.7705521472392638,0.7699981135634786,0.42473365304540106,,,0.02640496223760158,"equal_opportunity_gap,equalized_odds_gap",1.6864579811226577
adversarial,10005,10,joint_dirichlet_0.3,submitted,label_flip,B0,1,5,True,1484,371,True,False,0.13746630727762804,0.13216374269005848,0.6229297018770703,0.09812206572769952,0.7868852459016393,0.15541037909458963,,1.1164169991388917
adversarial,10005,10,joint_dirichlet_0.3,submitted,label_flip,B0,1,6,False,456,115,True,False,0.9391304347826087,0.484304932735426,,,,,"comparison_groups,subgroup_accuracy_gap",0.7919170020613819
adversarial,10005,10,joint_dirichlet_0.3,submitted,label_flip,B0,1,7,False,884,222,True,False,0.9819819819819819,0.4954545454545455,,,,,"comparison_groups,subgroup_accuracy_gap",1.0397919977549464
adversarial,10005,10,joint_dirichlet_0.3,submitted,label_flip,B0,1,8,False,1020,255,True,False,0.807843137254902,0.8066537717601547,0.3734690753214942,,,0.0069657072872014725,"equal_opportunity_gap,equalized_odds_gap",1.1967909813392907
adversarial,10005,10,joint_dirichlet_0.3,submitted,label_flip,B0,1,9,True,2508,628,True,False,0.01751592356687898,0.017214397496087636,,,,,"comparison_groups,subgroup_accuracy_gap",1.3933750160504133
adversarial,10005,10,joint_dirichlet_0.3,submitted,label_flip,B0,2,0,False,3128,783,True,False,0.756066411238825,0.5348114554463761,,,,,"comparison_groups,subgroup_accuracy_gap",1.67108399909921
adversarial,10005,10,joint_dirichlet_0.3,submitted,label_flip,B0,2,1,False,2354,589,True,True,0.9796264855687606,0.49485420240137223,0.0,0.0,0.0,0.007465154736593482,,1.3749160279985517
adversarial,10005,10,joint_dirichlet_0.3,submitted,label_flip,B0,2,2,False,58,15,False,False,,,,,,,,0.014290999388322234
adversarial,10005,10,joint_dirichlet_0.3,submitted,label_flip,B0,2,3,False,5356,1340,True,True,0.9902985074626866,0.4975628046494188,0.0,0.0,0.0,0.011381678177343812,,2.6207919872831553
adversarial,10005,10,joint_dirichlet_0.3,submitted,label_flip,B0,2,4,False,3256,815,True,False,0.7631901840490798,0.756810827441516,0.3841139476782586,,,0.23369612038020848,"equal_opportunity_gap,equalized_odds_gap",1.7528749885968864
adversarial,10005,10,joint_dirichlet_0.3,submitted,label_flip,B0,2,5,True,1484,371,True,False,0.42318059299191374,0.29734848484848486,0.11842105263157894,0.0,0.14754098360655737,0.6772175193227825,,1.16004201117903
adversarial,10005,10,joint_dirichlet_0.3,submitted,label_flip,B0,2,6,False,456,115,True,False,0.9391304347826087,0.5952740070387129,,,,,"comparison_groups,subgroup_accuracy_gap",0.83179198554717
adversarial,10005,10,joint_dirichlet_0.3,submitted,label_flip,B0,2,7,False,884,222,True,False,0.9864864864864865,0.6965831435079727,,,,,"comparison_groups,subgroup_accuracy_gap",0.9202919900417328
adversarial,10005,10,joint_dirichlet_0.3,submitted,label_flip,B0,2,8,False,1020,255,True,True,0.7333333333333333,0.706579125490727,0.2588793631353338,,,0.2914880587875076,"equal_opportunity_gap,equalized_odds_gap",0.9994999854825437
adversarial,10005,10,joint_dirichlet_0.3,submitted,label_flip,B0,2,9,True,2508,628,True,False,0.01751592356687898,0.017214397496087636,,,,,"comparison_groups,subgroup_accuracy_gap",1.7600000137463212
adversarial,10005,10,joint_dirichlet_0.3,submitted,label_flip,B0,3,0,False,3128,783,True,False,0.7598978288633461,0.5496475598414019,,,,,"comparison_groups,subgroup_accuracy_gap",2.3912920150905848
adversarial,10005,10,joint_dirichlet_0.3,submitted,label_flip,B0,3,1,False,2354,589,True,True,0.9796264855687606,0.49485420240137223,0.0,0.0,0.0,0.007465154736593482,,1.5083749894984066
adversarial,10005,10,joint_dirichlet_0.3,submitted,label_flip,B0,3,2,False,58,15,False,False,,,,,,,,0.01683298614807427
adversarial,10005,10,joint_dirichlet_0.3,submitted,label_flip,B0,3,3,False,5356,1340,True,True,0.9888059701492538,0.4971857410881801,0.001061760736683337,0.0,0.0010510132069765097,0.010319917440660409,,2.8785830072592944
adversarial,10005,10,joint_dirichlet_0.3,submitted,label_flip,B0,3,4,False,3256,815,True,False,0.7165644171779141,0.700634937293383,0.3061195187088993,,,0.28662091146655944,"equal_opportunity_gap,equalized_odds_gap",1.6148750146385282
adversarial,10005,10,joint_dirichlet_0.3,submitted,label_flip,B0,3,5,True,1484,371,True,False,0.49595687331536387,0.33153153153153153,0.0,0.0,0.0,0.7956385719543615,,1.0773749963846058
adversarial,10005,10,joint_dirichlet_0.3,submitted,label_flip,B0,3,6,False,456,115,True,False,0.9565217391304348,0.7613117476131175,,,,,"comparison_groups,subgroup_accuracy_gap",0.919374986551702
adversarial,10005,10,joint_dirichlet_0.3,submitted,label_flip,B0,3,7,False,884,222,True,False,0.9864864864864865,0.7822817914351095,,,,,"comparison_groups,subgroup_accuracy_gap",0.9512079996056855
adversarial,10005,10,joint_dirichlet_0.3,submitted,label_flip,B0,3,8,False,1020,255,True,True,0.6941176470588235,0.6538220551378446,0.2045315370483772,,,0.34583588487446415,"equal_opportunity_gap,equalized_odds_gap",0.9859589918050915
adversarial,10005,10,joint_dirichlet_0.3,submitted,label_flip,B0,3,9,True,2508,628,True,False,0.01751592356687898,0.017214397496087636,,,,,"comparison_groups,subgroup_accuracy_gap",1.624416996492073
adversarial,10005,10,joint_dirichlet_0.3,submitted,label_flip,B0,4,0,False,3128,783,True,False,0.7573435504469987,0.5507175472928897,,,,,"comparison_groups,subgroup_accuracy_gap",1.5880829887464643
adversarial,10005,10,joint_dirichlet_0.3,submitted,label_flip,B0,4,1,False,2354,589,True,True,0.9779286926994907,0.4944206008583691,0.0029411764705882353,0.0,0.0030120481927710845,0.010406331207181707,,1.377584005240351
adversarial,10005,10,joint_dirichlet_0.3,submitted,label_flip,B0,4,2,False,58,15,False,False,,,,,,,,0.015041005099192262
adversarial,10005,10,joint_dirichlet_0.3,submitted,label_flip,B0,4,3,False,5356,1340,True,True,0.9888059701492538,0.4971857410881801,0.001061760736683337,0.0,0.0010510132069765097,0.010319917440660409,,2.4315830087289214
adversarial,10005,10,joint_dirichlet_0.3,submitted,label_flip,B0,4,4,False,3256,815,True,True,0.701840490797546,0.6779447133952687,0.27046779427389944,,,0.3150360393992476,"equal_opportunity_gap,equalized_odds_gap",1.7030830204021186
adversarial,10005,10,joint_dirichlet_0.3,submitted,label_flip,B0,4,5,True,1484,371,True,False,0.49595687331536387,0.33153153153153153,0.0,0.0,0.0,0.7956385719543615,,1.1197089916095138
adversarial,10005,10,joint_dirichlet_0.3,submitted,label_flip,B0,4,6,False,456,115,True,False,0.9391304347826087,0.7146401985111663,,,,,"comparison_groups,subgroup_accuracy_gap",0.7958329806569964
adversarial,10005,10,joint_dirichlet_0.3,submitted,label_flip,B0,4,7,False,884,222,True,False,0.972972972972973,0.7430555555555556,,,,,"comparison_groups,subgroup_accuracy_gap",0.8974999946076423
adversarial,10005,10,joint_dirichlet_0.3,submitted,label_flip,B0,4,8,False,1020,255,True,True,0.6705882352941176,0.6200510855683269,0.17192284139620329,,,0.3784445805266381,"equal_opportunity_gap,equalized_odds_gap",0.9479169966652989
adversarial,10005,10,joint_dirichlet_0.3,submitted,label_flip,B0,4,9,True,2508,628,True,False,0.11942675159235669,0.11310987677967183,,,,,"comparison_groups,subgroup_accuracy_gap",1.4206250198185444
adversarial,10005,10,joint_dirichlet_0.3,submitted,label_flip,B0,5,0,False,3128,783,True,False,0.7598978288633461,0.5637934713036057,,,,,"comparison_groups,subgroup_accuracy_gap",1.7254170088563114
adversarial,10005,10,joint_dirichlet_0.3,submitted,label_flip,B0,5,1,False,2354,589,True,True,0.9796264855687606,0.5662739322533137,0.0058823529411764705,0.125,0.125,0.007465154736593482,,1.396000006934628
adversarial,10005,10,joint_dirichlet_0.3,submitted,label_flip,B0,5,2,False,58,15,False,False,,,,,,,,0.014874996850267053
adversarial,10005,10,joint_dirichlet_0.3,submitted,label_flip,B0,5,3,False,5356,1340,True,True,0.9888059701492538,0.4971857410881801,0.001061760736683337,0.0,0.0010510132069765097,0.010319917440660409,,2.3053330078255385
adversarial,10005,10,joint_dirichlet_0.3,submitted,label_flip,B0,5,4,False,3256,815,True,True,0.6920245398773006,0.6633123813944148,0.2598857077219079,,,0.33788013669126726,"equal_opportunity_gap,equalized_odds_gap",1.955957995960489
adversarial,10005,10,joint_dirichlet_0.3,submitted,label_flip,B0,5,5,True,1484,371,True,False,0.49865229110512127,0.33744911283508716,0.006993006993006993,0.007042253521126761,0.007042253521126761,0.7886455649613545,,1.2769169989041984
adversarial,10005,10,joint_dirichlet_0.3,submitted,label_flip,B0,5,6,False,456,115,True,False,0.9391304347826087,0.7503875968992249,,,,,"comparison_groups,subgroup_accuracy_gap",0.7692920044064522
adversarial,10005,10,joint_dirichlet_0.3,submitted,label_flip,B0,5,7,False,884,222,True,False,0.9774774774774775,0.8018918436551847,,,,,"comparison_groups,subgroup_accuracy_gap",0.9471670200582594
adversarial,10005,10,joint_dirichlet_0.3,submitted,label_flip,B0,5,8,False,1020,255,True,True,0.6705882352941176,0.6200510855683269,0.17192284139620329,,,0.3784445805266381,"equal_opportunity_gap,equalized_odds_gap",0.9574579889886081
adversarial,10005,10,joint_dirichlet_0.3,submitted,label_flip,B0,5,9,True,2508,628,True,False,0.3503184713375796,0.27860802973140375,,,,,"comparison_groups,subgroup_accuracy_gap",1.530334004200995
adversarial,10005,10,joint_dirichlet_0.3,submitted,sign_flip,B0,1,0,False,3128,783,True,False,0.7471264367816092,0.5060723843507072,,,,,"comparison_groups,subgroup_accuracy_gap",1.7252919788006693
adversarial,10005,10,joint_dirichlet_0.3,submitted,sign_flip,B0,1,1,False,2354,589,True,True,0.9796264855687606,0.49485420240137223,0.0,0.0,0.0,0.007465154736593482,,1.4545000158250332
adversarial,10005,10,joint_dirichlet_0.3,submitted,sign_flip,B0,1,2,False,58,15,False,False,,,,,,,,0.01733400858938694
adversarial,10005,10,joint_dirichlet_0.3,submitted,sign_flip,B0,1,3,False,5356,1340,True,True,0.9902985074626866,0.4975628046494188,0.0,0.0,0.0,0.011381678177343812,,2.371624985244125
adversarial,10005,10,joint_dirichlet_0.3,submitted,sign_flip,B0,1,4,False,3256,815,True,False,0.7705521472392638,0.7699981135634786,0.42473365304540106,,,0.02640496223760158,"equal_opportunity_gap,equalized_odds_gap",1.6286250029224902
adversarial,10005,10,joint_dirichlet_0.3,submitted,sign_flip,B0,1,5,True,1484,371,True,False,0.862533692722372,0.8615033268187707,0.6229297018770703,0.09812206572769955,0.7868852459016393,0.15541037909458955,,1.076790998922661
adversarial,10005,10,joint_dirichlet_0.3,submitted,sign_flip,B0,1,6,False,456,115,True,False,0.9391304347826087,0.484304932735426,,,,,"comparison_groups,subgroup_accuracy_gap",0.8731250127311796
adversarial,10005,10,joint_dirichlet_0.3,submitted,sign_flip,B0,1,7,False,884,222,True,False,0.9819819819819819,0.4954545454545455,,,,,"comparison_groups,subgroup_accuracy_gap",0.9190829878207296
adversarial,10005,10,joint_dirichlet_0.3,submitted,sign_flip,B0,1,8,False,1020,255,True,False,0.807843137254902,0.8066537717601547,0.3734690753214942,,,0.0069657072872014725,"equal_opportunity_gap,equalized_odds_gap",0.938542012590915
adversarial,10005,10,joint_dirichlet_0.3,submitted,sign_flip,B0,1,9,True,2508,628,True,False,0.982484076433121,0.4955823293172691,,,,,"comparison_groups,subgroup_accuracy_gap",1.5751250030007213
adversarial,10005,10,joint_dirichlet_0.3,submitted,sign_flip,B0,2,0,False,3128,783,True,False,0.756066411238825,0.5348114554463761,,,,,"comparison_groups,subgroup_accuracy_gap",1.528166001662612
adversarial,10005,10,joint_dirichlet_0.3,submitted,sign_flip,B0,2,1,False,2354,589,True,True,0.9796264855687606,0.49485420240137223,0.0,0.0,0.0,0.007465154736593482,,1.3122919772285968
adversarial,10005,10,joint_dirichlet_0.3,submitted,sign_flip,B0,2,2,False,58,15,False,False,,,,,,,,0.014165998436510563
adversarial,10005,10,joint_dirichlet_0.3,submitted,sign_flip,B0,2,3,False,5356,1340,True,True,0.9902985074626866,0.4975628046494188,0.0,0.0,0.0,0.011381678177343812,,2.2306670143734664
adversarial,10005,10,joint_dirichlet_0.3,submitted,sign_flip,B0,2,4,False,3256,815,True,False,0.7631901840490798,0.756810827441516,0.3841139476782586,,,0.23369612038020848,"equal_opportunity_gap,equalized_odds_gap",1.9474999862723053
adversarial,10005,10,joint_dirichlet_0.3,submitted,sign_flip,B0,2,5,True,1484,371,True,False,0.8274932614555256,0.8262803628914253,0.6147711937185621,0.2402190923317684,0.2402190923317684,0.04928843086737822,,1.1732080020010471
adversarial,10005,10,joint_dirichlet_0.3,submitted,sign_flip,B0,2,6,False,456,115,True,False,0.9391304347826087,0.5952740070387129,,,,,"comparison_groups,subgroup_accuracy_gap",0.7894999871496111
adversarial,10005,10,joint_dirichlet_0.3,submitted,sign_flip,B0,2,7,False,884,222,True,False,0.9864864864864865,0.6965831435079727,,,,,"comparison_groups,subgroup_accuracy_gap",0.8645000052638352
adversarial,10005,10,joint_dirichlet_0.3,submitted,sign_flip,B0,2,8,False,1020,255,True,True,0.7333333333333333,0.706579125490727,0.2588793631353338,,,0.2914880587875076,"equal_opportunity_gap,equalized_odds_gap",0.9169999975711107
adversarial,10005,10,joint_dirichlet_0.3,submitted,sign_flip,B0,2,9,True,2508,628,True,False,0.982484076433121,0.4955823293172691,,,,,"comparison_groups,subgroup_accuracy_gap",1.350500009721145
adversarial,10005,10,joint_dirichlet_0.3,submitted,sign_flip,B0,3,0,False,3128,783,True,False,0.7598978288633461,0.5466740576496674,,,,,"comparison_groups,subgroup_accuracy_gap",1.785959000699222
adversarial,10005,10,joint_dirichlet_0.3,submitted,sign_flip,B0,3,1,False,2354,589,True,True,0.9796264855687606,0.49485420240137223,0.0,0.0,0.0,0.007465154736593482,,1.6187500150408596
adversarial,10005,10,joint_dirichlet_0.3,submitted,sign_flip,B0,3,2,False,58,15,False,False,,,,,,,,0.01695798709988594
adversarial,10005,10,joint_dirichlet_0.3,submitted,sign_flip,B0,3,3,False,5356,1340,True,True,0.9902985074626866,0.4975628046494188,0.0,0.0,0.0,0.011381678177343812,,2.2237089870031923
adversarial,10005,10,joint_dirichlet_0.3,submitted,sign_flip,B0,3,4,False,3256,815,True,False,0.7337423312883435,0.721330642048024,0.3284036412715734,,,0.2671223042242197,"equal_opportunity_gap,equalized_odds_gap",1.9768330093938857
adversarial,10005,10,joint_dirichlet_0.3,submitted,sign_flip,B0,3,5,True,1484,371,True,False,0.8032345013477089,0.7995944975988042,0.5843148079990186,0.2586854460093897,0.2586854460093897,0.12360446570972883,,1.209957990795374
adversarial,10005,10,joint_dirichlet_0.3,submitted,sign_flip,B0,3,6,False,456,115,True,False,0.9565217391304348,0.7613117476131175,,,,,"comparison_groups,subgroup_accuracy_gap",0.8445410057902336
adversarial,10005,10,joint_dirichlet_0.3,submitted,sign_flip,B0,3,7,False,884,222,True,False,0.990990990990991,0.8310502283105022,,,,,"comparison_groups,subgroup_accuracy_gap",0.8879580127540976
adversarial,10005,10,joint_dirichlet_0.3,submitted,sign_flip,B0,3,8,False,1020,255,True,True,0.7137254901960784,0.6807087356992161,0.23170545009185547,,,0.3186619718309859,"equal_opportunity_gap,equalized_odds_gap",0.9224169771187007
adversarial,10005,10,joint_dirichlet_0.3,submitted,sign_flip,B0,3,9,True,2508,628,True,False,0.982484076433121,0.4955823293172691,,,,,"comparison_groups,subgroup_accuracy_gap",1.3504170055966824
adversarial,10005,10,joint_dirichlet_0.3,submitted,sign_flip,B0,4,0,False,3128,783,True,False,0.7598978288633461,0.5496475598414019,,,,,"comparison_groups,subgroup_accuracy_gap",1.7990840133279562
adversarial,10005,10,joint_dirichlet_0.3,submitted,sign_flip,B0,4,1,False,2354,589,True,True,0.9796264855687606,0.49485420240137223,0.0,0.0,0.0,0.007465154736593482,,1.4500829856842756
adversarial,10005,10,joint_dirichlet_0.3,submitted,sign_flip,B0,4,2,False,58,15,False,False,,,,,,,,0.014290999388322234
adversarial,10005,10,joint_dirichlet_0.3,submitted,sign_flip,B0,4,3,False,5356,1340,True,True,0.9888059701492538,0.4971857410881801,0.001061760736683337,0.0,0.0010510132069765097,0.010319917440660409,,2.18695800867863
adversarial,10005,10,joint_dirichlet_0.3,submitted,sign_flip,B0,4,4,False,3256,815,True,False,0.7177914110429447,0.7021085218098835,0.3075122763690664,,,0.2852281538063923,"equal_opportunity_gap,equalized_odds_gap",1.5736249915789813
adversarial,10005,10,joint_dirichlet_0.3,submitted,sign_flip,B0,4,5,True,1484,371,True,False,0.7978436657681941,0.7927791058781475,0.585265611581401,0.2820031298904538,0.2820031298904538,0.1489694516010306,,1.0849579994101077
adversarial,10005,10,joint_dirichlet_0.3,submitted,sign_flip,B0,4,6,False,456,115,True,False,0.9565217391304348,0.7613117476131175,,,,,"comparison_groups,subgroup_accuracy_gap",1.0662919958122075
adversarial,10005,10,joint_dirichlet_0.3,submitted,sign_flip,B0,4,7,False,884,222,True,False,0.9864864864864865,0.7822817914351095,,,,,"comparison_groups,subgroup_accuracy_gap",0.8968329930212349
adversarial,10005,10,joint_dirichlet_0.3,submitted,sign_flip,B0,4,8,False,1020,255,True,True,0.7058823529411765,0.6700822853594162,0.22083588487446418,,,0.32953153704837723,"equal_opportunity_gap,equalized_odds_gap",1.0024159855674952
adversarial,10005,10,joint_dirichlet_0.3,submitted,sign_flip,B0,4,9,True,2508,628,True,False,0.982484076433121,0.4955823293172691,,,,,"comparison_groups,subgroup_accuracy_gap",1.3306250039022416
adversarial,10005,10,joint_dirichlet_0.3,submitted,sign_flip,B0,5,0,False,3128,783,True,False,0.7598978288633461,0.5525714285714285,,,,,"comparison_groups,subgroup_accuracy_gap",1.4940420223865658
adversarial,10005,10,joint_dirichlet_0.3,submitted,sign_flip,B0,5,1,False,2354,589,True,True,0.9796264855687606,0.49485420240137223,0.0,0.0,0.0,0.007465154736593482,,1.640333008253947
adversarial,10005,10,joint_dirichlet_0.3,submitted,sign_flip,B0,5,2,False,58,15,False,False,,,,,,,,0.01491699367761612
adversarial,10005,10,joint_dirichlet_0.3,submitted,sign_flip,B0,5,3,False,5356,1340,True,True,0.9888059701492538,0.4971857410881801,0.001061760736683337,0.0,0.0010510132069765097,0.010319917440660409,,2.2773749951738864
adversarial,10005,10,joint_dirichlet_0.3,submitted,sign_flip,B0,5,4,False,3256,815,True,False,0.7165644171779141,0.700634937293383,0.3061195187088993,,,0.28662091146655944,"equal_opportunity_gap,equalized_odds_gap",1.589291001437232
adversarial,10005,10,joint_dirichlet_0.3,submitted,sign_flip,B0,5,5,True,1484,371,True,False,0.7924528301886793,0.7868786416096567,0.5826585695006747,0.29718309859154923,0.29718309859154923,0.15157649368175685,,1.0821250034496188
adversarial,10005,10,joint_dirichlet_0.3,submitted,sign_flip,B0,5,6,False,456,115,True,False,0.9565217391304348,0.7613117476131175,,,,,"comparison_groups,subgroup_accuracy_gap",0.7617500086780638
adversarial,10005,10,joint_dirichlet_0.3,submitted,sign_flip,B0,5,7,False,884,222,True,False,0.9819819819819819,0.7454128440366973,,,,,"comparison_groups,subgroup_accuracy_gap",0.8827499987091869
adversarial,10005,10,joint_dirichlet_0.3,submitted,sign_flip,B0,5,8,False,1020,255,True,True,0.6941176470588235,0.6538220551378446,0.2045315370483772,,,0.34583588487446415,"equal_opportunity_gap,equalized_odds_gap",1.100291992770508
adversarial,10005,10,joint_dirichlet_0.3,submitted,sign_flip,B0,5,9,True,2508,628,True,False,0.982484076433121,0.4955823293172691,,,,,"comparison_groups,subgroup_accuracy_gap",1.697166997473687
adversarial,10005,10,joint_dirichlet_0.3,submitted,random_weights,B0,1,0,False,3128,783,True,False,0.7471264367816092,0.5060723843507072,,,,,"comparison_groups,subgroup_accuracy_gap",1.651291997404769
adversarial,10005,10,joint_dirichlet_0.3,submitted,random_weights,B0,1,1,False,2354,589,True,True,0.9796264855687606,0.49485420240137223,0.0,0.0,0.0,0.007465154736593482,,1.7865409899968654
adversarial,10005,10,joint_dirichlet_0.3,submitted,random_weights,B0,1,2,False,58,15,False,False,,,,,,,,0.025707995519042015
adversarial,10005,10,joint_dirichlet_0.3,submitted,random_weights,B0,1,3,False,5356,1340,True,True,0.9902985074626866,0.4975628046494188,0.0,0.0,0.0,0.011381678177343812,,2.733208006247878
adversarial,10005,10,joint_dirichlet_0.3,submitted,random_weights,B0,1,4,False,3256,815,True,False,0.7705521472392638,0.7699981135634786,0.42473365304540106,,,0.02640496223760158,"equal_opportunity_gap,equalized_odds_gap",2.4698750057723373
adversarial,10005,10,joint_dirichlet_0.3,submitted,random_weights,B0,1,5,True,1484,371,True,False,0.862533692722372,0.8615033268187707,0.6229297018770703,0.09812206572769955,0.7868852459016393,0.15541037909458955,,1.2554999848362058
adversarial,10005,10,joint_dirichlet_0.3,submitted,random_weights,B0,1,6,False,456,115,True,False,0.9391304347826087,0.484304932735426,,,,,"comparison_groups,subgroup_accuracy_gap",0.8327499963343143
adversarial,10005,10,joint_dirichlet_0.3,submitted,random_weights,B0,1,7,False,884,222,True,False,0.9819819819819819,0.4954545454545455,,,,,"comparison_groups,subgroup_accuracy_gap",0.9424170129932463
adversarial,10005,10,joint_dirichlet_0.3,submitted,random_weights,B0,1,8,False,1020,255,True,False,0.807843137254902,0.8066537717601547,0.3734690753214942,,,0.0069657072872014725,"equal_opportunity_gap,equalized_odds_gap",1.0122079984284937
adversarial,10005,10,joint_dirichlet_0.3,submitted,random_weights,B0,1,9,True,2508,628,True,False,0.982484076433121,0.4955823293172691,,,,,"comparison_groups,subgroup_accuracy_gap",1.4634999970439821
adversarial,10005,10,joint_dirichlet_0.3,submitted,random_weights,B0,2,0,False,3128,783,True,False,0.35887611749680715,0.35882487276523556,,,,,"comparison_groups,subgroup_accuracy_gap",1.7492919869255275
adversarial,10005,10,joint_dirichlet_0.3,submitted,random_weights,B0,2,1,False,2354,589,True,False,0.3870967741935484,0.2856096520257898,0.10382707299787386,0.375,0.375,0.11400897708480984,,1.4550419873557985
adversarial,10005,10,joint_dirichlet_0.3,submitted,random_weights,B0,2,2,False,58,15,False,False,,,,,,,,0.014874996850267053
adversarial,10005,10,joint_dirichlet_0.3,submitted,random_weights,B0,2,3,False,5356,1340,True,False,0.4007462686567164,0.2930553173932096,0.09839644359768196,0.5,0.5,0.10058942605382237,,2.744041004916653
adversarial,10005,10,joint_dirichlet_0.3,submitted,random_weights,B0,2,4,False,3256,815,True,False,0.43803680981595094,0.3832042248866445,0.04146684662435751,,,0.345088016540792,"equal_opportunity_gap,equalized_odds_gap",1.6557500057388097
adversarial,10005,10,joint_dirichlet_0.3,submitted,random_weights,B0,2,5,True,1484,371,True,False,0.4609164420485175,0.403613683127572,0.00855723224144267,0.18763693270735526,0.18763693270735526,0.5585817691080849,,1.1034169874619693
adversarial,10005,10,joint_dirichlet_0.3,submitted,random_weights,B0,2,6,False,456,115,True,False,0.9130434782608695,0.4772727272727273,,,,,"comparison_groups,subgroup_accuracy_gap",0.9086249920073897
adversarial,10005,10,joint_dirichlet_0.3,submitted,random_weights,B0,2,7,False,884,222,True,False,0.9684684684684685,0.6030651340996169,,,,,"comparison_groups,subgroup_accuracy_gap",0.9187909890897572
adversarial,10005,10,joint_dirichlet_0.3,submitted,random_weights,B0,2,8,False,1020,255,True,False,0.41568627450980394,0.3814407814407814,0.011558481322718861,,,0.2832976117575015,"equal_opportunity_gap,equalized_odds_gap",0.982708006631583
adversarial,10005,10,joint_dirichlet_0.3,submitted,random_weights,B0,2,9,True,2508,628,True,False,0.4538216560509554,0.31709482187411825,,,,,"comparison_groups,subgroup_accuracy_gap",1.4027080032974482
adversarial,10005,10,joint_dirichlet_0.3,submitted,random_weights,B0,3,0,False,3128,783,True,False,0.4878671775223499,0.47716990400386317,,,,,"comparison_groups,subgroup_accuracy_gap",1.563333993544802
adversarial,10005,10,joint_dirichlet_0.3,submitted,random_weights,B0,3,1,False,2354,589,True,False,0.6196943972835314,0.40652776278383534,0.08137254901960789,0.75,0.75,0.05354358610914245,,1.349041995126754
adversarial,10005,10,joint_dirichlet_0.3,submitted,random_weights,B0,3,2,False,58,15,False,False,,,,,,,,0.014458986697718501
adversarial,10005,10,joint_dirichlet_0.3,submitted,random_weights,B0,3,3,False,5356,1340,True,True,0.6440298507462686,0.40151181049278506,0.055509248233706454,0.4166666666666667,0.4166666666666667,0.05543978725093279,,2.2375000116880983
adversarial,10005,10,joint_dirichlet_0.3,submitted,random_weights,B0,3,4,False,3256,815,True,False,0.5202453987730061,0.5119902479214811,0.0836803262211756,,,0.12244780748355977,"equal_opportunity_gap,equalized_odds_gap",1.6595420020166785
adversarial,10005,10,joint_dirichlet_0.3,submitted,random_weights,B0,3,5,True,1484,371,True,False,0.5902964959568733,0.5861805800164377,0.23687277634646053,0.2283255086071988,0.4972677595628415,0.23426573426573427,,1.4292910054791719
adversarial,10005,10,joint_dirichlet_0.3,submitted,random_weights,B0,3,6,False,456,115,True,False,0.8608695652173913,0.5178197064989518,,,,,"comparison_groups,subgroup_accuracy_gap",0.7961670053191483
adversarial,10005,10,joint_dirichlet_0.3,submitted,random_weights,B0,3,7,False,884,222,True,False,0.8918918918918919,0.5425824175824175,,,,,"comparison_groups,subgroup_accuracy_gap",0.8627090137451887
adversarial,10005,10,joint_dirichlet_0.3,submitted,random_weights,B0,3,8,False,1020,255,True,False,0.44313725490196076,0.4431286909448819,0.16740661359461118,,,0.14566748315982853,"equal_opportunity_gap,equalized_odds_gap",0.9210419957526028
adversarial,10005,10,joint_dirichlet_0.3,submitted,random_weights,B0,3,9,True,2508,628,True,False,0.5812101910828026,0.3779204001461377,,,,,"comparison_groups,subgroup_accuracy_gap",1.3484999944921583
adversarial,10005,10,joint_dirichlet_0.3,submitted,random_weights,B0,4,0,False,3128,783,True,False,0.6704980842911877,0.5347014925373135,,,,,"comparison_groups,subgroup_accuracy_gap",1.7586670001037419
adversarial,10005,10,joint_dirichlet_0.3,submitted,random_weights,B0,4,1,False,2354,589,True,True,0.8641765704584041,0.475698771586256,0.05978029766123316,0.125,0.125,0.06136309945665008,,1.361624978017062
adversarial,10005,10,joint_dirichlet_0.3,submitted,random_weights,B0,4,2,False,58,15,False,False,,,,,,,,0.014250021195039153
adversarial,10005,10,joint_dirichlet_0.3,submitted,random_weights,B0,4,3,False,5356,1340,True,True,0.8985074626865671,0.4875140607424072,0.005924029530840674,0.16666666666666666,0.16666666666666666,0.0009327617686750722,,2.2029170067980886
adversarial,10005,10,joint_dirichlet_0.3,submitted,random_weights,B0,4,4,False,3256,815,True,False,0.5312883435582823,0.48555461551680834,0.030583235218102994,,,0.29799270597019206,"equal_opportunity_gap,equalized_odds_gap",1.5644580125808716
adversarial,10005,10,joint_dirichlet_0.3,submitted,random_weights,B0,4,5,True,1484,371,True,False,0.5498652291105122,0.5130583085108891,0.09550975340449028,0.037245696400626,0.16939890710382513,0.42819899398846767,,1.0904170048888773
adversarial,10005,10,joint_dirichlet_0.3,submitted,random_weights,B0,4,6,False,456,115,True,False,0.4956521739130435,0.39451706608569354,,,,,"comparison_groups,subgroup_accuracy_gap",0.7439580222126096
adversarial,10005,10,joint_dirichlet_0.3,submitted,random_weights,B0,4,7,False,884,222,True,False,0.5045045045045045,0.36518664864302797,,,,,"comparison_groups,subgroup_accuracy_gap",0.9261249797418714
adversarial,10005,10,joint_dirichlet_0.3,submitted,random_weights,B0,4,8,False,1020,255,True,False,0.5333333333333333,0.4734421905637787,0.01477342314758115,,,0.3734690753214942,"equal_opportunity_gap,equalized_odds_gap",1.1552500072866678
adversarial,10005,10,joint_dirichlet_0.3,submitted,random_weights,B0,4,9,True,2508,628,True,False,0.8423566878980892,0.46704384724186704,,,,,"comparison_groups,subgroup_accuracy_gap",1.424291986040771
adversarial,10005,10,joint_dirichlet_0.3,submitted,random_weights,B0,5,0,False,3128,783,True,False,0.5734355044699873,0.4661596119929453,,,,,"comparison_groups,subgroup_accuracy_gap",1.5474159736186266
adversarial,10005,10,joint_dirichlet_0.3,submitted,random_weights,B0,5,1,False,2354,589,True,True,0.7640067911714771,0.45340988750542444,0.02939995275218521,0.375,0.375,0.019218048665249232,,1.4068329764995724
adversarial,10005,10,joint_dirichlet_0.3,submitted,random_weights,B0,5,2,False,58,15,False,False,,,,,,,,0.014625024050474167
adversarial,10005,10,joint_dirichlet_0.3,submitted,random_weights,B0,5,3,False,5356,1340,True,True,0.7813432835820896,0.44525687706552164,0.03538540922441852,0.16666666666666666,0.16666666666666666,0.04224220052393424,,2.5207500148098916
adversarial,10005,10,joint_dirichlet_0.3,submitted,random_weights,B0,5,4,False,3256,815,True,False,0.48098159509202454,0.4549839457047053,0.10122620107400282,,,0.13275708583407514,"equal_opportunity_gap,equalized_odds_gap",1.6151249874383211
adversarial,10005,10,joint_dirichlet_0.3,submitted,random_weights,B0,5,5,True,1484,371,True,False,0.49595687331536387,0.48941321930863946,0.037173352962826645,0.09029733959311426,0.6174863387978142,0.15841614525825048,,1.0828750091604888
adversarial,10005,10,joint_dirichlet_0.3,submitted,random_weights,B0,5,6,False,456,115,True,False,0.5043478260869565,0.3888111888111888,,,,,"comparison_groups,subgroup_accuracy_gap",0.8275419822894037
adversarial,10005,10,joint_dirichlet_0.3,submitted,random_weights,B0,5,7,False,884,222,True,False,0.509009009009009,0.3675213675213675,,,,,"comparison_groups,subgroup_accuracy_gap",0.8989580092020333
adversarial,10005,10,joint_dirichlet_0.3,submitted,random_weights,B0,5,8,False,1020,255,True,False,0.4980392156862745,0.46964773170414664,0.014161053276178837,,,0.24670851194121246,"equal_opportunity_gap,equalized_odds_gap",0.9507919894531369
adversarial,10005,10,joint_dirichlet_0.3,submitted,random_weights,B0,5,9,True,2508,628,True,False,0.7770700636942676,0.45748488214241634,,,,,"comparison_groups,subgroup_accuracy_gap",1.6437500016763806
adversarial,10005,10,joint_dirichlet_0.3,submitted,none,B6,1,0,False,3128,783,True,False,0.7471264367816092,0.5060723843507072,,,,,"comparison_groups,subgroup_accuracy_gap",2.1297909843269736
adversarial,10005,10,joint_dirichlet_0.3,submitted,none,B6,1,1,False,2354,589,True,True,0.9796264855687606,0.49485420240137223,0.0,0.0,0.0,0.007465154736593482,,1.494124997407198
adversarial,10005,10,joint_dirichlet_0.3,submitted,none,B6,1,2,False,58,15,False,False,,,,,,,,0.016125006368383765
adversarial,10005,10,joint_dirichlet_0.3,submitted,none,B6,1,3,False,5356,1340,True,True,0.9902985074626866,0.4975628046494188,0.0,0.0,0.0,0.011381678177343812,,2.284958987729624
adversarial,10005,10,joint_dirichlet_0.3,submitted,none,B6,1,4,False,3256,815,True,False,0.7705521472392638,0.7699981135634786,0.42473365304540106,,,0.02640496223760158,"equal_opportunity_gap,equalized_odds_gap",1.6517089970875531
adversarial,10005,10,joint_dirichlet_0.3,submitted,none,B6,1,5,False,1484,371,True,False,0.862533692722372,0.8615033268187707,0.6229297018770703,0.09812206572769955,0.7868852459016393,0.15541037909458955,,1.1122089927084744
adversarial,10005,10,joint_dirichlet_0.3,submitted,none,B6,1,6,False,456,115,True,False,0.9391304347826087,0.484304932735426,,,,,"comparison_groups,subgroup_accuracy_gap",1.1279160098638386
adversarial,10005,10,joint_dirichlet_0.3,submitted,none,B6,1,7,False,884,222,True,False,0.9819819819819819,0.4954545454545455,,,,,"comparison_groups,subgroup_accuracy_gap",0.9347920131403953
adversarial,10005,10,joint_dirichlet_0.3,submitted,none,B6,1,8,False,1020,255,True,False,0.807843137254902,0.8066537717601547,0.3734690753214942,,,0.0069657072872014725,"equal_opportunity_gap,equalized_odds_gap",1.003707991912961
adversarial,10005,10,joint_dirichlet_0.3,submitted,none,B6,1,9,False,2508,628,True,False,0.982484076433121,0.4955823293172691,,,,,"comparison_groups,subgroup_accuracy_gap",1.43087501055561
adversarial,10005,10,joint_dirichlet_0.3,submitted,none,B6,2,0,False,3128,783,True,False,0.7752234993614304,0.6295563536268037,,,,,"comparison_groups,subgroup_accuracy_gap",1.8504580075386912
adversarial,10005,10,joint_dirichlet_0.3,submitted,none,B6,2,1,False,2354,589,True,True,0.9796264855687606,0.49485420240137223,0.0,0.0,0.0,0.007465154736593482,,1.3480409979820251
adversarial,10005,10,joint_dirichlet_0.3,submitted,none,B6,2,2,False,58,15,False,False,,,,,,,,0.014708988601341844
adversarial,10005,10,joint_dirichlet_0.3,submitted,none,B6,2,3,False,5356,1340,True,True,0.9888059701492538,0.4971857410881801,0.001061760736683337,0.0,0.0010510132069765097,0.010319917440660409,,2.2227090084925294
adversarial,10005,10,joint_dirichlet_0.3,submitted,none,B6,2,4,False,3256,815,True,False,0.7705521472392638,0.7699411738955199,0.38073974097579183,,,0.09661717830169714,"equal_opportunity_gap,equalized_odds_gap",1.5977919974830002
adversarial,10005,10,joint_dirichlet_0.3,submitted,none,B6,2,5,False,1484,371,True,False,0.8571428571428571,0.8571054830856437,0.6004171267329163,0.08732394366197183,0.15300546448087432,0.05039258986627404,,1.0845420183613896
adversarial,10005,10,joint_dirichlet_0.3,submitted,none,B6,2,6,False,456,115,True,False,0.9391304347826087,0.5952740070387129,,,,,"comparison_groups,subgroup_accuracy_gap",0.7864579965826124
adversarial,10005,10,joint_dirichlet_0.3,submitted,none,B6,2,7,False,884,222,True,False,0.9864864864864865,0.6965831435079727,,,,,"comparison_groups,subgroup_accuracy_gap",0.868332979734987
adversarial,10005,10,joint_dirichlet_0.3,submitted,none,B6,2,8,False,1020,255,True,True,0.7568627450980392,0.7536769288296148,0.2659981628903858,,,0.0051285976729944505,"equal_opportunity_gap,equalized_odds_gap",1.0335000115446746
adversarial,10005,10,joint_dirichlet_0.3,submitted,none,B6,2,9,False,2508,628,True,False,0.982484076433121,0.4955823293172691,,,,,"comparison_groups,subgroup_accuracy_gap",1.505749998614192
adversarial,10005,10,joint_dirichlet_0.3,submitted,none,B6,3,0,False,3128,783,True,False,0.7841634738186463,0.6719097502014504,,,,,"comparison_groups,subgroup_accuracy_gap",1.5364999999292195
adversarial,10005,10,joint_dirichlet_0.3,submitted,none,B6,3,1,False,2354,589,True,True,0.9762308998302207,0.5564759036144578,0.011764705882352941,0.125,0.125,0.013347507677769932,,1.3661249831784517
adversarial,10005,10,joint_dirichlet_0.3,submitted,none,B6,3,2,False,58,15,False,False,,,,,,,,0.014040997484698892
adversarial,10005,10,joint_dirichlet_0.3,submitted,none,B6,3,3,False,5356,1340,True,True,0.9902985074626866,0.6554520461243301,0.003463126141144717,0.25,0.25,0.00805747400174639,,2.4441250134259462
adversarial,10005,10,joint_dirichlet_0.3,submitted,none,B6,3,4,False,3256,815,True,False,0.7693251533742331,0.7678484848484848,0.36040835080263045,,,0.1097119719725469,"equal_opportunity_gap,equalized_odds_gap",1.6184579872060567
adversarial,10005,10,joint_dirichlet_0.3,submitted,none,B6,3,5,False,1484,371,True,False,0.8355795148247979,0.8355364994004578,0.5620169304379832,0.07543035993740221,0.14207650273224043,0.005551466077781897,,1.081583002815023
adversarial,10005,10,joint_dirichlet_0.3,submitted,none,B6,3,6,False,456,115,True,False,0.9565217391304348,0.7613117476131175,,,,,"comparison_groups,subgroup_accuracy_gap",0.8268750098068267
adversarial,10005,10,joint_dirichlet_0.3,submitted,none,B6,3,7,False,884,222,True,False,0.9864864864864865,0.7822817914351095,,,,,"comparison_groups,subgroup_accuracy_gap",0.9035419789142907
adversarial,10005,10,joint_dirichlet_0.3,submitted,none,B6,3,8,False,1020,255,True,True,0.7450980392156863,0.7415204678362572,0.24104409063074095,,,0.0019136558481323007,"equal_opportunity_gap,equalized_odds_gap",0.9800000116229057
adversarial,10005,10,joint_dirichlet_0.3,submitted,none,B6,3,9,False,2508,628,True,False,0.9808917197452229,0.5665976535541752,,,,,"comparison_groups,subgroup_accuracy_gap",1.529582979856059
adversarial,10005,10,joint_dirichlet_0.3,submitted,none,B6,4,0,False,3128,783,True,False,0.7752234993614304,0.6748768472906403,,,,,"comparison_groups,subgroup_accuracy_gap",1.5925419866107404
adversarial,10005,10,joint_dirichlet_0.3,submitted,none,B6,4,1,False,2354,589,True,True,0.966044142614601,0.5746678220681687,0.028336876919442477,0.25,0.25,0.024037325773682894,,1.3395420101005584
adversarial,10005,10,joint_dirichlet_0.3,submitted,none,B6,4,2,False,58,15,False,False,,,,,,,,0.013500015484169126
adversarial,10005,10,joint_dirichlet_0.3,submitted,none,B6,4,3,False,5356,1340,True,True,0.982089552238806,0.6204682779456193,0.001776216559498292,0.3333333333333333,0.3333333333333333,0.0005556878621894024,,2.1779579983558506
adversarial,10005,10,joint_dirichlet_0.3,submitted,none,B6,4,4,False,3256,815,True,False,0.7693251533742331,0.7674595080255457,0.34926628952129335,,,0.1097119719725469,"equal_opportunity_gap,equalized_odds_gap",1.6370840021409094
adversarial,10005,10,joint_dirichlet_0.3,submitted,none,B6,4,5,False,1484,371,True,False,0.8140161725067385,0.8138213924667448,0.5200588884799411,0.05539906103286385,0.14754098360655737,0.03873757821126245,,1.266500010387972
adversarial,10005,10,joint_dirichlet_0.3,submitted,none,B6,4,6,False,456,115,True,False,0.9478260869565217,0.7362385321100917,,,,,"comparison_groups,subgroup_accuracy_gap",0.7948330021463335
adversarial,10005,10,joint_dirichlet_0.3,submitted,none,B6,4,7,False,884,222,True,False,0.9864864864864865,0.8298850574712644,,,,,"comparison_groups,subgroup_accuracy_gap",0.8605000039096922
adversarial,10005,10,joint_dirichlet_0.3,submitted,none,B6,4,8,False,1020,255,True,True,0.7450980392156863,0.7415204678362572,0.24104409063074095,,,0.0019136558481323007,"equal_opportunity_gap,equalized_odds_gap",0.9178330074064434
adversarial,10005,10,joint_dirichlet_0.3,submitted,none,B6,4,9,False,2508,628,True,False,0.9729299363057324,0.5457601157299068,,,,,"comparison_groups,subgroup_accuracy_gap",1.3765420007985085
adversarial,10005,10,joint_dirichlet_0.3,submitted,none,B6,5,0,False,3128,783,True,False,0.7854406130268199,0.7027388592605983,,,,,"comparison_groups,subgroup_accuracy_gap",1.7935830110218376
adversarial,10005,10,joint_dirichlet_0.3,submitted,none,B6,5,1,False,2354,589,True,True,0.9558573853989814,0.6062834224598931,0.05774864162532483,0.5,0.5,0.041684384597212354,,1.351124985376373
adversarial,10005,10,joint_dirichlet_0.3,submitted,none,B6,5,2,False,58,15,False,False,,,,,,,,0.014582998119294643
adversarial,10005,10,joint_dirichlet_0.3,submitted,none,B6,5,3,False,5356,1340,True,True,0.9738805970149254,0.5863869266520271,0.009278002699055328,0.3333333333333333,0.3333333333333333,0.006946098277367585,,2.176665992010385
adversarial,10005,10,joint_dirichlet_0.3,submitted,none,B6,5,4,False,3256,815,True,False,0.7668711656441718,0.764545421370183,0.33812422823995636,,,0.11249748729288123,"equal_opportunity_gap,equalized_odds_gap",1.5891249931883067
adversarial,10005,10,joint_dirichlet_0.3,submitted,none,B6,5,5,False,1484,371,True,False,0.8032345013477089,0.8028678531135132,0.5034658324132008,0.05649452269170574,0.14754098360655737,0.055330634278002666,,1.0939580097328871
adversarial,10005,10,joint_dirichlet_0.3,submitted,none,B6,5,6,False,456,115,True,False,0.9478260869565217,0.7362385321100917,,,,,"comparison_groups,subgroup_accuracy_gap",0.8397909987252206
adversarial,10005,10,joint_dirichlet_0.3,submitted,none,B6,5,7,False,884,222,True,False,0.972972972972973,0.7430555555555556,,,,,"comparison_groups,subgroup_accuracy_gap",1.127124996855855
adversarial,10005,10,joint_dirichlet_0.3,submitted,none,B6,5,8,False,1020,255,True,True,0.7450980392156863,0.7415204678362572,0.24104409063074095,,,0.0019136558481323007,"equal_opportunity_gap,equalized_odds_gap",0.9466669871471822
adversarial,10005,10,joint_dirichlet_0.3,submitted,none,B6,5,9,False,2508,628,True,False,0.9665605095541401,0.5349624457844071,,,,,"comparison_groups,subgroup_accuracy_gap",1.3468340039253235
adversarial,10005,10,joint_dirichlet_0.3,submitted,label_flip,B6,1,0,False,3128,783,True,False,0.7471264367816092,0.5060723843507072,,,,,"comparison_groups,subgroup_accuracy_gap",1.7037079960573465
adversarial,10005,10,joint_dirichlet_0.3,submitted,label_flip,B6,1,1,False,2354,589,True,True,0.9796264855687606,0.49485420240137223,0.0,0.0,0.0,0.007465154736593482,,1.3949999993201345
adversarial,10005,10,joint_dirichlet_0.3,submitted,label_flip,B6,1,2,False,58,15,False,False,,,,,,,,0.014249992091208696
adversarial,10005,10,joint_dirichlet_0.3,submitted,label_flip,B6,1,3,False,5356,1340,True,True,0.9902985074626866,0.4975628046494188,0.0,0.0,0.0,0.011381678177343812,,2.263166999910027
adversarial,10005,10,joint_dirichlet_0.3,submitted,label_flip,B6,1,4,False,3256,815,True,False,0.7705521472392638,0.7699981135634786,0.42473365304540106,,,0.02640496223760158,"equal_opportunity_gap,equalized_odds_gap",1.96358299581334
adversarial,10005,10,joint_dirichlet_0.3,submitted,label_flip,B6,1,5,True,1484,371,True,False,0.13746630727762804,0.13216374269005848,0.6229297018770703,0.09812206572769952,0.7868852459016393,0.15541037909458963,,1.130374992499128
adversarial,10005,10,joint_dirichlet_0.3,submitted,label_flip,B6,1,6,False,456,115,True,False,0.9391304347826087,0.484304932735426,,,,,"comparison_groups,subgroup_accuracy_gap",0.8853329927660525
adversarial,10005,10,joint_dirichlet_0.3,submitted,label_flip,B6,1,7,False,884,222,True,False,0.9819819819819819,0.4954545454545455,,,,,"comparison_groups,subgroup_accuracy_gap",0.9100830066017807
adversarial,10005,10,joint_dirichlet_0.3,submitted,label_flip,B6,1,8,False,1020,255,True,False,0.807843137254902,0.8066537717601547,0.3734690753214942,,,0.0069657072872014725,"equal_opportunity_gap,equalized_odds_gap",0.9647080150898546
adversarial,10005,10,joint_dirichlet_0.3,submitted,label_flip,B6,1,9,True,2508,628,True,False,0.01751592356687898,0.017214397496087636,,,,,"comparison_groups,subgroup_accuracy_gap",1.4299579779617488
adversarial,10005,10,joint_dirichlet_0.3,submitted,label_flip,B6,2,0,False,3128,783,True,False,0.7752234993614304,0.6275862068965516,,,,,"comparison_groups,subgroup_accuracy_gap",1.6067500109784305
adversarial,10005,10,joint_dirichlet_0.3,submitted,label_flip,B6,2,1,False,2354,589,True,True,0.9796264855687606,0.49485420240137223,0.0,0.0,0.0,0.007465154736593482,,1.3187080039642751
adversarial,10005,10,joint_dirichlet_0.3,submitted,label_flip,B6,2,2,False,58,15,False,False,,,,,,,,0.014291988918557763
adversarial,10005,10,joint_dirichlet_0.3,submitted,label_flip,B6,2,3,False,5356,1340,True,True,0.9888059701492538,0.4971857410881801,0.001061760736683337,0.0,0.0010510132069765097,0.010319917440660409,,2.15108398697339
adversarial,10005,10,joint_dirichlet_0.3,submitted,label_flip,B6,2,4,False,3256,815,True,False,0.7656441717791411,0.7654732794870288,0.37348878614708675,,,0.06708210091031785,"equal_opportunity_gap,equalized_odds_gap",1.6000000177882612
adversarial,10005,10,joint_dirichlet_0.3,submitted,label_flip,B6,2,5,True,1484,371,True,False,0.20754716981132076,0.18083093006488823,0.5017789228315545,0.08184663536776213,0.6120218579234973,0.31496135443503864,,1.0848749952856451
adversarial,10005,10,joint_dirichlet_0.3,submitted,label_flip,B6,2,6,False,456,115,True,False,0.9391304347826087,0.5952740070387129,,,,,"comparison_groups,subgroup_accuracy_gap",0.9141670016106218
adversarial,10005,10,joint_dirichlet_0.3,submitted,label_flip,B6,2,7,False,884,222,True,False,0.9864864864864865,0.6965831435079727,,,,,"comparison_groups,subgroup_accuracy_gap",0.8604589966125786
adversarial,10005,10,joint_dirichlet_0.3,submitted,label_flip,B6,2,8,False,1020,255,True,True,0.7607843137254902,0.7586463715495974,0.2736527862829149,,,0.019825474586650293,"equal_opportunity_gap,equalized_odds_gap",0.9239579958375543
adversarial,10005,10,joint_dirichlet_0.3,submitted,label_flip,B6,2,9,True,2508,628,True,False,0.01751592356687898,0.017214397496087636,,,,,"comparison_groups,subgroup_accuracy_gap",1.345333002973348
adversarial,10005,10,joint_dirichlet_0.3,submitted,label_flip,B6,3,0,False,3128,783,True,False,0.7828863346104725,0.6736540158870257,,,,,"comparison_groups,subgroup_accuracy_gap",1.5791670011822134
adversarial,10005,10,joint_dirichlet_0.3,submitted,label_flip,B6,3,1,False,2354,589,True,True,0.9762308998302207,0.5564759036144578,0.011764705882352941,0.125,0.125,0.013347507677769932,,1.555249997181818
adversarial,10005,10,joint_dirichlet_0.3,submitted,label_flip,B6,3,2,False,58,15,False,False,,,,,,,,0.016542006051167846
adversarial,10005,10,joint_dirichlet_0.3,submitted,label_flip,B6,3,3,False,5356,1340,True,True,0.9895522388059701,0.6084815093079556,0.002331904421687704,0.16666666666666666,0.16666666666666666,0.0091886957212034,,2.206916979048401
adversarial,10005,10,joint_dirichlet_0.3,submitted,label_flip,B6,3,4,False,3256,815,True,False,0.7570552147239263,0.7564388176483373,0.3470263906039112,,,0.07683140453148773,"equal_opportunity_gap,equalized_odds_gap",1.6460829938296229
adversarial,10005,10,joint_dirichlet_0.3,submitted,label_flip,B6,3,5,True,1484,371,True,False,0.4636118598382749,0.385868887095835,0.171175315912158,0.2981220657276995,0.2981220657276995,0.6861121334805546,,1.0939589992631227
adversarial,10005,10,joint_dirichlet_0.3,submitted,label_flip,B6,3,6,False,456,115,True,False,0.9391304347826087,0.5952740070387129,,,,,"comparison_groups,subgroup_accuracy_gap",0.836874998640269
adversarial,10005,10,joint_dirichlet_0.3,submitted,label_flip,B6,3,7,False,884,222,True,False,0.9819819819819819,0.6621004566210046,,,,,"comparison_groups,subgroup_accuracy_gap",0.8827089914120734
adversarial,10005,10,joint_dirichlet_0.3,submitted,label_flip,B6,3,8,False,1020,255,True,True,0.7568627450980392,0.7545031055900622,0.2682180036742192,,,0.014390691977954728,"equal_opportunity_gap,equalized_odds_gap",1.1771249992307276
adversarial,10005,10,joint_dirichlet_0.3,submitted,label_flip,B6,3,9,True,2508,628,True,False,0.022292993630573247,0.022134307161696086,,,,,"comparison_groups,subgroup_accuracy_gap",1.4190829824656248
adversarial,10005,10,joint_dirichlet_0.3,submitted,label_flip,B6,4,0,False,3128,783,True,False,0.7777777777777778,0.6798825187969926,,,,,"comparison_groups,subgroup_accuracy_gap",1.514458010205999
adversarial,10005,10,joint_dirichlet_0.3,submitted,label_flip,B6,4,1,False,2354,589,True,True,0.966044142614601,0.5746678220681687,0.028336876919442477,0.25,0.25,0.024037325773682894,,1.3615000061690807
adversarial,10005,10,joint_dirichlet_0.3,submitted,label_flip,B6,4,2,False,58,15,False,False,,,,,,,,0.013625016435980797
adversarial,10005,10,joint_dirichlet_0.3,submitted,label_flip,B6,4,3,False,5356,1340,True,True,0.9850746268656716,0.6390864037922861,0.0036715090894657455,0.3333333333333333,0.3333333333333333,0.006003413511153521,,2.4578329757787287
adversarial,10005,10,joint_dirichlet_0.3,submitted,label_flip,B6,4,4,False,3256,815,True,False,0.7558282208588957,0.7548301565634349,0.3434080923527554,,,0.0899261982023376,"equal_opportunity_gap,equalized_odds_gap",1.6187500150408596
adversarial,10005,10,joint_dirichlet_0.3,submitted,label_flip,B6,4,5,True,1484,371,True,False,0.5822102425876011,0.5560864899915856,0.020120230646546444,0.2879499217527387,0.2879499217527387,0.5035885167464115,,1.1334999871905893
adversarial,10005,10,joint_dirichlet_0.3,submitted,label_flip,B6,4,6,False,456,115,True,False,0.9478260869565217,0.7362385321100917,,,,,"comparison_groups,subgroup_accuracy_gap",0.780791015131399
adversarial,10005,10,joint_dirichlet_0.3,submitted,label_flip,B6,4,7,False,884,222,True,False,0.9819819819819819,0.7454128440366973,,,,,"comparison_groups,subgroup_accuracy_gap",0.8579579880461097
adversarial,10005,10,joint_dirichlet_0.3,submitted,label_flip,B6,4,8,False,1020,255,True,True,0.7411764705882353,0.7386645962732918,0.24869871402327004,,,0.012170851194121202,"equal_opportunity_gap,equalized_odds_gap",0.9287499997299165
adversarial,10005,10,joint_dirichlet_0.3,submitted,label_flip,B6,4,9,True,2508,628,True,False,0.07165605095541401,0.07040916073174137,,,,,"comparison_groups,subgroup_accuracy_gap",1.3639589888043702
adversarial,10005,10,joint_dirichlet_0.3,submitted,label_flip,B6,5,0,False,3128,783,True,False,0.7803320561941252,0.6945180373085578,,,,,"comparison_groups,subgroup_accuracy_gap",1.5300000086426735
adversarial,10005,10,joint_dirichlet_0.3,submitted,label_flip,B6,5,1,False,2354,589,True,True,0.9575551782682513,0.6102950906444355,0.04785022442712025,0.5,0.5,0.03178596739900785,,1.3379169977270067
adversarial,10005,10,joint_dirichlet_0.3,submitted,label_flip,B6,5,2,False,58,15,False,False,,,,,,,,0.013666984159499407
adversarial,10005,10,joint_dirichlet_0.3,submitted,label_flip,B6,5,3,False,5356,1340,True,True,0.9708955223880597,0.5946291857678077,0.005814876557910614,0.4166666666666667,0.4166666666666667,0.0057454155751369695,,2.1929579961579293
adversarial,10005,10,joint_dirichlet_0.3,submitted,label_flip,B6,5,4,False,3256,815,True,False,0.7533742331288343,0.7520302743614002,0.3322660310714183,,,0.09271171352267182,"equal_opportunity_gap,equalized_odds_gap",1.7911670147441328
adversarial,10005,10,joint_dirichlet_0.3,submitted,label_flip,B6,5,5,True,1484,371,True,True,0.6253369272237197,0.6106736525815926,0.12323641271009689,0.19749608763693266,0.19749608763693266,0.39170040485829954,,1.1781249777413905
adversarial,10005,10,joint_dirichlet_0.3,submitted,label_flip,B6,5,6,False,456,115,True,False,0.9478260869565217,0.7362385321100917,,,,,"comparison_groups,subgroup_accuracy_gap",0.7902499928604811
adversarial,10005,10,joint_dirichlet_0.3,submitted,label_flip,B6,5,7,False,884,222,True,False,0.9819819819819819,0.7953917050691244,,,,,"comparison_groups,subgroup_accuracy_gap",0.8610000077169389
adversarial,10005,10,joint_dirichlet_0.3,submitted,label_flip,B6,5,8,False,1020,255,True,True,0.7411764705882353,0.7386645962732918,0.24869871402327004,,,0.012170851194121202,"equal_opportunity_gap,equalized_odds_gap",0.91758300550282
adversarial,10005,10,joint_dirichlet_0.3,submitted,label_flip,B6,5,9,True,2508,628,True,False,0.14171974522292993,0.13183805896459302,,,,,"comparison_groups,subgroup_accuracy_gap",1.4496250078082085
adversarial,10005,10,joint_dirichlet_0.3,submitted,sign_flip,B6,1,0,False,3128,783,True,False,0.7471264367816092,0.5060723843507072,,,,,"comparison_groups,subgroup_accuracy_gap",1.6875839792191982
adversarial,10005,10,joint_dirichlet_0.3,submitted,sign_flip,B6,1,1,False,2354,589,True,True,0.9796264855687606,0.49485420240137223,0.0,0.0,0.0,0.007465154736593482,,1.397165993694216
adversarial,10005,10,joint_dirichlet_0.3,submitted,sign_flip,B6,1,2,False,58,15,False,False,,,,,,,,0.014750025002285838
adversarial,10005,10,joint_dirichlet_0.3,submitted,sign_flip,B6,1,3,False,5356,1340,True,True,0.9902985074626866,0.4975628046494188,0.0,0.0,0.0,0.011381678177343812,,2.2532079892698675
adversarial,10005,10,joint_dirichlet_0.3,submitted,sign_flip,B6,1,4,False,3256,815,True,False,0.7705521472392638,0.7699981135634786,0.42473365304540106,,,0.02640496223760158,"equal_opportunity_gap,equalized_odds_gap",1.8599169852677733
adversarial,10005,10,joint_dirichlet_0.3,submitted,sign_flip,B6,1,5,True,1484,371,True,False,0.862533692722372,0.8615033268187707,0.6229297018770703,0.09812206572769955,0.7868852459016393,0.15541037909458955,,1.1811250005848706
adversarial,10005,10,joint_dirichlet_0.3,submitted,sign_flip,B6,1,6,False,456,115,True,False,0.9391304347826087,0.484304932735426,,,,,"comparison_groups,subgroup_accuracy_gap",0.807875010650605
adversarial,10005,10,joint_dirichlet_0.3,submitted,sign_flip,B6,1,7,False,884,222,True,False,0.9819819819819819,0.4954545454545455,,,,,"comparison_groups,subgroup_accuracy_gap",0.8792080043349415
adversarial,10005,10,joint_dirichlet_0.3,submitted,sign_flip,B6,1,8,False,1020,255,True,False,0.807843137254902,0.8066537717601547,0.3734690753214942,,,0.0069657072872014725,"equal_opportunity_gap,equalized_odds_gap",0.9271670132875443
adversarial,10005,10,joint_dirichlet_0.3,submitted,sign_flip,B6,1,9,True,2508,628,True,False,0.982484076433121,0.4955823293172691,,,,,"comparison_groups,subgroup_accuracy_gap",1.367124990792945
adversarial,10005,10,joint_dirichlet_0.3,submitted,sign_flip,B6,2,0,False,3128,783,True,False,0.7752234993614304,0.6275862068965516,,,,,"comparison_groups,subgroup_accuracy_gap",1.5372500056400895
adversarial,10005,10,joint_dirichlet_0.3,submitted,sign_flip,B6,2,1,False,2354,589,True,True,0.9796264855687606,0.49485420240137223,0.0,0.0,0.0,0.007465154736593482,,1.3271660136524588
adversarial,10005,10,joint_dirichlet_0.3,submitted,sign_flip,B6,2,2,False,58,15,False,False,,,,,,,,0.014374993043020368
adversarial,10005,10,joint_dirichlet_0.3,submitted,sign_flip,B6,2,3,False,5356,1340,True,True,0.9888059701492538,0.4971857410881801,0.001061760736683337,0.0,0.0010510132069765097,0.010319917440660409,,2.1617919846903533
adversarial,10005,10,joint_dirichlet_0.3,submitted,sign_flip,B6,2,4,False,3256,815,True,False,0.7656441717791411,0.7654732794870288,0.37348878614708675,,,0.06708210091031785,"equal_opportunity_gap,equalized_odds_gap",1.6000000177882612
adversarial,10005,10,joint_dirichlet_0.3,submitted,sign_flip,B6,2,5,True,1484,371,True,False,0.8490566037735849,0.8487390063486516,0.5863084284136916,0.08622848200312994,0.1912568306010929,0.09768740031897927,,1.3842499756719917
adversarial,10005,10,joint_dirichlet_0.3,submitted,sign_flip,B6,2,6,False,456,115,True,False,0.9391304347826087,0.5952740070387129,,,,,"comparison_groups,subgroup_accuracy_gap",0.8322920184582472
adversarial,10005,10,joint_dirichlet_0.3,submitted,sign_flip,B6,2,7,False,884,222,True,False,0.9864864864864865,0.6965831435079727,,,,,"comparison_groups,subgroup_accuracy_gap",0.8681250037625432
adversarial,10005,10,joint_dirichlet_0.3,submitted,sign_flip,B6,2,8,False,1020,255,True,True,0.7607843137254902,0.7586463715495974,0.2736527862829149,,,0.019825474586650293,"equal_opportunity_gap,equalized_odds_gap",0.9272500174120069
adversarial,10005,10,joint_dirichlet_0.3,submitted,sign_flip,B6,2,9,True,2508,628,True,False,0.982484076433121,0.4955823293172691,,,,,"comparison_groups,subgroup_accuracy_gap",1.3765829789917916
adversarial,10005,10,joint_dirichlet_0.3,submitted,sign_flip,B6,3,0,False,3128,783,True,False,0.7803320561941252,0.66532474503489,,,,,"comparison_groups,subgroup_accuracy_gap",1.57966700498946
adversarial,10005,10,joint_dirichlet_0.3,submitted,sign_flip,B6,3,1,False,2354,589,True,True,0.9762308998302207,0.5564759036144578,0.011764705882352941,0.125,0.125,0.013347507677769932,,1.4774999872315675
adversarial,10005,10,joint_dirichlet_0.3,submitted,sign_flip,B6,3,2,False,58,15,False,False,,,,,,,,0.015291996533051133
adversarial,10005,10,joint_dirichlet_0.3,submitted,sign_flip,B6,3,3,False,5356,1340,True,True,0.9888059701492538,0.5560071568995604,0.00120068270223069,0.08333333333333333,0.08333333333333333,0.010319917440660409,,2.1958329889457673
adversarial,10005,10,joint_dirichlet_0.3,submitted,sign_flip,B6,3,4,False,3256,815,True,False,0.7595092024539877,0.7587737843551797,0.34145535996324267,,,0.07404588921115351,"equal_opportunity_gap,equalized_odds_gap",1.6216670046560466
adversarial,10005,10,joint_dirichlet_0.3,submitted,sign_flip,B6,3,5,True,1484,371,True,False,0.8301886792452831,0.8301689373297003,0.5409152251257514,0.04507042253521121,0.17486338797814208,0.02597840755735492,,1.0793330147862434
adversarial,10005,10,joint_dirichlet_0.3,submitted,sign_flip,B6,3,6,False,456,115,True,False,0.9391304347826087,0.5952740070387129,,,,,"comparison_groups,subgroup_accuracy_gap",0.7987499993760139
adversarial,10005,10,joint_dirichlet_0.3,submitted,sign_flip,B6,3,7,False,884,222,True,False,0.9819819819819819,0.6621004566210046,,,,,"comparison_groups,subgroup_accuracy_gap",0.8597909763921052
adversarial,10005,10,joint_dirichlet_0.3,submitted,sign_flip,B6,3,8,False,1020,255,True,True,0.7568627450980392,0.7545031055900622,0.2682180036742192,,,0.014390691977954728,"equal_opportunity_gap,equalized_odds_gap",1.121040986618027
adversarial,10005,10,joint_dirichlet_0.3,submitted,sign_flip,B6,3,9,True,2508,628,True,False,0.982484076433121,0.572498298162015,,,,,"comparison_groups,subgroup_accuracy_gap",1.3588329893536866
adversarial,10005,10,joint_dirichlet_0.3,submitted,sign_flip,B6,4,0,False,3128,783,True,False,0.7790549169859514,0.6757220659524807,,,,,"comparison_groups,subgroup_accuracy_gap",1.510833011707291
adversarial,10005,10,joint_dirichlet_0.3,submitted,sign_flip,B6,4,1,False,2354,589,True,True,0.9745331069609507,0.5523635810913513,0.014705882352941176,0.125,0.125,0.016288684148358157,,1.3434579886961728
adversarial,10005,10,joint_dirichlet_0.3,submitted,sign_flip,B6,4,2,False,58,15,False,False,,,,,,,,0.014124991139397025
adversarial,10005,10,joint_dirichlet_0.3,submitted,sign_flip,B6,4,3,False,5356,1340,True,True,0.9880597014925373,0.6636546184738956,0.002470826387235057,0.3333333333333333,0.3333333333333333,0.004802730808922684,,2.4263749946840107
adversarial,10005,10,joint_dirichlet_0.3,submitted,sign_flip,B6,4,4,False,3256,815,True,False,0.758282208588957,0.7571355747864508,0.32613502570140424,,,0.07543864687132062,"equal_opportunity_gap,equalized_odds_gap",1.610083010746166
adversarial,10005,10,joint_dirichlet_0.3,submitted,sign_flip,B6,4,5,True,1484,371,True,False,0.8113207547169812,0.8112864783164748,0.5121150779045516,0.04726134585289521,0.16939890710382513,0.011593669488406344,,1.0848339879885316
adversarial,10005,10,joint_dirichlet_0.3,submitted,sign_flip,B6,4,6,False,456,115,True,False,0.9478260869565217,0.7362385321100917,,,,,"comparison_groups,subgroup_accuracy_gap",0.7687089964747429
adversarial,10005,10,joint_dirichlet_0.3,submitted,sign_flip,B6,4,7,False,884,222,True,False,0.9864864864864865,0.8298850574712644,,,,,"comparison_groups,subgroup_accuracy_gap",0.8452499751001596
adversarial,10005,10,joint_dirichlet_0.3,submitted,sign_flip,B6,4,8,False,1020,255,True,True,0.7450980392156863,0.7424202396307635,0.24326393141457447,,,0.017605633802816878,"equal_opportunity_gap,equalized_odds_gap",0.9245000255759805
adversarial,10005,10,joint_dirichlet_0.3,submitted,sign_flip,B6,4,9,True,2508,628,True,False,0.9792993630573248,0.5614289551437013,,,,,"comparison_groups,subgroup_accuracy_gap",1.3352499809116125
adversarial,10005,10,joint_dirichlet_0.3,submitted,sign_flip,B6,5,0,False,3128,783,True,False,0.7777777777777778,0.6849633726737948,,,,,"comparison_groups,subgroup_accuracy_gap",1.514125004177913
adversarial,10005,10,joint_dirichlet_0.3,submitted,sign_flip,B6,5,1,False,2354,589,True,True,0.9592529711375212,0.5609937888198758,0.04010158280179542,0.25,0.25,0.035802031656035904,,1.3165409909561276
adversarial,10005,10,joint_dirichlet_0.3,submitted,sign_flip,B6,5,2,False,58,15,False,False,,,,,,,,0.013458018656820059
adversarial,10005,10,joint_dirichlet_0.3,submitted,sign_flip,B6,5,3,False,5356,1340,True,True,0.9753731343283583,0.5913086072884223,0.0015678336111772627,0.3333333333333333,0.3333333333333333,0.0007640708105104421,,2.1592919947579503
adversarial,10005,10,joint_dirichlet_0.3,submitted,sign_flip,B6,5,4,False,3256,815,True,False,0.7533742331288343,0.7518439577718901,0.3149929644200672,,,0.08100967751198918,"equal_opportunity_gap,equalized_odds_gap",1.7106249870266765
adversarial,10005,10,joint_dirichlet_0.3,submitted,sign_flip,B6,5,5,True,1484,371,True,False,0.7978436657681941,0.7976966868061159,0.4885290148448044,0.04131455399061035,0.16939890710382513,0.03517973254815354,,1.3244999863673002
adversarial,10005,10,joint_dirichlet_0.3,submitted,sign_flip,B6,5,6,False,456,115,True,False,0.9478260869565217,0.7362385321100917,,,,,"comparison_groups,subgroup_accuracy_gap",0.8550000202376395
adversarial,10005,10,joint_dirichlet_0.3,submitted,sign_flip,B6,5,7,False,884,222,True,False,0.9819819819819819,0.7953917050691244,,,,,"comparison_groups,subgroup_accuracy_gap",0.9070829837583005
adversarial,10005,10,joint_dirichlet_0.3,submitted,sign_flip,B6,5,8,False,1020,255,True,True,0.7372549019607844,0.7340483491850999,0.23239436619718312,,,0.006736068585425525,"equal_opportunity_gap,equalized_odds_gap",0.9641670039854944
adversarial,10005,10,joint_dirichlet_0.3,submitted,sign_flip,B6,5,9,True,2508,628,True,False,0.9617834394904459,0.5287054409005628,,,,,"comparison_groups,subgroup_accuracy_gap",1.4307080127764493
adversarial,10005,10,joint_dirichlet_0.3,submitted,random_weights,B6,1,0,False,3128,783,True,False,0.7471264367816092,0.5060723843507072,,,,,"comparison_groups,subgroup_accuracy_gap",1.7860409861896187
adversarial,10005,10,joint_dirichlet_0.3,submitted,random_weights,B6,1,1,False,2354,589,True,True,0.9796264855687606,0.49485420240137223,0.0,0.0,0.0,0.007465154736593482,,1.8420419946778566
adversarial,10005,10,joint_dirichlet_0.3,submitted,random_weights,B6,1,2,False,58,15,False,False,,,,,,,,0.021875021047890186
adversarial,10005,10,joint_dirichlet_0.3,submitted,random_weights,B6,1,3,False,5356,1340,True,True,0.9902985074626866,0.4975628046494188,0.0,0.0,0.0,0.011381678177343812,,2.2628330043517053
adversarial,10005,10,joint_dirichlet_0.3,submitted,random_weights,B6,1,4,False,3256,815,True,False,0.7705521472392638,0.7699981135634786,0.42473365304540106,,,0.02640496223760158,"equal_opportunity_gap,equalized_odds_gap",1.6432080010417849
adversarial,10005,10,joint_dirichlet_0.3,submitted,random_weights,B6,1,5,True,1484,371,True,False,0.862533692722372,0.8615033268187707,0.6229297018770703,0.09812206572769955,0.7868852459016393,0.15541037909458955,,1.1603329912759364
adversarial,10005,10,joint_dirichlet_0.3,submitted,random_weights,B6,1,6,False,456,115,True,False,0.9391304347826087,0.484304932735426,,,,,"comparison_groups,subgroup_accuracy_gap",0.9395840170327574
adversarial,10005,10,joint_dirichlet_0.3,submitted,random_weights,B6,1,7,False,884,222,True,False,0.9819819819819819,0.4954545454545455,,,,,"comparison_groups,subgroup_accuracy_gap",1.1782909859903157
adversarial,10005,10,joint_dirichlet_0.3,submitted,random_weights,B6,1,8,False,1020,255,True,False,0.807843137254902,0.8066537717601547,0.3734690753214942,,,0.0069657072872014725,"equal_opportunity_gap,equalized_odds_gap",0.9734169871080667
adversarial,10005,10,joint_dirichlet_0.3,submitted,random_weights,B6,1,9,True,2508,628,True,False,0.982484076433121,0.4955823293172691,,,,,"comparison_groups,subgroup_accuracy_gap",1.3689170009456575
adversarial,10005,10,joint_dirichlet_0.3,submitted,random_weights,B6,2,0,False,3128,783,True,False,0.7650063856960408,0.5930261463017785,,,,,"comparison_groups,subgroup_accuracy_gap",1.6601249808445573
adversarial,10005,10,joint_dirichlet_0.3,submitted,random_weights,B6,2,1,False,2354,589,True,True,0.9796264855687606,0.49485420240137223,0.0,0.0,0.0,0.007465154736593482,,1.4210829976946115
adversarial,10005,10,joint_dirichlet_0.3,submitted,random_weights,B6,2,2,False,58,15,False,False,,,,,,,,0.014874996850267053
adversarial,10005,10,joint_dirichlet_0.3,submitted,random_weights,B6,2,3,False,5356,1340,True,True,0.9895522388059701,0.4973743435858965,0.0011312217194570137,0.0,0.0011467889908256881,0.012512899896800822,,2.476082998327911
adversarial,10005,10,joint_dirichlet_0.3,submitted,random_weights,B6,2,4,False,3256,815,True,False,0.7607361963190185,0.7593434699060089,0.31777847974040146,,,0.0726531315509864,"equal_opportunity_gap,equalized_odds_gap",1.649374986300245
adversarial,10005,10,joint_dirichlet_0.3,submitted,random_weights,B6,2,5,True,1484,371,True,False,0.8409703504043127,0.8409657286921395,0.5724450987608882,0.08137715179968696,0.15846994535519127,0.031192491718807447,,1.1024579871445894
adversarial,10005,10,joint_dirichlet_0.3,submitted,random_weights,B6,2,6,False,456,115,True,False,0.9391304347826087,0.5952740070387129,,,,,"comparison_groups,subgroup_accuracy_gap",0.8360409992747009
adversarial,10005,10,joint_dirichlet_0.3,submitted,random_weights,B6,2,7,False,884,222,True,False,0.9864864864864865,0.6965831435079727,,,,,"comparison_groups,subgroup_accuracy_gap",0.901999999769032
adversarial,10005,10,joint_dirichlet_0.3,submitted,random_weights,B6,2,8,False,1020,255,True,False,0.7607843137254902,0.7564546180463135,0.31690140845070425,,,0.0777709736680956,"equal_opportunity_gap,equalized_odds_gap",0.9377920068800449
adversarial,10005,10,joint_dirichlet_0.3,submitted,random_weights,B6,2,9,True,2508,628,True,False,0.982484076433121,0.4955823293172691,,,,,"comparison_groups,subgroup_accuracy_gap",1.8072089878842235
adversarial,10005,10,joint_dirichlet_0.3,submitted,random_weights,B6,3,0,False,3128,783,True,False,0.7816091954022989,0.6739001775498126,,,,,"comparison_groups,subgroup_accuracy_gap",1.6218329838011414
adversarial,10005,10,joint_dirichlet_0.3,submitted,random_weights,B6,3,1,False,2354,589,True,True,0.9762308998302207,0.5564759036144578,0.011764705882352941,0.125,0.125,0.013347507677769932,,1.4067080046515912
adversarial,10005,10,joint_dirichlet_0.3,submitted,random_weights,B6,3,2,False,58,15,False,False,,,,,,,,0.015958998119458556
adversarial,10005,10,joint_dirichlet_0.3,submitted,random_weights,B6,3,3,False,5356,1340,True,True,0.9895522388059701,0.6084815093079556,0.002331904421687704,0.16666666666666666,0.16666666666666666,0.0091886957212034,,2.288791991304606
adversarial,10005,10,joint_dirichlet_0.3,submitted,random_weights,B6,3,4,False,3256,815,True,False,0.7607361963190185,0.7596811777852713,0.3640266490537863,,,0.10775923958303413,"equal_opportunity_gap,equalized_odds_gap",1.6525000100955367
adversarial,10005,10,joint_dirichlet_0.3,submitted,random_weights,B6,3,5,True,1484,371,True,False,0.8247978436657682,0.8247774750227066,0.541866028708134,0.06838810641627546,0.15846994535519127,0.000613421666053271,,1.1144170130137354
adversarial,10005,10,joint_dirichlet_0.3,submitted,random_weights,B6,3,6,False,456,115,True,False,0.9565217391304348,0.7613117476131175,,,,,"comparison_groups,subgroup_accuracy_gap",0.9876669791992754
adversarial,10005,10,joint_dirichlet_0.3,submitted,random_weights,B6,3,7,False,884,222,True,False,0.9819819819819819,0.6621004566210046,,,,,"comparison_groups,subgroup_accuracy_gap",1.0027500102296472
adversarial,10005,10,joint_dirichlet_0.3,submitted,random_weights,B6,3,8,False,1020,255,True,True,0.7333333333333333,0.7293331668331668,0.23560930802204533,,,0.01821800367421922,"equal_opportunity_gap,equalized_odds_gap",0.9752920013852417
adversarial,10005,10,joint_dirichlet_0.3,submitted,random_weights,B6,3,9,True,2508,628,True,False,0.9808917197452229,0.5665976535541752,,,,,"comparison_groups,subgroup_accuracy_gap",1.347625016933307
adversarial,10005,10,joint_dirichlet_0.3,submitted,random_weights,B6,4,0,False,3128,783,True,False,0.7854406130268199,0.6685413642960814,,,,,"comparison_groups,subgroup_accuracy_gap",1.5973339905031025
adversarial,10005,10,joint_dirichlet_0.3,submitted,random_weights,B6,4,1,False,2354,589,True,True,0.9762308998302207,0.5564759036144578,0.011764705882352941,0.125,0.125,0.013347507677769932,,1.351499988231808
adversarial,10005,10,joint_dirichlet_0.3,submitted,random_weights,B6,4,2,False,58,15,False,False,,,,,,,,0.016375008272007108
adversarial,10005,10,joint_dirichlet_0.3,submitted,random_weights,B6,4,3,False,5356,1340,True,True,0.9902985074626866,0.6554520461243301,0.003463126141144717,0.25,0.25,0.00805747400174639,,2.2674999781884253
adversarial,10005,10,joint_dirichlet_0.3,submitted,random_weights,B6,4,4,False,3256,815,True,False,0.7460122699386503,0.738060525322912,0.33508026304453953,,,0.21808861959050052,"equal_opportunity_gap,equalized_odds_gap",1.734874997055158
adversarial,10005,10,joint_dirichlet_0.3,submitted,random_weights,B6,4,5,True,1484,371,True,False,0.7789757412398922,0.7767553129036046,0.4931603484235063,0.12644757433489828,0.12644757433489828,0.11826769721506569,,1.35704199783504
adversarial,10005,10,joint_dirichlet_0.3,submitted,random_weights,B6,4,6,False,456,115,True,False,0.9478260869565217,0.7362385321100917,,,,,"comparison_groups,subgroup_accuracy_gap",0.846957991598174
adversarial,10005,10,joint_dirichlet_0.3,submitted,random_weights,B6,4,7,False,884,222,True,False,0.9684684684684685,0.7226485811172586,,,,,"comparison_groups,subgroup_accuracy_gap",0.8952920034062117
adversarial,10005,10,joint_dirichlet_0.3,submitted,random_weights,B6,4,8,False,1020,255,True,True,0.7372549019607844,0.7249190938511327,0.2667636252296387,,,0.16893753827311697,"equal_opportunity_gap,equalized_odds_gap",0.9407500037923455
adversarial,10005,10,joint_dirichlet_0.3,submitted,random_weights,B6,4,9,True,2508,628,True,False,0.9777070063694268,0.5568548387096774,,,,,"comparison_groups,subgroup_accuracy_gap",1.3422919728327543
adversarial,10005,10,joint_dirichlet_0.3,submitted,random_weights,B6,5,0,False,3128,783,True,False,0.7816091954022989,0.6710027446538223,,,,,"comparison_groups,subgroup_accuracy_gap",1.7879169899970293
adversarial,10005,10,joint_dirichlet_0.3,submitted,random_weights,B6,5,1,False,2354,589,True,True,0.967741935483871,0.5787314135140222,0.03235294117647059,0.25,0.25,0.028053390030711056,,1.3807080104015768
adversarial,10005,10,joint_dirichlet_0.3,submitted,random_weights,B6,5,2,False,58,15,False,False,,,,,,,,0.014874996850267053
adversarial,10005,10,joint_dirichlet_0.3,submitted,random_weights,B6,5,3,False,5356,1340,True,True,0.9828358208955223,0.624690997211364,0.0004167658966420587,0.3333333333333333,0.3333333333333333,0.0027486703183298156,,2.232291008112952
adversarial,10005,10,joint_dirichlet_0.3,submitted,random_weights,B6,5,4,False,3256,815,True,False,0.7398773006134969,0.7316147231335123,0.31028343336300723,,,0.201648335869971,"equal_opportunity_gap,equalized_odds_gap",1.6166669956874102
adversarial,10005,10,joint_dirichlet_0.3,submitted,random_weights,B6,5,5,True,1484,371,True,False,0.7735849056603774,0.7713103205353997,0.4817813765182186,0.11940532081377153,0.12021857923497267,0.12087473929579196,,1.368583005387336
adversarial,10005,10,joint_dirichlet_0.3,submitted,random_weights,B6,5,6,False,456,115,True,False,0.9304347826086956,0.7313084112149533,,,,,"comparison_groups,subgroup_accuracy_gap",0.9072909888345748
adversarial,10005,10,joint_dirichlet_0.3,submitted,random_weights,B6,5,7,False,884,222,True,False,0.954954954954955,0.6758177570093458,,,,,"comparison_groups,subgroup_accuracy_gap",0.9253339958377182
adversarial,10005,10,joint_dirichlet_0.3,submitted,random_weights,B6,5,8,False,1020,255,True,True,0.7333333333333333,0.7222222222222222,0.24402939375382732,,,0.1353337415799143,"equal_opportunity_gap,equalized_odds_gap",0.945082982070744
adversarial,10005,10,joint_dirichlet_0.3,submitted,random_weights,B6,5,9,True,2508,628,True,False,0.9729299363057324,0.5457601157299068,,,,,"comparison_groups,subgroup_accuracy_gap",1.355459011392668
