scenario_id,seed,partition,method,round,client_id,train_samples,evaluation_samples,valid_update,approved,accuracy,macro_f1,demographic_parity_gap,equal_opportunity_gap,equalized_odds_gap,subgroup_accuracy_gap,undefined_metrics,runtime_ms
compas_core,3001,iid,B0,1,0,296,74,True,False,0.7297297297297297,0.7279411764705883,0.48660714285714285,0.3388888888888888,0.5,0.019345238095238138,,0.9835000091698021
compas_core,3001,iid,B0,1,1,296,74,True,False,0.6621621621621622,0.6433391170233276,0.29848484848484846,0.33333333333333337,0.33333333333333337,0.17575757575757578,,0.697499985108152
compas_core,3001,iid,B0,1,2,296,74,True,True,0.6621621621621622,0.6186353329210472,0.21818181818181825,0.12128146453089239,0.2943722943722944,0.007575757575757569,,0.6645410030614585
compas_core,3001,iid,B0,1,3,296,74,True,False,0.6891891891891891,0.6718719876614614,0.3187739463601533,0.018716577540106916,0.6123188405797101,0.22605363984674332,,0.6618339975830168
compas_core,3001,iid,B0,1,4,295,74,True,True,0.7162162162162162,0.7071791972866026,0.08734693877551014,0.11304347826086947,0.21538461538461534,0.11510204081632647,,0.6854170060250908
compas_core,3001,iid,B0,1,5,295,74,True,False,0.6351351351351351,0.6334617501375894,0.29347826086956524,0.19345238095238093,0.3466666666666666,0.045031055900621175,,0.6422910082619637
compas_core,3001,iid,B0,1,6,295,74,True,True,0.6216216216216216,0.5771428571428572,0.20833333333333337,0.17620137299771166,0.17620137299771166,0.17113095238095233,,0.63233298715204
compas_core,3001,iid,B0,1,7,295,74,True,True,0.6351351351351351,0.5961188599151,0.15327380952380953,0.25,0.25,0.09226190476190477,,0.6333329947665334
compas_core,3001,iid,B0,1,8,295,74,True,True,0.7432432432432432,0.7409250046065966,0.25137903861308114,0.014005602240896309,0.3692307692307692,0.12056737588652489,,0.659875018754974
compas_core,3001,iid,B0,1,9,295,74,True,True,0.6216216216216216,0.6145833333333333,0.2639751552795031,0.34659090909090906,0.34659090909090906,0.14906832298136652,,0.6390839989762753
compas_core,3001,iid,B0,2,0,296,74,True,False,0.7297297297297297,0.7247023809523809,0.3913690476190476,0.22777777777777775,0.41666666666666663,0.019345238095238138,,0.6412089860532433
compas_core,3001,iid,B0,2,1,296,74,True,False,0.6621621621621622,0.6433391170233276,0.29848484848484846,0.33333333333333337,0.33333333333333337,0.17575757575757578,,0.6355420046020299
compas_core,3001,iid,B0,2,2,296,74,True,True,0.6216216216216216,0.5771428571428572,0.18484848484848493,0.11212814645308922,0.24675324675324684,0.019696969696969657,,0.6602909998036921
compas_core,3001,iid,B0,2,3,296,74,True,False,0.7162162162162162,0.7004048582995952,0.3754789272030651,0.07754010695187163,0.6557971014492754,0.21379310344827596,,0.6707079883199185
compas_core,3001,iid,B0,2,4,295,74,True,True,0.7297297297297297,0.7196969696969697,0.12734693877551018,0.046376811594202816,0.21538461538461534,0.07510204081632643,,0.6904579931870103
compas_core,3001,iid,B0,2,5,295,74,True,False,0.6216216216216216,0.6171470805617147,0.2857142857142857,0.14583333333333337,0.39,0.08074534161490687,,0.6821250135544688
compas_core,3001,iid,B0,2,6,295,74,True,True,0.6351351351351351,0.6031777557100297,0.27976190476190477,0.22883295194508002,0.2560386473429952,0.1473214285714286,,0.6244170072022825
compas_core,3001,iid,B0,2,7,295,74,True,True,0.6351351351351351,0.6031777557100297,0.2008928571428571,0.29166666666666663,0.29166666666666663,0.09226190476190477,,0.8149589993990958
compas_core,3001,iid,B0,2,8,295,74,True,True,0.7027027027027027,0.6946736684171042,0.20330969267139476,0.07282913165266103,0.21538461538461534,0.0015760441292356209,,0.642833998426795
compas_core,3001,iid,B0,2,9,295,74,True,False,0.6081081081081081,0.5956284153005464,0.1987577639751552,0.30113636363636365,0.30113636363636365,0.1708074534161491,,0.6344580033328384
compas_core,3001,iid,B0,3,0,296,74,True,False,0.7297297297297297,0.7247023809523809,0.3913690476190476,0.22777777777777775,0.41666666666666663,0.019345238095238138,,0.6419999990612268
compas_core,3001,iid,B0,3,1,296,74,True,True,0.6756756756756757,0.6597701149425287,0.26515151515151514,0.33333333333333337,0.33333333333333337,0.2090909090909091,,0.6272089958656579
compas_core,3001,iid,B0,3,2,296,74,True,True,0.6351351351351351,0.5961188599151,0.1515151515151516,0.11212814645308922,0.1558441558441559,0.05303030303030298,,0.6308750016614795
compas_core,3001,iid,B0,3,3,296,74,True,False,0.7297297297297297,0.7127329192546584,0.4099616858237548,0.13636363636363635,0.6557971014492754,0.17931034482758623,,0.6313750054687262
compas_core,3001,iid,B0,3,4,295,74,True,True,0.7162162162162162,0.7040563702151971,0.10693877551020414,0.046376811594202816,0.1769230769230769,0.0546938775510204,,0.6372499919962138
compas_core,3001,iid,B0,3,5,295,74,True,False,0.6081081081081081,0.5956284153005464,0.2919254658385093,0.1607142857142857,0.39333333333333337,0.05900621118012428,,0.6284170085564256
compas_core,3001,iid,B0,3,6,295,74,True,True,0.6351351351351351,0.6093841642228739,0.2723214285714286,0.18535469107551483,0.2995169082125604,0.09226190476190477,,0.630208000075072
compas_core,3001,iid,B0,3,7,295,74,True,True,0.6486486486486487,0.6209613869188337,0.22470238095238093,0.29166666666666663,0.29166666666666663,0.06845238095238093,,0.6770409818273038
compas_core,3001,iid,B0,3,8,295,74,True,True,0.6756756756756757,0.6636363636363636,0.21907013396375097,0.07282913165266103,0.2769230769230769,0.014184397163120588,,0.6324160203803331
compas_core,3001,iid,B0,3,9,295,74,True,False,0.5945945945945946,0.5795454545454546,0.2344720496894409,0.30113636363636365,0.30113636363636365,0.13509316770186341,,0.6217079935595393
compas_core,3001,iid,B0,4,0,296,74,True,False,0.7297297297297297,0.7247023809523809,0.3913690476190476,0.22777777777777775,0.41666666666666663,0.019345238095238138,,0.6335829966701567
compas_core,3001,iid,B0,4,1,296,74,True,True,0.6891891891891891,0.6718719876614614,0.24242424242424243,0.2857142857142857,0.2857142857142857,0.1863636363636364,,0.6297499930951744
compas_core,3001,iid,B0,4,2,296,74,True,True,0.6486486486486487,0.6145833333333333,0.11818181818181828,0.11212814645308922,0.11212814645308922,0.08636363636363631,,0.6266249984037131
compas_core,3001,iid,B0,4,3,296,74,True,False,0.7297297297297297,0.7127329192546584,0.4099616858237548,0.13636363636363635,0.6557971014492754,0.17931034482758623,,0.6206249818205833
compas_core,3001,iid,B0,4,4,295,74,True,True,0.7162162162162162,0.7040563702151971,0.10693877551020414,0.046376811594202816,0.1769230769230769,0.0546938775510204,,0.6256670167203993
compas_core,3001,iid,B0,4,5,295,74,True,True,0.6351351351351351,0.6195010474195392,0.248447204968944,0.06547619047619047,0.39333333333333337,0.10248447204968947,,0.6287499854806811
compas_core,3001,iid,B0,4,6,295,74,True,True,0.6351351351351351,0.6093841642228739,0.2723214285714286,0.18535469107551483,0.2995169082125604,0.09226190476190477,,0.6263329996727407
compas_core,3001,iid,B0,4,7,295,74,True,True,0.6621621621621622,0.6383186705767351,0.24851190476190477,0.29166666666666663,0.29166666666666663,0.044642857142857095,,0.629457994364202
compas_core,3001,iid,B0,4,8,295,74,True,True,0.6756756756756757,0.6636363636363636,0.21907013396375097,0.07282913165266103,0.2769230769230769,0.014184397163120588,,0.6351250049192458
compas_core,3001,iid,B0,4,9,295,74,True,False,0.581081081081081,0.5631308322224339,0.2701863354037266,0.30113636363636365,0.30113636363636365,0.09937888198757772,,0.6520420138258487
compas_core,3001,iid,B0,5,0,296,74,True,False,0.7297297297297297,0.7247023809523809,0.3913690476190476,0.22777777777777775,0.41666666666666663,0.019345238095238138,,0.6440420111175627
compas_core,3001,iid,B0,5,1,296,74,True,True,0.7027027027027027,0.6916666666666667,0.25454545454545463,0.23308270676691722,0.23308270676691722,0.10757575757575766,,0.6322499830275774
compas_core,3001,iid,B0,5,2,296,74,True,True,0.6486486486486487,0.6145833333333333,0.11818181818181828,0.11212814645308922,0.11212814645308922,0.08636363636363631,,0.6359580147545785
compas_core,3001,iid,B0,5,3,296,74,True,False,0.7297297297297297,0.7127329192546584,0.4099616858237548,0.13636363636363635,0.6557971014492754,0.17931034482758623,,0.6269169971346855
compas_core,3001,iid,B0,5,4,295,74,True,True,0.7162162162162162,0.7040563702151971,0.10693877551020414,0.046376811594202816,0.1769230769230769,0.0546938775510204,,0.6285829877015203
compas_core,3001,iid,B0,5,5,295,74,True,True,0.6351351351351351,0.6195010474195392,0.248447204968944,0.06547619047619047,0.39333333333333337,0.10248447204968947,,0.6389580084942281
compas_core,3001,iid,B0,5,6,295,74,True,False,0.6486486486486487,0.6265527950310559,0.29613095238095233,0.18535469107551483,0.34299516908212563,0.06845238095238093,,0.6259169895201921
compas_core,3001,iid,B0,5,7,295,74,True,True,0.6621621621621622,0.6433391170233276,0.2410714285714286,0.33333333333333337,0.33333333333333337,0.09970238095238093,,0.6276670028455555
compas_core,3001,iid,B0,5,8,295,74,True,True,0.6756756756756757,0.6636363636363636,0.21907013396375097,0.07282913165266103,0.2769230769230769,0.014184397163120588,,0.6325830181594938
compas_core,3001,iid,B0,5,9,295,74,True,False,0.581081081081081,0.5631308322224339,0.2701863354037266,0.30113636363636365,0.30113636363636365,0.09937888198757772,,0.6257079949136823
compas_core,3001,iid,B1,1,0,296,74,True,False,0.7297297297297297,0.7279411764705883,0.48660714285714285,0.3388888888888888,0.5,0.019345238095238138,,0.7461660134140402
compas_core,3001,iid,B1,1,1,296,74,True,False,0.6621621621621622,0.6433391170233276,0.29848484848484846,0.33333333333333337,0.33333333333333337,0.17575757575757578,,0.6635830213781446
compas_core,3001,iid,B1,1,2,296,74,True,True,0.6621621621621622,0.6186353329210472,0.21818181818181825,0.12128146453089239,0.2943722943722944,0.007575757575757569,,0.6770000036340207
compas_core,3001,iid,B1,1,3,296,74,True,False,0.6891891891891891,0.6718719876614614,0.3187739463601533,0.018716577540106916,0.6123188405797101,0.22605363984674332,,0.6391250062733889
compas_core,3001,iid,B1,1,4,295,74,True,True,0.7162162162162162,0.7071791972866026,0.08734693877551014,0.11304347826086947,0.21538461538461534,0.11510204081632647,,0.6652080046478659
compas_core,3001,iid,B1,1,5,295,74,True,False,0.6351351351351351,0.6334617501375894,0.29347826086956524,0.19345238095238093,0.3466666666666666,0.045031055900621175,,0.635582982795313
compas_core,3001,iid,B1,1,6,295,74,True,True,0.6216216216216216,0.5771428571428572,0.20833333333333337,0.17620137299771166,0.17620137299771166,0.17113095238095233,,0.6672080198768526
compas_core,3001,iid,B1,1,7,295,74,True,True,0.6351351351351351,0.5961188599151,0.15327380952380953,0.25,0.25,0.09226190476190477,,0.6314159836620092
compas_core,3001,iid,B1,1,8,295,74,True,True,0.7432432432432432,0.7409250046065966,0.25137903861308114,0.014005602240896309,0.3692307692307692,0.12056737588652489,,0.6303339905571193
compas_core,3001,iid,B1,1,9,295,74,True,True,0.6216216216216216,0.6145833333333333,0.2639751552795031,0.34659090909090906,0.34659090909090906,0.14906832298136652,,0.6258749926928431
compas_core,3001,iid,B1,2,0,296,74,True,False,0.7297297297297297,0.7247023809523809,0.3913690476190476,0.22777777777777775,0.41666666666666663,0.019345238095238138,,0.6364999862853438
compas_core,3001,iid,B1,2,1,296,74,True,False,0.6621621621621622,0.6433391170233276,0.29848484848484846,0.33333333333333337,0.33333333333333337,0.17575757575757578,,0.6268330034799874
compas_core,3001,iid,B1,2,2,296,74,True,True,0.6216216216216216,0.5771428571428572,0.18484848484848493,0.11212814645308922,0.24675324675324684,0.019696969696969657,,0.6209170096553862
compas_core,3001,iid,B1,2,3,296,74,True,False,0.7162162162162162,0.7004048582995952,0.3754789272030651,0.07754010695187163,0.6557971014492754,0.21379310344827596,,0.6276670028455555
compas_core,3001,iid,B1,2,4,295,74,True,True,0.7297297297297297,0.7196969696969697,0.12734693877551018,0.046376811594202816,0.21538461538461534,0.07510204081632643,,0.6177499890327454
compas_core,3001,iid,B1,2,5,295,74,True,False,0.6216216216216216,0.6171470805617147,0.2857142857142857,0.14583333333333337,0.39,0.08074534161490687,,0.6255000189412385
compas_core,3001,iid,B1,2,6,295,74,True,True,0.6351351351351351,0.6031777557100297,0.27976190476190477,0.22883295194508002,0.2560386473429952,0.1473214285714286,,0.6259579968173057
compas_core,3001,iid,B1,2,7,295,74,True,True,0.6351351351351351,0.6031777557100297,0.2008928571428571,0.29166666666666663,0.29166666666666663,0.09226190476190477,,0.639915990177542
compas_core,3001,iid,B1,2,8,295,74,True,True,0.7027027027027027,0.6946736684171042,0.20330969267139476,0.07282913165266103,0.21538461538461534,0.0015760441292356209,,0.6384580046869814
compas_core,3001,iid,B1,2,9,295,74,True,False,0.6081081081081081,0.5956284153005464,0.1987577639751552,0.30113636363636365,0.30113636363636365,0.1708074534161491,,0.6327499868348241
compas_core,3001,iid,B1,3,0,296,74,True,False,0.7297297297297297,0.7247023809523809,0.3913690476190476,0.22777777777777775,0.41666666666666663,0.019345238095238138,,0.6301669927779585
compas_core,3001,iid,B1,3,1,296,74,True,True,0.6756756756756757,0.6597701149425287,0.26515151515151514,0.33333333333333337,0.33333333333333337,0.2090909090909091,,0.6365840090438724
compas_core,3001,iid,B1,3,2,296,74,True,True,0.6351351351351351,0.5961188599151,0.1515151515151516,0.11212814645308922,0.1558441558441559,0.05303030303030298,,0.6263329996727407
compas_core,3001,iid,B1,3,3,296,74,True,False,0.7297297297297297,0.7127329192546584,0.4099616858237548,0.13636363636363635,0.6557971014492754,0.17931034482758623,,0.6200000061653554
compas_core,3001,iid,B1,3,4,295,74,True,True,0.7162162162162162,0.7040563702151971,0.10693877551020414,0.046376811594202816,0.1769230769230769,0.0546938775510204,,0.6349169998429716
compas_core,3001,iid,B1,3,5,295,74,True,False,0.6081081081081081,0.5956284153005464,0.2919254658385093,0.1607142857142857,0.39333333333333337,0.05900621118012428,,0.6242079834919423
compas_core,3001,iid,B1,3,6,295,74,True,True,0.6351351351351351,0.6093841642228739,0.2723214285714286,0.18535469107551483,0.2995169082125604,0.09226190476190477,,0.618207996012643
compas_core,3001,iid,B1,3,7,295,74,True,True,0.6486486486486487,0.6209613869188337,0.22470238095238093,0.29166666666666663,0.29166666666666663,0.06845238095238093,,0.6247920100577176
compas_core,3001,iid,B1,3,8,295,74,True,True,0.6756756756756757,0.6636363636363636,0.21907013396375097,0.07282913165266103,0.2769230769230769,0.014184397163120588,,0.621499988483265
compas_core,3001,iid,B1,3,9,295,74,True,False,0.5945945945945946,0.5795454545454546,0.2344720496894409,0.30113636363636365,0.30113636363636365,0.13509316770186341,,0.6249580183066428
compas_core,3001,iid,B1,4,0,296,74,True,False,0.7297297297297297,0.7247023809523809,0.3913690476190476,0.22777777777777775,0.41666666666666663,0.019345238095238138,,0.6356660160236061
compas_core,3001,iid,B1,4,1,296,74,True,True,0.6891891891891891,0.6718719876614614,0.24242424242424243,0.2857142857142857,0.2857142857142857,0.1863636363636364,,0.6252920138649642
compas_core,3001,iid,B1,4,2,296,74,True,True,0.6486486486486487,0.6145833333333333,0.11818181818181828,0.11212814645308922,0.11212814645308922,0.08636363636363631,,0.625124986981973
compas_core,3001,iid,B1,4,3,296,74,True,False,0.7297297297297297,0.7127329192546584,0.4099616858237548,0.13636363636363635,0.6557971014492754,0.17931034482758623,,0.6262919923756272
compas_core,3001,iid,B1,4,4,295,74,True,True,0.7162162162162162,0.7040563702151971,0.10693877551020414,0.046376811594202816,0.1769230769230769,0.0546938775510204,,0.6297499930951744
compas_core,3001,iid,B1,4,5,295,74,True,True,0.6351351351351351,0.6195010474195392,0.248447204968944,0.06547619047619047,0.39333333333333337,0.10248447204968947,,0.6270000012591481
compas_core,3001,iid,B1,4,6,295,74,True,True,0.6351351351351351,0.6093841642228739,0.2723214285714286,0.18535469107551483,0.2995169082125604,0.09226190476190477,,0.624332984443754
compas_core,3001,iid,B1,4,7,295,74,True,True,0.6621621621621622,0.6383186705767351,0.24851190476190477,0.29166666666666663,0.29166666666666663,0.044642857142857095,,0.6258749926928431
compas_core,3001,iid,B1,4,8,295,74,True,True,0.6756756756756757,0.6636363636363636,0.21907013396375097,0.07282913165266103,0.2769230769230769,0.014184397163120588,,0.6268330034799874
compas_core,3001,iid,B1,4,9,295,74,True,False,0.581081081081081,0.5631308322224339,0.2701863354037266,0.30113636363636365,0.30113636363636365,0.09937888198757772,,0.637417018879205
compas_core,3001,iid,B1,5,0,296,74,True,False,0.7297297297297297,0.7247023809523809,0.3913690476190476,0.22777777777777775,0.41666666666666663,0.019345238095238138,,0.6324590067379177
compas_core,3001,iid,B1,5,1,296,74,True,True,0.7027027027027027,0.6916666666666667,0.25454545454545463,0.23308270676691722,0.23308270676691722,0.10757575757575766,,0.6425000028684735
compas_core,3001,iid,B1,5,2,296,74,True,True,0.6486486486486487,0.6145833333333333,0.11818181818181828,0.11212814645308922,0.11212814645308922,0.08636363636363631,,0.6312500045169145
compas_core,3001,iid,B1,5,3,296,74,True,False,0.7297297297297297,0.7127329192546584,0.4099616858237548,0.13636363636363635,0.6557971014492754,0.17931034482758623,,0.623999978415668
compas_core,3001,iid,B1,5,4,295,74,True,True,0.7162162162162162,0.7040563702151971,0.10693877551020414,0.046376811594202816,0.1769230769230769,0.0546938775510204,,0.6437080155592412
compas_core,3001,iid,B1,5,5,295,74,True,True,0.6351351351351351,0.6195010474195392,0.248447204968944,0.06547619047619047,0.39333333333333337,0.10248447204968947,,0.636707991361618
compas_core,3001,iid,B1,5,6,295,74,True,False,0.6486486486486487,0.6265527950310559,0.29613095238095233,0.18535469107551483,0.34299516908212563,0.06845238095238093,,0.6298749940469861
compas_core,3001,iid,B1,5,7,295,74,True,True,0.6621621621621622,0.6433391170233276,0.2410714285714286,0.33333333333333337,0.33333333333333337,0.09970238095238093,,0.6295829953160137
compas_core,3001,iid,B1,5,8,295,74,True,True,0.6756756756756757,0.6636363636363636,0.21907013396375097,0.07282913165266103,0.2769230769230769,0.014184397163120588,,0.6380410050041974
compas_core,3001,iid,B1,5,9,295,74,True,False,0.581081081081081,0.5631308322224339,0.2701863354037266,0.30113636363636365,0.30113636363636365,0.09937888198757772,,0.6284170085564256
compas_core,3001,iid,B3,1,0,296,74,True,False,0.7297297297297297,0.7279411764705883,0.48660714285714285,0.3388888888888888,0.5,0.019345238095238138,,0.7715829997323453
compas_core,3001,iid,B3,1,1,296,74,True,False,0.6621621621621622,0.6433391170233276,0.29848484848484846,0.33333333333333337,0.33333333333333337,0.17575757575757578,,0.6750829925294966
compas_core,3001,iid,B3,1,2,296,74,True,True,0.6621621621621622,0.6186353329210472,0.21818181818181825,0.12128146453089239,0.2943722943722944,0.007575757575757569,,0.662417005514726
compas_core,3001,iid,B3,1,3,296,74,True,False,0.6891891891891891,0.6718719876614614,0.3187739463601533,0.018716577540106916,0.6123188405797101,0.22605363984674332,,0.6507500074803829
compas_core,3001,iid,B3,1,4,295,74,True,True,0.7162162162162162,0.7071791972866026,0.08734693877551014,0.11304347826086947,0.21538461538461534,0.11510204081632647,,0.7147910073399544
compas_core,3001,iid,B3,1,5,295,74,True,False,0.6351351351351351,0.6334617501375894,0.29347826086956524,0.19345238095238093,0.3466666666666666,0.045031055900621175,,0.7682919967919588
compas_core,3001,iid,B3,1,6,295,74,True,True,0.6216216216216216,0.5771428571428572,0.20833333333333337,0.17620137299771166,0.17620137299771166,0.17113095238095233,,0.710542022716254
compas_core,3001,iid,B3,1,7,295,74,True,True,0.6351351351351351,0.5961188599151,0.15327380952380953,0.25,0.25,0.09226190476190477,,0.7024999940767884
compas_core,3001,iid,B3,1,8,295,74,True,True,0.7432432432432432,0.7409250046065966,0.25137903861308114,0.014005602240896309,0.3692307692307692,0.12056737588652489,,0.7273750088643283
compas_core,3001,iid,B3,1,9,295,74,True,True,0.6216216216216216,0.6145833333333333,0.2639751552795031,0.34659090909090906,0.34659090909090906,0.14906832298136652,,0.7726670010015368
compas_core,3001,iid,B3,2,0,296,74,True,False,0.7432432432432432,0.7374416433239963,0.4226190476190476,0.2777777777777778,0.41666666666666663,0.011904761904761862,,0.676124996971339
compas_core,3001,iid,B3,2,1,296,74,True,True,0.6756756756756757,0.65527950310559,0.27575757575757576,0.2857142857142857,0.2857142857142857,0.15303030303030307,,0.6624159868806601
compas_core,3001,iid,B3,2,2,296,74,True,True,0.6216216216216216,0.5771428571428572,0.18484848484848493,0.11212814645308922,0.24675324675324684,0.019696969696969657,,0.7085830147843808
compas_core,3001,iid,B3,2,3,296,74,True,False,0.7297297297297297,0.7127329192546584,0.4099616858237548,0.13636363636363635,0.6557971014492754,0.17931034482758623,,0.6377500249072909
compas_core,3001,iid,B3,2,4,295,74,True,True,0.7162162162162162,0.7004048582995952,0.12653061224489803,0.020289855072463836,0.1384615384615384,0.005714285714285672,,0.6402500148396939
compas_core,3001,iid,B3,2,5,295,74,True,True,0.6351351351351351,0.6296570898980538,0.2639751552795031,0.0982142857142857,0.39,0.10248447204968947,,0.725708989193663
compas_core,3001,iid,B3,2,6,295,74,True,True,0.6351351351351351,0.6031777557100297,0.27976190476190477,0.22883295194508002,0.2560386473429952,0.1473214285714286,,0.6784589786548167
compas_core,3001,iid,B3,2,7,295,74,True,True,0.6351351351351351,0.6031777557100297,0.2008928571428571,0.29166666666666663,0.29166666666666663,0.09226190476190477,,0.6317500083241612
compas_core,3001,iid,B3,2,8,295,74,True,True,0.6891891891891891,0.6792915017900886,0.24034672970843174,0.07282913165266103,0.3153846153846153,0.03546099290780147,,0.6502500036731362
compas_core,3001,iid,B3,2,9,295,74,True,False,0.5675675675675675,0.5463601532567051,0.248447204968944,0.30113636363636365,0.30113636363636365,0.12111801242236031,,0.7302500016521662
compas_core,3001,iid,B3,3,0,296,74,True,False,0.7297297297297297,0.7224306076519129,0.39880952380952384,0.2777777777777778,0.37499999999999994,0.0357142857142857,,0.650083995424211
compas_core,3001,iid,B3,3,1,296,74,True,True,0.6756756756756757,0.65527950310559,0.27575757575757576,0.2857142857142857,0.2857142857142857,0.15303030303030307,,0.6804169970564544
compas_core,3001,iid,B3,3,2,296,74,True,True,0.6351351351351351,0.5961188599151,0.1515151515151516,0.11212814645308922,0.1558441558441559,0.05303030303030298,,0.6357920065056533
compas_core,3001,iid,B3,3,3,296,74,True,False,0.7297297297297297,0.7127329192546584,0.4099616858237548,0.13636363636363635,0.6557971014492754,0.17931034482758623,,0.6039590225555003
compas_core,3001,iid,B3,3,4,295,74,True,True,0.7162162162162162,0.7004048582995952,0.12653061224489803,0.020289855072463836,0.1384615384615384,0.005714285714285672,,0.6075410055927932
compas_core,3001,iid,B3,3,5,295,74,True,True,0.6216216216216216,0.6075757575757575,0.2701863354037266,0.11309523809523814,0.39333333333333337,0.08074534161490687,,0.60374999884516
compas_core,3001,iid,B3,3,6,295,74,True,True,0.6351351351351351,0.6093841642228739,0.2723214285714286,0.18535469107551483,0.2995169082125604,0.09226190476190477,,0.5978330154903233
compas_core,3001,iid,B3,3,7,295,74,True,True,0.6486486486486487,0.6209613869188337,0.22470238095238093,0.29166666666666663,0.29166666666666663,0.06845238095238093,,0.5980840069241822
compas_core,3001,iid,B3,3,8,295,74,True,True,0.6621621621621622,0.6476861550180918,0.1977935382190701,0.07282913165266103,0.2384615384615384,0.007092198581560294,,0.598000013269484
compas_core,3001,iid,B3,3,9,295,74,True,False,0.5675675675675675,0.5403726708074534,0.20496894409937882,0.25568181818181823,0.25568181818181823,0.12111801242236031,,0.5922080017626286
compas_core,3001,iid,B3,4,0,296,74,True,False,0.7297297297297297,0.7224306076519129,0.39880952380952384,0.2777777777777778,0.37499999999999994,0.0357142857142857,,0.6365000153891742
compas_core,3001,iid,B3,4,1,296,74,True,True,0.6756756756756757,0.65527950310559,0.27575757575757576,0.2857142857142857,0.2857142857142857,0.15303030303030307,,0.599374994635582
compas_core,3001,iid,B3,4,2,296,74,True,True,0.6351351351351351,0.5961188599151,0.1515151515151516,0.11212814645308922,0.1558441558441559,0.05303030303030298,,0.5998330016154796
compas_core,3001,iid,B3,4,3,296,74,True,False,0.7297297297297297,0.7127329192546584,0.4099616858237548,0.13636363636363635,0.6557971014492754,0.17931034482758623,,0.5953750223852694
compas_core,3001,iid,B3,4,4,295,74,True,True,0.7162162162162162,0.7004048582995952,0.12653061224489803,0.020289855072463836,0.1384615384615384,0.005714285714285672,,0.5962499999441206
compas_core,3001,iid,B3,4,5,295,74,True,True,0.6351351351351351,0.6195010474195392,0.248447204968944,0.06547619047619047,0.39333333333333337,0.10248447204968947,,0.5952090141363442
compas_core,3001,iid,B3,4,6,295,74,True,True,0.6351351351351351,0.6093841642228739,0.2723214285714286,0.18535469107551483,0.2995169082125604,0.09226190476190477,,0.5942910211160779
compas_core,3001,iid,B3,4,7,295,74,True,True,0.6486486486486487,0.6209613869188337,0.22470238095238093,0.29166666666666663,0.29166666666666663,0.06845238095238093,,0.5959169939160347
compas_core,3001,iid,B3,4,8,295,74,True,True,0.6621621621621622,0.6476861550180918,0.1977935382190701,0.07282913165266103,0.2384615384615384,0.007092198581560294,,0.5931250052526593
compas_core,3001,iid,B3,4,9,295,74,True,False,0.5675675675675675,0.5403726708074534,0.20496894409937882,0.25568181818181823,0.25568181818181823,0.12111801242236031,,0.5971250066068023
compas_core,3001,iid,B3,5,0,296,74,True,False,0.7297297297297297,0.7224306076519129,0.39880952380952384,0.2777777777777778,0.37499999999999994,0.0357142857142857,,0.6023329915478826
compas_core,3001,iid,B3,5,1,296,74,True,True,0.6891891891891891,0.6718719876614614,0.24242424242424243,0.2857142857142857,0.2857142857142857,0.1863636363636364,,0.6085830100346357
compas_core,3001,iid,B3,5,2,296,74,True,True,0.6486486486486487,0.6145833333333333,0.11818181818181828,0.11212814645308922,0.11212814645308922,0.08636363636363631,,0.5970829806756228
compas_core,3001,iid,B3,5,3,296,74,True,False,0.7297297297297297,0.7127329192546584,0.4099616858237548,0.13636363636363635,0.6557971014492754,0.17931034482758623,,0.6160000048112124
compas_core,3001,iid,B3,5,4,295,74,True,True,0.7162162162162162,0.7004048582995952,0.12653061224489803,0.020289855072463836,0.1384615384615384,0.005714285714285672,,0.595791992964223
compas_core,3001,iid,B3,5,5,295,74,True,True,0.6351351351351351,0.6195010474195392,0.248447204968944,0.06547619047619047,0.39333333333333337,0.10248447204968947,,0.595749996136874
compas_core,3001,iid,B3,5,6,295,74,True,True,0.6351351351351351,0.6093841642228739,0.2723214285714286,0.18535469107551483,0.2995169082125604,0.09226190476190477,,0.5949170154053718
compas_core,3001,iid,B3,5,7,295,74,True,True,0.6621621621621622,0.6383186705767351,0.24851190476190477,0.29166666666666663,0.29166666666666663,0.044642857142857095,,0.5963340227026492
compas_core,3001,iid,B3,5,8,295,74,True,True,0.6621621621621622,0.6476861550180918,0.1977935382190701,0.07282913165266103,0.2384615384615384,0.007092198581560294,,0.5933330103289336
compas_core,3001,iid,B3,5,9,295,74,True,False,0.5675675675675675,0.5403726708074534,0.20496894409937882,0.25568181818181823,0.25568181818181823,0.12111801242236031,,0.592166994465515
compas_core,3001,joint_dirichlet_0.3,B0,1,0,727,182,True,True,0.9175824175824175,0.4785100286532951,0.0,0.0,0.0,0.10427350427350435,,0.7421670015901327
compas_core,3001,joint_dirichlet_0.3,B0,1,1,299,75,True,True,0.9066666666666666,0.4755244755244755,0.0,0.0,0.0,0.07264957264957261,,0.6355420046020299
compas_core,3001,joint_dirichlet_0.3,B0,1,2,348,87,True,False,1.0,1.0,,,,,"comparison_groups,subgroup_accuracy_gap",0.6170419801492244
compas_core,3001,joint_dirichlet_0.3,B0,1,3,162,41,True,True,0.975609756097561,0.49382716049382713,0.0,,,0.032258064516129004,"equal_opportunity_gap,equalized_odds_gap",0.6272080063354224
compas_core,3001,joint_dirichlet_0.3,B0,1,4,52,13,True,False,0.6153846153846154,0.5112781954887218,,,,,"comparison_groups,subgroup_accuracy_gap",0.5999580025672913
compas_core,3001,joint_dirichlet_0.3,B0,1,5,198,50,True,False,0.74,0.49019607843137253,,,,,"comparison_groups,subgroup_accuracy_gap",0.612749980064109
compas_core,3001,joint_dirichlet_0.3,B0,1,6,57,15,True,False,0.8,0.4444444444444444,,,,,"comparison_groups,subgroup_accuracy_gap",0.575500016566366
compas_core,3001,joint_dirichlet_0.3,B0,1,7,419,105,True,True,0.8761904761904762,0.467005076142132,0.0,0.0,0.0,0.03675048355899413,,0.7640419935341924
compas_core,3001,joint_dirichlet_0.3,B0,1,8,516,129,True,False,0.5968992248062015,0.5897749510763209,0.16320224719101123,0.23109243697478993,0.26212121212121214,0.10421348314606738,,0.7603330013807863
compas_core,3001,joint_dirichlet_0.3,B0,1,9,175,44,True,False,0.8409090909090909,0.4567901234567901,,,,,"comparison_groups,subgroup_accuracy_gap",0.590375013416633
compas_core,3001,joint_dirichlet_0.3,B0,2,0,727,182,True,True,0.9120879120879121,0.5324341682723186,0.022222222222222254,0.03125,0.0714285714285714,0.06495726495726506,,0.6723330006934702
compas_core,3001,joint_dirichlet_0.3,B0,2,1,299,75,True,True,0.9066666666666666,0.4755244755244755,0.0,0.0,0.0,0.07264957264957261,,0.6042919994797558
compas_core,3001,joint_dirichlet_0.3,B0,2,2,348,87,True,False,0.9885057471264368,0.49710982658959535,,,,,"comparison_groups,subgroup_accuracy_gap",0.6299590168055147
compas_core,3001,joint_dirichlet_0.3,B0,2,3,162,41,True,True,0.975609756097561,0.49382716049382713,0.0,,,0.032258064516129004,"equal_opportunity_gap,equalized_odds_gap",0.5879160016775131
compas_core,3001,joint_dirichlet_0.3,B0,2,4,52,13,True,False,0.6923076923076923,0.6388888888888888,,,,,"comparison_groups,subgroup_accuracy_gap",0.5661250033881515
compas_core,3001,joint_dirichlet_0.3,B0,2,5,198,50,True,False,0.74,0.5393338058114813,,,,,"comparison_groups,subgroup_accuracy_gap",0.5938750109635293
compas_core,3001,joint_dirichlet_0.3,B0,2,6,57,15,True,False,0.7333333333333333,0.4230769230769231,,,,,"comparison_groups,subgroup_accuracy_gap",0.5564590101130307
compas_core,3001,joint_dirichlet_0.3,B0,2,7,419,105,True,True,0.8761904761904762,0.467005076142132,0.0,0.0,0.0,0.03675048355899413,,0.6158339965622872
compas_core,3001,joint_dirichlet_0.3,B0,2,8,516,129,True,False,0.5968992248062015,0.5939467312348667,0.151685393258427,0.25210084033613445,0.25210084033613445,0.004494382022471877,,0.6471249798778445
compas_core,3001,joint_dirichlet_0.3,B0,2,9,175,44,True,False,0.8181818181818182,0.45,,,,,"comparison_groups,subgroup_accuracy_gap",0.6264169933274388
compas_core,3001,joint_dirichlet_0.3,B0,3,0,727,182,True,True,0.9120879120879121,0.5767441860465117,0.029059829059828957,0.046875,0.1428571428571429,0.04102564102564099,,0.7440420158673078
compas_core,3001,joint_dirichlet_0.3,B0,3,1,299,75,True,True,0.92,0.6038732394366197,0.02564102564102566,0.0,0.19999999999999996,0.04700854700854695,,0.6787089805584401
compas_core,3001,joint_dirichlet_0.3,B0,3,2,348,87,True,False,0.9770114942528736,0.4941860465116279,,,,,"comparison_groups,subgroup_accuracy_gap",0.659167009871453
compas_core,3001,joint_dirichlet_0.3,B0,3,3,162,41,True,True,0.926829268292683,0.4810126582278481,0.06451612903225806,,,0.09677419354838712,"equal_opportunity_gap,equalized_odds_gap",0.5848329747095704
compas_core,3001,joint_dirichlet_0.3,B0,3,4,52,13,True,False,0.6923076923076923,0.6388888888888888,,,,,"comparison_groups,subgroup_accuracy_gap",0.5539170233532786
compas_core,3001,joint_dirichlet_0.3,B0,3,5,198,50,True,False,0.76,0.5934959349593496,,,,,"comparison_groups,subgroup_accuracy_gap",0.5840829981025308
compas_core,3001,joint_dirichlet_0.3,B0,3,6,57,15,True,False,0.7333333333333333,0.4230769230769231,,,,,"comparison_groups,subgroup_accuracy_gap",0.554166006622836
compas_core,3001,joint_dirichlet_0.3,B0,3,7,419,105,True,True,0.8761904761904762,0.5333333333333333,0.08027079303675048,0.08333333333333333,0.1,0.06479690522243708,,0.6202910153660923
compas_core,3001,joint_dirichlet_0.3,B0,3,8,516,129,True,False,0.5503875968992248,0.5381481481481482,0.15533707865168545,0.18067226890756294,0.25606060606060604,0.1081460674157303,,0.6407499895431101
compas_core,3001,joint_dirichlet_0.3,B0,3,9,175,44,True,False,0.7727272727272727,0.4358974358974359,,,,,"comparison_groups,subgroup_accuracy_gap",0.5855000053998083
compas_core,3001,joint_dirichlet_0.3,B0,4,0,727,182,True,True,0.8956043956043956,0.5590972842024735,0.05128205128205121,0.06841626213592233,0.1428571428571429,0.018803418803418848,,0.6933340046089143
compas_core,3001,joint_dirichlet_0.3,B0,4,1,299,75,True,True,0.92,0.6038732394366197,0.02564102564102566,0.0,0.19999999999999996,0.04700854700854695,,0.5981659924145788
compas_core,3001,joint_dirichlet_0.3,B0,4,2,348,87,True,False,0.9770114942528736,0.4941860465116279,,,,,"comparison_groups,subgroup_accuracy_gap",0.6088340014684945
compas_core,3001,joint_dirichlet_0.3,B0,4,3,162,41,True,True,0.926829268292683,0.4810126582278481,0.06451612903225806,,,0.09677419354838712,"equal_opportunity_gap,equalized_odds_gap",0.6122499762568623
compas_core,3001,joint_dirichlet_0.3,B0,4,4,52,13,True,False,0.6923076923076923,0.6388888888888888,,,,,"comparison_groups,subgroup_accuracy_gap",0.5758749903179705
compas_core,3001,joint_dirichlet_0.3,B0,4,5,198,50,True,False,0.74,0.5776478232618583,,,,,"comparison_groups,subgroup_accuracy_gap",0.5876250215806067
compas_core,3001,joint_dirichlet_0.3,B0,4,6,57,15,True,False,0.8,0.64,,,,,"comparison_groups,subgroup_accuracy_gap",0.5534159718081355
compas_core,3001,joint_dirichlet_0.3,B0,4,7,419,105,True,True,0.8666666666666667,0.5746527777777778,0.04835589941972921,0.16666666666666666,0.16666666666666666,0.0541586073500967,,0.6160420016385615
compas_core,3001,joint_dirichlet_0.3,B0,4,8,516,129,True,False,0.5658914728682171,0.551638530287984,0.1053370786516854,0.10924369747899154,0.25606060606060604,0.15814606741573034,,0.6373329961206764
compas_core,3001,joint_dirichlet_0.3,B0,4,9,175,44,True,False,0.7272727272727273,0.42105263157894735,,,,,"comparison_groups,subgroup_accuracy_gap",0.5798749916721135
compas_core,3001,joint_dirichlet_0.3,B0,5,0,727,182,True,True,0.8956043956043956,0.591976401179941,0.058119658119658135,0.08404126213592233,0.2142857142857143,0.00512820512820511,,0.6751250184606761
compas_core,3001,joint_dirichlet_0.3,B0,5,1,299,75,True,True,0.92,0.6038732394366197,0.02564102564102566,0.0,0.19999999999999996,0.04700854700854695,,0.5956669920124114
compas_core,3001,joint_dirichlet_0.3,B0,5,2,348,87,True,False,0.9310344827586207,0.48214285714285715,,,,,"comparison_groups,subgroup_accuracy_gap",0.6082499749027193
compas_core,3001,joint_dirichlet_0.3,B0,5,3,162,41,True,True,0.9024390243902439,0.47435897435897434,0.0967741935483871,,,0.12903225806451613,"equal_opportunity_gap,equalized_odds_gap",0.5938750109635293
compas_core,3001,joint_dirichlet_0.3,B0,5,4,52,13,True,False,0.6923076923076923,0.6388888888888888,,,,,"comparison_groups,subgroup_accuracy_gap",0.5551250069402158
compas_core,3001,joint_dirichlet_0.3,B0,5,5,198,50,True,False,0.76,0.625,,,,,"comparison_groups,subgroup_accuracy_gap",0.5858340009581298
compas_core,3001,joint_dirichlet_0.3,B0,5,6,57,15,True,False,0.6666666666666666,0.5341614906832298,,,,,"comparison_groups,subgroup_accuracy_gap",0.5575830000452697
compas_core,3001,joint_dirichlet_0.3,B0,5,7,419,105,True,True,0.8380952380952381,0.5502645502645502,0.016441005802707936,0.16666666666666666,0.16666666666666666,0.022243713733075432,,0.6153750000521541
compas_core,3001,joint_dirichlet_0.3,B0,5,8,516,129,True,False,0.5658914728682171,0.551638530287984,0.1053370786516854,0.10924369747899154,0.25606060606060604,0.15814606741573034,,0.6385000015143305
compas_core,3001,joint_dirichlet_0.3,B0,5,9,175,44,True,False,0.7045454545454546,0.41333333333333333,,,,,"comparison_groups,subgroup_accuracy_gap",0.5870829918421805
compas_core,3001,joint_dirichlet_0.3,B1,1,0,727,182,True,True,0.9175824175824175,0.4785100286532951,0.0,0.0,0.0,0.10427350427350435,,0.7492089935112745
compas_core,3001,joint_dirichlet_0.3,B1,1,1,299,75,True,True,0.9066666666666666,0.4755244755244755,0.0,0.0,0.0,0.07264957264957261,,0.6647080008406192
compas_core,3001,joint_dirichlet_0.3,B1,1,2,348,87,True,False,1.0,1.0,,,,,"comparison_groups,subgroup_accuracy_gap",0.617834011791274
compas_core,3001,joint_dirichlet_0.3,B1,1,3,162,41,True,True,0.975609756097561,0.49382716049382713,0.0,,,0.032258064516129004,"equal_opportunity_gap,equalized_odds_gap",0.6000410066917539
compas_core,3001,joint_dirichlet_0.3,B1,1,4,52,13,True,False,0.6153846153846154,0.5112781954887218,,,,,"comparison_groups,subgroup_accuracy_gap",0.566415983485058
compas_core,3001,joint_dirichlet_0.3,B1,1,5,198,50,True,False,0.74,0.49019607843137253,,,,,"comparison_groups,subgroup_accuracy_gap",0.5980830173939466
compas_core,3001,joint_dirichlet_0.3,B1,1,6,57,15,True,False,0.8,0.4444444444444444,,,,,"comparison_groups,subgroup_accuracy_gap",0.5580420256592333
compas_core,3001,joint_dirichlet_0.3,B1,1,7,419,105,True,True,0.8761904761904762,0.467005076142132,0.0,0.0,0.0,0.03675048355899413,,0.6116250006016344
compas_core,3001,joint_dirichlet_0.3,B1,1,8,516,129,True,False,0.5968992248062015,0.5897749510763209,0.16320224719101123,0.23109243697478993,0.26212121212121214,0.10421348314606738,,0.6500830058939755
compas_core,3001,joint_dirichlet_0.3,B1,1,9,175,44,True,False,0.8409090909090909,0.4567901234567901,,,,,"comparison_groups,subgroup_accuracy_gap",0.5849589942954481
compas_core,3001,joint_dirichlet_0.3,B1,2,0,727,182,True,True,0.9120879120879121,0.5324341682723186,0.022222222222222254,0.03125,0.0714285714285714,0.06495726495726506,,0.6748750165570527
compas_core,3001,joint_dirichlet_0.3,B1,2,1,299,75,True,True,0.9066666666666666,0.4755244755244755,0.0,0.0,0.0,0.07264957264957261,,0.6059999868739396
compas_core,3001,joint_dirichlet_0.3,B1,2,2,348,87,True,False,0.9885057471264368,0.49710982658959535,,,,,"comparison_groups,subgroup_accuracy_gap",0.6052090029697865
compas_core,3001,joint_dirichlet_0.3,B1,2,3,162,41,True,True,0.975609756097561,0.49382716049382713,0.0,,,0.032258064516129004,"equal_opportunity_gap,equalized_odds_gap",0.5875419883523136
compas_core,3001,joint_dirichlet_0.3,B1,2,4,52,13,True,False,0.6923076923076923,0.6388888888888888,,,,,"comparison_groups,subgroup_accuracy_gap",0.575833983020857
compas_core,3001,joint_dirichlet_0.3,B1,2,5,198,50,True,False,0.74,0.5393338058114813,,,,,"comparison_groups,subgroup_accuracy_gap",0.5823329847771674
compas_core,3001,joint_dirichlet_0.3,B1,2,6,57,15,True,False,0.7333333333333333,0.4230769230769231,,,,,"comparison_groups,subgroup_accuracy_gap",0.5555830139201134
compas_core,3001,joint_dirichlet_0.3,B1,2,7,419,105,True,True,0.8761904761904762,0.467005076142132,0.0,0.0,0.0,0.03675048355899413,,0.6120420002844185
compas_core,3001,joint_dirichlet_0.3,B1,2,8,516,129,True,False,0.5968992248062015,0.5939467312348667,0.151685393258427,0.25210084033613445,0.25210084033613445,0.004494382022471877,,0.6404590094462037
compas_core,3001,joint_dirichlet_0.3,B1,2,9,175,44,True,False,0.8181818181818182,0.45,,,,,"comparison_groups,subgroup_accuracy_gap",0.5794169846922159
compas_core,3001,joint_dirichlet_0.3,B1,3,0,727,182,True,True,0.9120879120879121,0.5767441860465117,0.029059829059828957,0.046875,0.1428571428571429,0.04102564102564099,,0.6754590140189976
compas_core,3001,joint_dirichlet_0.3,B1,3,1,299,75,True,True,0.92,0.6038732394366197,0.02564102564102566,0.0,0.19999999999999996,0.04700854700854695,,0.607333000516519
compas_core,3001,joint_dirichlet_0.3,B1,3,2,348,87,True,False,0.9770114942528736,0.4941860465116279,,,,,"comparison_groups,subgroup_accuracy_gap",0.6068749935366213
compas_core,3001,joint_dirichlet_0.3,B1,3,3,162,41,True,True,0.926829268292683,0.4810126582278481,0.06451612903225806,,,0.09677419354838712,"equal_opportunity_gap,equalized_odds_gap",0.5873750196769834
compas_core,3001,joint_dirichlet_0.3,B1,3,4,52,13,True,False,0.6923076923076923,0.6388888888888888,,,,,"comparison_groups,subgroup_accuracy_gap",0.5532920185942203
compas_core,3001,joint_dirichlet_0.3,B1,3,5,198,50,True,False,0.76,0.5934959349593496,,,,,"comparison_groups,subgroup_accuracy_gap",0.5902499833609909
compas_core,3001,joint_dirichlet_0.3,B1,3,6,57,15,True,False,0.7333333333333333,0.4230769230769231,,,,,"comparison_groups,subgroup_accuracy_gap",0.5585000035353005
compas_core,3001,joint_dirichlet_0.3,B1,3,7,419,105,True,True,0.8761904761904762,0.5333333333333333,0.08027079303675048,0.08333333333333333,0.1,0.06479690522243708,,0.6292499892879277
compas_core,3001,joint_dirichlet_0.3,B1,3,8,516,129,True,False,0.5503875968992248,0.5381481481481482,0.15533707865168545,0.18067226890756294,0.25606060606060604,0.1081460674157303,,0.6479999865405262
compas_core,3001,joint_dirichlet_0.3,B1,3,9,175,44,True,False,0.7727272727272727,0.4358974358974359,,,,,"comparison_groups,subgroup_accuracy_gap",0.58133399579674
compas_core,3001,joint_dirichlet_0.3,B1,4,0,727,182,True,True,0.8956043956043956,0.5590972842024735,0.05128205128205121,0.06841626213592233,0.1428571428571429,0.018803418803418848,,0.6727079744450748
compas_core,3001,joint_dirichlet_0.3,B1,4,1,299,75,True,True,0.92,0.6038732394366197,0.02564102564102566,0.0,0.19999999999999996,0.04700854700854695,,0.6019590073265135
compas_core,3001,joint_dirichlet_0.3,B1,4,2,348,87,True,False,0.9770114942528736,0.4941860465116279,,,,,"comparison_groups,subgroup_accuracy_gap",0.6444169848691672
compas_core,3001,joint_dirichlet_0.3,B1,4,3,162,41,True,True,0.926829268292683,0.4810126582278481,0.06451612903225806,,,0.09677419354838712,"equal_opportunity_gap,equalized_odds_gap",0.5897920054849237
compas_core,3001,joint_dirichlet_0.3,B1,4,4,52,13,True,False,0.6923076923076923,0.6388888888888888,,,,,"comparison_groups,subgroup_accuracy_gap",0.5637079884763807
compas_core,3001,joint_dirichlet_0.3,B1,4,5,198,50,True,False,0.74,0.5776478232618583,,,,,"comparison_groups,subgroup_accuracy_gap",0.5867079889867455
compas_core,3001,joint_dirichlet_0.3,B1,4,6,57,15,True,False,0.8,0.64,,,,,"comparison_groups,subgroup_accuracy_gap",0.5563750164583325
compas_core,3001,joint_dirichlet_0.3,B1,4,7,419,105,True,True,0.8666666666666667,0.5746527777777778,0.04835589941972921,0.16666666666666666,0.16666666666666666,0.0541586073500967,,0.607750000199303
compas_core,3001,joint_dirichlet_0.3,B1,4,8,516,129,True,False,0.5658914728682171,0.551638530287984,0.1053370786516854,0.10924369747899154,0.25606060606060604,0.15814606741573034,,0.6362920103129
compas_core,3001,joint_dirichlet_0.3,B1,4,9,175,44,True,False,0.7272727272727273,0.42105263157894735,,,,,"comparison_groups,subgroup_accuracy_gap",0.6011659861542284
compas_core,3001,joint_dirichlet_0.3,B1,5,0,727,182,True,True,0.8956043956043956,0.591976401179941,0.058119658119658135,0.08404126213592233,0.2142857142857143,0.00512820512820511,,0.6662079831585288
compas_core,3001,joint_dirichlet_0.3,B1,5,1,299,75,True,True,0.92,0.6038732394366197,0.02564102564102566,0.0,0.19999999999999996,0.04700854700854695,,0.6018340063747019
compas_core,3001,joint_dirichlet_0.3,B1,5,2,348,87,True,False,0.9310344827586207,0.48214285714285715,,,,,"comparison_groups,subgroup_accuracy_gap",0.6135420117061585
compas_core,3001,joint_dirichlet_0.3,B1,5,3,162,41,True,True,0.9024390243902439,0.47435897435897434,0.0967741935483871,,,0.12903225806451613,"equal_opportunity_gap,equalized_odds_gap",0.5827909917570651
compas_core,3001,joint_dirichlet_0.3,B1,5,4,52,13,True,False,0.6923076923076923,0.6388888888888888,,,,,"comparison_groups,subgroup_accuracy_gap",0.5514580116141587
compas_core,3001,joint_dirichlet_0.3,B1,5,5,198,50,True,False,0.76,0.625,,,,,"comparison_groups,subgroup_accuracy_gap",0.5778750055469573
compas_core,3001,joint_dirichlet_0.3,B1,5,6,57,15,True,False,0.6666666666666666,0.5341614906832298,,,,,"comparison_groups,subgroup_accuracy_gap",0.5509589973371476
compas_core,3001,joint_dirichlet_0.3,B1,5,7,419,105,True,True,0.8380952380952381,0.5502645502645502,0.016441005802707936,0.16666666666666666,0.16666666666666666,0.022243713733075432,,0.6203330121934414
compas_core,3001,joint_dirichlet_0.3,B1,5,8,516,129,True,False,0.5658914728682171,0.551638530287984,0.1053370786516854,0.10924369747899154,0.25606060606060604,0.15814606741573034,,0.6607910036109388
compas_core,3001,joint_dirichlet_0.3,B1,5,9,175,44,True,False,0.7045454545454546,0.41333333333333333,,,,,"comparison_groups,subgroup_accuracy_gap",0.5913329950999469
compas_core,3001,joint_dirichlet_0.3,B3,1,0,727,182,True,True,0.9175824175824175,0.4785100286532951,0.0,0.0,0.0,0.10427350427350435,,0.752124993596226
compas_core,3001,joint_dirichlet_0.3,B3,1,1,299,75,True,True,0.9066666666666666,0.4755244755244755,0.0,0.0,0.0,0.07264957264957261,,0.6412910006474704
compas_core,3001,joint_dirichlet_0.3,B3,1,2,348,87,True,False,1.0,1.0,,,,,"comparison_groups,subgroup_accuracy_gap",0.6215829926077276
compas_core,3001,joint_dirichlet_0.3,B3,1,3,162,41,True,True,0.975609756097561,0.49382716049382713,0.0,,,0.032258064516129004,"equal_opportunity_gap,equalized_odds_gap",0.616416014963761
compas_core,3001,joint_dirichlet_0.3,B3,1,4,52,13,True,False,0.6153846153846154,0.5112781954887218,,,,,"comparison_groups,subgroup_accuracy_gap",0.5754999874625355
compas_core,3001,joint_dirichlet_0.3,B3,1,5,198,50,True,False,0.74,0.49019607843137253,,,,,"comparison_groups,subgroup_accuracy_gap",0.6080000021029264
compas_core,3001,joint_dirichlet_0.3,B3,1,6,57,15,True,False,0.8,0.4444444444444444,,,,,"comparison_groups,subgroup_accuracy_gap",0.5765840178355575
compas_core,3001,joint_dirichlet_0.3,B3,1,7,419,105,True,True,0.8761904761904762,0.467005076142132,0.0,0.0,0.0,0.03675048355899413,,0.6368340109474957
compas_core,3001,joint_dirichlet_0.3,B3,1,8,516,129,True,False,0.5968992248062015,0.5897749510763209,0.16320224719101123,0.23109243697478993,0.26212121212121214,0.10421348314606738,,0.6504999764729291
compas_core,3001,joint_dirichlet_0.3,B3,1,9,175,44,True,False,0.8409090909090909,0.4567901234567901,,,,,"comparison_groups,subgroup_accuracy_gap",0.6008329801261425
compas_core,3001,joint_dirichlet_0.3,B3,2,0,727,182,True,True,0.9120879120879121,0.5324341682723186,0.022222222222222254,0.03125,0.0714285714285714,0.06495726495726506,,0.6771250045858324
compas_core,3001,joint_dirichlet_0.3,B3,2,1,299,75,True,True,0.9066666666666666,0.4755244755244755,0.0,0.0,0.0,0.07264957264957261,,0.6187910039443523
compas_core,3001,joint_dirichlet_0.3,B3,2,2,348,87,True,False,0.9885057471264368,0.49710982658959535,,,,,"comparison_groups,subgroup_accuracy_gap",0.6346669979393482
compas_core,3001,joint_dirichlet_0.3,B3,2,3,162,41,True,True,0.9512195121951219,0.4875,0.03225806451612903,,,0.06451612903225812,"equal_opportunity_gap,equalized_odds_gap",0.5945000157225877
compas_core,3001,joint_dirichlet_0.3,B3,2,4,52,13,True,False,0.6923076923076923,0.6388888888888888,,,,,"comparison_groups,subgroup_accuracy_gap",0.5726669915020466
compas_core,3001,joint_dirichlet_0.3,B3,2,5,198,50,True,False,0.76,0.5535714285714286,,,,,"comparison_groups,subgroup_accuracy_gap",0.6241670052986592
compas_core,3001,joint_dirichlet_0.3,B3,2,6,57,15,True,False,0.7333333333333333,0.4230769230769231,,,,,"comparison_groups,subgroup_accuracy_gap",0.5847909778822213
compas_core,3001,joint_dirichlet_0.3,B3,2,7,419,105,True,True,0.8761904761904762,0.5333333333333333,0.08027079303675048,0.08333333333333333,0.1,0.06479690522243708,,0.659875018754974
compas_core,3001,joint_dirichlet_0.3,B3,2,8,516,129,True,False,0.5271317829457365,0.4871945259042033,0.10646067415730343,0.16176470588235292,0.16176470588235292,0.14185393258426965,,0.6952500261832029
compas_core,3001,joint_dirichlet_0.3,B3,2,9,175,44,True,False,0.8181818181818182,0.45,,,,,"comparison_groups,subgroup_accuracy_gap",0.6602920184377581
compas_core,3001,joint_dirichlet_0.3,B3,3,0,727,182,True,True,0.9065934065934066,0.5279938977879481,0.037606837606837584,0.046875,0.0714285714285714,0.04957264957264962,,0.7510420109611005
compas_core,3001,joint_dirichlet_0.3,B3,3,1,299,75,True,True,0.9066666666666666,0.4755244755244755,0.0,0.0,0.0,0.07264957264957261,,0.6407079927157611
compas_core,3001,joint_dirichlet_0.3,B3,3,2,348,87,True,False,0.9425287356321839,0.48520710059171596,,,,,"comparison_groups,subgroup_accuracy_gap",0.6222919910214841
compas_core,3001,joint_dirichlet_0.3,B3,3,3,162,41,True,True,0.926829268292683,0.4810126582278481,0.06451612903225806,,,0.09677419354838712,"equal_opportunity_gap,equalized_odds_gap",0.7036250026430935
compas_core,3001,joint_dirichlet_0.3,B3,3,4,52,13,True,False,0.6923076923076923,0.6388888888888888,,,,,"comparison_groups,subgroup_accuracy_gap",0.5703750066459179
compas_core,3001,joint_dirichlet_0.3,B3,3,5,198,50,True,False,0.74,0.5393338058114813,,,,,"comparison_groups,subgroup_accuracy_gap",0.583125016419217
compas_core,3001,joint_dirichlet_0.3,B3,3,6,57,15,True,False,0.6666666666666666,0.5341614906832298,,,,,"comparison_groups,subgroup_accuracy_gap",0.5599169817287475
compas_core,3001,joint_dirichlet_0.3,B3,3,7,419,105,True,True,0.8380952380952381,0.5502645502645502,0.016441005802707936,0.16666666666666666,0.16666666666666666,0.022243713733075432,,0.6150839908514172
compas_core,3001,joint_dirichlet_0.3,B3,3,8,516,129,True,False,0.5581395348837209,0.5057471264367817,0.028932584269662942,0.11344537815126055,0.11344537815126055,0.16938202247191014,,0.6434160168282688
compas_core,3001,joint_dirichlet_0.3,B3,3,9,175,44,True,False,0.7727272727272727,0.4358974358974359,,,,,"comparison_groups,subgroup_accuracy_gap",0.6438340060412884
compas_core,3001,joint_dirichlet_0.3,B3,4,0,727,182,True,True,0.9120879120879121,0.5767441860465117,0.029059829059828957,0.046875,0.1428571428571429,0.04102564102564099,,0.738000002456829
compas_core,3001,joint_dirichlet_0.3,B3,4,1,299,75,True,True,0.92,0.6038732394366197,0.02564102564102566,0.0,0.19999999999999996,0.04700854700854695,,0.6977090088184923
compas_core,3001,joint_dirichlet_0.3,B3,4,2,348,87,True,False,0.896551724137931,0.4727272727272727,,,,,"comparison_groups,subgroup_accuracy_gap",0.710541004082188
compas_core,3001,joint_dirichlet_0.3,B3,4,3,162,41,True,True,0.8536585365853658,0.5844594594594594,0.22580645161290322,,,0.19354838709677424,"equal_opportunity_gap,equalized_odds_gap",0.6686249980702996
compas_core,3001,joint_dirichlet_0.3,B3,4,4,52,13,True,False,0.6923076923076923,0.6388888888888888,,,,,"comparison_groups,subgroup_accuracy_gap",0.6299579981714487
compas_core,3001,joint_dirichlet_0.3,B3,4,5,198,50,True,False,0.74,0.5393338058114813,,,,,"comparison_groups,subgroup_accuracy_gap",0.6352919735945761
compas_core,3001,joint_dirichlet_0.3,B3,4,6,57,15,True,False,0.5333333333333333,0.4444444444444444,,,,,"comparison_groups,subgroup_accuracy_gap",0.6708330183755606
compas_core,3001,joint_dirichlet_0.3,B3,4,7,419,105,True,True,0.8571428571428571,0.6999428462564298,0.06866537717601548,0.5833333333333334,0.5833333333333334,0.0435203094777562,,0.6274999759625643
compas_core,3001,joint_dirichlet_0.3,B3,4,8,516,129,True,False,0.5426356589147286,0.4824209452567154,0.05140449438202255,0.11344537815126055,0.11344537815126055,0.1918539325842697,,0.6335420184768736
compas_core,3001,joint_dirichlet_0.3,B3,4,9,175,44,True,False,0.7727272727272727,0.4358974358974359,,,,,"comparison_groups,subgroup_accuracy_gap",0.5783750093542039
compas_core,3001,joint_dirichlet_0.3,B3,5,0,727,182,True,True,0.9120879120879121,0.5767441860465117,0.029059829059828957,0.046875,0.1428571428571429,0.04102564102564099,,0.6802499992772937
compas_core,3001,joint_dirichlet_0.3,B3,5,1,299,75,True,True,0.92,0.6038732394366197,0.02564102564102566,0.0,0.19999999999999996,0.04700854700854695,,0.6131670088507235
compas_core,3001,joint_dirichlet_0.3,B3,5,2,348,87,True,False,0.8390804597701149,0.45625,,,,,"comparison_groups,subgroup_accuracy_gap",0.6058750150259584
compas_core,3001,joint_dirichlet_0.3,B3,5,3,162,41,True,True,0.7073170731707317,0.4831932773109243,0.022580645161290325,,,0.00967741935483879,"equal_opportunity_gap,equalized_odds_gap",0.587416987400502
compas_core,3001,joint_dirichlet_0.3,B3,5,4,52,13,True,False,0.6923076923076923,0.6388888888888888,,,,,"comparison_groups,subgroup_accuracy_gap",0.576208985876292
compas_core,3001,joint_dirichlet_0.3,B3,5,5,198,50,True,False,0.74,0.5393338058114813,,,,,"comparison_groups,subgroup_accuracy_gap",0.5821250088047236
compas_core,3001,joint_dirichlet_0.3,B3,5,6,57,15,True,False,0.3333333333333333,0.3055555555555555,,,,,"comparison_groups,subgroup_accuracy_gap",0.5527499888557941
compas_core,3001,joint_dirichlet_0.3,B3,5,7,419,105,True,True,0.7904761904761904,0.6312260536398467,0.059961315280464195,0.5833333333333334,0.5833333333333334,0.17214700193423593,,0.6053329852875322
compas_core,3001,joint_dirichlet_0.3,B3,5,8,516,129,True,False,0.5426356589147286,0.4824209452567154,0.05140449438202255,0.11344537815126055,0.11344537815126055,0.1918539325842697,,0.6343330023810267
compas_core,3001,joint_dirichlet_0.3,B3,5,9,175,44,True,False,0.75,0.42857142857142855,,,,,"comparison_groups,subgroup_accuracy_gap",0.5792909942101687
compas_core,3002,iid,B0,1,0,296,74,True,True,0.6216216216216216,0.5583972719522592,0.13198757763975155,0.01388888888888884,0.26363636363636367,0.02329192546583858,,0.6892090023029596
compas_core,3002,iid,B0,1,1,296,74,True,True,0.7027027027027027,0.6608333333333334,0.14099616858237551,0.04761904761904767,0.11666666666666659,0.09195402298850575,,0.6416249962057918
compas_core,3002,iid,B0,1,2,296,74,True,False,0.7162162162162162,0.7119555143651529,0.4348484848484849,0.368421052631579,0.368421052631579,0.08484848484848495,,0.6421250000130385
compas_core,3002,iid,B0,1,3,296,74,True,False,0.6891891891891891,0.6877637130801688,0.3931034482758621,0.18333333333333335,0.5272727272727273,0.11264367816091947,,0.6327500159386545
compas_core,3002,iid,B0,1,4,295,74,True,True,0.7297297297297297,0.703525641025641,0.20766283524904217,0.04347826086956519,0.36013986013986016,0.12260536398467436,,0.6321659893728793
compas_core,3002,iid,B0,1,5,295,74,True,True,0.6621621621621622,0.6260359814028704,0.2505543237250554,0.19999999999999996,0.24542124542124544,0.06282335550628237,,0.6232919986359775
compas_core,3002,iid,B0,1,6,295,74,True,True,0.6891891891891891,0.6758712626166445,0.24242424242424243,0.14444444444444438,0.24999999999999994,0.018181818181818188,,0.6090830138418823
compas_core,3002,iid,B0,1,7,295,74,True,True,0.6216216216216216,0.6145833333333333,0.22619047619047616,0.07777777777777783,0.35064935064935066,0.10416666666666663,,0.6068749935366213
compas_core,3002,iid,B0,1,8,295,74,True,False,0.6216216216216216,0.6213450292397661,0.3307453416149069,0.38392857142857145,0.38392857142857145,0.09161490683229812,,0.5989170167595148
compas_core,3002,iid,B0,1,9,295,74,True,True,0.7027027027027027,0.6840062111801242,0.11820330969267145,0.012787723785166238,0.14166666666666666,0.0015760441292356209,,0.5973340012133121
compas_core,3002,iid,B0,2,0,296,74,True,True,0.6486486486486487,0.5991666666666666,0.17546583850931685,0.01388888888888884,0.3545454545454546,0.06677018633540377,,0.6448750209528953
compas_core,3002,iid,B0,2,1,296,74,True,True,0.7162162162162162,0.6796536796536796,0.10651340996168579,0.04761904761904767,0.04761904761904767,0.12643678160919547,,0.6035000260453671
compas_core,3002,iid,B0,2,2,296,74,True,False,0.7162162162162162,0.7098039215686274,0.3893939393939394,0.21052631578947367,0.44727272727272727,0.027272727272727337,,0.5992079968564212
compas_core,3002,iid,B0,2,3,296,74,True,False,0.7162162162162162,0.7098039215686274,0.31647509578544064,0.0888888888888888,0.44727272727272727,0.10038314176245211,,0.5996660038363189
compas_core,3002,iid,B0,2,4,295,74,True,True,0.7297297297297297,0.7084318360914106,0.1954022988505747,0.08695652173913049,0.2832167832167832,0.06590038314176239,,0.5974999803584069
compas_core,3002,iid,B0,2,5,295,74,True,False,0.6621621621621622,0.6325719960278053,0.29933481152993346,0.25,0.2930402930402931,0.06282335550628237,,0.5948329926468432
compas_core,3002,iid,B0,2,6,295,74,True,True,0.7297297297297297,0.7164750957854407,0.27575757575757576,0.15000000000000002,0.29166666666666663,0.006060606060605989,,0.5942500138189644
compas_core,3002,iid,B0,2,7,295,74,True,False,0.5945945945945946,0.5795454545454546,0.29613095238095233,0.13333333333333341,0.448051948051948,0.1116071428571429,,0.5945829907432199
compas_core,3002,iid,B0,2,8,295,74,True,True,0.6351351351351351,0.6350684931506849,0.26552795031055904,0.28869047619047616,0.28869047619047616,0.06987577639751552,,0.5952079955022782
compas_core,3002,iid,B0,2,9,295,74,True,True,0.7162162162162162,0.7004048582995952,0.08116627265563436,0.012787723785166238,0.041666666666666685,0.0386130811662726,,0.5960419948678464
compas_core,3002,iid,B0,3,0,296,74,True,True,0.6486486486486487,0.6073469387755102,0.16149068322981364,0.04166666666666663,0.4,0.12422360248447206,,0.606624991632998
compas_core,3002,iid,B0,3,1,296,74,True,True,0.7027027027027027,0.6677551020408163,0.12873563218390804,0.09523809523809523,0.09523809523809523,0.1486590038314176,,0.6148329994175583
compas_core,3002,iid,B0,3,2,296,74,True,False,0.6891891891891891,0.6758712626166445,0.3545454545454546,0.1578947368421052,0.45818181818181825,0.037878787878787956,,0.6357079837471247
compas_core,3002,iid,B0,3,3,296,74,True,False,0.7027027027027027,0.6946736684171042,0.2942528735632184,0.0888888888888888,0.4072727272727273,0.07816091954022986,,0.5964589945506305
compas_core,3002,iid,B0,3,4,295,74,True,True,0.7297297297297297,0.7084318360914106,0.1954022988505747,0.08695652173913049,0.2832167832167832,0.06590038314176239,,0.5958749970886856
compas_core,3002,iid,B0,3,5,295,74,True,False,0.6621621621621622,0.6325719960278053,0.29933481152993346,0.25,0.2930402930402931,0.06282335550628237,,0.5958330002613366
compas_core,3002,iid,B0,3,6,295,74,True,True,0.7432432432432432,0.7289377289377289,0.25303030303030305,0.09999999999999998,0.29166666666666663,0.01666666666666672,,0.597208010731265
compas_core,3002,iid,B0,3,7,295,74,True,False,0.6081081081081081,0.5913159398209864,0.2723214285714286,0.08333333333333337,0.448051948051948,0.13541666666666663,,0.5966250027995557
compas_core,3002,iid,B0,3,8,295,74,True,True,0.6621621621621622,0.660612731608879,0.2360248447204969,0.25595238095238093,0.25595238095238093,0.08385093167701863,,0.6111670227255672
compas_core,3002,iid,B0,3,9,295,74,True,True,0.7297297297297297,0.7164750957854407,0.10244286840031513,0.012787723785166238,0.08333333333333331,0.01733648542159172,,0.6154579750727862
compas_core,3002,iid,B0,4,0,296,74,True,True,0.6486486486486487,0.6073469387755102,0.16149068322981364,0.04166666666666663,0.4,0.12422360248447206,,0.6070419913157821
compas_core,3002,iid,B0,4,1,296,74,True,True,0.6891891891891891,0.6559531028906408,0.1509578544061302,0.1428571428571429,0.1428571428571429,0.17088122605363987,,0.5988749908283353
compas_core,3002,iid,B0,4,2,296,74,True,False,0.6891891891891891,0.6758712626166445,0.3545454545454546,0.1578947368421052,0.45818181818181825,0.037878787878787956,,0.5951670173089951
compas_core,3002,iid,B0,4,3,296,74,True,False,0.7027027027027027,0.6946736684171042,0.2942528735632184,0.0888888888888888,0.4072727272727273,0.07816091954022986,,0.6124170031398535
compas_core,3002,iid,B0,4,4,295,74,True,True,0.7162162162162162,0.6961876832844575,0.21762452107279684,0.13043478260869568,0.2832167832167832,0.04367816091954013,,0.6306249997578561
compas_core,3002,iid,B0,4,5,295,74,True,False,0.6756756756756757,0.6501182033096926,0.3237250554323725,0.25,0.3406593406593407,0.03843311160384333,,0.5925839941482991
compas_core,3002,iid,B0,4,6,295,74,True,True,0.7432432432432432,0.7289377289377289,0.25303030303030305,0.09999999999999998,0.29166666666666663,0.01666666666666672,,0.5929580074734986
compas_core,3002,iid,B0,4,7,295,74,True,False,0.6216216216216216,0.6030651340996169,0.3035714285714286,0.13888888888888884,0.448051948051948,0.10416666666666663,,0.6019999855197966
compas_core,3002,iid,B0,4,8,295,74,True,True,0.6621621621621622,0.6591118481665745,0.1925465838509317,0.20833333333333337,0.20833333333333337,0.08385093167701863,,0.600125000346452
compas_core,3002,iid,B0,4,9,295,74,True,True,0.7297297297297297,0.7164750957854407,0.10244286840031513,0.012787723785166238,0.08333333333333331,0.01733648542159172,,0.5987079930491745
compas_core,3002,iid,B0,5,0,296,74,True,True,0.6486486486486487,0.6073469387755102,0.16149068322981364,0.04166666666666663,0.4,0.12422360248447206,,0.6024999893270433
compas_core,3002,iid,B0,5,1,296,74,True,True,0.6891891891891891,0.6559531028906408,0.1509578544061302,0.1428571428571429,0.1428571428571429,0.17088122605363987,,0.5990840145386755
compas_core,3002,iid,B0,5,2,296,74,True,False,0.6891891891891891,0.6758712626166445,0.3545454545454546,0.1578947368421052,0.45818181818181825,0.037878787878787956,,0.6138750177342445
compas_core,3002,iid,B0,5,3,296,74,True,False,0.7027027027027027,0.6946736684171042,0.2942528735632184,0.0888888888888888,0.4072727272727273,0.07816091954022986,,0.6136249867267907
compas_core,3002,iid,B0,5,4,295,74,True,True,0.7162162162162162,0.6961876832844575,0.21762452107279684,0.13043478260869568,0.2832167832167832,0.04367816091954013,,0.6130840047262609
compas_core,3002,iid,B0,5,5,295,74,True,False,0.6756756756756757,0.6501182033096926,0.3237250554323725,0.25,0.3406593406593407,0.03843311160384333,,0.6142500205896795
compas_core,3002,iid,B0,5,6,295,74,True,True,0.7432432432432432,0.7289377289377289,0.25303030303030305,0.09999999999999998,0.29166666666666663,0.01666666666666672,,0.5970419733785093
compas_core,3002,iid,B0,5,7,295,74,True,False,0.6081081081081081,0.58627337574706,0.27976190476190477,0.13888888888888884,0.40259740259740256,0.0803571428571429,,0.6133750139269978
compas_core,3002,iid,B0,5,8,295,74,True,True,0.6486486486486487,0.6444937176644494,0.1708074534161491,0.20833333333333337,0.20833333333333337,0.10559006211180122,,0.596124998992309
compas_core,3002,iid,B0,5,9,295,74,True,True,0.7297297297297297,0.7164750957854407,0.10244286840031513,0.012787723785166238,0.08333333333333331,0.01733648542159172,,0.597916980041191
compas_core,3002,iid,B1,1,0,296,74,True,True,0.6216216216216216,0.5583972719522592,0.13198757763975155,0.01388888888888884,0.26363636363636367,0.02329192546583858,,0.678624986903742
compas_core,3002,iid,B1,1,1,296,74,True,True,0.7027027027027027,0.6608333333333334,0.14099616858237551,0.04761904761904767,0.11666666666666659,0.09195402298850575,,0.6454589893110096
compas_core,3002,iid,B1,1,2,296,74,True,False,0.7162162162162162,0.7119555143651529,0.4348484848484849,0.368421052631579,0.368421052631579,0.08484848484848495,,0.6205829849932343
compas_core,3002,iid,B1,1,3,296,74,True,False,0.6891891891891891,0.6877637130801688,0.3931034482758621,0.18333333333333335,0.5272727272727273,0.11264367816091947,,0.6120839971117675
compas_core,3002,iid,B1,1,4,295,74,True,True,0.7297297297297297,0.703525641025641,0.20766283524904217,0.04347826086956519,0.36013986013986016,0.12260536398467436,,0.6040419975761324
compas_core,3002,iid,B1,1,5,295,74,True,True,0.6621621621621622,0.6260359814028704,0.2505543237250554,0.19999999999999996,0.24542124542124544,0.06282335550628237,,0.6070410017855465
compas_core,3002,iid,B1,1,6,295,74,True,True,0.6891891891891891,0.6758712626166445,0.24242424242424243,0.14444444444444438,0.24999999999999994,0.018181818181818188,,0.6186249956954271
compas_core,3002,iid,B1,1,7,295,74,True,True,0.6216216216216216,0.6145833333333333,0.22619047619047616,0.07777777777777783,0.35064935064935066,0.10416666666666663,,0.5977499822620302
compas_core,3002,iid,B1,1,8,295,74,True,False,0.6216216216216216,0.6213450292397661,0.3307453416149069,0.38392857142857145,0.38392857142857145,0.09161490683229812,,0.599791994318366
compas_core,3002,iid,B1,1,9,295,74,True,True,0.7027027027027027,0.6840062111801242,0.11820330969267145,0.012787723785166238,0.14166666666666666,0.0015760441292356209,,0.6024579924996942
compas_core,3002,iid,B1,2,0,296,74,True,True,0.6486486486486487,0.5991666666666666,0.17546583850931685,0.01388888888888884,0.3545454545454546,0.06677018633540377,,0.615334021858871
compas_core,3002,iid,B1,2,1,296,74,True,True,0.7162162162162162,0.6796536796536796,0.10651340996168579,0.04761904761904767,0.04761904761904767,0.12643678160919547,,0.6059579900465906
compas_core,3002,iid,B1,2,2,296,74,True,False,0.7162162162162162,0.7098039215686274,0.3893939393939394,0.21052631578947367,0.44727272727272727,0.027272727272727337,,0.602291984250769
compas_core,3002,iid,B1,2,3,296,74,True,False,0.7162162162162162,0.7098039215686274,0.31647509578544064,0.0888888888888888,0.44727272727272727,0.10038314176245211,,0.6018340063747019
compas_core,3002,iid,B1,2,4,295,74,True,True,0.7297297297297297,0.7084318360914106,0.1954022988505747,0.08695652173913049,0.2832167832167832,0.06590038314176239,,0.6046670023351908
compas_core,3002,iid,B1,2,5,295,74,True,False,0.6621621621621622,0.6325719960278053,0.29933481152993346,0.25,0.2930402930402931,0.06282335550628237,,0.5971250066068023
compas_core,3002,iid,B1,2,6,295,74,True,True,0.7297297297297297,0.7164750957854407,0.27575757575757576,0.15000000000000002,0.29166666666666663,0.006060606060605989,,0.5943329888395965
compas_core,3002,iid,B1,2,7,295,74,True,False,0.5945945945945946,0.5795454545454546,0.29613095238095233,0.13333333333333341,0.448051948051948,0.1116071428571429,,0.6027090130373836
compas_core,3002,iid,B1,2,8,295,74,True,True,0.6351351351351351,0.6350684931506849,0.26552795031055904,0.28869047619047616,0.28869047619047616,0.06987577639751552,,0.6182919896673411
compas_core,3002,iid,B1,2,9,295,74,True,True,0.7162162162162162,0.7004048582995952,0.08116627265563436,0.012787723785166238,0.041666666666666685,0.0386130811662726,,0.5970830097794533
compas_core,3002,iid,B1,3,0,296,74,True,True,0.6486486486486487,0.6073469387755102,0.16149068322981364,0.04166666666666663,0.4,0.12422360248447206,,0.6079169979784638
compas_core,3002,iid,B1,3,1,296,74,True,True,0.7027027027027027,0.6677551020408163,0.12873563218390804,0.09523809523809523,0.09523809523809523,0.1486590038314176,,0.6034999969415367
compas_core,3002,iid,B1,3,2,296,74,True,False,0.6891891891891891,0.6758712626166445,0.3545454545454546,0.1578947368421052,0.45818181818181825,0.037878787878787956,,0.600875006057322
compas_core,3002,iid,B1,3,3,296,74,True,False,0.7027027027027027,0.6946736684171042,0.2942528735632184,0.0888888888888888,0.4072727272727273,0.07816091954022986,,0.6012909871060401
compas_core,3002,iid,B1,3,4,295,74,True,True,0.7297297297297297,0.7084318360914106,0.1954022988505747,0.08695652173913049,0.2832167832167832,0.06590038314176239,,0.5958749970886856
compas_core,3002,iid,B1,3,5,295,74,True,False,0.6621621621621622,0.6325719960278053,0.29933481152993346,0.25,0.2930402930402931,0.06282335550628237,,0.5958749970886856
compas_core,3002,iid,B1,3,6,295,74,True,True,0.7432432432432432,0.7289377289377289,0.25303030303030305,0.09999999999999998,0.29166666666666663,0.01666666666666672,,0.5956669920124114
compas_core,3002,iid,B1,3,7,295,74,True,False,0.6081081081081081,0.5913159398209864,0.2723214285714286,0.08333333333333337,0.448051948051948,0.13541666666666663,,0.600458006374538
compas_core,3002,iid,B1,3,8,295,74,True,True,0.6621621621621622,0.660612731608879,0.2360248447204969,0.25595238095238093,0.25595238095238093,0.08385093167701863,,0.5913329950999469
compas_core,3002,iid,B1,3,9,295,74,True,True,0.7297297297297297,0.7164750957854407,0.10244286840031513,0.012787723785166238,0.08333333333333331,0.01733648542159172,,0.5991249927319586
compas_core,3002,iid,B1,4,0,296,74,True,True,0.6486486486486487,0.6073469387755102,0.16149068322981364,0.04166666666666663,0.4,0.12422360248447206,,0.6177500181365758
compas_core,3002,iid,B1,4,1,296,74,True,True,0.6891891891891891,0.6559531028906408,0.1509578544061302,0.1428571428571429,0.1428571428571429,0.17088122605363987,,0.6085000059101731
compas_core,3002,iid,B1,4,2,296,74,True,False,0.6891891891891891,0.6758712626166445,0.3545454545454546,0.1578947368421052,0.45818181818181825,0.037878787878787956,,0.6142909987829626
compas_core,3002,iid,B1,4,3,296,74,True,False,0.7027027027027027,0.6946736684171042,0.2942528735632184,0.0888888888888888,0.4072727272727273,0.07816091954022986,,0.5955410015303642
compas_core,3002,iid,B1,4,4,295,74,True,True,0.7162162162162162,0.6961876832844575,0.21762452107279684,0.13043478260869568,0.2832167832167832,0.04367816091954013,,0.5930000043008476
compas_core,3002,iid,B1,4,5,295,74,True,False,0.6756756756756757,0.6501182033096926,0.3237250554323725,0.25,0.3406593406593407,0.03843311160384333,,0.593250006204471
compas_core,3002,iid,B1,4,6,295,74,True,True,0.7432432432432432,0.7289377289377289,0.25303030303030305,0.09999999999999998,0.29166666666666663,0.01666666666666672,,0.5989169876556844
compas_core,3002,iid,B1,4,7,295,74,True,False,0.6216216216216216,0.6030651340996169,0.3035714285714286,0.13888888888888884,0.448051948051948,0.10416666666666663,,0.5942499847151339
compas_core,3002,iid,B1,4,8,295,74,True,True,0.6621621621621622,0.6591118481665745,0.1925465838509317,0.20833333333333337,0.20833333333333337,0.08385093167701863,,0.595749996136874
compas_core,3002,iid,B1,4,9,295,74,True,True,0.7297297297297297,0.7164750957854407,0.10244286840031513,0.012787723785166238,0.08333333333333331,0.01733648542159172,,0.5959999980404973
compas_core,3002,iid,B1,5,0,296,74,True,True,0.6486486486486487,0.6073469387755102,0.16149068322981364,0.04166666666666663,0.4,0.12422360248447206,,0.6170420092530549
compas_core,3002,iid,B1,5,1,296,74,True,True,0.6891891891891891,0.6559531028906408,0.1509578544061302,0.1428571428571429,0.1428571428571429,0.17088122605363987,,0.6085829809308052
compas_core,3002,iid,B1,5,2,296,74,True,False,0.6891891891891891,0.6758712626166445,0.3545454545454546,0.1578947368421052,0.45818181818181825,0.037878787878787956,,0.6415839889086783
compas_core,3002,iid,B1,5,3,296,74,True,False,0.7027027027027027,0.6946736684171042,0.2942528735632184,0.0888888888888888,0.4072727272727273,0.07816091954022986,,0.6018340063747019
compas_core,3002,iid,B1,5,4,295,74,True,True,0.7162162162162162,0.6961876832844575,0.21762452107279684,0.13043478260869568,0.2832167832167832,0.04367816091954013,,0.6133340066298842
compas_core,3002,iid,B1,5,5,295,74,True,False,0.6756756756756757,0.6501182033096926,0.3237250554323725,0.25,0.3406593406593407,0.03843311160384333,,0.6138329918030649
compas_core,3002,iid,B1,5,6,295,74,True,True,0.7432432432432432,0.7289377289377289,0.25303030303030305,0.09999999999999998,0.29166666666666663,0.01666666666666672,,0.5981250142212957
compas_core,3002,iid,B1,5,7,295,74,True,False,0.6081081081081081,0.58627337574706,0.27976190476190477,0.13888888888888884,0.40259740259740256,0.0803571428571429,,0.5891670007258654
compas_core,3002,iid,B1,5,8,295,74,True,True,0.6486486486486487,0.6444937176644494,0.1708074534161491,0.20833333333333337,0.20833333333333337,0.10559006211180122,,0.6170830165501684
compas_core,3002,iid,B1,5,9,295,74,True,True,0.7297297297297297,0.7164750957854407,0.10244286840031513,0.012787723785166238,0.08333333333333331,0.01733648542159172,,0.5903749843128026
compas_core,3002,iid,B3,1,0,296,74,True,True,0.6216216216216216,0.5583972719522592,0.13198757763975155,0.01388888888888884,0.26363636363636367,0.02329192546583858,,0.7340410083997995
compas_core,3002,iid,B3,1,1,296,74,True,True,0.7027027027027027,0.6608333333333334,0.14099616858237551,0.04761904761904767,0.11666666666666659,0.09195402298850575,,0.6903330213390291
compas_core,3002,iid,B3,1,2,296,74,True,False,0.7162162162162162,0.7119555143651529,0.4348484848484849,0.368421052631579,0.368421052631579,0.08484848484848495,,0.6154160073492676
compas_core,3002,iid,B3,1,3,296,74,True,False,0.6891891891891891,0.6877637130801688,0.3931034482758621,0.18333333333333335,0.5272727272727273,0.11264367816091947,,0.6130420078989118
compas_core,3002,iid,B3,1,4,295,74,True,True,0.7297297297297297,0.703525641025641,0.20766283524904217,0.04347826086956519,0.36013986013986016,0.12260536398467436,,0.6125000072643161
compas_core,3002,iid,B3,1,5,295,74,True,True,0.6621621621621622,0.6260359814028704,0.2505543237250554,0.19999999999999996,0.24542124542124544,0.06282335550628237,,0.6023749883752316
compas_core,3002,iid,B3,1,6,295,74,True,True,0.6891891891891891,0.6758712626166445,0.24242424242424243,0.14444444444444438,0.24999999999999994,0.018181818181818188,,0.6249999860301614
compas_core,3002,iid,B3,1,7,295,74,True,True,0.6216216216216216,0.6145833333333333,0.22619047619047616,0.07777777777777783,0.35064935064935066,0.10416666666666663,,0.6010000070091337
compas_core,3002,iid,B3,1,8,295,74,True,False,0.6216216216216216,0.6213450292397661,0.3307453416149069,0.38392857142857145,0.38392857142857145,0.09161490683229812,,0.6213329907041043
compas_core,3002,iid,B3,1,9,295,74,True,True,0.7027027027027027,0.6840062111801242,0.11820330969267145,0.012787723785166238,0.14166666666666666,0.0015760441292356209,,0.5987909971736372
compas_core,3002,iid,B3,2,0,296,74,True,True,0.6486486486486487,0.5991666666666666,0.17546583850931685,0.01388888888888884,0.3545454545454546,0.06677018633540377,,0.6106660002842546
compas_core,3002,iid,B3,2,1,296,74,True,True,0.7027027027027027,0.6608333333333334,0.14099616858237551,0.04761904761904767,0.11666666666666659,0.09195402298850575,,0.6521250179503113
compas_core,3002,iid,B3,2,2,296,74,True,False,0.6891891891891891,0.6758712626166445,0.3545454545454546,0.1578947368421052,0.45818181818181825,0.037878787878787956,,0.6207080150488764
compas_core,3002,iid,B3,2,3,296,74,True,False,0.7027027027027027,0.6946736684171042,0.2942528735632184,0.0888888888888888,0.4072727272727273,0.07816091954022986,,0.5975409876555204
compas_core,3002,iid,B3,2,4,295,74,True,True,0.7297297297297297,0.703525641025641,0.20766283524904217,0.04347826086956519,0.36013986013986016,0.12260536398467436,,0.605958019150421
compas_core,3002,iid,B3,2,5,295,74,True,True,0.6621621621621622,0.6260359814028704,0.2505543237250554,0.19999999999999996,0.24542124542124544,0.06282335550628237,,0.5942079878877848
compas_core,3002,iid,B3,2,6,295,74,True,True,0.7027027027027027,0.6792750197005516,0.24090909090909096,0.09999999999999998,0.2916666666666667,0.00454545454545463,,0.6005830073263496
compas_core,3002,iid,B3,2,7,295,74,True,False,0.6081081081081081,0.58627337574706,0.27976190476190477,0.13888888888888884,0.40259740259740256,0.0803571428571429,,0.5939999828115106
compas_core,3002,iid,B3,2,8,295,74,True,True,0.6621621621621622,0.660612731608879,0.2360248447204969,0.25595238095238093,0.25595238095238093,0.08385093167701863,,0.6019170104991645
compas_core,3002,iid,B3,2,9,295,74,True,True,0.7162162162162162,0.7004048582995952,0.08116627265563436,0.012787723785166238,0.041666666666666685,0.0386130811662726,,0.5927909805905074
compas_core,3002,iid,B3,3,0,296,74,True,True,0.6486486486486487,0.5991666666666666,0.17546583850931685,0.01388888888888884,0.3545454545454546,0.06677018633540377,,0.6080410094000399
compas_core,3002,iid,B3,3,1,296,74,True,True,0.7162162162162162,0.6796536796536796,0.10651340996168579,0.04761904761904767,0.04761904761904767,0.12643678160919547,,0.6209579878486693
compas_core,3002,iid,B3,3,2,296,74,True,False,0.7027027027027027,0.6881226053639846,0.3318181818181818,0.10526315789473684,0.45818181818181825,0.06060606060606066,,0.5990829959046096
compas_core,3002,iid,B3,3,3,296,74,True,False,0.7027027027027027,0.6946736684171042,0.2942528735632184,0.0888888888888888,0.4072727272727273,0.07816091954022986,,0.6071249954402447
compas_core,3002,iid,B3,3,4,295,74,True,True,0.7297297297297297,0.703525641025641,0.20766283524904217,0.04347826086956519,0.36013986013986016,0.12260536398467436,,0.6041669985279441
compas_core,3002,iid,B3,3,5,295,74,True,True,0.6621621621621622,0.6260359814028704,0.2505543237250554,0.19999999999999996,0.24542124542124544,0.06282335550628237,,0.6163340003695339
compas_core,3002,iid,B3,3,6,295,74,True,True,0.7162162162162162,0.6961876832844575,0.26363636363636367,0.09999999999999998,0.3333333333333333,0.027272727272727337,,0.6049579824320972
compas_core,3002,iid,B3,3,7,295,74,True,False,0.6081081081081081,0.58627337574706,0.27976190476190477,0.13888888888888884,0.40259740259740256,0.0803571428571429,,0.5952500214334577
compas_core,3002,iid,B3,3,8,295,74,True,True,0.6486486486486487,0.6444937176644494,0.1708074534161491,0.20833333333333337,0.20833333333333337,0.10559006211180122,,0.6213330198079348
compas_core,3002,iid,B3,3,9,295,74,True,True,0.7162162162162162,0.7004048582995952,0.08116627265563436,0.012787723785166238,0.041666666666666685,0.0386130811662726,,0.5980829882901162
compas_core,3002,iid,B3,4,0,296,74,True,True,0.6486486486486487,0.6073469387755102,0.16149068322981364,0.04166666666666663,0.4,0.12422360248447206,,0.6136669835541397
compas_core,3002,iid,B3,4,1,296,74,True,True,0.7162162162162162,0.6796536796536796,0.10651340996168579,0.04761904761904767,0.04761904761904767,0.12643678160919547,,0.6136670126579702
compas_core,3002,iid,B3,4,2,296,74,True,False,0.7027027027027027,0.6881226053639846,0.3318181818181818,0.10526315789473684,0.45818181818181825,0.06060606060606066,,0.5981670110486448
compas_core,3002,iid,B3,4,3,296,74,True,False,0.7027027027027027,0.6916666666666667,0.30651340996168575,0.14444444444444438,0.3672727272727273,0.02145593869731799,,0.5968339974060655
compas_core,3002,iid,B3,4,4,295,74,True,True,0.7297297297297297,0.703525641025641,0.20766283524904217,0.04347826086956519,0.36013986013986016,0.12260536398467436,,0.5967500037513673
compas_core,3002,iid,B3,4,5,295,74,True,True,0.6621621621621622,0.6260359814028704,0.2505543237250554,0.19999999999999996,0.24542124542124544,0.06282335550628237,,0.590750016272068
compas_core,3002,iid,B3,4,6,295,74,True,True,0.7162162162162162,0.6961876832844575,0.26363636363636367,0.09999999999999998,0.3333333333333333,0.027272727272727337,,0.5974590021651238
compas_core,3002,iid,B3,4,7,295,74,True,False,0.6081081081081081,0.58627337574706,0.27976190476190477,0.13888888888888884,0.40259740259740256,0.0803571428571429,,0.6143329956103116
compas_core,3002,iid,B3,4,8,295,74,True,True,0.6486486486486487,0.6444937176644494,0.1708074534161491,0.20833333333333337,0.20833333333333337,0.10559006211180122,,0.6175000162329525
compas_core,3002,iid,B3,4,9,295,74,True,True,0.7162162162162162,0.7004048582995952,0.08116627265563436,0.012787723785166238,0.041666666666666685,0.0386130811662726,,0.5947079916950315
compas_core,3002,iid,B3,5,0,296,74,True,True,0.6486486486486487,0.6073469387755102,0.16149068322981364,0.04166666666666663,0.4,0.12422360248447206,,0.6046670023351908
compas_core,3002,iid,B3,5,1,296,74,True,True,0.7162162162162162,0.6796536796536796,0.10651340996168579,0.04761904761904767,0.04761904761904767,0.12643678160919547,,0.6004169990774244
compas_core,3002,iid,B3,5,2,296,74,True,False,0.7027027027027027,0.6881226053639846,0.3318181818181818,0.10526315789473684,0.45818181818181825,0.06060606060606066,,0.5982500151731074
compas_core,3002,iid,B3,5,3,296,74,True,False,0.7027027027027027,0.6916666666666667,0.30651340996168575,0.14444444444444438,0.3672727272727273,0.02145593869731799,,0.606999994488433
compas_core,3002,iid,B3,5,4,295,74,True,True,0.7297297297297297,0.703525641025641,0.20766283524904217,0.04347826086956519,0.36013986013986016,0.12260536398467436,,0.596875004703179
compas_core,3002,iid,B3,5,5,295,74,True,True,0.6621621621621622,0.6260359814028704,0.2505543237250554,0.19999999999999996,0.24542124542124544,0.06282335550628237,,0.618582998868078
compas_core,3002,iid,B3,5,6,295,74,True,True,0.7162162162162162,0.6961876832844575,0.26363636363636367,0.09999999999999998,0.3333333333333333,0.027272727272727337,,0.5966670287307352
compas_core,3002,iid,B3,5,7,295,74,True,False,0.5945945945945946,0.5690993788819876,0.25595238095238093,0.13888888888888884,0.3571428571428571,0.05654761904761907,,0.6709160225000232
compas_core,3002,iid,B3,5,8,295,74,True,True,0.6486486486486487,0.6444937176644494,0.1708074534161491,0.20833333333333337,0.20833333333333337,0.10559006211180122,,0.6509579834528267
compas_core,3002,iid,B3,5,9,295,74,True,True,0.7162162162162162,0.7004048582995952,0.08116627265563436,0.012787723785166238,0.041666666666666685,0.0386130811662726,,0.6101250182837248
compas_core,3002,joint_dirichlet_0.3,B0,1,0,196,50,True,True,0.74,0.6081977094635322,0.125,0.04166666666666663,,0.32499999999999996,"equalized_odds_gap,false_positive_rate_gap",0.671416986733675
compas_core,3002,joint_dirichlet_0.3,B0,1,1,303,76,True,True,0.8421052631578947,0.5279503105590062,0.015625,0.0,0.09999999999999998,0.109375,,0.6245839758776128
compas_core,3002,joint_dirichlet_0.3,B0,1,2,534,134,True,True,0.8731343283582089,0.5608251397725081,0.020000000000000018,0.0,0.11764705882352944,0.0911764705882353,,0.67254199529998
compas_core,3002,joint_dirichlet_0.3,B0,1,3,684,171,True,True,0.9005847953216374,0.47384615384615386,0.0,,,0.12056737588652477,"equal_opportunity_gap,equalized_odds_gap",0.6794159999117255
compas_core,3002,joint_dirichlet_0.3,B0,1,4,168,43,True,True,0.6744186046511628,0.4625,0.1083743842364532,0.125,0.125,0.36453201970443355,,0.5905000143684447
compas_core,3002,joint_dirichlet_0.3,B0,1,5,84,22,True,False,0.7272727272727273,0.42105263157894735,,,,,"comparison_groups,subgroup_accuracy_gap",0.573665980482474
compas_core,3002,joint_dirichlet_0.3,B0,1,6,136,34,True,False,0.5,0.49956709956709955,0.3642857142857143,0.3333333333333333,0.43636363636363634,0.0,,0.58562500635162
compas_core,3002,joint_dirichlet_0.3,B0,1,7,318,80,True,True,1.0,1.0,0.0,0.0,,0.0,"equalized_odds_gap,false_positive_rate_gap",0.6289579905569553
compas_core,3002,joint_dirichlet_0.3,B0,1,8,454,114,True,True,0.7017543859649122,0.5644943820224719,0.17431761786600497,0.22857142857142856,0.22857142857142856,0.4423076923076923,,0.6248329882510006
compas_core,3002,joint_dirichlet_0.3,B0,1,9,74,19,True,False,0.5789473684210527,0.4571428571428572,,,,,"comparison_groups,subgroup_accuracy_gap",0.5697500018868595
compas_core,3002,joint_dirichlet_0.3,B0,2,0,196,50,True,True,0.72,0.592074592074592,0.025000000000000022,0.05833333333333335,,0.22499999999999998,"equalized_odds_gap,false_positive_rate_gap",0.6182089855428785
compas_core,3002,joint_dirichlet_0.3,B0,2,1,303,76,True,True,0.8289473684210527,0.5694989106753813,0.0625,0.03703703703703709,0.19999999999999996,0.09375,,0.6365419831126928
compas_core,3002,joint_dirichlet_0.3,B0,2,2,534,134,True,True,0.8805970149253731,0.6338797814207651,0.010588235294117676,0.03125,0.23529411764705888,0.041764705882352926,,0.66712501575239
compas_core,3002,joint_dirichlet_0.3,B0,2,3,684,171,True,True,0.8771929824561403,0.5105629003679978,0.03829787234042553,,,0.06808510638297871,"equal_opportunity_gap,equalized_odds_gap",0.6624169764108956
compas_core,3002,joint_dirichlet_0.3,B0,2,4,168,43,True,False,0.7209302325581395,0.6335227272727273,0.43103448275862066,0.625,0.625,0.11576354679802947,,0.5838329961989075
compas_core,3002,joint_dirichlet_0.3,B0,2,5,84,22,True,False,0.6818181818181818,0.40540540540540543,,,,,"comparison_groups,subgroup_accuracy_gap",0.5552500078920275
compas_core,3002,joint_dirichlet_0.3,B0,2,6,136,34,True,False,0.5882352941176471,0.5824561403508772,0.39285714285714285,0.4444444444444444,0.4444444444444444,0.02857142857142858,,0.5982499860692769
compas_core,3002,joint_dirichlet_0.3,B0,2,7,318,80,True,True,0.9875,0.4968553459119497,0.01754385964912286,0.01754385964912286,,0.01754385964912286,"equalized_odds_gap,false_positive_rate_gap",0.5972920043859631
compas_core,3002,joint_dirichlet_0.3,B0,2,8,454,114,True,True,0.6929824561403509,0.6301103179753407,0.20099255583126552,0.07142857142857145,0.11925925925925923,0.281637717121588,,0.6566249940078706
compas_core,3002,joint_dirichlet_0.3,B0,2,9,74,19,True,False,0.5789473684210527,0.4571428571428572,,,,,"comparison_groups,subgroup_accuracy_gap",0.5812500021420419
compas_core,3002,joint_dirichlet_0.3,B0,3,0,196,50,True,True,0.72,0.592074592074592,0.025000000000000022,0.05833333333333335,,0.22499999999999998,"equalized_odds_gap,false_positive_rate_gap",0.6241249793674797
compas_core,3002,joint_dirichlet_0.3,B0,3,1,303,76,True,True,0.8157894736842105,0.5588723051409619,0.02083333333333337,0.07407407407407407,0.19999999999999996,0.17708333333333337,,0.6217920163180679
compas_core,3002,joint_dirichlet_0.3,B0,3,2,534,134,True,True,0.8805970149253731,0.6338797814207651,0.010588235294117676,0.03125,0.23529411764705888,0.041764705882352926,,0.6560840120073408
compas_core,3002,joint_dirichlet_0.3,B0,3,3,684,171,True,True,0.8421052631578947,0.4913517682053542,0.03617021276595746,,,0.07021276595744685,"equal_opportunity_gap,equalized_odds_gap",0.6856670079287142
compas_core,3002,joint_dirichlet_0.3,B0,3,4,168,43,True,False,0.7209302325581395,0.6532258064516129,0.46798029556650245,0.75,0.75,0.009852216748768461,,0.6062079919502139
compas_core,3002,joint_dirichlet_0.3,B0,3,5,84,22,True,False,0.6363636363636364,0.48235294117647054,,,,,"comparison_groups,subgroup_accuracy_gap",0.5568750202655792
compas_core,3002,joint_dirichlet_0.3,B0,3,6,136,34,True,False,0.5882352941176471,0.575,0.3714285714285715,0.33333333333333326,0.5272727272727273,0.09285714285714286,,0.5792919837404042
compas_core,3002,joint_dirichlet_0.3,B0,3,7,318,80,True,True,0.975,0.4936708860759494,0.03508771929824561,0.03508771929824561,,0.03508771929824561,"equalized_odds_gap,false_positive_rate_gap",0.5998749984428287
compas_core,3002,joint_dirichlet_0.3,B0,3,8,454,114,True,True,0.6666666666666666,0.6198666198666198,0.2078163771712159,0.01428571428571429,0.1333333333333333,0.22394540942928032,,0.6419580022338778
compas_core,3002,joint_dirichlet_0.3,B0,3,9,74,19,True,False,0.5789473684210527,0.4571428571428572,,,,,"comparison_groups,subgroup_accuracy_gap",0.5606249906122684
compas_core,3002,joint_dirichlet_0.3,B0,4,0,196,50,True,True,0.74,0.6329757199322417,0.050000000000000044,0.05833333333333335,,0.20000000000000007,"equalized_odds_gap,false_positive_rate_gap",0.5960830021649599
compas_core,3002,joint_dirichlet_0.3,B0,4,1,303,76,True,True,0.8157894736842105,0.5969696969696969,0.01041666666666663,0.05555555555555558,0.30000000000000004,0.17708333333333337,,0.6234580068849027
compas_core,3002,joint_dirichlet_0.3,B0,4,2,534,134,True,True,0.8805970149253731,0.6338797814207651,0.010588235294117676,0.03125,0.23529411764705888,0.041764705882352926,,0.6458749994635582
compas_core,3002,joint_dirichlet_0.3,B0,4,3,684,171,True,True,0.8362573099415205,0.48846153846153845,0.029078014184397163,,,0.07730496453900715,"equal_opportunity_gap,equalized_odds_gap",0.6570419936906546
compas_core,3002,joint_dirichlet_0.3,B0,4,4,168,43,True,False,0.7441860465116279,0.6898360655737705,0.4334975369458128,0.55,0.55,0.044334975369458074,,0.5797919875476509
compas_core,3002,joint_dirichlet_0.3,B0,4,5,84,22,True,False,0.6818181818181818,0.6178660049627791,,,,,"comparison_groups,subgroup_accuracy_gap",0.5631669773720205
compas_core,3002,joint_dirichlet_0.3,B0,4,6,136,34,True,False,0.5588235294117647,0.5255813953488373,0.4,0.4444444444444444,0.4444444444444444,0.021428571428571352,,0.6039160070940852
compas_core,3002,joint_dirichlet_0.3,B0,4,7,318,80,True,True,0.9375,0.4838709677419355,0.08771929824561409,0.08771929824561409,,0.08771929824561409,"equalized_odds_gap,false_positive_rate_gap",0.6019160209689289
compas_core,3002,joint_dirichlet_0.3,B0,4,8,454,114,True,False,0.6754385964912281,0.649522226838388,0.282258064516129,0.12857142857142856,0.1674074074074074,0.13709677419354838,,0.6285000126808882
compas_core,3002,joint_dirichlet_0.3,B0,4,9,74,19,True,False,0.5789473684210527,0.4571428571428572,,,,,"comparison_groups,subgroup_accuracy_gap",0.5627920036204159
compas_core,3002,joint_dirichlet_0.3,B0,5,0,196,50,True,True,0.74,0.6329757199322417,0.050000000000000044,0.05833333333333335,,0.20000000000000007,"equalized_odds_gap,false_positive_rate_gap",0.6243750103749335
compas_core,3002,joint_dirichlet_0.3,B0,5,1,303,76,True,True,0.8289473684210527,0.6408578698655034,0.07291666666666663,0.05555555555555558,0.05555555555555558,0.09375,,0.6019589782226831
compas_core,3002,joint_dirichlet_0.3,B0,5,2,534,134,True,True,0.8656716417910447,0.6410714285714286,0.028235294117647025,0.08170180722891562,0.2941176470588235,0.017058823529411793,,0.6455419934354722
compas_core,3002,joint_dirichlet_0.3,B0,5,3,684,171,True,True,0.8245614035087719,0.510122230710466,0.08156028368794326,,,0.010638297872340496,"equal_opportunity_gap,equalized_odds_gap",0.6647080008406192
compas_core,3002,joint_dirichlet_0.3,B0,5,4,168,43,True,False,0.7441860465116279,0.7138535995160314,0.6133004926108374,0.475,0.5416666666666666,0.1502463054187192,,0.5829590081702918
compas_core,3002,joint_dirichlet_0.3,B0,5,5,84,22,True,False,0.5454545454545454,0.5089285714285714,,,,,"comparison_groups,subgroup_accuracy_gap",0.5697919987142086
compas_core,3002,joint_dirichlet_0.3,B0,5,6,136,34,True,False,0.5294117647058824,0.48484848484848486,0.3285714285714286,0.4444444444444444,0.4444444444444444,0.050000000000000044,,0.6187499966472387
compas_core,3002,joint_dirichlet_0.3,B0,5,7,318,80,True,True,0.925,0.4805194805194805,0.10526315789473684,0.10526315789473684,,0.10526315789473684,"equalized_odds_gap,false_positive_rate_gap",0.6096659926697612
compas_core,3002,joint_dirichlet_0.3,B0,5,8,454,114,True,False,0.6578947368421053,0.6406111066203217,0.3083126550868487,0.18571428571428572,0.20148148148148143,0.09863523573200994,,0.6559590110555291
compas_core,3002,joint_dirichlet_0.3,B0,5,9,74,19,True,False,0.631578947368421,0.5521885521885521,,,,,"comparison_groups,subgroup_accuracy_gap",0.5659579765051603
compas_core,3002,joint_dirichlet_0.3,B1,1,0,196,50,True,True,0.74,0.6081977094635322,0.125,0.04166666666666663,,0.32499999999999996,"equalized_odds_gap,false_positive_rate_gap",0.6669590075034648
compas_core,3002,joint_dirichlet_0.3,B1,1,1,303,76,True,True,0.8421052631578947,0.5279503105590062,0.015625,0.0,0.09999999999999998,0.109375,,0.6241660157684237
compas_core,3002,joint_dirichlet_0.3,B1,1,2,534,134,True,True,0.8731343283582089,0.5608251397725081,0.020000000000000018,0.0,0.11764705882352944,0.0911764705882353,,0.6474999827332795
compas_core,3002,joint_dirichlet_0.3,B1,1,3,684,171,True,True,0.9005847953216374,0.47384615384615386,0.0,,,0.12056737588652477,"equal_opportunity_gap,equalized_odds_gap",0.6675409968011081
compas_core,3002,joint_dirichlet_0.3,B1,1,4,168,43,True,True,0.6744186046511628,0.4625,0.1083743842364532,0.125,0.125,0.36453201970443355,,0.5916250229347497
compas_core,3002,joint_dirichlet_0.3,B1,1,5,84,22,True,False,0.7272727272727273,0.42105263157894735,,,,,"comparison_groups,subgroup_accuracy_gap",0.5684170173481107
compas_core,3002,joint_dirichlet_0.3,B1,1,6,136,34,True,False,0.5,0.49956709956709955,0.3642857142857143,0.3333333333333333,0.43636363636363634,0.0,,0.5832499882671982
compas_core,3002,joint_dirichlet_0.3,B1,1,7,318,80,True,True,1.0,1.0,0.0,0.0,,0.0,"equalized_odds_gap,false_positive_rate_gap",0.6269169971346855
compas_core,3002,joint_dirichlet_0.3,B1,1,8,454,114,True,True,0.7017543859649122,0.5644943820224719,0.17431761786600497,0.22857142857142856,0.22857142857142856,0.4423076923076923,,0.618207996012643
compas_core,3002,joint_dirichlet_0.3,B1,1,9,74,19,True,False,0.5789473684210527,0.4571428571428572,,,,,"comparison_groups,subgroup_accuracy_gap",0.555957987671718
compas_core,3002,joint_dirichlet_0.3,B1,2,0,196,50,True,True,0.72,0.592074592074592,0.025000000000000022,0.05833333333333335,,0.22499999999999998,"equalized_odds_gap,false_positive_rate_gap",0.5981249851174653
compas_core,3002,joint_dirichlet_0.3,B1,2,1,303,76,True,True,0.8289473684210527,0.5694989106753813,0.0625,0.03703703703703709,0.19999999999999996,0.09375,,0.6293330225162208
compas_core,3002,joint_dirichlet_0.3,B1,2,2,534,134,True,True,0.8805970149253731,0.6338797814207651,0.010588235294117676,0.03125,0.23529411764705888,0.041764705882352926,,0.6510000093840063
compas_core,3002,joint_dirichlet_0.3,B1,2,3,684,171,True,True,0.8771929824561403,0.5105629003679978,0.03829787234042553,,,0.06808510638297871,"equal_opportunity_gap,equalized_odds_gap",0.6593750149477273
compas_core,3002,joint_dirichlet_0.3,B1,2,4,168,43,True,False,0.7209302325581395,0.6335227272727273,0.43103448275862066,0.625,0.625,0.11576354679802947,,0.5818750069011003
compas_core,3002,joint_dirichlet_0.3,B1,2,5,84,22,True,False,0.6818181818181818,0.40540540540540543,,,,,"comparison_groups,subgroup_accuracy_gap",0.5541249993257225
compas_core,3002,joint_dirichlet_0.3,B1,2,6,136,34,True,False,0.5882352941176471,0.5824561403508772,0.39285714285714285,0.4444444444444444,0.4444444444444444,0.02857142857142858,,0.5754999874625355
compas_core,3002,joint_dirichlet_0.3,B1,2,7,318,80,True,True,0.9875,0.4968553459119497,0.01754385964912286,0.01754385964912286,,0.01754385964912286,"equalized_odds_gap,false_positive_rate_gap",0.6005420000292361
compas_core,3002,joint_dirichlet_0.3,B1,2,8,454,114,True,True,0.6929824561403509,0.6301103179753407,0.20099255583126552,0.07142857142857145,0.11925925925925923,0.281637717121588,,0.614999997196719
compas_core,3002,joint_dirichlet_0.3,B1,2,9,74,19,True,False,0.5789473684210527,0.4571428571428572,,,,,"comparison_groups,subgroup_accuracy_gap",0.575915997615084
compas_core,3002,joint_dirichlet_0.3,B1,3,0,196,50,True,True,0.72,0.592074592074592,0.025000000000000022,0.05833333333333335,,0.22499999999999998,"equalized_odds_gap,false_positive_rate_gap",0.5959999980404973
compas_core,3002,joint_dirichlet_0.3,B1,3,1,303,76,True,True,0.8157894736842105,0.5588723051409619,0.02083333333333337,0.07407407407407407,0.19999999999999996,0.17708333333333337,,0.6000840221531689
compas_core,3002,joint_dirichlet_0.3,B1,3,2,534,134,True,True,0.8805970149253731,0.6338797814207651,0.010588235294117676,0.03125,0.23529411764705888,0.041764705882352926,,0.6400000129360706
compas_core,3002,joint_dirichlet_0.3,B1,3,3,684,171,True,True,0.8421052631578947,0.4913517682053542,0.03617021276595746,,,0.07021276595744685,"equal_opportunity_gap,equalized_odds_gap",0.6665419787168503
compas_core,3002,joint_dirichlet_0.3,B1,3,4,168,43,True,False,0.7209302325581395,0.6532258064516129,0.46798029556650245,0.75,0.75,0.009852216748768461,,0.5824160180054605
compas_core,3002,joint_dirichlet_0.3,B1,3,5,84,22,True,False,0.6363636363636364,0.48235294117647054,,,,,"comparison_groups,subgroup_accuracy_gap",0.5557919794227928
compas_core,3002,joint_dirichlet_0.3,B1,3,6,136,34,True,False,0.5882352941176471,0.575,0.3714285714285715,0.33333333333333326,0.5272727272727273,0.09285714285714286,,0.5737500032410026
compas_core,3002,joint_dirichlet_0.3,B1,3,7,318,80,True,True,0.975,0.4936708860759494,0.03508771929824561,0.03508771929824561,,0.03508771929824561,"equalized_odds_gap,false_positive_rate_gap",0.601916981395334
compas_core,3002,joint_dirichlet_0.3,B1,3,8,454,114,True,True,0.6666666666666666,0.6198666198666198,0.2078163771712159,0.01428571428571429,0.1333333333333333,0.22394540942928032,,0.6325409922283143
compas_core,3002,joint_dirichlet_0.3,B1,3,9,74,19,True,False,0.5789473684210527,0.4571428571428572,,,,,"comparison_groups,subgroup_accuracy_gap",0.5535000236704946
compas_core,3002,joint_dirichlet_0.3,B1,4,0,196,50,True,True,0.74,0.6329757199322417,0.050000000000000044,0.05833333333333335,,0.20000000000000007,"equalized_odds_gap,false_positive_rate_gap",0.5927089951001108
compas_core,3002,joint_dirichlet_0.3,B1,4,1,303,76,True,True,0.8157894736842105,0.5969696969696969,0.01041666666666663,0.05555555555555558,0.30000000000000004,0.17708333333333337,,0.622958003077656
compas_core,3002,joint_dirichlet_0.3,B1,4,2,534,134,True,True,0.8805970149253731,0.6338797814207651,0.010588235294117676,0.03125,0.23529411764705888,0.041764705882352926,,0.6391250062733889
compas_core,3002,joint_dirichlet_0.3,B1,4,3,684,171,True,True,0.8362573099415205,0.48846153846153845,0.029078014184397163,,,0.07730496453900715,"equal_opportunity_gap,equalized_odds_gap",0.6589170079678297
compas_core,3002,joint_dirichlet_0.3,B1,4,4,168,43,True,False,0.7441860465116279,0.6898360655737705,0.4334975369458128,0.55,0.55,0.044334975369458074,,0.5852080066688359
compas_core,3002,joint_dirichlet_0.3,B1,4,5,84,22,True,False,0.6818181818181818,0.6178660049627791,,,,,"comparison_groups,subgroup_accuracy_gap",0.5542920262087137
compas_core,3002,joint_dirichlet_0.3,B1,4,6,136,34,True,False,0.5588235294117647,0.5255813953488373,0.4,0.4444444444444444,0.4444444444444444,0.021428571428571352,,0.5732080026064068
compas_core,3002,joint_dirichlet_0.3,B1,4,7,318,80,True,True,0.9375,0.4838709677419355,0.08771929824561409,0.08771929824561409,,0.08771929824561409,"equalized_odds_gap,false_positive_rate_gap",0.5971670034341514
compas_core,3002,joint_dirichlet_0.3,B1,4,8,454,114,True,False,0.6754385964912281,0.649522226838388,0.282258064516129,0.12857142857142856,0.1674074074074074,0.13709677419354838,,0.6108749948907644
compas_core,3002,joint_dirichlet_0.3,B1,4,9,74,19,True,False,0.5789473684210527,0.4571428571428572,,,,,"comparison_groups,subgroup_accuracy_gap",0.5522079882211983
compas_core,3002,joint_dirichlet_0.3,B1,5,0,196,50,True,True,0.74,0.6329757199322417,0.050000000000000044,0.05833333333333335,,0.20000000000000007,"equalized_odds_gap,false_positive_rate_gap",0.6108339875936508
compas_core,3002,joint_dirichlet_0.3,B1,5,1,303,76,True,True,0.8289473684210527,0.6408578698655034,0.07291666666666663,0.05555555555555558,0.05555555555555558,0.09375,,0.5973750085104257
compas_core,3002,joint_dirichlet_0.3,B1,5,2,534,134,True,True,0.8656716417910447,0.6410714285714286,0.028235294117647025,0.08170180722891562,0.2941176470588235,0.017058823529411793,,0.658040982671082
compas_core,3002,joint_dirichlet_0.3,B1,5,3,684,171,True,True,0.8245614035087719,0.510122230710466,0.08156028368794326,,,0.010638297872340496,"equal_opportunity_gap,equalized_odds_gap",0.680500001180917
compas_core,3002,joint_dirichlet_0.3,B1,5,4,168,43,True,False,0.7441860465116279,0.7138535995160314,0.6133004926108374,0.475,0.5416666666666666,0.1502463054187192,,0.6039580039214343
compas_core,3002,joint_dirichlet_0.3,B1,5,5,84,22,True,False,0.5454545454545454,0.5089285714285714,,,,,"comparison_groups,subgroup_accuracy_gap",0.5545000021811575
compas_core,3002,joint_dirichlet_0.3,B1,5,6,136,34,True,False,0.5294117647058824,0.48484848484848486,0.3285714285714286,0.4444444444444444,0.4444444444444444,0.050000000000000044,,0.5927079764660448
compas_core,3002,joint_dirichlet_0.3,B1,5,7,318,80,True,True,0.925,0.4805194805194805,0.10526315789473684,0.10526315789473684,,0.10526315789473684,"equalized_odds_gap,false_positive_rate_gap",0.5902500124648213
compas_core,3002,joint_dirichlet_0.3,B1,5,8,454,114,True,False,0.6578947368421053,0.6406111066203217,0.3083126550868487,0.18571428571428572,0.20148148148148143,0.09863523573200994,,0.6410839851014316
compas_core,3002,joint_dirichlet_0.3,B1,5,9,74,19,True,False,0.631578947368421,0.5521885521885521,,,,,"comparison_groups,subgroup_accuracy_gap",0.551999983144924
compas_core,3002,joint_dirichlet_0.3,B3,1,0,196,50,True,True,0.74,0.6081977094635322,0.125,0.04166666666666663,,0.32499999999999996,"equalized_odds_gap,false_positive_rate_gap",0.6822909926995635
compas_core,3002,joint_dirichlet_0.3,B3,1,1,303,76,True,True,0.8421052631578947,0.5279503105590062,0.015625,0.0,0.09999999999999998,0.109375,,0.6737500079907477
compas_core,3002,joint_dirichlet_0.3,B3,1,2,534,134,True,True,0.8731343283582089,0.5608251397725081,0.020000000000000018,0.0,0.11764705882352944,0.0911764705882353,,0.6854579842183739
compas_core,3002,joint_dirichlet_0.3,B3,1,3,684,171,True,True,0.9005847953216374,0.47384615384615386,0.0,,,0.12056737588652477,"equal_opportunity_gap,equalized_odds_gap",0.673958013067022
compas_core,3002,joint_dirichlet_0.3,B3,1,4,168,43,True,True,0.6744186046511628,0.4625,0.1083743842364532,0.125,0.125,0.36453201970443355,,0.5956249951850623
compas_core,3002,joint_dirichlet_0.3,B3,1,5,84,22,True,False,0.7272727272727273,0.42105263157894735,,,,,"comparison_groups,subgroup_accuracy_gap",0.5720409972127527
compas_core,3002,joint_dirichlet_0.3,B3,1,6,136,34,True,False,0.5,0.49956709956709955,0.3642857142857143,0.3333333333333333,0.43636363636363634,0.0,,0.6322909903246909
compas_core,3002,joint_dirichlet_0.3,B3,1,7,318,80,True,True,1.0,1.0,0.0,0.0,,0.0,"equalized_odds_gap,false_positive_rate_gap",0.6455830007325858
compas_core,3002,joint_dirichlet_0.3,B3,1,8,454,114,True,True,0.7017543859649122,0.5644943820224719,0.17431761786600497,0.22857142857142856,0.22857142857142856,0.4423076923076923,,0.6969159876462072
compas_core,3002,joint_dirichlet_0.3,B3,1,9,74,19,True,False,0.5789473684210527,0.4571428571428572,,,,,"comparison_groups,subgroup_accuracy_gap",0.5792919837404042
compas_core,3002,joint_dirichlet_0.3,B3,2,0,196,50,True,True,0.72,0.592074592074592,0.025000000000000022,0.05833333333333335,,0.22499999999999998,"equalized_odds_gap,false_positive_rate_gap",0.5976670072413981
compas_core,3002,joint_dirichlet_0.3,B3,2,1,303,76,True,True,0.8289473684210527,0.5694989106753813,0.0625,0.03703703703703709,0.19999999999999996,0.09375,,0.6108329980634153
compas_core,3002,joint_dirichlet_0.3,B3,2,2,534,134,True,True,0.8805970149253731,0.6338797814207651,0.010588235294117676,0.03125,0.23529411764705888,0.041764705882352926,,0.6538750021718442
compas_core,3002,joint_dirichlet_0.3,B3,2,3,684,171,True,True,0.8771929824561403,0.5105629003679978,0.03829787234042553,,,0.06808510638297871,"equal_opportunity_gap,equalized_odds_gap",0.6832499930169433
compas_core,3002,joint_dirichlet_0.3,B3,2,4,168,43,True,False,0.7209302325581395,0.6335227272727273,0.43103448275862066,0.625,0.625,0.11576354679802947,,0.5797080229967833
compas_core,3002,joint_dirichlet_0.3,B3,2,5,84,22,True,False,0.6818181818181818,0.40540540540540543,,,,,"comparison_groups,subgroup_accuracy_gap",0.5599170108325779
compas_core,3002,joint_dirichlet_0.3,B3,2,6,136,34,True,False,0.5882352941176471,0.5824561403508772,0.39285714285714285,0.4444444444444444,0.4444444444444444,0.02857142857142858,,0.5799159989692271
compas_core,3002,joint_dirichlet_0.3,B3,2,7,318,80,True,True,0.9875,0.4968553459119497,0.01754385964912286,0.01754385964912286,,0.01754385964912286,"equalized_odds_gap,false_positive_rate_gap",0.6004160095471889
compas_core,3002,joint_dirichlet_0.3,B3,2,8,454,114,True,True,0.6842105263157895,0.6227941176470588,0.21712158808933002,0.07142857142857145,0.15629629629629627,0.29776674937965264,,0.625124986981973
compas_core,3002,joint_dirichlet_0.3,B3,2,9,74,19,True,False,0.5789473684210527,0.4571428571428572,,,,,"comparison_groups,subgroup_accuracy_gap",0.5527909961529076
compas_core,3002,joint_dirichlet_0.3,B3,3,0,196,50,True,True,0.72,0.592074592074592,0.025000000000000022,0.05833333333333335,,0.22499999999999998,"equalized_odds_gap,false_positive_rate_gap",0.676499999826774
compas_core,3002,joint_dirichlet_0.3,B3,3,1,303,76,True,True,0.8157894736842105,0.5588723051409619,0.02083333333333337,0.07407407407407407,0.19999999999999996,0.17708333333333337,,0.6382499996107072
compas_core,3002,joint_dirichlet_0.3,B3,3,2,534,134,True,True,0.8805970149253731,0.6338797814207651,0.010588235294117676,0.03125,0.23529411764705888,0.041764705882352926,,0.7319580181501806
compas_core,3002,joint_dirichlet_0.3,B3,3,3,684,171,True,True,0.8421052631578947,0.4913517682053542,0.03617021276595746,,,0.07021276595744685,"equal_opportunity_gap,equalized_odds_gap",0.7465840026270598
compas_core,3002,joint_dirichlet_0.3,B3,3,4,168,43,True,False,0.7209302325581395,0.6532258064516129,0.46798029556650245,0.75,0.75,0.009852216748768461,,0.5901250115130097
compas_core,3002,joint_dirichlet_0.3,B3,3,5,84,22,True,False,0.6363636363636364,0.48235294117647054,,,,,"comparison_groups,subgroup_accuracy_gap",0.5959579721093178
compas_core,3002,joint_dirichlet_0.3,B3,3,6,136,34,True,False,0.5294117647058824,0.48484848484848486,0.3285714285714286,0.4444444444444444,0.4444444444444444,0.050000000000000044,,0.5990840145386755
compas_core,3002,joint_dirichlet_0.3,B3,3,7,318,80,True,True,0.975,0.4936708860759494,0.03508771929824561,0.03508771929824561,,0.03508771929824561,"equalized_odds_gap,false_positive_rate_gap",0.6027920171618462
compas_core,3002,joint_dirichlet_0.3,B3,3,8,454,114,True,True,0.6666666666666666,0.6341216216216217,0.2692307692307692,0.0714285714285714,0.18740740740740738,0.18858560794044665,,0.6584580114576966
compas_core,3002,joint_dirichlet_0.3,B3,3,9,74,19,True,False,0.5789473684210527,0.4571428571428572,,,,,"comparison_groups,subgroup_accuracy_gap",0.5794579919893295
compas_core,3002,joint_dirichlet_0.3,B3,4,0,196,50,True,True,0.72,0.592074592074592,0.025000000000000022,0.05833333333333335,,0.22499999999999998,"equalized_odds_gap,false_positive_rate_gap",0.6286669813562185
compas_core,3002,joint_dirichlet_0.3,B3,4,1,303,76,True,True,0.8157894736842105,0.5969696969696969,0.01041666666666663,0.05555555555555558,0.30000000000000004,0.17708333333333337,,0.5983329901937395
compas_core,3002,joint_dirichlet_0.3,B3,4,2,534,134,True,True,0.8805970149253731,0.6338797814207651,0.010588235294117676,0.03125,0.23529411764705888,0.041764705882352926,,0.6398750119842589
compas_core,3002,joint_dirichlet_0.3,B3,4,3,684,171,True,True,0.8245614035087719,0.510122230710466,0.08156028368794326,,,0.010638297872340496,"equal_opportunity_gap,equalized_odds_gap",0.6641249929089099
compas_core,3002,joint_dirichlet_0.3,B3,4,4,168,43,True,False,0.7209302325581395,0.6928571428571428,0.5788177339901478,0.475,0.5,0.11576354679802947,,0.6054159894119948
compas_core,3002,joint_dirichlet_0.3,B3,4,5,84,22,True,False,0.5454545454545454,0.5089285714285714,,,,,"comparison_groups,subgroup_accuracy_gap",0.5951670173089951
compas_core,3002,joint_dirichlet_0.3,B3,4,6,136,34,True,False,0.5588235294117647,0.5072463768115942,0.2571428571428571,0.33333333333333337,0.33333333333333337,0.021428571428571352,,0.5788750131614506
compas_core,3002,joint_dirichlet_0.3,B3,4,7,318,80,True,True,0.9375,0.4838709677419355,0.08771929824561409,0.08771929824561409,,0.08771929824561409,"equalized_odds_gap,false_positive_rate_gap",0.5974579835310578
compas_core,3002,joint_dirichlet_0.3,B3,4,8,454,114,True,False,0.6578947368421053,0.6406111066203217,0.3083126550868487,0.18571428571428572,0.20148148148148143,0.09863523573200994,,0.6323330162558705
compas_core,3002,joint_dirichlet_0.3,B3,4,9,74,19,True,False,0.5789473684210527,0.4571428571428572,,,,,"comparison_groups,subgroup_accuracy_gap",0.5511250055860728
compas_core,3002,joint_dirichlet_0.3,B3,5,0,196,50,True,True,0.72,0.592074592074592,0.025000000000000022,0.05833333333333335,,0.22499999999999998,"equalized_odds_gap,false_positive_rate_gap",0.6272500031627715
compas_core,3002,joint_dirichlet_0.3,B3,5,1,303,76,True,True,0.8157894736842105,0.5969696969696969,0.01041666666666663,0.05555555555555558,0.30000000000000004,0.17708333333333337,,0.6320829852484167
compas_core,3002,joint_dirichlet_0.3,B3,5,2,534,134,True,True,0.8805970149253731,0.6338797814207651,0.010588235294117676,0.03125,0.23529411764705888,0.041764705882352926,,0.6793340144213289
compas_core,3002,joint_dirichlet_0.3,B3,5,3,684,171,True,True,0.7953216374269005,0.56833754056978,0.15106382978723404,,,0.11560283687943262,"equal_opportunity_gap,equalized_odds_gap",0.6605000235140324
compas_core,3002,joint_dirichlet_0.3,B3,5,4,168,43,True,False,0.6976744186046512,0.6868347338935574,0.6182266009852218,0.4,0.5833333333333334,0.08128078817733986,,0.5987090116832405
compas_core,3002,joint_dirichlet_0.3,B3,5,5,84,22,True,False,0.5454545454545454,0.5299145299145299,,,,,"comparison_groups,subgroup_accuracy_gap",0.5588330095633864
compas_core,3002,joint_dirichlet_0.3,B3,5,6,136,34,True,False,0.5588235294117647,0.48328267477203646,0.23571428571428565,0.2222222222222222,0.3090909090909091,0.1428571428571429,,0.5970000056549907
compas_core,3002,joint_dirichlet_0.3,B3,5,7,318,80,True,True,0.9375,0.4838709677419355,0.08771929824561409,0.08771929824561409,,0.08771929824561409,"equalized_odds_gap,false_positive_rate_gap",0.6135420117061585
compas_core,3002,joint_dirichlet_0.3,B3,5,8,454,114,True,False,0.6140350877192983,0.6041666666666666,0.20905707196029777,0.2142857142857143,0.2142857142857143,0.03287841191066998,,0.6248750141821802
compas_core,3002,joint_dirichlet_0.3,B3,5,9,74,19,True,False,0.5789473684210527,0.4571428571428572,,,,,"comparison_groups,subgroup_accuracy_gap",0.5640409945044667
compas_core,3003,iid,B0,1,0,296,74,True,True,0.6891891891891891,0.6886775196634352,0.26785714285714285,0.2222222222222222,0.2222222222222222,0.0029761904761904656,,0.7754160033073276
compas_core,3003,iid,B0,1,1,296,74,True,False,0.6756756756756757,0.6669167291822955,0.4454545454545455,0.2777777777777778,0.5724637681159421,0.07121212121212128,,0.722791999578476
compas_core,3003,iid,B0,1,2,296,74,True,True,0.6756756756756757,0.6375510204081632,0.1762820512820512,0.057499999999999996,0.27826086956521745,0.033653846153846145,,0.7063750235829502
compas_core,3003,iid,B0,1,3,296,74,True,True,0.6621621621621622,0.6325719960278053,0.0669642857142857,0.050000000000000044,0.050000000000000044,0.09970238095238093,,0.6886249757371843
compas_core,3003,iid,B0,1,4,295,74,True,False,0.6756756756756757,0.6669167291822955,0.2828999211977935,0.1166666666666667,0.44565217391304346,0.13081166272655642,,0.6953339907340705
compas_core,3003,iid,B0,1,5,295,74,True,True,0.7297297297297297,0.6675651392632524,0.1832963784183297,0.04761904761904767,0.25,0.0502586844050259,,0.6803750002291054
compas_core,3003,iid,B0,1,6,295,74,True,True,0.6891891891891891,0.6886775196634352,0.156060606060606,0.0935672514619883,0.09666666666666668,0.018181818181818188,,0.6782079872209579
compas_core,3003,iid,B0,1,7,295,74,True,False,0.6621621621621622,0.6433391170233276,0.3012820512820512,0.21717171717171713,0.28846153846153844,0.10576923076923073,,0.6749580206815153
compas_core,3003,iid,B0,1,8,295,74,True,True,0.6621621621621622,0.660612731608879,0.05757575757575756,0.0535714285714286,0.0535714285714286,0.007575757575757569,,0.6764580029994249
compas_core,3003,iid,B0,1,9,295,74,True,True,0.7567567567567568,0.7414596273291926,0.1636363636363637,0.04260651629072676,0.15415019762845844,0.01666666666666672,,0.6769169995095581
compas_core,3003,iid,B0,2,0,296,74,True,False,0.6756756756756757,0.6718403547671841,0.28125,0.2777777777777778,0.2777777777777778,0.0758928571428571,,0.6892500096000731
compas_core,3003,iid,B0,2,1,296,74,True,False,0.7162162162162162,0.7071791972866026,0.4787878787878788,0.2857142857142857,0.6159420289855073,0.08333333333333337,,0.6936249847058207
compas_core,3003,iid,B0,2,2,296,74,True,True,0.6891891891891891,0.6559531028906408,0.13782051282051277,0.057499999999999996,0.17826086956521736,0.004807692307692291,,0.6705830164719373
compas_core,3003,iid,B0,2,3,296,74,True,True,0.6756756756756757,0.6501182033096926,0.09077380952380953,0.050000000000000044,0.050000000000000044,0.0758928571428571,,0.6732909823767841
compas_core,3003,iid,B0,2,4,295,74,True,True,0.6621621621621622,0.6545284780578898,0.24586288416075652,0.15833333333333333,0.3188405797101449,0.05122143420015757,,0.672499998472631
compas_core,3003,iid,B0,2,5,295,74,True,True,0.7297297297297297,0.6675651392632524,0.1832963784183297,0.04761904761904767,0.25,0.0502586844050259,,0.6733330083079636
compas_core,3003,iid,B0,2,6,295,74,True,True,0.6621621621621622,0.6591118481665745,0.23333333333333328,0.040935672514619936,0.3466666666666666,0.10454545454545461,,0.6791659980081022
compas_core,3003,iid,B0,2,7,295,74,True,False,0.6486486486486487,0.6265527950310559,0.33974358974358976,0.21717171717171713,0.41346153846153844,0.06730769230769229,,0.6698749784845859
compas_core,3003,iid,B0,2,8,295,74,True,True,0.7297297297297297,0.728937728937729,0.18939393939393934,0.1607142857142857,0.16770186335403725,0.006060606060605989,,0.6697909848298877
compas_core,3003,iid,B0,2,9,295,74,True,True,0.7567567567567568,0.7414596273291926,0.1636363636363637,0.04260651629072676,0.15415019762845844,0.01666666666666672,,0.6672909948974848
compas_core,3003,iid,B0,3,0,296,74,True,True,0.6891891891891891,0.6845227062094532,0.25744047619047616,0.2222222222222222,0.2222222222222222,0.05208333333333337,,0.6867919873911887
compas_core,3003,iid,B0,3,1,296,74,True,False,0.7162162162162162,0.7071791972866026,0.4787878787878788,0.2857142857142857,0.6159420289855073,0.08333333333333337,,0.6747499865014106
compas_core,3003,iid,B0,3,2,296,74,True,True,0.7162162162162162,0.6913604766633565,0.0608974358974359,0.057499999999999996,0.057499999999999996,0.08173076923076927,,0.6712500180583447
compas_core,3003,iid,B0,3,3,296,74,True,True,0.6756756756756757,0.6501182033096926,0.09077380952380953,0.050000000000000044,0.050000000000000044,0.0758928571428571,,0.6792080239392817
compas_core,3003,iid,B0,3,4,295,74,True,True,0.6621621621621622,0.6545284780578898,0.24586288416075652,0.15833333333333333,0.3188405797101449,0.05122143420015757,,0.6695000047329813
compas_core,3003,iid,B0,3,5,295,74,True,True,0.7432432432432432,0.6966558791801509,0.2564671101256467,0.09523809523809523,0.35000000000000003,0.025868440502586854,,0.6727500003762543
compas_core,3003,iid,B0,3,6,295,74,True,True,0.6486486486486487,0.6444937176644494,0.21060606060606057,0.040935672514619936,0.30666666666666664,0.08181818181818179,,0.6681249942630529
compas_core,3003,iid,B0,3,7,295,74,True,False,0.6351351351351351,0.6093841642228739,0.3189102564102565,0.21717171717171713,0.375,0.08814102564102566,,0.6672909948974848
compas_core,3003,iid,B0,3,8,295,74,True,True,0.7297297297297297,0.7265336289726534,0.0984848484848484,0.06547619047619047,0.08074534161490682,0.006060606060605989,,0.668499997118488
compas_core,3003,iid,B0,3,9,295,74,True,True,0.7567567567567568,0.7414596273291926,0.1636363636363637,0.04260651629072676,0.15415019762845844,0.01666666666666672,,0.6712500180583447
compas_core,3003,iid,B0,4,0,296,74,True,True,0.6891891891891891,0.6821661998132587,0.2098214285714286,0.16666666666666663,0.16666666666666663,0.05208333333333337,,0.6867919873911887
compas_core,3003,iid,B0,4,1,296,74,True,False,0.7027027027027027,0.6946736684171042,0.4454545454545455,0.23015873015873012,0.6159420289855073,0.1166666666666667,,0.6899999862071127
compas_core,3003,iid,B0,4,2,296,74,True,True,0.7162162162162162,0.6913604766633565,0.0608974358974359,0.057499999999999996,0.057499999999999996,0.08173076923076927,,0.6774170033168048
compas_core,3003,iid,B0,4,3,296,74,True,True,0.6891891891891891,0.6672531769305963,0.11458333333333337,0.050000000000000044,0.08333333333333337,0.05208333333333337,,0.6739999807905406
compas_core,3003,iid,B0,4,4,295,74,True,True,0.6486486486486487,0.6421130952380952,0.20882584712371943,0.09166666666666667,0.3188405797101449,0.08825847123719466,,0.6745830178260803
compas_core,3003,iid,B0,4,5,295,74,True,False,0.7432432432432432,0.7038129344849379,0.3052475979305248,0.1428571428571429,0.4,0.025868440502586854,,0.6724160048179328
compas_core,3003,iid,B0,4,6,295,74,True,False,0.6081081081081081,0.5992530345471522,0.14242424242424234,0.040935672514619936,0.18666666666666665,0.013636363636363669,,0.6712909962516278
compas_core,3003,iid,B0,4,7,295,74,True,False,0.6486486486486487,0.6209613869188337,0.29807692307692313,0.1717171717171717,0.375,0.06730769230769229,,0.6723330006934702
compas_core,3003,iid,B0,4,8,295,74,True,True,0.7162162162162162,0.7098039215686274,0.08636363636363631,0.12797619047619047,0.12797619047619047,0.08484848484848495,,0.6715409981552511
compas_core,3003,iid,B0,4,9,295,74,True,True,0.7432432432432432,0.7289377289377289,0.1863636363636364,0.09022556390977443,0.15415019762845844,0.039393939393939426,,0.6712079921271652
compas_core,3003,iid,B0,5,0,296,74,True,True,0.6891891891891891,0.6821661998132587,0.2098214285714286,0.16666666666666663,0.16666666666666663,0.05208333333333337,,0.6927500071469694
compas_core,3003,iid,B0,5,1,296,74,True,False,0.7027027027027027,0.6946736684171042,0.4454545454545455,0.23015873015873012,0.6159420289855073,0.1166666666666667,,0.6878330023027956
compas_core,3003,iid,B0,5,2,296,74,True,True,0.7162162162162162,0.6913604766633565,0.0608974358974359,0.057499999999999996,0.057499999999999996,0.08173076923076927,,0.6710420129820704
compas_core,3003,iid,B0,5,3,296,74,True,True,0.6891891891891891,0.6672531769305963,0.11458333333333337,0.050000000000000044,0.08333333333333337,0.05208333333333337,,0.6695829797536135
compas_core,3003,iid,B0,5,4,295,74,True,True,0.6486486486486487,0.6421130952380952,0.20882584712371943,0.09166666666666667,0.3188405797101449,0.08825847123719466,,0.6670000148005784
compas_core,3003,iid,B0,5,5,295,74,True,False,0.7432432432432432,0.7101628530199959,0.3540280857354029,0.19047619047619047,0.45000000000000007,0.025868440502586854,,0.6685839907731861
compas_core,3003,iid,B0,5,6,295,74,True,False,0.6081081081081081,0.5992530345471522,0.14242424242424234,0.040935672514619936,0.18666666666666665,0.013636363636363669,,0.6689580040983856
compas_core,3003,iid,B0,5,7,295,74,True,False,0.6486486486486487,0.6209613869188337,0.29807692307692313,0.1717171717171717,0.375,0.06730769230769229,,0.6619579799007624
compas_core,3003,iid,B0,5,8,295,74,True,True,0.7162162162162162,0.7098039215686274,0.08636363636363631,0.12797619047619047,0.12797619047619047,0.08484848484848495,,0.6750420143362135
compas_core,3003,iid,B0,5,9,295,74,True,True,0.7432432432432432,0.7289377289377289,0.1863636363636364,0.09022556390977443,0.15415019762845844,0.039393939393939426,,0.6658339989371598
compas_core,3003,iid,B1,1,0,296,74,True,True,0.6891891891891891,0.6886775196634352,0.26785714285714285,0.2222222222222222,0.2222222222222222,0.0029761904761904656,,0.7814580167178065
compas_core,3003,iid,B1,1,1,296,74,True,False,0.6756756756756757,0.6669167291822955,0.4454545454545455,0.2777777777777778,0.5724637681159421,0.07121212121212128,,0.7265000022016466
compas_core,3003,iid,B1,1,2,296,74,True,True,0.6756756756756757,0.6375510204081632,0.1762820512820512,0.057499999999999996,0.27826086956521745,0.033653846153846145,,0.6745830178260803
compas_core,3003,iid,B1,1,3,296,74,True,True,0.6621621621621622,0.6325719960278053,0.0669642857142857,0.050000000000000044,0.050000000000000044,0.09970238095238093,,0.6045829795766622
compas_core,3003,iid,B1,1,4,295,74,True,False,0.6756756756756757,0.6669167291822955,0.2828999211977935,0.1166666666666667,0.44565217391304346,0.13081166272655642,,0.6017090054228902
compas_core,3003,iid,B1,1,5,295,74,True,True,0.7297297297297297,0.6675651392632524,0.1832963784183297,0.04761904761904767,0.25,0.0502586844050259,,0.5987499898765236
compas_core,3003,iid,B1,1,6,295,74,True,True,0.6891891891891891,0.6886775196634352,0.156060606060606,0.0935672514619883,0.09666666666666668,0.018181818181818188,,0.5959589907433838
compas_core,3003,iid,B1,1,7,295,74,True,False,0.6621621621621622,0.6433391170233276,0.3012820512820512,0.21717171717171713,0.28846153846153844,0.10576923076923073,,0.6454999966081232
compas_core,3003,iid,B1,1,8,295,74,True,True,0.6621621621621622,0.660612731608879,0.05757575757575756,0.0535714285714286,0.0535714285714286,0.007575757575757569,,0.6238750065676868
compas_core,3003,iid,B1,1,9,295,74,True,True,0.7567567567567568,0.7414596273291926,0.1636363636363637,0.04260651629072676,0.15415019762845844,0.01666666666666672,,0.6307500007096678
compas_core,3003,iid,B1,2,0,296,74,True,False,0.6756756756756757,0.6718403547671841,0.28125,0.2777777777777778,0.2777777777777778,0.0758928571428571,,0.622958003077656
compas_core,3003,iid,B1,2,1,296,74,True,False,0.7162162162162162,0.7071791972866026,0.4787878787878788,0.2857142857142857,0.6159420289855073,0.08333333333333337,,0.5994999955873936
compas_core,3003,iid,B1,2,2,296,74,True,True,0.6891891891891891,0.6559531028906408,0.13782051282051277,0.057499999999999996,0.17826086956521736,0.004807692307692291,,0.6514170090667903
compas_core,3003,iid,B1,2,3,296,74,True,True,0.6756756756756757,0.6501182033096926,0.09077380952380953,0.050000000000000044,0.050000000000000044,0.0758928571428571,,0.6222910014912486
compas_core,3003,iid,B1,2,4,295,74,True,True,0.6621621621621622,0.6545284780578898,0.24586288416075652,0.15833333333333333,0.3188405797101449,0.05122143420015757,,0.6244169780984521
compas_core,3003,iid,B1,2,5,295,74,True,True,0.7297297297297297,0.6675651392632524,0.1832963784183297,0.04761904761904767,0.25,0.0502586844050259,,0.6680410006083548
compas_core,3003,iid,B1,2,6,295,74,True,True,0.6621621621621622,0.6591118481665745,0.23333333333333328,0.040935672514619936,0.3466666666666666,0.10454545454545461,,0.6676250195596367
compas_core,3003,iid,B1,2,7,295,74,True,False,0.6486486486486487,0.6265527950310559,0.33974358974358976,0.21717171717171713,0.41346153846153844,0.06730769230769229,,0.6651669973507524
compas_core,3003,iid,B1,2,8,295,74,True,True,0.7297297297297297,0.728937728937729,0.18939393939393934,0.1607142857142857,0.16770186335403725,0.006060606060605989,,0.6670409929938614
compas_core,3003,iid,B1,2,9,295,74,True,True,0.7567567567567568,0.7414596273291926,0.1636363636363637,0.04260651629072676,0.15415019762845844,0.01666666666666672,,0.6722499965690076
compas_core,3003,iid,B1,3,0,296,74,True,True,0.6891891891891891,0.6845227062094532,0.25744047619047616,0.2222222222222222,0.2222222222222222,0.05208333333333337,,0.6798340182285756
compas_core,3003,iid,B1,3,1,296,74,True,False,0.7162162162162162,0.7071791972866026,0.4787878787878788,0.2857142857142857,0.6159420289855073,0.08333333333333337,,0.6756249931640923
compas_core,3003,iid,B1,3,2,296,74,True,True,0.7162162162162162,0.6913604766633565,0.0608974358974359,0.057499999999999996,0.057499999999999996,0.08173076923076927,,0.6742079858668149
compas_core,3003,iid,B1,3,3,296,74,True,True,0.6756756756756757,0.6501182033096926,0.09077380952380953,0.050000000000000044,0.050000000000000044,0.0758928571428571,,0.6752090121153742
compas_core,3003,iid,B1,3,4,295,74,True,True,0.6621621621621622,0.6545284780578898,0.24586288416075652,0.15833333333333333,0.3188405797101449,0.05122143420015757,,0.681958015775308
compas_core,3003,iid,B1,3,5,295,74,True,True,0.7432432432432432,0.6966558791801509,0.2564671101256467,0.09523809523809523,0.35000000000000003,0.025868440502586854,,0.6704169791191816
compas_core,3003,iid,B1,3,6,295,74,True,True,0.6486486486486487,0.6444937176644494,0.21060606060606057,0.040935672514619936,0.30666666666666664,0.08181818181818179,,0.6679169891867787
compas_core,3003,iid,B1,3,7,295,74,True,False,0.6351351351351351,0.6093841642228739,0.3189102564102565,0.21717171717171713,0.375,0.08814102564102566,,0.6669590075034648
compas_core,3003,iid,B1,3,8,295,74,True,True,0.7297297297297297,0.7265336289726534,0.0984848484848484,0.06547619047619047,0.08074534161490682,0.006060606060605989,,0.669291999656707
compas_core,3003,iid,B1,3,9,295,74,True,True,0.7567567567567568,0.7414596273291926,0.1636363636363637,0.04260651629072676,0.15415019762845844,0.01666666666666672,,0.6648339913226664
compas_core,3003,iid,B1,4,0,296,74,True,True,0.6891891891891891,0.6821661998132587,0.2098214285714286,0.16666666666666663,0.16666666666666663,0.05208333333333337,,0.6799580005463213
compas_core,3003,iid,B1,4,1,296,74,True,False,0.7027027027027027,0.6946736684171042,0.4454545454545455,0.23015873015873012,0.6159420289855073,0.1166666666666667,,0.6718749937135726
compas_core,3003,iid,B1,4,2,296,74,True,True,0.7162162162162162,0.6913604766633565,0.0608974358974359,0.057499999999999996,0.057499999999999996,0.08173076923076927,,0.6695830088574439
compas_core,3003,iid,B1,4,3,296,74,True,True,0.6891891891891891,0.6672531769305963,0.11458333333333337,0.050000000000000044,0.08333333333333337,0.05208333333333337,,0.6723749975208193
compas_core,3003,iid,B1,4,4,295,74,True,True,0.6486486486486487,0.6421130952380952,0.20882584712371943,0.09166666666666667,0.3188405797101449,0.08825847123719466,,0.6662090017925948
compas_core,3003,iid,B1,4,5,295,74,True,False,0.7432432432432432,0.7038129344849379,0.3052475979305248,0.1428571428571429,0.4,0.025868440502586854,,0.6657500052824616
compas_core,3003,iid,B1,4,6,295,74,True,False,0.6081081081081081,0.5992530345471522,0.14242424242424234,0.040935672514619936,0.18666666666666665,0.013636363636363669,,0.666708976496011
compas_core,3003,iid,B1,4,7,295,74,True,False,0.6486486486486487,0.6209613869188337,0.29807692307692313,0.1717171717171717,0.375,0.06730769230769229,,0.6630830175708979
compas_core,3003,iid,B1,4,8,295,74,True,True,0.7162162162162162,0.7098039215686274,0.08636363636363631,0.12797619047619047,0.12797619047619047,0.08484848484848495,,0.6684170220978558
compas_core,3003,iid,B1,4,9,295,74,True,True,0.7432432432432432,0.7289377289377289,0.1863636363636364,0.09022556390977443,0.15415019762845844,0.039393939393939426,,0.6685000262223184
compas_core,3003,iid,B1,5,0,296,74,True,True,0.6891891891891891,0.6821661998132587,0.2098214285714286,0.16666666666666663,0.16666666666666663,0.05208333333333337,,0.6788330210838467
compas_core,3003,iid,B1,5,1,296,74,True,False,0.7027027027027027,0.6946736684171042,0.4454545454545455,0.23015873015873012,0.6159420289855073,0.1166666666666667,,0.6763749988749623
compas_core,3003,iid,B1,5,2,296,74,True,True,0.7162162162162162,0.6913604766633565,0.0608974358974359,0.057499999999999996,0.057499999999999996,0.08173076923076927,,0.6769589963369071
compas_core,3003,iid,B1,5,3,296,74,True,True,0.6891891891891891,0.6672531769305963,0.11458333333333337,0.050000000000000044,0.08333333333333337,0.05208333333333337,,0.6852910155430436
compas_core,3003,iid,B1,5,4,295,74,True,True,0.6486486486486487,0.6421130952380952,0.20882584712371943,0.09166666666666667,0.3188405797101449,0.08825847123719466,,0.6772919732611626
compas_core,3003,iid,B1,5,5,295,74,True,False,0.7432432432432432,0.7101628530199959,0.3540280857354029,0.19047619047619047,0.45000000000000007,0.025868440502586854,,0.9487500065006316
compas_core,3003,iid,B1,5,6,295,74,True,False,0.6081081081081081,0.5992530345471522,0.14242424242424234,0.040935672514619936,0.18666666666666665,0.013636363636363669,,0.755749992094934
compas_core,3003,iid,B1,5,7,295,74,True,False,0.6486486486486487,0.6209613869188337,0.29807692307692313,0.1717171717171717,0.375,0.06730769230769229,,0.686624989612028
compas_core,3003,iid,B1,5,8,295,74,True,True,0.7162162162162162,0.7098039215686274,0.08636363636363631,0.12797619047619047,0.12797619047619047,0.08484848484848495,,0.6313750054687262
compas_core,3003,iid,B1,5,9,295,74,True,True,0.7432432432432432,0.7289377289377289,0.1863636363636364,0.09022556390977443,0.15415019762845844,0.039393939393939426,,0.663875020109117
compas_core,3003,iid,B3,1,0,296,74,True,True,0.6891891891891891,0.6886775196634352,0.26785714285714285,0.2222222222222222,0.2222222222222222,0.0029761904761904656,,0.7477920153178275
compas_core,3003,iid,B3,1,1,296,74,True,False,0.6756756756756757,0.6669167291822955,0.4454545454545455,0.2777777777777778,0.5724637681159421,0.07121212121212128,,0.6388330075424165
compas_core,3003,iid,B3,1,2,296,74,True,True,0.6756756756756757,0.6375510204081632,0.1762820512820512,0.057499999999999996,0.27826086956521745,0.033653846153846145,,0.676124996971339
compas_core,3003,iid,B3,1,3,296,74,True,True,0.6621621621621622,0.6325719960278053,0.0669642857142857,0.050000000000000044,0.050000000000000044,0.09970238095238093,,0.6197910115588456
compas_core,3003,iid,B3,1,4,295,74,True,False,0.6756756756756757,0.6669167291822955,0.2828999211977935,0.1166666666666667,0.44565217391304346,0.13081166272655642,,0.6634999881498516
compas_core,3003,iid,B3,1,5,295,74,True,True,0.7297297297297297,0.6675651392632524,0.1832963784183297,0.04761904761904767,0.25,0.0502586844050259,,0.6082089967094362
compas_core,3003,iid,B3,1,6,295,74,True,True,0.6891891891891891,0.6886775196634352,0.156060606060606,0.0935672514619883,0.09666666666666668,0.018181818181818188,,0.6655420002061874
compas_core,3003,iid,B3,1,7,295,74,True,False,0.6621621621621622,0.6433391170233276,0.3012820512820512,0.21717171717171713,0.28846153846153844,0.10576923076923073,,0.6076669960748404
compas_core,3003,iid,B3,1,8,295,74,True,True,0.6621621621621622,0.660612731608879,0.05757575757575756,0.0535714285714286,0.0535714285714286,0.007575757575757569,,0.6246250122785568
compas_core,3003,iid,B3,1,9,295,74,True,True,0.7567567567567568,0.7414596273291926,0.1636363636363637,0.04260651629072676,0.15415019762845844,0.01666666666666672,,0.6108749948907644
compas_core,3003,iid,B3,2,0,296,74,True,False,0.6891891891891891,0.6863829003132486,0.30505952380952384,0.2777777777777778,0.2777777777777778,0.05208333333333337,,0.6512090039905161
compas_core,3003,iid,B3,2,1,296,74,True,False,0.7162162162162162,0.7071791972866026,0.4787878787878788,0.2857142857142857,0.6159420289855073,0.08333333333333337,,0.6300839886534959
compas_core,3003,iid,B3,2,2,296,74,True,True,0.6891891891891891,0.6559531028906408,0.13782051282051277,0.057499999999999996,0.17826086956521736,0.004807692307692291,,0.6284589762799442
compas_core,3003,iid,B3,2,3,296,74,True,True,0.6756756756756757,0.6501182033096926,0.09077380952380953,0.050000000000000044,0.050000000000000044,0.0758928571428571,,0.6337079976219684
compas_core,3003,iid,B3,2,4,295,74,True,True,0.6621621621621622,0.6545284780578898,0.24586288416075652,0.15833333333333333,0.3188405797101449,0.05122143420015757,,0.6145000224933028
compas_core,3003,iid,B3,2,5,295,74,True,True,0.7297297297297297,0.6675651392632524,0.1832963784183297,0.04761904761904767,0.25,0.0502586844050259,,0.6386660097632557
compas_core,3003,iid,B3,2,6,295,74,True,True,0.6756756756756757,0.6735294117647059,0.19999999999999996,0.040935672514619936,0.26333333333333336,0.07121212121212128,,0.5982500151731074
compas_core,3003,iid,B3,2,7,295,74,True,False,0.6756756756756757,0.6597701149425287,0.3221153846153846,0.21717171717171713,0.3269230769230769,0.08493589743589736,,0.654415984172374
compas_core,3003,iid,B3,2,8,295,74,True,True,0.7297297297297297,0.728937728937729,0.18939393939393934,0.1607142857142857,0.16770186335403725,0.006060606060605989,,0.5977090040687472
compas_core,3003,iid,B3,2,9,295,74,True,True,0.7567567567567568,0.7414596273291926,0.1636363636363637,0.04260651629072676,0.15415019762845844,0.01666666666666672,,0.6497499998658895
compas_core,3003,iid,B3,3,0,296,74,True,True,0.7027027027027027,0.6971726190476191,0.23363095238095233,0.16666666666666663,0.1964285714285714,0.028273809523809534,,0.6212499865796417
compas_core,3003,iid,B3,3,1,296,74,True,False,0.7027027027027027,0.6916666666666667,0.45606060606060606,0.2857142857142857,0.5724637681159421,0.06060606060606066,,0.6082089967094362
compas_core,3003,iid,B3,3,2,296,74,True,True,0.7027027027027027,0.6738782051282051,0.09935897435897434,0.057499999999999996,0.07826086956521738,0.043269230769230727,,0.6587919779121876
compas_core,3003,iid,B3,3,3,296,74,True,True,0.6756756756756757,0.6501182033096926,0.09077380952380953,0.050000000000000044,0.050000000000000044,0.0758928571428571,,0.5997089901939034
compas_core,3003,iid,B3,3,4,295,74,True,True,0.6621621621621622,0.6545284780578898,0.24586288416075652,0.15833333333333333,0.3188405797101449,0.05122143420015757,,0.658417004160583
compas_core,3003,iid,B3,3,5,295,74,True,True,0.7432432432432432,0.6966558791801509,0.2564671101256467,0.09523809523809523,0.35000000000000003,0.025868440502586854,,0.5962089926470071
compas_core,3003,iid,B3,3,6,295,74,True,False,0.6081081081081081,0.5992530345471522,0.14242424242424234,0.040935672514619936,0.18666666666666665,0.013636363636363669,,0.6483339820988476
compas_core,3003,iid,B3,3,7,295,74,True,False,0.6351351351351351,0.6093841642228739,0.3189102564102565,0.21717171717171713,0.375,0.08814102564102566,,0.5957079993095249
compas_core,3003,iid,B3,3,8,295,74,True,True,0.7162162162162162,0.7119555143651529,0.07575757575757569,0.06547619047619047,0.06547619047619047,0.028787878787878696,,0.6265419942792505
compas_core,3003,iid,B3,3,9,295,74,True,True,0.7567567567567568,0.7414596273291926,0.1636363636363637,0.04260651629072676,0.15415019762845844,0.01666666666666672,,0.6150839908514172
compas_core,3003,iid,B3,4,0,296,74,True,True,0.6891891891891891,0.6821661998132587,0.2098214285714286,0.16666666666666663,0.16666666666666663,0.05208333333333337,,0.6106660002842546
compas_core,3003,iid,B3,4,1,296,74,True,False,0.7027027027027027,0.6916666666666667,0.45606060606060606,0.2857142857142857,0.5724637681159421,0.06060606060606066,,0.6064579938538373
compas_core,3003,iid,B3,4,2,296,74,True,True,0.7162162162162162,0.6913604766633565,0.0608974358974359,0.057499999999999996,0.057499999999999996,0.08173076923076927,,0.6010830111335963
compas_core,3003,iid,B3,4,3,296,74,True,True,0.6891891891891891,0.6672531769305963,0.11458333333333337,0.050000000000000044,0.08333333333333337,0.05208333333333337,,0.6492919928859919
compas_core,3003,iid,B3,4,4,295,74,True,True,0.6486486486486487,0.6421130952380952,0.20882584712371943,0.09166666666666667,0.3188405797101449,0.08825847123719466,,0.5984579911455512
compas_core,3003,iid,B3,4,5,295,74,True,False,0.7432432432432432,0.7038129344849379,0.3052475979305248,0.1428571428571429,0.4,0.025868440502586854,,0.6492079992312938
compas_core,3003,iid,B3,4,6,295,74,True,False,0.6081081081081081,0.5992530345471522,0.14242424242424234,0.040935672514619936,0.18666666666666665,0.013636363636363669,,0.596875004703179
compas_core,3003,iid,B3,4,7,295,74,True,False,0.6486486486486487,0.6209613869188337,0.29807692307692313,0.1717171717171717,0.375,0.06730769230769229,,0.6357500096783042
compas_core,3003,iid,B3,4,8,295,74,True,True,0.7162162162162162,0.7098039215686274,0.08636363636363631,0.12797619047619047,0.12797619047619047,0.08484848484848495,,0.6049170042388141
compas_core,3003,iid,B3,4,9,295,74,True,True,0.7567567567567568,0.7414596273291926,0.1636363636363637,0.04260651629072676,0.15415019762845844,0.01666666666666672,,0.6271669990383089
compas_core,3003,iid,B3,5,0,296,74,True,True,0.6891891891891891,0.6821661998132587,0.2098214285714286,0.16666666666666663,0.16666666666666663,0.05208333333333337,,0.6549170066136867
compas_core,3003,iid,B3,5,1,296,74,True,False,0.7027027027027027,0.6946736684171042,0.4454545454545455,0.23015873015873012,0.6159420289855073,0.1166666666666667,,0.6072499963920563
compas_core,3003,iid,B3,5,2,296,74,True,True,0.7162162162162162,0.6913604766633565,0.0608974358974359,0.057499999999999996,0.057499999999999996,0.08173076923076927,,0.6411670183297247
compas_core,3003,iid,B3,5,3,296,74,True,True,0.6891891891891891,0.6672531769305963,0.11458333333333337,0.050000000000000044,0.08333333333333337,0.05208333333333337,,0.6218750204425305
compas_core,3003,iid,B3,5,4,295,74,True,True,0.6486486486486487,0.6421130952380952,0.20882584712371943,0.09166666666666667,0.3188405797101449,0.08825847123719466,,0.6411659996956587
compas_core,3003,iid,B3,5,5,295,74,True,False,0.7432432432432432,0.7101628530199959,0.3540280857354029,0.19047619047619047,0.45000000000000007,0.025868440502586854,,0.6351659831125289
compas_core,3003,iid,B3,5,6,295,74,True,False,0.5945945945945946,0.5836459114778695,0.11969696969696964,0.040935672514619936,0.1466666666666666,0.009090909090909038,,0.6171250133775175
compas_core,3003,iid,B3,5,7,295,74,True,False,0.6486486486486487,0.6209613869188337,0.29807692307692313,0.1717171717171717,0.375,0.06730769230769229,,0.6158330070320517
compas_core,3003,iid,B3,5,8,295,74,True,True,0.7162162162162162,0.7098039215686274,0.08636363636363631,0.12797619047619047,0.12797619047619047,0.08484848484848495,,0.6126249791122973
compas_core,3003,iid,B3,5,9,295,74,True,True,0.7702702702702703,0.7574705995758627,0.1863636363636364,0.04260651629072676,0.19762845849802368,0.006060606060605989,,0.6273330072872341
compas_core,3003,joint_dirichlet_0.3,B0,1,0,235,59,True,True,0.7627118644067796,0.5411111111111111,0.1875,0.33333333333333337,0.33333333333333337,0.7034883720930233,,0.6821669812779874
compas_core,3003,joint_dirichlet_0.3,B0,1,1,399,100,True,True,0.64,0.6386993175431553,0.12113174182139702,0.6590909090909091,0.6590909090909091,0.11671087533156499,,0.6695420015603304
compas_core,3003,joint_dirichlet_0.3,B0,1,2,216,54,True,False,0.6481481481481481,0.5055421686746988,,,,,"comparison_groups,subgroup_accuracy_gap",0.5919169925618917
compas_core,3003,joint_dirichlet_0.3,B0,1,3,65,17,True,False,0.9411764705882353,0.48484848484848486,,,,,"comparison_groups,subgroup_accuracy_gap",0.5557499825954437
compas_core,3003,joint_dirichlet_0.3,B0,1,4,328,83,True,False,0.6867469879518072,0.5979880774962743,0.34273504273504274,,,0.3803418803418804,"equal_opportunity_gap,equalized_odds_gap",0.6122089980635792
compas_core,3003,joint_dirichlet_0.3,B0,1,5,517,130,True,False,0.6692307692307692,0.5971171171171171,,,,,"comparison_groups,subgroup_accuracy_gap",0.6489169900305569
compas_core,3003,joint_dirichlet_0.3,B0,1,6,179,45,True,False,0.7777777777777778,0.4375,,,,,"comparison_groups,subgroup_accuracy_gap",0.592917000176385
compas_core,3003,joint_dirichlet_0.3,B0,1,7,158,40,True,False,0.975,0.4936708860759494,,,,,"comparison_groups,subgroup_accuracy_gap",0.5955410015303642
compas_core,3003,joint_dirichlet_0.3,B0,1,8,370,93,True,True,0.6774193548387096,0.5788043478260869,0.2797131147540984,0.38888888888888884,0.38888888888888884,0.07991803278688525,,0.6114580028224736
compas_core,3003,joint_dirichlet_0.3,B0,1,9,484,122,True,True,0.6557377049180327,0.5926868044515103,0.2431372549019608,,,0.3058823529411765,"equal_opportunity_gap,equalized_odds_gap",0.6412079965230078
compas_core,3003,joint_dirichlet_0.3,B0,2,0,235,59,True,False,0.7966101694915254,0.6387755102040816,0.3125,0.33333333333333337,0.33333333333333337,0.5784883720930233,,0.6067919894121587
compas_core,3003,joint_dirichlet_0.3,B0,2,1,399,100,True,True,0.68,0.6788438378161381,0.08222811671087538,0.18181818181818177,0.18181818181818177,0.16268788682581792,,0.6219999922905117
compas_core,3003,joint_dirichlet_0.3,B0,2,2,216,54,True,False,0.6666666666666666,0.600328947368421,,,,,"comparison_groups,subgroup_accuracy_gap",0.5765419919043779
compas_core,3003,joint_dirichlet_0.3,B0,2,3,65,17,True,False,0.9411764705882353,0.48484848484848486,,,,,"comparison_groups,subgroup_accuracy_gap",0.5432920006569475
compas_core,3003,joint_dirichlet_0.3,B0,2,4,328,83,True,False,0.7349397590361446,0.6776129943502824,0.42307692307692313,,,0.30000000000000004,"equal_opportunity_gap,equalized_odds_gap",0.6055409903638065
compas_core,3003,joint_dirichlet_0.3,B0,2,5,517,130,True,False,0.6846153846153846,0.6323884405821091,,,,,"comparison_groups,subgroup_accuracy_gap",0.6402500148396939
compas_core,3003,joint_dirichlet_0.3,B0,2,6,179,45,True,False,0.7333333333333333,0.4230769230769231,,,,,"comparison_groups,subgroup_accuracy_gap",0.5859170050825924
compas_core,3003,joint_dirichlet_0.3,B0,2,7,158,40,True,False,0.975,0.4936708860759494,,,,,"comparison_groups,subgroup_accuracy_gap",0.5875829956494272
compas_core,3003,joint_dirichlet_0.3,B0,2,8,370,93,True,False,0.7311827956989247,0.6838025295797634,0.32274590163934425,0.33333333333333337,0.33333333333333337,0.06659836065573765,,0.6092500116210431
compas_core,3003,joint_dirichlet_0.3,B0,2,9,484,122,True,True,0.6557377049180327,0.5926868044515103,0.2431372549019608,,,0.3058823529411765,"equal_opportunity_gap,equalized_odds_gap",0.6390829803422093
compas_core,3003,joint_dirichlet_0.3,B0,3,0,235,59,True,False,0.8305084745762712,0.7206439393939394,0.4375,0.33333333333333337,0.46153846153846156,0.4534883720930233,,0.6024170143064111
compas_core,3003,joint_dirichlet_0.3,B0,3,1,399,100,True,True,0.67,0.6683750376846548,0.0053050397877983935,0.18181818181818177,0.18181818181818177,0.2396109637488948,,0.6186669925227761
compas_core,3003,joint_dirichlet_0.3,B0,3,2,216,54,True,False,0.7037037037037037,0.656597774244833,,,,,"comparison_groups,subgroup_accuracy_gap",0.5777920014224946
compas_core,3003,joint_dirichlet_0.3,B0,3,3,65,17,True,False,0.9411764705882353,0.8172043010752688,,,,,"comparison_groups,subgroup_accuracy_gap",0.5417090142145753
compas_core,3003,joint_dirichlet_0.3,B0,3,4,328,83,True,False,0.7469879518072289,0.6959706959706959,0.4786324786324787,,,0.24444444444444446,"equal_opportunity_gap,equalized_odds_gap",0.6026250193826854
compas_core,3003,joint_dirichlet_0.3,B0,3,5,517,130,True,False,0.7,0.6548907494384317,,,,,"comparison_groups,subgroup_accuracy_gap",0.6408749904949218
compas_core,3003,joint_dirichlet_0.3,B0,3,6,179,45,True,False,0.7111111111111111,0.4155844155844156,,,,,"comparison_groups,subgroup_accuracy_gap",0.5865829880349338
compas_core,3003,joint_dirichlet_0.3,B0,3,7,158,40,True,False,0.975,0.4936708860759494,,,,,"comparison_groups,subgroup_accuracy_gap",0.5847080028615892
compas_core,3003,joint_dirichlet_0.3,B0,3,8,370,93,True,False,0.7204301075268817,0.702216748768473,0.3478483606557377,0.11111111111111105,0.38372093023255816,0.19313524590163933,,0.6134170107543468
compas_core,3003,joint_dirichlet_0.3,B0,3,9,484,122,True,True,0.6721311475409836,0.6120826709062003,0.2431372549019608,,,0.3254901960784313,"equal_opportunity_gap,equalized_odds_gap",0.6511250103358179
compas_core,3003,joint_dirichlet_0.3,B0,4,0,235,59,True,False,0.8305084745762712,0.7206439393939394,0.4375,0.33333333333333337,0.46153846153846156,0.4534883720930233,,0.6022920133545995
compas_core,3003,joint_dirichlet_0.3,B0,4,1,399,100,True,True,0.67,0.6683750376846548,0.0053050397877983935,0.18181818181818177,0.18181818181818177,0.2396109637488948,,0.610624992987141
compas_core,3003,joint_dirichlet_0.3,B0,4,2,216,54,True,False,0.7037037037037037,0.656597774244833,,,,,"comparison_groups,subgroup_accuracy_gap",0.5679169844370335
compas_core,3003,joint_dirichlet_0.3,B0,4,3,65,17,True,False,0.9411764705882353,0.8172043010752688,,,,,"comparison_groups,subgroup_accuracy_gap",0.5359580100048333
compas_core,3003,joint_dirichlet_0.3,B0,4,4,328,83,True,False,0.7590361445783133,0.7137931034482758,0.46324786324786327,,,0.2598290598290598,"equal_opportunity_gap,equalized_odds_gap",0.6007079791743308
compas_core,3003,joint_dirichlet_0.3,B0,4,5,517,130,True,False,0.7230769230769231,0.6908033826638478,,,,,"comparison_groups,subgroup_accuracy_gap",0.6210830179043114
compas_core,3003,joint_dirichlet_0.3,B0,4,6,179,45,True,False,0.7111111111111111,0.4155844155844156,,,,,"comparison_groups,subgroup_accuracy_gap",0.5829590081702918
compas_core,3003,joint_dirichlet_0.3,B0,4,7,158,40,True,False,0.95,0.736842105263158,,,,,"comparison_groups,subgroup_accuracy_gap",0.5777920014224946
compas_core,3003,joint_dirichlet_0.3,B0,4,8,370,93,True,False,0.7311827956989247,0.7229834385797689,0.42366803278688525,0.0,0.5980066445182725,0.30481557377049184,,0.6009999779053032
compas_core,3003,joint_dirichlet_0.3,B0,4,9,484,122,True,True,0.680327868852459,0.6246153846153846,0.2333333333333334,,,0.33529411764705885,"equal_opportunity_gap,equalized_odds_gap",0.631584000075236
compas_core,3003,joint_dirichlet_0.3,B0,5,0,235,59,True,False,0.8305084745762712,0.7206439393939394,0.4375,0.33333333333333337,0.46153846153846156,0.4534883720930233,,0.5982079892419279
compas_core,3003,joint_dirichlet_0.3,B0,5,1,399,100,True,True,0.67,0.6683750376846548,0.0053050397877983935,0.18181818181818177,0.18181818181818177,0.2396109637488948,,0.6099579914007336
compas_core,3003,joint_dirichlet_0.3,B0,5,2,216,54,True,False,0.7037037037037037,0.656597774244833,,,,,"comparison_groups,subgroup_accuracy_gap",0.5678329907823354
compas_core,3003,joint_dirichlet_0.3,B0,5,3,65,17,True,False,0.9411764705882353,0.8172043010752688,,,,,"comparison_groups,subgroup_accuracy_gap",0.5356249748729169
compas_core,3003,joint_dirichlet_0.3,B0,5,4,328,83,True,False,0.7469879518072289,0.7028132992327366,0.44786324786324794,,,0.24444444444444446,"equal_opportunity_gap,equalized_odds_gap",0.5969580088276416
compas_core,3003,joint_dirichlet_0.3,B0,5,5,517,130,True,False,0.7307692307692307,0.7010316052303043,,,,,"comparison_groups,subgroup_accuracy_gap",0.6306669965852052
compas_core,3003,joint_dirichlet_0.3,B0,5,6,179,45,True,False,0.6888888888888889,0.40789473684210525,,,,,"comparison_groups,subgroup_accuracy_gap",0.5827079876326025
compas_core,3003,joint_dirichlet_0.3,B0,5,7,158,40,True,False,0.925,0.6799999999999999,,,,,"comparison_groups,subgroup_accuracy_gap",0.5729580007027835
compas_core,3003,joint_dirichlet_0.3,B0,5,8,370,93,True,False,0.7311827956989247,0.7229834385797689,0.42366803278688525,0.0,0.5980066445182725,0.30481557377049184,,0.6034169928170741
compas_core,3003,joint_dirichlet_0.3,B0,5,9,484,122,True,True,0.680327868852459,0.6246153846153846,0.2333333333333334,,,0.33529411764705885,"equal_opportunity_gap,equalized_odds_gap",0.6154169968795031
compas_core,3003,joint_dirichlet_0.3,B1,1,0,235,59,True,True,0.7627118644067796,0.5411111111111111,0.1875,0.33333333333333337,0.33333333333333337,0.7034883720930233,,0.7109169964678586
compas_core,3003,joint_dirichlet_0.3,B1,1,1,399,100,True,True,0.64,0.6386993175431553,0.12113174182139702,0.6590909090909091,0.6590909090909091,0.11671087533156499,,0.6593749858438969
compas_core,3003,joint_dirichlet_0.3,B1,1,2,216,54,True,False,0.6481481481481481,0.5055421686746988,,,,,"comparison_groups,subgroup_accuracy_gap",0.5840839876327664
compas_core,3003,joint_dirichlet_0.3,B1,1,3,65,17,True,False,0.9411764705882353,0.48484848484848486,,,,,"comparison_groups,subgroup_accuracy_gap",0.5493749922607094
compas_core,3003,joint_dirichlet_0.3,B1,1,4,328,83,True,False,0.6867469879518072,0.5979880774962743,0.34273504273504274,,,0.3803418803418804,"equal_opportunity_gap,equalized_odds_gap",0.6156250019557774
compas_core,3003,joint_dirichlet_0.3,B1,1,5,517,130,True,False,0.6692307692307692,0.5971171171171171,,,,,"comparison_groups,subgroup_accuracy_gap",0.6410419882740825
compas_core,3003,joint_dirichlet_0.3,B1,1,6,179,45,True,False,0.7777777777777778,0.4375,,,,,"comparison_groups,subgroup_accuracy_gap",0.59179199161008
compas_core,3003,joint_dirichlet_0.3,B1,1,7,158,40,True,False,0.975,0.4936708860759494,,,,,"comparison_groups,subgroup_accuracy_gap",0.5871670146007091
compas_core,3003,joint_dirichlet_0.3,B1,1,8,370,93,True,True,0.6774193548387096,0.5788043478260869,0.2797131147540984,0.38888888888888884,0.38888888888888884,0.07991803278688525,,0.6116670265328139
compas_core,3003,joint_dirichlet_0.3,B1,1,9,484,122,True,True,0.6557377049180327,0.5926868044515103,0.2431372549019608,,,0.3058823529411765,"equal_opportunity_gap,equalized_odds_gap",0.640292011667043
compas_core,3003,joint_dirichlet_0.3,B1,2,0,235,59,True,False,0.7966101694915254,0.6387755102040816,0.3125,0.33333333333333337,0.33333333333333337,0.5784883720930233,,0.601625011768192
compas_core,3003,joint_dirichlet_0.3,B1,2,1,399,100,True,True,0.68,0.6788438378161381,0.08222811671087538,0.18181818181818177,0.18181818181818177,0.16268788682581792,,0.6149160035420209
compas_core,3003,joint_dirichlet_0.3,B1,2,2,216,54,True,False,0.6666666666666666,0.600328947368421,,,,,"comparison_groups,subgroup_accuracy_gap",0.5716249870602041
compas_core,3003,joint_dirichlet_0.3,B1,2,3,65,17,True,False,0.9411764705882353,0.48484848484848486,,,,,"comparison_groups,subgroup_accuracy_gap",0.5458749947138131
compas_core,3003,joint_dirichlet_0.3,B1,2,4,328,83,True,False,0.7349397590361446,0.6776129943502824,0.42307692307692313,,,0.30000000000000004,"equal_opportunity_gap,equalized_odds_gap",0.5986249889247119
compas_core,3003,joint_dirichlet_0.3,B1,2,5,517,130,True,False,0.6846153846153846,0.6323884405821091,,,,,"comparison_groups,subgroup_accuracy_gap",0.636709009995684
compas_core,3003,joint_dirichlet_0.3,B1,2,6,179,45,True,False,0.7333333333333333,0.4230769230769231,,,,,"comparison_groups,subgroup_accuracy_gap",0.5842079990543425
compas_core,3003,joint_dirichlet_0.3,B1,2,7,158,40,True,False,0.975,0.4936708860759494,,,,,"comparison_groups,subgroup_accuracy_gap",0.5786670080851763
compas_core,3003,joint_dirichlet_0.3,B1,2,8,370,93,True,False,0.7311827956989247,0.6838025295797634,0.32274590163934425,0.33333333333333337,0.33333333333333337,0.06659836065573765,,0.6047089991625398
compas_core,3003,joint_dirichlet_0.3,B1,2,9,484,122,True,True,0.6557377049180327,0.5926868044515103,0.2431372549019608,,,0.3058823529411765,"equal_opportunity_gap,equalized_odds_gap",0.6324159912765026
compas_core,3003,joint_dirichlet_0.3,B1,3,0,235,59,True,False,0.8305084745762712,0.7206439393939394,0.4375,0.33333333333333337,0.46153846153846156,0.4534883720930233,,0.5988329940009862
compas_core,3003,joint_dirichlet_0.3,B1,3,1,399,100,True,True,0.67,0.6683750376846548,0.0053050397877983935,0.18181818181818177,0.18181818181818177,0.2396109637488948,,0.6141250196378678
compas_core,3003,joint_dirichlet_0.3,B1,3,2,216,54,True,False,0.7037037037037037,0.656597774244833,,,,,"comparison_groups,subgroup_accuracy_gap",0.5692920240107924
compas_core,3003,joint_dirichlet_0.3,B1,3,3,65,17,True,False,0.9411764705882353,0.8172043010752688,,,,,"comparison_groups,subgroup_accuracy_gap",0.5381250230129808
compas_core,3003,joint_dirichlet_0.3,B1,3,4,328,83,True,False,0.7469879518072289,0.6959706959706959,0.4786324786324787,,,0.24444444444444446,"equal_opportunity_gap,equalized_odds_gap",0.6019579886924475
compas_core,3003,joint_dirichlet_0.3,B1,3,5,517,130,True,False,0.7,0.6548907494384317,,,,,"comparison_groups,subgroup_accuracy_gap",0.639582984149456
compas_core,3003,joint_dirichlet_0.3,B1,3,6,179,45,True,False,0.7111111111111111,0.4155844155844156,,,,,"comparison_groups,subgroup_accuracy_gap",0.5834999901708215
compas_core,3003,joint_dirichlet_0.3,B1,3,7,158,40,True,False,0.975,0.4936708860759494,,,,,"comparison_groups,subgroup_accuracy_gap",0.5791249859612435
compas_core,3003,joint_dirichlet_0.3,B1,3,8,370,93,True,False,0.7204301075268817,0.702216748768473,0.3478483606557377,0.11111111111111105,0.38372093023255816,0.19313524590163933,,0.6115410069469362
compas_core,3003,joint_dirichlet_0.3,B1,3,9,484,122,True,True,0.6721311475409836,0.6120826709062003,0.2431372549019608,,,0.3254901960784313,"equal_opportunity_gap,equalized_odds_gap",0.6316659855656326
compas_core,3003,joint_dirichlet_0.3,B1,4,0,235,59,True,False,0.8305084745762712,0.7206439393939394,0.4375,0.33333333333333337,0.46153846153846156,0.4534883720930233,,0.5960410053376108
compas_core,3003,joint_dirichlet_0.3,B1,4,1,399,100,True,True,0.67,0.6683750376846548,0.0053050397877983935,0.18181818181818177,0.18181818181818177,0.2396109637488948,,0.6112910050433129
compas_core,3003,joint_dirichlet_0.3,B1,4,2,216,54,True,False,0.7037037037037037,0.656597774244833,,,,,"comparison_groups,subgroup_accuracy_gap",0.5724580259993672
compas_core,3003,joint_dirichlet_0.3,B1,4,3,65,17,True,False,0.9411764705882353,0.8172043010752688,,,,,"comparison_groups,subgroup_accuracy_gap",0.5329170089680701
compas_core,3003,joint_dirichlet_0.3,B1,4,4,328,83,True,False,0.7590361445783133,0.7137931034482758,0.46324786324786327,,,0.2598290598290598,"equal_opportunity_gap,equalized_odds_gap",0.5949589831288904
compas_core,3003,joint_dirichlet_0.3,B1,4,5,517,130,True,False,0.7230769230769231,0.6908033826638478,,,,,"comparison_groups,subgroup_accuracy_gap",0.6354580109473318
compas_core,3003,joint_dirichlet_0.3,B1,4,6,179,45,True,False,0.7111111111111111,0.4155844155844156,,,,,"comparison_groups,subgroup_accuracy_gap",0.5764169909525663
compas_core,3003,joint_dirichlet_0.3,B1,4,7,158,40,True,False,0.95,0.736842105263158,,,,,"comparison_groups,subgroup_accuracy_gap",0.5765419919043779
compas_core,3003,joint_dirichlet_0.3,B1,4,8,370,93,True,False,0.7311827956989247,0.7229834385797689,0.42366803278688525,0.0,0.5980066445182725,0.30481557377049184,,0.6025829934515059
compas_core,3003,joint_dirichlet_0.3,B1,4,9,484,122,True,True,0.680327868852459,0.6246153846153846,0.2333333333333334,,,0.33529411764705885,"equal_opportunity_gap,equalized_odds_gap",0.6287919823080301
compas_core,3003,joint_dirichlet_0.3,B1,5,0,235,59,True,False,0.8305084745762712,0.7206439393939394,0.4375,0.33333333333333337,0.46153846153846156,0.4534883720930233,,0.5977499822620302
compas_core,3003,joint_dirichlet_0.3,B1,5,1,399,100,True,True,0.67,0.6683750376846548,0.0053050397877983935,0.18181818181818177,0.18181818181818177,0.2396109637488948,,0.6068329967092723
compas_core,3003,joint_dirichlet_0.3,B1,5,2,216,54,True,False,0.7037037037037037,0.656597774244833,,,,,"comparison_groups,subgroup_accuracy_gap",0.5691249971278012
compas_core,3003,joint_dirichlet_0.3,B1,5,3,65,17,True,False,0.9411764705882353,0.8172043010752688,,,,,"comparison_groups,subgroup_accuracy_gap",0.5365410179365426
compas_core,3003,joint_dirichlet_0.3,B1,5,4,328,83,True,False,0.7469879518072289,0.7028132992327366,0.44786324786324794,,,0.24444444444444446,"equal_opportunity_gap,equalized_odds_gap",0.598999991780147
compas_core,3003,joint_dirichlet_0.3,B1,5,5,517,130,True,False,0.7307692307692307,0.7010316052303043,,,,,"comparison_groups,subgroup_accuracy_gap",0.6317500083241612
compas_core,3003,joint_dirichlet_0.3,B1,5,6,179,45,True,False,0.6888888888888889,0.40789473684210525,,,,,"comparison_groups,subgroup_accuracy_gap",0.5804580287076533
compas_core,3003,joint_dirichlet_0.3,B1,5,7,158,40,True,False,0.925,0.6799999999999999,,,,,"comparison_groups,subgroup_accuracy_gap",0.5757080216426402
compas_core,3003,joint_dirichlet_0.3,B1,5,8,370,93,True,False,0.7311827956989247,0.7229834385797689,0.42366803278688525,0.0,0.5980066445182725,0.30481557377049184,,0.6025829934515059
compas_core,3003,joint_dirichlet_0.3,B1,5,9,484,122,True,True,0.680327868852459,0.6246153846153846,0.2333333333333334,,,0.33529411764705885,"equal_opportunity_gap,equalized_odds_gap",0.6291659956332296
compas_core,3003,joint_dirichlet_0.3,B3,1,0,235,59,True,True,0.7627118644067796,0.5411111111111111,0.1875,0.33333333333333337,0.33333333333333337,0.7034883720930233,,0.7097919879015535
compas_core,3003,joint_dirichlet_0.3,B3,1,1,399,100,True,True,0.64,0.6386993175431553,0.12113174182139702,0.6590909090909091,0.6590909090909091,0.11671087533156499,,0.6590420089196414
compas_core,3003,joint_dirichlet_0.3,B3,1,2,216,54,True,False,0.6481481481481481,0.5055421686746988,,,,,"comparison_groups,subgroup_accuracy_gap",0.5807499983347952
compas_core,3003,joint_dirichlet_0.3,B3,1,3,65,17,True,False,0.9411764705882353,0.48484848484848486,,,,,"comparison_groups,subgroup_accuracy_gap",0.5495840159710497
compas_core,3003,joint_dirichlet_0.3,B3,1,4,328,83,True,False,0.6867469879518072,0.5979880774962743,0.34273504273504274,,,0.3803418803418804,"equal_opportunity_gap,equalized_odds_gap",0.6102500192355365
compas_core,3003,joint_dirichlet_0.3,B3,1,5,517,130,True,False,0.6692307692307692,0.5971171171171171,,,,,"comparison_groups,subgroup_accuracy_gap",0.6437499832827598
compas_core,3003,joint_dirichlet_0.3,B3,1,6,179,45,True,False,0.7777777777777778,0.4375,,,,,"comparison_groups,subgroup_accuracy_gap",0.5909579922445118
compas_core,3003,joint_dirichlet_0.3,B3,1,7,158,40,True,False,0.975,0.4936708860759494,,,,,"comparison_groups,subgroup_accuracy_gap",0.5849589942954481
compas_core,3003,joint_dirichlet_0.3,B3,1,8,370,93,True,True,0.6774193548387096,0.5788043478260869,0.2797131147540984,0.38888888888888884,0.38888888888888884,0.07991803278688525,,0.623333005933091
compas_core,3003,joint_dirichlet_0.3,B3,1,9,484,122,True,True,0.6557377049180327,0.5926868044515103,0.2431372549019608,,,0.3058823529411765,"equal_opportunity_gap,equalized_odds_gap",0.6341669941321015
compas_core,3003,joint_dirichlet_0.3,B3,2,0,235,59,True,False,0.8135593220338984,0.6813942071674031,0.375,0.33333333333333337,0.3846153846153846,0.5159883720930233,,0.6002500012982637
compas_core,3003,joint_dirichlet_0.3,B3,2,1,399,100,True,True,0.65,0.6496847162446202,0.04774535809018565,0.25,0.25,0.1282051282051282,,0.6137500167824328
compas_core,3003,joint_dirichlet_0.3,B3,2,2,216,54,True,False,0.7037037037037037,0.656597774244833,,,,,"comparison_groups,subgroup_accuracy_gap",0.5688329983968288
compas_core,3003,joint_dirichlet_0.3,B3,2,3,65,17,True,False,0.9411764705882353,0.8172043010752688,,,,,"comparison_groups,subgroup_accuracy_gap",0.5387499986682087
compas_core,3003,joint_dirichlet_0.3,B3,2,4,328,83,True,False,0.7710843373493976,0.7311167945439045,0.5188034188034187,,,0.20427350427350421,"equal_opportunity_gap,equalized_odds_gap",0.5984999879729003
compas_core,3003,joint_dirichlet_0.3,B3,2,5,517,130,True,False,0.6846153846153846,0.6323884405821091,,,,,"comparison_groups,subgroup_accuracy_gap",0.6352920026984066
compas_core,3003,joint_dirichlet_0.3,B3,2,6,179,45,True,False,0.7333333333333333,0.4230769230769231,,,,,"comparison_groups,subgroup_accuracy_gap",0.5824169784318656
compas_core,3003,joint_dirichlet_0.3,B3,2,7,158,40,True,False,0.975,0.4936708860759494,,,,,"comparison_groups,subgroup_accuracy_gap",0.5792920128442347
compas_core,3003,joint_dirichlet_0.3,B3,2,8,370,93,True,False,0.7311827956989247,0.6838025295797634,0.32274590163934425,0.33333333333333337,0.33333333333333337,0.06659836065573765,,0.6038330029696226
compas_core,3003,joint_dirichlet_0.3,B3,2,9,484,122,True,False,0.6721311475409836,0.6177944862155388,0.3431372549019608,,,0.20588235294117652,"equal_opportunity_gap,equalized_odds_gap",0.6299160013440996
compas_core,3003,joint_dirichlet_0.3,B3,3,0,235,59,True,False,0.8305084745762712,0.7384751773049645,0.4767441860465116,0.3089430894308943,0.5384615384615384,0.36773255813953487,,0.5979170091450214
compas_core,3003,joint_dirichlet_0.3,B3,3,1,399,100,True,True,0.64,0.64,0.01326259946949604,0.2954545454545454,0.2954545454545454,0.11671087533156499,,0.6168749823700637
compas_core,3003,joint_dirichlet_0.3,B3,3,2,216,54,True,False,0.7222222222222222,0.6829745596868884,,,,,"comparison_groups,subgroup_accuracy_gap",0.5723749927710742
compas_core,3003,joint_dirichlet_0.3,B3,3,3,65,17,True,False,0.9411764705882353,0.8172043010752688,,,,,"comparison_groups,subgroup_accuracy_gap",0.5352500011213124
compas_core,3003,joint_dirichlet_0.3,B3,3,4,328,83,True,False,0.7710843373493976,0.736683920520955,0.488034188034188,,,0.20427350427350421,"equal_opportunity_gap,equalized_odds_gap",0.6090840033721179
compas_core,3003,joint_dirichlet_0.3,B3,3,5,517,130,True,False,0.7076923076923077,0.6834145091002307,,,,,"comparison_groups,subgroup_accuracy_gap",0.6209159910213202
compas_core,3003,joint_dirichlet_0.3,B3,3,6,179,45,True,False,0.7111111111111111,0.4155844155844156,,,,,"comparison_groups,subgroup_accuracy_gap",0.58562500635162
compas_core,3003,joint_dirichlet_0.3,B3,3,7,158,40,True,False,0.975,0.4936708860759494,,,,,"comparison_groups,subgroup_accuracy_gap",0.5804170214105397
compas_core,3003,joint_dirichlet_0.3,B3,3,8,370,93,True,True,0.7311827956989247,0.6838025295797634,0.2751024590163934,0.22222222222222227,0.22222222222222227,0.11424180327868849,,0.6003340240567923
compas_core,3003,joint_dirichlet_0.3,B3,3,9,484,122,True,True,0.6475409836065574,0.6026660607437704,0.23431372549019602,,,0.23627450980392156,"equal_opportunity_gap,equalized_odds_gap",0.6475000118371099
compas_core,3003,joint_dirichlet_0.3,B3,4,0,235,59,True,False,0.8305084745762712,0.7384751773049645,0.4767441860465116,0.3089430894308943,0.5384615384615384,0.36773255813953487,,0.6059590086806566
compas_core,3003,joint_dirichlet_0.3,B3,4,1,399,100,True,True,0.68,0.6788438378161381,0.05570291777188324,0.31818181818181823,0.31818181818181823,0.16268788682581792,,0.6095000135246664
compas_core,3003,joint_dirichlet_0.3,B3,4,2,216,54,True,False,0.7777777777777778,0.7617647058823529,,,,,"comparison_groups,subgroup_accuracy_gap",0.5797499907203019
compas_core,3003,joint_dirichlet_0.3,B3,4,3,65,17,True,False,0.9411764705882353,0.8172043010752688,,,,,"comparison_groups,subgroup_accuracy_gap",0.5335839814506471
compas_core,3003,joint_dirichlet_0.3,B3,4,4,328,83,True,False,0.7590361445783133,0.7305194805194806,0.5128205128205128,,,0.11794871794871797,"equal_opportunity_gap,equalized_odds_gap",0.5952079955022782
compas_core,3003,joint_dirichlet_0.3,B3,4,5,517,130,True,False,0.7461538461538462,0.7347102838414445,,,,,"comparison_groups,subgroup_accuracy_gap",0.6327080191113055
compas_core,3003,joint_dirichlet_0.3,B3,4,6,179,45,True,False,0.7333333333333333,0.5439189189189189,,,,,"comparison_groups,subgroup_accuracy_gap",0.5796249897684902
compas_core,3003,joint_dirichlet_0.3,B3,4,7,158,40,True,False,0.95,0.48717948717948717,,,,,"comparison_groups,subgroup_accuracy_gap",0.5771249998360872
compas_core,3003,joint_dirichlet_0.3,B3,4,8,370,93,True,False,0.7419354838709677,0.7096774193548387,0.288422131147541,0.16666666666666674,0.21594684385382057,0.13063524590163933,,0.600125000346452
compas_core,3003,joint_dirichlet_0.3,B3,4,9,484,122,True,False,0.6639344262295082,0.6374048568321855,0.33529411764705885,,,0.07647058823529418,"equal_opportunity_gap,equalized_odds_gap",0.6306669965852052
compas_core,3003,joint_dirichlet_0.3,B3,5,0,235,59,True,False,0.8305084745762712,0.7384751773049645,0.4767441860465116,0.3089430894308943,0.5384615384615384,0.36773255813953487,,0.5970830097794533
compas_core,3003,joint_dirichlet_0.3,B3,5,1,399,100,True,True,0.65,0.6491228070175439,0.04420866489832004,0.34090909090909094,0.34090909090909094,0.1282051282051282,,0.609124981565401
compas_core,3003,joint_dirichlet_0.3,B3,5,2,216,54,True,False,0.7777777777777778,0.7617647058823529,,,,,"comparison_groups,subgroup_accuracy_gap",0.5696250009350479
compas_core,3003,joint_dirichlet_0.3,B3,5,3,65,17,True,False,0.9411764705882353,0.8172043010752688,,,,,"comparison_groups,subgroup_accuracy_gap",0.5403329851105809
compas_core,3003,joint_dirichlet_0.3,B3,5,4,328,83,True,False,0.7710843373493976,0.746177370030581,0.5683760683760684,,,0.062393162393162394,"equal_opportunity_gap,equalized_odds_gap",0.6051250093150884
compas_core,3003,joint_dirichlet_0.3,B3,5,5,517,130,True,False,0.7384615384615385,0.7292330311198236,,,,,"comparison_groups,subgroup_accuracy_gap",0.6332079938147217
compas_core,3003,joint_dirichlet_0.3,B3,5,6,179,45,True,False,0.7111111111111111,0.5286059629331185,,,,,"comparison_groups,subgroup_accuracy_gap",0.5959589907433838
compas_core,3003,joint_dirichlet_0.3,B3,5,7,158,40,True,False,0.975,0.8268398268398268,,,,,"comparison_groups,subgroup_accuracy_gap",0.5748340045101941
compas_core,3003,joint_dirichlet_0.3,B3,5,8,370,93,True,False,0.7419354838709677,0.7096774193548387,0.288422131147541,0.16666666666666674,0.21594684385382057,0.13063524590163933,,0.5986670148558915
compas_core,3003,joint_dirichlet_0.3,B3,5,9,484,122,True,False,0.6639344262295082,0.6374048568321855,0.33529411764705885,,,0.07647058823529418,"equal_opportunity_gap,equalized_odds_gap",0.6284159899223596
compas_core,3004,iid,B0,1,0,296,74,True,True,0.7432432432432432,0.7251221896383186,0.2743295019157088,0.09999999999999998,0.29999999999999993,0.025287356321839094,,0.7308750064112246
compas_core,3004,iid,B0,1,1,296,74,True,True,0.7297297297297297,0.7265336289726534,0.26708074534161486,0.16190476190476188,0.3046153846153846,0.08229813664596275,,0.6310419994406402
compas_core,3004,iid,B0,1,2,296,74,True,True,0.7162162162162162,0.6796536796536796,0.21818181818181825,0.054545454545454564,0.4909090909090909,0.1393939393939394,,0.6528749945573509
compas_core,3004,iid,B0,1,3,296,74,True,False,0.5945945945945946,0.5148601398601399,0.02175543885971487,0.09285714285714286,0.2272727272727273,0.25356339084771196,,0.6236250046640635
compas_core,3004,iid,B0,1,4,295,74,True,True,0.6216216216216216,0.6213450292397661,0.15402298850574714,0.14327485380116955,0.14327485380116955,0.05517241379310345,,0.6313750054687262
compas_core,3004,iid,B0,1,5,295,74,True,True,0.7432432432432432,0.7350668927831167,0.21605401350337583,0.13492063492063489,0.22027972027972026,0.0022505626406601476,,0.6488329963758588
compas_core,3004,iid,B0,1,6,295,74,True,True,0.6351351351351351,0.588126159554731,0.17546583850931685,0.09750000000000003,0.261904761904762,0.045031055900621175,,0.6047499773558229
compas_core,3004,iid,B0,1,7,295,74,True,True,0.6756756756756757,0.63,0.018633540372670843,0.06763285024154597,0.06763285024154597,0.06211180124223603,,0.600500003201887
compas_core,3004,iid,B0,1,8,295,74,True,True,0.7972972972972973,0.794253938832252,0.27380952380952384,0.14736842105263148,0.27972027972027974,0.028273809523809534,,0.5984589806757867
compas_core,3004,iid,B0,1,9,295,74,True,True,0.6216216216216216,0.6171470805617147,0.2282608695652174,0.17352941176470582,0.21328671328671328,0.03416149068322982,,0.6010410143062472
compas_core,3004,iid,B0,2,0,296,74,True,True,0.7432432432432432,0.7251221896383186,0.2743295019157088,0.09999999999999998,0.29999999999999993,0.025287356321839094,,0.6053329852875322
compas_core,3004,iid,B0,2,1,296,74,True,True,0.7432432432432432,0.7431963470319635,0.17236024844720493,0.08571428571428574,0.18461538461538463,0.04658385093167705,,0.6042500026524067
compas_core,3004,iid,B0,2,2,296,74,True,True,0.6891891891891891,0.6619662363455809,0.19696969696969702,0.10909090909090902,0.5363636363636364,0.20606060606060606,,0.5956249951850623
compas_core,3004,iid,B0,2,3,296,74,True,False,0.5945945945945946,0.5268542199488491,0.030757689422355683,0.14047619047619042,0.31818181818181823,0.3090772693173293,,0.6002500012982637
compas_core,3004,iid,B0,2,4,295,74,True,False,0.6081081081081081,0.6045697438732265,0.15632183908045982,0.14619883040935677,0.14619883040935677,0.0773946360153257,,0.5965830059722066
compas_core,3004,iid,B0,2,5,295,74,True,True,0.7567567567567568,0.7501875468867216,0.23930982745686424,0.13492063492063489,0.26573426573426573,0.02550637659414856,,0.6024580216035247
compas_core,3004,iid,B0,2,6,295,74,True,False,0.6081081081081081,0.5662017384273297,0.16149068322981364,0.07499999999999996,0.261904761904762,0.05900621118012428,,0.5925830046180636
compas_core,3004,iid,B0,2,7,295,74,True,True,0.6621621621621622,0.6186353329210472,0.0031055900621117516,0.024154589371980673,0.05217391304347829,0.08385093167701863,,0.6048749783076346
compas_core,3004,iid,B0,2,8,295,74,True,True,0.7972972972972973,0.7908422837761446,0.1785714285714286,0.047368421052631504,0.18881118881118886,0.028273809523809534,,0.5923339922446758
compas_core,3004,iid,B0,2,9,295,74,True,True,0.6351351351351351,0.6235161107970605,0.17701863354037262,0.13235294117647056,0.13636363636363635,0.06987577639751552,,0.5912499909754843
compas_core,3004,iid,B0,3,0,296,74,True,False,0.7297297297297297,0.7084318360914106,0.30881226053639843,0.09999999999999998,0.4,0.009195402298850519,,0.6101249891798943
compas_core,3004,iid,B0,3,1,296,74,True,True,0.7027027027027027,0.702485380116959,0.1071428571428571,0.08571428571428574,0.08571428571428574,0.018633540372670843,,0.5995419924147427
compas_core,3004,iid,B0,3,2,296,74,True,True,0.6891891891891891,0.6619662363455809,0.19696969696969702,0.10909090909090902,0.5363636363636364,0.20606060606060606,,0.6046660128049552
compas_core,3004,iid,B0,3,3,296,74,True,False,0.581081081081081,0.5167474194227933,0.0075018754688672695,0.1880952380952381,0.31818181818181823,0.3323330832708177,,0.5939579859841615
compas_core,3004,iid,B0,3,4,295,74,True,False,0.581081081081081,0.5747914735866544,0.16858237547892718,0.14619883040935677,0.14619883040935677,0.06513409961685823,,0.5967080069240183
compas_core,3004,iid,B0,3,5,295,74,True,True,0.7567567567567568,0.7501875468867216,0.23930982745686424,0.13492063492063489,0.26573426573426573,0.02550637659414856,,0.6025829934515059
compas_core,3004,iid,B0,3,6,295,74,True,False,0.6081081081081081,0.5662017384273297,0.16149068322981364,0.07499999999999996,0.261904761904762,0.05900621118012428,,0.5934999790042639
compas_core,3004,iid,B0,3,7,295,74,True,True,0.6756756756756757,0.6375510204081632,0.024844720496894346,0.024154589371980673,0.024154589371980673,0.06211180124223603,,0.5907920130994171
compas_core,3004,iid,B0,3,8,295,74,True,True,0.8108108108108109,0.8037878787878788,0.2098214285714286,0.09999999999999998,0.18881118881118886,0.0029761904761904656,,0.5884999991394579
compas_core,3004,iid,B0,3,9,295,74,True,True,0.6216216216216216,0.6075757575757575,0.15527950310559002,0.13235294117647056,0.13235294117647056,0.09161490683229812,,0.5896659858990461
compas_core,3004,iid,B0,4,0,296,74,True,False,0.7162162162162162,0.6913604766633565,0.34329501915708815,0.09999999999999998,0.5,0.04367816091954013,,0.6023329915478826
compas_core,3004,iid,B0,4,1,296,74,True,True,0.7027027027027027,0.702485380116959,0.1071428571428571,0.08571428571428574,0.08571428571428574,0.018633540372670843,,0.5956660024821758
compas_core,3004,iid,B0,4,2,296,74,True,True,0.6756756756756757,0.6501182033096926,0.21969696969696972,0.0636363636363636,0.5363636363636364,0.18333333333333335,,0.5919999966863543
compas_core,3004,iid,B0,4,3,296,74,True,False,0.5540540540540541,0.4965986394557823,0.01650412603150786,0.18571428571428572,0.31818181818181823,0.32333083270817703,,0.5908750172238797
compas_core,3004,iid,B0,4,4,295,74,True,False,0.5945945945945946,0.5870535714285714,0.2030651340996168,0.20175438596491235,0.20175438596491235,0.09961685823754785,,0.5889579770155251
compas_core,3004,iid,B0,4,5,295,74,True,True,0.7567567567567568,0.7501875468867216,0.23930982745686424,0.13492063492063489,0.26573426573426573,0.02550637659414856,,0.6017500127200037
compas_core,3004,iid,B0,4,6,295,74,True,True,0.6216216216216216,0.5849358974358975,0.18322981366459623,0.07499999999999996,0.30952380952380953,0.08074534161490687,,0.5898749805055559
compas_core,3004,iid,B0,4,7,295,74,True,True,0.6756756756756757,0.6375510204081632,0.024844720496894346,0.024154589371980673,0.024154589371980673,0.06211180124223603,,0.6003750022500753
compas_core,3004,iid,B0,4,8,295,74,True,True,0.8108108108108109,0.8037878787878788,0.2098214285714286,0.09999999999999998,0.18881118881118886,0.0029761904761904656,,0.5867920117452741
compas_core,3004,iid,B0,4,9,295,74,True,True,0.6216216216216216,0.6075757575757575,0.15527950310559002,0.13235294117647056,0.13235294117647056,0.09161490683229812,,0.5871670146007091
compas_core,3004,iid,B0,5,0,296,74,True,False,0.7162162162162162,0.6913604766633565,0.34329501915708815,0.09999999999999998,0.5,0.04367816091954013,,0.6019579886924475
compas_core,3004,iid,B0,5,1,296,74,True,True,0.7297297297297297,0.728937728937729,0.0636645962732919,0.00952380952380949,0.06461538461538463,0.024844720496894346,,0.6062079919502139
compas_core,3004,iid,B0,5,2,296,74,True,True,0.6756756756756757,0.6501182033096926,0.21969696969696972,0.0636363636363636,0.5363636363636364,0.18333333333333335,,0.5982920120004565
compas_core,3004,iid,B0,5,3,296,74,True,False,0.5675675675675675,0.516734693877551,0.006751687921980443,0.18571428571428572,0.2727272727272728,0.30007501875468867,,0.6052500102669001
compas_core,3004,iid,B0,5,4,295,74,True,False,0.5945945945945946,0.5870535714285714,0.2030651340996168,0.20175438596491235,0.20175438596491235,0.09961685823754785,,0.5940410192124546
compas_core,3004,iid,B0,5,5,295,74,True,True,0.7567567567567568,0.7501875468867216,0.23930982745686424,0.13492063492063489,0.26573426573426573,0.02550637659414856,,0.6032919918652624
compas_core,3004,iid,B0,5,6,295,74,True,True,0.6486486486486487,0.6145833333333333,0.12577639751552794,0.03500000000000003,0.22619047619047616,0.06677018633540377,,0.593541975831613
compas_core,3004,iid,B0,5,7,295,74,True,True,0.6756756756756757,0.6375510204081632,0.024844720496894346,0.024154589371980673,0.024154589371980673,0.06211180124223603,,0.5942500138189644
compas_core,3004,iid,B0,5,8,295,74,True,True,0.8108108108108109,0.8037878787878788,0.2098214285714286,0.09999999999999998,0.18881118881118886,0.0029761904761904656,,0.5905829893890768
compas_core,3004,iid,B0,5,9,295,74,True,True,0.6216216216216216,0.6075757575757575,0.15527950310559002,0.13235294117647056,0.13235294117647056,0.09161490683229812,,0.5889589956495911
compas_core,3004,iid,B1,1,0,296,74,True,True,0.7432432432432432,0.7251221896383186,0.2743295019157088,0.09999999999999998,0.29999999999999993,0.025287356321839094,,0.6732079782523215
compas_core,3004,iid,B1,1,1,296,74,True,True,0.7297297297297297,0.7265336289726534,0.26708074534161486,0.16190476190476188,0.3046153846153846,0.08229813664596275,,0.6224589888006449
compas_core,3004,iid,B1,1,2,296,74,True,True,0.7162162162162162,0.6796536796536796,0.21818181818181825,0.054545454545454564,0.4909090909090909,0.1393939393939394,,0.6120000034570694
compas_core,3004,iid,B1,1,3,296,74,True,False,0.5945945945945946,0.5148601398601399,0.02175543885971487,0.09285714285714286,0.2272727272727273,0.25356339084771196,,0.6038339924998581
compas_core,3004,iid,B1,1,4,295,74,True,True,0.6216216216216216,0.6213450292397661,0.15402298850574714,0.14327485380116955,0.14327485380116955,0.05517241379310345,,0.6035419937688857
compas_core,3004,iid,B1,1,5,295,74,True,True,0.7432432432432432,0.7350668927831167,0.21605401350337583,0.13492063492063489,0.22027972027972026,0.0022505626406601476,,0.6018749845679849
compas_core,3004,iid,B1,1,6,295,74,True,True,0.6351351351351351,0.588126159554731,0.17546583850931685,0.09750000000000003,0.261904761904762,0.045031055900621175,,0.6027919880580157
compas_core,3004,iid,B1,1,7,295,74,True,True,0.6756756756756757,0.63,0.018633540372670843,0.06763285024154597,0.06763285024154597,0.06211180124223603,,0.5967080069240183
compas_core,3004,iid,B1,1,8,295,74,True,True,0.7972972972972973,0.794253938832252,0.27380952380952384,0.14736842105263148,0.27972027972027974,0.028273809523809534,,0.5933339998591691
compas_core,3004,iid,B1,1,9,295,74,True,True,0.6216216216216216,0.6171470805617147,0.2282608695652174,0.17352941176470582,0.21328671328671328,0.03416149068322982,,0.5983329901937395
compas_core,3004,iid,B1,2,0,296,74,True,True,0.7432432432432432,0.7251221896383186,0.2743295019157088,0.09999999999999998,0.29999999999999993,0.025287356321839094,,0.6083749758545309
compas_core,3004,iid,B1,2,1,296,74,True,True,0.7432432432432432,0.7431963470319635,0.17236024844720493,0.08571428571428574,0.18461538461538463,0.04658385093167705,,0.6002079753670841
compas_core,3004,iid,B1,2,2,296,74,True,True,0.6891891891891891,0.6619662363455809,0.19696969696969702,0.10909090909090902,0.5363636363636364,0.20606060606060606,,0.6000830035191029
compas_core,3004,iid,B1,2,3,296,74,True,False,0.5945945945945946,0.5268542199488491,0.030757689422355683,0.14047619047619042,0.31818181818181823,0.3090772693173293,,0.6023750174790621
compas_core,3004,iid,B1,2,4,295,74,True,False,0.6081081081081081,0.6045697438732265,0.15632183908045982,0.14619883040935677,0.14619883040935677,0.0773946360153257,,0.5974590021651238
compas_core,3004,iid,B1,2,5,295,74,True,True,0.7567567567567568,0.7501875468867216,0.23930982745686424,0.13492063492063489,0.26573426573426573,0.02550637659414856,,0.594375014770776
compas_core,3004,iid,B1,2,6,295,74,True,False,0.6081081081081081,0.5662017384273297,0.16149068322981364,0.07499999999999996,0.261904761904762,0.05900621118012428,,0.5924589931964874
compas_core,3004,iid,B1,2,7,295,74,True,True,0.6621621621621622,0.6186353329210472,0.0031055900621117516,0.024154589371980673,0.05217391304347829,0.08385093167701863,,0.5924169963691384
compas_core,3004,iid,B1,2,8,295,74,True,True,0.7972972972972973,0.7908422837761446,0.1785714285714286,0.047368421052631504,0.18881118881118886,0.028273809523809534,,0.5902909906581044
compas_core,3004,iid,B1,2,9,295,74,True,True,0.6351351351351351,0.6235161107970605,0.17701863354037262,0.13235294117647056,0.13636363636363635,0.06987577639751552,,0.5913340137340128
compas_core,3004,iid,B1,3,0,296,74,True,False,0.7297297297297297,0.7084318360914106,0.30881226053639843,0.09999999999999998,0.4,0.009195402298850519,,0.6016659899614751
compas_core,3004,iid,B1,3,1,296,74,True,True,0.7027027027027027,0.702485380116959,0.1071428571428571,0.08571428571428574,0.08571428571428574,0.018633540372670843,,0.6007500051055104
compas_core,3004,iid,B1,3,2,296,74,True,True,0.6891891891891891,0.6619662363455809,0.19696969696969702,0.10909090909090902,0.5363636363636364,0.20606060606060606,,0.6011249788571149
compas_core,3004,iid,B1,3,3,296,74,True,False,0.581081081081081,0.5167474194227933,0.0075018754688672695,0.1880952380952381,0.31818181818181823,0.3323330832708177,,0.596124998992309
compas_core,3004,iid,B1,3,4,295,74,True,False,0.581081081081081,0.5747914735866544,0.16858237547892718,0.14619883040935677,0.14619883040935677,0.06513409961685823,,0.5980420100968331
compas_core,3004,iid,B1,3,5,295,74,True,True,0.7567567567567568,0.7501875468867216,0.23930982745686424,0.13492063492063489,0.26573426573426573,0.02550637659414856,,0.5970839993096888
compas_core,3004,iid,B1,3,6,295,74,True,False,0.6081081081081081,0.5662017384273297,0.16149068322981364,0.07499999999999996,0.261904761904762,0.05900621118012428,,0.5981670110486448
compas_core,3004,iid,B1,3,7,295,74,True,True,0.6756756756756757,0.6375510204081632,0.024844720496894346,0.024154589371980673,0.024154589371980673,0.06211180124223603,,0.595749996136874
compas_core,3004,iid,B1,3,8,295,74,True,True,0.8108108108108109,0.8037878787878788,0.2098214285714286,0.09999999999999998,0.18881118881118886,0.0029761904761904656,,0.5939999828115106
compas_core,3004,iid,B1,3,9,295,74,True,True,0.6216216216216216,0.6075757575757575,0.15527950310559002,0.13235294117647056,0.13235294117647056,0.09161490683229812,,0.5893750058021396
compas_core,3004,iid,B1,4,0,296,74,True,False,0.7162162162162162,0.6913604766633565,0.34329501915708815,0.09999999999999998,0.5,0.04367816091954013,,0.6003340240567923
compas_core,3004,iid,B1,4,1,296,74,True,True,0.7027027027027027,0.702485380116959,0.1071428571428571,0.08571428571428574,0.08571428571428574,0.018633540372670843,,0.5969170015305281
compas_core,3004,iid,B1,4,2,296,74,True,True,0.6756756756756757,0.6501182033096926,0.21969696969696972,0.0636363636363636,0.5363636363636364,0.18333333333333335,,0.5962499999441206
compas_core,3004,iid,B1,4,3,296,74,True,False,0.5540540540540541,0.4965986394557823,0.01650412603150786,0.18571428571428572,0.31818181818181823,0.32333083270817703,,0.5925839941482991
compas_core,3004,iid,B1,4,4,295,74,True,False,0.5945945945945946,0.5870535714285714,0.2030651340996168,0.20175438596491235,0.20175438596491235,0.09961685823754785,,0.5938749818596989
compas_core,3004,iid,B1,4,5,295,74,True,True,0.7567567567567568,0.7501875468867216,0.23930982745686424,0.13492063492063489,0.26573426573426573,0.02550637659414856,,0.5895830108784139
compas_core,3004,iid,B1,4,6,295,74,True,True,0.6216216216216216,0.5849358974358975,0.18322981366459623,0.07499999999999996,0.30952380952380953,0.08074534161490687,,0.5912079941481352
compas_core,3004,iid,B1,4,7,295,74,True,True,0.6756756756756757,0.6375510204081632,0.024844720496894346,0.024154589371980673,0.024154589371980673,0.06211180124223603,,0.5902500124648213
compas_core,3004,iid,B1,4,8,295,74,True,True,0.8108108108108109,0.8037878787878788,0.2098214285714286,0.09999999999999998,0.18881118881118886,0.0029761904761904656,,0.5882920231670141
compas_core,3004,iid,B1,4,9,295,74,True,True,0.6216216216216216,0.6075757575757575,0.15527950310559002,0.13235294117647056,0.13235294117647056,0.09161490683229812,,0.5917499947827309
compas_core,3004,iid,B1,5,0,296,74,True,False,0.7162162162162162,0.6913604766633565,0.34329501915708815,0.09999999999999998,0.5,0.04367816091954013,,0.600458006374538
compas_core,3004,iid,B1,5,1,296,74,True,True,0.7297297297297297,0.728937728937729,0.0636645962732919,0.00952380952380949,0.06461538461538463,0.024844720496894346,,0.5958750261925161
compas_core,3004,iid,B1,5,2,296,74,True,True,0.6756756756756757,0.6501182033096926,0.21969696969696972,0.0636363636363636,0.5363636363636364,0.18333333333333335,,0.5928340251557529
compas_core,3004,iid,B1,5,3,296,74,True,False,0.5675675675675675,0.516734693877551,0.006751687921980443,0.18571428571428572,0.2727272727272728,0.30007501875468867,,0.5927919992245734
compas_core,3004,iid,B1,5,4,295,74,True,False,0.5945945945945946,0.5870535714285714,0.2030651340996168,0.20175438596491235,0.20175438596491235,0.09961685823754785,,0.5941250128671527
compas_core,3004,iid,B1,5,5,295,74,True,True,0.7567567567567568,0.7501875468867216,0.23930982745686424,0.13492063492063489,0.26573426573426573,0.02550637659414856,,0.5924580036662519
compas_core,3004,iid,B1,5,6,295,74,True,True,0.6486486486486487,0.6145833333333333,0.12577639751552794,0.03500000000000003,0.22619047619047616,0.06677018633540377,,0.5905000143684447
compas_core,3004,iid,B1,5,7,295,74,True,True,0.6756756756756757,0.6375510204081632,0.024844720496894346,0.024154589371980673,0.024154589371980673,0.06211180124223603,,0.5873749905731529
compas_core,3004,iid,B1,5,8,295,74,True,True,0.8108108108108109,0.8037878787878788,0.2098214285714286,0.09999999999999998,0.18881118881118886,0.0029761904761904656,,0.5883330013602972
compas_core,3004,iid,B1,5,9,295,74,True,True,0.6216216216216216,0.6075757575757575,0.15527950310559002,0.13235294117647056,0.13235294117647056,0.09161490683229812,,0.5903329874854535
compas_core,3004,iid,B3,1,0,296,74,True,True,0.7432432432432432,0.7251221896383186,0.2743295019157088,0.09999999999999998,0.29999999999999993,0.025287356321839094,,0.71629200829193
compas_core,3004,iid,B3,1,1,296,74,True,True,0.7297297297297297,0.7265336289726534,0.26708074534161486,0.16190476190476188,0.3046153846153846,0.08229813664596275,,0.6313339981716126
compas_core,3004,iid,B3,1,2,296,74,True,True,0.7162162162162162,0.6796536796536796,0.21818181818181825,0.054545454545454564,0.4909090909090909,0.1393939393939394,,0.618249992839992
compas_core,3004,iid,B3,1,3,296,74,True,False,0.5945945945945946,0.5148601398601399,0.02175543885971487,0.09285714285714286,0.2272727272727273,0.25356339084771196,,0.6063329929020256
compas_core,3004,iid,B3,1,4,295,74,True,True,0.6216216216216216,0.6213450292397661,0.15402298850574714,0.14327485380116955,0.14327485380116955,0.05517241379310345,,0.6050000083632767
compas_core,3004,iid,B3,1,5,295,74,True,True,0.7432432432432432,0.7350668927831167,0.21605401350337583,0.13492063492063489,0.22027972027972026,0.0022505626406601476,,0.60374999884516
compas_core,3004,iid,B3,1,6,295,74,True,True,0.6351351351351351,0.588126159554731,0.17546583850931685,0.09750000000000003,0.261904761904762,0.045031055900621175,,0.600125000346452
compas_core,3004,iid,B3,1,7,295,74,True,True,0.6756756756756757,0.63,0.018633540372670843,0.06763285024154597,0.06763285024154597,0.06211180124223603,,0.5992079968564212
compas_core,3004,iid,B3,1,8,295,74,True,True,0.7972972972972973,0.794253938832252,0.27380952380952384,0.14736842105263148,0.27972027972027974,0.028273809523809534,,0.6006249750498682
compas_core,3004,iid,B3,1,9,295,74,True,True,0.6216216216216216,0.6171470805617147,0.2282608695652174,0.17352941176470582,0.21328671328671328,0.03416149068322982,,0.598999991780147
compas_core,3004,iid,B3,2,0,296,74,True,True,0.7432432432432432,0.7251221896383186,0.2743295019157088,0.09999999999999998,0.29999999999999993,0.025287356321839094,,0.6112499977461994
compas_core,3004,iid,B3,2,1,296,74,True,True,0.7567567567567568,0.756578947368421,0.19409937888198753,0.08571428571428574,0.22461538461538463,0.06832298136645965,,0.6098340090829879
compas_core,3004,iid,B3,2,2,296,74,True,True,0.6891891891891891,0.6619662363455809,0.19696969696969702,0.10909090909090902,0.5363636363636364,0.20606060606060606,,0.5999999993946403
compas_core,3004,iid,B3,2,3,296,74,True,False,0.5945945945945946,0.5268542199488491,0.030757689422355683,0.14047619047619042,0.31818181818181823,0.3090772693173293,,0.598291982896626
compas_core,3004,iid,B3,2,4,295,74,True,False,0.6081081081081081,0.6045697438732265,0.15632183908045982,0.14619883040935677,0.14619883040935677,0.0773946360153257,,0.5989589844830334
compas_core,3004,iid,B3,2,5,295,74,True,True,0.7567567567567568,0.7501875468867216,0.23930982745686424,0.13492063492063489,0.26573426573426573,0.02550637659414856,,0.5942920106463134
compas_core,3004,iid,B3,2,6,295,74,True,False,0.6081081081081081,0.5662017384273297,0.16149068322981364,0.07499999999999996,0.261904761904762,0.05900621118012428,,0.592124997638166
compas_core,3004,iid,B3,2,7,295,74,True,True,0.6621621621621622,0.6186353329210472,0.0031055900621117516,0.024154589371980673,0.05217391304347829,0.08385093167701863,,0.5926250014454126
compas_core,3004,iid,B3,2,8,295,74,True,True,0.7972972972972973,0.7908422837761446,0.1785714285714286,0.047368421052631504,0.18881118881118886,0.028273809523809534,,0.5903340061195195
compas_core,3004,iid,B3,2,9,295,74,True,True,0.6351351351351351,0.6235161107970605,0.17701863354037262,0.13235294117647056,0.13636363636363635,0.06987577639751552,,0.5962919967714697
compas_core,3004,iid,B3,3,0,296,74,True,True,0.7432432432432432,0.7251221896383186,0.2743295019157088,0.09999999999999998,0.29999999999999993,0.025287356321839094,,0.6048340001143515
compas_core,3004,iid,B3,3,1,296,74,True,True,0.7162162162162162,0.7161643835616438,0.1288819875776397,0.08571428571428574,0.10461538461538461,0.0031055900621117516,,0.5998749984428287
compas_core,3004,iid,B3,3,2,296,74,True,True,0.6756756756756757,0.6501182033096926,0.21969696969696972,0.0636363636363636,0.5363636363636364,0.18333333333333335,,0.5984589806757867
compas_core,3004,iid,B3,3,3,296,74,True,False,0.5540540540540541,0.4965986394557823,0.01650412603150786,0.18571428571428572,0.31818181818181823,0.32333083270817703,,0.5968330078758299
compas_core,3004,iid,B3,3,4,295,74,True,False,0.5945945945945946,0.5898004434589801,0.13409961685823757,0.14619883040935677,0.14619883040935677,0.09961685823754785,,0.5965410091448575
compas_core,3004,iid,B3,3,5,295,74,True,True,0.7702702702702703,0.765079365079365,0.26256564141035255,0.13492063492063489,0.31118881118881114,0.04876219054763686,,0.5968749755993485
compas_core,3004,iid,B3,3,6,295,74,True,True,0.6216216216216216,0.5849358974358975,0.18322981366459623,0.07499999999999996,0.30952380952380953,0.08074534161490687,,0.5994579987600446
compas_core,3004,iid,B3,3,7,295,74,True,True,0.6891891891891891,0.6559531028906408,0.04658385093167705,0.024154589371980673,0.034782608695652195,0.04037267080745344,,0.5945000157225877
compas_core,3004,iid,B3,3,8,295,74,True,True,0.7837837837837838,0.7779444861215303,0.20238095238095233,0.09736842105263155,0.18881118881118886,0.004464285714285698,,0.5933329812251031
compas_core,3004,iid,B3,3,9,295,74,True,True,0.6351351351351351,0.6235161107970605,0.17701863354037262,0.13235294117647056,0.13636363636363635,0.06987577639751552,,0.5952919891569763
compas_core,3004,iid,B3,4,0,296,74,True,True,0.7432432432432432,0.7251221896383186,0.2743295019157088,0.09999999999999998,0.29999999999999993,0.025287356321839094,,0.6144579965621233
compas_core,3004,iid,B3,4,1,296,74,True,True,0.7027027027027027,0.702485380116959,0.1071428571428571,0.08571428571428574,0.08571428571428574,0.018633540372670843,,0.6151249981485307
compas_core,3004,iid,B3,4,2,296,74,True,True,0.6756756756756757,0.6501182033096926,0.21969696969696972,0.0636363636363636,0.5363636363636364,0.18333333333333335,,0.5991249927319586
compas_core,3004,iid,B3,4,3,296,74,True,False,0.5675675675675675,0.516734693877551,0.006751687921980443,0.18571428571428572,0.2727272727272728,0.30007501875468867,,0.6054579862393439
compas_core,3004,iid,B3,4,4,295,74,True,False,0.5945945945945946,0.5898004434589801,0.13409961685823757,0.14619883040935677,0.14619883040935677,0.09961685823754785,,0.5969580088276416
compas_core,3004,iid,B3,4,5,295,74,True,True,0.7702702702702703,0.765079365079365,0.26256564141035255,0.13492063492063489,0.31118881118881114,0.04876219054763686,,0.5933329812251031
compas_core,3004,iid,B3,4,6,295,74,True,True,0.6486486486486487,0.6145833333333333,0.12577639751552794,0.03500000000000003,0.22619047619047616,0.06677018633540377,,0.5949170154053718
compas_core,3004,iid,B3,4,7,295,74,True,True,0.6891891891891891,0.6559531028906408,0.04658385093167705,0.024154589371980673,0.034782608695652195,0.04037267080745344,,0.5926669982727617
compas_core,3004,iid,B3,4,8,295,74,True,True,0.7837837837837838,0.7779444861215303,0.20238095238095233,0.09736842105263155,0.18881118881118886,0.004464285714285698,,0.6018750136718154
compas_core,3004,iid,B3,4,9,295,74,True,True,0.6216216216216216,0.6075757575757575,0.15527950310559002,0.13235294117647056,0.13235294117647056,0.09161490683229812,,0.5967500037513673
compas_core,3004,iid,B3,5,0,296,74,True,True,0.7432432432432432,0.7251221896383186,0.2743295019157088,0.09999999999999998,0.29999999999999993,0.025287356321839094,,0.6014579848852009
compas_core,3004,iid,B3,5,1,296,74,True,True,0.7162162162162162,0.7157490396927016,0.0854037267080745,0.03809523809523818,0.06461538461538463,0.0031055900621117516,,0.6087500078137964
compas_core,3004,iid,B3,5,2,296,74,True,True,0.6756756756756757,0.6501182033096926,0.21969696969696972,0.0636363636363636,0.5363636363636364,0.18333333333333335,,0.5959999980404973
compas_core,3004,iid,B3,5,3,296,74,True,False,0.5675675675675675,0.516734693877551,0.006751687921980443,0.18571428571428572,0.2727272727272728,0.30007501875468867,,0.595791992964223
compas_core,3004,iid,B3,5,4,295,74,True,False,0.6081081081081081,0.602224281742354,0.16858237547892718,0.20175438596491235,0.20175438596491235,0.13409961685823757,,0.5947499885223806
compas_core,3004,iid,B3,5,5,295,74,True,True,0.7702702702702703,0.765079365079365,0.26256564141035255,0.13492063492063489,0.31118881118881114,0.04876219054763686,,0.593625009059906
compas_core,3004,iid,B3,5,6,295,74,True,True,0.6486486486486487,0.6145833333333333,0.12577639751552794,0.03500000000000003,0.22619047619047616,0.06677018633540377,,0.5934170039836317
compas_core,3004,iid,B3,5,7,295,74,True,True,0.6891891891891891,0.6559531028906408,0.04658385093167705,0.024154589371980673,0.034782608695652195,0.04037267080745344,,0.5916249938309193
compas_core,3004,iid,B3,5,8,295,74,True,True,0.7972972972972973,0.7908422837761446,0.23363095238095233,0.15000000000000002,0.18881118881118886,0.0267857142857143,,0.5976670072413981
compas_core,3004,iid,B3,5,9,295,74,True,True,0.6216216216216216,0.6075757575757575,0.15527950310559002,0.13235294117647056,0.13235294117647056,0.09161490683229812,,0.5952079955022782
compas_core,3004,joint_dirichlet_0.3,B0,1,0,56,14,False,False,,,,,,,,0.017958023818209767
compas_core,3004,joint_dirichlet_0.3,B0,1,1,91,23,True,False,0.6086956521739131,0.3783783783783784,,,,,"comparison_groups,subgroup_accuracy_gap",0.6738340016454458
compas_core,3004,joint_dirichlet_0.3,B0,1,2,212,53,True,True,0.6226415094339622,0.5350877192982456,0.10151515151515145,0.052631578947368474,0.21739130434782605,0.4454545454545455,,0.6149589898996055
compas_core,3004,joint_dirichlet_0.3,B0,1,3,124,31,True,False,0.8064516129032258,0.44642857142857145,,,,,"comparison_groups,subgroup_accuracy_gap",0.5918339884374291
compas_core,3004,joint_dirichlet_0.3,B0,1,4,450,113,True,False,0.8053097345132744,0.44607843137254904,,,,,"comparison_groups,subgroup_accuracy_gap",0.6415419920813292
compas_core,3004,joint_dirichlet_0.3,B0,1,5,67,17,True,False,0.9411764705882353,0.48484848484848486,,,,,"comparison_groups,subgroup_accuracy_gap",0.604875007411465
compas_core,3004,joint_dirichlet_0.3,B0,1,6,278,70,True,True,0.9714285714285714,0.4927536231884058,0.0,0.0,0.0,0.027210884353741527,,0.6060000159777701
compas_core,3004,joint_dirichlet_0.3,B0,1,7,303,76,True,True,0.8289473684210527,0.45323741007194246,0.0,0.0,,0.43333333333333335,"equalized_odds_gap,false_positive_rate_gap",0.6580829794984311
compas_core,3004,joint_dirichlet_0.3,B0,1,8,1112,279,True,True,0.6344086021505376,0.4302930813581038,0.11074489123269612,0.16551724137931034,0.16551724137931034,0.20329597890573503,,0.7153750048018992
compas_core,3004,joint_dirichlet_0.3,B0,1,9,260,65,True,True,0.9692307692307692,0.4921875,0.0,0.0,,0.05405405405405406,"equalized_odds_gap,false_positive_rate_gap",0.606999994488433
compas_core,3004,joint_dirichlet_0.3,B0,2,0,56,14,False,False,,,,,,,,0.01370901009067893
compas_core,3004,joint_dirichlet_0.3,B0,2,1,91,23,True,False,0.6086956521739131,0.5174825174825175,,,,,"comparison_groups,subgroup_accuracy_gap",0.5674580170307308
compas_core,3004,joint_dirichlet_0.3,B0,2,2,212,53,True,False,0.5849056603773585,0.5236928104575164,0.06212121212121213,0.05789473684210533,0.26086956521739135,0.3454545454545455,,0.5897499795537442
compas_core,3004,joint_dirichlet_0.3,B0,2,3,124,31,True,False,0.8064516129032258,0.6423076923076922,,,,,"comparison_groups,subgroup_accuracy_gap",0.5757080216426402
compas_core,3004,joint_dirichlet_0.3,B0,2,4,450,113,True,False,0.7699115044247787,0.435,,,,,"comparison_groups,subgroup_accuracy_gap",0.6089999806135893
compas_core,3004,joint_dirichlet_0.3,B0,2,5,67,17,True,False,0.8235294117647058,0.45161290322580644,,,,,"comparison_groups,subgroup_accuracy_gap",0.5547500040847808
compas_core,3004,joint_dirichlet_0.3,B0,2,6,278,70,True,True,0.9571428571428572,0.48905109489051096,0.020408163265306145,0.02083333333333337,0.02083333333333337,0.006802721088435382,,0.588875001994893
compas_core,3004,joint_dirichlet_0.3,B0,2,7,303,76,True,True,0.8552631578947368,0.5931873479318734,0.06666666666666665,0.0,,0.3666666666666667,"equalized_odds_gap,false_positive_rate_gap",0.5933750071562827
compas_core,3004,joint_dirichlet_0.3,B0,2,8,1112,279,True,True,0.6415770609318996,0.5320048309178744,0.1937376400791035,0.3045977011494253,0.3045977011494253,0.06479894528675012,,0.7075000030454248
compas_core,3004,joint_dirichlet_0.3,B0,2,9,260,65,True,True,0.9538461538461539,0.4881889763779528,0.027027027027026973,0.02857142857142858,,0.08108108108108103,"equalized_odds_gap,false_positive_rate_gap",0.5905000143684447
compas_core,3004,joint_dirichlet_0.3,B0,3,0,56,14,False,False,,,,,,,,0.012959004379808903
compas_core,3004,joint_dirichlet_0.3,B0,3,1,91,23,True,False,0.6086956521739131,0.5801217038539555,,,,,"comparison_groups,subgroup_accuracy_gap",0.5620840238407254
compas_core,3004,joint_dirichlet_0.3,B0,3,2,212,53,True,False,0.5849056603773585,0.5373015873015873,0.042424242424242475,0.1105263157894737,0.30434782608695654,0.26515151515151514,,0.5960419948678464
compas_core,3004,joint_dirichlet_0.3,B0,3,3,124,31,True,False,0.8387096774193549,0.7237076648841354,,,,,"comparison_groups,subgroup_accuracy_gap",0.576916994759813
compas_core,3004,joint_dirichlet_0.3,B0,3,4,450,113,True,False,0.7522123893805309,0.4292929292929293,,,,,"comparison_groups,subgroup_accuracy_gap",0.6284590053837746
compas_core,3004,joint_dirichlet_0.3,B0,3,5,67,17,True,False,0.8235294117647058,0.6482758620689655,,,,,"comparison_groups,subgroup_accuracy_gap",0.5518749821931124
compas_core,3004,joint_dirichlet_0.3,B0,3,6,278,70,True,True,0.9571428571428572,0.48905109489051096,0.020408163265306145,0.02083333333333337,0.02083333333333337,0.006802721088435382,,0.5901250115130097
compas_core,3004,joint_dirichlet_0.3,B0,3,7,303,76,True,True,0.8552631578947368,0.6357298474945534,0.1333333333333333,0.05882352941176472,,0.3666666666666667,"equalized_odds_gap,false_positive_rate_gap",0.60299999313429
compas_core,3004,joint_dirichlet_0.3,B0,3,8,1112,279,True,True,0.6451612903225806,0.5928568269925266,0.15174686882003957,0.09770114942528735,0.2465572033898305,0.06882003955174687,,0.7108330028131604
compas_core,3004,joint_dirichlet_0.3,B0,3,9,260,65,True,True,0.9538461538461539,0.4881889763779528,0.027027027027026973,0.02857142857142858,,0.08108108108108103,"equalized_odds_gap,false_positive_rate_gap",0.5909579922445118
compas_core,3004,joint_dirichlet_0.3,B0,4,0,56,14,False,False,,,,,,,,0.012500007869675756
compas_core,3004,joint_dirichlet_0.3,B0,4,1,91,23,True,False,0.5217391304347826,0.50682261208577,,,,,"comparison_groups,subgroup_accuracy_gap",0.5585000035353005
compas_core,3004,joint_dirichlet_0.3,B0,4,2,212,53,True,False,0.5849056603773585,0.5373015873015873,0.042424242424242475,0.1105263157894737,0.30434782608695654,0.26515151515151514,,0.5959160043857992
compas_core,3004,joint_dirichlet_0.3,B0,4,3,124,31,True,False,0.8064516129032258,0.69,,,,,"comparison_groups,subgroup_accuracy_gap",0.5708749813493341
compas_core,3004,joint_dirichlet_0.3,B0,4,4,450,113,True,False,0.7433628318584071,0.48547652692730414,,,,,"comparison_groups,subgroup_accuracy_gap",0.6079169979784638
compas_core,3004,joint_dirichlet_0.3,B0,4,5,67,17,True,False,0.8235294117647058,0.6482758620689655,,,,,"comparison_groups,subgroup_accuracy_gap",0.5502919957507402
compas_core,3004,joint_dirichlet_0.3,B0,4,6,278,70,True,True,0.9285714285714286,0.48148148148148145,0.006802721088435382,0.008333333333333415,0.008333333333333415,0.03401360544217691,,0.5857920041307807
compas_core,3004,joint_dirichlet_0.3,B0,4,7,303,76,True,True,0.8421052631578947,0.6218905472636815,0.16666666666666663,0.11764705882352944,,0.4,"equalized_odds_gap,false_positive_rate_gap",0.5893750058021396
compas_core,3004,joint_dirichlet_0.3,B0,4,8,1112,279,True,True,0.6379928315412187,0.6019071837253656,0.16565589980224127,0.12873563218390804,0.2666843220338983,0.11423862887277525,,0.7072500011418015
compas_core,3004,joint_dirichlet_0.3,B0,4,9,260,65,True,True,0.9076923076923077,0.47580645161290325,0.10810810810810811,0.11428571428571432,,0.16216216216216217,"equalized_odds_gap,false_positive_rate_gap",0.5864169797860086
compas_core,3004,joint_dirichlet_0.3,B0,5,0,56,14,False,False,,,,,,,,0.012417003745213151
compas_core,3004,joint_dirichlet_0.3,B0,5,1,91,23,True,False,0.43478260869565216,0.43047619047619046,,,,,"comparison_groups,subgroup_accuracy_gap",0.5582910089287907
compas_core,3004,joint_dirichlet_0.3,B0,5,2,212,53,True,False,0.5849056603773585,0.5373015873015873,0.042424242424242475,0.1105263157894737,0.30434782608695654,0.26515151515151514,,0.5839999939780682
compas_core,3004,joint_dirichlet_0.3,B0,5,3,124,31,True,False,0.8064516129032258,0.69,,,,,"comparison_groups,subgroup_accuracy_gap",0.5709159886464477
compas_core,3004,joint_dirichlet_0.3,B0,5,4,450,113,True,False,0.7256637168141593,0.5196764020293432,,,,,"comparison_groups,subgroup_accuracy_gap",0.6208340055309236
compas_core,3004,joint_dirichlet_0.3,B0,5,5,67,17,True,False,0.8235294117647058,0.6482758620689655,,,,,"comparison_groups,subgroup_accuracy_gap",0.5484589783009142
compas_core,3004,joint_dirichlet_0.3,B0,5,6,278,70,True,True,0.9142857142857143,0.47761194029850745,0.05442176870748294,0.05833333333333335,0.05833333333333335,0.08163265306122458,,0.6034999969415367
compas_core,3004,joint_dirichlet_0.3,B0,5,7,303,76,True,True,0.8421052631578947,0.6218905472636815,0.16666666666666663,0.11764705882352944,,0.4,"equalized_odds_gap,false_positive_rate_gap",0.594000011915341
compas_core,3004,joint_dirichlet_0.3,B0,5,8,1112,279,True,True,0.6308243727598566,0.6028881365300904,0.19044166117336842,0.1942528735632183,0.288135593220339,0.14126565589980233,,0.7077920017763972
compas_core,3004,joint_dirichlet_0.3,B0,5,9,260,65,True,True,0.9076923076923077,0.47580645161290325,0.10810810810810811,0.11428571428571432,,0.16216216216216217,"equalized_odds_gap,false_positive_rate_gap",0.5905830184929073
compas_core,3004,joint_dirichlet_0.3,B1,1,0,56,14,False,False,,,,,,,,0.013415992725640535
compas_core,3004,joint_dirichlet_0.3,B1,1,1,91,23,True,False,0.6086956521739131,0.3783783783783784,,,,,"comparison_groups,subgroup_accuracy_gap",0.6181670178193599
compas_core,3004,joint_dirichlet_0.3,B1,1,2,212,53,True,True,0.6226415094339622,0.5350877192982456,0.10151515151515145,0.052631578947368474,0.21739130434782605,0.4454545454545455,,0.613541022175923
compas_core,3004,joint_dirichlet_0.3,B1,1,3,124,31,True,False,0.8064516129032258,0.44642857142857145,,,,,"comparison_groups,subgroup_accuracy_gap",0.588875001994893
compas_core,3004,joint_dirichlet_0.3,B1,1,4,450,113,True,False,0.8053097345132744,0.44607843137254904,,,,,"comparison_groups,subgroup_accuracy_gap",0.6234169995877892
compas_core,3004,joint_dirichlet_0.3,B1,1,5,67,17,True,False,0.9411764705882353,0.48484848484848486,,,,,"comparison_groups,subgroup_accuracy_gap",0.5663750052917749
compas_core,3004,joint_dirichlet_0.3,B1,1,6,278,70,True,True,0.9714285714285714,0.4927536231884058,0.0,0.0,0.0,0.027210884353741527,,0.6024169852025807
compas_core,3004,joint_dirichlet_0.3,B1,1,7,303,76,True,True,0.8289473684210527,0.45323741007194246,0.0,0.0,,0.43333333333333335,"equalized_odds_gap,false_positive_rate_gap",0.6054580153431743
compas_core,3004,joint_dirichlet_0.3,B1,1,8,1112,279,True,True,0.6344086021505376,0.4302930813581038,0.11074489123269612,0.16551724137931034,0.16551724137931034,0.20329597890573503,,0.7120420050341636
compas_core,3004,joint_dirichlet_0.3,B1,1,9,260,65,True,True,0.9692307692307692,0.4921875,0.0,0.0,,0.05405405405405406,"equalized_odds_gap,false_positive_rate_gap",0.6035830010659993
compas_core,3004,joint_dirichlet_0.3,B1,2,0,56,14,False,False,,,,,,,,0.01333397813141346
compas_core,3004,joint_dirichlet_0.3,B1,2,1,91,23,True,False,0.6086956521739131,0.5174825174825175,,,,,"comparison_groups,subgroup_accuracy_gap",0.5654589913319796
compas_core,3004,joint_dirichlet_0.3,B1,2,2,212,53,True,False,0.5849056603773585,0.5236928104575164,0.06212121212121213,0.05789473684210533,0.26086956521739135,0.3454545454545455,,0.5980409914627671
compas_core,3004,joint_dirichlet_0.3,B1,2,3,124,31,True,False,0.8064516129032258,0.6423076923076922,,,,,"comparison_groups,subgroup_accuracy_gap",0.5782920052297413
compas_core,3004,joint_dirichlet_0.3,B1,2,4,450,113,True,False,0.7699115044247787,0.435,,,,,"comparison_groups,subgroup_accuracy_gap",0.6147499952930957
compas_core,3004,joint_dirichlet_0.3,B1,2,5,67,17,True,False,0.8235294117647058,0.45161290322580644,,,,,"comparison_groups,subgroup_accuracy_gap",0.559584004804492
compas_core,3004,joint_dirichlet_0.3,B1,2,6,278,70,True,True,0.9571428571428572,0.48905109489051096,0.020408163265306145,0.02083333333333337,0.02083333333333337,0.006802721088435382,,0.5982909933663905
compas_core,3004,joint_dirichlet_0.3,B1,2,7,303,76,True,True,0.8552631578947368,0.5931873479318734,0.06666666666666665,0.0,,0.3666666666666667,"equalized_odds_gap,false_positive_rate_gap",0.596500001847744
compas_core,3004,joint_dirichlet_0.3,B1,2,8,1112,279,True,True,0.6415770609318996,0.5320048309178744,0.1937376400791035,0.3045977011494253,0.3045977011494253,0.06479894528675012,,0.7117500063031912
compas_core,3004,joint_dirichlet_0.3,B1,2,9,260,65,True,True,0.9538461538461539,0.4881889763779528,0.027027027027026973,0.02857142857142858,,0.08108108108108103,"equalized_odds_gap,false_positive_rate_gap",0.5927910096943378
compas_core,3004,joint_dirichlet_0.3,B1,3,0,56,14,False,False,,,,,,,,0.012792006600648165
compas_core,3004,joint_dirichlet_0.3,B1,3,1,91,23,True,False,0.6086956521739131,0.5801217038539555,,,,,"comparison_groups,subgroup_accuracy_gap",0.5577499978244305
compas_core,3004,joint_dirichlet_0.3,B1,3,2,212,53,True,False,0.5849056603773585,0.5373015873015873,0.042424242424242475,0.1105263157894737,0.30434782608695654,0.26515151515151514,,0.5895420035813004
compas_core,3004,joint_dirichlet_0.3,B1,3,3,124,31,True,False,0.8387096774193549,0.7237076648841354,,,,,"comparison_groups,subgroup_accuracy_gap",0.571833981666714
compas_core,3004,joint_dirichlet_0.3,B1,3,4,450,113,True,False,0.7522123893805309,0.4292929292929293,,,,,"comparison_groups,subgroup_accuracy_gap",0.6232500018086284
compas_core,3004,joint_dirichlet_0.3,B1,3,5,67,17,True,False,0.8235294117647058,0.6482758620689655,,,,,"comparison_groups,subgroup_accuracy_gap",0.5545419990085065
compas_core,3004,joint_dirichlet_0.3,B1,3,6,278,70,True,True,0.9571428571428572,0.48905109489051096,0.020408163265306145,0.02083333333333337,0.02083333333333337,0.006802721088435382,,0.5927500023972243
compas_core,3004,joint_dirichlet_0.3,B1,3,7,303,76,True,True,0.8552631578947368,0.6357298474945534,0.1333333333333333,0.05882352941176472,,0.3666666666666667,"equalized_odds_gap,false_positive_rate_gap",0.5981669819448143
compas_core,3004,joint_dirichlet_0.3,B1,3,8,1112,279,True,True,0.6451612903225806,0.5928568269925266,0.15174686882003957,0.09770114942528735,0.2465572033898305,0.06882003955174687,,0.7091669831424952
compas_core,3004,joint_dirichlet_0.3,B1,3,9,260,65,True,True,0.9538461538461539,0.4881889763779528,0.027027027027026973,0.02857142857142858,,0.08108108108108103,"equalized_odds_gap,false_positive_rate_gap",0.5942500138189644
compas_core,3004,joint_dirichlet_0.3,B1,4,0,56,14,False,False,,,,,,,,0.012666016118600965
compas_core,3004,joint_dirichlet_0.3,B1,4,1,91,23,True,False,0.5217391304347826,0.50682261208577,,,,,"comparison_groups,subgroup_accuracy_gap",0.5596249829977751
compas_core,3004,joint_dirichlet_0.3,B1,4,2,212,53,True,False,0.5849056603773585,0.5373015873015873,0.042424242424242475,0.1105263157894737,0.30434782608695654,0.26515151515151514,,0.5918750248383731
compas_core,3004,joint_dirichlet_0.3,B1,4,3,124,31,True,False,0.8064516129032258,0.69,,,,,"comparison_groups,subgroup_accuracy_gap",0.5785420071333647
compas_core,3004,joint_dirichlet_0.3,B1,4,4,450,113,True,False,0.7433628318584071,0.48547652692730414,,,,,"comparison_groups,subgroup_accuracy_gap",0.6111249967943877
compas_core,3004,joint_dirichlet_0.3,B1,4,5,67,17,True,False,0.8235294117647058,0.6482758620689655,,,,,"comparison_groups,subgroup_accuracy_gap",0.5545000021811575
compas_core,3004,joint_dirichlet_0.3,B1,4,6,278,70,True,True,0.9285714285714286,0.48148148148148145,0.006802721088435382,0.008333333333333415,0.008333333333333415,0.03401360544217691,,0.5900409887544811
compas_core,3004,joint_dirichlet_0.3,B1,4,7,303,76,True,True,0.8421052631578947,0.6218905472636815,0.16666666666666663,0.11764705882352944,,0.4,"equalized_odds_gap,false_positive_rate_gap",0.5920839903410524
compas_core,3004,joint_dirichlet_0.3,B1,4,8,1112,279,True,True,0.6379928315412187,0.6019071837253656,0.16565589980224127,0.12873563218390804,0.2666843220338983,0.11423862887277525,,0.7118330104276538
compas_core,3004,joint_dirichlet_0.3,B1,4,9,260,65,True,True,0.9076923076923077,0.47580645161290325,0.10810810810810811,0.11428571428571432,,0.16216216216216217,"equalized_odds_gap,false_positive_rate_gap",0.5939170077908784
compas_core,3004,joint_dirichlet_0.3,B1,5,0,56,14,False,False,,,,,,,,0.012792006600648165
compas_core,3004,joint_dirichlet_0.3,B1,5,1,91,23,True,False,0.43478260869565216,0.43047619047619046,,,,,"comparison_groups,subgroup_accuracy_gap",0.5640829913318157
compas_core,3004,joint_dirichlet_0.3,B1,5,2,212,53,True,False,0.5849056603773585,0.5373015873015873,0.042424242424242475,0.1105263157894737,0.30434782608695654,0.26515151515151514,,0.5899999814573675
compas_core,3004,joint_dirichlet_0.3,B1,5,3,124,31,True,False,0.8064516129032258,0.69,,,,,"comparison_groups,subgroup_accuracy_gap",0.5762080254498869
compas_core,3004,joint_dirichlet_0.3,B1,5,4,450,113,True,False,0.7256637168141593,0.5196764020293432,,,,,"comparison_groups,subgroup_accuracy_gap",0.6102500192355365
compas_core,3004,joint_dirichlet_0.3,B1,5,5,67,17,True,False,0.8235294117647058,0.6482758620689655,,,,,"comparison_groups,subgroup_accuracy_gap",0.5517079844139516
compas_core,3004,joint_dirichlet_0.3,B1,5,6,278,70,True,True,0.9142857142857143,0.47761194029850745,0.05442176870748294,0.05833333333333335,0.05833333333333335,0.08163265306122458,,0.5917910020798445
compas_core,3004,joint_dirichlet_0.3,B1,5,7,303,76,True,True,0.8421052631578947,0.6218905472636815,0.16666666666666663,0.11764705882352944,,0.4,"equalized_odds_gap,false_positive_rate_gap",0.5960410053376108
compas_core,3004,joint_dirichlet_0.3,B1,5,8,1112,279,True,True,0.6308243727598566,0.6028881365300904,0.19044166117336842,0.1942528735632183,0.288135593220339,0.14126565589980233,,0.7106249977368861
compas_core,3004,joint_dirichlet_0.3,B1,5,9,260,65,True,True,0.9076923076923077,0.47580645161290325,0.10810810810810811,0.11428571428571432,,0.16216216216216217,"equalized_odds_gap,false_positive_rate_gap",0.59104198589921
compas_core,3004,joint_dirichlet_0.3,B3,1,0,56,14,False,False,,,,,,,,0.013500015484169126
compas_core,3004,joint_dirichlet_0.3,B3,1,1,91,23,True,False,0.6086956521739131,0.3783783783783784,,,,,"comparison_groups,subgroup_accuracy_gap",0.6176659953780472
compas_core,3004,joint_dirichlet_0.3,B3,1,2,212,53,True,True,0.6226415094339622,0.5350877192982456,0.10151515151515145,0.052631578947368474,0.21739130434782605,0.4454545454545455,,0.6206249818205833
compas_core,3004,joint_dirichlet_0.3,B3,1,3,124,31,True,False,0.8064516129032258,0.44642857142857145,,,,,"comparison_groups,subgroup_accuracy_gap",0.5990420177113265
compas_core,3004,joint_dirichlet_0.3,B3,1,4,450,113,True,False,0.8053097345132744,0.44607843137254904,,,,,"comparison_groups,subgroup_accuracy_gap",0.6308339943643659
compas_core,3004,joint_dirichlet_0.3,B3,1,5,67,17,True,False,0.9411764705882353,0.48484848484848486,,,,,"comparison_groups,subgroup_accuracy_gap",0.562541012186557
compas_core,3004,joint_dirichlet_0.3,B3,1,6,278,70,True,True,0.9714285714285714,0.4927536231884058,0.0,0.0,0.0,0.027210884353741527,,0.604125001700595
compas_core,3004,joint_dirichlet_0.3,B3,1,7,303,76,True,True,0.8289473684210527,0.45323741007194246,0.0,0.0,,0.43333333333333335,"equalized_odds_gap,false_positive_rate_gap",0.6021669832989573
compas_core,3004,joint_dirichlet_0.3,B3,1,8,1112,279,True,True,0.6344086021505376,0.4302930813581038,0.11074489123269612,0.16551724137931034,0.16551724137931034,0.20329597890573503,,0.7041670032776892
compas_core,3004,joint_dirichlet_0.3,B3,1,9,260,65,True,True,0.9692307692307692,0.4921875,0.0,0.0,,0.05405405405405406,"equalized_odds_gap,false_positive_rate_gap",0.5946250166743994
compas_core,3004,joint_dirichlet_0.3,B3,2,0,56,14,False,False,,,,,,,,0.01320798764936626
compas_core,3004,joint_dirichlet_0.3,B3,2,1,91,23,True,False,0.4782608695652174,0.46923076923076923,,,,,"comparison_groups,subgroup_accuracy_gap",0.5643329932354391
compas_core,3004,joint_dirichlet_0.3,B3,2,2,212,53,True,True,0.6226415094339622,0.5350877192982456,0.10151515151515145,0.052631578947368474,0.21739130434782605,0.4454545454545455,,0.5900830146856606
compas_core,3004,joint_dirichlet_0.3,B3,2,3,124,31,True,False,0.8387096774193549,0.6750524109014675,,,,,"comparison_groups,subgroup_accuracy_gap",0.5730419943574816
compas_core,3004,joint_dirichlet_0.3,B3,2,4,450,113,True,False,0.7610619469026548,0.4321608040201005,,,,,"comparison_groups,subgroup_accuracy_gap",0.6107499939389527
compas_core,3004,joint_dirichlet_0.3,B3,2,5,67,17,True,False,0.8235294117647058,0.45161290322580644,,,,,"comparison_groups,subgroup_accuracy_gap",0.5509589973371476
compas_core,3004,joint_dirichlet_0.3,B3,2,6,278,70,True,True,0.9714285714285714,0.4927536231884058,0.0,0.0,0.0,0.027210884353741527,,0.5947919853497297
compas_core,3004,joint_dirichlet_0.3,B3,2,7,303,76,True,True,0.8552631578947368,0.5931873479318734,0.06666666666666665,0.0,,0.3666666666666667,"equalized_odds_gap,false_positive_rate_gap",0.5976669781375676
compas_core,3004,joint_dirichlet_0.3,B3,2,8,1112,279,True,True,0.6379928315412187,0.5979999144043254,0.1851680949241925,0.15172413793103445,0.2836334745762712,0.11423862887277525,,0.7114160107448697
compas_core,3004,joint_dirichlet_0.3,B3,2,9,260,65,True,True,0.9538461538461539,0.4881889763779528,0.027027027027026973,0.02857142857142858,,0.08108108108108103,"equalized_odds_gap,false_positive_rate_gap",0.5914999928791076
compas_core,3004,joint_dirichlet_0.3,B3,3,0,56,14,False,False,,,,,,,,0.012792006600648165
compas_core,3004,joint_dirichlet_0.3,B3,3,1,91,23,True,False,0.4782608695652174,0.46923076923076923,,,,,"comparison_groups,subgroup_accuracy_gap",0.559209001949057
compas_core,3004,joint_dirichlet_0.3,B3,3,2,212,53,True,False,0.6037735849056604,0.5015673981191222,0.07121212121212117,0.052631578947368474,0.17391304347826086,0.47575757575757577,,0.5879169912077487
compas_core,3004,joint_dirichlet_0.3,B3,3,3,124,31,True,False,0.8064516129032258,0.6423076923076922,,,,,"comparison_groups,subgroup_accuracy_gap",0.5752500146627426
compas_core,3004,joint_dirichlet_0.3,B3,3,4,450,113,True,False,0.7168141592920354,0.513978494623656,,,,,"comparison_groups,subgroup_accuracy_gap",0.6092909898143262
compas_core,3004,joint_dirichlet_0.3,B3,3,5,67,17,True,False,0.8235294117647058,0.6482758620689655,,,,,"comparison_groups,subgroup_accuracy_gap",0.5539999983739108
compas_core,3004,joint_dirichlet_0.3,B3,3,6,278,70,True,True,0.9571428571428572,0.48905109489051096,0.020408163265306145,0.02083333333333337,0.02083333333333337,0.006802721088435382,,0.5944170115981251
compas_core,3004,joint_dirichlet_0.3,B3,3,7,303,76,True,True,0.868421052631579,0.6507352941176471,0.09999999999999998,0.0,,0.33333333333333337,"equalized_odds_gap,false_positive_rate_gap",0.5920000257901847
compas_core,3004,joint_dirichlet_0.3,B3,3,8,1112,279,True,False,0.6093189964157706,0.6068746202670734,0.08391562294001309,0.15287356321839085,0.18697033898305082,0.18556361239288072,,0.7075000030454248
compas_core,3004,joint_dirichlet_0.3,B3,3,9,260,65,True,True,0.9538461538461539,0.4881889763779528,0.027027027027026973,0.02857142857142858,,0.08108108108108103,"equalized_odds_gap,false_positive_rate_gap",0.5916249938309193
compas_core,3004,joint_dirichlet_0.3,B3,4,0,56,14,False,False,,,,,,,,0.012457981938496232
compas_core,3004,joint_dirichlet_0.3,B3,4,1,91,23,True,False,0.391304347826087,0.32916666666666666,,,,,"comparison_groups,subgroup_accuracy_gap",0.5604170146398246
compas_core,3004,joint_dirichlet_0.3,B3,4,2,212,53,True,False,0.5660377358490566,0.4285044538209095,0.010606060606060508,0.052631578947368474,0.08695652173913049,0.5363636363636364,,0.5803749954793602
compas_core,3004,joint_dirichlet_0.3,B3,4,3,124,31,True,False,0.8064516129032258,0.5694444444444444,,,,,"comparison_groups,subgroup_accuracy_gap",0.5706659867428243
compas_core,3004,joint_dirichlet_0.3,B3,4,4,450,113,True,False,0.46017699115044247,0.4491329017821466,,,,,"comparison_groups,subgroup_accuracy_gap",0.6040000007487833
compas_core,3004,joint_dirichlet_0.3,B3,4,5,67,17,True,False,0.4117647058823529,0.356060606060606,,,,,"comparison_groups,subgroup_accuracy_gap",0.5478749808389693
compas_core,3004,joint_dirichlet_0.3,B3,4,6,278,70,True,True,0.9571428571428572,0.48905109489051096,0.020408163265306145,0.02083333333333337,0.02083333333333337,0.006802721088435382,,0.5847499996889383
compas_core,3004,joint_dirichlet_0.3,B3,4,7,303,76,True,True,0.8421052631578947,0.5279503105590062,0.033333333333333326,0.0,,0.4,"equalized_odds_gap,false_positive_rate_gap",0.5972910148557276
compas_core,3004,joint_dirichlet_0.3,B3,4,8,1112,279,True,False,0.4946236559139785,0.4805018157807857,0.12003955174686876,0.05747126436781613,0.2211334745762712,0.36051417270929464,,0.7012919813860208
compas_core,3004,joint_dirichlet_0.3,B3,4,9,260,65,True,True,0.9538461538461539,0.4881889763779528,0.027027027027026973,0.02857142857142858,,0.08108108108108103,"equalized_odds_gap,false_positive_rate_gap",0.5877079966012388
compas_core,3004,joint_dirichlet_0.3,B3,5,0,56,14,False,False,,,,,,,,0.012417003745213151
compas_core,3004,joint_dirichlet_0.3,B3,5,1,91,23,True,False,0.34782608695652173,0.25806451612903225,,,,,"comparison_groups,subgroup_accuracy_gap",0.5542080034501851
compas_core,3004,joint_dirichlet_0.3,B3,5,2,212,53,True,False,0.5849056603773585,0.4394230769230769,0.06060606060606055,0.0,0.08695652173913049,0.5863636363636363,,0.5824589752592146
compas_core,3004,joint_dirichlet_0.3,B3,5,3,124,31,True,False,0.8387096774193549,0.5974025974025974,,,,,"comparison_groups,subgroup_accuracy_gap",0.5731249984819442
compas_core,3004,joint_dirichlet_0.3,B3,5,4,450,113,True,False,0.3274336283185841,0.32695924764890283,,,,,"comparison_groups,subgroup_accuracy_gap",0.6144169892650098
compas_core,3004,joint_dirichlet_0.3,B3,5,5,67,17,True,False,0.11764705882352941,0.11764705882352941,,,,,"comparison_groups,subgroup_accuracy_gap",0.5523750151041895
compas_core,3004,joint_dirichlet_0.3,B3,5,6,278,70,True,True,0.9714285714285714,0.4927536231884058,0.0,0.0,0.0,0.027210884353741527,,0.5927920283284038
compas_core,3004,joint_dirichlet_0.3,B3,5,7,303,76,True,True,0.8421052631578947,0.5279503105590062,0.033333333333333326,0.0,,0.4,"equalized_odds_gap,false_positive_rate_gap",0.592166994465515
compas_core,3004,joint_dirichlet_0.3,B3,5,8,1112,279,True,False,0.45161290322580644,0.4268431864871034,0.07989452867501656,0.05747126436781613,0.14353813559322037,0.32036914963744234,,0.6964170024730265
compas_core,3004,joint_dirichlet_0.3,B3,5,9,260,65,True,True,0.9538461538461539,0.4881889763779528,0.027027027027026973,0.02857142857142858,,0.08108108108108103,"equalized_odds_gap,false_positive_rate_gap",0.5871249886695296
compas_core,3005,iid,B0,1,0,296,74,True,True,0.6756756756756757,0.6735294117647059,0.156832298136646,0.18484848484848493,0.18484848484848493,0.06211180124223603,,0.7319999858736992
compas_core,3005,iid,B0,1,1,296,74,True,False,0.5945945945945946,0.5148601398601399,0.16804201050262557,0.02517162471395884,0.35,0.07951987996999255,,0.6493749970104545
compas_core,3005,iid,B0,1,2,296,74,True,True,0.6486486486486487,0.6209613869188337,0.08199233716475096,0.031746031746031744,0.05303030303030298,0.06743295019157092,,0.6466670020017773
compas_core,3005,iid,B0,1,3,296,74,True,True,0.6486486486486487,0.6265527950310559,0.20536398467432948,0.23308270676691722,0.23308270676691722,0.18084291187739465,,0.6369169859681278
compas_core,3005,iid,B0,1,4,295,74,True,True,0.7432432432432432,0.7428205597219681,0.004501125281320295,0.11578947368421055,0.11578947368421055,0.057764441110277565,,0.6047910137567669
compas_core,3005,iid,B0,1,5,295,74,True,True,0.7432432432432432,0.7374416433239963,0.2693452380952381,0.19281045751633985,0.20571428571428568,0.04315476190476186,,0.6057090067770332
compas_core,3005,iid,B0,1,6,295,74,True,True,0.6756756756756757,0.65527950310559,0.2596153846153846,0.11141304347826086,0.36000000000000004,0.033653846153846145,,0.602291984250769
compas_core,3005,iid,B0,1,7,295,74,True,True,0.7297297297297297,0.6916666666666667,0.16321839080459777,0.04347826086956519,0.2272727272727273,0.009195402298850519,,0.6123330094851553
compas_core,3005,iid,B0,1,8,295,74,True,True,0.6486486486486487,0.6391597899474869,0.12413793103448278,0.15126050420168058,0.375,0.21609195402298842,,0.5963750008959323
compas_core,3005,iid,B0,1,9,295,74,True,False,0.6756756756756757,0.6442307692307692,0.2863636363636364,0.17727272727272725,0.3454545454545455,0.040909090909090895,,0.6066659989301115
compas_core,3005,iid,B0,2,0,296,74,True,True,0.6351351351351351,0.6235161107970605,0.11956521739130432,0.09393939393939399,0.11538461538461542,0.012422360248447228,,0.6132910202722996
compas_core,3005,iid,B0,2,1,296,74,True,True,0.6216216216216216,0.5583972719522592,0.15903975993998498,0.02517162471395884,0.31666666666666665,0.07051762940735185,,0.6006249750498682
compas_core,3005,iid,B0,2,2,296,74,True,True,0.6486486486486487,0.6209613869188337,0.08199233716475096,0.031746031746031744,0.05303030303030298,0.06743295019157092,,0.5976670072413981
compas_core,3005,iid,B0,2,3,296,74,True,True,0.6756756756756757,0.6597701149425287,0.19310344827586212,0.23308270676691722,0.23308270676691722,0.19310344827586212,,0.5942079878877848
compas_core,3005,iid,B0,2,4,295,74,True,True,0.7972972972972973,0.794253938832252,0.19804951237809454,0.14736842105263148,0.14736842105263148,0.07126781695423856,,0.5948329926468432
compas_core,3005,iid,B0,2,5,295,74,True,True,0.7432432432432432,0.7431963470319635,0.25148809523809523,0.013071895424836666,0.33999999999999997,0.15327380952380953,,0.5912910273764282
compas_core,3005,iid,B0,2,6,295,74,True,False,0.6621621621621622,0.6433391170233276,0.28044871794871795,0.15489130434782605,0.36000000000000004,0.012820512820512775,,0.5889999738428742
compas_core,3005,iid,B0,2,7,295,74,True,True,0.7297297297297297,0.6979591836734693,0.20766283524904217,0.08695652173913049,0.27272727272727276,0.009195402298850519,,0.590000010561198
compas_core,3005,iid,B0,2,8,295,74,True,True,0.6486486486486487,0.6391597899474869,0.12413793103448278,0.15126050420168058,0.375,0.21609195402298842,,0.5897080118302256
compas_core,3005,iid,B0,2,9,295,74,True,False,0.6756756756756757,0.6442307692307692,0.2863636363636364,0.17727272727272725,0.3454545454545455,0.040909090909090895,,0.590375013416633
compas_core,3005,iid,B0,3,0,296,74,True,True,0.6351351351351351,0.6195010474195392,0.13354037267080743,0.048484848484848464,0.1923076923076923,0.045031055900621175,,0.600875006057322
compas_core,3005,iid,B0,3,1,296,74,True,True,0.6486486486486487,0.5991666666666666,0.09452363090772697,0.02517162471395884,0.15000000000000002,0.006001500375093838,,0.6606670212931931
compas_core,3005,iid,B0,3,2,296,74,True,True,0.6486486486486487,0.6209613869188337,0.08199233716475096,0.031746031746031744,0.05303030303030298,0.06743295019157092,,0.6947079964447767
compas_core,3005,iid,B0,3,3,296,74,True,True,0.6486486486486487,0.6265527950310559,0.20536398467432948,0.23308270676691722,0.23308270676691722,0.18084291187739465,,0.6817499815952033
compas_core,3005,iid,B0,3,4,295,74,True,True,0.7567567567567568,0.7501875468867216,0.23930982745686424,0.14736842105263148,0.19565217391304346,0.030007501875468856,,0.6904999900143594
compas_core,3005,iid,B0,3,5,295,74,True,True,0.7432432432432432,0.7431963470319635,0.25892857142857145,0.04575163398692805,0.41142857142857137,0.20833333333333337,,0.6839580019004643
compas_core,3005,iid,B0,3,6,295,74,True,False,0.6756756756756757,0.6597701149425287,0.3012820512820512,0.15489130434782605,0.4,0.033653846153846145,,0.690624990966171
compas_core,3005,iid,B0,3,7,295,74,True,True,0.7432432432432432,0.7157873458661815,0.17318007662835244,0.08695652173913049,0.18181818181818182,0.025287356321839094,,0.7419160101562738
compas_core,3005,iid,B0,3,8,295,74,True,True,0.6486486486486487,0.6391597899474869,0.12413793103448278,0.15126050420168058,0.375,0.21609195402298842,,0.6032499950379133
compas_core,3005,iid,B0,3,9,295,74,True,True,0.6891891891891891,0.6619662363455809,0.25303030303030305,0.17727272727272725,0.24545454545454543,0.07424242424242422,,0.5895000067539513
compas_core,3005,iid,B0,4,0,296,74,True,True,0.6351351351351351,0.6195010474195392,0.13354037267080743,0.048484848484848464,0.1923076923076923,0.045031055900621175,,0.5990840145386755
compas_core,3005,iid,B0,4,1,296,74,True,True,0.6756756756756757,0.6375510204081632,0.1410352588147037,0.02517162471395884,0.25,0.052513128282070554,,0.5931250052526593
compas_core,3005,iid,B0,4,2,296,74,True,True,0.6621621621621622,0.6325719960278053,0.05977011494252882,0.015873015873015928,0.05303030303030298,0.04521072796934866,,0.6024590111337602
compas_core,3005,iid,B0,4,3,296,74,True,True,0.6486486486486487,0.6265527950310559,0.20536398467432948,0.23308270676691722,0.23308270676691722,0.18084291187739465,,0.5902089760638773
compas_core,3005,iid,B0,4,4,295,74,True,True,0.7162162162162162,0.7004048582995952,0.1785446361590397,0.19999999999999996,0.19999999999999996,0.1552888222055513,,0.6077089929021895
compas_core,3005,iid,B0,4,5,295,74,True,True,0.7432432432432432,0.7431963470319635,0.25892857142857145,0.04575163398692805,0.41142857142857137,0.20833333333333337,,0.5904590070713311
compas_core,3005,iid,B0,4,6,295,74,True,False,0.6756756756756757,0.6597701149425287,0.3012820512820512,0.15489130434782605,0.4,0.033653846153846145,,0.5873750196769834
compas_core,3005,iid,B0,4,7,295,74,True,True,0.7432432432432432,0.7157873458661815,0.17318007662835244,0.08695652173913049,0.18181818181818182,0.025287356321839094,,0.5894999776501209
compas_core,3005,iid,B0,4,8,295,74,True,True,0.6486486486486487,0.6391597899474869,0.12413793103448278,0.15126050420168058,0.375,0.21609195402298842,,0.5970830097794533
compas_core,3005,iid,B0,4,9,295,74,True,True,0.6891891891891891,0.6619662363455809,0.25303030303030305,0.17727272727272725,0.24545454545454543,0.07424242424242422,,0.5887919978704304
compas_core,3005,iid,B0,5,0,296,74,True,True,0.6351351351351351,0.6195010474195392,0.13354037267080743,0.048484848484848464,0.1923076923076923,0.045031055900621175,,0.6026670162100345
compas_core,3005,iid,B0,5,1,296,74,True,True,0.6891891891891891,0.6559531028906408,0.10877719429857458,0.02517162471395884,0.16666666666666663,0.02025506376594155,,0.5932920030318201
compas_core,3005,iid,B0,5,2,296,74,True,True,0.6756756756756757,0.6442307692307692,0.037547892720306564,0.06349206349206349,0.06349206349206349,0.02298850574712652,,0.595790974330157
compas_core,3005,iid,B0,5,3,296,74,True,True,0.6621621621621622,0.6433391170233276,0.22758620689655173,0.23308270676691722,0.23308270676691722,0.1586206896551724,,0.5943340074736625
compas_core,3005,iid,B0,5,4,295,74,True,True,0.7027027027027027,0.6881226053639846,0.20180045011252812,0.25,0.25,0.1785446361590397,,0.596500001847744
compas_core,3005,iid,B0,5,5,295,74,True,False,0.7702702702702703,0.7698920797512347,0.32142857142857145,0.065359477124183,0.41142857142857137,0.14583333333333337,,0.604083004873246
compas_core,3005,iid,B0,5,6,295,74,True,False,0.6756756756756757,0.6597701149425287,0.3012820512820512,0.15489130434782605,0.4,0.033653846153846145,,0.6198750052135438
compas_core,3005,iid,B0,5,7,295,74,True,True,0.7432432432432432,0.7157873458661815,0.17318007662835244,0.08695652173913049,0.18181818181818182,0.025287356321839094,,0.5884999991394579
compas_core,3005,iid,B0,5,8,295,74,True,True,0.6486486486486487,0.6391597899474869,0.12413793103448278,0.15126050420168058,0.375,0.21609195402298842,,0.5890839966014028
compas_core,3005,iid,B0,5,9,295,74,True,True,0.6891891891891891,0.6619662363455809,0.25303030303030305,0.17727272727272725,0.24545454545454543,0.07424242424242422,,0.5942089774180204
compas_core,3005,iid,B1,1,0,296,74,True,True,0.6756756756756757,0.6735294117647059,0.156832298136646,0.18484848484848493,0.18484848484848493,0.06211180124223603,,0.7092500163707882
compas_core,3005,iid,B1,1,1,296,74,True,False,0.5945945945945946,0.5148601398601399,0.16804201050262557,0.02517162471395884,0.35,0.07951987996999255,,0.6996669981162995
compas_core,3005,iid,B1,1,2,296,74,True,True,0.6486486486486487,0.6209613869188337,0.08199233716475096,0.031746031746031744,0.05303030303030298,0.06743295019157092,,0.7019580225460231
compas_core,3005,iid,B1,1,3,296,74,True,True,0.6486486486486487,0.6265527950310559,0.20536398467432948,0.23308270676691722,0.23308270676691722,0.18084291187739465,,0.65366699709557
compas_core,3005,iid,B1,1,4,295,74,True,True,0.7432432432432432,0.7428205597219681,0.004501125281320295,0.11578947368421055,0.11578947368421055,0.057764441110277565,,0.7315840048249811
compas_core,3005,iid,B1,1,5,295,74,True,True,0.7432432432432432,0.7374416433239963,0.2693452380952381,0.19281045751633985,0.20571428571428568,0.04315476190476186,,1.1457090149633586
compas_core,3005,iid,B1,1,6,295,74,True,True,0.6756756756756757,0.65527950310559,0.2596153846153846,0.11141304347826086,0.36000000000000004,0.033653846153846145,,1.113083999371156
compas_core,3005,iid,B1,1,7,295,74,True,True,0.7297297297297297,0.6916666666666667,0.16321839080459777,0.04347826086956519,0.2272727272727273,0.009195402298850519,,1.018582988763228
compas_core,3005,iid,B1,1,8,295,74,True,True,0.6486486486486487,0.6391597899474869,0.12413793103448278,0.15126050420168058,0.375,0.21609195402298842,,1.0008339886553586
compas_core,3005,iid,B1,1,9,295,74,True,False,0.6756756756756757,0.6442307692307692,0.2863636363636364,0.17727272727272725,0.3454545454545455,0.040909090909090895,,0.7634579960722476
compas_core,3005,iid,B1,2,0,296,74,True,True,0.6351351351351351,0.6235161107970605,0.11956521739130432,0.09393939393939399,0.11538461538461542,0.012422360248447228,,0.6540000031236559
compas_core,3005,iid,B1,2,1,296,74,True,True,0.6216216216216216,0.5583972719522592,0.15903975993998498,0.02517162471395884,0.31666666666666665,0.07051762940735185,,0.6477920105680823
compas_core,3005,iid,B1,2,2,296,74,True,True,0.6486486486486487,0.6209613869188337,0.08199233716475096,0.031746031746031744,0.05303030303030298,0.06743295019157092,,0.6178750190883875
compas_core,3005,iid,B1,2,3,296,74,True,True,0.6756756756756757,0.6597701149425287,0.19310344827586212,0.23308270676691722,0.23308270676691722,0.19310344827586212,,0.6118750025052577
compas_core,3005,iid,B1,2,4,295,74,True,True,0.7972972972972973,0.794253938832252,0.19804951237809454,0.14736842105263148,0.14736842105263148,0.07126781695423856,,0.6092079856898636
compas_core,3005,iid,B1,2,5,295,74,True,True,0.7432432432432432,0.7431963470319635,0.25148809523809523,0.013071895424836666,0.33999999999999997,0.15327380952380953,,0.607708003371954
compas_core,3005,iid,B1,2,6,295,74,True,False,0.6621621621621622,0.6433391170233276,0.28044871794871795,0.15489130434782605,0.36000000000000004,0.012820512820512775,,0.6087920046411455
compas_core,3005,iid,B1,2,7,295,74,True,True,0.7297297297297297,0.6979591836734693,0.20766283524904217,0.08695652173913049,0.27272727272727276,0.009195402298850519,,0.6033329991623759
compas_core,3005,iid,B1,2,8,295,74,True,True,0.6486486486486487,0.6391597899474869,0.12413793103448278,0.15126050420168058,0.375,0.21609195402298842,,0.601958017796278
compas_core,3005,iid,B1,2,9,295,74,True,False,0.6756756756756757,0.6442307692307692,0.2863636363636364,0.17727272727272725,0.3454545454545455,0.040909090909090895,,0.6005420000292361
compas_core,3005,iid,B1,3,0,296,74,True,True,0.6351351351351351,0.6195010474195392,0.13354037267080743,0.048484848484848464,0.1923076923076923,0.045031055900621175,,0.6088340014684945
compas_core,3005,iid,B1,3,1,296,74,True,True,0.6486486486486487,0.5991666666666666,0.09452363090772697,0.02517162471395884,0.15000000000000002,0.006001500375093838,,0.6023329915478826
compas_core,3005,iid,B1,3,2,296,74,True,True,0.6486486486486487,0.6209613869188337,0.08199233716475096,0.031746031746031744,0.05303030303030298,0.06743295019157092,,0.6364170112647116
compas_core,3005,iid,B1,3,3,296,74,True,True,0.6486486486486487,0.6265527950310559,0.20536398467432948,0.23308270676691722,0.23308270676691722,0.18084291187739465,,0.6038749997969717
compas_core,3005,iid,B1,3,4,295,74,True,True,0.7567567567567568,0.7501875468867216,0.23930982745686424,0.14736842105263148,0.19565217391304346,0.030007501875468856,,0.6064580229576677
compas_core,3005,iid,B1,3,5,295,74,True,True,0.7432432432432432,0.7431963470319635,0.25892857142857145,0.04575163398692805,0.41142857142857137,0.20833333333333337,,0.6009999779053032
compas_core,3005,iid,B1,3,6,295,74,True,False,0.6756756756756757,0.6597701149425287,0.3012820512820512,0.15489130434782605,0.4,0.033653846153846145,,0.598000013269484
compas_core,3005,iid,B1,3,7,295,74,True,True,0.7432432432432432,0.7157873458661815,0.17318007662835244,0.08695652173913049,0.18181818181818182,0.025287356321839094,,0.5983749870210886
compas_core,3005,iid,B1,3,8,295,74,True,True,0.6486486486486487,0.6391597899474869,0.12413793103448278,0.15126050420168058,0.375,0.21609195402298842,,0.5957079993095249
compas_core,3005,iid,B1,3,9,295,74,True,True,0.6891891891891891,0.6619662363455809,0.25303030303030305,0.17727272727272725,0.24545454545454543,0.07424242424242422,,0.5955410015303642
compas_core,3005,iid,B1,4,0,296,74,True,True,0.6351351351351351,0.6195010474195392,0.13354037267080743,0.048484848484848464,0.1923076923076923,0.045031055900621175,,0.6068340153433383
compas_core,3005,iid,B1,4,1,296,74,True,True,0.6756756756756757,0.6375510204081632,0.1410352588147037,0.02517162471395884,0.25,0.052513128282070554,,0.6033329991623759
compas_core,3005,iid,B1,4,2,296,74,True,True,0.6621621621621622,0.6325719960278053,0.05977011494252882,0.015873015873015928,0.05303030303030298,0.04521072796934866,,0.5983749870210886
compas_core,3005,iid,B1,4,3,296,74,True,True,0.6486486486486487,0.6265527950310559,0.20536398467432948,0.23308270676691722,0.23308270676691722,0.18084291187739465,,0.5987499898765236
compas_core,3005,iid,B1,4,4,295,74,True,True,0.7162162162162162,0.7004048582995952,0.1785446361590397,0.19999999999999996,0.19999999999999996,0.1552888222055513,,0.5975420062895864
compas_core,3005,iid,B1,4,5,295,74,True,True,0.7432432432432432,0.7431963470319635,0.25892857142857145,0.04575163398692805,0.41142857142857137,0.20833333333333337,,0.5976669781375676
compas_core,3005,iid,B1,4,6,295,74,True,False,0.6756756756756757,0.6597701149425287,0.3012820512820512,0.15489130434782605,0.4,0.033653846153846145,,0.6617920007556677
compas_core,3005,iid,B1,4,7,295,74,True,True,0.7432432432432432,0.7157873458661815,0.17318007662835244,0.08695652173913049,0.18181818181818182,0.025287356321839094,,0.6056249840185046
compas_core,3005,iid,B1,4,8,295,74,True,True,0.6486486486486487,0.6391597899474869,0.12413793103448278,0.15126050420168058,0.375,0.21609195402298842,,0.6167090032249689
compas_core,3005,iid,B1,4,9,295,74,True,True,0.6891891891891891,0.6619662363455809,0.25303030303030305,0.17727272727272725,0.24545454545454543,0.07424242424242422,,0.594291981542483
compas_core,3005,iid,B1,5,0,296,74,True,True,0.6351351351351351,0.6195010474195392,0.13354037267080743,0.048484848484848464,0.1923076923076923,0.045031055900621175,,0.6065829948056489
compas_core,3005,iid,B1,5,1,296,74,True,True,0.6891891891891891,0.6559531028906408,0.10877719429857458,0.02517162471395884,0.16666666666666663,0.02025506376594155,,0.6021669832989573
compas_core,3005,iid,B1,5,2,296,74,True,True,0.6756756756756757,0.6442307692307692,0.037547892720306564,0.06349206349206349,0.06349206349206349,0.02298850574712652,,0.600500003201887
compas_core,3005,iid,B1,5,3,296,74,True,True,0.6621621621621622,0.6433391170233276,0.22758620689655173,0.23308270676691722,0.23308270676691722,0.1586206896551724,,0.600500003201887
compas_core,3005,iid,B1,5,4,295,74,True,True,0.7027027027027027,0.6881226053639846,0.20180045011252812,0.25,0.25,0.1785446361590397,,0.5973749794065952
compas_core,3005,iid,B1,5,5,295,74,True,False,0.7702702702702703,0.7698920797512347,0.32142857142857145,0.065359477124183,0.41142857142857137,0.14583333333333337,,0.5947079916950315
compas_core,3005,iid,B1,5,6,295,74,True,False,0.6756756756756757,0.6597701149425287,0.3012820512820512,0.15489130434782605,0.4,0.033653846153846145,,0.5944580188952386
compas_core,3005,iid,B1,5,7,295,74,True,True,0.7432432432432432,0.7157873458661815,0.17318007662835244,0.08695652173913049,0.18181818181818182,0.025287356321839094,,0.6047499773558229
compas_core,3005,iid,B1,5,8,295,74,True,True,0.6486486486486487,0.6391597899474869,0.12413793103448278,0.15126050420168058,0.375,0.21609195402298842,,1.781124999979511
compas_core,3005,iid,B1,5,9,295,74,True,True,0.6891891891891891,0.6619662363455809,0.25303030303030305,0.17727272727272725,0.24545454545454543,0.07424242424242422,,0.6516670109704137
compas_core,3005,iid,B3,1,0,296,74,True,True,0.6756756756756757,0.6735294117647059,0.156832298136646,0.18484848484848493,0.18484848484848493,0.06211180124223603,,0.6962499755900353
compas_core,3005,iid,B3,1,1,296,74,True,False,0.5945945945945946,0.5148601398601399,0.16804201050262557,0.02517162471395884,0.35,0.07951987996999255,,0.6506670033559203
compas_core,3005,iid,B3,1,2,296,74,True,True,0.6486486486486487,0.6209613869188337,0.08199233716475096,0.031746031746031744,0.05303030303030298,0.06743295019157092,,0.6328339804895222
compas_core,3005,iid,B3,1,3,296,74,True,True,0.6486486486486487,0.6265527950310559,0.20536398467432948,0.23308270676691722,0.23308270676691722,0.18084291187739465,,0.6131659902166575
compas_core,3005,iid,B3,1,4,295,74,True,True,0.7432432432432432,0.7428205597219681,0.004501125281320295,0.11578947368421055,0.11578947368421055,0.057764441110277565,,0.6072909745853394
compas_core,3005,iid,B3,1,5,295,74,True,True,0.7432432432432432,0.7374416433239963,0.2693452380952381,0.19281045751633985,0.20571428571428568,0.04315476190476186,,0.6034999969415367
compas_core,3005,iid,B3,1,6,295,74,True,True,0.6756756756756757,0.65527950310559,0.2596153846153846,0.11141304347826086,0.36000000000000004,0.033653846153846145,,0.5987920158077031
compas_core,3005,iid,B3,1,7,295,74,True,True,0.7297297297297297,0.6916666666666667,0.16321839080459777,0.04347826086956519,0.2272727272727273,0.009195402298850519,,0.6044999754521996
compas_core,3005,iid,B3,1,8,295,74,True,True,0.6486486486486487,0.6391597899474869,0.12413793103448278,0.15126050420168058,0.375,0.21609195402298842,,0.6275420018937439
compas_core,3005,iid,B3,1,9,295,74,True,False,0.6756756756756757,0.6442307692307692,0.2863636363636364,0.17727272727272725,0.3454545454545455,0.040909090909090895,,0.603041989961639
compas_core,3005,iid,B3,2,0,296,74,True,True,0.6351351351351351,0.6235161107970605,0.11956521739130432,0.09393939393939399,0.11538461538461542,0.012422360248447228,,0.6155829760245979
compas_core,3005,iid,B3,2,1,296,74,True,True,0.6351351351351351,0.5791025911101748,0.12678169542385598,0.02517162471395884,0.2333333333333334,0.03825956489122284,,0.6057920109014958
compas_core,3005,iid,B3,2,2,296,74,True,True,0.6486486486486487,0.6209613869188337,0.08199233716475096,0.031746031746031744,0.05303030303030298,0.06743295019157092,,0.6018749845679849
compas_core,3005,iid,B3,2,3,296,74,True,True,0.7027027027027027,0.6916666666666667,0.23754789272030652,0.23308270676691722,0.23308270676691722,0.1486590038314176,,0.6025000184308738
compas_core,3005,iid,B3,2,4,295,74,True,True,0.7567567567567568,0.7551470588235294,0.15678919729932483,0.09210526315789469,0.09210526315789469,0.030007501875468856,,0.6007500051055104
compas_core,3005,iid,B3,2,5,295,74,True,True,0.7297297297297297,0.72953216374269,0.27529761904761907,0.07189542483660127,0.33999999999999997,0.1294642857142857,,0.5977500113658607
compas_core,3005,iid,B3,2,6,295,74,True,False,0.6756756756756757,0.6597701149425287,0.3012820512820512,0.15489130434782605,0.4,0.033653846153846145,,0.6005420000292361
compas_core,3005,iid,B3,2,7,295,74,True,True,0.7297297297297297,0.6979591836734693,0.20766283524904217,0.08695652173913049,0.27272727272727276,0.009195402298850519,,0.5992499936837703
compas_core,3005,iid,B3,2,8,295,74,True,True,0.6351351351351351,0.626890756302521,0.14636015325670504,0.10364145658263302,0.375,0.19386973180076628,,0.597625010414049
compas_core,3005,iid,B3,2,9,295,74,True,True,0.6891891891891891,0.6619662363455809,0.25303030303030305,0.17727272727272725,0.24545454545454543,0.07424242424242422,,0.5991669895593077
compas_core,3005,iid,B3,3,0,296,74,True,True,0.6216216216216216,0.6075757575757575,0.15527950310559002,0.09393939393939399,0.1923076923076923,0.02329192546583858,,0.6097499863244593
compas_core,3005,iid,B3,3,1,296,74,True,True,0.6756756756756757,0.6375510204081632,0.1410352588147037,0.02517162471395884,0.25,0.052513128282070554,,0.6094579875934869
compas_core,3005,iid,B3,3,2,296,74,True,True,0.6486486486486487,0.6209613869188337,0.08199233716475096,0.031746031746031744,0.05303030303030298,0.06743295019157092,,0.6069590162951499
compas_core,3005,iid,B3,3,3,296,74,True,True,0.7027027027027027,0.6916666666666667,0.23754789272030652,0.23308270676691722,0.23308270676691722,0.1486590038314176,,0.6006250041536987
compas_core,3005,iid,B3,3,4,295,74,True,True,0.7297297297297297,0.7247023809523809,0.23030757689422354,0.14473684210526316,0.19565217391304346,0.021005251312828266,,0.6028339848853648
compas_core,3005,iid,B3,3,5,295,74,True,True,0.7432432432432432,0.7431963470319635,0.25892857142857145,0.04575163398692805,0.41142857142857137,0.20833333333333337,,0.6006250041536987
compas_core,3005,iid,B3,3,6,295,74,True,False,0.6756756756756757,0.6597701149425287,0.3012820512820512,0.15489130434782605,0.4,0.033653846153846145,,0.6017919804435223
compas_core,3005,iid,B3,3,7,295,74,True,True,0.7432432432432432,0.7157873458661815,0.17318007662835244,0.08695652173913049,0.18181818181818182,0.025287356321839094,,0.5979170091450214
compas_core,3005,iid,B3,3,8,295,74,True,True,0.6486486486486487,0.6391597899474869,0.12413793103448278,0.15126050420168058,0.375,0.21609195402298842,,0.594291981542483
compas_core,3005,iid,B3,3,9,295,74,True,True,0.6891891891891891,0.6619662363455809,0.25303030303030305,0.17727272727272725,0.24545454545454543,0.07424242424242422,,0.600875006057322
compas_core,3005,iid,B3,4,0,296,74,True,True,0.6351351351351351,0.6195010474195392,0.13354037267080743,0.048484848484848464,0.1923076923076923,0.045031055900621175,,0.6081669998820871
compas_core,3005,iid,B3,4,1,296,74,True,True,0.6891891891891891,0.6559531028906408,0.10877719429857458,0.02517162471395884,0.16666666666666663,0.02025506376594155,,0.6039580039214343
compas_core,3005,iid,B3,4,2,296,74,True,True,0.6621621621621622,0.6325719960278053,0.05977011494252882,0.015873015873015928,0.05303030303030298,0.04521072796934866,,0.598999991780147
compas_core,3005,iid,B3,4,3,296,74,True,True,0.7027027027027027,0.6916666666666667,0.23754789272030652,0.23308270676691722,0.23308270676691722,0.1486590038314176,,0.595791992964223
compas_core,3005,iid,B3,4,4,295,74,True,True,0.7432432432432432,0.7374416433239963,0.26256564141035255,0.19736842105263153,0.19736842105263153,0.05326331582895727,,0.5982499860692769
compas_core,3005,iid,B3,4,5,295,74,True,True,0.7432432432432432,0.7431963470319635,0.25892857142857145,0.04575163398692805,0.41142857142857137,0.20833333333333337,,0.5931250052526593
compas_core,3005,iid,B3,4,6,295,74,True,False,0.6756756756756757,0.6597701149425287,0.3012820512820512,0.15489130434782605,0.4,0.033653846153846145,,0.5979999841656536
compas_core,3005,iid,B3,4,7,295,74,True,True,0.7567567567567568,0.7331730769230769,0.1954022988505747,0.08695652173913049,0.22727272727272724,0.0030651340996168397,,0.5981670110486448
compas_core,3005,iid,B3,4,8,295,74,True,True,0.6486486486486487,0.6391597899474869,0.12413793103448278,0.15126050420168058,0.375,0.21609195402298842,,0.5987500189803541
compas_core,3005,iid,B3,4,9,295,74,True,True,0.6891891891891891,0.6619662363455809,0.25303030303030305,0.17727272727272725,0.24545454545454543,0.07424242424242422,,0.5920419935137033
compas_core,3005,iid,B3,5,0,296,74,True,True,0.6351351351351351,0.6195010474195392,0.13354037267080743,0.048484848484848464,0.1923076923076923,0.045031055900621175,,0.6037080020178109
compas_core,3005,iid,B3,5,1,296,74,True,True,0.7027027027027027,0.6738782051282051,0.07651912978244557,0.02517162471395884,0.08333333333333337,0.012003000750187565,,0.6002500012982637
compas_core,3005,iid,B3,5,2,296,74,True,True,0.6621621621621622,0.6325719960278053,0.05977011494252882,0.015873015873015928,0.05303030303030298,0.04521072796934866,,0.6006250041536987
compas_core,3005,iid,B3,5,3,296,74,True,True,0.6891891891891891,0.6758712626166445,0.21532567049808438,0.23308270676691722,0.23308270676691722,0.17088122605363987,,0.5956249951850623
compas_core,3005,iid,B3,5,4,295,74,True,True,0.7027027027027027,0.6916666666666667,0.19279819954988742,0.19736842105263153,0.19736842105263153,0.12303075768942229,,0.5945830198470503
compas_core,3005,iid,B3,5,5,295,74,True,True,0.7432432432432432,0.7431963470319635,0.25892857142857145,0.04575163398692805,0.41142857142857137,0.20833333333333337,,0.5937079840805382
compas_core,3005,iid,B3,5,6,295,74,True,False,0.6756756756756757,0.6597701149425287,0.3012820512820512,0.15489130434782605,0.4,0.033653846153846145,,0.5941670096945018
compas_core,3005,iid,B3,5,7,295,74,True,True,0.7567567567567568,0.7331730769230769,0.1954022988505747,0.08695652173913049,0.22727272727272724,0.0030651340996168397,,0.592540978686884
compas_core,3005,iid,B3,5,8,295,74,True,True,0.6486486486486487,0.6391597899474869,0.12413793103448278,0.15126050420168058,0.375,0.21609195402298842,,0.5921670235693455
compas_core,3005,iid,B3,5,9,295,74,True,True,0.6891891891891891,0.6619662363455809,0.25303030303030305,0.17727272727272725,0.24545454545454543,0.07424242424242422,,0.5912500200793147
compas_core,3005,joint_dirichlet_0.3,B0,1,0,460,115,False,False,,,,,,,,0.01624997821636498
compas_core,3005,joint_dirichlet_0.3,B0,1,1,329,83,True,False,0.9518072289156626,0.4876543209876543,,,,,"comparison_groups,subgroup_accuracy_gap",0.6791250198148191
compas_core,3005,joint_dirichlet_0.3,B0,1,2,465,117,True,True,0.9743589743589743,0.4935064935064935,0.01666666666666672,0.017241379310344862,,0.050000000000000044,"equalized_odds_gap,false_positive_rate_gap",0.6709590088576078
compas_core,3005,joint_dirichlet_0.3,B0,1,3,80,20,True,False,0.95,0.48717948717948717,,,,,"comparison_groups,subgroup_accuracy_gap",0.5914579960517585
compas_core,3005,joint_dirichlet_0.3,B0,1,4,81,21,True,False,0.9047619047619048,0.475,,,,,"comparison_groups,subgroup_accuracy_gap",0.567207986023277
compas_core,3005,joint_dirichlet_0.3,B0,1,5,710,178,True,True,0.6573033707865169,0.6150054958692338,0.1321044546850999,0.11342592592592593,0.1333333333333333,0.01470265525565062,,0.7258330006152391
compas_core,3005,joint_dirichlet_0.3,B0,1,6,290,73,True,False,0.7808219178082192,0.6798245614035088,0.29434697855750486,0.13157894736842107,,0.5575048732943471,"equalized_odds_gap,false_positive_rate_gap",0.6107499939389527
compas_core,3005,joint_dirichlet_0.3,B0,1,7,150,38,True,True,0.9210526315789473,0.4794520547945205,0.0,0.0,0.0,0.05263157894736836,,0.6432080117519945
compas_core,3005,joint_dirichlet_0.3,B0,1,8,261,66,True,True,0.7575757575757576,0.48538011695906436,0.018867924528301883,0.0,0.08333333333333337,0.17706821480406387,,0.598999991780147
compas_core,3005,joint_dirichlet_0.3,B0,1,9,125,32,True,True,0.75,0.6908212560386473,0.2745098039215686,,,0.40784313725490196,"equal_opportunity_gap,equalized_odds_gap",0.596166995819658
compas_core,3005,joint_dirichlet_0.3,B0,2,0,460,115,False,False,,,,,,,,0.0160830095410347
compas_core,3005,joint_dirichlet_0.3,B0,2,1,329,83,True,False,0.9397590361445783,0.484472049689441,,,,,"comparison_groups,subgroup_accuracy_gap",0.6135419826023281
compas_core,3005,joint_dirichlet_0.3,B0,2,2,465,117,True,True,0.9658119658119658,0.49130434782608695,0.033333333333333326,0.03448275862068961,,0.06666666666666665,"equalized_odds_gap,false_positive_rate_gap",0.623333005933091
compas_core,3005,joint_dirichlet_0.3,B0,2,3,80,20,True,False,0.9,0.47368421052631576,,,,,"comparison_groups,subgroup_accuracy_gap",0.572290999116376
compas_core,3005,joint_dirichlet_0.3,B0,2,4,81,21,True,False,0.9047619047619048,0.475,,,,,"comparison_groups,subgroup_accuracy_gap",0.5629590013995767
compas_core,3005,joint_dirichlet_0.3,B0,2,5,710,178,True,False,0.6123595505617978,0.5231217239370995,0.09831029185867901,0.02546296296296291,0.16666666666666674,0.03971911345183232,,0.6647920235991478
compas_core,3005,joint_dirichlet_0.3,B0,2,6,290,73,True,False,0.8082191780821918,0.7589622641509435,0.5019493177387914,0.13157894736842102,,0.23879142300194933,"equalized_odds_gap,false_positive_rate_gap",0.6025420152582228
compas_core,3005,joint_dirichlet_0.3,B0,2,7,150,38,True,True,0.9473684210526315,0.7361111111111112,0.05263157894736842,0.5,0.5,0.0,,0.585250003496185
compas_core,3005,joint_dirichlet_0.3,B0,2,8,261,66,True,True,0.7575757575757576,0.48538011695906436,0.018867924528301883,0.0,0.08333333333333337,0.17706821480406387,,0.5960420239716768
compas_core,3005,joint_dirichlet_0.3,B0,2,9,125,32,True,False,0.71875,0.7117117117117118,0.3725490196078431,,,0.027450980392156765,"equal_opportunity_gap,equalized_odds_gap",0.5891250038985163
compas_core,3005,joint_dirichlet_0.3,B0,3,0,460,115,False,False,,,,,,,,0.015583005733788013
compas_core,3005,joint_dirichlet_0.3,B0,3,1,329,83,True,False,0.9397590361445783,0.484472049689441,,,,,"comparison_groups,subgroup_accuracy_gap",0.614624994341284
compas_core,3005,joint_dirichlet_0.3,B0,3,2,465,117,True,True,0.9658119658119658,0.49130434782608695,0.033333333333333326,0.03448275862068961,,0.06666666666666665,"equalized_odds_gap,false_positive_rate_gap",0.6249170110095292
compas_core,3005,joint_dirichlet_0.3,B0,3,3,80,20,True,False,0.9,0.47368421052631576,,,,,"comparison_groups,subgroup_accuracy_gap",0.5605829937849194
compas_core,3005,joint_dirichlet_0.3,B0,3,4,81,21,True,False,0.8095238095238095,0.4473684210526316,,,,,"comparison_groups,subgroup_accuracy_gap",0.5573339876718819
compas_core,3005,joint_dirichlet_0.3,B0,3,5,710,178,True,False,0.5955056179775281,0.4931181775035596,0.040596883914856274,0.02546296296296291,0.048484848484848464,0.017994294491990304,,0.6647910049650818
compas_core,3005,joint_dirichlet_0.3,B0,3,6,290,73,True,False,0.8082191780821918,0.7778260869565217,0.5331384015594541,0.26315789473684215,,0.09649122807017552,"equalized_odds_gap,false_positive_rate_gap",0.6060839805286378
compas_core,3005,joint_dirichlet_0.3,B0,3,7,150,38,True,True,0.7368421052631579,0.5052083333333334,0.05263157894736842,0.5,0.5,0.0,,0.5793749878648669
compas_core,3005,joint_dirichlet_0.3,B0,3,8,261,66,True,True,0.7575757575757576,0.48538011695906436,0.018867924528301883,0.0,0.08333333333333337,0.17706821480406387,,0.6024580216035247
compas_core,3005,joint_dirichlet_0.3,B0,3,9,125,32,True,True,0.65625,0.6559139784946236,0.2705882352941177,,,0.39607843137254906,"equal_opportunity_gap,equalized_odds_gap",0.5792500160168856
compas_core,3005,joint_dirichlet_0.3,B0,4,0,460,115,False,False,,,,,,,,0.01575000351294875
compas_core,3005,joint_dirichlet_0.3,B0,4,1,329,83,True,False,0.9397590361445783,0.484472049689441,,,,,"comparison_groups,subgroup_accuracy_gap",0.6022920133545995
compas_core,3005,joint_dirichlet_0.3,B0,4,2,465,117,True,True,0.9658119658119658,0.49130434782608695,0.033333333333333326,0.03448275862068961,,0.06666666666666665,"equalized_odds_gap,false_positive_rate_gap",0.6311250035651028
compas_core,3005,joint_dirichlet_0.3,B0,4,3,80,20,True,False,0.9,0.47368421052631576,,,,,"comparison_groups,subgroup_accuracy_gap",0.5574169917963445
compas_core,3005,joint_dirichlet_0.3,B0,4,4,81,21,True,False,0.7619047619047619,0.5714285714285714,,,,,"comparison_groups,subgroup_accuracy_gap",0.5666250071953982
compas_core,3005,joint_dirichlet_0.3,B0,4,5,710,178,True,False,0.5898876404494382,0.48278469927954465,0.00833881939872727,0.02546296296296291,0.02546296296296291,0.05025235900811942,,0.6599579937756062
compas_core,3005,joint_dirichlet_0.3,B0,4,6,290,73,True,False,0.7671232876712328,0.752047952047952,0.5799220272904484,0.10526315789473684,,0.17251461988304095,"equalized_odds_gap,false_positive_rate_gap",0.6167909887153655
compas_core,3005,joint_dirichlet_0.3,B0,4,7,150,38,True,True,0.7105263157894737,0.4896214896214896,0.10526315789473684,0.5,0.5,0.05263157894736836,,0.5872080218978226
compas_core,3005,joint_dirichlet_0.3,B0,4,8,261,66,True,True,0.7727272727272727,0.5388914764788076,0.037735849056603765,0.0,0.16666666666666663,0.19593613933236576,,0.6069169903639704
compas_core,3005,joint_dirichlet_0.3,B0,4,9,125,32,True,False,0.59375,0.5901477832512315,0.15294117647058825,,,0.5137254901960784,"equal_opportunity_gap,equalized_odds_gap",0.576583988731727
compas_core,3005,joint_dirichlet_0.3,B0,5,0,460,115,False,False,,,,,,,,0.01504199462942779
compas_core,3005,joint_dirichlet_0.3,B0,5,1,329,83,True,False,0.9397590361445783,0.484472049689441,,,,,"comparison_groups,subgroup_accuracy_gap",0.6031249940861017
compas_core,3005,joint_dirichlet_0.3,B0,5,2,465,117,True,True,0.9658119658119658,0.49130434782608695,0.033333333333333326,0.03448275862068961,,0.06666666666666665,"equalized_odds_gap,false_positive_rate_gap",0.6283750117290765
compas_core,3005,joint_dirichlet_0.3,B0,5,3,80,20,True,False,0.9,0.47368421052631576,,,,,"comparison_groups,subgroup_accuracy_gap",0.5557499825954437
compas_core,3005,joint_dirichlet_0.3,B0,5,4,81,21,True,False,0.5714285714285714,0.4457478005865103,,,,,"comparison_groups,subgroup_accuracy_gap",0.5751660210080445
compas_core,3005,joint_dirichlet_0.3,B0,5,5,710,178,True,False,0.5898876404494382,0.48278469927954465,0.00833881939872727,0.02546296296296291,0.02546296296296291,0.05025235900811942,,0.6697079807054251
compas_core,3005,joint_dirichlet_0.3,B0,5,6,290,73,True,False,0.726027397260274,0.7170542635658914,0.5584795321637426,0.052631578947368474,,0.2992202729044834,"equalized_odds_gap,false_positive_rate_gap",0.6003750022500753
compas_core,3005,joint_dirichlet_0.3,B0,5,7,150,38,True,True,0.631578947368421,0.44583333333333336,0.15789473684210525,0.5,0.5,0.10526315789473684,,0.5807499983347952
compas_core,3005,joint_dirichlet_0.3,B0,5,8,261,66,True,True,0.7727272727272727,0.5388914764788076,0.037735849056603765,0.0,0.16666666666666663,0.19593613933236576,,0.5922499985899776
compas_core,3005,joint_dirichlet_0.3,B0,5,9,125,32,True,False,0.59375,0.5901477832512315,0.15294117647058825,,,0.5137254901960784,"equal_opportunity_gap,equalized_odds_gap",0.5867079889867455
compas_core,3005,joint_dirichlet_0.3,B1,1,0,460,115,False,False,,,,,,,,0.015958998119458556
compas_core,3005,joint_dirichlet_0.3,B1,1,1,329,83,True,False,0.9518072289156626,0.4876543209876543,,,,,"comparison_groups,subgroup_accuracy_gap",0.6770840263925493
compas_core,3005,joint_dirichlet_0.3,B1,1,2,465,117,True,True,0.9743589743589743,0.4935064935064935,0.01666666666666672,0.017241379310344862,,0.050000000000000044,"equalized_odds_gap,false_positive_rate_gap",0.6645420216955245
compas_core,3005,joint_dirichlet_0.3,B1,1,3,80,20,True,False,0.95,0.48717948717948717,,,,,"comparison_groups,subgroup_accuracy_gap",0.5837500211782753
compas_core,3005,joint_dirichlet_0.3,B1,1,4,81,21,True,False,0.9047619047619048,0.475,,,,,"comparison_groups,subgroup_accuracy_gap",0.5754170124419034
compas_core,3005,joint_dirichlet_0.3,B1,1,5,710,178,True,True,0.6573033707865169,0.6150054958692338,0.1321044546850999,0.11342592592592593,0.1333333333333333,0.01470265525565062,,0.6865409959573299
compas_core,3005,joint_dirichlet_0.3,B1,1,6,290,73,True,False,0.7808219178082192,0.6798245614035088,0.29434697855750486,0.13157894736842107,,0.5575048732943471,"equalized_odds_gap,false_positive_rate_gap",0.6116250006016344
compas_core,3005,joint_dirichlet_0.3,B1,1,7,150,38,True,True,0.9210526315789473,0.4794520547945205,0.0,0.0,0.0,0.05263157894736836,,0.594291981542483
compas_core,3005,joint_dirichlet_0.3,B1,1,8,261,66,True,True,0.7575757575757576,0.48538011695906436,0.018867924528301883,0.0,0.08333333333333337,0.17706821480406387,,0.5948329926468432
compas_core,3005,joint_dirichlet_0.3,B1,1,9,125,32,True,True,0.75,0.6908212560386473,0.2745098039215686,,,0.40784313725490196,"equal_opportunity_gap,equalized_odds_gap",0.5904590070713311
compas_core,3005,joint_dirichlet_0.3,B1,2,0,460,115,False,False,,,,,,,,0.015500001609325409
compas_core,3005,joint_dirichlet_0.3,B1,2,1,329,83,True,False,0.9397590361445783,0.484472049689441,,,,,"comparison_groups,subgroup_accuracy_gap",0.601583014940843
compas_core,3005,joint_dirichlet_0.3,B1,2,2,465,117,True,True,0.9658119658119658,0.49130434782608695,0.033333333333333326,0.03448275862068961,,0.06666666666666665,"equalized_odds_gap,false_positive_rate_gap",0.6217920163180679
compas_core,3005,joint_dirichlet_0.3,B1,2,3,80,20,True,False,0.9,0.47368421052631576,,,,,"comparison_groups,subgroup_accuracy_gap",0.5723329959437251
compas_core,3005,joint_dirichlet_0.3,B1,2,4,81,21,True,False,0.9047619047619048,0.475,,,,,"comparison_groups,subgroup_accuracy_gap",0.5625420017167926
compas_core,3005,joint_dirichlet_0.3,B1,2,5,710,178,True,False,0.6123595505617978,0.5231217239370995,0.09831029185867901,0.02546296296296291,0.16666666666666674,0.03971911345183232,,0.6547500088345259
compas_core,3005,joint_dirichlet_0.3,B1,2,6,290,73,True,False,0.8082191780821918,0.7589622641509435,0.5019493177387914,0.13157894736842102,,0.23879142300194933,"equalized_odds_gap,false_positive_rate_gap",0.6083330081310123
compas_core,3005,joint_dirichlet_0.3,B1,2,7,150,38,True,True,0.9473684210526315,0.7361111111111112,0.05263157894736842,0.5,0.5,0.0,,0.5868329899385571
compas_core,3005,joint_dirichlet_0.3,B1,2,8,261,66,True,True,0.7575757575757576,0.48538011695906436,0.018867924528301883,0.0,0.08333333333333337,0.17706821480406387,,0.5970830097794533
compas_core,3005,joint_dirichlet_0.3,B1,2,9,125,32,True,False,0.71875,0.7117117117117118,0.3725490196078431,,,0.027450980392156765,"equal_opportunity_gap,equalized_odds_gap",0.5914159992244095
compas_core,3005,joint_dirichlet_0.3,B1,3,0,460,115,False,False,,,,,,,,0.01562500256113708
compas_core,3005,joint_dirichlet_0.3,B1,3,1,329,83,True,False,0.9397590361445783,0.484472049689441,,,,,"comparison_groups,subgroup_accuracy_gap",0.6079170270822942
compas_core,3005,joint_dirichlet_0.3,B1,3,2,465,117,True,True,0.9658119658119658,0.49130434782608695,0.033333333333333326,0.03448275862068961,,0.06666666666666665,"equalized_odds_gap,false_positive_rate_gap",0.6317500083241612
compas_core,3005,joint_dirichlet_0.3,B1,3,3,80,20,True,False,0.9,0.47368421052631576,,,,,"comparison_groups,subgroup_accuracy_gap",0.5594170070253313
compas_core,3005,joint_dirichlet_0.3,B1,3,4,81,21,True,False,0.8095238095238095,0.4473684210526316,,,,,"comparison_groups,subgroup_accuracy_gap",0.5571670189965516
compas_core,3005,joint_dirichlet_0.3,B1,3,5,710,178,True,False,0.5955056179775281,0.4931181775035596,0.040596883914856274,0.02546296296296291,0.048484848484848464,0.017994294491990304,,0.662750011542812
compas_core,3005,joint_dirichlet_0.3,B1,3,6,290,73,True,False,0.8082191780821918,0.7778260869565217,0.5331384015594541,0.26315789473684215,,0.09649122807017552,"equalized_odds_gap,false_positive_rate_gap",0.6007500051055104
compas_core,3005,joint_dirichlet_0.3,B1,3,7,150,38,True,True,0.7368421052631579,0.5052083333333334,0.05263157894736842,0.5,0.5,0.0,,0.5905829893890768
compas_core,3005,joint_dirichlet_0.3,B1,3,8,261,66,True,True,0.7575757575757576,0.48538011695906436,0.018867924528301883,0.0,0.08333333333333337,0.17706821480406387,,0.5886250000912696
compas_core,3005,joint_dirichlet_0.3,B1,3,9,125,32,True,True,0.65625,0.6559139784946236,0.2705882352941177,,,0.39607843137254906,"equal_opportunity_gap,equalized_odds_gap",0.5871249886695296
compas_core,3005,joint_dirichlet_0.3,B1,4,0,460,115,False,False,,,,,,,,0.015500001609325409
compas_core,3005,joint_dirichlet_0.3,B1,4,1,329,83,True,False,0.9397590361445783,0.484472049689441,,,,,"comparison_groups,subgroup_accuracy_gap",0.6108340166974813
compas_core,3005,joint_dirichlet_0.3,B1,4,2,465,117,True,True,0.9658119658119658,0.49130434782608695,0.033333333333333326,0.03448275862068961,,0.06666666666666665,"equalized_odds_gap,false_positive_rate_gap",0.617832993157208
compas_core,3005,joint_dirichlet_0.3,B1,4,3,80,20,True,False,0.9,0.47368421052631576,,,,,"comparison_groups,subgroup_accuracy_gap",0.5698339955415577
compas_core,3005,joint_dirichlet_0.3,B1,4,4,81,21,True,False,0.7619047619047619,0.5714285714285714,,,,,"comparison_groups,subgroup_accuracy_gap",0.5552500078920275
compas_core,3005,joint_dirichlet_0.3,B1,4,5,710,178,True,False,0.5898876404494382,0.48278469927954465,0.00833881939872727,0.02546296296296291,0.02546296296296291,0.05025235900811942,,0.6675829936284572
compas_core,3005,joint_dirichlet_0.3,B1,4,6,290,73,True,False,0.7671232876712328,0.752047952047952,0.5799220272904484,0.10526315789473684,,0.17251461988304095,"equalized_odds_gap,false_positive_rate_gap",0.6007920019328594
compas_core,3005,joint_dirichlet_0.3,B1,4,7,150,38,True,True,0.7105263157894737,0.4896214896214896,0.10526315789473684,0.5,0.5,0.05263157894736836,,0.5873329937458038
compas_core,3005,joint_dirichlet_0.3,B1,4,8,261,66,True,True,0.7727272727272727,0.5388914764788076,0.037735849056603765,0.0,0.16666666666666663,0.19593613933236576,,0.5901250115130097
compas_core,3005,joint_dirichlet_0.3,B1,4,9,125,32,True,False,0.59375,0.5901477832512315,0.15294117647058825,,,0.5137254901960784,"equal_opportunity_gap,equalized_odds_gap",0.5859159864485264
compas_core,3005,joint_dirichlet_0.3,B1,5,0,460,115,False,False,,,,,,,,0.015583005733788013
compas_core,3005,joint_dirichlet_0.3,B1,5,1,329,83,True,False,0.9397590361445783,0.484472049689441,,,,,"comparison_groups,subgroup_accuracy_gap",0.6135420117061585
compas_core,3005,joint_dirichlet_0.3,B1,5,2,465,117,True,True,0.9658119658119658,0.49130434782608695,0.033333333333333326,0.03448275862068961,,0.06666666666666665,"equalized_odds_gap,false_positive_rate_gap",0.6153750000521541
compas_core,3005,joint_dirichlet_0.3,B1,5,3,80,20,True,False,0.9,0.47368421052631576,,,,,"comparison_groups,subgroup_accuracy_gap",0.5696660082321614
compas_core,3005,joint_dirichlet_0.3,B1,5,4,81,21,True,False,0.5714285714285714,0.4457478005865103,,,,,"comparison_groups,subgroup_accuracy_gap",0.553416000911966
compas_core,3005,joint_dirichlet_0.3,B1,5,5,710,178,True,False,0.5898876404494382,0.48278469927954465,0.00833881939872727,0.02546296296296291,0.02546296296296291,0.05025235900811942,,0.6723330006934702
compas_core,3005,joint_dirichlet_0.3,B1,5,6,290,73,True,False,0.726027397260274,0.7170542635658914,0.5584795321637426,0.052631578947368474,,0.2992202729044834,"equalized_odds_gap,false_positive_rate_gap",0.5958330002613366
compas_core,3005,joint_dirichlet_0.3,B1,5,7,150,38,True,True,0.631578947368421,0.44583333333333336,0.15789473684210525,0.5,0.5,0.10526315789473684,,0.5793340096715838
compas_core,3005,joint_dirichlet_0.3,B1,5,8,261,66,True,True,0.7727272727272727,0.5388914764788076,0.037735849056603765,0.0,0.16666666666666663,0.19593613933236576,,0.5932920030318201
compas_core,3005,joint_dirichlet_0.3,B1,5,9,125,32,True,False,0.59375,0.5901477832512315,0.15294117647058825,,,0.5137254901960784,"equal_opportunity_gap,equalized_odds_gap",0.5757500184699893
compas_core,3005,joint_dirichlet_0.3,B3,1,0,460,115,False,False,,,,,,,,0.01604200224392116
compas_core,3005,joint_dirichlet_0.3,B3,1,1,329,83,True,False,0.9518072289156626,0.4876543209876543,,,,,"comparison_groups,subgroup_accuracy_gap",0.6774999783374369
compas_core,3005,joint_dirichlet_0.3,B3,1,2,465,117,True,True,0.9743589743589743,0.4935064935064935,0.01666666666666672,0.017241379310344862,,0.050000000000000044,"equalized_odds_gap,false_positive_rate_gap",0.6478340073954314
compas_core,3005,joint_dirichlet_0.3,B3,1,3,80,20,True,False,0.95,0.48717948717948717,,,,,"comparison_groups,subgroup_accuracy_gap",0.5771249998360872
compas_core,3005,joint_dirichlet_0.3,B3,1,4,81,21,True,False,0.9047619047619048,0.475,,,,,"comparison_groups,subgroup_accuracy_gap",0.5687079974450171
compas_core,3005,joint_dirichlet_0.3,B3,1,5,710,178,True,True,0.6573033707865169,0.6150054958692338,0.1321044546850999,0.11342592592592593,0.1333333333333333,0.01470265525565062,,0.6730000022798777
compas_core,3005,joint_dirichlet_0.3,B3,1,6,290,73,True,False,0.7808219178082192,0.6798245614035088,0.29434697855750486,0.13157894736842107,,0.5575048732943471,"equalized_odds_gap,false_positive_rate_gap",0.6074160046409816
compas_core,3005,joint_dirichlet_0.3,B3,1,7,150,38,True,True,0.9210526315789473,0.4794520547945205,0.0,0.0,0.0,0.05263157894736836,,0.5894580099266022
compas_core,3005,joint_dirichlet_0.3,B3,1,8,261,66,True,True,0.7575757575757576,0.48538011695906436,0.018867924528301883,0.0,0.08333333333333337,0.17706821480406387,,0.5979579873383045
compas_core,3005,joint_dirichlet_0.3,B3,1,9,125,32,True,True,0.75,0.6908212560386473,0.2745098039215686,,,0.40784313725490196,"equal_opportunity_gap,equalized_odds_gap",0.5836659984197468
compas_core,3005,joint_dirichlet_0.3,B3,2,0,460,115,False,False,,,,,,,,0.016290985513478518
compas_core,3005,joint_dirichlet_0.3,B3,2,1,329,83,True,False,0.9397590361445783,0.484472049689441,,,,,"comparison_groups,subgroup_accuracy_gap",0.6078339938540012
compas_core,3005,joint_dirichlet_0.3,B3,2,2,465,117,True,True,0.9658119658119658,0.49130434782608695,0.033333333333333326,0.03448275862068961,,0.06666666666666665,"equalized_odds_gap,false_positive_rate_gap",0.6218750204425305
compas_core,3005,joint_dirichlet_0.3,B3,2,3,80,20,True,False,0.9,0.47368421052631576,,,,,"comparison_groups,subgroup_accuracy_gap",0.5595000111497939
compas_core,3005,joint_dirichlet_0.3,B3,2,4,81,21,True,False,0.9047619047619048,0.475,,,,,"comparison_groups,subgroup_accuracy_gap",0.5646669887937605
compas_core,3005,joint_dirichlet_0.3,B3,2,5,710,178,True,False,0.6123595505617978,0.5231217239370995,0.09831029185867901,0.02546296296296291,0.16666666666666674,0.03971911345183232,,0.6642499938607216
compas_core,3005,joint_dirichlet_0.3,B3,2,6,290,73,True,False,0.8082191780821918,0.7589622641509435,0.5019493177387914,0.13157894736842102,,0.23879142300194933,"equalized_odds_gap,false_positive_rate_gap",0.5986249889247119
compas_core,3005,joint_dirichlet_0.3,B3,2,7,150,38,True,True,0.9210526315789473,0.6788732394366197,0.0,0.5,0.5,0.05263157894736836,,0.5815830081701279
compas_core,3005,joint_dirichlet_0.3,B3,2,8,261,66,True,True,0.7575757575757576,0.48538011695906436,0.018867924528301883,0.0,0.08333333333333337,0.17706821480406387,,0.5943749856669456
compas_core,3005,joint_dirichlet_0.3,B3,2,9,125,32,True,False,0.71875,0.716256157635468,0.380392156862745,,,0.15294117647058825,"equal_opportunity_gap,equalized_odds_gap",0.5817920027766377
compas_core,3005,joint_dirichlet_0.3,B3,3,0,460,115,False,False,,,,,,,,0.015958998119458556
compas_core,3005,joint_dirichlet_0.3,B3,3,1,329,83,True,False,0.9397590361445783,0.484472049689441,,,,,"comparison_groups,subgroup_accuracy_gap",0.6053749821148813
compas_core,3005,joint_dirichlet_0.3,B3,3,2,465,117,True,True,0.9658119658119658,0.49130434782608695,0.033333333333333326,0.03448275862068961,,0.06666666666666665,"equalized_odds_gap,false_positive_rate_gap",0.6227080011740327
compas_core,3005,joint_dirichlet_0.3,B3,3,3,80,20,True,False,0.9,0.47368421052631576,,,,,"comparison_groups,subgroup_accuracy_gap",0.5609170184470713
compas_core,3005,joint_dirichlet_0.3,B3,3,4,81,21,True,False,0.7619047619047619,0.5714285714285714,,,,,"comparison_groups,subgroup_accuracy_gap",0.5586250044871122
compas_core,3005,joint_dirichlet_0.3,B3,3,5,710,178,True,False,0.5730337078651685,0.4430171277997365,0.003291639236339794,0.03703703703703709,0.042424242424242364,0.009216589861751223,,0.6639579951297492
compas_core,3005,joint_dirichlet_0.3,B3,3,6,290,73,True,False,0.726027397260274,0.7170542635658914,0.5584795321637426,0.052631578947368474,,0.2992202729044834,"equalized_odds_gap,false_positive_rate_gap",0.6034580001141876
compas_core,3005,joint_dirichlet_0.3,B3,3,7,150,38,True,True,0.7105263157894737,0.4896214896214896,0.10526315789473684,0.5,0.5,0.05263157894736836,,0.5832079914398491
compas_core,3005,joint_dirichlet_0.3,B3,3,8,261,66,True,True,0.7575757575757576,0.48538011695906436,0.018867924528301883,0.0,0.08333333333333337,0.17706821480406387,,0.5919999966863543
compas_core,3005,joint_dirichlet_0.3,B3,3,9,125,32,True,False,0.5625,0.5555555555555556,0.09411764705882353,,,0.5725490196078431,"equal_opportunity_gap,equalized_odds_gap",0.5807080015074462
compas_core,3005,joint_dirichlet_0.3,B3,4,0,460,115,False,False,,,,,,,,0.015500001609325409
compas_core,3005,joint_dirichlet_0.3,B3,4,1,329,83,True,False,0.9397590361445783,0.484472049689441,,,,,"comparison_groups,subgroup_accuracy_gap",0.6055000121705234
compas_core,3005,joint_dirichlet_0.3,B3,4,2,465,117,True,True,0.9658119658119658,0.49130434782608695,0.033333333333333326,0.03448275862068961,,0.06666666666666665,"equalized_odds_gap,false_positive_rate_gap",0.6211669824551791
compas_core,3005,joint_dirichlet_0.3,B3,4,3,80,20,True,False,0.9,0.47368421052631576,,,,,"comparison_groups,subgroup_accuracy_gap",0.5586660117842257
compas_core,3005,joint_dirichlet_0.3,B3,4,4,81,21,True,False,0.19047619047619047,0.18306636155606407,,,,,"comparison_groups,subgroup_accuracy_gap",0.5583339952863753
compas_core,3005,joint_dirichlet_0.3,B3,4,5,710,178,True,False,0.5674157303370787,0.4316400580551524,0.010094360324775176,0.03703703703703709,0.0575757575757575,0.016019310950186605,,0.6577500025741756
compas_core,3005,joint_dirichlet_0.3,B3,4,6,290,73,True,False,0.6301369863013698,0.6276213867372,0.42884990253411304,0.052631578947368474,,0.42884990253411304,"equalized_odds_gap,false_positive_rate_gap",0.5999580025672913
compas_core,3005,joint_dirichlet_0.3,B3,4,7,150,38,True,False,0.3684210526315789,0.29846153846153844,0.05263157894736836,0.5,0.5,0.10526315789473684,,0.5857500073034316
compas_core,3005,joint_dirichlet_0.3,B3,4,8,261,66,True,True,0.7575757575757576,0.48538011695906436,0.018867924528301883,0.0,0.08333333333333337,0.17706821480406387,,0.599416991462931
compas_core,3005,joint_dirichlet_0.3,B3,4,9,125,32,True,False,0.5,0.4666666666666667,0.23529411764705888,,,0.5647058823529412,"equal_opportunity_gap,equalized_odds_gap",0.588166993111372
compas_core,3005,joint_dirichlet_0.3,B3,5,0,460,115,False,False,,,,,,,,0.015500001609325409
compas_core,3005,joint_dirichlet_0.3,B3,5,1,329,83,True,False,0.9397590361445783,0.484472049689441,,,,,"comparison_groups,subgroup_accuracy_gap",0.6023749883752316
compas_core,3005,joint_dirichlet_0.3,B3,5,2,465,117,True,True,0.9658119658119658,0.49130434782608695,0.033333333333333326,0.03448275862068961,,0.06666666666666665,"equalized_odds_gap,false_positive_rate_gap",0.6187499966472387
compas_core,3005,joint_dirichlet_0.3,B3,5,3,80,20,True,False,0.9,0.47368421052631576,,,,,"comparison_groups,subgroup_accuracy_gap",0.5603749887086451
compas_core,3005,joint_dirichlet_0.3,B3,5,4,81,21,True,False,0.14285714285714285,0.14090909090909093,,,,,"comparison_groups,subgroup_accuracy_gap",0.5582089943345636
compas_core,3005,joint_dirichlet_0.3,B3,5,5,710,178,True,False,0.5617977528089888,0.41129579375848035,0.03050252359008121,0.024691358024691357,0.08787878787878789,0.022822032038621987,,0.667500018607825
compas_core,3005,joint_dirichlet_0.3,B3,5,6,290,73,True,False,0.5342465753424658,0.5334586466165414,0.33333333333333337,0.0,,0.6296296296296297,"equalized_odds_gap,false_positive_rate_gap",0.6009589997120202
compas_core,3005,joint_dirichlet_0.3,B3,5,7,150,38,True,False,0.34210526315789475,0.31899641577060933,0.10526315789473684,0.0,0.130718954248366,0.15789473684210525,,0.5824579857289791
compas_core,3005,joint_dirichlet_0.3,B3,5,8,261,66,True,True,0.7575757575757576,0.48538011695906436,0.018867924528301883,0.0,0.08333333333333337,0.17706821480406387,,0.5973750085104257
compas_core,3005,joint_dirichlet_0.3,B3,5,9,125,32,True,False,0.46875,0.4231177094379639,0.17647058823529416,,,0.6235294117647059,"equal_opportunity_gap,equalized_odds_gap",0.5819580110255629
compas_core,3006,iid,B0,1,0,296,74,True,True,0.6216216216216216,0.5583972719522592,0.16770186335403725,0.0748792270531401,0.24782608695652175,0.03416149068322982,,0.6954999989829957
compas_core,3006,iid,B0,1,1,296,74,True,False,0.7297297297297297,0.7297297297297297,0.29910714285714285,0.26315789473684204,0.26315789473684204,0.0357142857142857,,0.6411659996956587
compas_core,3006,iid,B0,1,2,296,74,True,False,0.5945945945945946,0.5870535714285714,0.11494252873563221,0.2260061919504644,0.4294871794871795,0.3540229885057471,,0.6358340033330023
compas_core,3006,iid,B0,1,3,296,74,True,False,0.6351351351351351,0.6235161107970605,0.45606060606060606,0.42105263157894735,0.42105263157894735,0.10909090909090902,,0.6485419871751219
compas_core,3006,iid,B0,1,4,295,74,True,False,0.7027027027027027,0.6991869918699187,0.35402298850574715,0.3625,0.3625,0.03524904214559388,,0.6411249923985451
compas_core,3006,iid,B0,1,5,295,74,True,True,0.6351351351351351,0.5791025911101748,0.09627329192546574,0.0023529411764705577,0.19913419913419916,0.045031055900621175,,0.6212080188561231
compas_core,3006,iid,B0,1,6,295,74,True,True,0.7027027027027027,0.6231481481481481,0.17704426106526638,0.04166666666666663,0.3301435406698564,0.04351087771942985,,0.6170409906189889
compas_core,3006,iid,B0,1,7,295,74,True,False,0.6081081081081081,0.5956284153005464,0.1630434782608695,0.11684782608695654,0.18840579710144922,0.0015527950310559868,,0.614624994341284
compas_core,3006,iid,B0,1,8,295,74,True,True,0.6756756756756757,0.6718403547671841,0.09961685823754785,0.07777777777777783,0.18545454545454543,0.09042145593869733,,0.6066659989301115
compas_core,3006,iid,B0,1,9,295,74,True,True,0.7162162162162162,0.7098039215686274,0.23030757689422354,0.18045112781954886,0.18181818181818182,0.04426106526631657,,0.6072079995647073
compas_core,3006,iid,B0,2,0,296,74,True,False,0.5945945945945946,0.5552884615384616,0.18322981366459623,0.050724637681159424,0.33478260869565224,0.037267080745341685,,0.610957999015227
compas_core,3006,iid,B0,2,1,296,74,True,True,0.7567567567567568,0.753880266075388,0.21875,0.0,0.3210702341137124,0.12202380952380953,,0.6078750011511147
compas_core,3006,iid,B0,2,2,296,74,True,True,0.6486486486486487,0.6483918128654971,0.24521072796934873,0.021671826625387025,0.3974358974358974,0.15938697318007666,,0.6134590075816959
compas_core,3006,iid,B0,2,3,296,74,True,False,0.6216216216216216,0.6114028507126781,0.42272727272727273,0.36842105263157887,0.4181818181818182,0.07575757575757569,,0.6035419937688857
compas_core,3006,iid,B0,2,4,295,74,True,True,0.7432432432432432,0.7431963470319635,0.26743295019157093,0.2875,0.2875,0.08199233716475096,,0.6074999982956797
compas_core,3006,iid,B0,2,5,295,74,True,True,0.6351351351351351,0.588126159554731,0.08229813664596275,0.05647058823529416,0.24675324675324684,0.10248447204968947,,0.6068749935366213
compas_core,3006,iid,B0,2,6,295,74,True,True,0.7432432432432432,0.6885935769656699,0.2468117029257315,0.04166666666666663,0.4880382775119617,0.11327831957989498,,0.6057920109014958
compas_core,3006,iid,B0,2,7,295,74,True,True,0.6351351351351351,0.6195010474195392,0.17701863354037262,0.13586956521739135,0.18840579710144922,0.012422360248447228,,0.6050829833839089
compas_core,3006,iid,B0,2,8,295,74,True,True,0.6756756756756757,0.6669167291822955,0.12413793103448278,0.07222222222222219,0.23636363636363633,0.09042145593869733,,0.604083004873246
compas_core,3006,iid,B0,2,9,295,74,True,True,0.7297297297297297,0.7224306076519129,0.20705176294073524,0.1328320802005013,0.18181818181818182,0.021005251312828266,,0.6019999855197966
compas_core,3006,iid,B0,3,0,296,74,True,False,0.581081081081081,0.5515151515151515,0.248447204968944,0.1376811594202899,0.37826086956521743,0.015527950310559091,,0.6102090119384229
compas_core,3006,iid,B0,3,1,296,74,True,True,0.7567567567567568,0.7522321428571428,0.22619047619047616,0.052631578947368474,0.27759197324414714,0.0669642857142857,,0.6058750150259584
compas_core,3006,iid,B0,3,2,296,74,True,False,0.6081081081081081,0.6045697438732265,0.13409961685823757,0.030959752321981338,0.24358974358974356,0.09272030651341001,,0.6057089776732028
compas_core,3006,iid,B0,3,3,296,74,True,False,0.6216216216216216,0.6114028507126781,0.42272727272727273,0.36842105263157887,0.4181818181818182,0.07575757575757569,,0.6038749997969717
compas_core,3006,iid,B0,3,4,295,74,True,False,0.7432432432432432,0.7420656760227482,0.2919540229885057,0.1875,0.29846153846153844,0.03141762452107277,,0.6021669832989573
compas_core,3006,iid,B0,3,5,295,74,True,True,0.6351351351351351,0.588126159554731,0.08229813664596275,0.05647058823529416,0.24675324675324684,0.10248447204968947,,0.6043750036042184
compas_core,3006,iid,B0,3,6,295,74,True,True,0.7567567567567568,0.708916083916084,0.2145536384096024,0.04166666666666663,0.3971291866028709,0.08102025506376587,,0.6076669960748404
compas_core,3006,iid,B0,3,7,295,74,True,True,0.6351351351351351,0.6195010474195392,0.17701863354037262,0.13586956521739135,0.18840579710144922,0.012422360248447228,,0.6020839791744947
compas_core,3006,iid,B0,3,8,295,74,True,True,0.6486486486486487,0.6356060606060606,0.13639846743295014,0.07222222222222219,0.2872727272727273,0.1026819923371648,,0.6241670052986592
compas_core,3006,iid,B0,3,9,295,74,True,True,0.7297297297297297,0.7224306076519129,0.20705176294073524,0.1328320802005013,0.18181818181818182,0.021005251312828266,,0.602291984250769
compas_core,3006,iid,B0,4,0,296,74,True,False,0.581081081081081,0.5515151515151515,0.248447204968944,0.1376811594202899,0.37826086956521743,0.015527950310559091,,0.6166670063976198
compas_core,3006,iid,B0,4,1,296,74,True,True,0.7567567567567568,0.7501875468867216,0.1785714285714286,0.0,0.2341137123745819,0.0669642857142857,,0.6212500156834722
compas_core,3006,iid,B0,4,2,296,74,True,False,0.6081081081081081,0.602224281742354,0.08965517241379317,0.08359133126934981,0.20512820512820507,0.09272030651341001,,0.6003750022500753
compas_core,3006,iid,B0,4,3,296,74,True,False,0.6216216216216216,0.6114028507126781,0.42272727272727273,0.36842105263157887,0.4181818181818182,0.07575757575757569,,0.6228340207599103
compas_core,3006,iid,B0,4,4,295,74,True,False,0.7432432432432432,0.7420656760227482,0.2919540229885057,0.1875,0.29846153846153844,0.03141762452107277,,0.600833009229973
compas_core,3006,iid,B0,4,5,295,74,True,True,0.6351351351351351,0.588126159554731,0.08229813664596275,0.05647058823529416,0.24675324675324684,0.10248447204968947,,0.6296659994404763
compas_core,3006,iid,B0,4,6,295,74,True,True,0.7567567567567568,0.708916083916084,0.2145536384096024,0.04166666666666663,0.3971291866028709,0.08102025506376587,,0.6234169995877892
compas_core,3006,iid,B0,4,7,295,74,True,False,0.6081081081081081,0.5913159398209864,0.17701863354037262,0.17934782608695654,0.17934782608695654,0.05590062111801242,,0.6227080011740327
compas_core,3006,iid,B0,4,8,295,74,True,True,0.6486486486486487,0.6356060606060606,0.13639846743295014,0.07222222222222219,0.2872727272727273,0.1026819923371648,,0.6215409957803786
compas_core,3006,iid,B0,4,9,295,74,True,True,0.7297297297297297,0.7224306076519129,0.20705176294073524,0.1328320802005013,0.18181818181818182,0.021005251312828266,,0.640332989860326
compas_core,3006,iid,B0,5,0,296,74,True,False,0.5675675675675675,0.5403726708074534,0.2701863354037266,0.1811594202898551,0.37826086956521743,0.006211180124223614,,0.6491249951068312
compas_core,3006,iid,B0,5,1,296,74,True,True,0.7162162162162162,0.7040563702151971,0.16220238095238093,0.0,0.22408026755852845,0.05059523809523814,,0.6308750016614795
compas_core,3006,iid,B0,5,2,296,74,True,False,0.6081081081081081,0.5992530345471522,0.1586206896551724,0.024767801857585203,0.28846153846153844,0.09272030651341001,,0.6377089885063469
compas_core,3006,iid,B0,5,3,296,74,True,False,0.6216216216216216,0.6114028507126781,0.42272727272727273,0.36842105263157887,0.4181818181818182,0.07575757575757569,,0.6282909889705479
compas_core,3006,iid,B0,5,4,295,74,True,True,0.7567567567567568,0.7551470588235294,0.2697318007662835,0.13749999999999996,0.29846153846153844,0.05363984674329503,,0.6234589964151382
compas_core,3006,iid,B0,5,5,295,74,True,True,0.6351351351351351,0.588126159554731,0.08229813664596275,0.05647058823529416,0.24675324675324684,0.10248447204968947,,0.6415410025510937
compas_core,3006,iid,B0,5,6,295,74,True,True,0.7567567567567568,0.708916083916084,0.2145536384096024,0.04166666666666663,0.3971291866028709,0.08102025506376587,,0.6266249984037131
compas_core,3006,iid,B0,5,7,295,74,True,False,0.6081081081081081,0.5913159398209864,0.17701863354037262,0.17934782608695654,0.17934782608695654,0.05590062111801242,,0.6386669992934912
compas_core,3006,iid,B0,5,8,295,74,True,True,0.6486486486486487,0.6356060606060606,0.13639846743295014,0.07222222222222219,0.2872727272727273,0.1026819923371648,,0.631957984296605
compas_core,3006,iid,B0,5,9,295,74,True,True,0.7297297297297297,0.7224306076519129,0.20705176294073524,0.1328320802005013,0.18181818181818182,0.021005251312828266,,0.6394580123014748
compas_core,3006,iid,B1,1,0,296,74,True,True,0.6216216216216216,0.5583972719522592,0.16770186335403725,0.0748792270531401,0.24782608695652175,0.03416149068322982,,0.7533329771831632
compas_core,3006,iid,B1,1,1,296,74,True,False,0.7297297297297297,0.7297297297297297,0.29910714285714285,0.26315789473684204,0.26315789473684204,0.0357142857142857,,0.6739170057699084
compas_core,3006,iid,B1,1,2,296,74,True,False,0.5945945945945946,0.5870535714285714,0.11494252873563221,0.2260061919504644,0.4294871794871795,0.3540229885057471,,0.6582920032087713
compas_core,3006,iid,B1,1,3,296,74,True,False,0.6351351351351351,0.6235161107970605,0.45606060606060606,0.42105263157894735,0.42105263157894735,0.10909090909090902,,0.6538330053444952
compas_core,3006,iid,B1,1,4,295,74,True,False,0.7027027027027027,0.6991869918699187,0.35402298850574715,0.3625,0.3625,0.03524904214559388,,0.6648749986197799
compas_core,3006,iid,B1,1,5,295,74,True,True,0.6351351351351351,0.5791025911101748,0.09627329192546574,0.0023529411764705577,0.19913419913419916,0.045031055900621175,,0.6434999813791364
compas_core,3006,iid,B1,1,6,295,74,True,True,0.7027027027027027,0.6231481481481481,0.17704426106526638,0.04166666666666663,0.3301435406698564,0.04351087771942985,,0.6592090066988021
compas_core,3006,iid,B1,1,7,295,74,True,False,0.6081081081081081,0.5956284153005464,0.1630434782608695,0.11684782608695654,0.18840579710144922,0.0015527950310559868,,0.6683329993393272
compas_core,3006,iid,B1,1,8,295,74,True,True,0.6756756756756757,0.6718403547671841,0.09961685823754785,0.07777777777777783,0.18545454545454543,0.09042145593869733,,0.7184999994933605
compas_core,3006,iid,B1,1,9,295,74,True,True,0.7162162162162162,0.7098039215686274,0.23030757689422354,0.18045112781954886,0.18181818181818182,0.04426106526631657,,0.6625840032938868
compas_core,3006,iid,B1,2,0,296,74,True,False,0.5945945945945946,0.5552884615384616,0.18322981366459623,0.050724637681159424,0.33478260869565224,0.037267080745341685,,0.6630420102737844
compas_core,3006,iid,B1,2,1,296,74,True,True,0.7567567567567568,0.753880266075388,0.21875,0.0,0.3210702341137124,0.12202380952380953,,0.7536670018453151
compas_core,3006,iid,B1,2,2,296,74,True,True,0.6486486486486487,0.6483918128654971,0.24521072796934873,0.021671826625387025,0.3974358974358974,0.15938697318007666,,0.6629159906879067
compas_core,3006,iid,B1,2,3,296,74,True,False,0.6216216216216216,0.6114028507126781,0.42272727272727273,0.36842105263157887,0.4181818181818182,0.07575757575757569,,0.6726249994244426
compas_core,3006,iid,B1,2,4,295,74,True,True,0.7432432432432432,0.7431963470319635,0.26743295019157093,0.2875,0.2875,0.08199233716475096,,0.6370830233208835
compas_core,3006,iid,B1,2,5,295,74,True,True,0.6351351351351351,0.588126159554731,0.08229813664596275,0.05647058823529416,0.24675324675324684,0.10248447204968947,,0.6498750008177012
compas_core,3006,iid,B1,2,6,295,74,True,True,0.7432432432432432,0.6885935769656699,0.2468117029257315,0.04166666666666663,0.4880382775119617,0.11327831957989498,,0.6489999941550195
compas_core,3006,iid,B1,2,7,295,74,True,True,0.6351351351351351,0.6195010474195392,0.17701863354037262,0.13586956521739135,0.18840579710144922,0.012422360248447228,,0.6341249973047525
compas_core,3006,iid,B1,2,8,295,74,True,True,0.6756756756756757,0.6669167291822955,0.12413793103448278,0.07222222222222219,0.23636363636363633,0.09042145593869733,,0.6582500063814223
compas_core,3006,iid,B1,2,9,295,74,True,True,0.7297297297297297,0.7224306076519129,0.20705176294073524,0.1328320802005013,0.18181818181818182,0.021005251312828266,,0.6436659896280617
compas_core,3006,iid,B1,3,0,296,74,True,False,0.581081081081081,0.5515151515151515,0.248447204968944,0.1376811594202899,0.37826086956521743,0.015527950310559091,,0.6655410106759518
compas_core,3006,iid,B1,3,1,296,74,True,True,0.7567567567567568,0.7522321428571428,0.22619047619047616,0.052631578947368474,0.27759197324414714,0.0669642857142857,,0.6082090258132666
compas_core,3006,iid,B1,3,2,296,74,True,False,0.6081081081081081,0.6045697438732265,0.13409961685823757,0.030959752321981338,0.24358974358974356,0.09272030651341001,,0.6087080109864473
compas_core,3006,iid,B1,3,3,296,74,True,False,0.6216216216216216,0.6114028507126781,0.42272727272727273,0.36842105263157887,0.4181818181818182,0.07575757575757569,,0.625082990154624
compas_core,3006,iid,B1,3,4,295,74,True,False,0.7432432432432432,0.7420656760227482,0.2919540229885057,0.1875,0.29846153846153844,0.03141762452107277,,0.6269169971346855
compas_core,3006,iid,B1,3,5,295,74,True,True,0.6351351351351351,0.588126159554731,0.08229813664596275,0.05647058823529416,0.24675324675324684,0.10248447204968947,,0.6051660166122019
compas_core,3006,iid,B1,3,6,295,74,True,True,0.7567567567567568,0.708916083916084,0.2145536384096024,0.04166666666666663,0.3971291866028709,0.08102025506376587,,0.6280409870669246
compas_core,3006,iid,B1,3,7,295,74,True,True,0.6351351351351351,0.6195010474195392,0.17701863354037262,0.13586956521739135,0.18840579710144922,0.012422360248447228,,0.6287499854806811
compas_core,3006,iid,B1,3,8,295,74,True,True,0.6486486486486487,0.6356060606060606,0.13639846743295014,0.07222222222222219,0.2872727272727273,0.1026819923371648,,0.6129159883130342
compas_core,3006,iid,B1,3,9,295,74,True,True,0.7297297297297297,0.7224306076519129,0.20705176294073524,0.1328320802005013,0.18181818181818182,0.021005251312828266,,0.6154169968795031
compas_core,3006,iid,B1,4,0,296,74,True,False,0.581081081081081,0.5515151515151515,0.248447204968944,0.1376811594202899,0.37826086956521743,0.015527950310559091,,0.6059579900465906
compas_core,3006,iid,B1,4,1,296,74,True,True,0.7567567567567568,0.7501875468867216,0.1785714285714286,0.0,0.2341137123745819,0.0669642857142857,,0.6336250226013362
compas_core,3006,iid,B1,4,2,296,74,True,False,0.6081081081081081,0.602224281742354,0.08965517241379317,0.08359133126934981,0.20512820512820507,0.09272030651341001,,0.607333000516519
compas_core,3006,iid,B1,4,3,296,74,True,False,0.6216216216216216,0.6114028507126781,0.42272727272727273,0.36842105263157887,0.4181818181818182,0.07575757575757569,,0.6335829966701567
compas_core,3006,iid,B1,4,4,295,74,True,False,0.7432432432432432,0.7420656760227482,0.2919540229885057,0.1875,0.29846153846153844,0.03141762452107277,,0.5954579974059016
compas_core,3006,iid,B1,4,5,295,74,True,True,0.6351351351351351,0.588126159554731,0.08229813664596275,0.05647058823529416,0.24675324675324684,0.10248447204968947,,0.5951250204816461
compas_core,3006,iid,B1,4,6,295,74,True,True,0.7567567567567568,0.708916083916084,0.2145536384096024,0.04166666666666663,0.3971291866028709,0.08102025506376587,,0.6393750081770122
compas_core,3006,iid,B1,4,7,295,74,True,False,0.6081081081081081,0.5913159398209864,0.17701863354037262,0.17934782608695654,0.17934782608695654,0.05590062111801242,,0.6527500227093697
compas_core,3006,iid,B1,4,8,295,74,True,True,0.6486486486486487,0.6356060606060606,0.13639846743295014,0.07222222222222219,0.2872727272727273,0.1026819923371648,,0.6597920146305114
compas_core,3006,iid,B1,4,9,295,74,True,True,0.7297297297297297,0.7224306076519129,0.20705176294073524,0.1328320802005013,0.18181818181818182,0.021005251312828266,,0.6406250176951289
compas_core,3006,iid,B1,5,0,296,74,True,False,0.5675675675675675,0.5403726708074534,0.2701863354037266,0.1811594202898551,0.37826086956521743,0.006211180124223614,,0.6375420198310167
compas_core,3006,iid,B1,5,1,296,74,True,True,0.7162162162162162,0.7040563702151971,0.16220238095238093,0.0,0.22408026755852845,0.05059523809523814,,0.6591249839402735
compas_core,3006,iid,B1,5,2,296,74,True,False,0.6081081081081081,0.5992530345471522,0.1586206896551724,0.024767801857585203,0.28846153846153844,0.09272030651341001,,0.6283750117290765
compas_core,3006,iid,B1,5,3,296,74,True,False,0.6216216216216216,0.6114028507126781,0.42272727272727273,0.36842105263157887,0.4181818181818182,0.07575757575757569,,0.5942079878877848
compas_core,3006,iid,B1,5,4,295,74,True,True,0.7567567567567568,0.7551470588235294,0.2697318007662835,0.13749999999999996,0.29846153846153844,0.05363984674329503,,0.6219999922905117
compas_core,3006,iid,B1,5,5,295,74,True,True,0.6351351351351351,0.588126159554731,0.08229813664596275,0.05647058823529416,0.24675324675324684,0.10248447204968947,,0.5957910034339875
compas_core,3006,iid,B1,5,6,295,74,True,True,0.7567567567567568,0.708916083916084,0.2145536384096024,0.04166666666666663,0.3971291866028709,0.08102025506376587,,0.6158339965622872
compas_core,3006,iid,B1,5,7,295,74,True,False,0.6081081081081081,0.5913159398209864,0.17701863354037262,0.17934782608695654,0.17934782608695654,0.05590062111801242,,0.5968340265098959
compas_core,3006,iid,B1,5,8,295,74,True,True,0.6486486486486487,0.6356060606060606,0.13639846743295014,0.07222222222222219,0.2872727272727273,0.1026819923371648,,0.5950000195298344
compas_core,3006,iid,B1,5,9,295,74,True,True,0.7297297297297297,0.7224306076519129,0.20705176294073524,0.1328320802005013,0.18181818181818182,0.021005251312828266,,0.6196250033099204
compas_core,3006,iid,B3,1,0,296,74,True,True,0.6216216216216216,0.5583972719522592,0.16770186335403725,0.0748792270531401,0.24782608695652175,0.03416149068322982,,0.6826250173617154
compas_core,3006,iid,B3,1,1,296,74,True,False,0.7297297297297297,0.7297297297297297,0.29910714285714285,0.26315789473684204,0.26315789473684204,0.0357142857142857,,0.6538339948747307
compas_core,3006,iid,B3,1,2,296,74,True,False,0.5945945945945946,0.5870535714285714,0.11494252873563221,0.2260061919504644,0.4294871794871795,0.3540229885057471,,0.643915991531685
compas_core,3006,iid,B3,1,3,296,74,True,False,0.6351351351351351,0.6235161107970605,0.45606060606060606,0.42105263157894735,0.42105263157894735,0.10909090909090902,,0.6677920173387975
compas_core,3006,iid,B3,1,4,295,74,True,False,0.7027027027027027,0.6991869918699187,0.35402298850574715,0.3625,0.3625,0.03524904214559388,,0.6400420097634196
compas_core,3006,iid,B3,1,5,295,74,True,True,0.6351351351351351,0.5791025911101748,0.09627329192546574,0.0023529411764705577,0.19913419913419916,0.045031055900621175,,0.6042919994797558
compas_core,3006,iid,B3,1,6,295,74,True,True,0.7027027027027027,0.6231481481481481,0.17704426106526638,0.04166666666666663,0.3301435406698564,0.04351087771942985,,0.6033330282662064
compas_core,3006,iid,B3,1,7,295,74,True,False,0.6081081081081081,0.5956284153005464,0.1630434782608695,0.11684782608695654,0.18840579710144922,0.0015527950310559868,,0.605874985922128
compas_core,3006,iid,B3,1,8,295,74,True,True,0.6756756756756757,0.6718403547671841,0.09961685823754785,0.07777777777777783,0.18545454545454543,0.09042145593869733,,0.604125001700595
compas_core,3006,iid,B3,1,9,295,74,True,True,0.7162162162162162,0.7098039215686274,0.23030757689422354,0.18045112781954886,0.18181818181818182,0.04426106526631657,,0.6487909995485097
compas_core,3006,iid,B3,2,0,296,74,True,False,0.5945945945945946,0.5375,0.26863354037267084,0.16183574879227047,0.3913043478260869,0.020186335403726607,,0.6124159845057875
compas_core,3006,iid,B3,2,1,296,74,True,True,0.7567567567567568,0.7477272727272727,0.13095238095238093,0.05263157894736836,0.1906354515050167,0.0669642857142857,,0.6050830124877393
compas_core,3006,iid,B3,2,2,296,74,True,False,0.6081081081081081,0.5992530345471522,0.1586206896551724,0.024767801857585203,0.28846153846153844,0.09272030651341001,,0.6190830026753247
compas_core,3006,iid,B3,2,3,296,74,True,False,0.6216216216216216,0.6030651340996169,0.38787878787878793,0.368421052631579,0.368421052631579,0.13181818181818172,,0.600125000346452
compas_core,3006,iid,B3,2,4,295,74,True,True,0.7567567567567568,0.7551470588235294,0.2697318007662835,0.13749999999999996,0.29846153846153844,0.05363984674329503,,0.6092500116210431
compas_core,3006,iid,B3,2,5,295,74,True,True,0.6351351351351351,0.588126159554731,0.08229813664596275,0.05647058823529416,0.24675324675324684,0.10248447204968947,,0.60299999313429
compas_core,3006,iid,B3,2,6,295,74,True,True,0.7297297297297297,0.6675651392632524,0.2235558889722431,0.04166666666666663,0.4354066985645933,0.09002250562640668,,0.5958749970886856
compas_core,3006,iid,B3,2,7,295,74,True,False,0.5945945945945946,0.5690993788819876,0.16925465838509313,0.13586956521739135,0.18478260869565222,0.020186335403726607,,0.5994579987600446
compas_core,3006,iid,B3,2,8,295,74,True,True,0.6216216216216216,0.6030651340996169,0.1486590038314176,0.07222222222222219,0.33818181818181825,0.11494252873563215,,0.6046660128049552
compas_core,3006,iid,B3,2,9,295,74,True,True,0.7297297297297297,0.7196969696969697,0.21605401350337583,0.08521303258145363,0.2651515151515152,0.03450862715678915,,0.5994589882902801
compas_core,3006,iid,B3,3,0,296,74,True,False,0.581081081081081,0.5443892750744787,0.20496894409937882,0.09420289855072472,0.33478260869565224,0.015527950310559091,,0.6208329868968576
compas_core,3006,iid,B3,3,1,296,74,True,True,0.7297297297297297,0.7164750957854407,0.1383928571428571,0.05263157894736836,0.22408026755852845,0.07440476190476186,,0.599416991462931
compas_core,3006,iid,B3,3,2,296,74,True,True,0.6216216216216216,0.6114028507126781,0.19310344827586212,0.034055727554179516,0.28846153846153844,0.0582375478927204,,0.603374995989725
compas_core,3006,iid,B3,3,3,296,74,True,False,0.6216216216216216,0.6030651340996169,0.38787878787878793,0.368421052631579,0.368421052631579,0.13181818181818172,,0.5973340012133121
compas_core,3006,iid,B3,3,4,295,74,True,True,0.7567567567567568,0.7551470588235294,0.2697318007662835,0.13749999999999996,0.29846153846153844,0.05363984674329503,,0.5997080006636679
compas_core,3006,iid,B3,3,5,295,74,True,True,0.6351351351351351,0.588126159554731,0.08229813664596275,0.05647058823529416,0.24675324675324684,0.10248447204968947,,0.5962919967714697
compas_core,3006,iid,B3,3,6,295,74,True,True,0.7432432432432432,0.6885935769656699,0.2468117029257315,0.04166666666666663,0.4880382775119617,0.11327831957989498,,0.5979170091450214
compas_core,3006,iid,B3,3,7,295,74,True,False,0.6081081081081081,0.58627337574706,0.13354037267080743,0.13586956521739135,0.13586956521739135,0.05590062111801242,,0.6082500040065497
compas_core,3006,iid,B3,3,8,295,74,True,True,0.6351351351351351,0.6148062463851938,0.18314176245210723,0.016666666666666607,0.33818181818181825,0.08045977011494254,,0.598291982896626
compas_core,3006,iid,B3,3,9,295,74,True,True,0.7297297297297297,0.7196969696969697,0.21605401350337583,0.08521303258145363,0.2651515151515152,0.03450862715678915,,0.5953329964540899
compas_core,3006,iid,B3,4,0,296,74,True,False,0.5675675675675675,0.5334909377462569,0.22670807453416142,0.1376811594202899,0.33478260869565224,0.006211180124223614,,0.6120000034570694
compas_core,3006,iid,B3,4,1,296,74,True,True,0.7162162162162162,0.7040563702151971,0.16220238095238093,0.0,0.22408026755852845,0.05059523809523814,,0.6060840096324682
compas_core,3006,iid,B3,4,2,296,74,True,True,0.6216216216216216,0.6114028507126781,0.19310344827586212,0.034055727554179516,0.28846153846153844,0.0582375478927204,,0.6036669947206974
compas_core,3006,iid,B3,4,3,296,74,True,False,0.6486486486486487,0.6356060606060606,0.43333333333333335,0.368421052631579,0.4181818181818182,0.08636363636363631,,0.7102499948814511
compas_core,3006,iid,B3,4,4,295,74,True,True,0.7567567567567568,0.7551470588235294,0.2697318007662835,0.13749999999999996,0.29846153846153844,0.05363984674329503,,0.5982910224702209
compas_core,3006,iid,B3,4,5,295,74,True,True,0.6351351351351351,0.588126159554731,0.08229813664596275,0.05647058823529416,0.24675324675324684,0.10248447204968947,,0.5935829831287265
compas_core,3006,iid,B3,4,6,295,74,True,True,0.7567567567567568,0.708916083916084,0.2145536384096024,0.04166666666666663,0.3971291866028709,0.08102025506376587,,0.6004169990774244
compas_core,3006,iid,B3,4,7,295,74,True,True,0.6216216216216216,0.6030651340996169,0.15527950310559002,0.13586956521739135,0.14492753623188404,0.03416149068322982,,0.5970420024823397
compas_core,3006,iid,B3,4,8,295,74,True,True,0.6486486486486487,0.6356060606060606,0.13639846743295014,0.07222222222222219,0.2872727272727273,0.1026819923371648,,0.5957089888397604
compas_core,3006,iid,B3,4,9,295,74,True,True,0.7297297297297297,0.7196969696969697,0.21605401350337583,0.08521303258145363,0.2651515151515152,0.03450862715678915,,0.5942079878877848
compas_core,3006,iid,B3,5,0,296,74,True,False,0.5675675675675675,0.5403726708074534,0.2701863354037266,0.1811594202898551,0.37826086956521743,0.006211180124223614,,0.6022090092301369
compas_core,3006,iid,B3,5,1,296,74,True,True,0.7027027027027027,0.6881226053639846,0.19345238095238093,0.0,0.3010033444816053,0.08184523809523814,,0.5950410268269479
compas_core,3006,iid,B3,5,2,296,74,True,True,0.6216216216216216,0.6114028507126781,0.19310344827586212,0.034055727554179516,0.28846153846153844,0.0582375478927204,,0.5930419720243663
compas_core,3006,iid,B3,5,3,296,74,True,False,0.6216216216216216,0.6114028507126781,0.42272727272727273,0.36842105263157887,0.4181818181818182,0.07575757575757569,,0.5931250052526593
compas_core,3006,iid,B3,5,4,295,74,True,True,0.7567567567567568,0.7551470588235294,0.2697318007662835,0.13749999999999996,0.29846153846153844,0.05363984674329503,,0.59254199732095
compas_core,3006,iid,B3,5,5,295,74,True,True,0.6351351351351351,0.588126159554731,0.08229813664596275,0.05647058823529416,0.24675324675324684,0.10248447204968947,,0.6018339772708714
compas_core,3006,iid,B3,5,6,295,74,True,True,0.7567567567567568,0.708916083916084,0.2145536384096024,0.04166666666666663,0.3971291866028709,0.08102025506376587,,0.6007920019328594
compas_core,3006,iid,B3,5,7,295,74,True,True,0.6351351351351351,0.6195010474195392,0.17701863354037262,0.13586956521739135,0.18840579710144922,0.012422360248447228,,0.6005420000292361
compas_core,3006,iid,B3,5,8,295,74,True,True,0.6486486486486487,0.6356060606060606,0.13639846743295014,0.07222222222222219,0.2872727272727273,0.1026819923371648,,0.5949579935986549
compas_core,3006,iid,B3,5,9,295,74,True,True,0.7297297297297297,0.7224306076519129,0.20705176294073524,0.1328320802005013,0.18181818181818182,0.021005251312828266,,0.5917089874856174
compas_core,3006,joint_dirichlet_0.3,B0,1,0,148,37,True,True,0.9459459459459459,0.4861111111111111,0.0,,,0.125,"equal_opportunity_gap,equalized_odds_gap",0.6529160018544644
compas_core,3006,joint_dirichlet_0.3,B0,1,1,88,22,True,False,1.0,1.0,,,,,"comparison_groups,subgroup_accuracy_gap",0.5891670007258654
compas_core,3006,joint_dirichlet_0.3,B0,1,2,263,66,True,False,0.9090909090909091,0.6008064516129032,,,,,"comparison_groups,subgroup_accuracy_gap",0.5872919864486903
compas_core,3006,joint_dirichlet_0.3,B0,1,3,500,126,True,True,0.9206349206349206,0.5625,0.009708737864077666,0.0,0.33333333333333337,0.3284086112283664,,0.6453749956563115
compas_core,3006,joint_dirichlet_0.3,B0,1,4,166,42,True,False,0.9523809523809523,0.4878048780487805,,,,,"comparison_groups,subgroup_accuracy_gap",0.5777500045951456
compas_core,3006,joint_dirichlet_0.3,B0,1,5,574,144,True,False,0.7916666666666666,0.4418604651162791,,,,,"comparison_groups,subgroup_accuracy_gap",0.6763749988749623
compas_core,3006,joint_dirichlet_0.3,B0,1,6,424,106,True,False,0.7547169811320755,0.5215277777777778,,,,,"comparison_groups,subgroup_accuracy_gap",0.6200839998200536
compas_core,3006,joint_dirichlet_0.3,B0,1,7,70,18,False,False,,,,,,,,0.012041011359542608
compas_core,3006,joint_dirichlet_0.3,B0,1,8,347,87,True,False,0.5977011494252874,0.5968489341983318,0.11546723952738991,0.13888888888888884,0.13888888888888884,0.013426423200859294,,0.6224589888006449
compas_core,3006,joint_dirichlet_0.3,B0,1,9,372,94,True,False,0.8085106382978723,0.6907894736842105,0.3607142857142857,0.391304347826087,0.391304347826087,0.5261904761904761,,0.6219169881660491
compas_core,3006,joint_dirichlet_0.3,B0,2,0,148,37,True,True,0.9459459459459459,0.4861111111111111,0.0,,,0.125,"equal_opportunity_gap,equalized_odds_gap",0.6023329915478826
compas_core,3006,joint_dirichlet_0.3,B0,2,1,88,22,True,False,1.0,1.0,,,,,"comparison_groups,subgroup_accuracy_gap",0.5781670042779297
compas_core,3006,joint_dirichlet_0.3,B0,2,2,263,66,True,False,0.9242424242424242,0.7018970189701896,,,,,"comparison_groups,subgroup_accuracy_gap",0.5768330011051148
compas_core,3006,joint_dirichlet_0.3,B0,2,3,500,126,True,True,0.9047619047619048,0.5995762711864407,0.004643309413254526,0.030000000000000027,0.20833333333333337,0.2558041367665682,,0.6264999974519014
compas_core,3006,joint_dirichlet_0.3,B0,2,4,166,42,True,False,0.9523809523809523,0.4878048780487805,,,,,"comparison_groups,subgroup_accuracy_gap",0.5870409950148314
compas_core,3006,joint_dirichlet_0.3,B0,2,5,574,144,True,False,0.7777777777777778,0.4920634920634921,,,,,"comparison_groups,subgroup_accuracy_gap",0.6712919857818633
compas_core,3006,joint_dirichlet_0.3,B0,2,6,424,106,True,False,0.7735849056603774,0.5796430931923331,,,,,"comparison_groups,subgroup_accuracy_gap",0.6279160152189434
compas_core,3006,joint_dirichlet_0.3,B0,2,7,70,18,False,False,,,,,,,,0.011374999303370714
compas_core,3006,joint_dirichlet_0.3,B0,2,8,347,87,True,False,0.5747126436781609,0.5556935817805383,0.06337271750805584,0.125,0.13414634146341464,0.28786251342642316,,0.5990420177113265
compas_core,3006,joint_dirichlet_0.3,B0,2,9,372,94,True,False,0.8085106382978723,0.7240704500978473,0.38690476190476186,0.1449275362318841,0.1449275362318841,0.41428571428571426,,0.6381249986588955
compas_core,3006,joint_dirichlet_0.3,B0,3,0,148,37,True,True,0.918918918918919,0.4788732394366197,0.047619047619047616,,,0.07738095238095233,"equal_opportunity_gap,equalized_odds_gap",0.5952090141363442
compas_core,3006,joint_dirichlet_0.3,B0,3,1,88,22,True,False,0.9090909090909091,0.47619047619047616,,,,,"comparison_groups,subgroup_accuracy_gap",0.5642079922836274
compas_core,3006,joint_dirichlet_0.3,B0,3,2,263,66,True,False,0.9242424242424242,0.7018970189701896,,,,,"comparison_groups,subgroup_accuracy_gap",0.5724169895984232
compas_core,3006,joint_dirichlet_0.3,B0,3,3,500,126,True,True,0.9047619047619048,0.5995762711864407,0.004643309413254526,0.030000000000000027,0.20833333333333337,0.2558041367665682,,0.6371249910444021
compas_core,3006,joint_dirichlet_0.3,B0,3,4,166,42,True,False,0.9523809523809523,0.4878048780487805,,,,,"comparison_groups,subgroup_accuracy_gap",0.5948329926468432
compas_core,3006,joint_dirichlet_0.3,B0,3,5,574,144,True,False,0.75,0.5343154868846569,,,,,"comparison_groups,subgroup_accuracy_gap",0.6494589906651527
compas_core,3006,joint_dirichlet_0.3,B0,3,6,424,106,True,False,0.7735849056603774,0.6152450090744102,,,,,"comparison_groups,subgroup_accuracy_gap",0.6432080117519945
compas_core,3006,joint_dirichlet_0.3,B0,3,7,70,18,False,False,,,,,,,,0.011124997399747372
compas_core,3006,joint_dirichlet_0.3,B0,3,8,347,87,True,False,0.5747126436781609,0.5509834007532431,0.06928034371643399,0.09722222222222221,0.1585365853658537,0.3345864661654136,,0.6088340014684945
compas_core,3006,joint_dirichlet_0.3,B0,3,9,372,94,True,False,0.7872340425531915,0.7202380952380952,0.41309523809523807,0.23188405797101447,0.23188405797101447,0.2738095238095237,,0.6507500074803829
compas_core,3006,joint_dirichlet_0.3,B0,4,0,148,37,True,True,0.8648648648648649,0.463768115942029,0.14285714285714285,,,0.017857142857142905,"equal_opportunity_gap,equalized_odds_gap",0.5913329950999469
compas_core,3006,joint_dirichlet_0.3,B0,4,1,88,22,True,False,0.9090909090909091,0.47619047619047616,,,,,"comparison_groups,subgroup_accuracy_gap",0.5634169792756438
compas_core,3006,joint_dirichlet_0.3,B0,4,2,263,66,True,False,0.9242424242424242,0.7018970189701896,,,,,"comparison_groups,subgroup_accuracy_gap",0.5772910080850124
compas_core,3006,joint_dirichlet_0.3,B0,4,3,500,126,True,True,0.8968253968253969,0.6299977411339508,0.028704094554664494,0.050000000000000044,0.08333333333333337,0.1929084001688477,,0.6320000102277845
compas_core,3006,joint_dirichlet_0.3,B0,4,4,166,42,True,False,0.9523809523809523,0.4878048780487805,,,,,"comparison_groups,subgroup_accuracy_gap",0.5777080077677965
compas_core,3006,joint_dirichlet_0.3,B0,4,5,574,144,True,False,0.7430555555555556,0.5842372220054624,,,,,"comparison_groups,subgroup_accuracy_gap",0.6478340073954314
compas_core,3006,joint_dirichlet_0.3,B0,4,6,424,106,True,False,0.7452830188679245,0.5917843388960206,,,,,"comparison_groups,subgroup_accuracy_gap",0.6452499947044998
compas_core,3006,joint_dirichlet_0.3,B0,4,7,70,18,False,False,,,,,,,,0.011208001524209976
compas_core,3006,joint_dirichlet_0.3,B0,4,8,347,87,True,False,0.5747126436781609,0.5509834007532431,0.06928034371643399,0.09722222222222221,0.1585365853658537,0.3345864661654136,,0.6465829792432487
compas_core,3006,joint_dirichlet_0.3,B0,4,9,372,94,True,False,0.7659574468085106,0.7257294429708223,0.3821428571428571,0.34782608695652173,0.34782608695652173,0.13333333333333341,,0.6117919983807951
compas_core,3006,joint_dirichlet_0.3,B0,5,0,148,37,True,True,0.8648648648648649,0.463768115942029,0.14285714285714285,,,0.017857142857142905,"equal_opportunity_gap,equalized_odds_gap",0.5876659997738898
compas_core,3006,joint_dirichlet_0.3,B0,5,1,88,22,True,False,0.8636363636363636,0.4634146341463415,,,,,"comparison_groups,subgroup_accuracy_gap",0.5842910031788051
compas_core,3006,joint_dirichlet_0.3,B0,5,2,263,66,True,False,0.9090909090909091,0.6754098360655738,,,,,"comparison_groups,subgroup_accuracy_gap",0.5796249897684902
compas_core,3006,joint_dirichlet_0.3,B0,5,3,500,126,True,True,0.8809523809523809,0.6103896103896104,0.009286618826509163,0.06999999999999995,0.08333333333333337,0.17349092444069236,,0.6185419915709645
compas_core,3006,joint_dirichlet_0.3,B0,5,4,166,42,True,False,0.9523809523809523,0.4878048780487805,,,,,"comparison_groups,subgroup_accuracy_gap",0.5610829975921661
compas_core,3006,joint_dirichlet_0.3,B0,5,5,574,144,True,False,0.75,0.6300314016557237,,,,,"comparison_groups,subgroup_accuracy_gap",0.655125011689961
compas_core,3006,joint_dirichlet_0.3,B0,5,6,424,106,True,False,0.7452830188679245,0.6061648548231733,,,,,"comparison_groups,subgroup_accuracy_gap",0.6291249883361161
compas_core,3006,joint_dirichlet_0.3,B0,5,7,70,18,False,False,,,,,,,,0.011374999303370714
compas_core,3006,joint_dirichlet_0.3,B0,5,8,347,87,True,False,0.5632183908045977,0.5361952861952862,0.048872180451127845,0.09722222222222221,0.18292682926829273,0.3549946294307197,,0.6034170219209045
compas_core,3006,joint_dirichlet_0.3,B0,5,9,372,94,True,False,0.7553191489361702,0.7209242287337034,0.3952380952380952,0.30434782608695654,0.30434782608695654,0.0630952380952381,,0.6287500145845115
compas_core,3006,joint_dirichlet_0.3,B1,1,0,148,37,True,True,0.9459459459459459,0.4861111111111111,0.0,,,0.125,"equal_opportunity_gap,equalized_odds_gap",0.6452910020016134
compas_core,3006,joint_dirichlet_0.3,B1,1,1,88,22,True,False,1.0,1.0,,,,,"comparison_groups,subgroup_accuracy_gap",0.5882080004084855
compas_core,3006,joint_dirichlet_0.3,B1,1,2,263,66,True,False,0.9090909090909091,0.6008064516129032,,,,,"comparison_groups,subgroup_accuracy_gap",0.6352500058710575
compas_core,3006,joint_dirichlet_0.3,B1,1,3,500,126,True,True,0.9206349206349206,0.5625,0.009708737864077666,0.0,0.33333333333333337,0.3284086112283664,,0.6381669954862446
compas_core,3006,joint_dirichlet_0.3,B1,1,4,166,42,True,False,0.9523809523809523,0.4878048780487805,,,,,"comparison_groups,subgroup_accuracy_gap",0.5913749919272959
compas_core,3006,joint_dirichlet_0.3,B1,1,5,574,144,True,False,0.7916666666666666,0.4418604651162791,,,,,"comparison_groups,subgroup_accuracy_gap",0.6774170033168048
compas_core,3006,joint_dirichlet_0.3,B1,1,6,424,106,True,False,0.7547169811320755,0.5215277777777778,,,,,"comparison_groups,subgroup_accuracy_gap",0.6505409837700427
compas_core,3006,joint_dirichlet_0.3,B1,1,7,70,18,False,False,,,,,,,,0.011583993909880519
compas_core,3006,joint_dirichlet_0.3,B1,1,8,347,87,True,False,0.5977011494252874,0.5968489341983318,0.11546723952738991,0.13888888888888884,0.13888888888888884,0.013426423200859294,,0.6635830213781446
compas_core,3006,joint_dirichlet_0.3,B1,1,9,372,94,True,False,0.8085106382978723,0.6907894736842105,0.3607142857142857,0.391304347826087,0.391304347826087,0.5261904761904761,,0.6177080213092268
compas_core,3006,joint_dirichlet_0.3,B1,2,0,148,37,True,True,0.9459459459459459,0.4861111111111111,0.0,,,0.125,"equal_opportunity_gap,equalized_odds_gap",0.6209170096553862
compas_core,3006,joint_dirichlet_0.3,B1,2,1,88,22,True,False,1.0,1.0,,,,,"comparison_groups,subgroup_accuracy_gap",0.5811250011902303
compas_core,3006,joint_dirichlet_0.3,B1,2,2,263,66,True,False,0.9242424242424242,0.7018970189701896,,,,,"comparison_groups,subgroup_accuracy_gap",0.5795419856440276
compas_core,3006,joint_dirichlet_0.3,B1,2,3,500,126,True,True,0.9047619047619048,0.5995762711864407,0.004643309413254526,0.030000000000000027,0.20833333333333337,0.2558041367665682,,0.6474169786088169
compas_core,3006,joint_dirichlet_0.3,B1,2,4,166,42,True,False,0.9523809523809523,0.4878048780487805,,,,,"comparison_groups,subgroup_accuracy_gap",0.5659580056089908
compas_core,3006,joint_dirichlet_0.3,B1,2,5,574,144,True,False,0.7777777777777778,0.4920634920634921,,,,,"comparison_groups,subgroup_accuracy_gap",0.6586250092368573
compas_core,3006,joint_dirichlet_0.3,B1,2,6,424,106,True,False,0.7735849056603774,0.5796430931923331,,,,,"comparison_groups,subgroup_accuracy_gap",0.6360409897752106
compas_core,3006,joint_dirichlet_0.3,B1,2,7,70,18,False,False,,,,,,,,0.011625001206994057
compas_core,3006,joint_dirichlet_0.3,B1,2,8,347,87,True,False,0.5747126436781609,0.5556935817805383,0.06337271750805584,0.125,0.13414634146341464,0.28786251342642316,,0.5996660038363189
compas_core,3006,joint_dirichlet_0.3,B1,2,9,372,94,True,False,0.8085106382978723,0.7240704500978473,0.38690476190476186,0.1449275362318841,0.1449275362318841,0.41428571428571426,,0.6230410072021186
compas_core,3006,joint_dirichlet_0.3,B1,3,0,148,37,True,True,0.918918918918919,0.4788732394366197,0.047619047619047616,,,0.07738095238095233,"equal_opportunity_gap,equalized_odds_gap",0.6061249878257513
compas_core,3006,joint_dirichlet_0.3,B1,3,1,88,22,True,False,0.9090909090909091,0.47619047619047616,,,,,"comparison_groups,subgroup_accuracy_gap",0.5665830103680491
compas_core,3006,joint_dirichlet_0.3,B1,3,2,263,66,True,False,0.9242424242424242,0.7018970189701896,,,,,"comparison_groups,subgroup_accuracy_gap",0.5734160076826811
compas_core,3006,joint_dirichlet_0.3,B1,3,3,500,126,True,True,0.9047619047619048,0.5995762711864407,0.004643309413254526,0.030000000000000027,0.20833333333333337,0.2558041367665682,,0.688749976688996
compas_core,3006,joint_dirichlet_0.3,B1,3,4,166,42,True,False,0.9523809523809523,0.4878048780487805,,,,,"comparison_groups,subgroup_accuracy_gap",0.5622089956887066
compas_core,3006,joint_dirichlet_0.3,B1,3,5,574,144,True,False,0.75,0.5343154868846569,,,,,"comparison_groups,subgroup_accuracy_gap",0.6606660026591271
compas_core,3006,joint_dirichlet_0.3,B1,3,6,424,106,True,False,0.7735849056603774,0.6152450090744102,,,,,"comparison_groups,subgroup_accuracy_gap",0.6083330081310123
compas_core,3006,joint_dirichlet_0.3,B1,3,7,70,18,False,False,,,,,,,,0.011541997082531452
compas_core,3006,joint_dirichlet_0.3,B1,3,8,347,87,True,False,0.5747126436781609,0.5509834007532431,0.06928034371643399,0.09722222222222221,0.1585365853658537,0.3345864661654136,,0.619666971033439
compas_core,3006,joint_dirichlet_0.3,B1,3,9,372,94,True,False,0.7872340425531915,0.7202380952380952,0.41309523809523807,0.23188405797101447,0.23188405797101447,0.2738095238095237,,0.6197920010890812
compas_core,3006,joint_dirichlet_0.3,B1,4,0,148,37,True,True,0.8648648648648649,0.463768115942029,0.14285714285714285,,,0.017857142857142905,"equal_opportunity_gap,equalized_odds_gap",0.5985000170767307
compas_core,3006,joint_dirichlet_0.3,B1,4,1,88,22,True,False,0.9090909090909091,0.47619047619047616,,,,,"comparison_groups,subgroup_accuracy_gap",0.5626670026686043
compas_core,3006,joint_dirichlet_0.3,B1,4,2,263,66,True,False,0.9242424242424242,0.7018970189701896,,,,,"comparison_groups,subgroup_accuracy_gap",0.5892079789191484
compas_core,3006,joint_dirichlet_0.3,B1,4,3,500,126,True,True,0.8968253968253969,0.6299977411339508,0.028704094554664494,0.050000000000000044,0.08333333333333337,0.1929084001688477,,0.6375410011969507
compas_core,3006,joint_dirichlet_0.3,B1,4,4,166,42,True,False,0.9523809523809523,0.4878048780487805,,,,,"comparison_groups,subgroup_accuracy_gap",0.5722499918192625
compas_core,3006,joint_dirichlet_0.3,B1,4,5,574,144,True,False,0.7430555555555556,0.5842372220054624,,,,,"comparison_groups,subgroup_accuracy_gap",0.6460419972427189
compas_core,3006,joint_dirichlet_0.3,B1,4,6,424,106,True,False,0.7452830188679245,0.5917843388960206,,,,,"comparison_groups,subgroup_accuracy_gap",0.627291010459885
compas_core,3006,joint_dirichlet_0.3,B1,4,7,70,18,False,False,,,,,,,,0.01129100564867258
compas_core,3006,joint_dirichlet_0.3,B1,4,8,347,87,True,False,0.5747126436781609,0.5509834007532431,0.06928034371643399,0.09722222222222221,0.1585365853658537,0.3345864661654136,,0.6232089945115149
compas_core,3006,joint_dirichlet_0.3,B1,4,9,372,94,True,False,0.7659574468085106,0.7257294429708223,0.3821428571428571,0.34782608695652173,0.34782608695652173,0.13333333333333341,,0.6335840153042227
compas_core,3006,joint_dirichlet_0.3,B1,5,0,148,37,True,True,0.8648648648648649,0.463768115942029,0.14285714285714285,,,0.017857142857142905,"equal_opportunity_gap,equalized_odds_gap",0.6194159795995802
compas_core,3006,joint_dirichlet_0.3,B1,5,1,88,22,True,False,0.8636363636363636,0.4634146341463415,,,,,"comparison_groups,subgroup_accuracy_gap",0.5615839909296483
compas_core,3006,joint_dirichlet_0.3,B1,5,2,263,66,True,False,0.9090909090909091,0.6754098360655738,,,,,"comparison_groups,subgroup_accuracy_gap",0.5913329950999469
compas_core,3006,joint_dirichlet_0.3,B1,5,3,500,126,True,True,0.8809523809523809,0.6103896103896104,0.009286618826509163,0.06999999999999995,0.08333333333333337,0.17349092444069236,,0.6349589966703206
compas_core,3006,joint_dirichlet_0.3,B1,5,4,166,42,True,False,0.9523809523809523,0.4878048780487805,,,,,"comparison_groups,subgroup_accuracy_gap",0.5632500106003135
compas_core,3006,joint_dirichlet_0.3,B1,5,5,574,144,True,False,0.75,0.6300314016557237,,,,,"comparison_groups,subgroup_accuracy_gap",0.6747500156052411
compas_core,3006,joint_dirichlet_0.3,B1,5,6,424,106,True,False,0.7452830188679245,0.6061648548231733,,,,,"comparison_groups,subgroup_accuracy_gap",0.6345830042846501
compas_core,3006,joint_dirichlet_0.3,B1,5,7,70,18,False,False,,,,,,,,0.011416006600484252
compas_core,3006,joint_dirichlet_0.3,B1,5,8,347,87,True,False,0.5632183908045977,0.5361952861952862,0.048872180451127845,0.09722222222222221,0.18292682926829273,0.3549946294307197,,0.6434170063585043
compas_core,3006,joint_dirichlet_0.3,B1,5,9,372,94,True,False,0.7553191489361702,0.7209242287337034,0.3952380952380952,0.30434782608695654,0.30434782608695654,0.0630952380952381,,0.6153339927550405
compas_core,3006,joint_dirichlet_0.3,B3,1,0,148,37,True,True,0.9459459459459459,0.4861111111111111,0.0,,,0.125,"equal_opportunity_gap,equalized_odds_gap",0.6484999903477728
compas_core,3006,joint_dirichlet_0.3,B3,1,1,88,22,True,False,1.0,1.0,,,,,"comparison_groups,subgroup_accuracy_gap",0.5891250038985163
compas_core,3006,joint_dirichlet_0.3,B3,1,2,263,66,True,False,0.9090909090909091,0.6008064516129032,,,,,"comparison_groups,subgroup_accuracy_gap",0.592875003349036
compas_core,3006,joint_dirichlet_0.3,B3,1,3,500,126,True,True,0.9206349206349206,0.5625,0.009708737864077666,0.0,0.33333333333333337,0.3284086112283664,,0.6509170052595437
compas_core,3006,joint_dirichlet_0.3,B3,1,4,166,42,True,False,0.9523809523809523,0.4878048780487805,,,,,"comparison_groups,subgroup_accuracy_gap",0.5831659946125001
compas_core,3006,joint_dirichlet_0.3,B3,1,5,574,144,True,False,0.7916666666666666,0.4418604651162791,,,,,"comparison_groups,subgroup_accuracy_gap",0.6558329914696515
compas_core,3006,joint_dirichlet_0.3,B3,1,6,424,106,True,False,0.7547169811320755,0.5215277777777778,,,,,"comparison_groups,subgroup_accuracy_gap",0.6182920187711716
compas_core,3006,joint_dirichlet_0.3,B3,1,7,70,18,False,False,,,,,,,,0.011582975275814533
compas_core,3006,joint_dirichlet_0.3,B3,1,8,347,87,True,False,0.5977011494252874,0.5968489341983318,0.11546723952738991,0.13888888888888884,0.13888888888888884,0.013426423200859294,,0.6095840071793646
compas_core,3006,joint_dirichlet_0.3,B3,1,9,372,94,True,False,0.8085106382978723,0.6907894736842105,0.3607142857142857,0.391304347826087,0.391304347826087,0.5261904761904761,,0.6127090018708259
compas_core,3006,joint_dirichlet_0.3,B3,2,0,148,37,True,True,0.918918918918919,0.4788732394366197,0.047619047619047616,,,0.07738095238095233,"equal_opportunity_gap,equalized_odds_gap",0.6023329915478826
compas_core,3006,joint_dirichlet_0.3,B3,2,1,88,22,True,False,0.9545454545454546,0.4883720930232558,,,,,"comparison_groups,subgroup_accuracy_gap",0.5902090051677078
compas_core,3006,joint_dirichlet_0.3,B3,2,2,263,66,True,False,0.9242424242424242,0.7018970189701896,,,,,"comparison_groups,subgroup_accuracy_gap",0.5788749840576202
compas_core,3006,joint_dirichlet_0.3,B3,2,3,500,126,True,True,0.9126984126984127,0.610126582278481,0.014352047277332192,0.020000000000000018,0.20833333333333337,0.2655128746306459,,0.6303749978542328
compas_core,3006,joint_dirichlet_0.3,B3,2,4,166,42,True,False,0.9523809523809523,0.4878048780487805,,,,,"comparison_groups,subgroup_accuracy_gap",0.5802499945275486
compas_core,3006,joint_dirichlet_0.3,B3,2,5,574,144,True,False,0.75,0.6113943028485758,,,,,"comparison_groups,subgroup_accuracy_gap",0.6545420037582517
compas_core,3006,joint_dirichlet_0.3,B3,2,6,424,106,True,False,0.7641509433962265,0.5513797189774843,,,,,"comparison_groups,subgroup_accuracy_gap",0.6107919907663018
compas_core,3006,joint_dirichlet_0.3,B3,2,7,70,18,False,False,,,,,,,,0.0118750031106174
compas_core,3006,joint_dirichlet_0.3,B3,2,8,347,87,True,False,0.5057471264367817,0.3892244897959184,0.01772287862513433,0.08333333333333337,0.08333333333333337,0.6439312567132116,,0.6017080158926547
compas_core,3006,joint_dirichlet_0.3,B3,2,9,372,94,True,False,0.7340425531914894,0.7015873015873015,0.36666666666666664,0.30434782608695654,0.30434782608695654,0.03452380952380951,,0.6226249970495701
compas_core,3006,joint_dirichlet_0.3,B3,3,0,148,37,True,True,0.7297297297297297,0.421875,0.2708333333333333,,,0.14583333333333337,"equal_opportunity_gap,equalized_odds_gap",0.6055410194676369
compas_core,3006,joint_dirichlet_0.3,B3,3,1,88,22,True,False,0.8181818181818182,0.45,,,,,"comparison_groups,subgroup_accuracy_gap",0.5898749805055559
compas_core,3006,joint_dirichlet_0.3,B3,3,2,263,66,True,False,0.9242424242424242,0.7018970189701896,,,,,"comparison_groups,subgroup_accuracy_gap",0.5747090035583824
compas_core,3006,joint_dirichlet_0.3,B3,3,3,500,126,True,True,0.9047619047619048,0.5995762711864407,0.004643309413254526,0.030000000000000027,0.20833333333333337,0.2558041367665682,,0.6549999816343188
compas_core,3006,joint_dirichlet_0.3,B3,3,4,166,42,True,False,0.9523809523809523,0.4878048780487805,,,,,"comparison_groups,subgroup_accuracy_gap",0.5788750131614506
compas_core,3006,joint_dirichlet_0.3,B3,3,5,574,144,True,False,0.6458333333333334,0.5903385954147375,,,,,"comparison_groups,subgroup_accuracy_gap",0.6533330015372485
compas_core,3006,joint_dirichlet_0.3,B3,3,6,424,106,True,False,0.7641509433962265,0.5513797189774843,,,,,"comparison_groups,subgroup_accuracy_gap",0.6136249867267907
compas_core,3006,joint_dirichlet_0.3,B3,3,7,70,18,False,False,,,,,,,,0.01158300437964499
compas_core,3006,joint_dirichlet_0.3,B3,3,8,347,87,True,False,0.5057471264367817,0.3892244897959184,0.01772287862513433,0.08333333333333337,0.08333333333333337,0.6439312567132116,,0.5981670110486448
compas_core,3006,joint_dirichlet_0.3,B3,3,9,372,94,True,False,0.5425531914893617,0.5400022760896779,0.19166666666666665,0.17391304347826086,0.582089552238806,0.39047619047619053,,0.6027499912306666
compas_core,3006,joint_dirichlet_0.3,B3,4,0,148,37,True,False,0.6216216216216216,0.4418103448275862,0.33630952380952384,,,0.33630952380952384,"equal_opportunity_gap,equalized_odds_gap",0.6056669808458537
compas_core,3006,joint_dirichlet_0.3,B3,4,1,88,22,True,False,0.45454545454545453,0.3125,,,,,"comparison_groups,subgroup_accuracy_gap",0.5654580018017441
compas_core,3006,joint_dirichlet_0.3,B3,4,2,263,66,True,False,0.9242424242424242,0.7018970189701896,,,,,"comparison_groups,subgroup_accuracy_gap",0.5759579944424331
compas_core,3006,joint_dirichlet_0.3,B3,4,3,500,126,True,True,0.9047619047619048,0.5995762711864407,0.004643309413254526,0.030000000000000027,0.20833333333333337,0.2558041367665682,,0.6171250133775175
compas_core,3006,joint_dirichlet_0.3,B3,4,4,166,42,True,False,0.9523809523809523,0.4878048780487805,,,,,"comparison_groups,subgroup_accuracy_gap",0.5626659840345383
compas_core,3006,joint_dirichlet_0.3,B3,4,5,574,144,True,False,0.5833333333333334,0.5484949832775919,,,,,"comparison_groups,subgroup_accuracy_gap",0.6427080079447478
compas_core,3006,joint_dirichlet_0.3,B3,4,6,424,106,True,False,0.7641509433962265,0.5513797189774843,,,,,"comparison_groups,subgroup_accuracy_gap",0.6023329915478826
compas_core,3006,joint_dirichlet_0.3,B3,4,7,70,18,False,False,,,,,,,,0.011625001206994057
compas_core,3006,joint_dirichlet_0.3,B3,4,8,347,87,True,False,0.5172413793103449,0.3958333333333333,0.00859291084854985,0.05555555555555558,0.07317073170731703,0.6702470461868958,,0.6160839984659106
compas_core,3006,joint_dirichlet_0.3,B3,4,9,372,94,True,False,0.5,0.4999434069043577,0.18928571428571428,0.08695652173913049,0.6716417910447762,0.5595238095238095,,0.6055839767213911
compas_core,3006,joint_dirichlet_0.3,B3,5,0,148,37,True,False,0.40540540540540543,0.3216666666666667,0.49702380952380953,,,0.49702380952380953,"equal_opportunity_gap,equalized_odds_gap",0.5864160193596035
compas_core,3006,joint_dirichlet_0.3,B3,5,1,88,22,True,False,0.18181818181818182,0.15384615384615385,,,,,"comparison_groups,subgroup_accuracy_gap",0.5683749914169312
compas_core,3006,joint_dirichlet_0.3,B3,5,2,263,66,True,False,0.9242424242424242,0.7018970189701896,,,,,"comparison_groups,subgroup_accuracy_gap",0.5722079949919134
compas_core,3006,joint_dirichlet_0.3,B3,5,3,500,126,True,True,0.9047619047619048,0.5995762711864407,0.004643309413254526,0.030000000000000027,0.20833333333333337,0.2558041367665682,,0.6161670025903732
compas_core,3006,joint_dirichlet_0.3,B3,5,4,166,42,True,False,0.9523809523809523,0.4878048780487805,,,,,"comparison_groups,subgroup_accuracy_gap",0.5587920022662729
compas_core,3006,joint_dirichlet_0.3,B3,5,5,574,144,True,False,0.4861111111111111,0.47795414462081126,,,,,"comparison_groups,subgroup_accuracy_gap",0.6379590195138007
compas_core,3006,joint_dirichlet_0.3,B3,5,6,424,106,True,False,0.7641509433962265,0.5513797189774843,,,,,"comparison_groups,subgroup_accuracy_gap",0.5992920196149498
compas_core,3006,joint_dirichlet_0.3,B3,5,7,70,18,False,False,,,,,,,,0.011374999303370714
compas_core,3006,joint_dirichlet_0.3,B3,5,8,347,87,True,False,0.4942528735632184,0.3498641304347826,0.03222341568206233,0.05555555555555558,0.05555555555555558,0.7110633727175081,,0.6039169966243207
compas_core,3006,joint_dirichlet_0.3,B3,5,9,372,94,True,False,0.46808510638297873,0.46590909090909094,0.22976190476190483,0.04347826086956519,0.28358208955223885,0.6023809523809524,,0.6249170110095292
compas_core,3007,iid,B0,1,0,296,74,True,True,0.6891891891891891,0.6559531028906408,0.12608353033884945,0.025000000000000022,0.2789855072463768,0.13947990543735223,,0.6782499840483069
compas_core,3007,iid,B0,1,1,296,74,True,True,0.7702702702702703,0.7698920797512347,0.22767857142857145,0.08333333333333337,0.2922077922077922,0.09077380952380953,,0.6394580123014748
compas_core,3007,iid,B0,1,2,296,74,True,True,0.6756756756756757,0.6597701149425287,0.13947990543735223,0.24866310160427807,0.54,0.30575256107171006,,0.6143329956103116
compas_core,3007,iid,B0,1,3,296,74,True,True,0.6756756756756757,0.6442307692307692,0.26363636363636367,0.14047619047619042,0.32173913043478264,0.040909090909090895,,0.6031249940861017
compas_core,3007,iid,B0,1,4,295,74,True,False,0.527027027027027,0.5199258572752549,0.16858237547892718,0.03508771929824561,0.31818181818181823,0.07279693486590039,,0.6186249956954271
compas_core,3007,iid,B0,1,5,295,74,True,False,0.6756756756756757,0.6747252747252748,0.2823355506282336,0.26315789473684204,0.26315789473684204,0.03843311160384333,,0.64354098867625
compas_core,3007,iid,B0,1,6,295,74,True,True,0.7297297297297297,0.6916666666666667,0.15372670807453426,0.052631578947368474,0.2777777777777778,0.024844720496894346,,0.6014170066919178
compas_core,3007,iid,B0,1,7,295,74,True,True,0.6621621621621622,0.6325719960278053,0.17100078802206464,0.21739130434782605,0.21739130434782605,0.182033096926714,,0.6010409852024168
compas_core,3007,iid,B0,1,8,295,74,True,True,0.6891891891891891,0.6821661998132587,0.22619047619047616,0.17460317460317454,0.23809523809523808,0.0029761904761904656,,0.5974999803584069
compas_core,3007,iid,B0,1,9,295,74,True,False,0.5945945945945946,0.5747126436781609,0.3212121212121213,0.3535353535353535,0.3535353535353535,0.12121212121212122,,0.598666985752061
compas_core,3007,iid,B0,2,0,296,74,True,True,0.6891891891891891,0.6559531028906408,0.18439716312056742,0.025000000000000022,0.40579710144927533,0.1977935382190701,,0.6271669990383089
compas_core,3007,iid,B0,2,1,296,74,True,True,0.7432432432432432,0.7393883225208526,0.25,0.0888888888888888,0.3441558441558441,0.0982142857142857,,0.6061249878257513
compas_core,3007,iid,B0,2,2,296,74,True,True,0.6621621621621622,0.6433391170233276,0.11820330969267145,0.24866310160427807,0.5,0.2844759653270292,,0.6405830208677799
compas_core,3007,iid,B0,2,3,296,74,True,True,0.6756756756756757,0.6442307692307692,0.26363636363636367,0.14047619047619042,0.32173913043478264,0.040909090909090895,,0.6229579739738256
compas_core,3007,iid,B0,2,4,295,74,True,False,0.5,0.4840776333144903,0.07969348659003828,0.01754385964912286,0.2027972027972028,0.028352490421455878,,0.5985000170767307
compas_core,3007,iid,B0,2,5,295,74,True,True,0.6891891891891891,0.6792915017900886,0.1175166297117517,0.10526315789473684,0.10526315789473684,0.0687361419068736,,0.5968329787719995
compas_core,3007,iid,B0,2,6,295,74,True,True,0.7567567567567568,0.7375886524822695,0.16925465838509313,0.05980861244019142,0.29166666666666663,0.06832298136645965,,0.5937500100117177
compas_core,3007,iid,B0,2,7,295,74,True,True,0.6621621621621622,0.6325719960278053,0.17100078802206464,0.21739130434782605,0.21739130434782605,0.182033096926714,,0.6158750038594007
compas_core,3007,iid,B0,2,8,295,74,True,True,0.7297297297297297,0.7164750957854407,0.16220238095238093,0.08730158730158732,0.19047619047619047,0.019345238095238138,,0.6037080020178109
compas_core,3007,iid,B0,2,9,295,74,True,False,0.581081081081081,0.5631308322224339,0.28787878787878796,0.2979797979797979,0.2979797979797979,0.08787878787878789,,0.6014590035192668
compas_core,3007,iid,B0,3,0,296,74,True,True,0.7027027027027027,0.6738782051282051,0.16312056737588654,0.025000000000000022,0.36231884057971014,0.1765169424743892,,0.6179169868119061
compas_core,3007,iid,B0,3,1,296,74,True,True,0.6891891891891891,0.6792915017900886,0.26488095238095233,0.0888888888888888,0.3961038961038961,0.11309523809523814,,0.6143339851405472
compas_core,3007,iid,B0,3,2,296,74,True,True,0.6486486486486487,0.6265527950310559,0.09692671394799057,0.24866310160427807,0.46,0.2631993695823483,,0.5994999955873936
compas_core,3007,iid,B0,3,3,296,74,True,True,0.6756756756756757,0.6442307692307692,0.26363636363636367,0.14047619047619042,0.32173913043478264,0.040909090909090895,,0.6010000070091337
compas_core,3007,iid,B0,3,4,295,74,True,False,0.527027027027027,0.5067606170253285,0.1486590038314176,0.0935672514619883,0.2027972027972028,0.0406130268199234,,0.5967080069240183
compas_core,3007,iid,B0,3,5,295,74,True,True,0.7027027027027027,0.6916666666666667,0.09312638580931265,0.052631578947368474,0.052631578947368474,0.04434589800443456,,0.6157500029075891
compas_core,3007,iid,B0,3,6,295,74,True,True,0.7837837837837838,0.7701863354037267,0.21273291925465831,0.05980861244019142,0.37499999999999994,0.11180124223602483,,0.6422080041375011
compas_core,3007,iid,B0,3,7,295,74,True,True,0.6756756756756757,0.6501182033096926,0.19227738376674552,0.21739130434782605,0.21739130434782605,0.1607565011820331,,0.5976670072413981
compas_core,3007,iid,B0,3,8,295,74,True,True,0.7297297297297297,0.7127329192546584,0.11458333333333337,0.03968253968253965,0.14285714285714285,0.019345238095238138,,0.5945409939158708
compas_core,3007,iid,B0,3,9,295,74,True,False,0.581081081081081,0.5631308322224339,0.28787878787878796,0.2979797979797979,0.2979797979797979,0.08787878787878789,,0.6194580055307597
compas_core,3007,iid,B0,4,0,296,74,True,True,0.7162162162162162,0.6913604766633565,0.20015760441292352,0.025000000000000022,0.44565217391304346,0.2135539795114263,,0.6038749997969717
compas_core,3007,iid,B0,4,1,296,74,True,True,0.6891891891891891,0.6792915017900886,0.26488095238095233,0.0888888888888888,0.3961038961038961,0.11309523809523814,,0.6061669846531004
compas_core,3007,iid,B0,4,2,296,74,True,True,0.6486486486486487,0.6265527950310559,0.09692671394799057,0.24866310160427807,0.46,0.2631993695823483,,0.5985419848002493
compas_core,3007,iid,B0,4,3,296,74,True,True,0.6756756756756757,0.6442307692307692,0.26363636363636367,0.14047619047619042,0.32173913043478264,0.040909090909090895,,0.597625010414049
compas_core,3007,iid,B0,4,4,295,74,True,False,0.527027027027027,0.5067606170253285,0.1486590038314176,0.0935672514619883,0.2027972027972028,0.0406130268199234,,0.5952919891569763
compas_core,3007,iid,B0,4,5,295,74,True,True,0.7027027027027027,0.6916666666666667,0.09312638580931265,0.052631578947368474,0.052631578947368474,0.04434589800443456,,0.595374993281439
compas_core,3007,iid,B0,4,6,295,74,True,True,0.7972972972972973,0.7860034702139965,0.2344720496894409,0.05980861244019142,0.41666666666666663,0.13354037267080743,,0.5943329888395965
compas_core,3007,iid,B0,4,7,295,74,True,True,0.6756756756756757,0.6501182033096926,0.19227738376674552,0.21739130434782605,0.21739130434782605,0.1607565011820331,,0.5925830046180636
compas_core,3007,iid,B0,4,8,295,74,True,True,0.7432432432432432,0.7251221896383186,0.09077380952380953,0.007936507936507908,0.14285714285714285,0.04315476190476186,,0.5922080017626286
compas_core,3007,iid,B0,4,9,295,74,True,False,0.5945945945945946,0.5795454545454546,0.31060606060606066,0.2979797979797979,0.2979797979797979,0.06515151515151507,,0.5941250128671527
compas_core,3007,iid,B0,5,0,296,74,True,True,0.7297297297297297,0.7084318360914106,0.17888100866824264,0.025000000000000022,0.40217391304347827,0.19227738376674552,,0.6059170118533075
compas_core,3007,iid,B0,5,1,296,74,True,True,0.6891891891891891,0.6792915017900886,0.26488095238095233,0.0888888888888888,0.3961038961038961,0.11309523809523814,,0.6267090211622417
compas_core,3007,iid,B0,5,2,296,74,True,True,0.6486486486486487,0.6265527950310559,0.09692671394799057,0.24866310160427807,0.46,0.2631993695823483,,0.6045420013833791
compas_core,3007,iid,B0,5,3,296,74,True,True,0.6756756756756757,0.6442307692307692,0.26363636363636367,0.14047619047619042,0.32173913043478264,0.040909090909090895,,0.5978340050205588
compas_core,3007,iid,B0,5,4,295,74,True,False,0.527027027027027,0.5067606170253285,0.1486590038314176,0.0935672514619883,0.2027972027972028,0.0406130268199234,,0.5987499898765236
compas_core,3007,iid,B0,5,5,295,74,True,True,0.7027027027027027,0.6916666666666667,0.09312638580931265,0.052631578947368474,0.052631578947368474,0.04434589800443456,,0.5949999904260039
compas_core,3007,iid,B0,5,6,295,74,True,True,0.7972972972972973,0.7860034702139965,0.2344720496894409,0.05980861244019142,0.41666666666666663,0.13354037267080743,,0.5938329850323498
compas_core,3007,iid,B0,5,7,295,74,True,True,0.6756756756756757,0.6501182033096926,0.19227738376674552,0.21739130434782605,0.21739130434782605,0.1607565011820331,,0.5895830108784139
compas_core,3007,iid,B0,5,8,295,74,True,True,0.7432432432432432,0.7251221896383186,0.09077380952380953,0.007936507936507908,0.14285714285714285,0.04315476190476186,,0.5982499860692769
compas_core,3007,iid,B0,5,9,295,74,True,False,0.5945945945945946,0.5795454545454546,0.31060606060606066,0.2979797979797979,0.2979797979797979,0.06515151515151507,,0.5945830198470503
compas_core,3007,iid,B1,1,0,296,74,True,True,0.6891891891891891,0.6559531028906408,0.12608353033884945,0.025000000000000022,0.2789855072463768,0.13947990543735223,,0.7110839942470193
compas_core,3007,iid,B1,1,1,296,74,True,True,0.7702702702702703,0.7698920797512347,0.22767857142857145,0.08333333333333337,0.2922077922077922,0.09077380952380953,,0.6320419779513031
compas_core,3007,iid,B1,1,2,296,74,True,True,0.6756756756756757,0.6597701149425287,0.13947990543735223,0.24866310160427807,0.54,0.30575256107171006,,0.6209999846760184
compas_core,3007,iid,B1,1,3,296,74,True,True,0.6756756756756757,0.6442307692307692,0.26363636363636367,0.14047619047619042,0.32173913043478264,0.040909090909090895,,0.6087920046411455
compas_core,3007,iid,B1,1,4,295,74,True,False,0.527027027027027,0.5199258572752549,0.16858237547892718,0.03508771929824561,0.31818181818181823,0.07279693486590039,,0.6050409865565598
compas_core,3007,iid,B1,1,5,295,74,True,False,0.6756756756756757,0.6747252747252748,0.2823355506282336,0.26315789473684204,0.26315789473684204,0.03843311160384333,,0.6020420114509761
compas_core,3007,iid,B1,1,6,295,74,True,True,0.7297297297297297,0.6916666666666667,0.15372670807453426,0.052631578947368474,0.2777777777777778,0.024844720496894346,,0.5982079892419279
compas_core,3007,iid,B1,1,7,295,74,True,True,0.6621621621621622,0.6325719960278053,0.17100078802206464,0.21739130434782605,0.21739130434782605,0.182033096926714,,0.6031249940861017
compas_core,3007,iid,B1,1,8,295,74,True,True,0.6891891891891891,0.6821661998132587,0.22619047619047616,0.17460317460317454,0.23809523809523808,0.0029761904761904656,,0.6015420076437294
compas_core,3007,iid,B1,1,9,295,74,True,False,0.5945945945945946,0.5747126436781609,0.3212121212121213,0.3535353535353535,0.3535353535353535,0.12121212121212122,,0.601916981395334
compas_core,3007,iid,B1,2,0,296,74,True,True,0.6891891891891891,0.6559531028906408,0.18439716312056742,0.025000000000000022,0.40579710144927533,0.1977935382190701,,0.6104170170146972
compas_core,3007,iid,B1,2,1,296,74,True,True,0.7432432432432432,0.7393883225208526,0.25,0.0888888888888888,0.3441558441558441,0.0982142857142857,,0.6472080131061375
compas_core,3007,iid,B1,2,2,296,74,True,True,0.6621621621621622,0.6433391170233276,0.11820330969267145,0.24866310160427807,0.5,0.2844759653270292,,0.6136669835541397
compas_core,3007,iid,B1,2,3,296,74,True,True,0.6756756756756757,0.6442307692307692,0.26363636363636367,0.14047619047619042,0.32173913043478264,0.040909090909090895,,0.6113339914008975
compas_core,3007,iid,B1,2,4,295,74,True,False,0.5,0.4840776333144903,0.07969348659003828,0.01754385964912286,0.2027972027972028,0.028352490421455878,,0.6031670200172812
compas_core,3007,iid,B1,2,5,295,74,True,True,0.6891891891891891,0.6792915017900886,0.1175166297117517,0.10526315789473684,0.10526315789473684,0.0687361419068736,,0.6147499952930957
compas_core,3007,iid,B1,2,6,295,74,True,True,0.7567567567567568,0.7375886524822695,0.16925465838509313,0.05980861244019142,0.29166666666666663,0.06832298136645965,,0.5982920120004565
compas_core,3007,iid,B1,2,7,295,74,True,True,0.6621621621621622,0.6325719960278053,0.17100078802206464,0.21739130434782605,0.21739130434782605,0.182033096926714,,0.6078750011511147
compas_core,3007,iid,B1,2,8,295,74,True,True,0.7297297297297297,0.7164750957854407,0.16220238095238093,0.08730158730158732,0.19047619047619047,0.019345238095238138,,0.5943749856669456
compas_core,3007,iid,B1,2,9,295,74,True,False,0.581081081081081,0.5631308322224339,0.28787878787878796,0.2979797979797979,0.2979797979797979,0.08787878787878789,,0.6052090029697865
compas_core,3007,iid,B1,3,0,296,74,True,True,0.7027027027027027,0.6738782051282051,0.16312056737588654,0.025000000000000022,0.36231884057971014,0.1765169424743892,,0.6144169892650098
compas_core,3007,iid,B1,3,1,296,74,True,True,0.6891891891891891,0.6792915017900886,0.26488095238095233,0.0888888888888888,0.3961038961038961,0.11309523809523814,,0.6357499805744737
compas_core,3007,iid,B1,3,2,296,74,True,True,0.6486486486486487,0.6265527950310559,0.09692671394799057,0.24866310160427807,0.46,0.2631993695823483,,0.5982499860692769
compas_core,3007,iid,B1,3,3,296,74,True,True,0.6756756756756757,0.6442307692307692,0.26363636363636367,0.14047619047619042,0.32173913043478264,0.040909090909090895,,0.5976659886073321
compas_core,3007,iid,B1,3,4,295,74,True,False,0.527027027027027,0.5067606170253285,0.1486590038314176,0.0935672514619883,0.2027972027972028,0.0406130268199234,,0.6156669987831265
compas_core,3007,iid,B1,3,5,295,74,True,True,0.7027027027027027,0.6916666666666667,0.09312638580931265,0.052631578947368474,0.052631578947368474,0.04434589800443456,,0.5979999841656536
compas_core,3007,iid,B1,3,6,295,74,True,True,0.7837837837837838,0.7701863354037267,0.21273291925465831,0.05980861244019142,0.37499999999999994,0.11180124223602483,,0.5956669920124114
compas_core,3007,iid,B1,3,7,295,74,True,True,0.6756756756756757,0.6501182033096926,0.19227738376674552,0.21739130434782605,0.21739130434782605,0.1607565011820331,,0.5945409939158708
compas_core,3007,iid,B1,3,8,295,74,True,True,0.7297297297297297,0.7127329192546584,0.11458333333333337,0.03968253968253965,0.14285714285714285,0.019345238095238138,,0.6040420266799629
compas_core,3007,iid,B1,3,9,295,74,True,False,0.581081081081081,0.5631308322224339,0.28787878787878796,0.2979797979797979,0.2979797979797979,0.08787878787878789,,0.5945420125499368
compas_core,3007,iid,B1,4,0,296,74,True,True,0.7162162162162162,0.6913604766633565,0.20015760441292352,0.025000000000000022,0.44565217391304346,0.2135539795114263,,0.6091659888625145
compas_core,3007,iid,B1,4,1,296,74,True,True,0.6891891891891891,0.6792915017900886,0.26488095238095233,0.0888888888888888,0.3961038961038961,0.11309523809523814,,0.6071250245440751
compas_core,3007,iid,B1,4,2,296,74,True,True,0.6486486486486487,0.6265527950310559,0.09692671394799057,0.24866310160427807,0.46,0.2631993695823483,,0.6120420002844185
compas_core,3007,iid,B1,4,3,296,74,True,True,0.6756756756756757,0.6442307692307692,0.26363636363636367,0.14047619047619042,0.32173913043478264,0.040909090909090895,,0.6081669998820871
compas_core,3007,iid,B1,4,4,295,74,True,False,0.527027027027027,0.5067606170253285,0.1486590038314176,0.0935672514619883,0.2027972027972028,0.0406130268199234,,0.5976669781375676
compas_core,3007,iid,B1,4,5,295,74,True,True,0.7027027027027027,0.6916666666666667,0.09312638580931265,0.052631578947368474,0.052631578947368474,0.04434589800443456,,0.5926250014454126
compas_core,3007,iid,B1,4,6,295,74,True,True,0.7972972972972973,0.7860034702139965,0.2344720496894409,0.05980861244019142,0.41666666666666663,0.13354037267080743,,0.6321670080069453
compas_core,3007,iid,B1,4,7,295,74,True,True,0.6756756756756757,0.6501182033096926,0.19227738376674552,0.21739130434782605,0.21739130434782605,0.1607565011820331,,0.5942090065218508
compas_core,3007,iid,B1,4,8,295,74,True,True,0.7432432432432432,0.7251221896383186,0.09077380952380953,0.007936507936507908,0.14285714285714285,0.04315476190476186,,0.5977090040687472
compas_core,3007,iid,B1,4,9,295,74,True,False,0.5945945945945946,0.5795454545454546,0.31060606060606066,0.2979797979797979,0.2979797979797979,0.06515151515151507,,0.6026659975759685
compas_core,3007,iid,B1,5,0,296,74,True,True,0.7297297297297297,0.7084318360914106,0.17888100866824264,0.025000000000000022,0.40217391304347827,0.19227738376674552,,0.6100829923525453
compas_core,3007,iid,B1,5,1,296,74,True,True,0.6891891891891891,0.6792915017900886,0.26488095238095233,0.0888888888888888,0.3961038961038961,0.11309523809523814,,0.6393750081770122
compas_core,3007,iid,B1,5,2,296,74,True,True,0.6486486486486487,0.6265527950310559,0.09692671394799057,0.24866310160427807,0.46,0.2631993695823483,,0.6019999855197966
compas_core,3007,iid,B1,5,3,296,74,True,True,0.6756756756756757,0.6442307692307692,0.26363636363636367,0.14047619047619042,0.32173913043478264,0.040909090909090895,,0.6106669898144901
compas_core,3007,iid,B1,5,4,295,74,True,False,0.527027027027027,0.5067606170253285,0.1486590038314176,0.0935672514619883,0.2027972027972028,0.0406130268199234,,0.5974590021651238
compas_core,3007,iid,B1,5,5,295,74,True,True,0.7027027027027027,0.6916666666666667,0.09312638580931265,0.052631578947368474,0.052631578947368474,0.04434589800443456,,0.594666984397918
compas_core,3007,iid,B1,5,6,295,74,True,True,0.7972972972972973,0.7860034702139965,0.2344720496894409,0.05980861244019142,0.41666666666666663,0.13354037267080743,,0.5946250166743994
compas_core,3007,iid,B1,5,7,295,74,True,True,0.6756756756756757,0.6501182033096926,0.19227738376674552,0.21739130434782605,0.21739130434782605,0.1607565011820331,,0.5936660163570195
compas_core,3007,iid,B1,5,8,295,74,True,True,0.7432432432432432,0.7251221896383186,0.09077380952380953,0.007936507936507908,0.14285714285714285,0.04315476190476186,,0.5933750071562827
compas_core,3007,iid,B1,5,9,295,74,True,False,0.5945945945945946,0.5795454545454546,0.31060606060606066,0.2979797979797979,0.2979797979797979,0.06515151515151507,,0.6169170083012432
compas_core,3007,iid,B3,1,0,296,74,True,True,0.6891891891891891,0.6559531028906408,0.12608353033884945,0.025000000000000022,0.2789855072463768,0.13947990543735223,,0.6887920026201755
compas_core,3007,iid,B3,1,1,296,74,True,True,0.7702702702702703,0.7698920797512347,0.22767857142857145,0.08333333333333337,0.2922077922077922,0.09077380952380953,,0.6320829852484167
compas_core,3007,iid,B3,1,2,296,74,True,True,0.6756756756756757,0.6597701149425287,0.13947990543735223,0.24866310160427807,0.54,0.30575256107171006,,0.6173340079840273
compas_core,3007,iid,B3,1,3,296,74,True,True,0.6756756756756757,0.6442307692307692,0.26363636363636367,0.14047619047619042,0.32173913043478264,0.040909090909090895,,0.6202500080689788
compas_core,3007,iid,B3,1,4,295,74,True,False,0.527027027027027,0.5199258572752549,0.16858237547892718,0.03508771929824561,0.31818181818181823,0.07279693486590039,,0.6156250019557774
compas_core,3007,iid,B3,1,5,295,74,True,False,0.6756756756756757,0.6747252747252748,0.2823355506282336,0.26315789473684204,0.26315789473684204,0.03843311160384333,,0.626583001576364
compas_core,3007,iid,B3,1,6,295,74,True,True,0.7297297297297297,0.6916666666666667,0.15372670807453426,0.052631578947368474,0.2777777777777778,0.024844720496894346,,0.6300829991232604
compas_core,3007,iid,B3,1,7,295,74,True,True,0.6621621621621622,0.6325719960278053,0.17100078802206464,0.21739130434782605,0.21739130434782605,0.182033096926714,,0.608125003054738
compas_core,3007,iid,B3,1,8,295,74,True,True,0.6891891891891891,0.6821661998132587,0.22619047619047616,0.17460317460317454,0.23809523809523808,0.0029761904761904656,,0.5991249927319586
compas_core,3007,iid,B3,1,9,295,74,True,False,0.5945945945945946,0.5747126436781609,0.3212121212121213,0.3535353535353535,0.3535353535353535,0.12121212121212122,,0.6021250155754387
compas_core,3007,iid,B3,2,0,296,74,True,True,0.6891891891891891,0.6559531028906408,0.18439716312056742,0.025000000000000022,0.40579710144927533,0.1977935382190701,,0.6161250057630241
compas_core,3007,iid,B3,2,1,296,74,True,True,0.6891891891891891,0.6792915017900886,0.26488095238095233,0.0888888888888888,0.3961038961038961,0.11309523809523814,,0.6104579952079803
compas_core,3007,iid,B3,2,2,296,74,True,True,0.6621621621621622,0.6433391170233276,0.11820330969267145,0.24866310160427807,0.5,0.2844759653270292,,0.6129579851403832
compas_core,3007,iid,B3,2,3,296,74,True,True,0.6621621621621622,0.6260359814028704,0.24090909090909096,0.14047619047619042,0.27826086956521745,0.0636363636363636,,0.6027500203344971
compas_core,3007,iid,B3,2,4,295,74,True,False,0.5,0.4840776333144903,0.07969348659003828,0.01754385964912286,0.2027972027972028,0.028352490421455878,,0.6067909998819232
compas_core,3007,iid,B3,2,5,295,74,True,True,0.7027027027027027,0.6916666666666667,0.09312638580931265,0.052631578947368474,0.052631578947368474,0.04434589800443456,,0.6450829969253391
compas_core,3007,iid,B3,2,6,295,74,True,True,0.7567567567567568,0.7331730769230769,0.12577639751552794,0.10526315789473684,0.24999999999999994,0.06832298136645965,,0.5988749908283353
compas_core,3007,iid,B3,2,7,295,74,True,True,0.6756756756756757,0.6442307692307692,0.14972419227738376,0.17391304347826086,0.17391304347826086,0.1607565011820331,,0.5983339797239751
compas_core,3007,iid,B3,2,8,295,74,True,True,0.7297297297297297,0.7127329192546584,0.11458333333333337,0.03968253968253965,0.14285714285714285,0.019345238095238138,,0.592124997638166
compas_core,3007,iid,B3,2,9,295,74,True,False,0.581081081081081,0.5577405051089261,0.29848484848484846,0.3535353535353535,0.3535353535353535,0.14393939393939392,,0.6052500102669001
compas_core,3007,iid,B3,3,0,296,74,True,True,0.6891891891891891,0.6559531028906408,0.18439716312056742,0.025000000000000022,0.40579710144927533,0.1977935382190701,,0.6079589948058128
compas_core,3007,iid,B3,3,1,296,74,True,True,0.6891891891891891,0.6792915017900886,0.26488095238095233,0.0888888888888888,0.3961038961038961,0.11309523809523814,,0.6014999817125499
compas_core,3007,iid,B3,3,2,296,74,True,True,0.6486486486486487,0.6265527950310559,0.09692671394799057,0.24866310160427807,0.46,0.2631993695823483,,0.5996669933665544
compas_core,3007,iid,B3,3,3,296,74,True,True,0.6621621621621622,0.6260359814028704,0.24090909090909096,0.14047619047619042,0.27826086956521745,0.0636363636363636,,0.59908302500844
compas_core,3007,iid,B3,3,4,295,74,True,False,0.527027027027027,0.5067606170253285,0.1486590038314176,0.0935672514619883,0.2027972027972028,0.0406130268199234,,0.5953750223852694
compas_core,3007,iid,B3,3,5,295,74,True,True,0.7027027027027027,0.6916666666666667,0.09312638580931265,0.052631578947368474,0.052631578947368474,0.04434589800443456,,0.6153750000521541
compas_core,3007,iid,B3,3,6,295,74,True,True,0.7837837837837838,0.7701863354037267,0.21273291925465831,0.05980861244019142,0.37499999999999994,0.11180124223602483,,0.5956669920124114
compas_core,3007,iid,B3,3,7,295,74,True,True,0.6756756756756757,0.6442307692307692,0.14972419227738376,0.17391304347826086,0.17391304347826086,0.1607565011820331,,0.6016660190653056
compas_core,3007,iid,B3,3,8,295,74,True,True,0.7432432432432432,0.7251221896383186,0.09077380952380953,0.007936507936507908,0.14285714285714285,0.04315476190476186,,0.5926669982727617
compas_core,3007,iid,B3,3,9,295,74,True,False,0.5675675675675675,0.5463601532567051,0.26515151515151514,0.2979797979797979,0.2979797979797979,0.1106060606060606,,0.5951249913778156
compas_core,3007,iid,B3,4,0,296,74,True,True,0.7027027027027027,0.6738782051282051,0.16312056737588654,0.025000000000000022,0.36231884057971014,0.1765169424743892,,0.64825001754798
compas_core,3007,iid,B3,4,1,296,74,True,True,0.6756756756756757,0.6636363636363636,0.2410714285714286,0.0888888888888888,0.35064935064935066,0.0892857142857143,,0.6166659877635539
compas_core,3007,iid,B3,4,2,296,74,True,True,0.6486486486486487,0.6265527950310559,0.09692671394799057,0.24866310160427807,0.46,0.2631993695823483,,0.6082080071792006
compas_core,3007,iid,B3,4,3,296,74,True,True,0.6621621621621622,0.6260359814028704,0.24090909090909096,0.14047619047619042,0.27826086956521745,0.0636363636363636,,0.6064579938538373
compas_core,3007,iid,B3,4,4,295,74,True,False,0.527027027027027,0.5067606170253285,0.1486590038314176,0.0935672514619883,0.2027972027972028,0.0406130268199234,,0.610582996159792
compas_core,3007,iid,B3,4,5,295,74,True,True,0.7027027027027027,0.6916666666666667,0.09312638580931265,0.052631578947368474,0.052631578947368474,0.04434589800443456,,0.6340410036500543
compas_core,3007,iid,B3,4,6,295,74,True,True,0.7837837837837838,0.7701863354037267,0.21273291925465831,0.05980861244019142,0.37499999999999994,0.11180124223602483,,0.5935000081080943
compas_core,3007,iid,B3,4,7,295,74,True,True,0.6891891891891891,0.6619662363455809,0.17100078802206464,0.17391304347826086,0.17391304347826086,0.13947990543735223,,0.616749981418252
compas_core,3007,iid,B3,4,8,295,74,True,True,0.7432432432432432,0.7251221896383186,0.09077380952380953,0.007936507936507908,0.14285714285714285,0.04315476190476186,,0.6167090032249689
compas_core,3007,iid,B3,4,9,295,74,True,False,0.5675675675675675,0.5463601532567051,0.26515151515151514,0.2979797979797979,0.2979797979797979,0.1106060606060606,,0.6147919921204448
compas_core,3007,iid,B3,5,0,296,74,True,True,0.7027027027027027,0.6738782051282051,0.16312056737588654,0.025000000000000022,0.36231884057971014,0.1765169424743892,,0.6517919828183949
compas_core,3007,iid,B3,5,1,296,74,True,True,0.6756756756756757,0.6636363636363636,0.2410714285714286,0.0888888888888888,0.35064935064935066,0.0892857142857143,,0.5995829997118562
compas_core,3007,iid,B3,5,2,296,74,True,True,0.6486486486486487,0.6265527950310559,0.09692671394799057,0.24866310160427807,0.46,0.2631993695823483,,0.6237920024432242
compas_core,3007,iid,B3,5,3,296,74,True,True,0.6756756756756757,0.6442307692307692,0.26363636363636367,0.14047619047619042,0.32173913043478264,0.040909090909090895,,0.6065409979782999
compas_core,3007,iid,B3,5,4,295,74,True,False,0.527027027027027,0.5067606170253285,0.1486590038314176,0.0935672514619883,0.2027972027972028,0.0406130268199234,,0.6061669846531004
compas_core,3007,iid,B3,5,5,295,74,True,True,0.7027027027027027,0.6916666666666667,0.09312638580931265,0.052631578947368474,0.052631578947368474,0.04434589800443456,,0.6047920032870024
compas_core,3007,iid,B3,5,6,295,74,True,True,0.7972972972972973,0.7860034702139965,0.2344720496894409,0.05980861244019142,0.41666666666666663,0.13354037267080743,,0.6013749807607383
compas_core,3007,iid,B3,5,7,295,74,True,True,0.6891891891891891,0.6619662363455809,0.17100078802206464,0.17391304347826086,0.17391304347826086,0.13947990543735223,,0.5932920030318201
compas_core,3007,iid,B3,5,8,295,74,True,True,0.7432432432432432,0.7251221896383186,0.09077380952380953,0.007936507936507908,0.14285714285714285,0.04315476190476186,,0.6422080041375011
compas_core,3007,iid,B3,5,9,295,74,True,False,0.5675675675675675,0.5463601532567051,0.26515151515151514,0.2979797979797979,0.2979797979797979,0.1106060606060606,,0.6705000123474747
compas_core,3007,joint_dirichlet_0.3,B0,1,0,272,69,True,True,0.9130434782608695,0.4772727272727273,0.0,0.0,0.0,0.10858585858585856,,0.6988329987507313
compas_core,3007,joint_dirichlet_0.3,B0,1,1,93,24,True,True,0.7083333333333334,0.5872235872235873,0.18181818181818182,0.2857142857142857,0.2857142857142857,0.30069930069930073,,1.410875003784895
compas_core,3007,joint_dirichlet_0.3,B0,1,2,676,169,True,True,0.6331360946745562,0.4529030910609858,0.04575163398692805,0.022471910112359605,0.078125,0.33619281045751637,,1.053957996191457
compas_core,3007,joint_dirichlet_0.3,B0,1,3,168,42,True,False,0.9523809523809523,0.4878048780487805,,,,,"comparison_groups,subgroup_accuracy_gap",0.7091249863151461
compas_core,3007,joint_dirichlet_0.3,B0,1,4,202,51,True,False,0.9803921568627451,0.49504950495049505,,,,,"comparison_groups,subgroup_accuracy_gap",0.6719579978380352
compas_core,3007,joint_dirichlet_0.3,B0,1,5,288,73,True,False,0.8904109589041096,0.47101449275362317,,,,,"comparison_groups,subgroup_accuracy_gap",0.7199580140877515
compas_core,3007,joint_dirichlet_0.3,B0,1,6,139,35,True,False,0.8285714285714286,0.453125,,,,,"comparison_groups,subgroup_accuracy_gap",0.5966250027995557
compas_core,3007,joint_dirichlet_0.3,B0,1,7,288,73,True,False,0.8904109589041096,0.47101449275362317,,,,,"comparison_groups,subgroup_accuracy_gap",0.6048749783076346
compas_core,3007,joint_dirichlet_0.3,B0,1,8,664,167,True,True,0.9640718562874252,0.49085365853658536,0.0,0.0,0.0,0.0143700787401575,,0.6828750192653388
compas_core,3007,joint_dirichlet_0.3,B0,1,9,160,41,True,False,1.0,1.0,,,,,"comparison_groups,subgroup_accuracy_gap",0.5882499972358346
compas_core,3007,joint_dirichlet_0.3,B0,2,0,272,69,True,True,0.9130434782608695,0.4772727272727273,0.0,0.0,0.0,0.10858585858585856,,0.6356670055538416
compas_core,3007,joint_dirichlet_0.3,B0,2,1,93,24,True,True,0.625,0.5901328273244781,0.27972027972027974,0.7142857142857143,0.7142857142857143,0.14685314685314688,,0.580541993258521
compas_core,3007,joint_dirichlet_0.3,B0,2,2,676,169,True,True,0.6686390532544378,0.5491615853658537,0.026960784313725505,0.032958801498127355,0.8125,0.2969771241830066,,0.6604999944102019
compas_core,3007,joint_dirichlet_0.3,B0,2,3,168,42,True,False,0.9523809523809523,0.4878048780487805,,,,,"comparison_groups,subgroup_accuracy_gap",0.5706670053768903
compas_core,3007,joint_dirichlet_0.3,B0,2,4,202,51,True,False,0.9803921568627451,0.49504950495049505,,,,,"comparison_groups,subgroup_accuracy_gap",0.593625009059906
compas_core,3007,joint_dirichlet_0.3,B0,2,5,288,73,True,False,0.8904109589041096,0.47101449275362317,,,,,"comparison_groups,subgroup_accuracy_gap",0.597208010731265
compas_core,3007,joint_dirichlet_0.3,B0,2,6,139,35,True,False,0.8285714285714286,0.453125,,,,,"comparison_groups,subgroup_accuracy_gap",0.5875829956494272
compas_core,3007,joint_dirichlet_0.3,B0,2,7,288,73,True,False,0.9315068493150684,0.7542087542087541,,,,,"comparison_groups,subgroup_accuracy_gap",0.6156250019557774
compas_core,3007,joint_dirichlet_0.3,B0,2,8,664,167,True,True,0.9580838323353293,0.4892966360856269,0.007874015748031482,0.008196721311475419,0.008196721311475419,0.02224409448818898,,0.6932090036571026
compas_core,3007,joint_dirichlet_0.3,B0,2,9,160,41,True,False,0.9512195121951219,0.4875,,,,,"comparison_groups,subgroup_accuracy_gap",0.6155410083010793
compas_core,3007,joint_dirichlet_0.3,B0,3,0,272,69,True,True,0.8840579710144928,0.56875,0.053030303030303025,0.2,0.2,0.10606060606060608,,0.6561659974977374
compas_core,3007,joint_dirichlet_0.3,B0,3,1,93,24,True,True,0.6666666666666666,0.6571428571428571,0.1748251748251748,0.4285714285714286,0.45454545454545453,0.11188811188811187,,0.5899999814573675
compas_core,3007,joint_dirichlet_0.3,B0,3,2,676,169,True,True,0.6686390532544378,0.5633074935400517,0.06985294117647056,0.0883895131086142,0.78125,0.2279411764705882,,0.6603749934583902
compas_core,3007,joint_dirichlet_0.3,B0,3,3,168,42,True,False,0.9523809523809523,0.4878048780487805,,,,,"comparison_groups,subgroup_accuracy_gap",0.5662080075126141
compas_core,3007,joint_dirichlet_0.3,B0,3,4,202,51,True,False,0.9411764705882353,0.48484848484848486,,,,,"comparison_groups,subgroup_accuracy_gap",0.588875001994893
compas_core,3007,joint_dirichlet_0.3,B0,3,5,288,73,True,False,0.8904109589041096,0.5705882352941176,,,,,"comparison_groups,subgroup_accuracy_gap",0.604083004873246
compas_core,3007,joint_dirichlet_0.3,B0,3,6,139,35,True,False,0.8571428571428571,0.6031746031746031,,,,,"comparison_groups,subgroup_accuracy_gap",0.5760419880971313
compas_core,3007,joint_dirichlet_0.3,B0,3,7,288,73,True,False,0.9315068493150684,0.7542087542087541,,,,,"comparison_groups,subgroup_accuracy_gap",0.5927910096943378
compas_core,3007,joint_dirichlet_0.3,B0,3,8,664,167,True,True,0.9221556886227545,0.4797507788161994,0.02224409448818898,0.023539302227826853,0.023539302227826853,0.03661417322834637,,0.6586659874301404
compas_core,3007,joint_dirichlet_0.3,B0,3,9,160,41,True,False,0.9512195121951219,0.4875,,,,,"comparison_groups,subgroup_accuracy_gap",0.5817920027766377
compas_core,3007,joint_dirichlet_0.3,B0,4,0,272,69,True,True,0.855072463768116,0.5436507936507936,0.10858585858585859,0.2,0.2,0.16161616161616166,,0.6143339851405472
compas_core,3007,joint_dirichlet_0.3,B0,4,1,93,24,True,True,0.625,0.6190476190476191,0.2517482517482518,0.4285714285714286,0.5454545454545454,0.18881118881118886,,0.5726249946746975
compas_core,3007,joint_dirichlet_0.3,B0,4,2,676,169,True,True,0.6745562130177515,0.5743462929889637,0.06331699346405228,0.0883895131086142,0.765625,0.22140522875816993,,0.692833011271432
compas_core,3007,joint_dirichlet_0.3,B0,4,3,168,42,True,False,0.9047619047619048,0.475,,,,,"comparison_groups,subgroup_accuracy_gap",0.5713330174330622
compas_core,3007,joint_dirichlet_0.3,B0,4,4,202,51,True,False,0.9411764705882353,0.48484848484848486,,,,,"comparison_groups,subgroup_accuracy_gap",0.5876249924767762
compas_core,3007,joint_dirichlet_0.3,B0,4,5,288,73,True,False,0.9041095890410958,0.655892255892256,,,,,"comparison_groups,subgroup_accuracy_gap",0.6070829986128956
compas_core,3007,joint_dirichlet_0.3,B0,4,6,139,35,True,False,0.8857142857142857,0.717741935483871,,,,,"comparison_groups,subgroup_accuracy_gap",0.5764999950770289
compas_core,3007,joint_dirichlet_0.3,B0,4,7,288,73,True,False,0.9041095890410958,0.7044534412955465,,,,,"comparison_groups,subgroup_accuracy_gap",0.5969580088276416
compas_core,3007,joint_dirichlet_0.3,B0,4,8,664,167,True,True,0.9221556886227545,0.6372598162071846,0.06948818897637798,0.048129466162253,0.6,0.03661417322834637,,0.6588749820366502
compas_core,3007,joint_dirichlet_0.3,B0,4,9,160,41,True,False,0.9512195121951219,0.4875,,,,,"comparison_groups,subgroup_accuracy_gap",0.5832499882671982
compas_core,3007,joint_dirichlet_0.3,B0,5,0,272,69,True,True,0.7971014492753623,0.5051229508196722,0.1616161616161616,0.2,0.2,0.21464646464646464,,0.6107079971116036
compas_core,3007,joint_dirichlet_0.3,B0,5,1,93,24,True,True,0.625,0.6190476190476191,0.2517482517482518,0.4285714285714286,0.5454545454545454,0.18881118881118886,,0.5734169972129166
compas_core,3007,joint_dirichlet_0.3,B0,5,2,676,169,True,True,0.6745562130177515,0.5743462929889637,0.06331699346405228,0.0883895131086142,0.765625,0.22140522875816993,,0.6620829808525741
compas_core,3007,joint_dirichlet_0.3,B0,5,3,168,42,True,False,0.8571428571428571,0.5855263157894737,,,,,"comparison_groups,subgroup_accuracy_gap",0.5773750017397106
compas_core,3007,joint_dirichlet_0.3,B0,5,4,202,51,True,False,0.9411764705882353,0.48484848484848486,,,,,"comparison_groups,subgroup_accuracy_gap",0.5942920106463134
compas_core,3007,joint_dirichlet_0.3,B0,5,5,288,73,True,False,0.8904109589041096,0.6368159203980099,,,,,"comparison_groups,subgroup_accuracy_gap",0.6141659978311509
compas_core,3007,joint_dirichlet_0.3,B0,5,6,139,35,True,False,0.8857142857142857,0.717741935483871,,,,,"comparison_groups,subgroup_accuracy_gap",0.5887919978704304
compas_core,3007,joint_dirichlet_0.3,B0,5,7,288,73,True,False,0.9041095890410958,0.7044534412955465,,,,,"comparison_groups,subgroup_accuracy_gap",0.5992079968564212
compas_core,3007,joint_dirichlet_0.3,B0,5,8,664,167,True,True,0.9221556886227545,0.6372598162071846,0.06948818897637798,0.048129466162253,0.6,0.03661417322834637,,0.6510420062113553
compas_core,3007,joint_dirichlet_0.3,B0,5,9,160,41,True,False,0.9512195121951219,0.4875,,,,,"comparison_groups,subgroup_accuracy_gap",0.5777920014224946
compas_core,3007,joint_dirichlet_0.3,B1,1,0,272,69,True,True,0.9130434782608695,0.4772727272727273,0.0,0.0,0.0,0.10858585858585856,,0.7163750124163926
compas_core,3007,joint_dirichlet_0.3,B1,1,1,93,24,True,True,0.7083333333333334,0.5872235872235873,0.18181818181818182,0.2857142857142857,0.2857142857142857,0.30069930069930073,,0.6350830080918968
compas_core,3007,joint_dirichlet_0.3,B1,1,2,676,169,True,True,0.6331360946745562,0.4529030910609858,0.04575163398692805,0.022471910112359605,0.078125,0.33619281045751637,,0.7284590101335198
compas_core,3007,joint_dirichlet_0.3,B1,1,3,168,42,True,False,0.9523809523809523,0.4878048780487805,,,,,"comparison_groups,subgroup_accuracy_gap",0.5747079849243164
compas_core,3007,joint_dirichlet_0.3,B1,1,4,202,51,True,False,0.9803921568627451,0.49504950495049505,,,,,"comparison_groups,subgroup_accuracy_gap",0.6179579941090196
compas_core,3007,joint_dirichlet_0.3,B1,1,5,288,73,True,False,0.8904109589041096,0.47101449275362317,,,,,"comparison_groups,subgroup_accuracy_gap",0.6107500230427831
compas_core,3007,joint_dirichlet_0.3,B1,1,6,139,35,True,False,0.8285714285714286,0.453125,,,,,"comparison_groups,subgroup_accuracy_gap",0.5984170129522681
compas_core,3007,joint_dirichlet_0.3,B1,1,7,288,73,True,False,0.8904109589041096,0.47101449275362317,,,,,"comparison_groups,subgroup_accuracy_gap",0.6403339793905616
compas_core,3007,joint_dirichlet_0.3,B1,1,8,664,167,True,True,0.9640718562874252,0.49085365853658536,0.0,0.0,0.0,0.0143700787401575,,0.6729589949827641
compas_core,3007,joint_dirichlet_0.3,B1,1,9,160,41,True,False,1.0,1.0,,,,,"comparison_groups,subgroup_accuracy_gap",0.5852089961990714
compas_core,3007,joint_dirichlet_0.3,B1,2,0,272,69,True,True,0.9130434782608695,0.4772727272727273,0.0,0.0,0.0,0.10858585858585856,,0.6576250016223639
compas_core,3007,joint_dirichlet_0.3,B1,2,1,93,24,True,True,0.625,0.5901328273244781,0.27972027972027974,0.7142857142857143,0.7142857142857143,0.14685314685314688,,0.5787499831058085
compas_core,3007,joint_dirichlet_0.3,B1,2,2,676,169,True,True,0.6686390532544378,0.5491615853658537,0.026960784313725505,0.032958801498127355,0.8125,0.2969771241830066,,0.6632500153500587
compas_core,3007,joint_dirichlet_0.3,B1,2,3,168,42,True,False,0.9523809523809523,0.4878048780487805,,,,,"comparison_groups,subgroup_accuracy_gap",0.5666249780915678
compas_core,3007,joint_dirichlet_0.3,B1,2,4,202,51,True,False,0.9803921568627451,0.49504950495049505,,,,,"comparison_groups,subgroup_accuracy_gap",0.5958340188954026
compas_core,3007,joint_dirichlet_0.3,B1,2,5,288,73,True,False,0.8904109589041096,0.47101449275362317,,,,,"comparison_groups,subgroup_accuracy_gap",0.6172080175019801
compas_core,3007,joint_dirichlet_0.3,B1,2,6,139,35,True,False,0.8285714285714286,0.453125,,,,,"comparison_groups,subgroup_accuracy_gap",0.5770410061813891
compas_core,3007,joint_dirichlet_0.3,B1,2,7,288,73,True,False,0.9315068493150684,0.7542087542087541,,,,,"comparison_groups,subgroup_accuracy_gap",0.610999995842576
compas_core,3007,joint_dirichlet_0.3,B1,2,8,664,167,True,True,0.9580838323353293,0.4892966360856269,0.007874015748031482,0.008196721311475419,0.008196721311475419,0.02224409448818898,,0.6566669908352196
compas_core,3007,joint_dirichlet_0.3,B1,2,9,160,41,True,False,0.9512195121951219,0.4875,,,,,"comparison_groups,subgroup_accuracy_gap",0.5792079900857061
compas_core,3007,joint_dirichlet_0.3,B1,3,0,272,69,True,True,0.8840579710144928,0.56875,0.053030303030303025,0.2,0.2,0.10606060606060608,,0.6069579976610839
compas_core,3007,joint_dirichlet_0.3,B1,3,1,93,24,True,True,0.6666666666666666,0.6571428571428571,0.1748251748251748,0.4285714285714286,0.45454545454545453,0.11188811188811187,,0.5895419744774699
compas_core,3007,joint_dirichlet_0.3,B1,3,2,676,169,True,True,0.6686390532544378,0.5633074935400517,0.06985294117647056,0.0883895131086142,0.78125,0.2279411764705882,,0.6825829914305359
compas_core,3007,joint_dirichlet_0.3,B1,3,3,168,42,True,False,0.9523809523809523,0.4878048780487805,,,,,"comparison_groups,subgroup_accuracy_gap",0.5785000103060156
compas_core,3007,joint_dirichlet_0.3,B1,3,4,202,51,True,False,0.9411764705882353,0.48484848484848486,,,,,"comparison_groups,subgroup_accuracy_gap",0.5912499909754843
compas_core,3007,joint_dirichlet_0.3,B1,3,5,288,73,True,False,0.8904109589041096,0.5705882352941176,,,,,"comparison_groups,subgroup_accuracy_gap",0.6235000037122518
compas_core,3007,joint_dirichlet_0.3,B1,3,6,139,35,True,False,0.8571428571428571,0.6031746031746031,,,,,"comparison_groups,subgroup_accuracy_gap",0.5847089923918247
compas_core,3007,joint_dirichlet_0.3,B1,3,7,288,73,True,False,0.9315068493150684,0.7542087542087541,,,,,"comparison_groups,subgroup_accuracy_gap",0.6154169968795031
compas_core,3007,joint_dirichlet_0.3,B1,3,8,664,167,True,True,0.9221556886227545,0.4797507788161994,0.02224409448818898,0.023539302227826853,0.023539302227826853,0.03661417322834637,,0.6544589996337891
compas_core,3007,joint_dirichlet_0.3,B1,3,9,160,41,True,False,0.9512195121951219,0.4875,,,,,"comparison_groups,subgroup_accuracy_gap",0.6115830037742853
compas_core,3007,joint_dirichlet_0.3,B1,4,0,272,69,True,True,0.855072463768116,0.5436507936507936,0.10858585858585859,0.2,0.2,0.16161616161616166,,0.6086670036893338
compas_core,3007,joint_dirichlet_0.3,B1,4,1,93,24,True,True,0.625,0.6190476190476191,0.2517482517482518,0.4285714285714286,0.5454545454545454,0.18881118881118886,,0.6077910074964166
compas_core,3007,joint_dirichlet_0.3,B1,4,2,676,169,True,True,0.6745562130177515,0.5743462929889637,0.06331699346405228,0.0883895131086142,0.765625,0.22140522875816993,,0.6821659917477518
compas_core,3007,joint_dirichlet_0.3,B1,4,3,168,42,True,False,0.9047619047619048,0.475,,,,,"comparison_groups,subgroup_accuracy_gap",0.5785000103060156
compas_core,3007,joint_dirichlet_0.3,B1,4,4,202,51,True,False,0.9411764705882353,0.48484848484848486,,,,,"comparison_groups,subgroup_accuracy_gap",0.5835829942952842
compas_core,3007,joint_dirichlet_0.3,B1,4,5,288,73,True,False,0.9041095890410958,0.655892255892256,,,,,"comparison_groups,subgroup_accuracy_gap",0.5934170039836317
compas_core,3007,joint_dirichlet_0.3,B1,4,6,139,35,True,False,0.8857142857142857,0.717741935483871,,,,,"comparison_groups,subgroup_accuracy_gap",0.5773750017397106
compas_core,3007,joint_dirichlet_0.3,B1,4,7,288,73,True,False,0.9041095890410958,0.7044534412955465,,,,,"comparison_groups,subgroup_accuracy_gap",0.5987500189803541
compas_core,3007,joint_dirichlet_0.3,B1,4,8,664,167,True,True,0.9221556886227545,0.6372598162071846,0.06948818897637798,0.048129466162253,0.6,0.03661417322834637,,0.6686249980702996
compas_core,3007,joint_dirichlet_0.3,B1,4,9,160,41,True,False,0.9512195121951219,0.4875,,,,,"comparison_groups,subgroup_accuracy_gap",0.5776250036433339
compas_core,3007,joint_dirichlet_0.3,B1,5,0,272,69,True,True,0.7971014492753623,0.5051229508196722,0.1616161616161616,0.2,0.2,0.21464646464646464,,0.6009580101817846
compas_core,3007,joint_dirichlet_0.3,B1,5,1,93,24,True,True,0.625,0.6190476190476191,0.2517482517482518,0.4285714285714286,0.5454545454545454,0.18881118881118886,,0.5940829869359732
compas_core,3007,joint_dirichlet_0.3,B1,5,2,676,169,True,True,0.6745562130177515,0.5743462929889637,0.06331699346405228,0.0883895131086142,0.765625,0.22140522875816993,,0.6926250061951578
compas_core,3007,joint_dirichlet_0.3,B1,5,3,168,42,True,False,0.8571428571428571,0.5855263157894737,,,,,"comparison_groups,subgroup_accuracy_gap",0.5734589940402657
compas_core,3007,joint_dirichlet_0.3,B1,5,4,202,51,True,False,0.9411764705882353,0.48484848484848486,,,,,"comparison_groups,subgroup_accuracy_gap",0.599749997491017
compas_core,3007,joint_dirichlet_0.3,B1,5,5,288,73,True,False,0.8904109589041096,0.6368159203980099,,,,,"comparison_groups,subgroup_accuracy_gap",0.6019579886924475
compas_core,3007,joint_dirichlet_0.3,B1,5,6,139,35,True,False,0.8857142857142857,0.717741935483871,,,,,"comparison_groups,subgroup_accuracy_gap",0.6129170069471002
compas_core,3007,joint_dirichlet_0.3,B1,5,7,288,73,True,False,0.9041095890410958,0.7044534412955465,,,,,"comparison_groups,subgroup_accuracy_gap",0.6224170210771263
compas_core,3007,joint_dirichlet_0.3,B1,5,8,664,167,True,True,0.9221556886227545,0.6372598162071846,0.06948818897637798,0.048129466162253,0.6,0.03661417322834637,,0.6510000093840063
compas_core,3007,joint_dirichlet_0.3,B1,5,9,160,41,True,False,0.9512195121951219,0.4875,,,,,"comparison_groups,subgroup_accuracy_gap",0.5861250101588666
compas_core,3007,joint_dirichlet_0.3,B3,1,0,272,69,True,True,0.9130434782608695,0.4772727272727273,0.0,0.0,0.0,0.10858585858585856,,0.686624989612028
compas_core,3007,joint_dirichlet_0.3,B3,1,1,93,24,True,True,0.7083333333333334,0.5872235872235873,0.18181818181818182,0.2857142857142857,0.2857142857142857,0.30069930069930073,,0.5912079941481352
compas_core,3007,joint_dirichlet_0.3,B3,1,2,676,169,True,True,0.6331360946745562,0.4529030910609858,0.04575163398692805,0.022471910112359605,0.078125,0.33619281045751637,,0.6953749980311841
compas_core,3007,joint_dirichlet_0.3,B3,1,3,168,42,True,False,0.9523809523809523,0.4878048780487805,,,,,"comparison_groups,subgroup_accuracy_gap",0.599041988607496
compas_core,3007,joint_dirichlet_0.3,B3,1,4,202,51,True,False,0.9803921568627451,0.49504950495049505,,,,,"comparison_groups,subgroup_accuracy_gap",0.6147919921204448
compas_core,3007,joint_dirichlet_0.3,B3,1,5,288,73,True,False,0.8904109589041096,0.47101449275362317,,,,,"comparison_groups,subgroup_accuracy_gap",0.6166250095702708
compas_core,3007,joint_dirichlet_0.3,B3,1,6,139,35,True,False,0.8285714285714286,0.453125,,,,,"comparison_groups,subgroup_accuracy_gap",0.6267919961828738
compas_core,3007,joint_dirichlet_0.3,B3,1,7,288,73,True,False,0.8904109589041096,0.47101449275362317,,,,,"comparison_groups,subgroup_accuracy_gap",0.6311250035651028
compas_core,3007,joint_dirichlet_0.3,B3,1,8,664,167,True,True,0.9640718562874252,0.49085365853658536,0.0,0.0,0.0,0.0143700787401575,,0.6822090072091669
compas_core,3007,joint_dirichlet_0.3,B3,1,9,160,41,True,False,1.0,1.0,,,,,"comparison_groups,subgroup_accuracy_gap",0.6113339914008975
compas_core,3007,joint_dirichlet_0.3,B3,2,0,272,69,True,True,0.8840579710144928,0.46923076923076923,0.0025252525252525276,0.0,0.0010080645161290314,0.10606060606060608,,0.6398339755833149
compas_core,3007,joint_dirichlet_0.3,B3,2,1,93,24,True,True,0.625,0.6243478260869566,0.23776223776223776,0.2857142857142857,0.6363636363636364,0.35664335664335667,,0.5914579960517585
compas_core,3007,joint_dirichlet_0.3,B3,2,2,676,169,True,True,0.6331360946745562,0.4414712153518124,0.0326797385620915,0.011235955056179803,0.0625,0.33619281045751637,,0.6620410131290555
compas_core,3007,joint_dirichlet_0.3,B3,2,3,168,42,True,False,0.9523809523809523,0.4878048780487805,,,,,"comparison_groups,subgroup_accuracy_gap",0.5959589907433838
compas_core,3007,joint_dirichlet_0.3,B3,2,4,202,51,True,False,0.9803921568627451,0.49504950495049505,,,,,"comparison_groups,subgroup_accuracy_gap",0.6128340028226376
compas_core,3007,joint_dirichlet_0.3,B3,2,5,288,73,True,False,0.9041095890410958,0.5855636658556367,,,,,"comparison_groups,subgroup_accuracy_gap",0.614582997513935
compas_core,3007,joint_dirichlet_0.3,B3,2,6,139,35,True,False,0.8857142857142857,0.717741935483871,,,,,"comparison_groups,subgroup_accuracy_gap",0.6148340180516243
compas_core,3007,joint_dirichlet_0.3,B3,2,7,288,73,True,False,0.9315068493150684,0.7542087542087541,,,,,"comparison_groups,subgroup_accuracy_gap",0.6346659793052822
compas_core,3007,joint_dirichlet_0.3,B3,2,8,664,167,True,True,0.9640718562874252,0.49085365853658536,0.0,0.0,0.0,0.0143700787401575,,0.6817920075263828
compas_core,3007,joint_dirichlet_0.3,B3,2,9,160,41,True,False,0.975609756097561,0.49382716049382713,,,,,"comparison_groups,subgroup_accuracy_gap",0.5893749766983092
compas_core,3007,joint_dirichlet_0.3,B3,3,0,272,69,True,True,0.782608695652174,0.49684005833738454,0.1893939393939394,0.2,0.2,0.24242424242424243,,0.678624986903742
compas_core,3007,joint_dirichlet_0.3,B3,3,1,93,24,True,True,0.625,0.6243478260869566,0.22377622377622386,0.1428571428571429,0.7272727272727273,0.5244755244755244,,0.604083004873246
compas_core,3007,joint_dirichlet_0.3,B3,3,2,676,169,True,True,0.6331360946745562,0.4414712153518124,0.0326797385620915,0.011235955056179803,0.0625,0.33619281045751637,,0.6972090050112456
compas_core,3007,joint_dirichlet_0.3,B3,3,3,168,42,True,False,0.8571428571428571,0.5855263157894737,,,,,"comparison_groups,subgroup_accuracy_gap",0.58712501777336
compas_core,3007,joint_dirichlet_0.3,B3,3,4,202,51,True,False,0.9803921568627451,0.49504950495049505,,,,,"comparison_groups,subgroup_accuracy_gap",0.6232909800019115
compas_core,3007,joint_dirichlet_0.3,B3,3,5,288,73,True,False,0.863013698630137,0.6490384615384616,,,,,"comparison_groups,subgroup_accuracy_gap",0.663125014398247
compas_core,3007,joint_dirichlet_0.3,B3,3,6,139,35,True,False,0.8857142857142857,0.7666666666666666,,,,,"comparison_groups,subgroup_accuracy_gap",0.6049999792594463
compas_core,3007,joint_dirichlet_0.3,B3,3,7,288,73,True,False,0.8493150684931506,0.6672192291753005,,,,,"comparison_groups,subgroup_accuracy_gap",0.5997080006636679
compas_core,3007,joint_dirichlet_0.3,B3,3,8,664,167,True,True,0.9640718562874252,0.49085365853658536,0.0,0.0,0.0,0.0143700787401575,,0.7444590155500919
compas_core,3007,joint_dirichlet_0.3,B3,3,9,160,41,True,False,0.9512195121951219,0.4875,,,,,"comparison_groups,subgroup_accuracy_gap",0.6257500208448619
compas_core,3007,joint_dirichlet_0.3,B3,4,0,272,69,True,False,0.6521739130434783,0.5316742081447964,0.31313131313131315,0.19999999999999996,0.2973790322580645,0.26010101010101006,,0.667083018925041
compas_core,3007,joint_dirichlet_0.3,B3,4,1,93,24,True,False,0.5416666666666666,0.5343915343915344,0.2097902097902098,0.1428571428571429,0.5681818181818182,0.5104895104895105,,0.5935840017627925
compas_core,3007,joint_dirichlet_0.3,B3,4,2,676,169,True,True,0.6331360946745562,0.4414712153518124,0.0326797385620915,0.011235955056179803,0.0625,0.33619281045751637,,0.6829170160926878
compas_core,3007,joint_dirichlet_0.3,B3,4,3,168,42,True,False,0.6904761904761905,0.47246376811594204,,,,,"comparison_groups,subgroup_accuracy_gap",0.6134170107543468
compas_core,3007,joint_dirichlet_0.3,B3,4,4,202,51,True,False,0.9803921568627451,0.49504950495049505,,,,,"comparison_groups,subgroup_accuracy_gap",0.6171669811010361
compas_core,3007,joint_dirichlet_0.3,B3,4,5,288,73,True,False,0.726027397260274,0.5581113801452784,,,,,"comparison_groups,subgroup_accuracy_gap",0.6279580120462924
compas_core,3007,joint_dirichlet_0.3,B3,4,6,139,35,True,False,0.8285714285714286,0.6982758620689655,,,,,"comparison_groups,subgroup_accuracy_gap",0.610582996159792
compas_core,3007,joint_dirichlet_0.3,B3,4,7,288,73,True,False,0.684931506849315,0.5678249678249678,,,,,"comparison_groups,subgroup_accuracy_gap",0.6003339949529618
compas_core,3007,joint_dirichlet_0.3,B3,4,8,664,167,True,True,0.9580838323353293,0.4892966360856269,0.007874015748031482,0.008196721311475419,0.008196721311475419,0.02224409448818898,,0.6480829906649888
compas_core,3007,joint_dirichlet_0.3,B3,4,9,160,41,True,False,0.9512195121951219,0.4875,,,,,"comparison_groups,subgroup_accuracy_gap",0.6173329893499613
compas_core,3007,joint_dirichlet_0.3,B3,5,0,272,69,True,False,0.2608695652173913,0.2507983819459229,0.19191919191919182,0.19999999999999996,0.21572580645161288,0.13888888888888887,,0.6080000021029264
compas_core,3007,joint_dirichlet_0.3,B3,5,1,93,24,True,False,0.5,0.4666666666666667,0.06293706293706292,0.0,0.06818181818181823,0.4195804195804196,,0.5802910018246621
compas_core,3007,joint_dirichlet_0.3,B3,5,2,676,169,True,True,0.6331360946745562,0.4414712153518124,0.0326797385620915,0.011235955056179803,0.0625,0.33619281045751637,,0.6550410180352628
compas_core,3007,joint_dirichlet_0.3,B3,5,3,168,42,True,False,0.38095238095238093,0.3259259259259259,,,,,"comparison_groups,subgroup_accuracy_gap",0.5754159938078374
compas_core,3007,joint_dirichlet_0.3,B3,5,4,202,51,True,False,0.9803921568627451,0.49504950495049505,,,,,"comparison_groups,subgroup_accuracy_gap",0.596124998992309
compas_core,3007,joint_dirichlet_0.3,B3,5,5,288,73,True,False,0.4520547945205479,0.40261865793780693,,,,,"comparison_groups,subgroup_accuracy_gap",0.621499988483265
compas_core,3007,joint_dirichlet_0.3,B3,5,6,139,35,True,False,0.5714285714285714,0.5333333333333333,,,,,"comparison_groups,subgroup_accuracy_gap",0.6372499919962138
compas_core,3007,joint_dirichlet_0.3,B3,5,7,288,73,True,False,0.5068493150684932,0.4525,,,,,"comparison_groups,subgroup_accuracy_gap",0.5901250115130097
compas_core,3007,joint_dirichlet_0.3,B3,5,8,664,167,True,True,0.9640718562874252,0.49085365853658536,0.0,0.0,0.0,0.0143700787401575,,0.6507499783765525
compas_core,3007,joint_dirichlet_0.3,B3,5,9,160,41,True,False,0.9512195121951219,0.4875,,,,,"comparison_groups,subgroup_accuracy_gap",0.6019170104991645
compas_core,3008,iid,B0,1,0,296,74,True,True,0.6891891891891891,0.6758712626166445,0.11029411764705888,0.007894736842105288,0.14285714285714285,0.0235294117647058,,0.7131250167731196
compas_core,3008,iid,B0,1,1,296,74,True,True,0.7027027027027027,0.6991869918699187,0.09937888198757772,0.008021390374331583,0.12121212121212122,0.03881987577639745,,0.6717090145684779
compas_core,3008,iid,B0,1,2,296,74,True,True,0.7162162162162162,0.7071791972866026,0.21532567049808438,0.13165266106442575,0.20833333333333337,0.013026819923371624,,0.6292919861152768
compas_core,3008,iid,B0,1,3,296,74,True,True,0.6351351351351351,0.6345344796049022,0.11954022988505741,0.018421052631579005,0.18,0.08045977011494254,,0.614582997513935
compas_core,3008,iid,B0,1,4,295,74,True,False,0.5945945945945946,0.5469387755102041,0.2055513878469617,0.11528822055137844,0.275,0.0870217554388597,,0.6289579905569553
compas_core,3008,iid,B0,1,5,295,74,True,False,0.6891891891891891,0.6845227062094532,0.30000000000000004,0.04385964912280704,0.47,0.15000000000000002,,0.6062920147087425
compas_core,3008,iid,B0,1,6,295,74,True,True,0.6891891891891891,0.6672531769305963,0.11180124223602483,0.025252525252525193,0.09999999999999998,0.04037267080745344,,0.6218750204425305
compas_core,3008,iid,B0,1,7,295,74,True,False,0.5945945945945946,0.5626477541371158,0.13782051282051277,0.1647727272727273,0.1647727272727273,0.15064102564102566,,0.6068750226404518
compas_core,3008,iid,B0,1,8,295,74,True,True,0.6756756756756757,0.6214833759590792,0.12727272727272732,0.012077294685990392,0.261904761904762,0.07121212121212128,,0.685916980728507
compas_core,3008,iid,B0,1,9,295,74,True,True,0.6486486486486487,0.6265527950310559,0.07608695652173914,0.14666666666666672,0.3406593406593407,0.23913043478260865,,0.6214159948285669
compas_core,3008,iid,B0,2,0,296,74,True,True,0.7027027027027027,0.6916666666666667,0.1352941176470589,0.007894736842105288,0.19047619047619047,0.04852941176470582,,0.6767920276615769
compas_core,3008,iid,B0,2,1,296,74,True,True,0.6621621621621622,0.6570898980537535,0.13509316770186341,0.03743315508021383,0.17045454545454541,0.03105590062111796,,0.7312500092666596
compas_core,3008,iid,B0,2,2,296,74,True,True,0.7027027027027027,0.6916666666666667,0.249808429118774,0.13165266106442575,0.29166666666666663,0.02145593869731799,,0.7205829897429794
compas_core,3008,iid,B0,2,3,296,74,True,False,0.6081081081081081,0.6045697438732265,0.14406130268199235,0.03421052631578947,0.19999999999999996,0.036015325670498144,,0.6685839907731861
compas_core,3008,iid,B0,2,4,295,74,True,False,0.5945945945945946,0.5375,0.15903975993998498,0.06265664160401008,0.2333333333333334,0.0870217554388597,,0.6270830053836107
compas_core,3008,iid,B0,2,5,295,74,True,True,0.7027027027027027,0.6946736684171042,0.2318181818181818,0.06140350877192979,0.43,0.17272727272727273,,0.6718749937135726
compas_core,3008,iid,B0,2,6,295,74,True,True,0.7297297297297297,0.7196969696969697,0.22049689440993792,0.07070707070707061,0.26666666666666666,0.024844720496894346,,0.6678749923594296
compas_core,3008,iid,B0,2,7,295,74,True,False,0.5945945945945946,0.5626477541371158,0.13782051282051277,0.1647727272727273,0.1647727272727273,0.15064102564102566,,0.7247919857036322
compas_core,3008,iid,B0,2,8,295,74,True,True,0.7027027027027027,0.6738782051282051,0.1515151515151516,0.0748792270531401,0.19047619047619047,0.00454545454545463,,0.7016659947112203
compas_core,3008,iid,B0,2,9,295,74,True,True,0.6486486486486487,0.6265527950310559,0.07608695652173914,0.14666666666666672,0.3406593406593407,0.23913043478260865,,0.668499997118488
compas_core,3008,iid,B0,3,0,296,74,True,True,0.7027027027027027,0.6916666666666667,0.1352941176470589,0.007894736842105288,0.19047619047619047,0.04852941176470582,,0.6098329904489219
compas_core,3008,iid,B0,3,1,296,74,True,True,0.6486486486486487,0.6391597899474869,0.18478260869565222,0.09625668449197855,0.21969696969696967,0.009316770186335366,,0.6253329920582473
compas_core,3008,iid,B0,3,2,296,74,True,True,0.7027027027027027,0.6916666666666667,0.249808429118774,0.13165266106442575,0.29166666666666663,0.02145593869731799,,0.6232919986359775
compas_core,3008,iid,B0,3,3,296,74,True,True,0.6486486486486487,0.6444937176644494,0.1218390804597701,0.0368421052631579,0.09999999999999998,0.010727969348658939,,0.6004589959047735
compas_core,3008,iid,B0,3,4,295,74,True,False,0.5945945945945946,0.5375,0.15903975993998498,0.06265664160401008,0.2333333333333334,0.0870217554388597,,0.6298749940469861
compas_core,3008,iid,B0,3,5,295,74,True,True,0.6891891891891891,0.6792915017900886,0.2090909090909091,0.06140350877192979,0.39,0.15000000000000002,,0.6318749801721424
compas_core,3008,iid,B0,3,6,295,74,True,True,0.7297297297297297,0.7196969696969697,0.22049689440993792,0.07070707070707061,0.26666666666666666,0.024844720496894346,,0.5982080183457583
compas_core,3008,iid,B0,3,7,295,74,True,True,0.6216216216216216,0.5849358974358975,0.09615384615384615,0.07386363636363635,0.07386363636363635,0.10897435897435892,,0.5972909857518971
compas_core,3008,iid,B0,3,8,295,74,True,True,0.7162162162162162,0.6913604766633565,0.1742424242424243,0.0748792270531401,0.23809523809523808,0.027272727272727337,,0.6323330162558705
compas_core,3008,iid,B0,3,9,295,74,True,True,0.6621621621621622,0.6383186705767351,0.05434782608695654,0.18666666666666676,0.3406593406593407,0.26086956521739135,,0.6263749965000898
compas_core,3008,iid,B0,4,0,296,74,True,True,0.7027027027027027,0.6916666666666667,0.1352941176470589,0.007894736842105288,0.19047619047619047,0.04852941176470582,,0.6068329967092723
compas_core,3008,iid,B0,4,1,296,74,True,True,0.7027027027027027,0.6881226053639846,0.2701863354037266,0.2272727272727273,0.2272727272727273,0.07608695652173914,,0.602624990278855
compas_core,3008,iid,B0,4,2,296,74,True,True,0.7162162162162162,0.7040563702151971,0.22758620689655173,0.08403361344537819,0.29166666666666663,0.04367816091954013,,0.6053750112187117
compas_core,3008,iid,B0,4,3,296,74,True,True,0.6621621621621622,0.6570898980537535,0.15632183908045982,0.08947368421052637,0.09999999999999998,0.04521072796934866,,0.6016670085955411
compas_core,3008,iid,B0,4,4,295,74,True,False,0.5945945945945946,0.5375,0.15903975993998498,0.06265664160401008,0.2333333333333334,0.0870217554388597,,0.6198330083861947
compas_core,3008,iid,B0,4,5,295,74,True,True,0.6891891891891891,0.6792915017900886,0.2090909090909091,0.06140350877192979,0.39,0.15000000000000002,,0.5988340126350522
compas_core,3008,iid,B0,4,6,295,74,True,True,0.7432432432432432,0.7350668927831167,0.2422360248447205,0.07070707070707061,0.3083333333333333,0.04658385093167705,,0.5987499898765236
compas_core,3008,iid,B0,4,7,295,74,True,True,0.6216216216216216,0.5849358974358975,0.09615384615384615,0.07386363636363635,0.07386363636363635,0.10897435897435892,,0.6029579963069409
compas_core,3008,iid,B0,4,8,295,74,True,True,0.7162162162162162,0.6913604766633565,0.1742424242424243,0.0748792270531401,0.23809523809523808,0.027272727272727337,,0.592166994465515
compas_core,3008,iid,B0,4,9,295,74,True,True,0.6621621621621622,0.6383186705767351,0.05434782608695654,0.18666666666666676,0.3406593406593407,0.26086956521739135,,0.8636249986011535
compas_core,3008,iid,B0,5,0,296,74,True,True,0.7162162162162162,0.7071791972866026,0.10588235294117654,0.007894736842105288,0.11904761904761907,0.01911764705882346,,0.6505830097012222
compas_core,3008,iid,B0,5,1,296,74,True,True,0.7162162162162162,0.7004048582995952,0.248447204968944,0.18181818181818177,0.21969696969696967,0.05434782608695654,,0.6277920037973672
compas_core,3008,iid,B0,5,2,296,74,True,True,0.7162162162162162,0.7040563702151971,0.22758620689655173,0.08403361344537819,0.29166666666666663,0.04367816091954013,,0.618207996012643
compas_core,3008,iid,B0,5,3,296,74,True,True,0.6621621621621622,0.6570898980537535,0.15632183908045982,0.08947368421052637,0.09999999999999998,0.04521072796934866,,0.6127080123405904
compas_core,3008,iid,B0,5,4,295,74,True,False,0.5945945945945946,0.5469387755102041,0.2055513878469617,0.11528822055137844,0.275,0.0870217554388597,,0.6099999882280827
compas_core,3008,iid,B0,5,5,295,74,True,True,0.6891891891891891,0.6792915017900886,0.2090909090909091,0.06140350877192979,0.39,0.15000000000000002,,0.6096250144764781
compas_core,3008,iid,B0,5,6,295,74,True,True,0.7432432432432432,0.7350668927831167,0.2422360248447205,0.07070707070707061,0.3083333333333333,0.04658385093167705,,0.6137500167824328
compas_core,3008,iid,B0,5,7,295,74,True,True,0.6216216216216216,0.5849358974358975,0.09615384615384615,0.07386363636363635,0.07386363636363635,0.10897435897435892,,0.6048749783076346
compas_core,3008,iid,B0,5,8,295,74,True,True,0.7162162162162162,0.6913604766633565,0.1742424242424243,0.0748792270531401,0.23809523809523808,0.027272727272727337,,0.6070840172469616
compas_core,3008,iid,B0,5,9,295,74,True,True,0.6621621621621622,0.6383186705767351,0.05434782608695654,0.18666666666666676,0.3406593406593407,0.26086956521739135,,0.6432910158764571
compas_core,3008,iid,B1,1,0,296,74,True,True,0.6891891891891891,0.6758712626166445,0.11029411764705888,0.007894736842105288,0.14285714285714285,0.0235294117647058,,0.736541987862438
compas_core,3008,iid,B1,1,1,296,74,True,True,0.7027027027027027,0.6991869918699187,0.09937888198757772,0.008021390374331583,0.12121212121212122,0.03881987577639745,,0.6644999957643449
compas_core,3008,iid,B1,1,2,296,74,True,True,0.7162162162162162,0.7071791972866026,0.21532567049808438,0.13165266106442575,0.20833333333333337,0.013026819923371624,,0.6439999851863831
compas_core,3008,iid,B1,1,3,296,74,True,True,0.6351351351351351,0.6345344796049022,0.11954022988505741,0.018421052631579005,0.18,0.08045977011494254,,0.6416250253096223
compas_core,3008,iid,B1,1,4,295,74,True,False,0.5945945945945946,0.5469387755102041,0.2055513878469617,0.11528822055137844,0.275,0.0870217554388597,,0.6175840098876506
compas_core,3008,iid,B1,1,5,295,74,True,False,0.6891891891891891,0.6845227062094532,0.30000000000000004,0.04385964912280704,0.47,0.15000000000000002,,0.6112090195529163
compas_core,3008,iid,B1,1,6,295,74,True,True,0.6891891891891891,0.6672531769305963,0.11180124223602483,0.025252525252525193,0.09999999999999998,0.04037267080745344,,0.6035830010659993
compas_core,3008,iid,B1,1,7,295,74,True,False,0.5945945945945946,0.5626477541371158,0.13782051282051277,0.1647727272727273,0.1647727272727273,0.15064102564102566,,0.6080419989302754
compas_core,3008,iid,B1,1,8,295,74,True,True,0.6756756756756757,0.6214833759590792,0.12727272727272732,0.012077294685990392,0.261904761904762,0.07121212121212128,,0.6273750041145831
compas_core,3008,iid,B1,1,9,295,74,True,True,0.6486486486486487,0.6265527950310559,0.07608695652173914,0.14666666666666672,0.3406593406593407,0.23913043478260865,,0.6043330067768693
compas_core,3008,iid,B1,2,0,296,74,True,True,0.7027027027027027,0.6916666666666667,0.1352941176470589,0.007894736842105288,0.19047619047619047,0.04852941176470582,,0.6238330097403377
compas_core,3008,iid,B1,2,1,296,74,True,True,0.6621621621621622,0.6570898980537535,0.13509316770186341,0.03743315508021383,0.17045454545454541,0.03105590062111796,,0.6169999833218753
compas_core,3008,iid,B1,2,2,296,74,True,True,0.7027027027027027,0.6916666666666667,0.249808429118774,0.13165266106442575,0.29166666666666663,0.02145593869731799,,0.5993750237394124
compas_core,3008,iid,B1,2,3,296,74,True,False,0.6081081081081081,0.6045697438732265,0.14406130268199235,0.03421052631578947,0.19999999999999996,0.036015325670498144,,0.6039580039214343
compas_core,3008,iid,B1,2,4,295,74,True,False,0.5945945945945946,0.5375,0.15903975993998498,0.06265664160401008,0.2333333333333334,0.0870217554388597,,0.6034169928170741
compas_core,3008,iid,B1,2,5,295,74,True,True,0.7027027027027027,0.6946736684171042,0.2318181818181818,0.06140350877192979,0.43,0.17272727272727273,,0.6332919874694198
compas_core,3008,iid,B1,2,6,295,74,True,True,0.7297297297297297,0.7196969696969697,0.22049689440993792,0.07070707070707061,0.26666666666666666,0.024844720496894346,,0.6126250082161278
compas_core,3008,iid,B1,2,7,295,74,True,False,0.5945945945945946,0.5626477541371158,0.13782051282051277,0.1647727272727273,0.1647727272727273,0.15064102564102566,,0.6187499966472387
compas_core,3008,iid,B1,2,8,295,74,True,True,0.7027027027027027,0.6738782051282051,0.1515151515151516,0.0748792270531401,0.19047619047619047,0.00454545454545463,,0.6099999882280827
compas_core,3008,iid,B1,2,9,295,74,True,True,0.6486486486486487,0.6265527950310559,0.07608695652173914,0.14666666666666672,0.3406593406593407,0.23913043478260865,,0.6133750139269978
compas_core,3008,iid,B1,3,0,296,74,True,True,0.7027027027027027,0.6916666666666667,0.1352941176470589,0.007894736842105288,0.19047619047619047,0.04852941176470582,,0.6332499906420708
compas_core,3008,iid,B1,3,1,296,74,True,True,0.6486486486486487,0.6391597899474869,0.18478260869565222,0.09625668449197855,0.21969696969696967,0.009316770186335366,,0.6161250057630241
compas_core,3008,iid,B1,3,2,296,74,True,True,0.7027027027027027,0.6916666666666667,0.249808429118774,0.13165266106442575,0.29166666666666663,0.02145593869731799,,0.653708993922919
compas_core,3008,iid,B1,3,3,296,74,True,True,0.6486486486486487,0.6444937176644494,0.1218390804597701,0.0368421052631579,0.09999999999999998,0.010727969348658939,,0.651540991384536
compas_core,3008,iid,B1,3,4,295,74,True,False,0.5945945945945946,0.5375,0.15903975993998498,0.06265664160401008,0.2333333333333334,0.0870217554388597,,0.6388750043697655
compas_core,3008,iid,B1,3,5,295,74,True,True,0.6891891891891891,0.6792915017900886,0.2090909090909091,0.06140350877192979,0.39,0.15000000000000002,,0.6073750264476985
compas_core,3008,iid,B1,3,6,295,74,True,True,0.7297297297297297,0.7196969696969697,0.22049689440993792,0.07070707070707061,0.26666666666666666,0.024844720496894346,,0.6183330260682851
compas_core,3008,iid,B1,3,7,295,74,True,True,0.6216216216216216,0.5849358974358975,0.09615384615384615,0.07386363636363635,0.07386363636363635,0.10897435897435892,,0.60374999884516
compas_core,3008,iid,B1,3,8,295,74,True,True,0.7162162162162162,0.6913604766633565,0.1742424242424243,0.0748792270531401,0.23809523809523808,0.027272727272727337,,0.6517079891636968
compas_core,3008,iid,B1,3,9,295,74,True,True,0.6621621621621622,0.6383186705767351,0.05434782608695654,0.18666666666666676,0.3406593406593407,0.26086956521739135,,0.6051670061424375
compas_core,3008,iid,B1,4,0,296,74,True,True,0.7027027027027027,0.6916666666666667,0.1352941176470589,0.007894736842105288,0.19047619047619047,0.04852941176470582,,0.6063749897293746
compas_core,3008,iid,B1,4,1,296,74,True,True,0.7027027027027027,0.6881226053639846,0.2701863354037266,0.2272727272727273,0.2272727272727273,0.07608695652173914,,0.6102089828345925
compas_core,3008,iid,B1,4,2,296,74,True,True,0.7162162162162162,0.7040563702151971,0.22758620689655173,0.08403361344537819,0.29166666666666663,0.04367816091954013,,0.6020409928169101
compas_core,3008,iid,B1,4,3,296,74,True,True,0.6621621621621622,0.6570898980537535,0.15632183908045982,0.08947368421052637,0.09999999999999998,0.04521072796934866,,0.5981250142212957
compas_core,3008,iid,B1,4,4,295,74,True,False,0.5945945945945946,0.5375,0.15903975993998498,0.06265664160401008,0.2333333333333334,0.0870217554388597,,0.5996249965392053
compas_core,3008,iid,B1,4,5,295,74,True,True,0.6891891891891891,0.6792915017900886,0.2090909090909091,0.06140350877192979,0.39,0.15000000000000002,,0.5942499847151339
compas_core,3008,iid,B1,4,6,295,74,True,True,0.7432432432432432,0.7350668927831167,0.2422360248447205,0.07070707070707061,0.3083333333333333,0.04658385093167705,,0.5933750071562827
compas_core,3008,iid,B1,4,7,295,74,True,True,0.6216216216216216,0.5849358974358975,0.09615384615384615,0.07386363636363635,0.07386363636363635,0.10897435897435892,,0.5931249761488289
compas_core,3008,iid,B1,4,8,295,74,True,True,0.7162162162162162,0.6913604766633565,0.1742424242424243,0.0748792270531401,0.23809523809523808,0.027272727272727337,,0.5957500252407044
compas_core,3008,iid,B1,4,9,295,74,True,True,0.6621621621621622,0.6383186705767351,0.05434782608695654,0.18666666666666676,0.3406593406593407,0.26086956521739135,,0.6157919997349381
compas_core,3008,iid,B1,5,0,296,74,True,True,0.7162162162162162,0.7071791972866026,0.10588235294117654,0.007894736842105288,0.11904761904761907,0.01911764705882346,,0.6371669878717512
compas_core,3008,iid,B1,5,1,296,74,True,True,0.7162162162162162,0.7004048582995952,0.248447204968944,0.18181818181818177,0.21969696969696967,0.05434782608695654,,0.6221669900696725
compas_core,3008,iid,B1,5,2,296,74,True,True,0.7162162162162162,0.7040563702151971,0.22758620689655173,0.08403361344537819,0.29166666666666663,0.04367816091954013,,0.6433750095311552
compas_core,3008,iid,B1,5,3,296,74,True,True,0.6621621621621622,0.6570898980537535,0.15632183908045982,0.08947368421052637,0.09999999999999998,0.04521072796934866,,0.6054580153431743
compas_core,3008,iid,B1,5,4,295,74,True,False,0.5945945945945946,0.5469387755102041,0.2055513878469617,0.11528822055137844,0.275,0.0870217554388597,,0.606624991632998
compas_core,3008,iid,B1,5,5,295,74,True,True,0.6891891891891891,0.6792915017900886,0.2090909090909091,0.06140350877192979,0.39,0.15000000000000002,,0.6056250131223351
compas_core,3008,iid,B1,5,6,295,74,True,True,0.7432432432432432,0.7350668927831167,0.2422360248447205,0.07070707070707061,0.3083333333333333,0.04658385093167705,,0.5946670135017484
compas_core,3008,iid,B1,5,7,295,74,True,True,0.6216216216216216,0.5849358974358975,0.09615384615384615,0.07386363636363635,0.07386363636363635,0.10897435897435892,,0.6007909832987934
compas_core,3008,iid,B1,5,8,295,74,True,True,0.7162162162162162,0.6913604766633565,0.1742424242424243,0.0748792270531401,0.23809523809523808,0.027272727272727337,,0.6392909854184836
compas_core,3008,iid,B1,5,9,295,74,True,True,0.6621621621621622,0.6383186705767351,0.05434782608695654,0.18666666666666676,0.3406593406593407,0.26086956521739135,,0.5919999966863543
compas_core,3008,iid,B3,1,0,296,74,True,True,0.6891891891891891,0.6758712626166445,0.11029411764705888,0.007894736842105288,0.14285714285714285,0.0235294117647058,,0.6657919730059803
compas_core,3008,iid,B3,1,1,296,74,True,True,0.7027027027027027,0.6991869918699187,0.09937888198757772,0.008021390374331583,0.12121212121212122,0.03881987577639745,,0.6665830151177943
compas_core,3008,iid,B3,1,2,296,74,True,True,0.7162162162162162,0.7071791972866026,0.21532567049808438,0.13165266106442575,0.20833333333333337,0.013026819923371624,,0.6136669835541397
compas_core,3008,iid,B3,1,3,296,74,True,True,0.6351351351351351,0.6345344796049022,0.11954022988505741,0.018421052631579005,0.18,0.08045977011494254,,0.6075410055927932
compas_core,3008,iid,B3,1,4,295,74,True,False,0.5945945945945946,0.5469387755102041,0.2055513878469617,0.11528822055137844,0.275,0.0870217554388597,,0.6007500051055104
compas_core,3008,iid,B3,1,5,295,74,True,False,0.6891891891891891,0.6845227062094532,0.30000000000000004,0.04385964912280704,0.47,0.15000000000000002,,0.596500001847744
compas_core,3008,iid,B3,1,6,295,74,True,True,0.6891891891891891,0.6672531769305963,0.11180124223602483,0.025252525252525193,0.09999999999999998,0.04037267080745344,,0.60374999884516
compas_core,3008,iid,B3,1,7,295,74,True,False,0.5945945945945946,0.5626477541371158,0.13782051282051277,0.1647727272727273,0.1647727272727273,0.15064102564102566,,0.5963339935988188
compas_core,3008,iid,B3,1,8,295,74,True,True,0.6756756756756757,0.6214833759590792,0.12727272727272732,0.012077294685990392,0.261904761904762,0.07121212121212128,,0.6021670124027878
compas_core,3008,iid,B3,1,9,295,74,True,True,0.6486486486486487,0.6265527950310559,0.07608695652173914,0.14666666666666672,0.3406593406593407,0.23913043478260865,,0.5992920196149498
compas_core,3008,iid,B3,2,0,296,74,True,True,0.7162162162162162,0.7040563702151971,0.11029411764705888,0.044736842105263186,0.19047619047619047,0.07352941176470584,,0.6076249992474914
compas_core,3008,iid,B3,2,1,296,74,True,True,0.6486486486486487,0.6421130952380952,0.1708074534161491,0.03743315508021383,0.26136363636363635,0.06677018633540377,,0.6429160130210221
compas_core,3008,iid,B3,2,2,296,74,True,True,0.7162162162162162,0.7040563702151971,0.22758620689655173,0.08403361344537819,0.29166666666666663,0.04367816091954013,,0.6223749951459467
compas_core,3008,iid,B3,2,3,296,74,True,False,0.6081081081081081,0.6045697438732265,0.14406130268199235,0.03421052631578947,0.19999999999999996,0.036015325670498144,,0.6107499939389527
compas_core,3008,iid,B3,2,4,295,74,True,False,0.5945945945945946,0.5469387755102041,0.2055513878469617,0.11528822055137844,0.275,0.0870217554388597,,0.600500003201887
compas_core,3008,iid,B3,2,5,295,74,True,True,0.7027027027027027,0.6946736684171042,0.2318181818181818,0.06140350877192979,0.43,0.17272727272727273,,0.5934159853495657
compas_core,3008,iid,B3,2,6,295,74,True,True,0.7162162162162162,0.7040563702151971,0.1987577639751552,0.07070707070707061,0.22499999999999998,0.0031055900621117516,,0.6186249956954271
compas_core,3008,iid,B3,2,7,295,74,True,True,0.6216216216216216,0.5849358974358975,0.09615384615384615,0.07386363636363635,0.07386363636363635,0.10897435897435892,,0.6027090130373836
compas_core,3008,iid,B3,2,8,295,74,True,True,0.7027027027027027,0.6738782051282051,0.1515151515151516,0.0748792270531401,0.19047619047619047,0.00454545454545463,,0.5965409800410271
compas_core,3008,iid,B3,2,9,295,74,True,True,0.6621621621621622,0.6383186705767351,0.05434782608695654,0.18666666666666676,0.3406593406593407,0.26086956521739135,,0.5908330203965306
compas_core,3008,iid,B3,3,0,296,74,True,True,0.7027027027027027,0.6916666666666667,0.1352941176470589,0.007894736842105288,0.19047619047619047,0.04852941176470582,,0.6310419994406402
compas_core,3008,iid,B3,3,1,296,74,True,False,0.6756756756756757,0.65527950310559,0.2841614906832298,0.2272727272727273,0.268939393939394,0.06211180124223603,,0.6514170090667903
compas_core,3008,iid,B3,3,2,296,74,True,True,0.7162162162162162,0.7040563702151971,0.22758620689655173,0.08403361344537819,0.29166666666666663,0.04367816091954013,,0.5969159828964621
compas_core,3008,iid,B3,3,3,296,74,True,True,0.6351351351351351,0.6296570898980538,0.15632183908045982,0.0368421052631579,0.19999999999999996,0.023754789272030674,,0.5982079892419279
compas_core,3008,iid,B3,3,4,295,74,True,False,0.5945945945945946,0.5375,0.15903975993998498,0.06265664160401008,0.2333333333333334,0.0870217554388597,,0.611750001553446
compas_core,3008,iid,B3,3,5,295,74,True,True,0.6756756756756757,0.6636363636363636,0.1863636363636364,0.06140350877192979,0.35,0.12727272727272732,,0.5977500113658607
compas_core,3008,iid,B3,3,6,295,74,True,True,0.7297297297297297,0.7196969696969697,0.22049689440993792,0.07070707070707061,0.26666666666666666,0.024844720496894346,,0.6145419902168214
compas_core,3008,iid,B3,3,7,295,74,True,True,0.6216216216216216,0.5849358974358975,0.09615384615384615,0.07386363636363635,0.07386363636363635,0.10897435897435892,,0.5995839892420918
compas_core,3008,iid,B3,3,8,295,74,True,True,0.7162162162162162,0.6913604766633565,0.1742424242424243,0.0748792270531401,0.23809523809523808,0.027272727272727337,,1.2209170090500265
compas_core,3008,iid,B3,3,9,295,74,True,True,0.6621621621621622,0.6383186705767351,0.05434782608695654,0.18666666666666676,0.3406593406593407,0.26086956521739135,,0.8557500259485096
compas_core,3008,iid,B3,4,0,296,74,True,True,0.7027027027027027,0.6916666666666667,0.1352941176470589,0.007894736842105288,0.19047619047619047,0.04852941176470582,,0.6427499756682664
compas_core,3008,iid,B3,4,1,296,74,True,False,0.7027027027027027,0.6840062111801242,0.2841614906832298,0.18181818181818177,0.3106060606060606,0.018633540372670843,,0.6246670091059059
compas_core,3008,iid,B3,4,2,296,74,True,True,0.7162162162162162,0.7040563702151971,0.22758620689655173,0.08403361344537819,0.29166666666666663,0.04367816091954013,,0.6254999898374081
compas_core,3008,iid,B3,4,3,296,74,True,True,0.6621621621621622,0.6570898980537535,0.15632183908045982,0.08947368421052637,0.09999999999999998,0.04521072796934866,,0.6184589874465019
compas_core,3008,iid,B3,4,4,295,74,True,False,0.5945945945945946,0.5375,0.15903975993998498,0.06265664160401008,0.2333333333333334,0.0870217554388597,,0.6325829890556633
compas_core,3008,iid,B3,4,5,295,74,True,True,0.6756756756756757,0.6636363636363636,0.1863636363636364,0.06140350877192979,0.35,0.12727272727272732,,0.6140830228105187
compas_core,3008,iid,B3,4,6,295,74,True,True,0.7432432432432432,0.7350668927831167,0.2422360248447205,0.07070707070707061,0.3083333333333333,0.04658385093167705,,0.6093749834690243
compas_core,3008,iid,B3,4,7,295,74,True,True,0.6216216216216216,0.5849358974358975,0.09615384615384615,0.07386363636363635,0.07386363636363635,0.10897435897435892,,0.6110419926699251
compas_core,3008,iid,B3,4,8,295,74,True,True,0.7162162162162162,0.6913604766633565,0.1742424242424243,0.0748792270531401,0.23809523809523808,0.027272727272727337,,0.6054169789422303
compas_core,3008,iid,B3,4,9,295,74,True,True,0.6621621621621622,0.6383186705767351,0.05434782608695654,0.18666666666666676,0.3406593406593407,0.26086956521739135,,0.6010000070091337
compas_core,3008,iid,B3,5,0,296,74,True,True,0.7027027027027027,0.6916666666666667,0.1352941176470589,0.007894736842105288,0.19047619047619047,0.04852941176470582,,0.614999997196719
compas_core,3008,iid,B3,5,1,296,74,True,False,0.6756756756756757,0.6501182033096926,0.2981366459627329,0.18181818181818177,0.3598484848484849,0.004658385093167738,,0.6177080213092268
compas_core,3008,iid,B3,5,2,296,74,True,True,0.7162162162162162,0.7040563702151971,0.22758620689655173,0.08403361344537819,0.29166666666666663,0.04367816091954013,,0.6063749897293746
compas_core,3008,iid,B3,5,3,296,74,True,True,0.6891891891891891,0.6821661998132587,0.11187739463601543,0.010526315789473717,0.09999999999999998,0.0007662835249042654,,0.6016249826643616
compas_core,3008,iid,B3,5,4,295,74,True,False,0.5945945945945946,0.5375,0.15903975993998498,0.06265664160401008,0.2333333333333334,0.0870217554388597,,0.6040419975761324
compas_core,3008,iid,B3,5,5,295,74,True,True,0.6756756756756757,0.6636363636363636,0.1863636363636364,0.06140350877192979,0.35,0.12727272727272732,,0.6022079905960709
compas_core,3008,iid,B3,5,6,295,74,True,True,0.7432432432432432,0.7350668927831167,0.2422360248447205,0.07070707070707061,0.3083333333333333,0.04658385093167705,,0.600875006057322
compas_core,3008,iid,B3,5,7,295,74,True,True,0.6216216216216216,0.5849358974358975,0.09615384615384615,0.07386363636363635,0.07386363636363635,0.10897435897435892,,0.5995419924147427
compas_core,3008,iid,B3,5,8,295,74,True,True,0.7162162162162162,0.6913604766633565,0.1742424242424243,0.0748792270531401,0.23809523809523808,0.027272727272727337,,0.5972090002615005
compas_core,3008,iid,B3,5,9,295,74,True,True,0.6621621621621622,0.6383186705767351,0.05434782608695654,0.18666666666666676,0.3406593406593407,0.26086956521739135,,0.5979999841656536
compas_core,3008,joint_dirichlet_0.3,B0,1,0,41,11,True,False,1.0,1.0,,,,,"comparison_groups,subgroup_accuracy_gap",0.6563329952768981
compas_core,3008,joint_dirichlet_0.3,B0,1,1,188,47,True,True,0.6808510638297872,0.4050632911392405,0.0,0.0,0.0,0.08727272727272728,,0.6408329936675727
compas_core,3008,joint_dirichlet_0.3,B0,1,2,97,25,False,False,,,,,,,,0.012833013897761703
compas_core,3008,joint_dirichlet_0.3,B0,1,3,697,175,True,False,0.8971428571428571,0.47289156626506024,,,,,"comparison_groups,subgroup_accuracy_gap",0.6858750130049884
compas_core,3008,joint_dirichlet_0.3,B0,1,4,180,45,True,True,0.7555555555555555,0.43037974683544306,0.0,0.0,0.0,0.30528846153846156,,0.6043750036042184
compas_core,3008,joint_dirichlet_0.3,B0,1,5,213,54,True,True,0.6851851851851852,0.5304347826086957,0.1111111111111111,0.15,0.15,0.03703703703703709,,0.6012079829815775
compas_core,3008,joint_dirichlet_0.3,B0,1,6,303,76,True,False,0.7763157894736842,0.48872180451127817,,,,,"comparison_groups,subgroup_accuracy_gap",0.6120420002844185
compas_core,3008,joint_dirichlet_0.3,B0,1,7,1031,258,True,True,0.8178294573643411,0.5217511338986394,0.014143271338660668,0.0,0.08880308880308885,0.04363199207976798,,0.7084169774316251
compas_core,3008,joint_dirichlet_0.3,B0,1,8,43,11,True,False,0.5454545454545454,0.35294117647058826,,,,,"comparison_groups,subgroup_accuracy_gap",0.563917012186721
compas_core,3008,joint_dirichlet_0.3,B0,1,9,159,40,True,True,0.625,0.5636363636363637,0.07070707070707072,0.2647058823529412,0.2647058823529412,0.4797979797979797,,0.5892079789191484
compas_core,3008,joint_dirichlet_0.3,B0,2,0,41,11,True,False,1.0,1.0,,,,,"comparison_groups,subgroup_accuracy_gap",0.569708994589746
compas_core,3008,joint_dirichlet_0.3,B0,2,1,188,47,True,True,0.6808510638297872,0.46142093200916734,0.07999999999999996,0.0625,0.11111111111111116,0.08727272727272728,,0.5996669933665544
compas_core,3008,joint_dirichlet_0.3,B0,2,2,97,25,False,False,,,,,,,,0.012083997717127204
compas_core,3008,joint_dirichlet_0.3,B0,2,3,697,175,True,False,0.88,0.511368169126446,,,,,"comparison_groups,subgroup_accuracy_gap",0.6625000096391886
compas_core,3008,joint_dirichlet_0.3,B0,2,4,180,45,True,True,0.7555555555555555,0.5054945054945055,0.04567307692307687,0.03703703703703709,0.16666666666666663,0.19711538461538458,,0.5899580137338489
compas_core,3008,joint_dirichlet_0.3,B0,2,5,213,54,True,False,0.5925925925925926,0.5278219395866455,0.07407407407407407,0.07500000000000001,0.08049535603715169,0.0,,0.5931670020800084
compas_core,3008,joint_dirichlet_0.3,B0,2,6,303,76,True,False,0.7894736842105263,0.6041666666666666,,,,,"comparison_groups,subgroup_accuracy_gap",0.6018329877406359
compas_core,3008,joint_dirichlet_0.3,B0,2,7,1031,258,True,True,0.8178294573643411,0.5631057467123041,0.0011314617070928845,0.0013001083423618276,0.007722007722007818,0.025387172052895868,,0.6949579983484
compas_core,3008,joint_dirichlet_0.3,B0,2,8,43,11,True,False,0.5454545454545454,0.5299145299145299,,,,,"comparison_groups,subgroup_accuracy_gap",0.549457996385172
compas_core,3008,joint_dirichlet_0.3,B0,2,9,159,40,True,True,0.625,0.6190476190476191,0.02020202020202022,0.02941176470588236,0.375,0.025252525252525193,,0.5939160182606429
compas_core,3008,joint_dirichlet_0.3,B0,3,0,41,11,True,False,0.9090909090909091,0.47619047619047616,,,,,"comparison_groups,subgroup_accuracy_gap",0.5658750014845282
compas_core,3008,joint_dirichlet_0.3,B0,3,1,188,47,True,True,0.7021276595744681,0.5190058479532164,0.034545454545454546,0.0625,0.0625,0.1327272727272727,,0.5924590223003179
compas_core,3008,joint_dirichlet_0.3,B0,3,2,97,25,False,False,,,,,,,,0.01158300437964499
compas_core,3008,joint_dirichlet_0.3,B0,3,3,697,175,True,False,0.8514285714285714,0.5260416666666666,,,,,"comparison_groups,subgroup_accuracy_gap",0.6608749972656369
compas_core,3008,joint_dirichlet_0.3,B0,3,4,180,45,True,True,0.7555555555555555,0.56,0.19951923076923073,0.10582010582010581,0.33333333333333337,0.19711538461538458,,0.5871670146007091
compas_core,3008,joint_dirichlet_0.3,B0,3,5,213,54,True,False,0.5555555555555556,0.5324675324675324,0.14814814814814814,0.22499999999999998,0.22499999999999998,0.0,,0.5884580023121089
compas_core,3008,joint_dirichlet_0.3,B0,3,6,303,76,True,False,0.7763157894736842,0.5930708661417323,,,,,"comparison_groups,subgroup_accuracy_gap",0.5944590084254742
compas_core,3008,joint_dirichlet_0.3,B0,3,7,1031,258,True,True,0.8217054263565892,0.5897400442477876,0.01789123824340577,0.005742145178764924,0.04633204633204624,0.01980057987412487,,0.6925000052433461
compas_core,3008,joint_dirichlet_0.3,B0,3,8,43,11,True,False,0.5454545454545454,0.5299145299145299,,,,,"comparison_groups,subgroup_accuracy_gap",0.550208002096042
compas_core,3008,joint_dirichlet_0.3,B0,3,9,159,40,True,True,0.625,0.6228786926461345,0.08080808080808077,0.2941176470588235,0.2941176470588235,0.1262626262626262,,0.5763749941252172
compas_core,3008,joint_dirichlet_0.3,B0,4,0,41,11,True,False,0.9090909090909091,0.47619047619047616,,,,,"comparison_groups,subgroup_accuracy_gap",0.5642500182148069
compas_core,3008,joint_dirichlet_0.3,B0,4,1,188,47,True,True,0.7021276595744681,0.5190058479532164,0.034545454545454546,0.0625,0.0625,0.1327272727272727,,0.5902090051677078
compas_core,3008,joint_dirichlet_0.3,B0,4,2,97,25,False,False,,,,,,,,0.011500000255182385
compas_core,3008,joint_dirichlet_0.3,B0,4,3,697,175,True,False,0.8457142857142858,0.5483223401204473,,,,,"comparison_groups,subgroup_accuracy_gap",0.6614580051973462
compas_core,3008,joint_dirichlet_0.3,B0,4,4,180,45,True,True,0.7555555555555555,0.56,0.19951923076923073,0.10582010582010581,0.33333333333333337,0.19711538461538458,,0.5844580009579659
compas_core,3008,joint_dirichlet_0.3,B0,4,5,213,54,True,False,0.5740740740740741,0.5619047619047619,0.18518518518518517,0.25,0.25,0.03703703703703698,,0.587791990255937
compas_core,3008,joint_dirichlet_0.3,B0,4,6,303,76,True,False,0.7763157894736842,0.5930708661417323,,,,,"comparison_groups,subgroup_accuracy_gap",0.595749996136874
compas_core,3008,joint_dirichlet_0.3,B0,4,7,1031,258,True,True,0.8333333333333334,0.640307363096975,0.008910260943356119,0.012784398699891675,0.14092664092664087,0.057775263418428646,,0.6897499843034893
compas_core,3008,joint_dirichlet_0.3,B0,4,8,43,11,True,False,0.45454545454545453,0.4107142857142857,,,,,"comparison_groups,subgroup_accuracy_gap",0.5486670124810189
compas_core,3008,joint_dirichlet_0.3,B0,4,9,159,40,True,True,0.625,0.6228786926461345,0.08080808080808077,0.2941176470588235,0.2941176470588235,0.1262626262626262,,0.5731669953092933
compas_core,3008,joint_dirichlet_0.3,B0,5,0,41,11,True,False,0.8181818181818182,0.45,,,,,"comparison_groups,subgroup_accuracy_gap",0.5616669950541109
compas_core,3008,joint_dirichlet_0.3,B0,5,1,188,47,True,True,0.7021276595744681,0.5190058479532164,0.034545454545454546,0.0625,0.0625,0.1327272727272727,,0.5882089899387211
compas_core,3008,joint_dirichlet_0.3,B0,5,2,97,25,False,False,,,,,,,,0.011541997082531452
compas_core,3008,joint_dirichlet_0.3,B0,5,3,697,175,True,False,0.8285714285714286,0.5571862348178138,,,,,"comparison_groups,subgroup_accuracy_gap",0.6686249980702996
compas_core,3008,joint_dirichlet_0.3,B0,5,4,180,45,True,True,0.7555555555555555,0.56,0.19951923076923073,0.10582010582010581,0.33333333333333337,0.19711538461538458,,0.6000419962219894
compas_core,3008,joint_dirichlet_0.3,B0,5,5,213,54,True,False,0.5740740740740741,0.5703908682116915,0.18518518518518517,0.275,0.275,0.03703703703703698,,0.58712501777336
compas_core,3008,joint_dirichlet_0.3,B0,5,6,303,76,True,False,0.7631578947368421,0.5824175824175823,,,,,"comparison_groups,subgroup_accuracy_gap",0.594708981225267
compas_core,3008,joint_dirichlet_0.3,B0,5,7,1031,258,True,True,0.8372093023255814,0.661036036036036,0.010395304433915564,0.002600216684723766,0.08687258687258681,0.033943851212785536,,0.692833011271432
compas_core,3008,joint_dirichlet_0.3,B0,5,8,43,11,True,False,0.45454545454545453,0.4107142857142857,,,,,"comparison_groups,subgroup_accuracy_gap",0.5502910062205046
compas_core,3008,joint_dirichlet_0.3,B0,5,9,159,40,True,True,0.625,0.6228786926461345,0.08080808080808077,0.2941176470588235,0.2941176470588235,0.1262626262626262,,0.5807090201415122
compas_core,3008,joint_dirichlet_0.3,B1,1,0,41,11,True,False,1.0,1.0,,,,,"comparison_groups,subgroup_accuracy_gap",0.6202920048963279
compas_core,3008,joint_dirichlet_0.3,B1,1,1,188,47,True,True,0.6808510638297872,0.4050632911392405,0.0,0.0,0.0,0.08727272727272728,,0.6251659942790866
compas_core,3008,joint_dirichlet_0.3,B1,1,2,97,25,False,False,,,,,,,,0.012458011042326689
compas_core,3008,joint_dirichlet_0.3,B1,1,3,697,175,True,False,0.8971428571428571,0.47289156626506024,,,,,"comparison_groups,subgroup_accuracy_gap",0.6770420004613698
compas_core,3008,joint_dirichlet_0.3,B1,1,4,180,45,True,True,0.7555555555555555,0.43037974683544306,0.0,0.0,0.0,0.30528846153846156,,0.596500001847744
compas_core,3008,joint_dirichlet_0.3,B1,1,5,213,54,True,True,0.6851851851851852,0.5304347826086957,0.1111111111111111,0.15,0.15,0.03703703703703709,,0.5952499923296273
compas_core,3008,joint_dirichlet_0.3,B1,1,6,303,76,True,False,0.7763157894736842,0.48872180451127817,,,,,"comparison_groups,subgroup_accuracy_gap",0.6067500216886401
compas_core,3008,joint_dirichlet_0.3,B1,1,7,1031,258,True,True,0.8178294573643411,0.5217511338986394,0.014143271338660668,0.0,0.08880308880308885,0.04363199207976798,,0.7036250026430935
compas_core,3008,joint_dirichlet_0.3,B1,1,8,43,11,True,False,0.5454545454545454,0.35294117647058826,,,,,"comparison_groups,subgroup_accuracy_gap",0.5612089880742133
compas_core,3008,joint_dirichlet_0.3,B1,1,9,159,40,True,True,0.625,0.5636363636363637,0.07070707070707072,0.2647058823529412,0.2647058823529412,0.4797979797979797,,0.5843749968335032
compas_core,3008,joint_dirichlet_0.3,B1,2,0,41,11,True,False,1.0,1.0,,,,,"comparison_groups,subgroup_accuracy_gap",0.567167007829994
compas_core,3008,joint_dirichlet_0.3,B1,2,1,188,47,True,True,0.6808510638297872,0.46142093200916734,0.07999999999999996,0.0625,0.11111111111111116,0.08727272727272728,,0.5947079916950315
compas_core,3008,joint_dirichlet_0.3,B1,2,2,97,25,False,False,,,,,,,,0.0118750031106174
compas_core,3008,joint_dirichlet_0.3,B1,2,3,697,175,True,False,0.88,0.511368169126446,,,,,"comparison_groups,subgroup_accuracy_gap",0.663791986880824
compas_core,3008,joint_dirichlet_0.3,B1,2,4,180,45,True,True,0.7555555555555555,0.5054945054945055,0.04567307692307687,0.03703703703703709,0.16666666666666663,0.19711538461538458,,0.5890830070711672
compas_core,3008,joint_dirichlet_0.3,B1,2,5,213,54,True,False,0.5925925925925926,0.5278219395866455,0.07407407407407407,0.07500000000000001,0.08049535603715169,0.0,,0.5927089951001108
compas_core,3008,joint_dirichlet_0.3,B1,2,6,303,76,True,False,0.7894736842105263,0.6041666666666666,,,,,"comparison_groups,subgroup_accuracy_gap",0.5972090002615005
compas_core,3008,joint_dirichlet_0.3,B1,2,7,1031,258,True,True,0.8178294573643411,0.5631057467123041,0.0011314617070928845,0.0013001083423618276,0.007722007722007818,0.025387172052895868,,0.6932500109542161
compas_core,3008,joint_dirichlet_0.3,B1,2,8,43,11,True,False,0.5454545454545454,0.5299145299145299,,,,,"comparison_groups,subgroup_accuracy_gap",0.5519170081242919
compas_core,3008,joint_dirichlet_0.3,B1,2,9,159,40,True,True,0.625,0.6190476190476191,0.02020202020202022,0.02941176470588236,0.375,0.025252525252525193,,0.5810000002384186
compas_core,3008,joint_dirichlet_0.3,B1,3,0,41,11,True,False,0.9090909090909091,0.47619047619047616,,,,,"comparison_groups,subgroup_accuracy_gap",0.5667500081472099
compas_core,3008,joint_dirichlet_0.3,B1,3,1,188,47,True,True,0.7021276595744681,0.5190058479532164,0.034545454545454546,0.0625,0.0625,0.1327272727272727,,0.5949999904260039
compas_core,3008,joint_dirichlet_0.3,B1,3,2,97,25,False,False,,,,,,,,0.012167001841589808
compas_core,3008,joint_dirichlet_0.3,B1,3,3,697,175,True,False,0.8514285714285714,0.5260416666666666,,,,,"comparison_groups,subgroup_accuracy_gap",0.6685410044156015
compas_core,3008,joint_dirichlet_0.3,B1,3,4,180,45,True,True,0.7555555555555555,0.56,0.19951923076923073,0.10582010582010581,0.33333333333333337,0.19711538461538458,,0.5938749818596989
compas_core,3008,joint_dirichlet_0.3,B1,3,5,213,54,True,False,0.5555555555555556,0.5324675324675324,0.14814814814814814,0.22499999999999998,0.22499999999999998,0.0,,0.595749996136874
compas_core,3008,joint_dirichlet_0.3,B1,3,6,303,76,True,False,0.7763157894736842,0.5930708661417323,,,,,"comparison_groups,subgroup_accuracy_gap",0.6005839968565851
compas_core,3008,joint_dirichlet_0.3,B1,3,7,1031,258,True,True,0.8217054263565892,0.5897400442477876,0.01789123824340577,0.005742145178764924,0.04633204633204624,0.01980057987412487,,0.6990830006543547
compas_core,3008,joint_dirichlet_0.3,B1,3,8,43,11,True,False,0.5454545454545454,0.5299145299145299,,,,,"comparison_groups,subgroup_accuracy_gap",0.5522499850485474
compas_core,3008,joint_dirichlet_0.3,B1,3,9,159,40,True,True,0.625,0.6228786926461345,0.08080808080808077,0.2941176470588235,0.2941176470588235,0.1262626262626262,,0.5890830070711672
compas_core,3008,joint_dirichlet_0.3,B1,4,0,41,11,True,False,0.9090909090909091,0.47619047619047616,,,,,"comparison_groups,subgroup_accuracy_gap",0.5750830168835819
compas_core,3008,joint_dirichlet_0.3,B1,4,1,188,47,True,True,0.7021276595744681,0.5190058479532164,0.034545454545454546,0.0625,0.0625,0.1327272727272727,,0.5982499860692769
compas_core,3008,joint_dirichlet_0.3,B1,4,2,97,25,False,False,,,,,,,,0.011666998034343123
compas_core,3008,joint_dirichlet_0.3,B1,4,3,697,175,True,False,0.8457142857142858,0.5483223401204473,,,,,"comparison_groups,subgroup_accuracy_gap",0.6767500017303973
compas_core,3008,joint_dirichlet_0.3,B1,4,4,180,45,True,True,0.7555555555555555,0.56,0.19951923076923073,0.10582010582010581,0.33333333333333337,0.19711538461538458,,0.5910000181756914
compas_core,3008,joint_dirichlet_0.3,B1,4,5,213,54,True,False,0.5740740740740741,0.5619047619047619,0.18518518518518517,0.25,0.25,0.03703703703703698,,0.5977499822620302
compas_core,3008,joint_dirichlet_0.3,B1,4,6,303,76,True,False,0.7763157894736842,0.5930708661417323,,,,,"comparison_groups,subgroup_accuracy_gap",0.5965830059722066
compas_core,3008,joint_dirichlet_0.3,B1,4,7,1031,258,True,True,0.8333333333333334,0.640307363096975,0.008910260943356119,0.012784398699891675,0.14092664092664087,0.057775263418428646,,0.6987079977989197
compas_core,3008,joint_dirichlet_0.3,B1,4,8,43,11,True,False,0.45454545454545453,0.4107142857142857,,,,,"comparison_groups,subgroup_accuracy_gap",0.5506669986061752
compas_core,3008,joint_dirichlet_0.3,B1,4,9,159,40,True,True,0.625,0.6228786926461345,0.08080808080808077,0.2941176470588235,0.2941176470588235,0.1262626262626262,,0.585667003178969
compas_core,3008,joint_dirichlet_0.3,B1,5,0,41,11,True,False,0.8181818181818182,0.45,,,,,"comparison_groups,subgroup_accuracy_gap",0.5724160000681877
compas_core,3008,joint_dirichlet_0.3,B1,5,1,188,47,True,True,0.7021276595744681,0.5190058479532164,0.034545454545454546,0.0625,0.0625,0.1327272727272727,,0.5898749805055559
compas_core,3008,joint_dirichlet_0.3,B1,5,2,97,25,False,False,,,,,,,,0.011583993909880519
compas_core,3008,joint_dirichlet_0.3,B1,5,3,697,175,True,False,0.8285714285714286,0.5571862348178138,,,,,"comparison_groups,subgroup_accuracy_gap",0.6715839845128357
compas_core,3008,joint_dirichlet_0.3,B1,5,4,180,45,True,True,0.7555555555555555,0.56,0.19951923076923073,0.10582010582010581,0.33333333333333337,0.19711538461538458,,0.5842499958816916
compas_core,3008,joint_dirichlet_0.3,B1,5,5,213,54,True,False,0.5740740740740741,0.5703908682116915,0.18518518518518517,0.275,0.275,0.03703703703703698,,0.5979170091450214
compas_core,3008,joint_dirichlet_0.3,B1,5,6,303,76,True,False,0.7631578947368421,0.5824175824175823,,,,,"comparison_groups,subgroup_accuracy_gap",0.596124998992309
compas_core,3008,joint_dirichlet_0.3,B1,5,7,1031,258,True,True,0.8372093023255814,0.661036036036036,0.010395304433915564,0.002600216684723766,0.08687258687258681,0.033943851212785536,,0.6899159925524145
compas_core,3008,joint_dirichlet_0.3,B1,5,8,43,11,True,False,0.45454545454545453,0.4107142857142857,,,,,"comparison_groups,subgroup_accuracy_gap",0.5509579787030816
compas_core,3008,joint_dirichlet_0.3,B1,5,9,159,40,True,True,0.625,0.6228786926461345,0.08080808080808077,0.2941176470588235,0.2941176470588235,0.1262626262626262,,0.5761250213254243
compas_core,3008,joint_dirichlet_0.3,B3,1,0,41,11,True,False,1.0,1.0,,,,,"comparison_groups,subgroup_accuracy_gap",0.6643749948125333
compas_core,3008,joint_dirichlet_0.3,B3,1,1,188,47,True,True,0.6808510638297872,0.4050632911392405,0.0,0.0,0.0,0.08727272727272728,,0.6291670142672956
compas_core,3008,joint_dirichlet_0.3,B3,1,2,97,25,False,False,,,,,,,,0.012374977814033628
compas_core,3008,joint_dirichlet_0.3,B3,1,3,697,175,True,False,0.8971428571428571,0.47289156626506024,,,,,"comparison_groups,subgroup_accuracy_gap",0.672499998472631
compas_core,3008,joint_dirichlet_0.3,B3,1,4,180,45,True,True,0.7555555555555555,0.43037974683544306,0.0,0.0,0.0,0.30528846153846156,,0.5925830046180636
compas_core,3008,joint_dirichlet_0.3,B3,1,5,213,54,True,True,0.6851851851851852,0.5304347826086957,0.1111111111111111,0.15,0.15,0.03703703703703709,,0.5936670058872551
compas_core,3008,joint_dirichlet_0.3,B3,1,6,303,76,True,False,0.7763157894736842,0.48872180451127817,,,,,"comparison_groups,subgroup_accuracy_gap",0.6139170145615935
compas_core,3008,joint_dirichlet_0.3,B3,1,7,1031,258,True,True,0.8178294573643411,0.5217511338986394,0.014143271338660668,0.0,0.08880308880308885,0.04363199207976798,,0.7004579820204526
compas_core,3008,joint_dirichlet_0.3,B3,1,8,43,11,True,False,0.5454545454545454,0.35294117647058826,,,,,"comparison_groups,subgroup_accuracy_gap",0.5697919987142086
compas_core,3008,joint_dirichlet_0.3,B3,1,9,159,40,True,True,0.625,0.5636363636363637,0.07070707070707072,0.2647058823529412,0.2647058823529412,0.4797979797979797,,0.5801249935757369
compas_core,3008,joint_dirichlet_0.3,B3,2,0,41,11,True,False,0.9090909090909091,0.47619047619047616,,,,,"comparison_groups,subgroup_accuracy_gap",0.5708749813493341
compas_core,3008,joint_dirichlet_0.3,B3,2,1,188,47,True,True,0.6808510638297872,0.4050632911392405,0.0,0.0,0.0,0.08727272727272728,,0.6255830230657011
compas_core,3008,joint_dirichlet_0.3,B3,2,2,97,25,False,False,,,,,,,,0.012083997717127204
compas_core,3008,joint_dirichlet_0.3,B3,2,3,697,175,True,False,0.8571428571428571,0.5575892405703307,,,,,"comparison_groups,subgroup_accuracy_gap",0.6699590012431145
compas_core,3008,joint_dirichlet_0.3,B3,2,4,180,45,True,True,0.7555555555555555,0.43037974683544306,0.0,0.0,0.0,0.30528846153846156,,0.6018749845679849
compas_core,3008,joint_dirichlet_0.3,B3,2,5,213,54,True,False,0.5185185185185185,0.5185185185185185,0.14814814814814814,0.4,0.4,0.07407407407407413,,0.5877499934285879
compas_core,3008,joint_dirichlet_0.3,B3,2,6,303,76,True,False,0.7894736842105263,0.5393939393939394,,,,,"comparison_groups,subgroup_accuracy_gap",0.6071250245440751
compas_core,3008,joint_dirichlet_0.3,B3,2,7,1031,258,True,True,0.810077519379845,0.5167985322784084,0.0029700869811187802,0.014084507042253502,0.08880308880308885,0.054805176437309866,,0.6967090012039989
compas_core,3008,joint_dirichlet_0.3,B3,2,8,43,11,True,False,0.45454545454545453,0.3125,,,,,"comparison_groups,subgroup_accuracy_gap",0.5628750077448785
compas_core,3008,joint_dirichlet_0.3,B3,2,9,159,40,True,False,0.575,0.5523370638578011,0.0505050505050505,0.17647058823529416,0.35,0.4393939393939394,,0.5765000241808593
compas_core,3008,joint_dirichlet_0.3,B3,3,0,41,11,True,False,0.6363636363636364,0.3888888888888889,,,,,"comparison_groups,subgroup_accuracy_gap",0.5702079797629267
compas_core,3008,joint_dirichlet_0.3,B3,3,1,188,47,True,True,0.6808510638297872,0.4050632911392405,0.0,0.0,0.0,0.08727272727272728,,0.6049590010661632
compas_core,3008,joint_dirichlet_0.3,B3,3,2,97,25,False,False,,,,,,,,0.012042000889778137
compas_core,3008,joint_dirichlet_0.3,B3,3,3,697,175,True,False,0.68,0.5540589734255551,,,,,"comparison_groups,subgroup_accuracy_gap",0.6701249803882092
compas_core,3008,joint_dirichlet_0.3,B3,3,4,180,45,True,True,0.7555555555555555,0.43037974683544306,0.0,0.0,0.0,0.30528846153846156,,0.614624994341284
compas_core,3008,joint_dirichlet_0.3,B3,3,5,213,54,True,False,0.46296296296296297,0.4476190476190476,0.03703703703703709,0.09999999999999998,0.09999999999999998,0.037037037037037035,,0.5990409990772605
compas_core,3008,joint_dirichlet_0.3,B3,3,6,303,76,True,False,0.7894736842105263,0.5393939393939394,,,,,"comparison_groups,subgroup_accuracy_gap",0.6057500140741467
compas_core,3008,joint_dirichlet_0.3,B3,3,7,1031,258,True,True,0.8178294573643411,0.5217511338986394,0.014143271338660668,0.0,0.08880308880308885,0.04363199207976798,,0.7024590158835053
compas_core,3008,joint_dirichlet_0.3,B3,3,8,43,11,True,False,0.45454545454545453,0.3125,,,,,"comparison_groups,subgroup_accuracy_gap",0.5546249740291387
compas_core,3008,joint_dirichlet_0.3,B3,3,9,159,40,True,False,0.55,0.5054945054945055,0.11616161616161613,0.11764705882352944,0.475,0.595959595959596,,0.5771669966634363
compas_core,3008,joint_dirichlet_0.3,B3,4,0,41,11,True,False,0.18181818181818182,0.15384615384615385,,,,,"comparison_groups,subgroup_accuracy_gap",0.5654590204358101
compas_core,3008,joint_dirichlet_0.3,B3,4,1,188,47,True,True,0.6808510638297872,0.4050632911392405,0.0,0.0,0.0,0.08727272727272728,,0.5898330127820373
compas_core,3008,joint_dirichlet_0.3,B3,4,2,97,25,False,False,,,,,,,,0.01158300437964499
compas_core,3008,joint_dirichlet_0.3,B3,4,3,697,175,True,False,0.4685714285714286,0.42533808834433817,,,,,"comparison_groups,subgroup_accuracy_gap",0.6707499851472676
compas_core,3008,joint_dirichlet_0.3,B3,4,4,180,45,True,True,0.7555555555555555,0.43037974683544306,0.0,0.0,0.0,0.30528846153846156,,0.596500001847744
compas_core,3008,joint_dirichlet_0.3,B3,4,5,213,54,True,False,0.3888888888888889,0.3377926421404682,0.11111111111111116,0.0,0.1578947368421053,0.037037037037037035,,0.5923749995417893
compas_core,3008,joint_dirichlet_0.3,B3,4,6,303,76,True,False,0.7763157894736842,0.48872180451127817,,,,,"comparison_groups,subgroup_accuracy_gap",0.6010000070091337
compas_core,3008,joint_dirichlet_0.3,B3,4,7,1031,258,True,True,0.8178294573643411,0.5217511338986394,0.014143271338660668,0.0,0.08880308880308885,0.04363199207976798,,0.6996250012889504
compas_core,3008,joint_dirichlet_0.3,B3,4,8,43,11,True,False,0.45454545454545453,0.3125,,,,,"comparison_groups,subgroup_accuracy_gap",0.5514590011443943
compas_core,3008,joint_dirichlet_0.3,B3,4,9,159,40,True,False,0.525,0.4689028651292802,0.07070707070707061,0.11764705882352944,0.275,0.5505050505050505,,0.5884589918423444
compas_core,3008,joint_dirichlet_0.3,B3,5,0,41,11,True,False,0.0,0.0,,,,,"comparison_groups,subgroup_accuracy_gap",0.5747090035583824
compas_core,3008,joint_dirichlet_0.3,B3,5,1,188,47,True,True,0.6808510638297872,0.4050632911392405,0.0,0.0,0.0,0.08727272727272728,,0.5944159929640591
compas_core,3008,joint_dirichlet_0.3,B3,5,2,97,25,False,False,,,,,,,,0.01170899486169219
compas_core,3008,joint_dirichlet_0.3,B3,5,3,697,175,True,False,0.36,0.34192855224281493,,,,,"comparison_groups,subgroup_accuracy_gap",0.6679169891867787
compas_core,3008,joint_dirichlet_0.3,B3,5,4,180,45,True,True,0.7555555555555555,0.43037974683544306,0.0,0.0,0.0,0.30528846153846156,,0.5867499858140945
compas_core,3008,joint_dirichlet_0.3,B3,5,5,213,54,True,False,0.37037037037037035,0.30977443609022554,0.07407407407407407,0.0,0.10526315789473684,0.0,,0.595458026509732
compas_core,3008,joint_dirichlet_0.3,B3,5,6,303,76,True,False,0.7763157894736842,0.48872180451127817,,,,,"comparison_groups,subgroup_accuracy_gap",0.5977909895591438
compas_core,3008,joint_dirichlet_0.3,B3,5,7,1031,258,True,True,0.8178294573643411,0.5217511338986394,0.014143271338660668,0.0,0.08880308880308885,0.04363199207976798,,0.7075419998727739
compas_core,3008,joint_dirichlet_0.3,B3,5,8,43,11,True,False,0.45454545454545453,0.3125,,,,,"comparison_groups,subgroup_accuracy_gap",0.5542089929804206
compas_core,3008,joint_dirichlet_0.3,B3,5,9,159,40,True,False,0.5,0.4301994301994302,0.1262626262626262,0.11764705882352944,0.3375,0.6060606060606061,,0.5754999874625355
compas_core,3009,iid,B0,1,0,296,74,True,True,0.6621621621621622,0.6008629989212513,0.2243589743589744,0.34210526315789475,0.34210526315789475,0.04647435897435892,,0.6814580119680613
compas_core,3009,iid,B0,1,1,296,74,True,True,0.6891891891891891,0.6414577627975564,0.10352588147036756,0.09090909090909094,0.09090909090909094,0.09077269317329328,,0.6312500045169145
compas_core,3009,iid,B0,1,2,296,74,True,True,0.7297297297297297,0.7196969696969697,0.21532567049808438,0.13492063492063489,0.17045454545454541,0.04750957854406124,,0.6175830203574151
compas_core,3009,iid,B0,1,3,296,74,True,True,0.6351351351351351,0.626890756302521,0.16515151515151505,0.26315789473684215,0.26315789473684215,0.2212121212121213,,0.605499983066693
compas_core,3009,iid,B0,1,4,295,74,True,False,0.6756756756756757,0.6754385964912281,0.31432858214553644,0.17836257309941517,0.3433333333333334,0.052513128282070554,,0.6034999969415367
compas_core,3009,iid,B0,1,5,295,74,True,True,0.7702702702702703,0.7604265854123025,0.1586206896551724,0.08080808080808077,0.1067193675889328,0.037547892720306564,,0.601958017796278
compas_core,3009,iid,B0,1,6,295,74,True,True,0.6351351351351351,0.5689320388349515,0.15903975993998498,0.2272727272727273,0.2272727272727273,0.23930982745686424,,0.5983329901937395
compas_core,3009,iid,B0,1,7,295,74,True,True,0.6891891891891891,0.6619662363455809,0.10421455938697322,0.0050000000000000044,0.24230769230769228,0.11264367816091947,,0.5994999955873936
compas_core,3009,iid,B0,1,8,295,74,True,True,0.6486486486486487,0.5899403239556692,0.015151515151515138,0.04523809523809519,0.13913043478260867,0.1984848484848485,,0.6002919981256127
compas_core,3009,iid,B0,1,9,295,74,True,True,0.6351351351351351,0.6334617501375894,0.25689519306540587,0.14130434782608692,0.34469696969696967,0.06698187549251378,,0.5999590212013572
compas_core,3009,iid,B0,2,0,296,74,True,False,0.6756756756756757,0.6735294117647059,0.3974358974358974,0.20676691729323304,0.49425287356321834,0.15224358974358976,,0.611750001553446
compas_core,3009,iid,B0,2,1,296,74,True,True,0.7027027027027027,0.6738782051282051,0.2198049512378094,0.18181818181818177,0.19047619047619047,0.06751687921980498,,0.6048340001143515
compas_core,3009,iid,B0,2,2,296,74,True,True,0.7297297297297297,0.7196969696969697,0.21532567049808438,0.13492063492063489,0.17045454545454541,0.04750957854406124,,0.599791994318366
compas_core,3009,iid,B0,2,3,296,74,True,True,0.6351351351351351,0.626890756302521,0.16515151515151505,0.26315789473684215,0.26315789473684215,0.2212121212121213,,0.5957089888397604
compas_core,3009,iid,B0,2,4,295,74,True,True,0.7162162162162162,0.7119555143651529,0.26256564141035255,0.11695906432748537,0.26333333333333336,0.011252813203300738,,0.596875004703179
compas_core,3009,iid,B0,2,5,295,74,True,True,0.7837837837837838,0.7757575757575758,0.12413793103448278,0.08080808080808077,0.08080808080808077,0.07203065134099618,,0.595041987253353
compas_core,3009,iid,B0,2,6,295,74,True,True,0.6486486486486487,0.5899403239556692,0.1822955738934734,0.2272727272727273,0.2272727272727273,0.21605401350337583,,0.5963750008959323
compas_core,3009,iid,B0,2,7,295,74,True,True,0.7162162162162162,0.6961876832844575,0.1486590038314176,0.0050000000000000044,0.3423076923076923,0.15708812260536398,,0.5910829931963235
compas_core,3009,iid,B0,2,8,295,74,True,True,0.6486486486486487,0.5899403239556692,0.015151515151515138,0.04523809523809519,0.13913043478260867,0.1984848484848485,,0.7160420063883066
compas_core,3009,iid,B0,2,9,295,74,True,False,0.6351351351351351,0.6296570898980538,0.34672970843183604,0.2663043478260869,0.393939393939394,0.008668242710795915,,0.6030420190654695
compas_core,3009,iid,B0,3,0,296,74,True,False,0.7027027027027027,0.702485380116959,0.37339743589743596,0.048872180451127845,0.5775862068965517,0.2532051282051282,,0.6076249992474914
compas_core,3009,iid,B0,3,1,296,74,True,True,0.6891891891891891,0.6619662363455809,0.1875468867216804,0.1291866028708133,0.19047619047619047,0.03525881470367598,,0.6031250231899321
compas_core,3009,iid,B0,3,2,296,74,True,True,0.7297297297297297,0.7196969696969697,0.21532567049808438,0.13492063492063489,0.17045454545454541,0.04750957854406124,,0.6035830010659993
compas_core,3009,iid,B0,3,3,296,74,True,True,0.6351351351351351,0.6235161107970605,0.17575757575757578,0.21052631578947367,0.21052631578947367,0.16515151515151505,,0.603374995989725
compas_core,3009,iid,B0,3,4,295,74,True,True,0.7297297297297297,0.7224306076519129,0.24831207801950483,0.11403508771929816,0.22333333333333338,0.021005251312828266,,0.6002080044709146
compas_core,3009,iid,B0,3,5,295,74,True,True,0.7702702702702703,0.7629545882796307,0.08965517241379317,0.025252525252525193,0.025252525252525193,0.037547892720306564,,0.5997080006636679
compas_core,3009,iid,B0,3,6,295,74,True,True,0.6621621621621622,0.6102801769538656,0.2055513878469617,0.2272727272727273,0.2272727272727273,0.19279819954988742,,0.5906670121476054
compas_core,3009,iid,B0,3,7,295,74,True,True,0.7432432432432432,0.7289377289377289,0.13639846743295014,0.0050000000000000044,0.31538461538461543,0.14482758620689662,,0.5956249951850623
compas_core,3009,iid,B0,3,8,295,74,True,True,0.6486486486486487,0.5899403239556692,0.015151515151515138,0.04523809523809519,0.13913043478260867,0.1984848484848485,,0.5909579922445118
compas_core,3009,iid,B0,3,9,295,74,True,False,0.6351351351351351,0.626890756302521,0.3041765169424744,0.22282608695652173,0.3522727272727273,0.008668242710795915,,0.5912499909754843
compas_core,3009,iid,B0,4,0,296,74,True,False,0.7162162162162162,0.7161643835616438,0.3701923076923077,0.06766917293233077,0.5431034482758621,0.21474358974358976,,0.6070410017855465
compas_core,3009,iid,B0,4,1,296,74,True,True,0.6621621621621622,0.6383186705767351,0.1785446361590397,0.12200956937799046,0.19047619047619047,0.026256564141035166,,0.6019999855197966
compas_core,3009,iid,B0,4,2,296,74,True,True,0.7297297297297297,0.7196969696969697,0.21532567049808438,0.13492063492063489,0.17045454545454541,0.04750957854406124,,0.6043330067768693
compas_core,3009,iid,B0,4,3,296,74,True,True,0.6351351351351351,0.6235161107970605,0.17575757575757578,0.21052631578947367,0.21052631578947367,0.16515151515151505,,0.5982500151731074
compas_core,3009,iid,B0,4,4,295,74,True,True,0.7432432432432432,0.7350668927831167,0.22505626406601642,0.05847953216374269,0.22333333333333338,0.0022505626406601476,,0.5967089964542538
compas_core,3009,iid,B0,4,5,295,74,True,True,0.7702702702702703,0.7629545882796307,0.08965517241379317,0.025252525252525193,0.025252525252525193,0.037547892720306564,,0.5908330203965306
compas_core,3009,iid,B0,4,6,295,74,True,True,0.6621621621621622,0.6186353329210472,0.2520630157539384,0.2727272727272727,0.2727272727272727,0.19279819954988742,,0.5885830032639205
compas_core,3009,iid,B0,4,7,295,74,True,True,0.7567567567567568,0.7448275862068966,0.1586206896551724,0.0050000000000000044,0.3653846153846154,0.16704980842911876,,0.5894589994568378
compas_core,3009,iid,B0,4,8,295,74,True,True,0.6756756756756757,0.63,0.06060606060606066,0.04523809523809519,0.05217391304347829,0.15303030303030307,,0.5898750096093863
compas_core,3009,iid,B0,4,9,295,74,True,False,0.6351351351351351,0.626890756302521,0.3041765169424744,0.22282608695652173,0.3522727272727273,0.008668242710795915,,0.5904159916099161
compas_core,3009,iid,B0,5,0,296,74,True,False,0.7567567567567568,0.756043956043956,0.36698717948717946,0.03383458646616544,0.5431034482758621,0.21794871794871795,,0.5993329978082329
compas_core,3009,iid,B0,5,1,296,74,True,True,0.6621621621621622,0.6383186705767351,0.1785446361590397,0.12200956937799046,0.19047619047619047,0.026256564141035166,,0.5975000094622374
compas_core,3009,iid,B0,5,2,296,74,True,True,0.7297297297297297,0.7196969696969697,0.21532567049808438,0.13492063492063489,0.17045454545454541,0.04750957854406124,,0.5996250256430358
compas_core,3009,iid,B0,5,3,296,74,True,True,0.6351351351351351,0.6235161107970605,0.17575757575757578,0.21052631578947367,0.21052631578947367,0.16515151515151505,,0.5960419948678464
compas_core,3009,iid,B0,5,4,295,74,True,True,0.7567567567567568,0.7501875468867216,0.24831207801950483,0.05847953216374269,0.26333333333333336,0.02550637659414856,,0.5931250052526593
compas_core,3009,iid,B0,5,5,295,74,True,True,0.7702702702702703,0.7629545882796307,0.08965517241379317,0.025252525252525193,0.025252525252525193,0.037547892720306564,,0.5932080093771219
compas_core,3009,iid,B0,5,6,295,74,True,True,0.6621621621621622,0.6186353329210472,0.2520630157539384,0.2727272727272727,0.2727272727272727,0.19279819954988742,,0.5916669906582683
compas_core,3009,iid,B0,5,7,295,74,True,True,0.7567567567567568,0.7448275862068966,0.1586206896551724,0.0050000000000000044,0.3653846153846154,0.16704980842911876,,0.5891249747946858
compas_core,3009,iid,B0,5,8,295,74,True,True,0.6756756756756757,0.63,0.06060606060606066,0.04523809523809519,0.05217391304347829,0.15303030303030307,,0.5874159978702664
compas_core,3009,iid,B0,5,9,295,74,True,False,0.6216216216216216,0.6114028507126781,0.2828999211977935,0.22282608695652173,0.3106060606060606,0.012608353033884967,,0.5894579808227718
compas_core,3009,iid,B1,1,0,296,74,True,True,0.6621621621621622,0.6008629989212513,0.2243589743589744,0.34210526315789475,0.34210526315789475,0.04647435897435892,,0.6619580090045929
compas_core,3009,iid,B1,1,1,296,74,True,True,0.6891891891891891,0.6414577627975564,0.10352588147036756,0.09090909090909094,0.09090909090909094,0.09077269317329328,,0.6267499993555248
compas_core,3009,iid,B1,1,2,296,74,True,True,0.7297297297297297,0.7196969696969697,0.21532567049808438,0.13492063492063489,0.17045454545454541,0.04750957854406124,,0.6120839971117675
compas_core,3009,iid,B1,1,3,296,74,True,True,0.6351351351351351,0.626890756302521,0.16515151515151505,0.26315789473684215,0.26315789473684215,0.2212121212121213,,0.604083004873246
compas_core,3009,iid,B1,1,4,295,74,True,False,0.6756756756756757,0.6754385964912281,0.31432858214553644,0.17836257309941517,0.3433333333333334,0.052513128282070554,,0.6007080082781613
compas_core,3009,iid,B1,1,5,295,74,True,True,0.7702702702702703,0.7604265854123025,0.1586206896551724,0.08080808080808077,0.1067193675889328,0.037547892720306564,,0.5984170129522681
compas_core,3009,iid,B1,1,6,295,74,True,True,0.6351351351351351,0.5689320388349515,0.15903975993998498,0.2272727272727273,0.2272727272727273,0.23930982745686424,,0.5969999765511602
compas_core,3009,iid,B1,1,7,295,74,True,True,0.6891891891891891,0.6619662363455809,0.10421455938697322,0.0050000000000000044,0.24230769230769228,0.11264367816091947,,0.5947090103290975
compas_core,3009,iid,B1,1,8,295,74,True,True,0.6486486486486487,0.5899403239556692,0.015151515151515138,0.04523809523809519,0.13913043478260867,0.1984848484848485,,0.5952079955022782
compas_core,3009,iid,B1,1,9,295,74,True,True,0.6351351351351351,0.6334617501375894,0.25689519306540587,0.14130434782608692,0.34469696969696967,0.06698187549251378,,0.5930829793214798
compas_core,3009,iid,B1,2,0,296,74,True,False,0.6756756756756757,0.6735294117647059,0.3974358974358974,0.20676691729323304,0.49425287356321834,0.15224358974358976,,0.6100829923525453
compas_core,3009,iid,B1,2,1,296,74,True,True,0.7027027027027027,0.6738782051282051,0.2198049512378094,0.18181818181818177,0.19047619047619047,0.06751687921980498,,0.602666026679799
compas_core,3009,iid,B1,2,2,296,74,True,True,0.7297297297297297,0.7196969696969697,0.21532567049808438,0.13492063492063489,0.17045454545454541,0.04750957854406124,,0.6046250055078417
compas_core,3009,iid,B1,2,3,296,74,True,True,0.6351351351351351,0.626890756302521,0.16515151515151505,0.26315789473684215,0.26315789473684215,0.2212121212121213,,0.597625010414049
compas_core,3009,iid,B1,2,4,295,74,True,True,0.7162162162162162,0.7119555143651529,0.26256564141035255,0.11695906432748537,0.26333333333333336,0.011252813203300738,,0.5983749870210886
compas_core,3009,iid,B1,2,5,295,74,True,True,0.7837837837837838,0.7757575757575758,0.12413793103448278,0.08080808080808077,0.08080808080808077,0.07203065134099618,,0.5923339922446758
compas_core,3009,iid,B1,2,6,295,74,True,True,0.6486486486486487,0.5899403239556692,0.1822955738934734,0.2272727272727273,0.2272727272727273,0.21605401350337583,,0.5951669882051647
compas_core,3009,iid,B1,2,7,295,74,True,True,0.7162162162162162,0.6961876832844575,0.1486590038314176,0.0050000000000000044,0.3423076923076923,0.15708812260536398,,0.5927500023972243
compas_core,3009,iid,B1,2,8,295,74,True,True,0.6486486486486487,0.5899403239556692,0.015151515151515138,0.04523809523809519,0.13913043478260867,0.1984848484848485,,0.5897079827263951
compas_core,3009,iid,B1,2,9,295,74,True,False,0.6351351351351351,0.6296570898980538,0.34672970843183604,0.2663043478260869,0.393939393939394,0.008668242710795915,,0.591125019127503
compas_core,3009,iid,B1,3,0,296,74,True,False,0.7027027027027027,0.702485380116959,0.37339743589743596,0.048872180451127845,0.5775862068965517,0.2532051282051282,,0.6037080020178109
compas_core,3009,iid,B1,3,1,296,74,True,True,0.6891891891891891,0.6619662363455809,0.1875468867216804,0.1291866028708133,0.19047619047619047,0.03525881470367598,,0.6018329877406359
compas_core,3009,iid,B1,3,2,296,74,True,True,0.7297297297297297,0.7196969696969697,0.21532567049808438,0.13492063492063489,0.17045454545454541,0.04750957854406124,,0.6012090016156435
compas_core,3009,iid,B1,3,3,296,74,True,True,0.6351351351351351,0.6235161107970605,0.17575757575757578,0.21052631578947367,0.21052631578947367,0.16515151515151505,,0.6006250041536987
compas_core,3009,iid,B1,3,4,295,74,True,True,0.7297297297297297,0.7224306076519129,0.24831207801950483,0.11403508771929816,0.22333333333333338,0.021005251312828266,,0.5997089901939034
compas_core,3009,iid,B1,3,5,295,74,True,True,0.7702702702702703,0.7629545882796307,0.08965517241379317,0.025252525252525193,0.025252525252525193,0.037547892720306564,,0.5948329926468432
compas_core,3009,iid,B1,3,6,295,74,True,True,0.6621621621621622,0.6102801769538656,0.2055513878469617,0.2272727272727273,0.2272727272727273,0.19279819954988742,,0.594375014770776
compas_core,3009,iid,B1,3,7,295,74,True,True,0.7432432432432432,0.7289377289377289,0.13639846743295014,0.0050000000000000044,0.31538461538461543,0.14482758620689662,,0.5939159891568124
compas_core,3009,iid,B1,3,8,295,74,True,True,0.6486486486486487,0.5899403239556692,0.015151515151515138,0.04523809523809519,0.13913043478260867,0.1984848484848485,,0.5935420049354434
compas_core,3009,iid,B1,3,9,295,74,True,False,0.6351351351351351,0.626890756302521,0.3041765169424744,0.22282608695652173,0.3522727272727273,0.008668242710795915,,0.59104198589921
compas_core,3009,iid,B1,4,0,296,74,True,False,0.7162162162162162,0.7161643835616438,0.3701923076923077,0.06766917293233077,0.5431034482758621,0.21474358974358976,,0.6035839905962348
compas_core,3009,iid,B1,4,1,296,74,True,True,0.6621621621621622,0.6383186705767351,0.1785446361590397,0.12200956937799046,0.19047619047619047,0.026256564141035166,,0.6000419962219894
compas_core,3009,iid,B1,4,2,296,74,True,True,0.7297297297297297,0.7196969696969697,0.21532567049808438,0.13492063492063489,0.17045454545454541,0.04750957854406124,,0.5998340202495456
compas_core,3009,iid,B1,4,3,296,74,True,True,0.6351351351351351,0.6235161107970605,0.17575757575757578,0.21052631578947367,0.21052631578947367,0.16515151515151505,,0.5973340012133121
compas_core,3009,iid,B1,4,4,295,74,True,True,0.7432432432432432,0.7350668927831167,0.22505626406601642,0.05847953216374269,0.22333333333333338,0.0022505626406601476,,0.5981249851174653
compas_core,3009,iid,B1,4,5,295,74,True,True,0.7702702702702703,0.7629545882796307,0.08965517241379317,0.025252525252525193,0.025252525252525193,0.037547892720306564,,0.5934999790042639
compas_core,3009,iid,B1,4,6,295,74,True,True,0.6621621621621622,0.6186353329210472,0.2520630157539384,0.2727272727272727,0.2727272727272727,0.19279819954988742,,0.5932920030318201
compas_core,3009,iid,B1,4,7,295,74,True,True,0.7567567567567568,0.7448275862068966,0.1586206896551724,0.0050000000000000044,0.3653846153846154,0.16704980842911876,,0.5936670058872551
compas_core,3009,iid,B1,4,8,295,74,True,True,0.6756756756756757,0.63,0.06060606060606066,0.04523809523809519,0.05217391304347829,0.15303030303030307,,0.5913330242037773
compas_core,3009,iid,B1,4,9,295,74,True,False,0.6351351351351351,0.626890756302521,0.3041765169424744,0.22282608695652173,0.3522727272727273,0.008668242710795915,,0.5930830084253103
compas_core,3009,iid,B1,5,0,296,74,True,False,0.7567567567567568,0.756043956043956,0.36698717948717946,0.03383458646616544,0.5431034482758621,0.21794871794871795,,0.6013329839333892
compas_core,3009,iid,B1,5,1,296,74,True,True,0.6621621621621622,0.6383186705767351,0.1785446361590397,0.12200956937799046,0.19047619047619047,0.026256564141035166,,0.6047920032870024
compas_core,3009,iid,B1,5,2,296,74,True,True,0.7297297297297297,0.7196969696969697,0.21532567049808438,0.13492063492063489,0.17045454545454541,0.04750957854406124,,0.5998749984428287
compas_core,3009,iid,B1,5,3,296,74,True,True,0.6351351351351351,0.6235161107970605,0.17575757575757578,0.21052631578947367,0.21052631578947367,0.16515151515151505,,0.6057499849703163
compas_core,3009,iid,B1,5,4,295,74,True,True,0.7567567567567568,0.7501875468867216,0.24831207801950483,0.05847953216374269,0.26333333333333336,0.02550637659414856,,0.5956250242888927
compas_core,3009,iid,B1,5,5,295,74,True,True,0.7702702702702703,0.7629545882796307,0.08965517241379317,0.025252525252525193,0.025252525252525193,0.037547892720306564,,0.6043750036042184
compas_core,3009,iid,B1,5,6,295,74,True,True,0.6621621621621622,0.6186353329210472,0.2520630157539384,0.2727272727272727,0.2727272727272727,0.19279819954988742,,0.592875003349036
compas_core,3009,iid,B1,5,7,295,74,True,True,0.7567567567567568,0.7448275862068966,0.1586206896551724,0.0050000000000000044,0.3653846153846154,0.16704980842911876,,0.6032919918652624
compas_core,3009,iid,B1,5,8,295,74,True,True,0.6756756756756757,0.63,0.06060606060606066,0.04523809523809519,0.05217391304347829,0.15303030303030307,,0.5883330013602972
compas_core,3009,iid,B1,5,9,295,74,True,False,0.6216216216216216,0.6114028507126781,0.2828999211977935,0.22282608695652173,0.3106060606060606,0.012608353033884967,,0.5991249927319586
compas_core,3009,iid,B3,1,0,296,74,True,True,0.6621621621621622,0.6008629989212513,0.2243589743589744,0.34210526315789475,0.34210526315789475,0.04647435897435892,,0.6866250187158585
compas_core,3009,iid,B3,1,1,296,74,True,True,0.6891891891891891,0.6414577627975564,0.10352588147036756,0.09090909090909094,0.09090909090909094,0.09077269317329328,,0.6257920176722109
compas_core,3009,iid,B3,1,2,296,74,True,True,0.7297297297297297,0.7196969696969697,0.21532567049808438,0.13492063492063489,0.17045454545454541,0.04750957854406124,,0.618207996012643
compas_core,3009,iid,B3,1,3,296,74,True,True,0.6351351351351351,0.626890756302521,0.16515151515151505,0.26315789473684215,0.26315789473684215,0.2212121212121213,,0.6137090094853193
compas_core,3009,iid,B3,1,4,295,74,True,False,0.6756756756756757,0.6754385964912281,0.31432858214553644,0.17836257309941517,0.3433333333333334,0.052513128282070554,,0.613499985774979
compas_core,3009,iid,B3,1,5,295,74,True,True,0.7702702702702703,0.7604265854123025,0.1586206896551724,0.08080808080808077,0.1067193675889328,0.037547892720306564,,0.6104999920353293
compas_core,3009,iid,B3,1,6,295,74,True,True,0.6351351351351351,0.5689320388349515,0.15903975993998498,0.2272727272727273,0.2272727272727273,0.23930982745686424,,0.6002919981256127
compas_core,3009,iid,B3,1,7,295,74,True,True,0.6891891891891891,0.6619662363455809,0.10421455938697322,0.0050000000000000044,0.24230769230769228,0.11264367816091947,,0.6101249891798943
compas_core,3009,iid,B3,1,8,295,74,True,True,0.6486486486486487,0.5899403239556692,0.015151515151515138,0.04523809523809519,0.13913043478260867,0.1984848484848485,,0.6009170028846711
compas_core,3009,iid,B3,1,9,295,74,True,True,0.6351351351351351,0.6334617501375894,0.25689519306540587,0.14130434782608692,0.34469696969696967,0.06698187549251378,,0.6067909998819232
compas_core,3009,iid,B3,2,0,296,74,True,False,0.6621621621621622,0.660612731608879,0.43589743589743596,0.20676691729323304,0.5775862068965517,0.1907051282051282,,0.6212909938767552
compas_core,3009,iid,B3,2,1,296,74,True,True,0.7027027027027027,0.6738782051282051,0.2198049512378094,0.18181818181818177,0.19047619047619047,0.06751687921980498,,0.6132500129751861
compas_core,3009,iid,B3,2,2,296,74,True,True,0.7297297297297297,0.7196969696969697,0.21532567049808438,0.13492063492063489,0.17045454545454541,0.04750957854406124,,0.6099159945733845
compas_core,3009,iid,B3,2,3,296,74,True,True,0.6351351351351351,0.626890756302521,0.16515151515151505,0.26315789473684215,0.26315789473684215,0.2212121212121213,,0.59833301929757
compas_core,3009,iid,B3,2,4,295,74,True,True,0.7432432432432432,0.7374416433239963,0.27156789197299325,0.11403508771929816,0.26333333333333336,0.0022505626406601476,,0.6024159956723452
compas_core,3009,iid,B3,2,5,295,74,True,True,0.7837837837837838,0.7757575757575758,0.12413793103448278,0.08080808080808077,0.08080808080808077,0.07203065134099618,,0.5941249837633222
compas_core,3009,iid,B3,2,6,295,74,True,True,0.6621621621621622,0.6102801769538656,0.2055513878469617,0.2272727272727273,0.2272727272727273,0.19279819954988742,,0.5937080131843686
compas_core,3009,iid,B3,2,7,295,74,True,True,0.7162162162162162,0.6961876832844575,0.1486590038314176,0.0050000000000000044,0.3423076923076923,0.15708812260536398,,0.5921670235693455
compas_core,3009,iid,B3,2,8,295,74,True,True,0.6486486486486487,0.5899403239556692,0.015151515151515138,0.04523809523809519,0.13913043478260867,0.1984848484848485,,0.5936659872531891
compas_core,3009,iid,B3,2,9,295,74,True,False,0.6351351351351351,0.6296570898980538,0.34672970843183604,0.2663043478260869,0.393939393939394,0.008668242710795915,,0.6039169966243207
compas_core,3009,iid,B3,3,0,296,74,True,False,0.7567567567567568,0.756043956043956,0.36698717948717946,0.03383458646616544,0.5431034482758621,0.21794871794871795,,0.6175830203574151
compas_core,3009,iid,B3,3,1,296,74,True,True,0.6891891891891891,0.6619662363455809,0.1875468867216804,0.1291866028708133,0.19047619047619047,0.03525881470367598,,0.6013749807607383
compas_core,3009,iid,B3,3,2,296,74,True,True,0.7297297297297297,0.7196969696969697,0.21532567049808438,0.13492063492063489,0.17045454545454541,0.04750957854406124,,0.6078339938540012
compas_core,3009,iid,B3,3,3,296,74,True,True,0.6351351351351351,0.6195010474195392,0.1863636363636364,0.26315789473684204,0.26315789473684204,0.2212121212121213,,0.5995829997118562
compas_core,3009,iid,B3,3,4,295,74,True,True,0.7432432432432432,0.7350668927831167,0.22505626406601642,0.05847953216374269,0.22333333333333338,0.0022505626406601476,,0.5985409952700138
compas_core,3009,iid,B3,3,5,295,74,True,True,0.7567567567567568,0.7448275862068966,0.07969348659003828,0.08080808080808077,0.08080808080808077,0.11647509578544057,,0.5933330103289336
compas_core,3009,iid,B3,3,6,295,74,True,True,0.6621621621621622,0.6102801769538656,0.2055513878469617,0.2272727272727273,0.2272727272727273,0.19279819954988742,,0.6022079905960709
compas_core,3009,iid,B3,3,7,295,74,True,True,0.7162162162162162,0.6961876832844575,0.1486590038314176,0.0050000000000000044,0.3423076923076923,0.15708812260536398,,0.5986670148558915
compas_core,3009,iid,B3,3,8,295,74,True,True,0.6486486486486487,0.5899403239556692,0.015151515151515138,0.04523809523809519,0.13913043478260867,0.1984848484848485,,0.5893330089747906
compas_core,3009,iid,B3,3,9,295,74,True,False,0.6351351351351351,0.626890756302521,0.3041765169424744,0.22282608695652173,0.3522727272727273,0.008668242710795915,,0.598999991780147
compas_core,3009,iid,B3,4,0,296,74,True,False,0.7432432432432432,0.7409250046065966,0.3044871794871795,0.018796992481202923,0.47413793103448276,0.19711538461538458,,0.6141250196378678
compas_core,3009,iid,B3,4,1,296,74,True,True,0.6891891891891891,0.6619662363455809,0.1875468867216804,0.1291866028708133,0.19047619047619047,0.03525881470367598,,0.5996660038363189
compas_core,3009,iid,B3,4,2,296,74,True,True,0.7297297297297297,0.7196969696969697,0.21532567049808438,0.13492063492063489,0.17045454545454541,0.04750957854406124,,0.60916697839275
compas_core,3009,iid,B3,4,3,296,74,True,True,0.6216216216216216,0.6030651340996169,0.1636363636363637,0.26315789473684204,0.26315789473684204,0.243939393939394,,0.5952089850325137
compas_core,3009,iid,B3,4,4,295,74,True,True,0.7297297297297297,0.7196969696969697,0.25731432858214554,0.05847953216374269,0.30666666666666664,0.03450862715678915,,0.6064999906811863
compas_core,3009,iid,B3,4,5,295,74,True,True,0.7702702702702703,0.7604265854123025,0.10191570881226053,0.08080808080808077,0.08080808080808077,0.09425287356321843,,0.5905000143684447
compas_core,3009,iid,B3,4,6,295,74,True,True,0.6621621621621622,0.6102801769538656,0.2055513878469617,0.2272727272727273,0.2272727272727273,0.19279819954988742,,0.5894579808227718
compas_core,3009,iid,B3,4,7,295,74,True,True,0.7432432432432432,0.7289377289377289,0.13639846743295014,0.0050000000000000044,0.31538461538461543,0.14482758620689662,,0.5894170026294887
compas_core,3009,iid,B3,4,8,295,74,True,True,0.6621621621621622,0.6008629989212513,0.007575757575757569,0.0023809523809523725,0.13913043478260867,0.17575757575757578,,0.592166994465515
compas_core,3009,iid,B3,4,9,295,74,True,False,0.6216216216216216,0.6114028507126781,0.2828999211977935,0.22282608695652173,0.3106060606060606,0.012608353033884967,,0.6002500012982637
compas_core,3009,iid,B3,5,0,296,74,True,False,0.7297297297297297,0.7265336289726534,0.28365384615384615,0.018796992481202923,0.4396551724137931,0.1762820512820512,,0.6109589885454625
compas_core,3009,iid,B3,5,1,296,74,True,True,0.6756756756756757,0.6501182033096926,0.21080270067516882,0.17464114832535882,0.19047619047619047,0.05851462865716428,,0.5996249965392053
compas_core,3009,iid,B3,5,2,296,74,True,True,0.7297297297297297,0.7196969696969697,0.21532567049808438,0.13492063492063489,0.17045454545454541,0.04750957854406124,,0.6054170080460608
compas_core,3009,iid,B3,5,3,296,74,True,True,0.6216216216216216,0.6030651340996169,0.1636363636363637,0.26315789473684204,0.26315789473684204,0.243939393939394,,0.5946660239715129
compas_core,3009,iid,B3,5,4,295,74,True,True,0.7297297297297297,0.7196969696969697,0.25731432858214554,0.05847953216374269,0.30666666666666664,0.03450862715678915,,0.607750000199303
compas_core,3009,iid,B3,5,5,295,74,True,True,0.7432432432432432,0.7322414778137498,0.10191570881226053,0.025252525252525193,0.06324110671936756,0.025287356321839094,,0.59254199732095
compas_core,3009,iid,B3,5,6,295,74,True,True,0.6621621621621622,0.6102801769538656,0.2055513878469617,0.2272727272727273,0.2272727272727273,0.19279819954988742,,0.6009170028846711
compas_core,3009,iid,B3,5,7,295,74,True,True,0.7567567567567568,0.7448275862068966,0.1586206896551724,0.0050000000000000044,0.3653846153846154,0.16704980842911876,,0.5894589994568378
compas_core,3009,iid,B3,5,8,295,74,True,True,0.6621621621621622,0.6008629989212513,0.007575757575757569,0.0023809523809523725,0.13913043478260867,0.17575757575757578,,0.6044999754521996
compas_core,3009,iid,B3,5,9,295,74,True,True,0.6351351351351351,0.6235161107970605,0.2616233254531126,0.17934782608695654,0.3106060606060606,0.008668242710795915,,0.5912920169066638
compas_core,3009,joint_dirichlet_0.3,B0,1,0,329,83,True,False,0.7710843373493976,0.5798028244071409,0.3333333333333333,0.3333333333333333,,0.511737089201878,"equalized_odds_gap,false_positive_rate_gap",0.6815840024501085
compas_core,3009,joint_dirichlet_0.3,B0,1,1,53,14,True,False,0.7857142857142857,0.44,,,,,"comparison_groups,subgroup_accuracy_gap",0.6343749992083758
compas_core,3009,joint_dirichlet_0.3,B0,1,2,244,61,True,False,0.8032786885245902,0.44545454545454544,,,,,"comparison_groups,subgroup_accuracy_gap",0.609499984420836
compas_core,3009,joint_dirichlet_0.3,B0,1,3,354,89,True,True,0.7191011235955056,0.48507289979171486,0.044117647058823484,0.01754385964912286,0.18181818181818177,0.5672268907563025,,0.6667920097243041
compas_core,3009,joint_dirichlet_0.3,B0,1,4,168,42,True,False,1.0,1.0,,,,,"comparison_groups,subgroup_accuracy_gap",0.5727079987991601
compas_core,3009,joint_dirichlet_0.3,B0,1,5,729,183,True,False,0.8306010928961749,0.4837564837564837,,,,,"comparison_groups,subgroup_accuracy_gap",0.6521249888464808
compas_core,3009,joint_dirichlet_0.3,B0,1,6,548,137,True,True,0.9854014598540146,0.4963235294117647,0.0,0.0,,0.06060606060606055,"equalized_odds_gap,false_positive_rate_gap",0.6513749831356108
compas_core,3009,joint_dirichlet_0.3,B0,1,7,328,83,True,False,0.9036144578313253,0.6406926406926406,,,,,"comparison_groups,subgroup_accuracy_gap",0.5960840207990259
compas_core,3009,joint_dirichlet_0.3,B0,1,8,66,17,True,False,1.0,1.0,,,,,"comparison_groups,subgroup_accuracy_gap",0.5355419998522848
compas_core,3009,joint_dirichlet_0.3,B0,1,9,132,34,True,False,0.9411764705882353,0.48484848484848486,,,,,"comparison_groups,subgroup_accuracy_gap",0.5771669966634363
compas_core,3009,joint_dirichlet_0.3,B0,2,0,329,83,True,False,0.8433734939759037,0.7646673936750272,0.4154929577464789,0.04545454545454547,,0.4014084507042254,"equalized_odds_gap,false_positive_rate_gap",0.6145419902168214
compas_core,3009,joint_dirichlet_0.3,B0,2,1,53,14,True,False,0.9285714285714286,0.8782608695652174,,,,,"comparison_groups,subgroup_accuracy_gap",0.5630000086966902
compas_core,3009,joint_dirichlet_0.3,B0,2,2,244,61,True,False,0.8032786885245902,0.44545454545454544,,,,,"comparison_groups,subgroup_accuracy_gap",0.5960419948678464
compas_core,3009,joint_dirichlet_0.3,B0,2,3,354,89,True,True,0.7078651685393258,0.5273692810457516,0.05532212885154053,0.07017543859649122,0.20606060606060606,0.49019607843137253,,0.6042919994797558
compas_core,3009,joint_dirichlet_0.3,B0,2,4,168,42,True,False,1.0,1.0,,,,,"comparison_groups,subgroup_accuracy_gap",0.5619580042548478
compas_core,3009,joint_dirichlet_0.3,B0,2,5,729,183,True,False,0.8142076502732241,0.5228527607361964,,,,,"comparison_groups,subgroup_accuracy_gap",0.6450419896282256
compas_core,3009,joint_dirichlet_0.3,B0,2,6,548,137,True,True,0.9635036496350365,0.49070631970260226,0.028846153846153855,0.028846153846153855,,0.0317599067599067,"equalized_odds_gap,false_positive_rate_gap",0.6400830170605332
compas_core,3009,joint_dirichlet_0.3,B0,2,7,328,83,True,False,0.9036144578313253,0.6406926406926406,,,,,"comparison_groups,subgroup_accuracy_gap",0.5931670020800084
compas_core,3009,joint_dirichlet_0.3,B0,2,8,66,17,True,False,1.0,1.0,,,,,"comparison_groups,subgroup_accuracy_gap",0.5357500049285591
compas_core,3009,joint_dirichlet_0.3,B0,2,9,132,34,True,False,0.9411764705882353,0.48484848484848486,,,,,"comparison_groups,subgroup_accuracy_gap",0.5705830117221922
compas_core,3009,joint_dirichlet_0.3,B0,3,0,329,83,True,False,0.8674698795180723,0.8156672723601858,0.5539906103286385,0.12121212121212122,,0.23474178403755874,"equalized_odds_gap,false_positive_rate_gap",0.6112499977461994
compas_core,3009,joint_dirichlet_0.3,B0,3,1,53,14,True,False,0.9285714285714286,0.8782608695652174,,,,,"comparison_groups,subgroup_accuracy_gap",0.5618330033030361
compas_core,3009,joint_dirichlet_0.3,B0,3,2,244,61,True,False,0.8524590163934426,0.692436974789916,,,,,"comparison_groups,subgroup_accuracy_gap",0.5905840080231428
compas_core,3009,joint_dirichlet_0.3,B0,3,3,354,89,True,True,0.6966292134831461,0.5393904542840713,0.09943977591036413,0.10526315789473684,0.296969696969697,0.4754901960784314,,0.6017920095473528
compas_core,3009,joint_dirichlet_0.3,B0,3,4,168,42,True,False,1.0,1.0,,,,,"comparison_groups,subgroup_accuracy_gap",0.5614580004476011
compas_core,3009,joint_dirichlet_0.3,B0,3,5,729,183,True,False,0.7759562841530054,0.49956646435003,,,,,"comparison_groups,subgroup_accuracy_gap",0.6442079902626574
compas_core,3009,joint_dirichlet_0.3,B0,3,6,548,137,True,True,0.9343065693430657,0.4830188679245283,0.06730769230769229,0.06730769230769229,,0.006701631701631738,"equalized_odds_gap,false_positive_rate_gap",0.6400000129360706
compas_core,3009,joint_dirichlet_0.3,B0,3,7,328,83,True,False,0.891566265060241,0.6244343891402715,,,,,"comparison_groups,subgroup_accuracy_gap",0.5916249938309193
compas_core,3009,joint_dirichlet_0.3,B0,3,8,66,17,True,False,1.0,1.0,,,,,"comparison_groups,subgroup_accuracy_gap",0.532125006429851
compas_core,3009,joint_dirichlet_0.3,B0,3,9,132,34,True,False,0.8823529411764706,0.46875,,,,,"comparison_groups,subgroup_accuracy_gap",0.5708750104531646
compas_core,3009,joint_dirichlet_0.3,B0,4,0,329,83,True,False,0.8433734939759037,0.8018365472910928,0.5669014084507042,0.11363636363636365,,0.10915492957746475,"equalized_odds_gap,false_positive_rate_gap",0.6092500116210431
compas_core,3009,joint_dirichlet_0.3,B0,4,1,53,14,True,False,0.9285714285714286,0.8782608695652174,,,,,"comparison_groups,subgroup_accuracy_gap",0.5557500116992742
compas_core,3009,joint_dirichlet_0.3,B0,4,2,244,61,True,False,0.8524590163934426,0.7588932806324111,,,,,"comparison_groups,subgroup_accuracy_gap",0.586417008889839
compas_core,3009,joint_dirichlet_0.3,B0,4,3,354,89,True,True,0.7078651685393258,0.5650375939849623,0.11414565826330525,0.10526315789473684,0.38787878787878793,0.49019607843137253,,0.5972499784547836
compas_core,3009,joint_dirichlet_0.3,B0,4,4,168,42,True,False,1.0,1.0,,,,,"comparison_groups,subgroup_accuracy_gap",0.5575000250246376
compas_core,3009,joint_dirichlet_0.3,B0,4,5,729,183,True,False,0.7431693989071039,0.4971645717626425,,,,,"comparison_groups,subgroup_accuracy_gap",0.6502089963760227
compas_core,3009,joint_dirichlet_0.3,B0,4,6,548,137,True,True,0.927007299270073,0.4810606060606061,0.07692307692307687,0.07692307692307687,,0.01631701631701632,"equalized_odds_gap,false_positive_rate_gap",0.636707991361618
compas_core,3009,joint_dirichlet_0.3,B0,4,7,328,83,True,False,0.891566265060241,0.6244343891402715,,,,,"comparison_groups,subgroup_accuracy_gap",0.5905000143684447
compas_core,3009,joint_dirichlet_0.3,B0,4,8,66,17,True,False,0.9411764705882353,0.48484848484848486,,,,,"comparison_groups,subgroup_accuracy_gap",0.538583000889048
compas_core,3009,joint_dirichlet_0.3,B0,4,9,132,34,True,False,0.8235294117647058,0.45161290322580644,,,,,"comparison_groups,subgroup_accuracy_gap",0.5692919949069619
compas_core,3009,joint_dirichlet_0.3,B0,5,0,329,83,True,False,0.8192771084337349,0.77740032183086,0.5387323943661972,0.11363636363636365,,0.08098591549295775,"equalized_odds_gap,false_positive_rate_gap",0.6077919970266521
compas_core,3009,joint_dirichlet_0.3,B0,5,1,53,14,True,False,0.9285714285714286,0.8782608695652174,,,,,"comparison_groups,subgroup_accuracy_gap",0.5566669860854745
compas_core,3009,joint_dirichlet_0.3,B0,5,2,244,61,True,False,0.7704918032786885,0.675531914893617,,,,,"comparison_groups,subgroup_accuracy_gap",0.5887080042157322
compas_core,3009,joint_dirichlet_0.3,B0,5,3,354,89,True,True,0.7191011235955056,0.5895591219332227,0.06652661064425769,0.10526315789473684,0.3212121212121213,0.4425770308123249,,0.5999169952701777
compas_core,3009,joint_dirichlet_0.3,B0,5,4,168,42,True,False,1.0,1.0,,,,,"comparison_groups,subgroup_accuracy_gap",0.5587909836322069
compas_core,3009,joint_dirichlet_0.3,B0,5,5,729,183,True,False,0.726775956284153,0.5265935430463576,,,,,"comparison_groups,subgroup_accuracy_gap",0.6419579731300473
compas_core,3009,joint_dirichlet_0.3,B0,5,6,548,137,True,True,0.9051094890510949,0.47509578544061304,0.10576923076923073,0.10576923076923073,,0.045163170163170174,"equalized_odds_gap,false_positive_rate_gap",0.6355410150717944
compas_core,3009,joint_dirichlet_0.3,B0,5,7,328,83,True,False,0.891566265060241,0.6244343891402715,,,,,"comparison_groups,subgroup_accuracy_gap",0.5886669969186187
compas_core,3009,joint_dirichlet_0.3,B0,5,8,66,17,True,False,0.9411764705882353,0.48484848484848486,,,,,"comparison_groups,subgroup_accuracy_gap",0.5333339795470238
compas_core,3009,joint_dirichlet_0.3,B0,5,9,132,34,True,False,0.8235294117647058,0.45161290322580644,,,,,"comparison_groups,subgroup_accuracy_gap",0.5707500095013529
compas_core,3009,joint_dirichlet_0.3,B1,1,0,329,83,True,False,0.7710843373493976,0.5798028244071409,0.3333333333333333,0.3333333333333333,,0.511737089201878,"equalized_odds_gap,false_positive_rate_gap",0.68374999682419
compas_core,3009,joint_dirichlet_0.3,B1,1,1,53,14,True,False,0.7857142857142857,0.44,,,,,"comparison_groups,subgroup_accuracy_gap",0.5901250115130097
compas_core,3009,joint_dirichlet_0.3,B1,1,2,244,61,True,False,0.8032786885245902,0.44545454545454544,,,,,"comparison_groups,subgroup_accuracy_gap",0.6090000097174197
compas_core,3009,joint_dirichlet_0.3,B1,1,3,354,89,True,True,0.7191011235955056,0.48507289979171486,0.044117647058823484,0.01754385964912286,0.18181818181818177,0.5672268907563025,,0.6131670088507235
compas_core,3009,joint_dirichlet_0.3,B1,1,4,168,42,True,False,1.0,1.0,,,,,"comparison_groups,subgroup_accuracy_gap",0.5670410173479468
compas_core,3009,joint_dirichlet_0.3,B1,1,5,729,183,True,False,0.8306010928961749,0.4837564837564837,,,,,"comparison_groups,subgroup_accuracy_gap",0.6428330088965595
compas_core,3009,joint_dirichlet_0.3,B1,1,6,548,137,True,True,0.9854014598540146,0.4963235294117647,0.0,0.0,,0.06060606060606055,"equalized_odds_gap,false_positive_rate_gap",0.6473330140579492
compas_core,3009,joint_dirichlet_0.3,B1,1,7,328,83,True,False,0.9036144578313253,0.6406926406926406,,,,,"comparison_groups,subgroup_accuracy_gap",0.596166995819658
compas_core,3009,joint_dirichlet_0.3,B1,1,8,66,17,True,False,1.0,1.0,,,,,"comparison_groups,subgroup_accuracy_gap",0.5357500049285591
compas_core,3009,joint_dirichlet_0.3,B1,1,9,132,34,True,False,0.9411764705882353,0.48484848484848486,,,,,"comparison_groups,subgroup_accuracy_gap",0.5767090187873691
compas_core,3009,joint_dirichlet_0.3,B1,2,0,329,83,True,False,0.8433734939759037,0.7646673936750272,0.4154929577464789,0.04545454545454547,,0.4014084507042254,"equalized_odds_gap,false_positive_rate_gap",0.6114160059951246
compas_core,3009,joint_dirichlet_0.3,B1,2,1,53,14,True,False,0.9285714285714286,0.8782608695652174,,,,,"comparison_groups,subgroup_accuracy_gap",0.5566249892581254
compas_core,3009,joint_dirichlet_0.3,B1,2,2,244,61,True,False,0.8032786885245902,0.44545454545454544,,,,,"comparison_groups,subgroup_accuracy_gap",0.5917090165894479
compas_core,3009,joint_dirichlet_0.3,B1,2,3,354,89,True,True,0.7078651685393258,0.5273692810457516,0.05532212885154053,0.07017543859649122,0.20606060606060606,0.49019607843137253,,0.5986250180285424
compas_core,3009,joint_dirichlet_0.3,B1,2,4,168,42,True,False,1.0,1.0,,,,,"comparison_groups,subgroup_accuracy_gap",0.5590840009972453
compas_core,3009,joint_dirichlet_0.3,B1,2,5,729,183,True,False,0.8142076502732241,0.5228527607361964,,,,,"comparison_groups,subgroup_accuracy_gap",0.6398750119842589
compas_core,3009,joint_dirichlet_0.3,B1,2,6,548,137,True,True,0.9635036496350365,0.49070631970260226,0.028846153846153855,0.028846153846153855,,0.0317599067599067,"equalized_odds_gap,false_positive_rate_gap",0.638457975583151
compas_core,3009,joint_dirichlet_0.3,B1,2,7,328,83,True,False,0.9036144578313253,0.6406926406926406,,,,,"comparison_groups,subgroup_accuracy_gap",0.5909579922445118
compas_core,3009,joint_dirichlet_0.3,B1,2,8,66,17,True,False,1.0,1.0,,,,,"comparison_groups,subgroup_accuracy_gap",0.5307910032570362
compas_core,3009,joint_dirichlet_0.3,B1,2,9,132,34,True,False,0.9411764705882353,0.48484848484848486,,,,,"comparison_groups,subgroup_accuracy_gap",0.5730830016545951
compas_core,3009,joint_dirichlet_0.3,B1,3,0,329,83,True,False,0.8674698795180723,0.8156672723601858,0.5539906103286385,0.12121212121212122,,0.23474178403755874,"equalized_odds_gap,false_positive_rate_gap",0.6089169764891267
compas_core,3009,joint_dirichlet_0.3,B1,3,1,53,14,True,False,0.9285714285714286,0.8782608695652174,,,,,"comparison_groups,subgroup_accuracy_gap",0.5577080009970814
compas_core,3009,joint_dirichlet_0.3,B1,3,2,244,61,True,False,0.8524590163934426,0.692436974789916,,,,,"comparison_groups,subgroup_accuracy_gap",0.5877079966012388
compas_core,3009,joint_dirichlet_0.3,B1,3,3,354,89,True,True,0.6966292134831461,0.5393904542840713,0.09943977591036413,0.10526315789473684,0.296969696969697,0.4754901960784314,,0.6014170066919178
compas_core,3009,joint_dirichlet_0.3,B1,3,4,168,42,True,False,1.0,1.0,,,,,"comparison_groups,subgroup_accuracy_gap",0.5585420003626496
compas_core,3009,joint_dirichlet_0.3,B1,3,5,729,183,True,False,0.7759562841530054,0.49956646435003,,,,,"comparison_groups,subgroup_accuracy_gap",0.645375024760142
compas_core,3009,joint_dirichlet_0.3,B1,3,6,548,137,True,True,0.9343065693430657,0.4830188679245283,0.06730769230769229,0.06730769230769229,,0.006701631701631738,"equalized_odds_gap,false_positive_rate_gap",0.6381249986588955
compas_core,3009,joint_dirichlet_0.3,B1,3,7,328,83,True,False,0.891566265060241,0.6244343891402715,,,,,"comparison_groups,subgroup_accuracy_gap",0.5927919992245734
compas_core,3009,joint_dirichlet_0.3,B1,3,8,66,17,True,False,1.0,1.0,,,,,"comparison_groups,subgroup_accuracy_gap",0.531750003574416
compas_core,3009,joint_dirichlet_0.3,B1,3,9,132,34,True,False,0.8823529411764706,0.46875,,,,,"comparison_groups,subgroup_accuracy_gap",0.582040986046195
compas_core,3009,joint_dirichlet_0.3,B1,4,0,329,83,True,False,0.8433734939759037,0.8018365472910928,0.5669014084507042,0.11363636363636365,,0.10915492957746475,"equalized_odds_gap,false_positive_rate_gap",0.6224579992704093
compas_core,3009,joint_dirichlet_0.3,B1,4,1,53,14,True,False,0.9285714285714286,0.8782608695652174,,,,,"comparison_groups,subgroup_accuracy_gap",0.5812090239487588
compas_core,3009,joint_dirichlet_0.3,B1,4,2,244,61,True,False,0.8524590163934426,0.7588932806324111,,,,,"comparison_groups,subgroup_accuracy_gap",0.5952920182608068
compas_core,3009,joint_dirichlet_0.3,B1,4,3,354,89,True,True,0.7078651685393258,0.5650375939849623,0.11414565826330525,0.10526315789473684,0.38787878787878793,0.49019607843137253,,0.5994170205667615
compas_core,3009,joint_dirichlet_0.3,B1,4,4,168,42,True,False,1.0,1.0,,,,,"comparison_groups,subgroup_accuracy_gap",0.556707993382588
compas_core,3009,joint_dirichlet_0.3,B1,4,5,729,183,True,False,0.7431693989071039,0.4971645717626425,,,,,"comparison_groups,subgroup_accuracy_gap",0.6436249823309481
compas_core,3009,joint_dirichlet_0.3,B1,4,6,548,137,True,True,0.927007299270073,0.4810606060606061,0.07692307692307687,0.07692307692307687,,0.01631701631701632,"equalized_odds_gap,false_positive_rate_gap",0.6361250125337392
compas_core,3009,joint_dirichlet_0.3,B1,4,7,328,83,True,False,0.891566265060241,0.6244343891402715,,,,,"comparison_groups,subgroup_accuracy_gap",0.5974579835310578
compas_core,3009,joint_dirichlet_0.3,B1,4,8,66,17,True,False,0.9411764705882353,0.48484848484848486,,,,,"comparison_groups,subgroup_accuracy_gap",0.5456249928101897
compas_core,3009,joint_dirichlet_0.3,B1,4,9,132,34,True,False,0.8235294117647058,0.45161290322580644,,,,,"comparison_groups,subgroup_accuracy_gap",0.5714580183848739
compas_core,3009,joint_dirichlet_0.3,B1,5,0,329,83,True,False,0.8192771084337349,0.77740032183086,0.5387323943661972,0.11363636363636365,,0.08098591549295775,"equalized_odds_gap,false_positive_rate_gap",0.622958003077656
compas_core,3009,joint_dirichlet_0.3,B1,5,1,53,14,True,False,0.9285714285714286,0.8782608695652174,,,,,"comparison_groups,subgroup_accuracy_gap",0.6003339949529618
compas_core,3009,joint_dirichlet_0.3,B1,5,2,244,61,True,False,0.7704918032786885,0.675531914893617,,,,,"comparison_groups,subgroup_accuracy_gap",0.5947909958194941
compas_core,3009,joint_dirichlet_0.3,B1,5,3,354,89,True,True,0.7191011235955056,0.5895591219332227,0.06652661064425769,0.10526315789473684,0.3212121212121213,0.4425770308123249,,0.5971670034341514
compas_core,3009,joint_dirichlet_0.3,B1,5,4,168,42,True,False,1.0,1.0,,,,,"comparison_groups,subgroup_accuracy_gap",0.5600839795079082
compas_core,3009,joint_dirichlet_0.3,B1,5,5,729,183,True,False,0.726775956284153,0.5265935430463576,,,,,"comparison_groups,subgroup_accuracy_gap",0.6433750095311552
compas_core,3009,joint_dirichlet_0.3,B1,5,6,548,137,True,True,0.9051094890510949,0.47509578544061304,0.10576923076923073,0.10576923076923073,,0.045163170163170174,"equalized_odds_gap,false_positive_rate_gap",0.6359170074574649
compas_core,3009,joint_dirichlet_0.3,B1,5,7,328,83,True,False,0.891566265060241,0.6244343891402715,,,,,"comparison_groups,subgroup_accuracy_gap",0.5883749981876463
compas_core,3009,joint_dirichlet_0.3,B1,5,8,66,17,True,False,0.9411764705882353,0.48484848484848486,,,,,"comparison_groups,subgroup_accuracy_gap",0.5325000092852861
compas_core,3009,joint_dirichlet_0.3,B1,5,9,132,34,True,False,0.8235294117647058,0.45161290322580644,,,,,"comparison_groups,subgroup_accuracy_gap",0.5697080050595105
compas_core,3009,joint_dirichlet_0.3,B3,1,0,329,83,True,False,0.7710843373493976,0.5798028244071409,0.3333333333333333,0.3333333333333333,,0.511737089201878,"equalized_odds_gap,false_positive_rate_gap",0.6931659881956875
compas_core,3009,joint_dirichlet_0.3,B3,1,1,53,14,True,False,0.7857142857142857,0.44,,,,,"comparison_groups,subgroup_accuracy_gap",0.5971250066068023
compas_core,3009,joint_dirichlet_0.3,B3,1,2,244,61,True,False,0.8032786885245902,0.44545454545454544,,,,,"comparison_groups,subgroup_accuracy_gap",0.6031249940861017
compas_core,3009,joint_dirichlet_0.3,B3,1,3,354,89,True,True,0.7191011235955056,0.48507289979171486,0.044117647058823484,0.01754385964912286,0.18181818181818177,0.5672268907563025,,0.6181669887155294
compas_core,3009,joint_dirichlet_0.3,B3,1,4,168,42,True,False,1.0,1.0,,,,,"comparison_groups,subgroup_accuracy_gap",0.5660830065608025
compas_core,3009,joint_dirichlet_0.3,B3,1,5,729,183,True,False,0.8306010928961749,0.4837564837564837,,,,,"comparison_groups,subgroup_accuracy_gap",0.6531669932883233
compas_core,3009,joint_dirichlet_0.3,B3,1,6,548,137,True,True,0.9854014598540146,0.4963235294117647,0.0,0.0,,0.06060606060606055,"equalized_odds_gap,false_positive_rate_gap",0.6710839807055891
compas_core,3009,joint_dirichlet_0.3,B3,1,7,328,83,True,False,0.9036144578313253,0.6406926406926406,,,,,"comparison_groups,subgroup_accuracy_gap",0.6236670014914125
compas_core,3009,joint_dirichlet_0.3,B3,1,8,66,17,True,False,1.0,1.0,,,,,"comparison_groups,subgroup_accuracy_gap",0.5641249881591648
compas_core,3009,joint_dirichlet_0.3,B3,1,9,132,34,True,False,0.9411764705882353,0.48484848484848486,,,,,"comparison_groups,subgroup_accuracy_gap",0.6054579862393439
compas_core,3009,joint_dirichlet_0.3,B3,2,0,329,83,True,False,0.5662650602409639,0.5662020905923345,0.3380281690140845,0.0,,0.5070422535211268,"equalized_odds_gap,false_positive_rate_gap",0.6477090064436197
compas_core,3009,joint_dirichlet_0.3,B3,2,1,53,14,True,False,0.7857142857142857,0.44,,,,,"comparison_groups,subgroup_accuracy_gap",0.5706249794457108
compas_core,3009,joint_dirichlet_0.3,B3,2,2,244,61,True,False,0.3770491803278688,0.3768817204301075,,,,,"comparison_groups,subgroup_accuracy_gap",0.6037080020178109
compas_core,3009,joint_dirichlet_0.3,B3,2,3,354,89,True,True,0.7191011235955056,0.48507289979171486,0.044117647058823484,0.01754385964912286,0.18181818181818177,0.5672268907563025,,0.5998749984428287
compas_core,3009,joint_dirichlet_0.3,B3,2,4,168,42,True,False,1.0,1.0,,,,,"comparison_groups,subgroup_accuracy_gap",0.5659580056089908
compas_core,3009,joint_dirichlet_0.3,B3,2,5,729,183,True,False,0.6174863387978142,0.5731138363103172,,,,,"comparison_groups,subgroup_accuracy_gap",0.6424169987440109
compas_core,3009,joint_dirichlet_0.3,B3,2,6,548,137,True,True,0.9854014598540146,0.4963235294117647,0.0,0.0,,0.06060606060606055,"equalized_odds_gap,false_positive_rate_gap",0.6620839994866401
compas_core,3009,joint_dirichlet_0.3,B3,2,7,328,83,True,False,0.891566265060241,0.5618768328445748,,,,,"comparison_groups,subgroup_accuracy_gap",0.6168340041767806
compas_core,3009,joint_dirichlet_0.3,B3,2,8,66,17,True,False,0.8823529411764706,0.46875,,,,,"comparison_groups,subgroup_accuracy_gap",0.5562500155065209
compas_core,3009,joint_dirichlet_0.3,B3,2,9,132,34,True,False,0.8823529411764706,0.46875,,,,,"comparison_groups,subgroup_accuracy_gap",0.5955839878879488
compas_core,3009,joint_dirichlet_0.3,B3,3,0,329,83,True,False,0.39759036144578314,0.38244047619047616,0.14084507042253525,0.0,,0.704225352112676,"equalized_odds_gap,false_positive_rate_gap",0.6376249948516488
compas_core,3009,joint_dirichlet_0.3,B3,3,1,53,14,True,False,0.7857142857142857,0.44,,,,,"comparison_groups,subgroup_accuracy_gap",0.5918749957345426
compas_core,3009,joint_dirichlet_0.3,B3,3,2,244,61,True,False,0.21311475409836064,0.18666666666666665,,,,,"comparison_groups,subgroup_accuracy_gap",0.6286250136326998
compas_core,3009,joint_dirichlet_0.3,B3,3,3,354,89,True,True,0.7303370786516854,0.49142857142857144,0.02941176470588236,0.0,0.18181818181818177,0.5819327731092437,,0.6052909884601831
compas_core,3009,joint_dirichlet_0.3,B3,3,4,168,42,True,False,1.0,1.0,,,,,"comparison_groups,subgroup_accuracy_gap",0.556667015189305
compas_core,3009,joint_dirichlet_0.3,B3,3,5,729,183,True,False,0.3442622950819672,0.3442427138079312,,,,,"comparison_groups,subgroup_accuracy_gap",0.6481249874923378
compas_core,3009,joint_dirichlet_0.3,B3,3,6,548,137,True,True,0.9854014598540146,0.4963235294117647,0.0,0.0,,0.06060606060606055,"equalized_odds_gap,false_positive_rate_gap",0.6415839889086783
compas_core,3009,joint_dirichlet_0.3,B3,3,7,328,83,True,False,0.8795180722891566,0.46794871794871795,,,,,"comparison_groups,subgroup_accuracy_gap",0.6192500004544854
compas_core,3009,joint_dirichlet_0.3,B3,3,8,66,17,True,False,0.17647058823529413,0.15,,,,,"comparison_groups,subgroup_accuracy_gap",0.5623329780064523
compas_core,3009,joint_dirichlet_0.3,B3,3,9,132,34,True,False,0.058823529411764705,0.05555555555555555,,,,,"comparison_groups,subgroup_accuracy_gap",0.5993329978082329
compas_core,3009,joint_dirichlet_0.3,B3,4,0,329,83,True,False,0.3373493975903614,0.3046458492003047,0.07042253521126762,0.0,,0.7746478873239436,"equalized_odds_gap,false_positive_rate_gap",0.601625011768192
compas_core,3009,joint_dirichlet_0.3,B3,4,1,53,14,True,False,0.7857142857142857,0.44,,,,,"comparison_groups,subgroup_accuracy_gap",0.5798749916721135
compas_core,3009,joint_dirichlet_0.3,B3,4,2,244,61,True,False,0.21311475409836064,0.18666666666666665,,,,,"comparison_groups,subgroup_accuracy_gap",0.6116669974289834
compas_core,3009,joint_dirichlet_0.3,B3,4,3,354,89,True,True,0.7191011235955056,0.45425558008339467,0.014705882352941124,0.0,0.09090909090909094,0.5672268907563025,,0.6359170074574649
compas_core,3009,joint_dirichlet_0.3,B3,4,4,168,42,True,False,1.0,1.0,,,,,"comparison_groups,subgroup_accuracy_gap",0.5853330076206475
compas_core,3009,joint_dirichlet_0.3,B3,4,5,729,183,True,False,0.273224043715847,0.2689454239629952,,,,,"comparison_groups,subgroup_accuracy_gap",0.6629580166190863
compas_core,3009,joint_dirichlet_0.3,B3,4,6,548,137,True,True,0.9854014598540146,0.4963235294117647,0.0,0.0,,0.06060606060606055,"equalized_odds_gap,false_positive_rate_gap",0.639540987322107
compas_core,3009,joint_dirichlet_0.3,B3,4,7,328,83,True,False,0.8795180722891566,0.46794871794871795,,,,,"comparison_groups,subgroup_accuracy_gap",0.6076249992474914
compas_core,3009,joint_dirichlet_0.3,B3,4,8,66,17,True,False,0.0,0.0,,,,,"comparison_groups,subgroup_accuracy_gap",0.540416978765279
compas_core,3009,joint_dirichlet_0.3,B3,4,9,132,34,True,False,0.058823529411764705,0.05555555555555555,,,,,"comparison_groups,subgroup_accuracy_gap",0.5847080028615892
compas_core,3009,joint_dirichlet_0.3,B3,5,0,329,83,True,False,0.3132530120481928,0.27092001849283404,0.04225352112676062,0.0,,0.8028169014084507,"equalized_odds_gap,false_positive_rate_gap",0.6458330026362091
compas_core,3009,joint_dirichlet_0.3,B3,5,1,53,14,True,False,0.7857142857142857,0.44,,,,,"comparison_groups,subgroup_accuracy_gap",0.5830000154674053
compas_core,3009,joint_dirichlet_0.3,B3,5,2,244,61,True,False,0.19672131147540983,0.1643835616438356,,,,,"comparison_groups,subgroup_accuracy_gap",0.6203329830896109
compas_core,3009,joint_dirichlet_0.3,B3,5,3,354,89,True,True,0.7191011235955056,0.45425558008339467,0.014705882352941124,0.0,0.09090909090909094,0.5672268907563025,,0.6013749807607383
compas_core,3009,joint_dirichlet_0.3,B3,5,4,168,42,True,False,1.0,1.0,,,,,"comparison_groups,subgroup_accuracy_gap",0.5616669950541109
compas_core,3009,joint_dirichlet_0.3,B3,5,5,729,183,True,False,0.23497267759562843,0.22476397966594044,,,,,"comparison_groups,subgroup_accuracy_gap",0.6679579964838922
compas_core,3009,joint_dirichlet_0.3,B3,5,6,548,137,True,True,0.9854014598540146,0.4963235294117647,0.0,0.0,,0.06060606060606055,"equalized_odds_gap,false_positive_rate_gap",0.6625420064665377
compas_core,3009,joint_dirichlet_0.3,B3,5,7,328,83,True,False,0.8795180722891566,0.46794871794871795,,,,,"comparison_groups,subgroup_accuracy_gap",0.6481659947894514
compas_core,3009,joint_dirichlet_0.3,B3,5,8,66,17,True,False,0.0,0.0,,,,,"comparison_groups,subgroup_accuracy_gap",0.5594579852186143
compas_core,3009,joint_dirichlet_0.3,B3,5,9,132,34,True,False,0.058823529411764705,0.05555555555555555,,,,,"comparison_groups,subgroup_accuracy_gap",0.6040419975761324
compas_core,3010,iid,B0,1,0,296,74,True,True,0.6621621621621622,0.6186353329210472,0.15372670807453426,0.13043478260869568,0.13043478260869568,0.08385093167701863,,0.8591669902671129
compas_core,3010,iid,B0,1,1,296,74,True,True,0.7162162162162162,0.7004048582995952,0.21726190476190477,0.06265664160401008,0.24505928853754938,0.004464285714285698,,0.6780829862691462
compas_core,3010,iid,B0,1,2,296,74,True,False,0.6486486486486487,0.6145833333333333,0.3033884948778566,0.07754010695187163,0.52,0.08825847123719466,,0.6408749904949218
compas_core,3010,iid,B0,1,3,296,74,True,True,0.6621621621621622,0.6383186705767351,0.2743295019157088,0.018716577540106916,0.5253623188405796,0.1816091954022988,,0.6333749915938824
compas_core,3010,iid,B0,1,4,295,74,True,False,0.6621621621621622,0.6591118481665745,0.31417624521072796,0.11111111111111116,0.4772727272727273,0.12490421455938705,,0.6296659994404763
compas_core,3010,iid,B0,1,5,295,74,True,True,0.6351351351351351,0.6345344796049022,0.2588147036759189,0.22777777777777775,0.2341137123745819,0.017254313578394576,,0.6552909908350557
compas_core,3010,iid,B0,1,6,295,74,True,False,0.6081081081081081,0.5479250052664841,0.19129782445611399,0.18181818181818177,0.18181818181818177,0.06376594148537129,,0.6032499950379133
compas_core,3010,iid,B0,1,7,295,74,True,False,0.7297297297297297,0.7127329192546584,0.3754789272030651,0.08080808080808077,0.6482213438735178,0.17931034482758623,,0.6323750130832195
compas_core,3010,iid,B0,1,8,295,74,True,True,0.6621621621621622,0.660612731608879,0.2360248447204969,0.07440476190476186,0.51,0.26086956521739135,,0.6207919795997441
compas_core,3010,iid,B0,1,9,295,74,True,True,0.6891891891891891,0.6619662363455809,0.2321428571428571,0.09999999999999998,0.29545454545454547,0.0029761904761904656,,0.6020000146236271
compas_core,3010,iid,B0,2,0,296,74,True,True,0.6756756756756757,0.6375510204081632,0.17546583850931685,0.13043478260869568,0.1620553359683795,0.06211180124223603,,0.6418749981094152
compas_core,3010,iid,B0,2,1,296,74,True,True,0.7162162162162162,0.7040563702151971,0.26488095238095233,0.11528822055137844,0.2885375494071146,0.004464285714285698,,0.6595419836230576
compas_core,3010,iid,B0,2,2,296,74,True,False,0.6621621621621622,0.6325719960278053,0.32466509062253734,0.07754010695187163,0.56,0.10953506698187554,,0.6427500047720969
compas_core,3010,iid,B0,2,3,296,74,True,True,0.6621621621621622,0.6383186705767351,0.2743295019157088,0.018716577540106916,0.5253623188405796,0.1816091954022988,,0.6398750119842589
compas_core,3010,iid,B0,2,4,295,74,True,True,0.6486486486486487,0.6421130952380952,0.2475095785440613,0.06349206349206349,0.393939393939394,0.1026819923371648,,0.6089159869588912
compas_core,3010,iid,B0,2,5,295,74,True,True,0.6621621621621622,0.6591118481665745,0.22130532633158295,0.07777777777777783,0.3110367892976589,0.08477119279819956,,0.6167500105220824
compas_core,3010,iid,B0,2,6,295,74,True,True,0.6216216216216216,0.5683333333333334,0.2145536384096024,0.18181818181818177,0.22710622710622708,0.04051012753188299,,0.6264580006245524
compas_core,3010,iid,B0,2,7,295,74,True,False,0.7432432432432432,0.7289377289377289,0.34099616858237547,0.08080808080808077,0.557312252964427,0.14482758620689662,,0.6069170194678009
compas_core,3010,iid,B0,2,8,295,74,True,True,0.6756756756756757,0.6735294117647059,0.2717391304347826,0.011904761904761862,0.51,0.22515527950310565,,0.6060000159777701
compas_core,3010,iid,B0,2,9,295,74,True,True,0.6756756756756757,0.65527950310559,0.24851190476190477,0.09999999999999998,0.3409090909090909,0.034226190476190466,,0.5966669996269047
compas_core,3010,iid,B0,3,0,296,74,True,True,0.6756756756756757,0.6375510204081632,0.17546583850931685,0.13043478260869568,0.1620553359683795,0.06211180124223603,,0.6064999906811863
compas_core,3010,iid,B0,3,1,296,74,True,True,0.7027027027027027,0.6881226053639846,0.2410714285714286,0.11528822055137844,0.24505928853754938,0.028273809523809534,,0.6165410159155726
compas_core,3010,iid,B0,3,2,296,74,True,False,0.6756756756756757,0.6501182033096926,0.3459416863672182,0.07754010695187163,0.6,0.13081166272655642,,0.5989579949527979
compas_core,3010,iid,B0,3,3,296,74,True,True,0.6621621621621622,0.6383186705767351,0.2743295019157088,0.018716577540106916,0.5253623188405796,0.1816091954022988,,0.604833010584116
compas_core,3010,iid,B0,3,4,295,74,True,False,0.6891891891891891,0.6792915017900886,0.2942528735632184,0.12698412698412698,0.393939393939394,0.05593869731800771,,0.6544589996337891
compas_core,3010,iid,B0,3,5,295,74,True,True,0.6216216216216216,0.6145833333333333,0.26256564141035255,0.07777777777777783,0.42140468227424754,0.12603150787696926,,0.6426250038202852
compas_core,3010,iid,B0,3,6,295,74,True,True,0.6216216216216216,0.5771428571428572,0.2055513878469617,0.2272727272727273,0.2272727272727273,0.0960240060015003,,0.6524999917019159
compas_core,3010,iid,B0,3,7,295,74,True,False,0.7432432432432432,0.7289377289377289,0.34099616858237547,0.08080808080808077,0.557312252964427,0.14482758620689662,,0.5953329964540899
compas_core,3010,iid,B0,3,8,295,74,True,False,0.6756756756756757,0.6696428571428572,0.2996894409937888,0.0029761904761904656,0.5533333333333333,0.22515527950310565,,0.5987499898765236
compas_core,3010,iid,B0,3,9,295,74,True,True,0.6756756756756757,0.65527950310559,0.24851190476190477,0.09999999999999998,0.3409090909090909,0.034226190476190466,,0.5970420024823397
compas_core,3010,iid,B0,4,0,296,74,True,True,0.6891891891891891,0.6559531028906408,0.19720496894409945,0.13043478260869568,0.2055335968379447,0.04037267080745344,,0.6041669985279441
compas_core,3010,iid,B0,4,1,296,74,True,True,0.7027027027027027,0.6881226053639846,0.2410714285714286,0.11528822055137844,0.24505928853754938,0.028273809523809534,,0.600875006057322
compas_core,3010,iid,B0,4,2,296,74,True,False,0.6756756756756757,0.6501182033096926,0.3459416863672182,0.07754010695187163,0.6,0.13081166272655642,,0.6027079944033176
compas_core,3010,iid,B0,4,3,296,74,True,True,0.6621621621621622,0.6383186705767351,0.2743295019157088,0.018716577540106916,0.5253623188405796,0.1816091954022988,,0.5951659986749291
compas_core,3010,iid,B0,4,4,295,74,True,False,0.6891891891891891,0.6792915017900886,0.2942528735632184,0.12698412698412698,0.393939393939394,0.05593869731800771,,0.5941670096945018
compas_core,3010,iid,B0,4,5,295,74,True,True,0.6216216216216216,0.6145833333333333,0.26256564141035255,0.07777777777777783,0.42140468227424754,0.12603150787696926,,0.5975000094622374
compas_core,3010,iid,B0,4,6,295,74,True,True,0.6351351351351351,0.5961188599151,0.2288072018004501,0.2272727272727273,0.2272727272727273,0.07276819204801199,,0.5937499809078872
compas_core,3010,iid,B0,4,7,295,74,True,False,0.7432432432432432,0.7289377289377289,0.34099616858237547,0.08080808080808077,0.557312252964427,0.14482758620689662,,0.5976670072413981
compas_core,3010,iid,B0,4,8,295,74,True,False,0.6891891891891891,0.6821661998132587,0.3354037267080745,0.06547619047619047,0.5533333333333333,0.18944099378881996,,0.5951659986749291
compas_core,3010,iid,B0,4,9,295,74,True,True,0.6756756756756757,0.65527950310559,0.24851190476190477,0.09999999999999998,0.3409090909090909,0.034226190476190466,,0.5949579935986549
compas_core,3010,iid,B0,5,0,296,74,True,True,0.6891891891891891,0.6559531028906408,0.19720496894409945,0.13043478260869568,0.2055335968379447,0.04037267080745344,,0.6599999906029552
compas_core,3010,iid,B0,5,1,296,74,True,True,0.7027027027027027,0.6881226053639846,0.2410714285714286,0.11528822055137844,0.24505928853754938,0.028273809523809534,,0.6537919980473816
compas_core,3010,iid,B0,5,2,296,74,True,False,0.6621621621621622,0.6383186705767351,0.3672182821118991,0.12299465240641705,0.6,0.10953506698187554,,0.6394579831976444
compas_core,3010,iid,B0,5,3,296,74,True,True,0.6621621621621622,0.6383186705767351,0.2743295019157088,0.018716577540106916,0.5253623188405796,0.1816091954022988,,0.5990409990772605
compas_core,3010,iid,B0,5,4,295,74,True,False,0.6891891891891891,0.6792915017900886,0.2942528735632184,0.12698412698412698,0.393939393939394,0.05593869731800771,,0.5998749984428287
compas_core,3010,iid,B0,5,5,295,74,True,True,0.6216216216216216,0.6145833333333333,0.26256564141035255,0.07777777777777783,0.42140468227424754,0.12603150787696926,,0.5984999879729003
compas_core,3010,iid,B0,5,6,295,74,True,True,0.6351351351351351,0.5961188599151,0.2288072018004501,0.2272727272727273,0.2272727272727273,0.07276819204801199,,0.5955829983577132
compas_core,3010,iid,B0,5,7,295,74,True,False,0.7567567567567568,0.7448275862068966,0.30651340996168575,0.08080808080808077,0.466403162055336,0.1103448275862069,,0.5977079854346812
compas_core,3010,iid,B0,5,8,295,74,True,False,0.6891891891891891,0.6821661998132587,0.3354037267080745,0.06547619047619047,0.5533333333333333,0.18944099378881996,,0.5968330078758299
compas_core,3010,iid,B0,5,9,295,74,True,True,0.6756756756756757,0.65527950310559,0.24851190476190477,0.09999999999999998,0.3409090909090909,0.034226190476190466,,0.595041987253353
compas_core,3010,iid,B1,1,0,296,74,True,True,0.6621621621621622,0.6186353329210472,0.15372670807453426,0.13043478260869568,0.13043478260869568,0.08385093167701863,,0.689583015628159
compas_core,3010,iid,B1,1,1,296,74,True,True,0.7162162162162162,0.7004048582995952,0.21726190476190477,0.06265664160401008,0.24505928853754938,0.004464285714285698,,0.6234169995877892
compas_core,3010,iid,B1,1,2,296,74,True,False,0.6486486486486487,0.6145833333333333,0.3033884948778566,0.07754010695187163,0.52,0.08825847123719466,,0.6111670227255672
compas_core,3010,iid,B1,1,3,296,74,True,True,0.6621621621621622,0.6383186705767351,0.2743295019157088,0.018716577540106916,0.5253623188405796,0.1816091954022988,,0.6046250055078417
compas_core,3010,iid,B1,1,4,295,74,True,False,0.6621621621621622,0.6591118481665745,0.31417624521072796,0.11111111111111116,0.4772727272727273,0.12490421455938705,,0.6046670023351908
compas_core,3010,iid,B1,1,5,295,74,True,True,0.6351351351351351,0.6345344796049022,0.2588147036759189,0.22777777777777775,0.2341137123745819,0.017254313578394576,,0.6052079843357205
compas_core,3010,iid,B1,1,6,295,74,True,False,0.6081081081081081,0.5479250052664841,0.19129782445611399,0.18181818181818177,0.18181818181818177,0.06376594148537129,,0.6086670036893338
compas_core,3010,iid,B1,1,7,295,74,True,False,0.7297297297297297,0.7127329192546584,0.3754789272030651,0.08080808080808077,0.6482213438735178,0.17931034482758623,,0.6031660013832152
compas_core,3010,iid,B1,1,8,295,74,True,True,0.6621621621621622,0.660612731608879,0.2360248447204969,0.07440476190476186,0.51,0.26086956521739135,,0.5986659962218255
compas_core,3010,iid,B1,1,9,295,74,True,True,0.6891891891891891,0.6619662363455809,0.2321428571428571,0.09999999999999998,0.29545454545454547,0.0029761904761904656,,0.5964589945506305
compas_core,3010,iid,B1,2,0,296,74,True,True,0.6756756756756757,0.6375510204081632,0.17546583850931685,0.13043478260869568,0.1620553359683795,0.06211180124223603,,0.6108329980634153
compas_core,3010,iid,B1,2,1,296,74,True,True,0.7162162162162162,0.7040563702151971,0.26488095238095233,0.11528822055137844,0.2885375494071146,0.004464285714285698,,0.605874985922128
compas_core,3010,iid,B1,2,2,296,74,True,False,0.6621621621621622,0.6325719960278053,0.32466509062253734,0.07754010695187163,0.56,0.10953506698187554,,0.6054170080460608
compas_core,3010,iid,B1,2,3,296,74,True,True,0.6621621621621622,0.6383186705767351,0.2743295019157088,0.018716577540106916,0.5253623188405796,0.1816091954022988,,0.605916982749477
compas_core,3010,iid,B1,2,4,295,74,True,True,0.6486486486486487,0.6421130952380952,0.2475095785440613,0.06349206349206349,0.393939393939394,0.1026819923371648,,0.6002919981256127
compas_core,3010,iid,B1,2,5,295,74,True,True,0.6621621621621622,0.6591118481665745,0.22130532633158295,0.07777777777777783,0.3110367892976589,0.08477119279819956,,0.6004159804433584
compas_core,3010,iid,B1,2,6,295,74,True,True,0.6216216216216216,0.5683333333333334,0.2145536384096024,0.18181818181818177,0.22710622710622708,0.04051012753188299,,0.5970829806756228
compas_core,3010,iid,B1,2,7,295,74,True,False,0.7432432432432432,0.7289377289377289,0.34099616858237547,0.08080808080808077,0.557312252964427,0.14482758620689662,,0.5994160019326955
compas_core,3010,iid,B1,2,8,295,74,True,True,0.6756756756756757,0.6735294117647059,0.2717391304347826,0.011904761904761862,0.51,0.22515527950310565,,0.5959160043857992
compas_core,3010,iid,B1,2,9,295,74,True,True,0.6756756756756757,0.65527950310559,0.24851190476190477,0.09999999999999998,0.3409090909090909,0.034226190476190466,,0.5978330154903233
compas_core,3010,iid,B1,3,0,296,74,True,True,0.6756756756756757,0.6375510204081632,0.17546583850931685,0.13043478260869568,0.1620553359683795,0.06211180124223603,,0.6173750152811408
compas_core,3010,iid,B1,3,1,296,74,True,True,0.7027027027027027,0.6881226053639846,0.2410714285714286,0.11528822055137844,0.24505928853754938,0.028273809523809534,,0.6028750212863088
compas_core,3010,iid,B1,3,2,296,74,True,False,0.6756756756756757,0.6501182033096926,0.3459416863672182,0.07754010695187163,0.6,0.13081166272655642,,0.60299999313429
compas_core,3010,iid,B1,3,3,296,74,True,True,0.6621621621621622,0.6383186705767351,0.2743295019157088,0.018716577540106916,0.5253623188405796,0.1816091954022988,,0.6013329839333892
compas_core,3010,iid,B1,3,4,295,74,True,False,0.6891891891891891,0.6792915017900886,0.2942528735632184,0.12698412698412698,0.393939393939394,0.05593869731800771,,0.5996660038363189
compas_core,3010,iid,B1,3,5,295,74,True,True,0.6216216216216216,0.6145833333333333,0.26256564141035255,0.07777777777777783,0.42140468227424754,0.12603150787696926,,0.5994160019326955
compas_core,3010,iid,B1,3,6,295,74,True,True,0.6216216216216216,0.5771428571428572,0.2055513878469617,0.2272727272727273,0.2272727272727273,0.0960240060015003,,0.5977080145385116
compas_core,3010,iid,B1,3,7,295,74,True,False,0.7432432432432432,0.7289377289377289,0.34099616858237547,0.08080808080808077,0.557312252964427,0.14482758620689662,,0.5978329863864928
compas_core,3010,iid,B1,3,8,295,74,True,False,0.6756756756756757,0.6696428571428572,0.2996894409937888,0.0029761904761904656,0.5533333333333333,0.22515527950310565,,0.5985420139040798
compas_core,3010,iid,B1,3,9,295,74,True,True,0.6756756756756757,0.65527950310559,0.24851190476190477,0.09999999999999998,0.3409090909090909,0.034226190476190466,,0.6173330184537917
compas_core,3010,iid,B1,4,0,296,74,True,True,0.6891891891891891,0.6559531028906408,0.19720496894409945,0.13043478260869568,0.2055335968379447,0.04037267080745344,,0.6074169941712171
compas_core,3010,iid,B1,4,1,296,74,True,True,0.7027027027027027,0.6881226053639846,0.2410714285714286,0.11528822055137844,0.24505928853754938,0.028273809523809534,,0.6108339875936508
compas_core,3010,iid,B1,4,2,296,74,True,False,0.6756756756756757,0.6501182033096926,0.3459416863672182,0.07754010695187163,0.6,0.13081166272655642,,0.6112919945735484
compas_core,3010,iid,B1,4,3,296,74,True,True,0.6621621621621622,0.6383186705767351,0.2743295019157088,0.018716577540106916,0.5253623188405796,0.1816091954022988,,0.5978330154903233
compas_core,3010,iid,B1,4,4,295,74,True,False,0.6891891891891891,0.6792915017900886,0.2942528735632184,0.12698412698412698,0.393939393939394,0.05593869731800771,,0.6002919981256127
compas_core,3010,iid,B1,4,5,295,74,True,True,0.6216216216216216,0.6145833333333333,0.26256564141035255,0.07777777777777783,0.42140468227424754,0.12603150787696926,,0.5958750261925161
compas_core,3010,iid,B1,4,6,295,74,True,True,0.6351351351351351,0.5961188599151,0.2288072018004501,0.2272727272727273,0.2272727272727273,0.07276819204801199,,0.597250007558614
compas_core,3010,iid,B1,4,7,295,74,True,False,0.7432432432432432,0.7289377289377289,0.34099616858237547,0.08080808080808077,0.557312252964427,0.14482758620689662,,0.5958330002613366
compas_core,3010,iid,B1,4,8,295,74,True,False,0.6891891891891891,0.6821661998132587,0.3354037267080745,0.06547619047619047,0.5533333333333333,0.18944099378881996,,0.5931250052526593
compas_core,3010,iid,B1,4,9,295,74,True,True,0.6756756756756757,0.65527950310559,0.24851190476190477,0.09999999999999998,0.3409090909090909,0.034226190476190466,,0.5940419796388596
compas_core,3010,iid,B1,5,0,296,74,True,True,0.6891891891891891,0.6559531028906408,0.19720496894409945,0.13043478260869568,0.2055335968379447,0.04037267080745344,,0.6025420152582228
compas_core,3010,iid,B1,5,1,296,74,True,True,0.7027027027027027,0.6881226053639846,0.2410714285714286,0.11528822055137844,0.24505928853754938,0.028273809523809534,,0.6039579748176038
compas_core,3010,iid,B1,5,2,296,74,True,False,0.6621621621621622,0.6383186705767351,0.3672182821118991,0.12299465240641705,0.6,0.10953506698187554,,0.6097080186009407
compas_core,3010,iid,B1,5,3,296,74,True,True,0.6621621621621622,0.6383186705767351,0.2743295019157088,0.018716577540106916,0.5253623188405796,0.1816091954022988,,0.6046250055078417
compas_core,3010,iid,B1,5,4,295,74,True,False,0.6891891891891891,0.6792915017900886,0.2942528735632184,0.12698412698412698,0.393939393939394,0.05593869731800771,,0.5962499999441206
compas_core,3010,iid,B1,5,5,295,74,True,True,0.6216216216216216,0.6145833333333333,0.26256564141035255,0.07777777777777783,0.42140468227424754,0.12603150787696926,,0.5960419948678464
compas_core,3010,iid,B1,5,6,295,74,True,True,0.6351351351351351,0.5961188599151,0.2288072018004501,0.2272727272727273,0.2272727272727273,0.07276819204801199,,0.5972920043859631
compas_core,3010,iid,B1,5,7,295,74,True,False,0.7567567567567568,0.7448275862068966,0.30651340996168575,0.08080808080808077,0.466403162055336,0.1103448275862069,,0.6097499863244593
compas_core,3010,iid,B1,5,8,295,74,True,False,0.6891891891891891,0.6821661998132587,0.3354037267080745,0.06547619047619047,0.5533333333333333,0.18944099378881996,,0.6331669865176082
compas_core,3010,iid,B1,5,9,295,74,True,True,0.6756756756756757,0.65527950310559,0.24851190476190477,0.09999999999999998,0.3409090909090909,0.034226190476190466,,0.6360830157063901
compas_core,3010,iid,B3,1,0,296,74,True,True,0.6621621621621622,0.6186353329210472,0.15372670807453426,0.13043478260869568,0.13043478260869568,0.08385093167701863,,0.7209579925984144
compas_core,3010,iid,B3,1,1,296,74,True,True,0.7162162162162162,0.7004048582995952,0.21726190476190477,0.06265664160401008,0.24505928853754938,0.004464285714285698,,0.6281249807216227
compas_core,3010,iid,B3,1,2,296,74,True,False,0.6486486486486487,0.6145833333333333,0.3033884948778566,0.07754010695187163,0.52,0.08825847123719466,,0.6102080224081874
compas_core,3010,iid,B3,1,3,296,74,True,True,0.6621621621621622,0.6383186705767351,0.2743295019157088,0.018716577540106916,0.5253623188405796,0.1816091954022988,,0.6171669811010361
compas_core,3010,iid,B3,1,4,295,74,True,False,0.6621621621621622,0.6591118481665745,0.31417624521072796,0.11111111111111116,0.4772727272727273,0.12490421455938705,,0.6066669884603471
compas_core,3010,iid,B3,1,5,295,74,True,True,0.6351351351351351,0.6345344796049022,0.2588147036759189,0.22777777777777775,0.2341137123745819,0.017254313578394576,,0.6019579886924475
compas_core,3010,iid,B3,1,6,295,74,True,False,0.6081081081081081,0.5479250052664841,0.19129782445611399,0.18181818181818177,0.18181818181818177,0.06376594148537129,,0.601583014940843
compas_core,3010,iid,B3,1,7,295,74,True,False,0.7297297297297297,0.7127329192546584,0.3754789272030651,0.08080808080808077,0.6482213438735178,0.17931034482758623,,0.6029169890098274
compas_core,3010,iid,B3,1,8,295,74,True,True,0.6621621621621622,0.660612731608879,0.2360248447204969,0.07440476190476186,0.51,0.26086956521739135,,0.6027079944033176
compas_core,3010,iid,B3,1,9,295,74,True,True,0.6891891891891891,0.6619662363455809,0.2321428571428571,0.09999999999999998,0.29545454545454547,0.0029761904761904656,,0.6027079944033176
compas_core,3010,iid,B3,2,0,296,74,True,True,0.6756756756756757,0.6375510204081632,0.17546583850931685,0.13043478260869568,0.1620553359683795,0.06211180124223603,,0.6089580128900707
compas_core,3010,iid,B3,2,1,296,74,True,True,0.7162162162162162,0.7040563702151971,0.26488095238095233,0.11528822055137844,0.2885375494071146,0.004464285714285698,,0.6059999868739396
compas_core,3010,iid,B3,2,2,296,74,True,False,0.6621621621621622,0.6325719960278053,0.32466509062253734,0.07754010695187163,0.56,0.10953506698187554,,0.6104999920353293
compas_core,3010,iid,B3,2,3,296,74,True,True,0.6621621621621622,0.6383186705767351,0.2743295019157088,0.018716577540106916,0.5253623188405796,0.1816091954022988,,0.6052500102669001
compas_core,3010,iid,B3,2,4,295,74,True,True,0.6486486486486487,0.6421130952380952,0.2475095785440613,0.06349206349206349,0.393939393939394,0.1026819923371648,,0.6015829858370125
compas_core,3010,iid,B3,2,5,295,74,True,True,0.6621621621621622,0.6591118481665745,0.22130532633158295,0.07777777777777783,0.3110367892976589,0.08477119279819956,,0.5972910148557276
compas_core,3010,iid,B3,2,6,295,74,True,True,0.6216216216216216,0.5683333333333334,0.2145536384096024,0.18181818181818177,0.22710622710622708,0.04051012753188299,,0.6042080058250576
compas_core,3010,iid,B3,2,7,295,74,True,False,0.7432432432432432,0.7289377289377289,0.34099616858237547,0.08080808080808077,0.557312252964427,0.14482758620689662,,0.5941669805906713
compas_core,3010,iid,B3,2,8,295,74,True,True,0.6756756756756757,0.6735294117647059,0.2717391304347826,0.011904761904761862,0.51,0.22515527950310565,,0.5937080131843686
compas_core,3010,iid,B3,2,9,295,74,True,True,0.6756756756756757,0.65527950310559,0.24851190476190477,0.09999999999999998,0.3409090909090909,0.034226190476190466,,0.5947079916950315
compas_core,3010,iid,B3,3,0,296,74,True,True,0.6756756756756757,0.6375510204081632,0.17546583850931685,0.13043478260869568,0.1620553359683795,0.06211180124223603,,0.604125001700595
compas_core,3010,iid,B3,3,1,296,74,True,True,0.7162162162162162,0.7040563702151971,0.26488095238095233,0.11528822055137844,0.2885375494071146,0.004464285714285698,,0.5999999993946403
compas_core,3010,iid,B3,3,2,296,74,True,False,0.6756756756756757,0.6501182033096926,0.3459416863672182,0.07754010695187163,0.6,0.13081166272655642,,0.5970000056549907
compas_core,3010,iid,B3,3,3,296,74,True,True,0.6621621621621622,0.6383186705767351,0.2743295019157088,0.018716577540106916,0.5253623188405796,0.1816091954022988,,0.5952080246061087
compas_core,3010,iid,B3,3,4,295,74,True,False,0.6891891891891891,0.6792915017900886,0.2942528735632184,0.12698412698412698,0.393939393939394,0.05593869731800771,,0.5959580012131482
compas_core,3010,iid,B3,3,5,295,74,True,True,0.6621621621621622,0.6591118481665745,0.22130532633158295,0.07777777777777783,0.3110367892976589,0.08477119279819956,,0.5940420087426901
compas_core,3010,iid,B3,3,6,295,74,True,True,0.6351351351351351,0.5961188599151,0.2288072018004501,0.2272727272727273,0.2272727272727273,0.07276819204801199,,0.596166995819658
compas_core,3010,iid,B3,3,7,295,74,True,False,0.7432432432432432,0.7289377289377289,0.34099616858237547,0.08080808080808077,0.557312252964427,0.14482758620689662,,0.5910829931963235
compas_core,3010,iid,B3,3,8,295,74,True,False,0.6621621621621622,0.6570898980537535,0.3214285714285714,0.05059523809523814,0.5533333333333333,0.20341614906832295,,0.5932910135015845
compas_core,3010,iid,B3,3,9,295,74,True,True,0.6756756756756757,0.65527950310559,0.24851190476190477,0.09999999999999998,0.3409090909090909,0.034226190476190466,,0.5944169824942946
compas_core,3010,iid,B3,4,0,296,74,True,True,0.6891891891891891,0.6559531028906408,0.19720496894409945,0.13043478260869568,0.2055335968379447,0.04037267080745344,,0.6002089940011501
compas_core,3010,iid,B3,4,1,296,74,True,True,0.7027027027027027,0.6881226053639846,0.2410714285714286,0.11528822055137844,0.24505928853754938,0.028273809523809534,,0.5994999955873936
compas_core,3010,iid,B3,4,2,296,74,True,False,0.6621621621621622,0.6325719960278053,0.32466509062253734,0.07754010695187163,0.56,0.10953506698187554,,0.5942090065218508
compas_core,3010,iid,B3,4,3,296,74,True,True,0.6621621621621622,0.6383186705767351,0.2743295019157088,0.018716577540106916,0.5253623188405796,0.1816091954022988,,0.5925830046180636
compas_core,3010,iid,B3,4,4,295,74,True,False,0.6891891891891891,0.6792915017900886,0.2942528735632184,0.12698412698412698,0.393939393939394,0.05593869731800771,,0.5942920106463134
compas_core,3010,iid,B3,4,5,295,74,True,True,0.6216216216216216,0.6145833333333333,0.26256564141035255,0.07777777777777783,0.42140468227424754,0.12603150787696926,,0.5897079827263951
compas_core,3010,iid,B3,4,6,295,74,True,True,0.6351351351351351,0.5961188599151,0.2288072018004501,0.2272727272727273,0.2272727272727273,0.07276819204801199,,0.5934580112807453
compas_core,3010,iid,B3,4,7,295,74,True,False,0.7432432432432432,0.7289377289377289,0.34099616858237547,0.08080808080808077,0.557312252964427,0.14482758620689662,,0.5920830008108169
compas_core,3010,iid,B3,4,8,295,74,True,False,0.6891891891891891,0.6821661998132587,0.3354037267080745,0.06547619047619047,0.5533333333333333,0.18944099378881996,,0.5924580036662519
compas_core,3010,iid,B3,4,9,295,74,True,True,0.6756756756756757,0.65527950310559,0.24851190476190477,0.09999999999999998,0.3409090909090909,0.034226190476190466,,0.589250004850328
compas_core,3010,iid,B3,5,0,296,74,True,True,0.6891891891891891,0.6559531028906408,0.19720496894409945,0.13043478260869568,0.2055335968379447,0.04037267080745344,,0.6090000097174197
compas_core,3010,iid,B3,5,1,296,74,True,True,0.7027027027027027,0.6881226053639846,0.2410714285714286,0.11528822055137844,0.24505928853754938,0.028273809523809534,,0.6405829917639494
compas_core,3010,iid,B3,5,2,296,74,True,False,0.6621621621621622,0.6325719960278053,0.32466509062253734,0.07754010695187163,0.56,0.10953506698187554,,0.6394579831976444
compas_core,3010,iid,B3,5,3,296,74,True,True,0.6621621621621622,0.6383186705767351,0.2743295019157088,0.018716577540106916,0.5253623188405796,0.1816091954022988,,0.6387920002453029
compas_core,3010,iid,B3,5,4,295,74,True,True,0.7027027027027027,0.6916666666666667,0.27203065134099613,0.0793650793650793,0.393939393939394,0.07816091954022986,,0.5954170192126185
compas_core,3010,iid,B3,5,5,295,74,True,False,0.6081081081081081,0.5992530345471522,0.29482370592648155,0.07777777777777783,0.4983277591973244,0.15828957239309827,,0.5927919992245734
compas_core,3010,iid,B3,5,6,295,74,True,True,0.6351351351351351,0.5961188599151,0.2288072018004501,0.2272727272727273,0.2272727272727273,0.07276819204801199,,0.5945420125499368
compas_core,3010,iid,B3,5,7,295,74,True,False,0.7432432432432432,0.7289377289377289,0.34099616858237547,0.08080808080808077,0.557312252964427,0.14482758620689662,,0.5961660062894225
compas_core,3010,iid,B3,5,8,295,74,True,False,0.7027027027027027,0.6946736684171042,0.3136645962732919,0.017857142857142905,0.5533333333333333,0.21118012422360255,,0.5916660011280328
compas_core,3010,iid,B3,5,9,295,74,True,True,0.6756756756756757,0.65527950310559,0.24851190476190477,0.09999999999999998,0.3409090909090909,0.034226190476190466,,0.5939170077908784
compas_core,3010,joint_dirichlet_0.3,B0,1,0,52,14,True,False,0.7142857142857143,0.4166666666666667,,,,,"comparison_groups,subgroup_accuracy_gap",0.6764169957023114
compas_core,3010,joint_dirichlet_0.3,B0,1,1,84,22,True,False,0.8636363636363636,0.8562091503267973,0.7,,,0.30000000000000004,"equal_opportunity_gap,equalized_odds_gap,false_positive_rate_gap",0.5911249900236726
compas_core,3010,joint_dirichlet_0.3,B0,1,2,55,14,True,False,0.6428571428571429,0.391304347826087,,,,,"comparison_groups,subgroup_accuracy_gap",0.5546659813262522
compas_core,3010,joint_dirichlet_0.3,B0,1,3,785,197,True,True,0.8324873096446701,0.45429362880886426,0.0,0.0,0.0,0.23865979381443292,,0.702542020007968
compas_core,3010,joint_dirichlet_0.3,B0,1,4,377,95,True,False,0.8210526315789474,0.4508670520231214,,,,,"comparison_groups,subgroup_accuracy_gap",0.6491250242106616
compas_core,3010,joint_dirichlet_0.3,B0,1,5,58,15,True,False,0.8,0.4444444444444444,,,,,"comparison_groups,subgroup_accuracy_gap",0.6293340120464563
compas_core,3010,joint_dirichlet_0.3,B0,1,6,480,120,True,False,0.6833333333333333,0.52,,,,,"comparison_groups,subgroup_accuracy_gap",0.6394590018317103
compas_core,3010,joint_dirichlet_0.3,B0,1,7,483,121,True,True,0.7272727272727273,0.611764705882353,0.2076297686053783,0.038461538461538436,0.038461538461538436,0.6191369606003753,,0.6571660051122308
compas_core,3010,joint_dirichlet_0.3,B0,1,8,353,89,True,True,0.9662921348314607,0.6913294797687861,0.052631578947368474,0.0,0.33333333333333337,0.0909774436090226,,0.6225839897524565
compas_core,3010,joint_dirichlet_0.3,B0,1,9,224,56,True,False,0.8928571428571429,0.4716981132075472,,,,,"comparison_groups,subgroup_accuracy_gap",0.5931250052526593
compas_core,3010,joint_dirichlet_0.3,B0,2,0,52,14,True,False,0.7142857142857143,0.4166666666666667,,,,,"comparison_groups,subgroup_accuracy_gap",0.5650829989463091
compas_core,3010,joint_dirichlet_0.3,B0,2,1,84,22,True,False,0.8636363636363636,0.8610526315789473,0.7166666666666667,,,0.11666666666666659,"equal_opportunity_gap,equalized_odds_gap,false_positive_rate_gap",0.5652499967254698
compas_core,3010,joint_dirichlet_0.3,B0,2,2,55,14,True,False,0.7857142857142857,0.7142857142857142,,,,,"comparison_groups,subgroup_accuracy_gap",0.5560829886235297
compas_core,3010,joint_dirichlet_0.3,B0,2,3,785,197,True,True,0.8121827411167513,0.4963725557935466,0.01907216494845361,0.1642857142857143,0.1642857142857143,0.21896907216494854,,0.673625007038936
compas_core,3010,joint_dirichlet_0.3,B0,2,4,377,95,True,False,0.8105263157894737,0.4970588235294118,,,,,"comparison_groups,subgroup_accuracy_gap",0.606624991632998
compas_core,3010,joint_dirichlet_0.3,B0,2,5,58,15,True,False,0.8,0.4444444444444444,,,,,"comparison_groups,subgroup_accuracy_gap",0.5577080009970814
compas_core,3010,joint_dirichlet_0.3,B0,2,6,480,120,True,False,0.7083333333333334,0.5872235872235873,,,,,"comparison_groups,subgroup_accuracy_gap",0.6294169870670885
compas_core,3010,joint_dirichlet_0.3,B0,2,7,483,121,True,True,0.7272727272727273,0.6301750486246179,0.23452157598499068,0.0641025641025641,0.07432432432432434,0.543464665415885,,0.6277920037973672
compas_core,3010,joint_dirichlet_0.3,B0,2,8,353,89,True,True,0.9550561797752809,0.6550387596899224,0.03834586466165424,0.01449275362318836,0.33333333333333337,0.07669172932330826,,0.59833301929757
compas_core,3010,joint_dirichlet_0.3,B0,2,9,224,56,True,False,0.9107142857142857,0.697950377562028,,,,,"comparison_groups,subgroup_accuracy_gap",0.5822919774800539
compas_core,3010,joint_dirichlet_0.3,B0,3,0,52,14,True,False,0.7142857142857143,0.4166666666666667,,,,,"comparison_groups,subgroup_accuracy_gap",0.5632910178974271
compas_core,3010,joint_dirichlet_0.3,B0,3,1,84,22,True,False,0.9090909090909091,0.9083333333333333,0.8166666666666667,,,0.016666666666666607,"equal_opportunity_gap,equalized_odds_gap,false_positive_rate_gap",0.5618330033030361
compas_core,3010,joint_dirichlet_0.3,B0,3,2,55,14,True,False,0.8571428571428571,0.825,,,,,"comparison_groups,subgroup_accuracy_gap",0.5336670146789402
compas_core,3010,joint_dirichlet_0.3,B0,3,3,785,197,True,True,0.7563451776649747,0.5004226542688082,0.047216494845360835,0.09285714285714287,0.09285714285714287,0.14958762886597932,,0.6706249841954559
compas_core,3010,joint_dirichlet_0.3,B0,3,4,377,95,True,False,0.7894736842105263,0.5230923694779116,,,,,"comparison_groups,subgroup_accuracy_gap",0.6200420029927045
compas_core,3010,joint_dirichlet_0.3,B0,3,5,58,15,True,False,0.8,0.4444444444444444,,,,,"comparison_groups,subgroup_accuracy_gap",0.5567909975070506
compas_core,3010,joint_dirichlet_0.3,B0,3,6,480,120,True,False,0.7,0.5907540735126942,,,,,"comparison_groups,subgroup_accuracy_gap",0.6135000148788095
compas_core,3010,joint_dirichlet_0.3,B0,3,7,483,121,True,True,0.7355371900826446,0.6454212454212453,0.26016260162601634,0.0641025641025641,0.10135135135135132,0.5178236397748592,,0.6157919997349381
compas_core,3010,joint_dirichlet_0.3,B0,3,8,353,89,True,True,0.9438202247191011,0.6282372598162071,0.024060150375939893,0.02898550724637683,0.33333333333333337,0.06240601503759402,,0.5978750123176724
compas_core,3010,joint_dirichlet_0.3,B0,3,9,224,56,True,False,0.8928571428571429,0.6705882352941177,,,,,"comparison_groups,subgroup_accuracy_gap",0.5801250226795673
compas_core,3010,joint_dirichlet_0.3,B0,4,0,52,14,True,False,0.7857142857142857,0.7142857142857142,,,,,"comparison_groups,subgroup_accuracy_gap",0.6921250023879111
compas_core,3010,joint_dirichlet_0.3,B0,4,1,84,22,True,False,0.9090909090909091,0.9083333333333333,0.8166666666666667,,,0.016666666666666607,"equal_opportunity_gap,equalized_odds_gap,false_positive_rate_gap",0.6042500026524067
compas_core,3010,joint_dirichlet_0.3,B0,4,2,55,14,True,False,0.8571428571428571,0.825,,,,,"comparison_groups,subgroup_accuracy_gap",0.5337090115062892
compas_core,3010,joint_dirichlet_0.3,B0,4,3,785,197,True,True,0.6954314720812182,0.49016563146997927,0.08536082474226803,0.2571428571428572,0.2571428571428572,0.11082474226804129,,0.6867919873911887
compas_core,3010,joint_dirichlet_0.3,B0,4,4,377,95,True,False,0.7894736842105263,0.5544090056285178,,,,,"comparison_groups,subgroup_accuracy_gap",0.5995410028845072
compas_core,3010,joint_dirichlet_0.3,B0,4,5,58,15,True,False,0.8666666666666667,0.7115384615384616,,,,,"comparison_groups,subgroup_accuracy_gap",0.5819170037284493
compas_core,3010,joint_dirichlet_0.3,B0,4,6,480,120,True,False,0.7166666666666667,0.6377840909090908,,,,,"comparison_groups,subgroup_accuracy_gap",0.6134579889476299
compas_core,3010,joint_dirichlet_0.3,B0,4,7,483,121,True,True,0.7355371900826446,0.6530465949820788,0.2357723577235773,0.07692307692307687,0.14864864864864868,0.5178236397748592,,0.6201250071171671
compas_core,3010,joint_dirichlet_0.3,B0,4,8,353,89,True,True,0.9325842696629213,0.6073529411764707,0.07669172932330826,0.03351449275362317,0.33333333333333337,0.1150375939849625,,0.6056669808458537
compas_core,3010,joint_dirichlet_0.3,B0,4,9,224,56,True,False,0.8928571428571429,0.72,,,,,"comparison_groups,subgroup_accuracy_gap",0.6726669962517917
compas_core,3010,joint_dirichlet_0.3,B0,5,0,52,14,True,False,0.7142857142857143,0.65,,,,,"comparison_groups,subgroup_accuracy_gap",0.559207983314991
compas_core,3010,joint_dirichlet_0.3,B0,5,1,84,22,True,False,0.9090909090909091,0.9083333333333333,0.8166666666666667,,,0.016666666666666607,"equal_opportunity_gap,equalized_odds_gap,false_positive_rate_gap",0.5619580042548478
compas_core,3010,joint_dirichlet_0.3,B0,5,2,55,14,True,False,0.9285714285714286,0.9181286549707601,,,,,"comparison_groups,subgroup_accuracy_gap",0.5327909893821925
compas_core,3010,joint_dirichlet_0.3,B0,5,3,785,197,True,True,0.7106598984771574,0.5570938350491066,0.033195876288659804,0.2785714285714285,0.2785714285714285,0.0798969072164949,,0.8809590071905404
compas_core,3010,joint_dirichlet_0.3,B0,5,4,377,95,True,False,0.7684210526315789,0.5645833333333333,,,,,"comparison_groups,subgroup_accuracy_gap",0.7699999841861427
compas_core,3010,joint_dirichlet_0.3,B0,5,5,58,15,True,False,0.8666666666666667,0.7115384615384616,,,,,"comparison_groups,subgroup_accuracy_gap",0.6016669794917107
compas_core,3010,joint_dirichlet_0.3,B0,5,6,480,120,True,False,0.725,0.6583556207402295,,,,,"comparison_groups,subgroup_accuracy_gap",0.6609999982174486
compas_core,3010,joint_dirichlet_0.3,B0,5,7,483,121,True,True,0.743801652892562,0.6673760751973042,0.26141338336460285,0.07692307692307687,0.1216216216216216,0.4921826141338337,,0.6567089876625687
compas_core,3010,joint_dirichlet_0.3,B0,5,8,353,89,True,True,0.9213483146067416,0.5904010519395135,0.06240601503759402,0.01902173913043481,0.33333333333333337,0.10075187969924815,,0.6162920035421848
compas_core,3010,joint_dirichlet_0.3,B0,5,9,224,56,True,False,0.8392857142857143,0.6879256965944273,,,,,"comparison_groups,subgroup_accuracy_gap",0.6824999873060733
compas_core,3010,joint_dirichlet_0.3,B1,1,0,52,14,True,False,0.7142857142857143,0.4166666666666667,,,,,"comparison_groups,subgroup_accuracy_gap",0.6188330007717013
compas_core,3010,joint_dirichlet_0.3,B1,1,1,84,22,True,False,0.8636363636363636,0.8562091503267973,0.7,,,0.30000000000000004,"equal_opportunity_gap,equalized_odds_gap,false_positive_rate_gap",0.596124998992309
compas_core,3010,joint_dirichlet_0.3,B1,1,2,55,14,True,False,0.6428571428571429,0.391304347826087,,,,,"comparison_groups,subgroup_accuracy_gap",0.5515419761650264
compas_core,3010,joint_dirichlet_0.3,B1,1,3,785,197,True,True,0.8324873096446701,0.45429362880886426,0.0,0.0,0.0,0.23865979381443292,,0.6821250135544688
compas_core,3010,joint_dirichlet_0.3,B1,1,4,377,95,True,False,0.8210526315789474,0.4508670520231214,,,,,"comparison_groups,subgroup_accuracy_gap",0.6148329994175583
compas_core,3010,joint_dirichlet_0.3,B1,1,5,58,15,True,False,0.8,0.4444444444444444,,,,,"comparison_groups,subgroup_accuracy_gap",0.5655840213876218
compas_core,3010,joint_dirichlet_0.3,B1,1,6,480,120,True,False,0.6833333333333333,0.52,,,,,"comparison_groups,subgroup_accuracy_gap",0.647209002636373
compas_core,3010,joint_dirichlet_0.3,B1,1,7,483,121,True,True,0.7272727272727273,0.611764705882353,0.2076297686053783,0.038461538461538436,0.038461538461538436,0.6191369606003753,,0.6397500110324472
compas_core,3010,joint_dirichlet_0.3,B1,1,8,353,89,True,True,0.9662921348314607,0.6913294797687861,0.052631578947368474,0.0,0.33333333333333337,0.0909774436090226,,0.6035410042386502
compas_core,3010,joint_dirichlet_0.3,B1,1,9,224,56,True,False,0.8928571428571429,0.4716981132075472,,,,,"comparison_groups,subgroup_accuracy_gap",0.5892080080229789
compas_core,3010,joint_dirichlet_0.3,B1,2,0,52,14,True,False,0.7142857142857143,0.4166666666666667,,,,,"comparison_groups,subgroup_accuracy_gap",0.5785830144304782
compas_core,3010,joint_dirichlet_0.3,B1,2,1,84,22,True,False,0.8636363636363636,0.8610526315789473,0.7166666666666667,,,0.11666666666666659,"equal_opportunity_gap,equalized_odds_gap,false_positive_rate_gap",0.6006249750498682
compas_core,3010,joint_dirichlet_0.3,B1,2,2,55,14,True,False,0.7857142857142857,0.7142857142857142,,,,,"comparison_groups,subgroup_accuracy_gap",0.5501669947989285
compas_core,3010,joint_dirichlet_0.3,B1,2,3,785,197,True,True,0.8121827411167513,0.4963725557935466,0.01907216494845361,0.1642857142857143,0.1642857142857143,0.21896907216494854,,0.6907919887453318
compas_core,3010,joint_dirichlet_0.3,B1,2,4,377,95,True,False,0.8105263157894737,0.4970588235294118,,,,,"comparison_groups,subgroup_accuracy_gap",0.6021250155754387
compas_core,3010,joint_dirichlet_0.3,B1,2,5,58,15,True,False,0.8,0.4444444444444444,,,,,"comparison_groups,subgroup_accuracy_gap",0.5842079990543425
compas_core,3010,joint_dirichlet_0.3,B1,2,6,480,120,True,False,0.7083333333333334,0.5872235872235873,,,,,"comparison_groups,subgroup_accuracy_gap",0.6284590053837746
compas_core,3010,joint_dirichlet_0.3,B1,2,7,483,121,True,True,0.7272727272727273,0.6301750486246179,0.23452157598499068,0.0641025641025641,0.07432432432432434,0.543464665415885,,0.6405419844668359
compas_core,3010,joint_dirichlet_0.3,B1,2,8,353,89,True,True,0.9550561797752809,0.6550387596899224,0.03834586466165424,0.01449275362318836,0.33333333333333337,0.07669172932330826,,0.5976660177111626
compas_core,3010,joint_dirichlet_0.3,B1,2,9,224,56,True,False,0.9107142857142857,0.697950377562028,,,,,"comparison_groups,subgroup_accuracy_gap",0.5922499985899776
compas_core,3010,joint_dirichlet_0.3,B1,3,0,52,14,True,False,0.7142857142857143,0.4166666666666667,,,,,"comparison_groups,subgroup_accuracy_gap",0.5644999910145998
compas_core,3010,joint_dirichlet_0.3,B1,3,1,84,22,True,False,0.9090909090909091,0.9083333333333333,0.8166666666666667,,,0.016666666666666607,"equal_opportunity_gap,equalized_odds_gap,false_positive_rate_gap",0.5628330109175295
compas_core,3010,joint_dirichlet_0.3,B1,3,2,55,14,True,False,0.8571428571428571,0.825,,,,,"comparison_groups,subgroup_accuracy_gap",0.5369579885154963
compas_core,3010,joint_dirichlet_0.3,B1,3,3,785,197,True,True,0.7563451776649747,0.5004226542688082,0.047216494845360835,0.09285714285714287,0.09285714285714287,0.14958762886597932,,0.6748750165570527
compas_core,3010,joint_dirichlet_0.3,B1,3,4,377,95,True,False,0.7894736842105263,0.5230923694779116,,,,,"comparison_groups,subgroup_accuracy_gap",0.6021659937687218
compas_core,3010,joint_dirichlet_0.3,B1,3,5,58,15,True,False,0.8,0.4444444444444444,,,,,"comparison_groups,subgroup_accuracy_gap",0.5526669847313315
compas_core,3010,joint_dirichlet_0.3,B1,3,6,480,120,True,False,0.7,0.5907540735126942,,,,,"comparison_groups,subgroup_accuracy_gap",0.6281250098254532
compas_core,3010,joint_dirichlet_0.3,B1,3,7,483,121,True,True,0.7355371900826446,0.6454212454212453,0.26016260162601634,0.0641025641025641,0.10135135135135132,0.5178236397748592,,0.629082991508767
compas_core,3010,joint_dirichlet_0.3,B1,3,8,353,89,True,True,0.9438202247191011,0.6282372598162071,0.024060150375939893,0.02898550724637683,0.33333333333333337,0.06240601503759402,,0.6050840020179749
compas_core,3010,joint_dirichlet_0.3,B1,3,9,224,56,True,False,0.8928571428571429,0.6705882352941177,,,,,"comparison_groups,subgroup_accuracy_gap",0.5813340249005705
compas_core,3010,joint_dirichlet_0.3,B1,4,0,52,14,True,False,0.7857142857142857,0.7142857142857142,,,,,"comparison_groups,subgroup_accuracy_gap",0.5576249968726188
compas_core,3010,joint_dirichlet_0.3,B1,4,1,84,22,True,False,0.9090909090909091,0.9083333333333333,0.8166666666666667,,,0.016666666666666607,"equal_opportunity_gap,equalized_odds_gap,false_positive_rate_gap",0.5650829989463091
compas_core,3010,joint_dirichlet_0.3,B1,4,2,55,14,True,False,0.8571428571428571,0.825,,,,,"comparison_groups,subgroup_accuracy_gap",0.5385839904192835
compas_core,3010,joint_dirichlet_0.3,B1,4,3,785,197,True,True,0.6954314720812182,0.49016563146997927,0.08536082474226803,0.2571428571428572,0.2571428571428572,0.11082474226804129,,0.6955830031074584
compas_core,3010,joint_dirichlet_0.3,B1,4,4,377,95,True,False,0.7894736842105263,0.5544090056285178,,,,,"comparison_groups,subgroup_accuracy_gap",0.5982499860692769
compas_core,3010,joint_dirichlet_0.3,B1,4,5,58,15,True,False,0.8666666666666667,0.7115384615384616,,,,,"comparison_groups,subgroup_accuracy_gap",0.5506250017788261
compas_core,3010,joint_dirichlet_0.3,B1,4,6,480,120,True,False,0.7166666666666667,0.6377840909090908,,,,,"comparison_groups,subgroup_accuracy_gap",0.6274580082390457
compas_core,3010,joint_dirichlet_0.3,B1,4,7,483,121,True,True,0.7355371900826446,0.6530465949820788,0.2357723577235773,0.07692307692307687,0.14864864864864868,0.5178236397748592,,0.6280420057009906
compas_core,3010,joint_dirichlet_0.3,B1,4,8,353,89,True,True,0.9325842696629213,0.6073529411764707,0.07669172932330826,0.03351449275362317,0.33333333333333337,0.1150375939849625,,0.6027499912306666
compas_core,3010,joint_dirichlet_0.3,B1,4,9,224,56,True,False,0.8928571428571429,0.72,,,,,"comparison_groups,subgroup_accuracy_gap",0.5788340058643371
compas_core,3010,joint_dirichlet_0.3,B1,5,0,52,14,True,False,0.7142857142857143,0.65,,,,,"comparison_groups,subgroup_accuracy_gap",0.5576669936999679
compas_core,3010,joint_dirichlet_0.3,B1,5,1,84,22,True,False,0.9090909090909091,0.9083333333333333,0.8166666666666667,,,0.016666666666666607,"equal_opportunity_gap,equalized_odds_gap,false_positive_rate_gap",0.5600410222541541
compas_core,3010,joint_dirichlet_0.3,B1,5,2,55,14,True,False,0.9285714285714286,0.9181286549707601,,,,,"comparison_groups,subgroup_accuracy_gap",0.5338329938240349
compas_core,3010,joint_dirichlet_0.3,B1,5,3,785,197,True,True,0.7106598984771574,0.5570938350491066,0.033195876288659804,0.2785714285714285,0.2785714285714285,0.0798969072164949,,0.6758749950677156
compas_core,3010,joint_dirichlet_0.3,B1,5,4,377,95,True,False,0.7684210526315789,0.5645833333333333,,,,,"comparison_groups,subgroup_accuracy_gap",0.5999160057399422
compas_core,3010,joint_dirichlet_0.3,B1,5,5,58,15,True,False,0.8666666666666667,0.7115384615384616,,,,,"comparison_groups,subgroup_accuracy_gap",0.5504589935299009
compas_core,3010,joint_dirichlet_0.3,B1,5,6,480,120,True,False,0.725,0.6583556207402295,,,,,"comparison_groups,subgroup_accuracy_gap",0.6339999963529408
compas_core,3010,joint_dirichlet_0.3,B1,5,7,483,121,True,True,0.743801652892562,0.6673760751973042,0.26141338336460285,0.07692307692307687,0.1216216216216216,0.4921826141338337,,0.6428749766200781
compas_core,3010,joint_dirichlet_0.3,B1,5,8,353,89,True,True,0.9213483146067416,0.5904010519395135,0.06240601503759402,0.01902173913043481,0.33333333333333337,0.10075187969924815,,0.6043330067768693
compas_core,3010,joint_dirichlet_0.3,B1,5,9,224,56,True,False,0.8392857142857143,0.6879256965944273,,,,,"comparison_groups,subgroup_accuracy_gap",0.592875003349036
compas_core,3010,joint_dirichlet_0.3,B3,1,0,52,14,True,False,0.7142857142857143,0.4166666666666667,,,,,"comparison_groups,subgroup_accuracy_gap",0.6202920048963279
compas_core,3010,joint_dirichlet_0.3,B3,1,1,84,22,True,False,0.8636363636363636,0.8562091503267973,0.7,,,0.30000000000000004,"equal_opportunity_gap,equalized_odds_gap,false_positive_rate_gap",0.5935000081080943
compas_core,3010,joint_dirichlet_0.3,B3,1,2,55,14,True,False,0.6428571428571429,0.391304347826087,,,,,"comparison_groups,subgroup_accuracy_gap",0.5557080148719251
compas_core,3010,joint_dirichlet_0.3,B3,1,3,785,197,True,True,0.8324873096446701,0.45429362880886426,0.0,0.0,0.0,0.23865979381443292,,0.6809170008637011
compas_core,3010,joint_dirichlet_0.3,B3,1,4,377,95,True,False,0.8210526315789474,0.4508670520231214,,,,,"comparison_groups,subgroup_accuracy_gap",0.6132090056780726
compas_core,3010,joint_dirichlet_0.3,B3,1,5,58,15,True,False,0.8,0.4444444444444444,,,,,"comparison_groups,subgroup_accuracy_gap",0.563917012186721
compas_core,3010,joint_dirichlet_0.3,B3,1,6,480,120,True,False,0.6833333333333333,0.52,,,,,"comparison_groups,subgroup_accuracy_gap",0.6364999862853438
compas_core,3010,joint_dirichlet_0.3,B3,1,7,483,121,True,True,0.7272727272727273,0.611764705882353,0.2076297686053783,0.038461538461538436,0.038461538461538436,0.6191369606003753,,0.635959004284814
compas_core,3010,joint_dirichlet_0.3,B3,1,8,353,89,True,True,0.9662921348314607,0.6913294797687861,0.052631578947368474,0.0,0.33333333333333337,0.0909774436090226,,0.604459026362747
compas_core,3010,joint_dirichlet_0.3,B3,1,9,224,56,True,False,0.8928571428571429,0.4716981132075472,,,,,"comparison_groups,subgroup_accuracy_gap",0.5882919940631837
compas_core,3010,joint_dirichlet_0.3,B3,2,0,52,14,True,False,0.7142857142857143,0.4166666666666667,,,,,"comparison_groups,subgroup_accuracy_gap",0.5757079925388098
compas_core,3010,joint_dirichlet_0.3,B3,2,1,84,22,True,False,0.8636363636363636,0.8562091503267973,0.7,,,0.30000000000000004,"equal_opportunity_gap,equalized_odds_gap,false_positive_rate_gap",0.5851660098414868
compas_core,3010,joint_dirichlet_0.3,B3,2,2,55,14,True,False,0.7857142857142857,0.7142857142857142,,,,,"comparison_groups,subgroup_accuracy_gap",0.5579160060733557
compas_core,3010,joint_dirichlet_0.3,B3,2,3,785,197,True,True,0.8121827411167513,0.4963725557935466,0.01907216494845361,0.1642857142857143,0.1642857142857143,0.21896907216494854,,0.6879169959574938
compas_core,3010,joint_dirichlet_0.3,B3,2,4,377,95,True,False,0.7894736842105263,0.48593073593073594,,,,,"comparison_groups,subgroup_accuracy_gap",0.607374997343868
compas_core,3010,joint_dirichlet_0.3,B3,2,5,58,15,True,False,0.8,0.4444444444444444,,,,,"comparison_groups,subgroup_accuracy_gap",0.5589579814113677
compas_core,3010,joint_dirichlet_0.3,B3,2,6,480,120,True,False,0.7083333333333334,0.5973540408398044,,,,,"comparison_groups,subgroup_accuracy_gap",0.6326670118141919
compas_core,3010,joint_dirichlet_0.3,B3,2,7,483,121,True,True,0.743801652892562,0.6673760751973042,0.26141338336460285,0.07692307692307687,0.1216216216216216,0.4921826141338337,,0.633792020380497
compas_core,3010,joint_dirichlet_0.3,B3,2,8,353,89,True,True,0.9550561797752809,0.6550387596899224,0.03834586466165424,0.01449275362318836,0.33333333333333337,0.07669172932330826,,0.5972909857518971
compas_core,3010,joint_dirichlet_0.3,B3,2,9,224,56,True,False,0.9107142857142857,0.697950377562028,,,,,"comparison_groups,subgroup_accuracy_gap",0.5990829959046096
compas_core,3010,joint_dirichlet_0.3,B3,3,0,52,14,True,False,0.7142857142857143,0.4166666666666667,,,,,"comparison_groups,subgroup_accuracy_gap",0.5669580132234842
compas_core,3010,joint_dirichlet_0.3,B3,3,1,84,22,True,False,0.8636363636363636,0.8562091503267973,0.7,,,0.30000000000000004,"equal_opportunity_gap,equalized_odds_gap,false_positive_rate_gap",0.5670829850714654
compas_core,3010,joint_dirichlet_0.3,B3,3,2,55,14,True,False,0.7857142857142857,0.7142857142857142,,,,,"comparison_groups,subgroup_accuracy_gap",0.5407500138971955
compas_core,3010,joint_dirichlet_0.3,B3,3,3,785,197,True,True,0.7715736040609137,0.5094892934211255,0.017216494845360822,0.09285714285714287,0.09285714285714287,0.17958762886597934,,0.6759579991921782
compas_core,3010,joint_dirichlet_0.3,B3,3,4,377,95,True,False,0.7789473684210526,0.5466939331970007,,,,,"comparison_groups,subgroup_accuracy_gap",0.6154999719001353
compas_core,3010,joint_dirichlet_0.3,B3,3,5,58,15,True,False,0.8666666666666667,0.7115384615384616,,,,,"comparison_groups,subgroup_accuracy_gap",0.5596670089289546
compas_core,3010,joint_dirichlet_0.3,B3,3,6,480,120,True,False,0.7333333333333333,0.6716826265389877,,,,,"comparison_groups,subgroup_accuracy_gap",0.6294999911915511
compas_core,3010,joint_dirichlet_0.3,B3,3,7,483,121,True,True,0.7355371900826446,0.6666666666666667,0.26266416510318946,0.10256410256410253,0.10256410256410253,0.442151344590369,,0.6307500007096678
compas_core,3010,joint_dirichlet_0.3,B3,3,8,353,89,True,True,0.9213483146067416,0.5904010519395135,0.06240601503759402,0.01902173913043481,0.33333333333333337,0.10075187969924815,,0.6011249788571149
compas_core,3010,joint_dirichlet_0.3,B3,3,9,224,56,True,False,0.8928571428571429,0.6705882352941177,,,,,"comparison_groups,subgroup_accuracy_gap",0.5811669980175793
compas_core,3010,joint_dirichlet_0.3,B3,4,0,52,14,True,False,0.7142857142857143,0.4166666666666667,,,,,"comparison_groups,subgroup_accuracy_gap",0.5665830103680491
compas_core,3010,joint_dirichlet_0.3,B3,4,1,84,22,True,False,0.8636363636363636,0.8562091503267973,0.7,,,0.30000000000000004,"equal_opportunity_gap,equalized_odds_gap,false_positive_rate_gap",0.5622079770546407
compas_core,3010,joint_dirichlet_0.3,B3,4,2,55,14,True,False,0.8571428571428571,0.825,,,,,"comparison_groups,subgroup_accuracy_gap",0.5348330014385283
compas_core,3010,joint_dirichlet_0.3,B3,4,3,785,197,True,True,0.7258883248730964,0.4831908278274388,0.06659793814432989,0.09285714285714287,0.09285714285714287,0.13020618556701036,,0.6687499990221113
compas_core,3010,joint_dirichlet_0.3,B3,4,4,377,95,True,False,0.7368421052631579,0.5415942868172168,,,,,"comparison_groups,subgroup_accuracy_gap",0.599791994318366
compas_core,3010,joint_dirichlet_0.3,B3,4,5,58,15,True,False,0.8666666666666667,0.7115384615384616,,,,,"comparison_groups,subgroup_accuracy_gap",0.5520420090761036
compas_core,3010,joint_dirichlet_0.3,B3,4,6,480,120,True,False,0.7416666666666667,0.6993939393939395,,,,,"comparison_groups,subgroup_accuracy_gap",0.628332985797897
compas_core,3010,joint_dirichlet_0.3,B3,4,7,483,121,True,False,0.7355371900826446,0.6885456885456885,0.316447779862414,0.15384615384615385,0.15384615384615385,0.29080675422138835,,0.6315000064205378
compas_core,3010,joint_dirichlet_0.3,B3,4,8,353,89,True,True,0.9101123595505618,0.5761904761904761,0.1150375939849625,0.08152173913043481,0.33333333333333337,0.1533834586466165,,0.596166995819658
compas_core,3010,joint_dirichlet_0.3,B3,4,9,224,56,True,False,0.8928571428571429,0.6705882352941177,,,,,"comparison_groups,subgroup_accuracy_gap",0.5840419908054173
compas_core,3010,joint_dirichlet_0.3,B3,5,0,52,14,True,False,0.7142857142857143,0.4166666666666667,,,,,"comparison_groups,subgroup_accuracy_gap",0.5582080048043281
compas_core,3010,joint_dirichlet_0.3,B3,5,1,84,22,True,False,0.8636363636363636,0.8562091503267973,0.7,,,0.30000000000000004,"equal_opportunity_gap,equalized_odds_gap,false_positive_rate_gap",0.5601659941021353
compas_core,3010,joint_dirichlet_0.3,B3,5,2,55,14,True,False,0.8571428571428571,0.825,,,,,"comparison_groups,subgroup_accuracy_gap",0.5356250039767474
compas_core,3010,joint_dirichlet_0.3,B3,5,3,785,197,True,True,0.7258883248730964,0.4831908278274388,0.06659793814432989,0.09285714285714287,0.09285714285714287,0.13020618556701036,,0.6685839907731861
compas_core,3010,joint_dirichlet_0.3,B3,5,4,377,95,True,False,0.7263157894736842,0.5544733044733046,,,,,"comparison_groups,subgroup_accuracy_gap",0.6056669808458537
compas_core,3010,joint_dirichlet_0.3,B3,5,5,58,15,True,False,0.8,0.64,,,,,"comparison_groups,subgroup_accuracy_gap",0.5520000122487545
compas_core,3010,joint_dirichlet_0.3,B3,5,6,480,120,True,False,0.75,0.7308612440191388,,,,,"comparison_groups,subgroup_accuracy_gap",0.6143749924376607
compas_core,3010,joint_dirichlet_0.3,B3,5,7,483,121,True,False,0.71900826446281,0.6992690058479532,0.3861788617886179,0.2692307692307693,0.2692307692307693,0.0015634771732332409,,0.6149160035420209
compas_core,3010,joint_dirichlet_0.3,B3,5,8,353,89,True,True,0.9101123595505618,0.5761904761904761,0.1150375939849625,0.08152173913043481,0.33333333333333337,0.1533834586466165,,0.5967079778201878
compas_core,3010,joint_dirichlet_0.3,B3,5,9,224,56,True,False,0.8928571428571429,0.6705882352941177,,,,,"comparison_groups,subgroup_accuracy_gap",0.5810410075355321
