run_id,scenario_id,seed,partition,method,round,included_clients,excluded_clients,approval_rate,global_accuracy,global_macro_f1,global_demographic_parity_gap,global_equal_opportunity_gap,global_equalized_odds_gap,global_subgroup_accuracy_gap,evidence_type,source_file,client_count,policy_profile,aggregation_status,attack_type
adult-core-10seed-e01b72a,adult_core,2001,iid,B0,1,10,0,1.0,0.7650828729281768,0.4933045079710596,0.0197385016208835,0.0560713817412099,0.0560713817412099,0.1773209563257241,measured,outputs/major_revision/adult-core-10seed-e01b72a/metrics/fairness_metrics_global.csv,,,,
adult-core-10seed-e01b72a,adult_core,2001,iid,B0,2,10,0,1.0,0.7657458563535912,0.4978853924585977,0.0216742474278446,0.055297122126966,0.055297122126966,0.177347919056545,measured,outputs/major_revision/adult-core-10seed-e01b72a/metrics/fairness_metrics_global.csv,,,,
adult-core-10seed-e01b72a,adult_core,2001,iid,B0,3,10,0,1.0,0.7670718232044199,0.5027899682075815,0.0236369559656267,0.0615536393323884,0.0615536393323884,0.1753852105187628,measured,outputs/major_revision/adult-core-10seed-e01b72a/metrics/fairness_metrics_global.csv,,,,
adult-core-10seed-e01b72a,adult_core,2001,iid,B0,4,10,0,1.0,0.769281767955801,0.5121948701003676,0.0282166092204517,0.074066673743233,0.074066673743233,0.1721140296224593,measured,outputs/major_revision/adult-core-10seed-e01b72a/metrics/fairness_metrics_global.csv,,,,
adult-core-10seed-e01b72a,adult_core,2001,iid,B0,5,10,0,1.0,0.7701657458563536,0.5186260815058309,0.0317879454755646,0.0764206727317003,0.0764206727317003,0.17181387426365,measured,outputs/major_revision/adult-core-10seed-e01b72a/metrics/fairness_metrics_global.csv,,,,
adult-core-10seed-e01b72a,adult_core,2001,iid,B1,1,10,0,1.0,0.7650828729281768,0.4933045079710596,0.0197385016208835,0.0560713817412099,0.0560713817412099,0.1773209563257241,measured,outputs/major_revision/adult-core-10seed-e01b72a/metrics/fairness_metrics_global.csv,,,,
adult-core-10seed-e01b72a,adult_core,2001,iid,B1,2,10,0,1.0,0.7657458563535912,0.4978853924585977,0.0216742474278446,0.055297122126966,0.055297122126966,0.177347919056545,measured,outputs/major_revision/adult-core-10seed-e01b72a/metrics/fairness_metrics_global.csv,,,,
adult-core-10seed-e01b72a,adult_core,2001,iid,B1,3,10,0,1.0,0.7670718232044199,0.5027899682075815,0.0236369559656267,0.0615536393323884,0.0615536393323884,0.1753852105187628,measured,outputs/major_revision/adult-core-10seed-e01b72a/metrics/fairness_metrics_global.csv,,,,
adult-core-10seed-e01b72a,adult_core,2001,iid,B1,4,10,0,1.0,0.769281767955801,0.5121948701003676,0.0282166092204517,0.074066673743233,0.074066673743233,0.1721140296224593,measured,outputs/major_revision/adult-core-10seed-e01b72a/metrics/fairness_metrics_global.csv,,,,
adult-core-10seed-e01b72a,adult_core,2001,iid,B1,5,10,0,1.0,0.7701657458563536,0.5186260815058309,0.0317879454755646,0.0764206727317003,0.0764206727317003,0.17181387426365,measured,outputs/major_revision/adult-core-10seed-e01b72a/metrics/fairness_metrics_global.csv,,,,
adult-core-10seed-e01b72a,adult_core,2001,iid,B3,1,10,0,1.0,0.7650828729281768,0.4933045079710596,0.0197385016208835,0.0560713817412099,0.0560713817412099,0.1773209563257241,measured,outputs/major_revision/adult-core-10seed-e01b72a/metrics/fairness_metrics_global.csv,,,,
adult-core-10seed-e01b72a,adult_core,2001,iid,B3,2,10,0,1.0,0.7657458563535912,0.4978853924585977,0.0216742474278446,0.055297122126966,0.055297122126966,0.177347919056545,measured,outputs/major_revision/adult-core-10seed-e01b72a/metrics/fairness_metrics_global.csv,,,,
adult-core-10seed-e01b72a,adult_core,2001,iid,B3,3,10,0,1.0,0.7670718232044199,0.5027899682075815,0.0236369559656267,0.0615536393323884,0.0615536393323884,0.1753852105187628,measured,outputs/major_revision/adult-core-10seed-e01b72a/metrics/fairness_metrics_global.csv,,,,
adult-core-10seed-e01b72a,adult_core,2001,iid,B3,4,10,0,1.0,0.769281767955801,0.5121948701003676,0.0282166092204517,0.074066673743233,0.074066673743233,0.1721140296224593,measured,outputs/major_revision/adult-core-10seed-e01b72a/metrics/fairness_metrics_global.csv,,,,
adult-core-10seed-e01b72a,adult_core,2001,iid,B3,5,10,0,1.0,0.7701657458563536,0.5186260815058309,0.0317879454755646,0.0764206727317003,0.0764206727317003,0.17181387426365,measured,outputs/major_revision/adult-core-10seed-e01b72a/metrics/fairness_metrics_global.csv,,,,
adult-core-10seed-e01b72a,adult_core,2001,joint_dirichlet_0.3,B0,1,10,0,1.0,0.7644198895027624,0.4908074791705724,0.0187571473519924,0.0529431231384988,0.0529431231384988,0.1783023105946152,measured,outputs/major_revision/adult-core-10seed-e01b72a/metrics/fairness_metrics_global.csv,,,,
adult-core-10seed-e01b72a,adult_core,2001,joint_dirichlet_0.3,B0,2,10,0,1.0,0.7653038674033149,0.4941343139162091,0.0190573027108017,0.0500833577891141,0.0500833577891141,0.1780021552358057,measured,outputs/major_revision/adult-core-10seed-e01b72a/metrics/fairness_metrics_global.csv,,,,
adult-core-10seed-e01b72a,adult_core,2001,joint_dirichlet_0.3,B0,3,10,0,1.0,0.7661878453038674,0.4988327785105625,0.0216742474278446,0.0563398749945364,0.0563398749945364,0.1766936828772843,measured,outputs/major_revision/adult-core-10seed-e01b72a/metrics/fairness_metrics_global.csv,,,,
adult-core-10seed-e01b72a,adult_core,2001,joint_dirichlet_0.3,B0,4,10,0,1.0,0.7675138121546962,0.5050942964672613,0.0249454283241481,0.0646818979350995,0.0646818979350995,0.1747309743395022,measured,outputs/major_revision/adult-core-10seed-e01b72a/metrics/fairness_metrics_global.csv,,,,
adult-core-10seed-e01b72a,adult_core,2001,joint_dirichlet_0.3,B0,5,10,0,1.0,0.7701657458563536,0.5153781450990375,0.0295250815789731,0.0782376852135145,0.0782376852135145,0.1708055572639379,measured,outputs/major_revision/adult-core-10seed-e01b72a/metrics/fairness_metrics_global.csv,,,,
adult-core-10seed-e01b72a,adult_core,2001,joint_dirichlet_0.3,B1,1,10,0,1.0,0.7644198895027624,0.4908074791705724,0.0187571473519924,0.0529431231384988,0.0529431231384988,0.1783023105946152,measured,outputs/major_revision/adult-core-10seed-e01b72a/metrics/fairness_metrics_global.csv,,,,
adult-core-10seed-e01b72a,adult_core,2001,joint_dirichlet_0.3,B1,2,10,0,1.0,0.7653038674033149,0.4941343139162091,0.0190573027108017,0.0500833577891141,0.0500833577891141,0.1780021552358057,measured,outputs/major_revision/adult-core-10seed-e01b72a/metrics/fairness_metrics_global.csv,,,,
adult-core-10seed-e01b72a,adult_core,2001,joint_dirichlet_0.3,B1,3,10,0,1.0,0.7661878453038674,0.4988327785105625,0.0216742474278446,0.0563398749945364,0.0563398749945364,0.1766936828772843,measured,outputs/major_revision/adult-core-10seed-e01b72a/metrics/fairness_metrics_global.csv,,,,
adult-core-10seed-e01b72a,adult_core,2001,joint_dirichlet_0.3,B1,4,10,0,1.0,0.7675138121546962,0.5050942964672613,0.0249454283241481,0.0646818979350995,0.0646818979350995,0.1747309743395022,measured,outputs/major_revision/adult-core-10seed-e01b72a/metrics/fairness_metrics_global.csv,,,,
adult-core-10seed-e01b72a,adult_core,2001,joint_dirichlet_0.3,B1,5,10,0,1.0,0.7701657458563536,0.5153781450990375,0.0295250815789731,0.0782376852135145,0.0782376852135145,0.1708055572639379,measured,outputs/major_revision/adult-core-10seed-e01b72a/metrics/fairness_metrics_global.csv,,,,
adult-core-10seed-e01b72a,adult_core,2001,joint_dirichlet_0.3,B3,1,10,0,1.0,0.7644198895027624,0.4908074791705724,0.0187571473519924,0.0529431231384988,0.0529431231384988,0.1783023105946152,measured,outputs/major_revision/adult-core-10seed-e01b72a/metrics/fairness_metrics_global.csv,,,,
adult-core-10seed-e01b72a,adult_core,2001,joint_dirichlet_0.3,B3,2,7,3,0.7,0.7571270718232044,0.4554461733814224,0.0071157097794047,0.0161782795202088,0.0161782795202088,0.1921221585515532,measured,outputs/major_revision/adult-core-10seed-e01b72a/metrics/fairness_metrics_global.csv,,,,
adult-core-10seed-e01b72a,adult_core,2001,joint_dirichlet_0.3,B3,3,7,3,0.7,0.7566850828729281,0.4528398534426491,0.0068155544205954,0.0130500209174976,0.0130500209174976,0.193784711730526,measured,outputs/major_revision/adult-core-10seed-e01b72a/metrics/fairness_metrics_global.csv,,,,
adult-core-10seed-e01b72a,adult_core,2001,joint_dirichlet_0.3,B3,4,6,4,0.6,0.75646408839779,0.4519368915477899,0.006488436330965,0.0120072680499272,0.0120072680499272,0.1941118298201563,measured,outputs/major_revision/adult-core-10seed-e01b72a/metrics/fairness_metrics_global.csv,,,,
adult-core-10seed-e01b72a,adult_core,2001,joint_dirichlet_0.3,B3,5,6,4,0.6,0.756243093922652,0.4502161154645571,0.0055070820620739,0.0099217623147864,0.0099217623147864,0.1944389479097866,measured,outputs/major_revision/adult-core-10seed-e01b72a/metrics/fairness_metrics_global.csv,,,,
adult-core-10seed-e01b72a,adult_core,2002,iid,B0,1,10,0,1.0,0.7648618784530387,0.4924734356552538,0.0194113835312531,0.0550286288736395,0.0550286288736395,0.1776480744153544,measured,outputs/major_revision/adult-core-10seed-e01b72a/metrics/fairness_metrics_global.csv,,,,
adult-core-10seed-e01b72a,adult_core,2002,iid,B0,2,10,0,1.0,0.7657458563535912,0.4971893339774006,0.0210200112485838,0.0542543692593957,0.0542543692593957,0.177347919056545,measured,outputs/major_revision/adult-core-10seed-e01b72a/metrics/fairness_metrics_global.csv,,,,
adult-core-10seed-e01b72a,adult_core,2002,iid,B0,3,10,0,1.0,0.7677348066298343,0.5052257025560422,0.0246183102345178,0.0646818979350995,0.0646818979350995,0.1744038562498718,measured,outputs/major_revision/adult-core-10seed-e01b72a/metrics/fairness_metrics_global.csv,,,,
adult-core-10seed-e01b72a,adult_core,2002,iid,B0,4,10,0,1.0,0.7697237569060773,0.5144461799934588,0.028516764579261,0.070164155526278,0.070164155526278,0.1724681104429107,measured,outputs/major_revision/adult-core-10seed-e01b72a/metrics/fairness_metrics_global.csv,,,,
adult-core-10seed-e01b72a,adult_core,2002,iid,B0,5,10,0,1.0,0.7701657458563536,0.5186260815058309,0.0317879454755646,0.0764206727317003,0.0764206727317003,0.17181387426365,measured,outputs/major_revision/adult-core-10seed-e01b72a/metrics/fairness_metrics_global.csv,,,,
adult-core-10seed-e01b72a,adult_core,2002,iid,B1,1,10,0,1.0,0.7648618784530387,0.4924734356552538,0.0194113835312531,0.0550286288736395,0.0550286288736395,0.1776480744153544,measured,outputs/major_revision/adult-core-10seed-e01b72a/metrics/fairness_metrics_global.csv,,,,
adult-core-10seed-e01b72a,adult_core,2002,iid,B1,2,10,0,1.0,0.7657458563535912,0.4971893339774006,0.0210200112485838,0.0542543692593957,0.0542543692593957,0.177347919056545,measured,outputs/major_revision/adult-core-10seed-e01b72a/metrics/fairness_metrics_global.csv,,,,
adult-core-10seed-e01b72a,adult_core,2002,iid,B1,3,10,0,1.0,0.7677348066298343,0.5052257025560422,0.0246183102345178,0.0646818979350995,0.0646818979350995,0.1744038562498718,measured,outputs/major_revision/adult-core-10seed-e01b72a/metrics/fairness_metrics_global.csv,,,,
adult-core-10seed-e01b72a,adult_core,2002,iid,B1,4,10,0,1.0,0.7697237569060773,0.5144461799934588,0.028516764579261,0.070164155526278,0.070164155526278,0.1724681104429107,measured,outputs/major_revision/adult-core-10seed-e01b72a/metrics/fairness_metrics_global.csv,,,,
adult-core-10seed-e01b72a,adult_core,2002,iid,B1,5,10,0,1.0,0.7701657458563536,0.5186260815058309,0.0317879454755646,0.0764206727317003,0.0764206727317003,0.17181387426365,measured,outputs/major_revision/adult-core-10seed-e01b72a/metrics/fairness_metrics_global.csv,,,,
adult-core-10seed-e01b72a,adult_core,2002,iid,B3,1,10,0,1.0,0.7648618784530387,0.4924734356552538,0.0194113835312531,0.0550286288736395,0.0550286288736395,0.1776480744153544,measured,outputs/major_revision/adult-core-10seed-e01b72a/metrics/fairness_metrics_global.csv,,,,
adult-core-10seed-e01b72a,adult_core,2002,iid,B3,2,10,0,1.0,0.7657458563535912,0.4971893339774006,0.0210200112485838,0.0542543692593957,0.0542543692593957,0.177347919056545,measured,outputs/major_revision/adult-core-10seed-e01b72a/metrics/fairness_metrics_global.csv,,,,
adult-core-10seed-e01b72a,adult_core,2002,iid,B3,3,10,0,1.0,0.7677348066298343,0.5052257025560422,0.0246183102345178,0.0646818979350995,0.0646818979350995,0.1744038562498718,measured,outputs/major_revision/adult-core-10seed-e01b72a/metrics/fairness_metrics_global.csv,,,,
adult-core-10seed-e01b72a,adult_core,2002,iid,B3,4,10,0,1.0,0.7697237569060773,0.5144461799934588,0.028516764579261,0.070164155526278,0.070164155526278,0.1724681104429107,measured,outputs/major_revision/adult-core-10seed-e01b72a/metrics/fairness_metrics_global.csv,,,,
adult-core-10seed-e01b72a,adult_core,2002,iid,B3,5,10,0,1.0,0.7701657458563536,0.5186260815058309,0.0317879454755646,0.0764206727317003,0.0764206727317003,0.17181387426365,measured,outputs/major_revision/adult-core-10seed-e01b72a/metrics/fairness_metrics_global.csv,,,,
adult-core-10seed-e01b72a,adult_core,2002,joint_dirichlet_0.3,B0,1,10,0,1.0,0.7646408839779005,0.491641093786146,0.0190842654416227,0.0539858760060691,0.0539858760060691,0.1779751925049848,measured,outputs/major_revision/adult-core-10seed-e01b72a/metrics/fairness_metrics_global.csv,,,,
adult-core-10seed-e01b72a,adult_core,2002,joint_dirichlet_0.3,B0,2,10,0,1.0,0.765524861878453,0.4949628566628737,0.0193844208004321,0.0511261106566845,0.0511261106566845,0.1776750371461753,measured,outputs/major_revision/adult-core-10seed-e01b72a/metrics/fairness_metrics_global.csv,,,,
adult-core-10seed-e01b72a,adult_core,2002,joint_dirichlet_0.3,B0,3,10,0,1.0,0.7659668508287293,0.4980116779937626,0.0213471293382142,0.055297122126966,0.055297122126966,0.1770208009669147,measured,outputs/major_revision/adult-core-10seed-e01b72a/metrics/fairness_metrics_global.csv,,,,
adult-core-10seed-e01b72a,adult_core,2002,joint_dirichlet_0.3,B0,4,10,0,1.0,0.7681767955801105,0.5075174088208566,0.0259267825930392,0.0678101565378107,0.0678101565378107,0.1737496200706111,measured,outputs/major_revision/adult-core-10seed-e01b72a/metrics/fairness_metrics_global.csv,,,,
adult-core-10seed-e01b72a,adult_core,2002,joint_dirichlet_0.3,B0,5,10,0,1.0,0.7703867403314917,0.5168232028045061,0.0294981188481521,0.0732924141289891,0.0732924141289891,0.1714867561740197,measured,outputs/major_revision/adult-core-10seed-e01b72a/metrics/fairness_metrics_global.csv,,,,
adult-core-10seed-e01b72a,adult_core,2002,joint_dirichlet_0.3,B1,1,10,0,1.0,0.7646408839779005,0.491641093786146,0.0190842654416227,0.0539858760060691,0.0539858760060691,0.1779751925049848,measured,outputs/major_revision/adult-core-10seed-e01b72a/metrics/fairness_metrics_global.csv,,,,
adult-core-10seed-e01b72a,adult_core,2002,joint_dirichlet_0.3,B1,2,10,0,1.0,0.765524861878453,0.4949628566628737,0.0193844208004321,0.0511261106566845,0.0511261106566845,0.1776750371461753,measured,outputs/major_revision/adult-core-10seed-e01b72a/metrics/fairness_metrics_global.csv,,,,
adult-core-10seed-e01b72a,adult_core,2002,joint_dirichlet_0.3,B1,3,10,0,1.0,0.7659668508287293,0.4980116779937626,0.0213471293382142,0.055297122126966,0.055297122126966,0.1770208009669147,measured,outputs/major_revision/adult-core-10seed-e01b72a/metrics/fairness_metrics_global.csv,,,,
adult-core-10seed-e01b72a,adult_core,2002,joint_dirichlet_0.3,B1,4,10,0,1.0,0.7681767955801105,0.5075174088208566,0.0259267825930392,0.0678101565378107,0.0678101565378107,0.1737496200706111,measured,outputs/major_revision/adult-core-10seed-e01b72a/metrics/fairness_metrics_global.csv,,,,
adult-core-10seed-e01b72a,adult_core,2002,joint_dirichlet_0.3,B1,5,10,0,1.0,0.7703867403314917,0.5168232028045061,0.0294981188481521,0.0732924141289891,0.0732924141289891,0.1714867561740197,measured,outputs/major_revision/adult-core-10seed-e01b72a/metrics/fairness_metrics_global.csv,,,,
adult-core-10seed-e01b72a,adult_core,2002,joint_dirichlet_0.3,B3,1,6,4,0.6,0.7739226519337017,0.5408323743937999,0.0411125936899187,0.0746348803956216,0.0746348803956216,0.1702861347387824,measured,outputs/major_revision/adult-core-10seed-e01b72a/metrics/fairness_metrics_global.csv,,,,
adult-core-10seed-e01b72a,adult_core,2002,joint_dirichlet_0.3,B3,2,6,4,0.6,0.7750276243093923,0.5468369039805201,0.0443568118554013,0.0769888793840889,0.0769888793840889,0.1696588612903427,measured,outputs/major_revision/adult-core-10seed-e01b72a/metrics/fairness_metrics_global.csv,,,,
adult-core-10seed-e01b72a,adult_core,2002,joint_dirichlet_0.3,B3,3,6,4,0.6,0.7787845303867403,0.5607640055580332,0.0488555769177632,0.0767516062764981,0.0767516062764981,0.1671228047657629,measured,outputs/major_revision/adult-core-10seed-e01b72a/metrics/fairness_metrics_global.csv,,,,
adult-core-10seed-e01b72a,adult_core,2002,joint_dirichlet_0.3,B3,4,6,4,0.6,0.7814364640883978,0.5728679714902035,0.0543356962490162,0.0895331339406692,0.0895331339406692,0.1621890706904865,measured,outputs/major_revision/adult-core-10seed-e01b72a/metrics/fairness_metrics_global.csv,,,,
adult-core-10seed-e01b72a,adult_core,2002,joint_dirichlet_0.3,B3,5,7,3,0.7,0.7845303867403315,0.588300439827406,0.0647495496555455,0.109613931677833,0.109613931677833,0.1576094174356614,measured,outputs/major_revision/adult-core-10seed-e01b72a/metrics/fairness_metrics_global.csv,,,,
adult-core-10seed-e01b72a,adult_core,2003,iid,B0,1,10,0,1.0,0.7646408839779005,0.491641093786146,0.0190842654416227,0.0539858760060691,0.0539858760060691,0.1779751925049848,measured,outputs/major_revision/adult-core-10seed-e01b72a/metrics/fairness_metrics_global.csv,,,,
adult-core-10seed-e01b72a,adult_core,2003,iid,B0,2,10,0,1.0,0.7657458563535912,0.4964909201456539,0.0203657750693231,0.0532116163918253,0.0532116163918253,0.177347919056545,measured,outputs/major_revision/adult-core-10seed-e01b72a/metrics/fairness_metrics_global.csv,,,,
adult-core-10seed-e01b72a,adult_core,2003,iid,B0,3,10,0,1.0,0.767292817679558,0.5029197365847298,0.0233098378759963,0.0615536393323884,0.0615536393323884,0.1750580924291325,measured,outputs/major_revision/adult-core-10seed-e01b72a/metrics/fairness_metrics_global.csv,,,,
adult-core-10seed-e01b72a,adult_core,2003,iid,B0,4,10,0,1.0,0.769281767955801,0.5115319044392993,0.027562373041191,0.0730239208756626,0.0730239208756626,0.1721140296224593,measured,outputs/major_revision/adult-core-10seed-e01b72a/metrics/fairness_metrics_global.csv,,,,
adult-core-10seed-e01b72a,adult_core,2003,iid,B0,5,10,0,1.0,0.7703867403314917,0.5187668615458848,0.0314608273859342,0.0764206727317003,0.0764206727317003,0.1714867561740197,measured,outputs/major_revision/adult-core-10seed-e01b72a/metrics/fairness_metrics_global.csv,,,,
adult-core-10seed-e01b72a,adult_core,2003,iid,B1,1,10,0,1.0,0.7646408839779005,0.491641093786146,0.0190842654416227,0.0539858760060691,0.0539858760060691,0.1779751925049848,measured,outputs/major_revision/adult-core-10seed-e01b72a/metrics/fairness_metrics_global.csv,,,,
adult-core-10seed-e01b72a,adult_core,2003,iid,B1,2,10,0,1.0,0.7657458563535912,0.4964909201456539,0.0203657750693231,0.0532116163918253,0.0532116163918253,0.177347919056545,measured,outputs/major_revision/adult-core-10seed-e01b72a/metrics/fairness_metrics_global.csv,,,,
adult-core-10seed-e01b72a,adult_core,2003,iid,B1,3,10,0,1.0,0.767292817679558,0.5029197365847298,0.0233098378759963,0.0615536393323884,0.0615536393323884,0.1750580924291325,measured,outputs/major_revision/adult-core-10seed-e01b72a/metrics/fairness_metrics_global.csv,,,,
adult-core-10seed-e01b72a,adult_core,2003,iid,B1,4,10,0,1.0,0.769281767955801,0.5115319044392993,0.027562373041191,0.0730239208756626,0.0730239208756626,0.1721140296224593,measured,outputs/major_revision/adult-core-10seed-e01b72a/metrics/fairness_metrics_global.csv,,,,
adult-core-10seed-e01b72a,adult_core,2003,iid,B1,5,10,0,1.0,0.7703867403314917,0.5187668615458848,0.0314608273859342,0.0764206727317003,0.0764206727317003,0.1714867561740197,measured,outputs/major_revision/adult-core-10seed-e01b72a/metrics/fairness_metrics_global.csv,,,,
adult-core-10seed-e01b72a,adult_core,2003,iid,B3,1,10,0,1.0,0.7646408839779005,0.491641093786146,0.0190842654416227,0.0539858760060691,0.0539858760060691,0.1779751925049848,measured,outputs/major_revision/adult-core-10seed-e01b72a/metrics/fairness_metrics_global.csv,,,,
adult-core-10seed-e01b72a,adult_core,2003,iid,B3,2,10,0,1.0,0.7657458563535912,0.4964909201456539,0.0203657750693231,0.0532116163918253,0.0532116163918253,0.177347919056545,measured,outputs/major_revision/adult-core-10seed-e01b72a/metrics/fairness_metrics_global.csv,,,,
adult-core-10seed-e01b72a,adult_core,2003,iid,B3,3,10,0,1.0,0.767292817679558,0.5029197365847298,0.0233098378759963,0.0615536393323884,0.0615536393323884,0.1750580924291325,measured,outputs/major_revision/adult-core-10seed-e01b72a/metrics/fairness_metrics_global.csv,,,,
adult-core-10seed-e01b72a,adult_core,2003,iid,B3,4,10,0,1.0,0.769281767955801,0.5115319044392993,0.027562373041191,0.0730239208756626,0.0730239208756626,0.1721140296224593,measured,outputs/major_revision/adult-core-10seed-e01b72a/metrics/fairness_metrics_global.csv,,,,
adult-core-10seed-e01b72a,adult_core,2003,iid,B3,5,10,0,1.0,0.7703867403314917,0.5187668615458848,0.0314608273859342,0.0764206727317003,0.0764206727317003,0.1714867561740197,measured,outputs/major_revision/adult-core-10seed-e01b72a/metrics/fairness_metrics_global.csv,,,,
adult-core-10seed-e01b72a,adult_core,2003,joint_dirichlet_0.3,B0,1,10,0,1.0,0.7639779005524862,0.4884182472733,0.0184569919931831,0.0498148645357876,0.0498148645357876,0.1799648637735879,measured,outputs/major_revision/adult-core-10seed-e01b72a/metrics/fairness_metrics_global.csv,,,,
adult-core-10seed-e01b72a,adult_core,2003,joint_dirichlet_0.3,B0,2,10,0,1.0,0.7646408839779005,0.491641093786146,0.0190842654416227,0.0539858760060691,0.0539858760060691,0.1779751925049848,measured,outputs/major_revision/adult-core-10seed-e01b72a/metrics/fairness_metrics_global.csv,,,,
adult-core-10seed-e01b72a,adult_core,2003,joint_dirichlet_0.3,B0,3,10,0,1.0,0.7657458563535912,0.4971893339774006,0.0210200112485838,0.0542543692593957,0.0542543692593957,0.177347919056545,measured,outputs/major_revision/adult-core-10seed-e01b72a/metrics/fairness_metrics_global.csv,,,,
adult-core-10seed-e01b72a,adult_core,2003,joint_dirichlet_0.3,B0,4,10,0,1.0,0.767292817679558,0.5042841720185656,0.0246183102345178,0.0636391450675291,0.0636391450675291,0.1750580924291325,measured,outputs/major_revision/adult-core-10seed-e01b72a/metrics/fairness_metrics_global.csv,,,,
adult-core-10seed-e01b72a,adult_core,2003,joint_dirichlet_0.3,B0,5,10,0,1.0,0.7699447513812154,0.5145840918185002,0.0281896464896307,0.070164155526278,0.070164155526278,0.1721409923532804,measured,outputs/major_revision/adult-core-10seed-e01b72a/metrics/fairness_metrics_global.csv,,,,
adult-core-10seed-e01b72a,adult_core,2003,joint_dirichlet_0.3,B1,1,10,0,1.0,0.7639779005524862,0.4884182472733,0.0184569919931831,0.0498148645357876,0.0498148645357876,0.1799648637735879,measured,outputs/major_revision/adult-core-10seed-e01b72a/metrics/fairness_metrics_global.csv,,,,
adult-core-10seed-e01b72a,adult_core,2003,joint_dirichlet_0.3,B1,2,10,0,1.0,0.7646408839779005,0.491641093786146,0.0190842654416227,0.0539858760060691,0.0539858760060691,0.1779751925049848,measured,outputs/major_revision/adult-core-10seed-e01b72a/metrics/fairness_metrics_global.csv,,,,
adult-core-10seed-e01b72a,adult_core,2003,joint_dirichlet_0.3,B1,3,10,0,1.0,0.7657458563535912,0.4971893339774006,0.0210200112485838,0.0542543692593957,0.0542543692593957,0.177347919056545,measured,outputs/major_revision/adult-core-10seed-e01b72a/metrics/fairness_metrics_global.csv,,,,
adult-core-10seed-e01b72a,adult_core,2003,joint_dirichlet_0.3,B1,4,10,0,1.0,0.767292817679558,0.5042841720185656,0.0246183102345178,0.0636391450675291,0.0636391450675291,0.1750580924291325,measured,outputs/major_revision/adult-core-10seed-e01b72a/metrics/fairness_metrics_global.csv,,,,
adult-core-10seed-e01b72a,adult_core,2003,joint_dirichlet_0.3,B1,5,10,0,1.0,0.7699447513812154,0.5145840918185002,0.0281896464896307,0.070164155526278,0.070164155526278,0.1721409923532804,measured,outputs/major_revision/adult-core-10seed-e01b72a/metrics/fairness_metrics_global.csv,,,,
adult-core-10seed-e01b72a,adult_core,2003,joint_dirichlet_0.3,B3,1,9,1,0.9,0.7626519337016575,0.4811586448043373,0.0155398919173309,0.0404300887276541,0.0404300887276541,0.1829358893110821,measured,outputs/major_revision/adult-core-10seed-e01b72a/metrics/fairness_metrics_global.csv,,,,
adult-core-10seed-e01b72a,adult_core,2003,joint_dirichlet_0.3,B3,2,8,2,0.8,0.7591160220994475,0.4642455238744077,0.0097056917656265,0.0195750313762464,0.0195750313762464,0.190186412744592,measured,outputs/major_revision/adult-core-10seed-e01b72a/metrics/fairness_metrics_global.csv,,,,
adult-core-10seed-e01b72a,adult_core,2003,joint_dirichlet_0.3,B3,3,6,4,0.6,0.7566850828729281,0.4528398534426491,0.0068155544205954,0.0130500209174976,0.0130500209174976,0.193784711730526,measured,outputs/major_revision/adult-core-10seed-e01b72a/metrics/fairness_metrics_global.csv,,,,
adult-core-10seed-e01b72a,adult_core,2003,joint_dirichlet_0.3,B3,4,6,4,0.6,0.756243093922652,0.4510324691101789,0.0061613182413347,0.0109645151823568,0.0109645151823568,0.1944389479097866,measured,outputs/major_revision/adult-core-10seed-e01b72a/metrics/fairness_metrics_global.csv,,,,
adult-core-10seed-e01b72a,adult_core,2003,joint_dirichlet_0.3,B3,5,6,4,0.6,0.7560220994475139,0.4493080303403099,0.0051799639724436,0.008879009447216,0.008879009447216,0.194766065999417,measured,outputs/major_revision/adult-core-10seed-e01b72a/metrics/fairness_metrics_global.csv,,,,
adult-core-10seed-e01b72a,adult_core,2004,iid,B0,1,10,0,1.0,0.7653038674033149,0.4941343139162091,0.0190573027108017,0.0500833577891141,0.0500833577891141,0.1780021552358057,measured,outputs/major_revision/adult-core-10seed-e01b72a/metrics/fairness_metrics_global.csv,,,,
adult-core-10seed-e01b72a,adult_core,2004,iid,B0,2,10,0,1.0,0.7659668508287293,0.4980116779937626,0.0213471293382142,0.055297122126966,0.055297122126966,0.1770208009669147,measured,outputs/major_revision/adult-core-10seed-e01b72a/metrics/fairness_metrics_global.csv,,,,
adult-core-10seed-e01b72a,adult_core,2004,iid,B0,3,10,0,1.0,0.7677348066298343,0.5052257025560422,0.0246183102345178,0.0646818979350995,0.0646818979350995,0.1744038562498718,measured,outputs/major_revision/adult-core-10seed-e01b72a/metrics/fairness_metrics_global.csv,,,,
adult-core-10seed-e01b72a,adult_core,2004,iid,B0,4,10,0,1.0,0.7706077348066298,0.5176132106166071,0.0298252369377825,0.0743351669965595,0.0743351669965595,0.1711596380843894,measured,outputs/major_revision/adult-core-10seed-e01b72a/metrics/fairness_metrics_global.csv,,,,
adult-core-10seed-e01b72a,adult_core,2004,iid,B0,5,10,0,1.0,0.7701657458563536,0.5192692729504486,0.0324421816548253,0.0774634255992706,0.0774634255992706,0.17181387426365,measured,outputs/major_revision/adult-core-10seed-e01b72a/metrics/fairness_metrics_global.csv,,,,
adult-core-10seed-e01b72a,adult_core,2004,iid,B1,1,10,0,1.0,0.7653038674033149,0.4941343139162091,0.0190573027108017,0.0500833577891141,0.0500833577891141,0.1780021552358057,measured,outputs/major_revision/adult-core-10seed-e01b72a/metrics/fairness_metrics_global.csv,,,,
adult-core-10seed-e01b72a,adult_core,2004,iid,B1,2,10,0,1.0,0.7659668508287293,0.4980116779937626,0.0213471293382142,0.055297122126966,0.055297122126966,0.1770208009669147,measured,outputs/major_revision/adult-core-10seed-e01b72a/metrics/fairness_metrics_global.csv,,,,
adult-core-10seed-e01b72a,adult_core,2004,iid,B1,3,10,0,1.0,0.7677348066298343,0.5052257025560422,0.0246183102345178,0.0646818979350995,0.0646818979350995,0.1744038562498718,measured,outputs/major_revision/adult-core-10seed-e01b72a/metrics/fairness_metrics_global.csv,,,,
adult-core-10seed-e01b72a,adult_core,2004,iid,B1,4,10,0,1.0,0.7706077348066298,0.5176132106166071,0.0298252369377825,0.0743351669965595,0.0743351669965595,0.1711596380843894,measured,outputs/major_revision/adult-core-10seed-e01b72a/metrics/fairness_metrics_global.csv,,,,
adult-core-10seed-e01b72a,adult_core,2004,iid,B1,5,10,0,1.0,0.7701657458563536,0.5192692729504486,0.0324421816548253,0.0774634255992706,0.0774634255992706,0.17181387426365,measured,outputs/major_revision/adult-core-10seed-e01b72a/metrics/fairness_metrics_global.csv,,,,
adult-core-10seed-e01b72a,adult_core,2004,iid,B3,1,10,0,1.0,0.7653038674033149,0.4941343139162091,0.0190573027108017,0.0500833577891141,0.0500833577891141,0.1780021552358057,measured,outputs/major_revision/adult-core-10seed-e01b72a/metrics/fairness_metrics_global.csv,,,,
adult-core-10seed-e01b72a,adult_core,2004,iid,B3,2,10,0,1.0,0.7659668508287293,0.4980116779937626,0.0213471293382142,0.055297122126966,0.055297122126966,0.1770208009669147,measured,outputs/major_revision/adult-core-10seed-e01b72a/metrics/fairness_metrics_global.csv,,,,
adult-core-10seed-e01b72a,adult_core,2004,iid,B3,3,10,0,1.0,0.7677348066298343,0.5052257025560422,0.0246183102345178,0.0646818979350995,0.0646818979350995,0.1744038562498718,measured,outputs/major_revision/adult-core-10seed-e01b72a/metrics/fairness_metrics_global.csv,,,,
adult-core-10seed-e01b72a,adult_core,2004,iid,B3,4,10,0,1.0,0.7706077348066298,0.5176132106166071,0.0298252369377825,0.0743351669965595,0.0743351669965595,0.1711596380843894,measured,outputs/major_revision/adult-core-10seed-e01b72a/metrics/fairness_metrics_global.csv,,,,
adult-core-10seed-e01b72a,adult_core,2004,iid,B3,5,10,0,1.0,0.7701657458563536,0.5192692729504486,0.0324421816548253,0.0774634255992706,0.0774634255992706,0.17181387426365,measured,outputs/major_revision/adult-core-10seed-e01b72a/metrics/fairness_metrics_global.csv,,,,
adult-core-10seed-e01b72a,adult_core,2004,joint_dirichlet_0.3,B0,1,9,1,0.9,0.7646408839779005,0.491641093786146,0.0190842654416227,0.0539858760060691,0.0539858760060691,0.1779751925049848,measured,outputs/major_revision/adult-core-10seed-e01b72a/metrics/fairness_metrics_global.csv,,,,
adult-core-10seed-e01b72a,adult_core,2004,joint_dirichlet_0.3,B0,2,9,1,0.9,0.7657458563535912,0.4964909201456539,0.0203657750693231,0.0532116163918253,0.0532116163918253,0.177347919056545,measured,outputs/major_revision/adult-core-10seed-e01b72a/metrics/fairness_metrics_global.csv,,,,
adult-core-10seed-e01b72a,adult_core,2004,joint_dirichlet_0.3,B0,3,9,1,0.9,0.7675138121546962,0.5037334407536771,0.0236369559656267,0.0625963921999588,0.0625963921999588,0.1747309743395022,measured,outputs/major_revision/adult-core-10seed-e01b72a/metrics/fairness_metrics_global.csv,,,,
adult-core-10seed-e01b72a,adult_core,2004,joint_dirichlet_0.3,B0,4,9,1,0.9,0.7695027624309392,0.512992457204228,0.02753541031037,0.0680786497911372,0.0680786497911372,0.1727952285325411,measured,outputs/major_revision/adult-core-10seed-e01b72a/metrics/fairness_metrics_global.csv,,,,
adult-core-10seed-e01b72a,adult_core,2004,joint_dirichlet_0.3,B0,5,9,1,0.9,0.7703867403314917,0.5194104914530461,0.0321150635651949,0.0774634255992706,0.0774634255992706,0.1714867561740197,measured,outputs/major_revision/adult-core-10seed-e01b72a/metrics/fairness_metrics_global.csv,,,,
adult-core-10seed-e01b72a,adult_core,2004,joint_dirichlet_0.3,B1,1,9,1,0.9,0.7646408839779005,0.491641093786146,0.0190842654416227,0.0539858760060691,0.0539858760060691,0.1779751925049848,measured,outputs/major_revision/adult-core-10seed-e01b72a/metrics/fairness_metrics_global.csv,,,,
adult-core-10seed-e01b72a,adult_core,2004,joint_dirichlet_0.3,B1,2,9,1,0.9,0.7657458563535912,0.4964909201456539,0.0203657750693231,0.0532116163918253,0.0532116163918253,0.177347919056545,measured,outputs/major_revision/adult-core-10seed-e01b72a/metrics/fairness_metrics_global.csv,,,,
adult-core-10seed-e01b72a,adult_core,2004,joint_dirichlet_0.3,B1,3,9,1,0.9,0.7675138121546962,0.5037334407536771,0.0236369559656267,0.0625963921999588,0.0625963921999588,0.1747309743395022,measured,outputs/major_revision/adult-core-10seed-e01b72a/metrics/fairness_metrics_global.csv,,,,
adult-core-10seed-e01b72a,adult_core,2004,joint_dirichlet_0.3,B1,4,9,1,0.9,0.7695027624309392,0.512992457204228,0.02753541031037,0.0680786497911372,0.0680786497911372,0.1727952285325411,measured,outputs/major_revision/adult-core-10seed-e01b72a/metrics/fairness_metrics_global.csv,,,,
adult-core-10seed-e01b72a,adult_core,2004,joint_dirichlet_0.3,B1,5,9,1,0.9,0.7703867403314917,0.5194104914530461,0.0321150635651949,0.0774634255992706,0.0774634255992706,0.1714867561740197,measured,outputs/major_revision/adult-core-10seed-e01b72a/metrics/fairness_metrics_global.csv,,,,
adult-core-10seed-e01b72a,adult_core,2004,joint_dirichlet_0.3,B3,1,7,3,0.7,0.7648618784530387,0.4917628122302899,0.0197654643517045,0.0539858760060691,0.0539858760060691,0.1786563914150665,measured,outputs/major_revision/adult-core-10seed-e01b72a/metrics/fairness_metrics_global.csv,,,,
adult-core-10seed-e01b72a,adult_core,2004,joint_dirichlet_0.3,B3,2,7,3,0.7,0.7648618784530387,0.4924734356552538,0.0194113835312531,0.0550286288736395,0.0550286288736395,0.1776480744153544,measured,outputs/major_revision/adult-core-10seed-e01b72a/metrics/fairness_metrics_global.csv,,,,
adult-core-10seed-e01b72a,adult_core,2004,joint_dirichlet_0.3,B3,3,7,3,0.7,0.7664088397790055,0.498959720150526,0.0213471293382142,0.0563398749945364,0.0563398749945364,0.176366564787654,measured,outputs/major_revision/adult-core-10seed-e01b72a/metrics/fairness_metrics_global.csv,,,,
adult-core-10seed-e01b72a,adult_core,2004,joint_dirichlet_0.3,B3,4,6,4,0.6,0.7666298342541437,0.5004712614166946,0.0223284836071053,0.0584253807296772,0.0584253807296772,0.1760394466980236,measured,outputs/major_revision/adult-core-10seed-e01b72a/metrics/fairness_metrics_global.csv,,,,
adult-core-10seed-e01b72a,adult_core,2004,joint_dirichlet_0.3,B3,5,5,5,0.5,0.7681767955801105,0.506843450035111,0.0252725464137785,0.0667674036702403,0.0667674036702403,0.1737496200706111,measured,outputs/major_revision/adult-core-10seed-e01b72a/metrics/fairness_metrics_global.csv,,,,
adult-core-10seed-e01b72a,adult_core,2005,iid,B0,1,10,0,1.0,0.7648618784530387,0.4924734356552538,0.0194113835312531,0.0550286288736395,0.0550286288736395,0.1776480744153544,measured,outputs/major_revision/adult-core-10seed-e01b72a/metrics/fairness_metrics_global.csv,,,,
adult-core-10seed-e01b72a,adult_core,2005,iid,B0,2,10,0,1.0,0.7661878453038674,0.4981380333472546,0.0210200112485838,0.055297122126966,0.055297122126966,0.1766936828772843,measured,outputs/major_revision/adult-core-10seed-e01b72a/metrics/fairness_metrics_global.csv,,,,
adult-core-10seed-e01b72a,adult_core,2005,iid,B0,3,10,0,1.0,0.7679558011049724,0.5053571859875721,0.0242911921448874,0.0646818979350995,0.0646818979350995,0.1740767381602415,measured,outputs/major_revision/adult-core-10seed-e01b72a/metrics/fairness_metrics_global.csv,,,,
adult-core-10seed-e01b72a,adult_core,2005,iid,B0,4,10,0,1.0,0.7706077348066298,0.5169627379629165,0.0291710007585217,0.0732924141289891,0.0732924141289891,0.1711596380843894,measured,outputs/major_revision/adult-core-10seed-e01b72a/metrics/fairness_metrics_global.csv,,,,
adult-core-10seed-e01b72a,adult_core,2005,iid,B0,5,10,0,1.0,0.7701657458563536,0.5186260815058309,0.0317879454755646,0.0764206727317003,0.0764206727317003,0.17181387426365,measured,outputs/major_revision/adult-core-10seed-e01b72a/metrics/fairness_metrics_global.csv,,,,
adult-core-10seed-e01b72a,adult_core,2005,iid,B1,1,10,0,1.0,0.7648618784530387,0.4924734356552538,0.0194113835312531,0.0550286288736395,0.0550286288736395,0.1776480744153544,measured,outputs/major_revision/adult-core-10seed-e01b72a/metrics/fairness_metrics_global.csv,,,,
adult-core-10seed-e01b72a,adult_core,2005,iid,B1,2,10,0,1.0,0.7661878453038674,0.4981380333472546,0.0210200112485838,0.055297122126966,0.055297122126966,0.1766936828772843,measured,outputs/major_revision/adult-core-10seed-e01b72a/metrics/fairness_metrics_global.csv,,,,
adult-core-10seed-e01b72a,adult_core,2005,iid,B1,3,10,0,1.0,0.7679558011049724,0.5053571859875721,0.0242911921448874,0.0646818979350995,0.0646818979350995,0.1740767381602415,measured,outputs/major_revision/adult-core-10seed-e01b72a/metrics/fairness_metrics_global.csv,,,,
adult-core-10seed-e01b72a,adult_core,2005,iid,B1,4,10,0,1.0,0.7706077348066298,0.5169627379629165,0.0291710007585217,0.0732924141289891,0.0732924141289891,0.1711596380843894,measured,outputs/major_revision/adult-core-10seed-e01b72a/metrics/fairness_metrics_global.csv,,,,
adult-core-10seed-e01b72a,adult_core,2005,iid,B1,5,10,0,1.0,0.7701657458563536,0.5186260815058309,0.0317879454755646,0.0764206727317003,0.0764206727317003,0.17181387426365,measured,outputs/major_revision/adult-core-10seed-e01b72a/metrics/fairness_metrics_global.csv,,,,
adult-core-10seed-e01b72a,adult_core,2005,iid,B3,1,10,0,1.0,0.7648618784530387,0.4924734356552538,0.0194113835312531,0.0550286288736395,0.0550286288736395,0.1776480744153544,measured,outputs/major_revision/adult-core-10seed-e01b72a/metrics/fairness_metrics_global.csv,,,,
adult-core-10seed-e01b72a,adult_core,2005,iid,B3,2,10,0,1.0,0.7661878453038674,0.4981380333472546,0.0210200112485838,0.055297122126966,0.055297122126966,0.1766936828772843,measured,outputs/major_revision/adult-core-10seed-e01b72a/metrics/fairness_metrics_global.csv,,,,
adult-core-10seed-e01b72a,adult_core,2005,iid,B3,3,10,0,1.0,0.7679558011049724,0.5053571859875721,0.0242911921448874,0.0646818979350995,0.0646818979350995,0.1740767381602415,measured,outputs/major_revision/adult-core-10seed-e01b72a/metrics/fairness_metrics_global.csv,,,,
adult-core-10seed-e01b72a,adult_core,2005,iid,B3,4,10,0,1.0,0.7706077348066298,0.5169627379629165,0.0291710007585217,0.0732924141289891,0.0732924141289891,0.1711596380843894,measured,outputs/major_revision/adult-core-10seed-e01b72a/metrics/fairness_metrics_global.csv,,,,
adult-core-10seed-e01b72a,adult_core,2005,iid,B3,5,10,0,1.0,0.7701657458563536,0.5186260815058309,0.0317879454755646,0.0764206727317003,0.0764206727317003,0.17181387426365,measured,outputs/major_revision/adult-core-10seed-e01b72a/metrics/fairness_metrics_global.csv,,,,
adult-core-10seed-e01b72a,adult_core,2005,joint_dirichlet_0.3,B0,1,10,0,1.0,0.7641988950276243,0.4892563119993441,0.0187841100828134,0.050857617403358,0.050857617403358,0.1796377456839575,measured,outputs/major_revision/adult-core-10seed-e01b72a/metrics/fairness_metrics_global.csv,,,,
adult-core-10seed-e01b72a,adult_core,2005,joint_dirichlet_0.3,B0,2,10,0,1.0,0.7648618784530387,0.4924734356552538,0.0194113835312531,0.0550286288736395,0.0550286288736395,0.1776480744153544,measured,outputs/major_revision/adult-core-10seed-e01b72a/metrics/fairness_metrics_global.csv,,,,
adult-core-10seed-e01b72a,adult_core,2005,joint_dirichlet_0.3,B0,3,10,0,1.0,0.7661878453038674,0.4981380333472546,0.0210200112485838,0.055297122126966,0.055297122126966,0.1766936828772843,measured,outputs/major_revision/adult-core-10seed-e01b72a/metrics/fairness_metrics_global.csv,,,,
adult-core-10seed-e01b72a,adult_core,2005,joint_dirichlet_0.3,B0,4,10,0,1.0,0.7679558011049724,0.5053571859875721,0.0242911921448874,0.0646818979350995,0.0646818979350995,0.1740767381602415,measured,outputs/major_revision/adult-core-10seed-e01b72a/metrics/fairness_metrics_global.csv,,,,
adult-core-10seed-e01b72a,adult_core,2005,joint_dirichlet_0.3,B0,5,10,0,1.0,0.7703867403314917,0.5148601754891591,0.02753541031037,0.070164155526278,0.070164155526278,0.1714867561740197,measured,outputs/major_revision/adult-core-10seed-e01b72a/metrics/fairness_metrics_global.csv,,,,
adult-core-10seed-e01b72a,adult_core,2005,joint_dirichlet_0.3,B1,1,10,0,1.0,0.7641988950276243,0.4892563119993441,0.0187841100828134,0.050857617403358,0.050857617403358,0.1796377456839575,measured,outputs/major_revision/adult-core-10seed-e01b72a/metrics/fairness_metrics_global.csv,,,,
adult-core-10seed-e01b72a,adult_core,2005,joint_dirichlet_0.3,B1,2,10,0,1.0,0.7648618784530387,0.4924734356552538,0.0194113835312531,0.0550286288736395,0.0550286288736395,0.1776480744153544,measured,outputs/major_revision/adult-core-10seed-e01b72a/metrics/fairness_metrics_global.csv,,,,
adult-core-10seed-e01b72a,adult_core,2005,joint_dirichlet_0.3,B1,3,10,0,1.0,0.7661878453038674,0.4981380333472546,0.0210200112485838,0.055297122126966,0.055297122126966,0.1766936828772843,measured,outputs/major_revision/adult-core-10seed-e01b72a/metrics/fairness_metrics_global.csv,,,,
adult-core-10seed-e01b72a,adult_core,2005,joint_dirichlet_0.3,B1,4,10,0,1.0,0.7679558011049724,0.5053571859875721,0.0242911921448874,0.0646818979350995,0.0646818979350995,0.1740767381602415,measured,outputs/major_revision/adult-core-10seed-e01b72a/metrics/fairness_metrics_global.csv,,,,
adult-core-10seed-e01b72a,adult_core,2005,joint_dirichlet_0.3,B1,5,10,0,1.0,0.7703867403314917,0.5148601754891591,0.02753541031037,0.070164155526278,0.070164155526278,0.1714867561740197,measured,outputs/major_revision/adult-core-10seed-e01b72a/metrics/fairness_metrics_global.csv,,,,
adult-core-10seed-e01b72a,adult_core,2005,joint_dirichlet_0.3,B3,1,5,5,0.5,0.7646408839779005,0.4887764464339342,0.0184839547240041,0.0498148645357876,0.0498148645357876,0.1799918265044089,measured,outputs/major_revision/adult-core-10seed-e01b72a/metrics/fairness_metrics_global.csv,,,,
adult-core-10seed-e01b72a,adult_core,2005,joint_dirichlet_0.3,B3,2,4,6,0.4,0.7597790055248619,0.4676597918919846,0.0113412822137783,0.023746042846528,0.023746042846528,0.189205058475701,measured,outputs/major_revision/adult-core-10seed-e01b72a/metrics/fairness_metrics_global.csv,,,,
adult-core-10seed-e01b72a,adult_core,2005,joint_dirichlet_0.3,B3,3,3,7,0.3,0.7580110497237569,0.4590233416299737,0.007415865138214,0.0133185141708241,0.0133185141708241,0.1918220031927437,measured,outputs/major_revision/adult-core-10seed-e01b72a/metrics/fairness_metrics_global.csv,,,,
adult-core-10seed-e01b72a,adult_core,2005,joint_dirichlet_0.3,B3,4,3,7,0.3,0.7573480662983425,0.4555400141844842,0.0067885916897743,0.0091475027005426,0.0091475027005426,0.193811674461347,measured,outputs/major_revision/adult-core-10seed-e01b72a/metrics/fairness_metrics_global.csv,,,,
adult-core-10seed-e01b72a,adult_core,2005,joint_dirichlet_0.3,B3,5,3,7,0.3,0.7569060773480663,0.4537413586327632,0.0071426725102257,0.014092773785068,0.014092773785068,0.1934575936408956,measured,outputs/major_revision/adult-core-10seed-e01b72a/metrics/fairness_metrics_global.csv,,,,
adult-core-10seed-e01b72a,adult_core,2006,iid,B0,1,10,0,1.0,0.7648618784530387,0.4924734356552538,0.0194113835312531,0.0550286288736395,0.0550286288736395,0.1776480744153544,measured,outputs/major_revision/adult-core-10seed-e01b72a/metrics/fairness_metrics_global.csv,,,,
adult-core-10seed-e01b72a,adult_core,2006,iid,B0,2,10,0,1.0,0.7661878453038674,0.4981380333472546,0.0210200112485838,0.055297122126966,0.055297122126966,0.1766936828772843,measured,outputs/major_revision/adult-core-10seed-e01b72a/metrics/fairness_metrics_global.csv,,,,
adult-core-10seed-e01b72a,adult_core,2006,iid,B0,3,10,0,1.0,0.7688397790055249,0.5085901084078368,0.0255996645034088,0.0688529094053811,0.0688529094053811,0.1727682658017201,measured,outputs/major_revision/adult-core-10seed-e01b72a/metrics/fairness_metrics_global.csv,,,,
adult-core-10seed-e01b72a,adult_core,2006,iid,B0,4,10,0,1.0,0.7706077348066298,0.5176132106166071,0.0298252369377825,0.0743351669965595,0.0743351669965595,0.1711596380843894,measured,outputs/major_revision/adult-core-10seed-e01b72a/metrics/fairness_metrics_global.csv,,,,
adult-core-10seed-e01b72a,adult_core,2006,iid,B0,5,10,0,1.0,0.7701657458563536,0.5192692729504486,0.0324421816548253,0.0774634255992706,0.0774634255992706,0.17181387426365,measured,outputs/major_revision/adult-core-10seed-e01b72a/metrics/fairness_metrics_global.csv,,,,
adult-core-10seed-e01b72a,adult_core,2006,iid,B1,1,10,0,1.0,0.7648618784530387,0.4924734356552538,0.0194113835312531,0.0550286288736395,0.0550286288736395,0.1776480744153544,measured,outputs/major_revision/adult-core-10seed-e01b72a/metrics/fairness_metrics_global.csv,,,,
adult-core-10seed-e01b72a,adult_core,2006,iid,B1,2,10,0,1.0,0.7661878453038674,0.4981380333472546,0.0210200112485838,0.055297122126966,0.055297122126966,0.1766936828772843,measured,outputs/major_revision/adult-core-10seed-e01b72a/metrics/fairness_metrics_global.csv,,,,
adult-core-10seed-e01b72a,adult_core,2006,iid,B1,3,10,0,1.0,0.7688397790055249,0.5085901084078368,0.0255996645034088,0.0688529094053811,0.0688529094053811,0.1727682658017201,measured,outputs/major_revision/adult-core-10seed-e01b72a/metrics/fairness_metrics_global.csv,,,,
adult-core-10seed-e01b72a,adult_core,2006,iid,B1,4,10,0,1.0,0.7706077348066298,0.5176132106166071,0.0298252369377825,0.0743351669965595,0.0743351669965595,0.1711596380843894,measured,outputs/major_revision/adult-core-10seed-e01b72a/metrics/fairness_metrics_global.csv,,,,
adult-core-10seed-e01b72a,adult_core,2006,iid,B1,5,10,0,1.0,0.7701657458563536,0.5192692729504486,0.0324421816548253,0.0774634255992706,0.0774634255992706,0.17181387426365,measured,outputs/major_revision/adult-core-10seed-e01b72a/metrics/fairness_metrics_global.csv,,,,
adult-core-10seed-e01b72a,adult_core,2006,iid,B3,1,10,0,1.0,0.7648618784530387,0.4924734356552538,0.0194113835312531,0.0550286288736395,0.0550286288736395,0.1776480744153544,measured,outputs/major_revision/adult-core-10seed-e01b72a/metrics/fairness_metrics_global.csv,,,,
adult-core-10seed-e01b72a,adult_core,2006,iid,B3,2,10,0,1.0,0.7661878453038674,0.4981380333472546,0.0210200112485838,0.055297122126966,0.055297122126966,0.1766936828772843,measured,outputs/major_revision/adult-core-10seed-e01b72a/metrics/fairness_metrics_global.csv,,,,
adult-core-10seed-e01b72a,adult_core,2006,iid,B3,3,10,0,1.0,0.7688397790055249,0.5085901084078368,0.0255996645034088,0.0688529094053811,0.0688529094053811,0.1727682658017201,measured,outputs/major_revision/adult-core-10seed-e01b72a/metrics/fairness_metrics_global.csv,,,,
adult-core-10seed-e01b72a,adult_core,2006,iid,B3,4,10,0,1.0,0.7706077348066298,0.5176132106166071,0.0298252369377825,0.0743351669965595,0.0743351669965595,0.1711596380843894,measured,outputs/major_revision/adult-core-10seed-e01b72a/metrics/fairness_metrics_global.csv,,,,
adult-core-10seed-e01b72a,adult_core,2006,iid,B3,5,10,0,1.0,0.7701657458563536,0.5192692729504486,0.0324421816548253,0.0774634255992706,0.0774634255992706,0.17181387426365,measured,outputs/major_revision/adult-core-10seed-e01b72a/metrics/fairness_metrics_global.csv,,,,
adult-core-10seed-e01b72a,adult_core,2006,joint_dirichlet_0.3,B0,1,10,0,1.0,0.7646408839779005,0.491641093786146,0.0190842654416227,0.0539858760060691,0.0539858760060691,0.1779751925049848,measured,outputs/major_revision/adult-core-10seed-e01b72a/metrics/fairness_metrics_global.csv,,,,
adult-core-10seed-e01b72a,adult_core,2006,joint_dirichlet_0.3,B0,2,10,0,1.0,0.7657458563535912,0.4964909201456539,0.0203657750693231,0.0532116163918253,0.0532116163918253,0.177347919056545,measured,outputs/major_revision/adult-core-10seed-e01b72a/metrics/fairness_metrics_global.csv,,,,
adult-core-10seed-e01b72a,adult_core,2006,joint_dirichlet_0.3,B0,3,10,0,1.0,0.7664088397790055,0.4996526386231329,0.0220013655174749,0.0573826278621068,0.0573826278621068,0.176366564787654,measured,outputs/major_revision/adult-core-10seed-e01b72a/metrics/fairness_metrics_global.csv,,,,
adult-core-10seed-e01b72a,adult_core,2006,joint_dirichlet_0.3,B0,4,10,0,1.0,0.7683977900552487,0.5083227025475731,0.0262539006826696,0.0688529094053811,0.0688529094053811,0.1734225019809807,measured,outputs/major_revision/adult-core-10seed-e01b72a/metrics/fairness_metrics_global.csv,,,,
adult-core-10seed-e01b72a,adult_core,2006,joint_dirichlet_0.3,B0,5,10,0,1.0,0.7701657458563536,0.517980771673248,0.0311337092963039,0.0753779198641299,0.0753779198641299,0.17181387426365,measured,outputs/major_revision/adult-core-10seed-e01b72a/metrics/fairness_metrics_global.csv,,,,
adult-core-10seed-e01b72a,adult_core,2006,joint_dirichlet_0.3,B1,1,10,0,1.0,0.7646408839779005,0.491641093786146,0.0190842654416227,0.0539858760060691,0.0539858760060691,0.1779751925049848,measured,outputs/major_revision/adult-core-10seed-e01b72a/metrics/fairness_metrics_global.csv,,,,
adult-core-10seed-e01b72a,adult_core,2006,joint_dirichlet_0.3,B1,2,10,0,1.0,0.7657458563535912,0.4964909201456539,0.0203657750693231,0.0532116163918253,0.0532116163918253,0.177347919056545,measured,outputs/major_revision/adult-core-10seed-e01b72a/metrics/fairness_metrics_global.csv,,,,
adult-core-10seed-e01b72a,adult_core,2006,joint_dirichlet_0.3,B1,3,10,0,1.0,0.7664088397790055,0.4996526386231329,0.0220013655174749,0.0573826278621068,0.0573826278621068,0.176366564787654,measured,outputs/major_revision/adult-core-10seed-e01b72a/metrics/fairness_metrics_global.csv,,,,
adult-core-10seed-e01b72a,adult_core,2006,joint_dirichlet_0.3,B1,4,10,0,1.0,0.7683977900552487,0.5083227025475731,0.0262539006826696,0.0688529094053811,0.0688529094053811,0.1734225019809807,measured,outputs/major_revision/adult-core-10seed-e01b72a/metrics/fairness_metrics_global.csv,,,,
adult-core-10seed-e01b72a,adult_core,2006,joint_dirichlet_0.3,B1,5,10,0,1.0,0.7701657458563536,0.517980771673248,0.0311337092963039,0.0753779198641299,0.0753779198641299,0.17181387426365,measured,outputs/major_revision/adult-core-10seed-e01b72a/metrics/fairness_metrics_global.csv,,,,
adult-core-10seed-e01b72a,adult_core,2006,joint_dirichlet_0.3,B3,1,3,7,0.3,0.754475138121547,0.4429099233403097,0.0038984543447432,0.0086105161938895,0.0086105161938895,0.1960475756271175,measured,outputs/major_revision/adult-core-10seed-e01b72a/metrics/fairness_metrics_global.csv,,,,
adult-core-10seed-e01b72a,adult_core,2006,joint_dirichlet_0.3,B3,2,3,7,0.3,0.754475138121547,0.4429099233403097,0.0038984543447432,0.0086105161938895,0.0086105161938895,0.1960475756271175,measured,outputs/major_revision/adult-core-10seed-e01b72a/metrics/fairness_metrics_global.csv,,,,
adult-core-10seed-e01b72a,adult_core,2006,joint_dirichlet_0.3,B3,3,3,7,0.3,0.754475138121547,0.4429099233403097,0.0038984543447432,0.0086105161938895,0.0086105161938895,0.1960475756271175,measured,outputs/major_revision/adult-core-10seed-e01b72a/metrics/fairness_metrics_global.csv,,,,
adult-core-10seed-e01b72a,adult_core,2006,joint_dirichlet_0.3,B3,4,3,7,0.3,0.7546961325966851,0.4438284137989683,0.0042255724343736,0.0096532690614599,0.0096532690614599,0.1957204575374871,measured,outputs/major_revision/adult-core-10seed-e01b72a/metrics/fairness_metrics_global.csv,,,,
adult-core-10seed-e01b72a,adult_core,2006,joint_dirichlet_0.3,B3,5,3,7,0.3,0.7549171270718232,0.4447454059389661,0.0035443735242918,0.0036652451093641,0.0036652451093641,0.1964016564475688,measured,outputs/major_revision/adult-core-10seed-e01b72a/metrics/fairness_metrics_global.csv,,,,
adult-core-10seed-e01b72a,adult_core,2007,iid,B0,1,10,0,1.0,0.7646408839779005,0.491641093786146,0.0190842654416227,0.0539858760060691,0.0539858760060691,0.1779751925049848,measured,outputs/major_revision/adult-core-10seed-e01b72a/metrics/fairness_metrics_global.csv,,,,
adult-core-10seed-e01b72a,adult_core,2007,iid,B0,2,10,0,1.0,0.7659668508287293,0.4973151010499477,0.0206928931589535,0.0542543692593957,0.0542543692593957,0.1770208009669147,measured,outputs/major_revision/adult-core-10seed-e01b72a/metrics/fairness_metrics_global.csv,,,,
adult-core-10seed-e01b72a,adult_core,2007,iid,B0,3,10,0,1.0,0.7675138121546962,0.5037334407536771,0.0236369559656267,0.0625963921999588,0.0625963921999588,0.1747309743395022,measured,outputs/major_revision/adult-core-10seed-e01b72a/metrics/fairness_metrics_global.csv,,,,
adult-core-10seed-e01b72a,adult_core,2007,iid,B0,4,10,0,1.0,0.7701657458563536,0.5153781450990375,0.028516764579261,0.0712069083938483,0.0712069083938483,0.17181387426365,measured,outputs/major_revision/adult-core-10seed-e01b72a/metrics/fairness_metrics_global.csv,,,,
adult-core-10seed-e01b72a,adult_core,2007,iid,B0,5,10,0,1.0,0.7706077348066298,0.5189077317277224,0.0311337092963039,0.0764206727317003,0.0764206727317003,0.1711596380843894,measured,outputs/major_revision/adult-core-10seed-e01b72a/metrics/fairness_metrics_global.csv,,,,
adult-core-10seed-e01b72a,adult_core,2007,iid,B1,1,10,0,1.0,0.7646408839779005,0.491641093786146,0.0190842654416227,0.0539858760060691,0.0539858760060691,0.1779751925049848,measured,outputs/major_revision/adult-core-10seed-e01b72a/metrics/fairness_metrics_global.csv,,,,
adult-core-10seed-e01b72a,adult_core,2007,iid,B1,2,10,0,1.0,0.7659668508287293,0.4973151010499477,0.0206928931589535,0.0542543692593957,0.0542543692593957,0.1770208009669147,measured,outputs/major_revision/adult-core-10seed-e01b72a/metrics/fairness_metrics_global.csv,,,,
adult-core-10seed-e01b72a,adult_core,2007,iid,B1,3,10,0,1.0,0.7675138121546962,0.5037334407536771,0.0236369559656267,0.0625963921999588,0.0625963921999588,0.1747309743395022,measured,outputs/major_revision/adult-core-10seed-e01b72a/metrics/fairness_metrics_global.csv,,,,
adult-core-10seed-e01b72a,adult_core,2007,iid,B1,4,10,0,1.0,0.7701657458563536,0.5153781450990375,0.028516764579261,0.0712069083938483,0.0712069083938483,0.17181387426365,measured,outputs/major_revision/adult-core-10seed-e01b72a/metrics/fairness_metrics_global.csv,,,,
adult-core-10seed-e01b72a,adult_core,2007,iid,B1,5,10,0,1.0,0.7706077348066298,0.5189077317277224,0.0311337092963039,0.0764206727317003,0.0764206727317003,0.1711596380843894,measured,outputs/major_revision/adult-core-10seed-e01b72a/metrics/fairness_metrics_global.csv,,,,
adult-core-10seed-e01b72a,adult_core,2007,iid,B3,1,10,0,1.0,0.7646408839779005,0.491641093786146,0.0190842654416227,0.0539858760060691,0.0539858760060691,0.1779751925049848,measured,outputs/major_revision/adult-core-10seed-e01b72a/metrics/fairness_metrics_global.csv,,,,
adult-core-10seed-e01b72a,adult_core,2007,iid,B3,2,10,0,1.0,0.7659668508287293,0.4973151010499477,0.0206928931589535,0.0542543692593957,0.0542543692593957,0.1770208009669147,measured,outputs/major_revision/adult-core-10seed-e01b72a/metrics/fairness_metrics_global.csv,,,,
adult-core-10seed-e01b72a,adult_core,2007,iid,B3,3,10,0,1.0,0.7675138121546962,0.5037334407536771,0.0236369559656267,0.0625963921999588,0.0625963921999588,0.1747309743395022,measured,outputs/major_revision/adult-core-10seed-e01b72a/metrics/fairness_metrics_global.csv,,,,
adult-core-10seed-e01b72a,adult_core,2007,iid,B3,4,10,0,1.0,0.7701657458563536,0.5153781450990375,0.028516764579261,0.0712069083938483,0.0712069083938483,0.17181387426365,measured,outputs/major_revision/adult-core-10seed-e01b72a/metrics/fairness_metrics_global.csv,,,,
adult-core-10seed-e01b72a,adult_core,2007,iid,B3,5,10,0,1.0,0.7706077348066298,0.5189077317277224,0.0311337092963039,0.0764206727317003,0.0764206727317003,0.1711596380843894,measured,outputs/major_revision/adult-core-10seed-e01b72a/metrics/fairness_metrics_global.csv,,,,
adult-core-10seed-e01b72a,adult_core,2007,joint_dirichlet_0.3,B0,1,10,0,1.0,0.7646408839779005,0.491641093786146,0.0190842654416227,0.0539858760060691,0.0539858760060691,0.1779751925049848,measured,outputs/major_revision/adult-core-10seed-e01b72a/metrics/fairness_metrics_global.csv,,,,
adult-core-10seed-e01b72a,adult_core,2007,joint_dirichlet_0.3,B0,2,10,0,1.0,0.7659668508287293,0.4966161651973181,0.0200386569796928,0.0532116163918253,0.0532116163918253,0.1770208009669147,measured,outputs/major_revision/adult-core-10seed-e01b72a/metrics/fairness_metrics_global.csv,,,,
adult-core-10seed-e01b72a,adult_core,2007,joint_dirichlet_0.3,B0,3,10,0,1.0,0.7670718232044199,0.5021048073373655,0.022982719786366,0.060510886464818,0.060510886464818,0.1753852105187628,measured,outputs/major_revision/adult-core-10seed-e01b72a/metrics/fairness_metrics_global.csv,,,,
adult-core-10seed-e01b72a,adult_core,2007,joint_dirichlet_0.3,B0,4,10,0,1.0,0.7690607734806629,0.5113960992697846,0.0268811741311092,0.0659931440559964,0.0659931440559964,0.1734494647118019,measured,outputs/major_revision/adult-core-10seed-e01b72a/metrics/fairness_metrics_global.csv,,,,
adult-core-10seed-e01b72a,adult_core,2007,joint_dirichlet_0.3,B0,5,10,0,1.0,0.7706077348066298,0.5189077317277224,0.0311337092963039,0.0764206727317003,0.0764206727317003,0.1711596380843894,measured,outputs/major_revision/adult-core-10seed-e01b72a/metrics/fairness_metrics_global.csv,,,,
adult-core-10seed-e01b72a,adult_core,2007,joint_dirichlet_0.3,B1,1,10,0,1.0,0.7646408839779005,0.491641093786146,0.0190842654416227,0.0539858760060691,0.0539858760060691,0.1779751925049848,measured,outputs/major_revision/adult-core-10seed-e01b72a/metrics/fairness_metrics_global.csv,,,,
adult-core-10seed-e01b72a,adult_core,2007,joint_dirichlet_0.3,B1,2,10,0,1.0,0.7659668508287293,0.4966161651973181,0.0200386569796928,0.0532116163918253,0.0532116163918253,0.1770208009669147,measured,outputs/major_revision/adult-core-10seed-e01b72a/metrics/fairness_metrics_global.csv,,,,
adult-core-10seed-e01b72a,adult_core,2007,joint_dirichlet_0.3,B1,3,10,0,1.0,0.7670718232044199,0.5021048073373655,0.022982719786366,0.060510886464818,0.060510886464818,0.1753852105187628,measured,outputs/major_revision/adult-core-10seed-e01b72a/metrics/fairness_metrics_global.csv,,,,
adult-core-10seed-e01b72a,adult_core,2007,joint_dirichlet_0.3,B1,4,10,0,1.0,0.7690607734806629,0.5113960992697846,0.0268811741311092,0.0659931440559964,0.0659931440559964,0.1734494647118019,measured,outputs/major_revision/adult-core-10seed-e01b72a/metrics/fairness_metrics_global.csv,,,,
adult-core-10seed-e01b72a,adult_core,2007,joint_dirichlet_0.3,B1,5,10,0,1.0,0.7706077348066298,0.5189077317277224,0.0311337092963039,0.0764206727317003,0.0764206727317003,0.1711596380843894,measured,outputs/major_revision/adult-core-10seed-e01b72a/metrics/fairness_metrics_global.csv,,,,
adult-core-10seed-e01b72a,adult_core,2007,joint_dirichlet_0.3,B3,1,3,7,0.3,0.7542541436464089,0.4428263028328403,0.0052338894340857,0.0156412930135557,0.0156412930135557,0.1953663767170357,measured,outputs/major_revision/adult-core-10seed-e01b72a/metrics/fairness_metrics_global.csv,,,,
adult-core-10seed-e01b72a,adult_core,2007,joint_dirichlet_0.3,B3,2,3,7,0.3,0.7542541436464089,0.4428263028328403,0.0052338894340857,0.0156412930135557,0.0156412930135557,0.1953663767170357,measured,outputs/major_revision/adult-core-10seed-e01b72a/metrics/fairness_metrics_global.csv,,,,
adult-core-10seed-e01b72a,adult_core,2007,joint_dirichlet_0.3,B3,3,3,7,0.3,0.754475138121547,0.4437440450840318,0.005561007523716,0.0166840458811261,0.0166840458811261,0.1950392586274053,measured,outputs/major_revision/adult-core-10seed-e01b72a/metrics/fairness_metrics_global.csv,,,,
adult-core-10seed-e01b72a,adult_core,2007,joint_dirichlet_0.3,B3,4,3,7,0.3,0.7546961325966851,0.4446602916435954,0.0048798086136343,0.0106960219290303,0.0106960219290303,0.1957204575374871,measured,outputs/major_revision/adult-core-10seed-e01b72a/metrics/fairness_metrics_global.csv,,,,
adult-core-10seed-e01b72a,adult_core,2007,joint_dirichlet_0.3,B3,5,3,7,0.3,0.7551381215469614,0.4464883135143537,0.005534044792895,0.0127815276641711,0.0127815276641711,0.1950662213582265,measured,outputs/major_revision/adult-core-10seed-e01b72a/metrics/fairness_metrics_global.csv,,,,
adult-core-10seed-e01b72a,adult_core,2008,iid,B0,1,10,0,1.0,0.7646408839779005,0.491641093786146,0.0190842654416227,0.0539858760060691,0.0539858760060691,0.1779751925049848,measured,outputs/major_revision/adult-core-10seed-e01b72a/metrics/fairness_metrics_global.csv,,,,
adult-core-10seed-e01b72a,adult_core,2008,iid,B0,2,10,0,1.0,0.7661878453038674,0.4981380333472546,0.0210200112485838,0.055297122126966,0.055297122126966,0.1766936828772843,measured,outputs/major_revision/adult-core-10seed-e01b72a/metrics/fairness_metrics_global.csv,,,,
adult-core-10seed-e01b72a,adult_core,2008,iid,B0,3,10,0,1.0,0.7681767955801105,0.5061672330935187,0.0246183102345178,0.0657246508026699,0.0657246508026699,0.1737496200706111,measured,outputs/major_revision/adult-core-10seed-e01b72a/metrics/fairness_metrics_global.csv,,,,
adult-core-10seed-e01b72a,adult_core,2008,iid,B0,4,10,0,1.0,0.7701657458563536,0.5160320303289336,0.0291710007585217,0.0722496612614187,0.0722496612614187,0.17181387426365,measured,outputs/major_revision/adult-core-10seed-e01b72a/metrics/fairness_metrics_global.csv,,,,
adult-core-10seed-e01b72a,adult_core,2008,iid,B0,5,10,0,1.0,0.7703867403314917,0.5187668615458848,0.0314608273859342,0.0764206727317003,0.0764206727317003,0.1714867561740197,measured,outputs/major_revision/adult-core-10seed-e01b72a/metrics/fairness_metrics_global.csv,,,,
adult-core-10seed-e01b72a,adult_core,2008,iid,B1,1,10,0,1.0,0.7646408839779005,0.491641093786146,0.0190842654416227,0.0539858760060691,0.0539858760060691,0.1779751925049848,measured,outputs/major_revision/adult-core-10seed-e01b72a/metrics/fairness_metrics_global.csv,,,,
adult-core-10seed-e01b72a,adult_core,2008,iid,B1,2,10,0,1.0,0.7661878453038674,0.4981380333472546,0.0210200112485838,0.055297122126966,0.055297122126966,0.1766936828772843,measured,outputs/major_revision/adult-core-10seed-e01b72a/metrics/fairness_metrics_global.csv,,,,
adult-core-10seed-e01b72a,adult_core,2008,iid,B1,3,10,0,1.0,0.7681767955801105,0.5061672330935187,0.0246183102345178,0.0657246508026699,0.0657246508026699,0.1737496200706111,measured,outputs/major_revision/adult-core-10seed-e01b72a/metrics/fairness_metrics_global.csv,,,,
adult-core-10seed-e01b72a,adult_core,2008,iid,B1,4,10,0,1.0,0.7701657458563536,0.5160320303289336,0.0291710007585217,0.0722496612614187,0.0722496612614187,0.17181387426365,measured,outputs/major_revision/adult-core-10seed-e01b72a/metrics/fairness_metrics_global.csv,,,,
adult-core-10seed-e01b72a,adult_core,2008,iid,B1,5,10,0,1.0,0.7703867403314917,0.5187668615458848,0.0314608273859342,0.0764206727317003,0.0764206727317003,0.1714867561740197,measured,outputs/major_revision/adult-core-10seed-e01b72a/metrics/fairness_metrics_global.csv,,,,
adult-core-10seed-e01b72a,adult_core,2008,iid,B3,1,10,0,1.0,0.7646408839779005,0.491641093786146,0.0190842654416227,0.0539858760060691,0.0539858760060691,0.1779751925049848,measured,outputs/major_revision/adult-core-10seed-e01b72a/metrics/fairness_metrics_global.csv,,,,
adult-core-10seed-e01b72a,adult_core,2008,iid,B3,2,10,0,1.0,0.7661878453038674,0.4981380333472546,0.0210200112485838,0.055297122126966,0.055297122126966,0.1766936828772843,measured,outputs/major_revision/adult-core-10seed-e01b72a/metrics/fairness_metrics_global.csv,,,,
adult-core-10seed-e01b72a,adult_core,2008,iid,B3,3,10,0,1.0,0.7681767955801105,0.5061672330935187,0.0246183102345178,0.0657246508026699,0.0657246508026699,0.1737496200706111,measured,outputs/major_revision/adult-core-10seed-e01b72a/metrics/fairness_metrics_global.csv,,,,
adult-core-10seed-e01b72a,adult_core,2008,iid,B3,4,10,0,1.0,0.7701657458563536,0.5160320303289336,0.0291710007585217,0.0722496612614187,0.0722496612614187,0.17181387426365,measured,outputs/major_revision/adult-core-10seed-e01b72a/metrics/fairness_metrics_global.csv,,,,
adult-core-10seed-e01b72a,adult_core,2008,iid,B3,5,10,0,1.0,0.7703867403314917,0.5187668615458848,0.0314608273859342,0.0764206727317003,0.0764206727317003,0.1714867561740197,measured,outputs/major_revision/adult-core-10seed-e01b72a/metrics/fairness_metrics_global.csv,,,,
adult-core-10seed-e01b72a,adult_core,2008,joint_dirichlet_0.3,B0,1,9,1,0.9,0.7659668508287293,0.4987059075703858,0.0220013655174749,0.0563398749945364,0.0563398749945364,0.1770208009669147,measured,outputs/major_revision/adult-core-10seed-e01b72a/metrics/fairness_metrics_global.csv,,,,
adult-core-10seed-e01b72a,adult_core,2008,joint_dirichlet_0.3,B0,2,9,1,0.9,0.7677348066298343,0.5065784524983035,0.0249184655933271,0.0597366268505741,0.0597366268505741,0.175412173249584,measured,outputs/major_revision/adult-core-10seed-e01b72a/metrics/fairness_metrics_global.csv,,,,
adult-core-10seed-e01b72a,adult_core,2008,joint_dirichlet_0.3,B0,3,9,1,0.9,0.7706077348066298,0.5182615384615384,0.0304794731170432,0.0753779198641299,0.0753779198641299,0.1711596380843894,measured,outputs/major_revision/adult-core-10seed-e01b72a/metrics/fairness_metrics_global.csv,,,,
adult-core-10seed-e01b72a,adult_core,2008,joint_dirichlet_0.3,B0,4,9,1,0.9,0.7712707182320442,0.5244351024697845,0.0333696104620743,0.0777319188525972,0.0777319188525972,0.1701782838154982,measured,outputs/major_revision/adult-core-10seed-e01b72a/metrics/fairness_metrics_global.csv,,,,
adult-core-10seed-e01b72a,adult_core,2008,joint_dirichlet_0.3,B0,5,9,1,0.9,0.7725966850828729,0.5315249083192467,0.0339159957180509,0.0600363402496362,0.0600363402496362,0.1722488432765645,measured,outputs/major_revision/adult-core-10seed-e01b72a/metrics/fairness_metrics_global.csv,,,,
adult-core-10seed-e01b72a,adult_core,2008,joint_dirichlet_0.3,B1,1,9,1,0.9,0.7659668508287293,0.4987059075703858,0.0220013655174749,0.0563398749945364,0.0563398749945364,0.1770208009669147,measured,outputs/major_revision/adult-core-10seed-e01b72a/metrics/fairness_metrics_global.csv,,,,
adult-core-10seed-e01b72a,adult_core,2008,joint_dirichlet_0.3,B1,2,9,1,0.9,0.7677348066298343,0.5065784524983035,0.0249184655933271,0.0597366268505741,0.0597366268505741,0.175412173249584,measured,outputs/major_revision/adult-core-10seed-e01b72a/metrics/fairness_metrics_global.csv,,,,
adult-core-10seed-e01b72a,adult_core,2008,joint_dirichlet_0.3,B1,3,9,1,0.9,0.7706077348066298,0.5182615384615384,0.0304794731170432,0.0753779198641299,0.0753779198641299,0.1711596380843894,measured,outputs/major_revision/adult-core-10seed-e01b72a/metrics/fairness_metrics_global.csv,,,,
adult-core-10seed-e01b72a,adult_core,2008,joint_dirichlet_0.3,B1,4,9,1,0.9,0.7712707182320442,0.5244351024697845,0.0333696104620743,0.0777319188525972,0.0777319188525972,0.1701782838154982,measured,outputs/major_revision/adult-core-10seed-e01b72a/metrics/fairness_metrics_global.csv,,,,
adult-core-10seed-e01b72a,adult_core,2008,joint_dirichlet_0.3,B1,5,9,1,0.9,0.7725966850828729,0.5315249083192467,0.0339159957180509,0.0600363402496362,0.0600363402496362,0.1722488432765645,measured,outputs/major_revision/adult-core-10seed-e01b72a/metrics/fairness_metrics_global.csv,,,,
adult-core-10seed-e01b72a,adult_core,2008,joint_dirichlet_0.3,B3,1,9,1,0.9,0.7659668508287293,0.4987059075703858,0.0220013655174749,0.0563398749945364,0.0563398749945364,0.1770208009669147,measured,outputs/major_revision/adult-core-10seed-e01b72a/metrics/fairness_metrics_global.csv,,,,
adult-core-10seed-e01b72a,adult_core,2008,joint_dirichlet_0.3,B3,2,7,3,0.7,0.76,0.4685350790748942,0.0116684003034087,0.0247887957140983,0.0247887957140983,0.1888779403860706,measured,outputs/major_revision/adult-core-10seed-e01b72a/metrics/fairness_metrics_global.csv,,,,
adult-core-10seed-e01b72a,adult_core,2008,joint_dirichlet_0.3,B3,3,7,3,0.7,0.7591160220994475,0.4642455238744077,0.0097056917656265,0.0195750313762464,0.0195750313762464,0.190186412744592,measured,outputs/major_revision/adult-core-10seed-e01b72a/metrics/fairness_metrics_global.csv,,,,
adult-core-10seed-e01b72a,adult_core,2008,joint_dirichlet_0.3,B3,4,6,4,0.6,0.7571270718232044,0.4554461733814224,0.0071157097794047,0.0161782795202088,0.0161782795202088,0.1921221585515532,measured,outputs/major_revision/adult-core-10seed-e01b72a/metrics/fairness_metrics_global.csv,,,,
adult-core-10seed-e01b72a,adult_core,2008,joint_dirichlet_0.3,B3,5,6,4,0.6,0.7566850828729281,0.4528398534426491,0.0068155544205954,0.0130500209174976,0.0130500209174976,0.193784711730526,measured,outputs/major_revision/adult-core-10seed-e01b72a/metrics/fairness_metrics_global.csv,,,,
adult-core-10seed-e01b72a,adult_core,2009,iid,B0,1,10,0,1.0,0.7653038674033149,0.4941343139162091,0.0190573027108017,0.0500833577891141,0.0500833577891141,0.1780021552358057,measured,outputs/major_revision/adult-core-10seed-e01b72a/metrics/fairness_metrics_global.csv,,,,
adult-core-10seed-e01b72a,adult_core,2009,iid,B0,2,10,0,1.0,0.7659668508287293,0.4980116779937626,0.0213471293382142,0.055297122126966,0.055297122126966,0.1770208009669147,measured,outputs/major_revision/adult-core-10seed-e01b72a/metrics/fairness_metrics_global.csv,,,,
adult-core-10seed-e01b72a,adult_core,2009,iid,B0,3,10,0,1.0,0.7668508287292818,0.503342641481089,0.0246183102345178,0.0625963921999588,0.0625963921999588,0.1757123286083932,measured,outputs/major_revision/adult-core-10seed-e01b72a/metrics/fairness_metrics_global.csv,,,,
adult-core-10seed-e01b72a,adult_core,2009,iid,B0,4,10,0,1.0,0.7703867403314917,0.5161710261931776,0.0288438826688914,0.0722496612614187,0.0722496612614187,0.1714867561740197,measured,outputs/major_revision/adult-core-10seed-e01b72a/metrics/fairness_metrics_global.csv,,,,
adult-core-10seed-e01b72a,adult_core,2009,iid,B0,5,10,0,1.0,0.7710497237569061,0.5211182372852545,0.0324421816548253,0.0795489313344114,0.0795489313344114,0.1705054019051286,measured,outputs/major_revision/adult-core-10seed-e01b72a/metrics/fairness_metrics_global.csv,,,,
adult-core-10seed-e01b72a,adult_core,2009,iid,B1,1,10,0,1.0,0.7653038674033149,0.4941343139162091,0.0190573027108017,0.0500833577891141,0.0500833577891141,0.1780021552358057,measured,outputs/major_revision/adult-core-10seed-e01b72a/metrics/fairness_metrics_global.csv,,,,
adult-core-10seed-e01b72a,adult_core,2009,iid,B1,2,10,0,1.0,0.7659668508287293,0.4980116779937626,0.0213471293382142,0.055297122126966,0.055297122126966,0.1770208009669147,measured,outputs/major_revision/adult-core-10seed-e01b72a/metrics/fairness_metrics_global.csv,,,,
adult-core-10seed-e01b72a,adult_core,2009,iid,B1,3,10,0,1.0,0.7668508287292818,0.503342641481089,0.0246183102345178,0.0625963921999588,0.0625963921999588,0.1757123286083932,measured,outputs/major_revision/adult-core-10seed-e01b72a/metrics/fairness_metrics_global.csv,,,,
adult-core-10seed-e01b72a,adult_core,2009,iid,B1,4,10,0,1.0,0.7703867403314917,0.5161710261931776,0.0288438826688914,0.0722496612614187,0.0722496612614187,0.1714867561740197,measured,outputs/major_revision/adult-core-10seed-e01b72a/metrics/fairness_metrics_global.csv,,,,
adult-core-10seed-e01b72a,adult_core,2009,iid,B1,5,10,0,1.0,0.7710497237569061,0.5211182372852545,0.0324421816548253,0.0795489313344114,0.0795489313344114,0.1705054019051286,measured,outputs/major_revision/adult-core-10seed-e01b72a/metrics/fairness_metrics_global.csv,,,,
adult-core-10seed-e01b72a,adult_core,2009,iid,B3,1,10,0,1.0,0.7653038674033149,0.4941343139162091,0.0190573027108017,0.0500833577891141,0.0500833577891141,0.1780021552358057,measured,outputs/major_revision/adult-core-10seed-e01b72a/metrics/fairness_metrics_global.csv,,,,
adult-core-10seed-e01b72a,adult_core,2009,iid,B3,2,10,0,1.0,0.7659668508287293,0.4980116779937626,0.0213471293382142,0.055297122126966,0.055297122126966,0.1770208009669147,measured,outputs/major_revision/adult-core-10seed-e01b72a/metrics/fairness_metrics_global.csv,,,,
adult-core-10seed-e01b72a,adult_core,2009,iid,B3,3,10,0,1.0,0.7668508287292818,0.503342641481089,0.0246183102345178,0.0625963921999588,0.0625963921999588,0.1757123286083932,measured,outputs/major_revision/adult-core-10seed-e01b72a/metrics/fairness_metrics_global.csv,,,,
adult-core-10seed-e01b72a,adult_core,2009,iid,B3,4,10,0,1.0,0.7703867403314917,0.5161710261931776,0.0288438826688914,0.0722496612614187,0.0722496612614187,0.1714867561740197,measured,outputs/major_revision/adult-core-10seed-e01b72a/metrics/fairness_metrics_global.csv,,,,
adult-core-10seed-e01b72a,adult_core,2009,iid,B3,5,10,0,1.0,0.7710497237569061,0.5211182372852545,0.0324421816548253,0.0795489313344114,0.0795489313344114,0.1705054019051286,measured,outputs/major_revision/adult-core-10seed-e01b72a/metrics/fairness_metrics_global.csv,,,,
adult-core-10seed-e01b72a,adult_core,2009,joint_dirichlet_0.3,B0,1,10,0,1.0,0.7644198895027624,0.490093092247415,0.0191112281724438,0.0519003702709284,0.0519003702709284,0.1793106275943271,measured,outputs/major_revision/adult-core-10seed-e01b72a/metrics/fairness_metrics_global.csv,,,,
adult-core-10seed-e01b72a,adult_core,2009,joint_dirichlet_0.3,B0,2,10,0,1.0,0.7646408839779005,0.491641093786146,0.0190842654416227,0.0539858760060691,0.0539858760060691,0.1779751925049848,measured,outputs/major_revision/adult-core-10seed-e01b72a/metrics/fairness_metrics_global.csv,,,,
adult-core-10seed-e01b72a,adult_core,2009,joint_dirichlet_0.3,B0,3,10,0,1.0,0.7659668508287293,0.4973151010499477,0.0206928931589535,0.0542543692593957,0.0542543692593957,0.1770208009669147,measured,outputs/major_revision/adult-core-10seed-e01b72a/metrics/fairness_metrics_global.csv,,,,
adult-core-10seed-e01b72a,adult_core,2009,joint_dirichlet_0.3,B0,4,10,0,1.0,0.7677348066298343,0.504545922879487,0.0239640740552571,0.0636391450675291,0.0636391450675291,0.1744038562498718,measured,outputs/major_revision/adult-core-10seed-e01b72a/metrics/fairness_metrics_global.csv,,,,
adult-core-10seed-e01b72a,adult_core,2009,joint_dirichlet_0.3,B0,5,10,0,1.0,0.7706077348066298,0.5169627379629165,0.0291710007585217,0.0732924141289891,0.0732924141289891,0.1711596380843894,measured,outputs/major_revision/adult-core-10seed-e01b72a/metrics/fairness_metrics_global.csv,,,,
adult-core-10seed-e01b72a,adult_core,2009,joint_dirichlet_0.3,B1,1,10,0,1.0,0.7644198895027624,0.490093092247415,0.0191112281724438,0.0519003702709284,0.0519003702709284,0.1793106275943271,measured,outputs/major_revision/adult-core-10seed-e01b72a/metrics/fairness_metrics_global.csv,,,,
adult-core-10seed-e01b72a,adult_core,2009,joint_dirichlet_0.3,B1,2,10,0,1.0,0.7646408839779005,0.491641093786146,0.0190842654416227,0.0539858760060691,0.0539858760060691,0.1779751925049848,measured,outputs/major_revision/adult-core-10seed-e01b72a/metrics/fairness_metrics_global.csv,,,,
adult-core-10seed-e01b72a,adult_core,2009,joint_dirichlet_0.3,B1,3,10,0,1.0,0.7659668508287293,0.4973151010499477,0.0206928931589535,0.0542543692593957,0.0542543692593957,0.1770208009669147,measured,outputs/major_revision/adult-core-10seed-e01b72a/metrics/fairness_metrics_global.csv,,,,
adult-core-10seed-e01b72a,adult_core,2009,joint_dirichlet_0.3,B1,4,10,0,1.0,0.7677348066298343,0.504545922879487,0.0239640740552571,0.0636391450675291,0.0636391450675291,0.1744038562498718,measured,outputs/major_revision/adult-core-10seed-e01b72a/metrics/fairness_metrics_global.csv,,,,
adult-core-10seed-e01b72a,adult_core,2009,joint_dirichlet_0.3,B1,5,10,0,1.0,0.7706077348066298,0.5169627379629165,0.0291710007585217,0.0732924141289891,0.0732924141289891,0.1711596380843894,measured,outputs/major_revision/adult-core-10seed-e01b72a/metrics/fairness_metrics_global.csv,,,,
adult-core-10seed-e01b72a,adult_core,2009,joint_dirichlet_0.3,B3,1,6,4,0.6,0.7756906077348066,0.5473139750334842,0.0433754575865102,0.0769888793840889,0.0769888793840889,0.1686775070214515,measured,outputs/major_revision/adult-core-10seed-e01b72a/metrics/fairness_metrics_global.csv,,,,
adult-core-10seed-e01b72a,adult_core,2009,joint_dirichlet_0.3,B3,2,4,6,0.4,0.76,0.4685350790748942,0.0116684003034087,0.0247887957140983,0.0247887957140983,0.1888779403860706,measured,outputs/major_revision/adult-core-10seed-e01b72a/metrics/fairness_metrics_global.csv,,,,
adult-core-10seed-e01b72a,adult_core,2009,joint_dirichlet_0.3,B3,3,3,7,0.3,0.7566850828729281,0.4528398534426491,0.0068155544205954,0.0130500209174976,0.0130500209174976,0.193784711730526,measured,outputs/major_revision/adult-core-10seed-e01b72a/metrics/fairness_metrics_global.csv,,,,
adult-core-10seed-e01b72a,adult_core,2009,joint_dirichlet_0.3,B3,4,3,7,0.3,0.7560220994475139,0.450126582278481,0.0058342001517043,0.0099217623147864,0.0099217623147864,0.194766065999417,measured,outputs/major_revision/adult-core-10seed-e01b72a/metrics/fairness_metrics_global.csv,,,,
adult-core-10seed-e01b72a,adult_core,2009,joint_dirichlet_0.3,B3,5,3,7,0.3,0.7560220994475139,0.4493080303403099,0.0051799639724436,0.008879009447216,0.008879009447216,0.194766065999417,measured,outputs/major_revision/adult-core-10seed-e01b72a/metrics/fairness_metrics_global.csv,,,,
adult-core-10seed-e01b72a,adult_core,2010,iid,B0,1,10,0,1.0,0.7646408839779005,0.491641093786146,0.0190842654416227,0.0539858760060691,0.0539858760060691,0.1779751925049848,measured,outputs/major_revision/adult-core-10seed-e01b72a/metrics/fairness_metrics_global.csv,,,,
adult-core-10seed-e01b72a,adult_core,2010,iid,B0,2,10,0,1.0,0.7657458563535912,0.495790139372793,0.0197115388900624,0.0521688635242549,0.0521688635242549,0.177347919056545,measured,outputs/major_revision/adult-core-10seed-e01b72a/metrics/fairness_metrics_global.csv,,,,
adult-core-10seed-e01b72a,adult_core,2010,iid,B0,3,10,0,1.0,0.767292817679558,0.5029197365847298,0.0233098378759963,0.0615536393323884,0.0615536393323884,0.1750580924291325,measured,outputs/major_revision/adult-core-10seed-e01b72a/metrics/fairness_metrics_global.csv,,,,
adult-core-10seed-e01b72a,adult_core,2010,iid,B0,4,10,0,1.0,0.769281767955801,0.5115319044392993,0.0265540560414789,0.0659931440559964,0.0659931440559964,0.1731223466221715,measured,outputs/major_revision/adult-core-10seed-e01b72a/metrics/fairness_metrics_global.csv,,,,
adult-core-10seed-e01b72a,adult_core,2010,iid,B0,5,10,0,1.0,0.7706077348066298,0.5189077317277224,0.0311337092963039,0.0764206727317003,0.0764206727317003,0.1711596380843894,measured,outputs/major_revision/adult-core-10seed-e01b72a/metrics/fairness_metrics_global.csv,,,,
adult-core-10seed-e01b72a,adult_core,2010,iid,B1,1,10,0,1.0,0.7646408839779005,0.491641093786146,0.0190842654416227,0.0539858760060691,0.0539858760060691,0.1779751925049848,measured,outputs/major_revision/adult-core-10seed-e01b72a/metrics/fairness_metrics_global.csv,,,,
adult-core-10seed-e01b72a,adult_core,2010,iid,B1,2,10,0,1.0,0.7657458563535912,0.495790139372793,0.0197115388900624,0.0521688635242549,0.0521688635242549,0.177347919056545,measured,outputs/major_revision/adult-core-10seed-e01b72a/metrics/fairness_metrics_global.csv,,,,
adult-core-10seed-e01b72a,adult_core,2010,iid,B1,3,10,0,1.0,0.767292817679558,0.5029197365847298,0.0233098378759963,0.0615536393323884,0.0615536393323884,0.1750580924291325,measured,outputs/major_revision/adult-core-10seed-e01b72a/metrics/fairness_metrics_global.csv,,,,
adult-core-10seed-e01b72a,adult_core,2010,iid,B1,4,10,0,1.0,0.769281767955801,0.5115319044392993,0.0265540560414789,0.0659931440559964,0.0659931440559964,0.1731223466221715,measured,outputs/major_revision/adult-core-10seed-e01b72a/metrics/fairness_metrics_global.csv,,,,
adult-core-10seed-e01b72a,adult_core,2010,iid,B1,5,10,0,1.0,0.7706077348066298,0.5189077317277224,0.0311337092963039,0.0764206727317003,0.0764206727317003,0.1711596380843894,measured,outputs/major_revision/adult-core-10seed-e01b72a/metrics/fairness_metrics_global.csv,,,,
adult-core-10seed-e01b72a,adult_core,2010,iid,B3,1,10,0,1.0,0.7646408839779005,0.491641093786146,0.0190842654416227,0.0539858760060691,0.0539858760060691,0.1779751925049848,measured,outputs/major_revision/adult-core-10seed-e01b72a/metrics/fairness_metrics_global.csv,,,,
adult-core-10seed-e01b72a,adult_core,2010,iid,B3,2,10,0,1.0,0.7657458563535912,0.495790139372793,0.0197115388900624,0.0521688635242549,0.0521688635242549,0.177347919056545,measured,outputs/major_revision/adult-core-10seed-e01b72a/metrics/fairness_metrics_global.csv,,,,
adult-core-10seed-e01b72a,adult_core,2010,iid,B3,3,10,0,1.0,0.767292817679558,0.5029197365847298,0.0233098378759963,0.0615536393323884,0.0615536393323884,0.1750580924291325,measured,outputs/major_revision/adult-core-10seed-e01b72a/metrics/fairness_metrics_global.csv,,,,
adult-core-10seed-e01b72a,adult_core,2010,iid,B3,4,10,0,1.0,0.769281767955801,0.5115319044392993,0.0265540560414789,0.0659931440559964,0.0659931440559964,0.1731223466221715,measured,outputs/major_revision/adult-core-10seed-e01b72a/metrics/fairness_metrics_global.csv,,,,
adult-core-10seed-e01b72a,adult_core,2010,iid,B3,5,10,0,1.0,0.7706077348066298,0.5189077317277224,0.0311337092963039,0.0764206727317003,0.0764206727317003,0.1711596380843894,measured,outputs/major_revision/adult-core-10seed-e01b72a/metrics/fairness_metrics_global.csv,,,,
adult-core-10seed-e01b72a,adult_core,2010,joint_dirichlet_0.3,B0,1,10,0,1.0,0.7639779005524862,0.4876976191566553,0.0188110728136344,0.0487721116682172,0.0487721116682172,0.1809731807733,measured,outputs/major_revision/adult-core-10seed-e01b72a/metrics/fairness_metrics_global.csv,,,,
adult-core-10seed-e01b72a,adult_core,2010,joint_dirichlet_0.3,B0,2,10,0,1.0,0.7646408839779005,0.491641093786146,0.0190842654416227,0.0539858760060691,0.0539858760060691,0.1779751925049848,measured,outputs/major_revision/adult-core-10seed-e01b72a/metrics/fairness_metrics_global.csv,,,,
adult-core-10seed-e01b72a,adult_core,2010,joint_dirichlet_0.3,B0,3,10,0,1.0,0.765524861878453,0.4956654875111941,0.0200386569796928,0.0521688635242549,0.0521688635242549,0.1776750371461753,measured,outputs/major_revision/adult-core-10seed-e01b72a/metrics/fairness_metrics_global.csv,,,,
adult-core-10seed-e01b72a,adult_core,2010,joint_dirichlet_0.3,B0,4,10,0,1.0,0.7666298342541437,0.5011600346757665,0.022982719786366,0.0594681335972476,0.0594681335972476,0.1760394466980236,measured,outputs/major_revision/adult-core-10seed-e01b72a/metrics/fairness_metrics_global.csv,,,,
adult-core-10seed-e01b72a,adult_core,2010,joint_dirichlet_0.3,B0,5,10,0,1.0,0.7683977900552487,0.5089926552872075,0.0269081368619303,0.0698956622729514,0.0698956622729514,0.1734225019809807,measured,outputs/major_revision/adult-core-10seed-e01b72a/metrics/fairness_metrics_global.csv,,,,
adult-core-10seed-e01b72a,adult_core,2010,joint_dirichlet_0.3,B1,1,10,0,1.0,0.7639779005524862,0.4876976191566553,0.0188110728136344,0.0487721116682172,0.0487721116682172,0.1809731807733,measured,outputs/major_revision/adult-core-10seed-e01b72a/metrics/fairness_metrics_global.csv,,,,
adult-core-10seed-e01b72a,adult_core,2010,joint_dirichlet_0.3,B1,2,10,0,1.0,0.7646408839779005,0.491641093786146,0.0190842654416227,0.0539858760060691,0.0539858760060691,0.1779751925049848,measured,outputs/major_revision/adult-core-10seed-e01b72a/metrics/fairness_metrics_global.csv,,,,
adult-core-10seed-e01b72a,adult_core,2010,joint_dirichlet_0.3,B1,3,10,0,1.0,0.765524861878453,0.4956654875111941,0.0200386569796928,0.0521688635242549,0.0521688635242549,0.1776750371461753,measured,outputs/major_revision/adult-core-10seed-e01b72a/metrics/fairness_metrics_global.csv,,,,
adult-core-10seed-e01b72a,adult_core,2010,joint_dirichlet_0.3,B1,4,10,0,1.0,0.7666298342541437,0.5011600346757665,0.022982719786366,0.0594681335972476,0.0594681335972476,0.1760394466980236,measured,outputs/major_revision/adult-core-10seed-e01b72a/metrics/fairness_metrics_global.csv,,,,
adult-core-10seed-e01b72a,adult_core,2010,joint_dirichlet_0.3,B1,5,10,0,1.0,0.7683977900552487,0.5089926552872075,0.0269081368619303,0.0698956622729514,0.0698956622729514,0.1734225019809807,measured,outputs/major_revision/adult-core-10seed-e01b72a/metrics/fairness_metrics_global.csv,,,,
adult-core-10seed-e01b72a,adult_core,2010,joint_dirichlet_0.3,B3,1,7,3,0.7,0.7602209944751381,0.4701760239900174,0.0116414375725876,0.0268743014492391,0.0268743014492391,0.1875425052967282,measured,outputs/major_revision/adult-core-10seed-e01b72a/metrics/fairness_metrics_global.csv,,,,
adult-core-10seed-e01b72a,adult_core,2010,joint_dirichlet_0.3,B3,2,5,5,0.5,0.7555801104972376,0.4474874320820173,0.0045257277931829,0.0067935037120753,0.0067935037120753,0.1954203021786777,measured,outputs/major_revision/adult-core-10seed-e01b72a/metrics/fairness_metrics_global.csv,,,,
adult-core-10seed-e01b72a,adult_core,2010,joint_dirichlet_0.3,B3,3,5,5,0.5,0.7549171270718232,0.4447454059389661,0.0035443735242918,0.0036652451093641,0.0036652451093641,0.1964016564475688,measured,outputs/major_revision/adult-core-10seed-e01b72a/metrics/fairness_metrics_global.csv,,,,
adult-core-10seed-e01b72a,adult_core,2010,joint_dirichlet_0.3,B3,4,5,5,0.5,0.754475138121547,0.4429099233403097,0.0038984543447432,0.0086105161938895,0.0086105161938895,0.1960475756271175,measured,outputs/major_revision/adult-core-10seed-e01b72a/metrics/fairness_metrics_global.csv,,,,
adult-core-10seed-e01b72a,adult_core,2010,joint_dirichlet_0.3,B3,5,5,5,0.5,0.754475138121547,0.4429099233403097,0.0038984543447432,0.0086105161938895,0.0086105161938895,0.1960475756271175,measured,outputs/major_revision/adult-core-10seed-e01b72a/metrics/fairness_metrics_global.csv,,,,
compas-core-10seed-e01b72a,compas_core,3001,iid,B0,1,10,0,1.0,0.6477272727272727,0.6305025057564675,0.2036537885594489,0.1084801762114537,0.2473170731707316,0.000179694519317,measured,outputs/major_revision/compas-core-10seed-e01b72a/metrics/fairness_metrics_global.csv,,,,
compas-core-10seed-e01b72a,compas_core,3001,iid,B0,2,10,0,1.0,0.6452020202020202,0.6278537781991662,0.2036537885594489,0.112885462555066,0.2433170731707316,0.0040131775980832,measured,outputs/major_revision/compas-core-10seed-e01b72a/metrics/fairness_metrics_global.csv,,,,
compas-core-10seed-e01b72a,compas_core,3001,iid,B0,3,10,0,1.0,0.6452020202020202,0.6278537781991662,0.2036537885594489,0.112885462555066,0.2433170731707316,0.0040131775980832,measured,outputs/major_revision/compas-core-10seed-e01b72a/metrics/fairness_metrics_global.csv,,,,
compas-core-10seed-e01b72a,compas_core,3001,iid,B0,4,10,0,1.0,0.6452020202020202,0.6278537781991662,0.2036537885594489,0.112885462555066,0.2433170731707316,0.0040131775980832,measured,outputs/major_revision/compas-core-10seed-e01b72a/metrics/fairness_metrics_global.csv,,,,
compas-core-10seed-e01b72a,compas_core,3001,iid,B0,5,10,0,1.0,0.6452020202020202,0.6278537781991662,0.2036537885594489,0.112885462555066,0.2433170731707316,0.0040131775980832,measured,outputs/major_revision/compas-core-10seed-e01b72a/metrics/fairness_metrics_global.csv,,,,
compas-core-10seed-e01b72a,compas_core,3001,iid,B1,1,10,0,1.0,0.6477272727272727,0.6305025057564675,0.2036537885594489,0.1084801762114537,0.2473170731707316,0.000179694519317,measured,outputs/major_revision/compas-core-10seed-e01b72a/metrics/fairness_metrics_global.csv,,,,
compas-core-10seed-e01b72a,compas_core,3001,iid,B1,2,10,0,1.0,0.6452020202020202,0.6278537781991662,0.2036537885594489,0.112885462555066,0.2433170731707316,0.0040131775980832,measured,outputs/major_revision/compas-core-10seed-e01b72a/metrics/fairness_metrics_global.csv,,,,
compas-core-10seed-e01b72a,compas_core,3001,iid,B1,3,10,0,1.0,0.6452020202020202,0.6278537781991662,0.2036537885594489,0.112885462555066,0.2433170731707316,0.0040131775980832,measured,outputs/major_revision/compas-core-10seed-e01b72a/metrics/fairness_metrics_global.csv,,,,
compas-core-10seed-e01b72a,compas_core,3001,iid,B1,4,10,0,1.0,0.6452020202020202,0.6278537781991662,0.2036537885594489,0.112885462555066,0.2433170731707316,0.0040131775980832,measured,outputs/major_revision/compas-core-10seed-e01b72a/metrics/fairness_metrics_global.csv,,,,
compas-core-10seed-e01b72a,compas_core,3001,iid,B1,5,10,0,1.0,0.6452020202020202,0.6278537781991662,0.2036537885594489,0.112885462555066,0.2433170731707316,0.0040131775980832,measured,outputs/major_revision/compas-core-10seed-e01b72a/metrics/fairness_metrics_global.csv,,,,
compas-core-10seed-e01b72a,compas_core,3001,iid,B3,1,6,4,0.6,0.6452020202020202,0.6247261984456334,0.1953878406708594,0.101275697503671,0.2395772357723578,0.0040131775980832,measured,outputs/major_revision/compas-core-10seed-e01b72a/metrics/fairness_metrics_global.csv,,,,
compas-core-10seed-e01b72a,compas_core,3001,iid,B3,2,7,3,0.7,0.6464646464646465,0.6262942191544435,0.1974842767295597,0.101275697503671,0.2435772357723578,0.001916741539383,measured,outputs/major_revision/compas-core-10seed-e01b72a/metrics/fairness_metrics_global.csv,,,,
compas-core-10seed-e01b72a,compas_core,3001,iid,B3,3,7,3,0.7,0.6464646464646465,0.6267546369542532,0.20167714884696,0.1056809838472834,0.2475772357723578,0.001916741539383,measured,outputs/major_revision/compas-core-10seed-e01b72a/metrics/fairness_metrics_global.csv,,,,
compas-core-10seed-e01b72a,compas_core,3001,iid,B3,4,7,3,0.7,0.6464646464646465,0.6267546369542532,0.20167714884696,0.1056809838472834,0.2475772357723578,0.001916741539383,measured,outputs/major_revision/compas-core-10seed-e01b72a/metrics/fairness_metrics_global.csv,,,,
compas-core-10seed-e01b72a,compas_core,3001,iid,B3,5,7,3,0.7,0.6452020202020202,0.6265498754058748,0.1963462114405511,0.1092832232011747,0.2313170731707317,0.0092842168313866,measured,outputs/major_revision/compas-core-10seed-e01b72a/metrics/fairness_metrics_global.csv,,,,
compas-core-10seed-e01b72a,compas_core,3001,joint_dirichlet_0.3,B0,1,10,0,1.0,0.6464646464646465,0.6276570737768226,0.2100628930817609,0.114491556534508,0.2555772357723577,0.001916741539383,measured,outputs/major_revision/compas-core-10seed-e01b72a/metrics/fairness_metrics_global.csv,,,,
compas-core-10seed-e01b72a,compas_core,3001,joint_dirichlet_0.3,B0,2,10,0,1.0,0.6464646464646465,0.6276570737768226,0.2100628930817609,0.114491556534508,0.2555772357723577,0.001916741539383,measured,outputs/major_revision/compas-core-10seed-e01b72a/metrics/fairness_metrics_global.csv,,,,
compas-core-10seed-e01b72a,compas_core,3001,joint_dirichlet_0.3,B0,3,10,0,1.0,0.6452020202020202,0.6261031579760863,0.2079664570230607,0.114491556534508,0.2515772357723578,0.0040131775980832,measured,outputs/major_revision/compas-core-10seed-e01b72a/metrics/fairness_metrics_global.csv,,,,
compas-core-10seed-e01b72a,compas_core,3001,joint_dirichlet_0.3,B0,4,10,0,1.0,0.6452020202020202,0.6261031579760863,0.2079664570230607,0.114491556534508,0.2515772357723578,0.0040131775980832,measured,outputs/major_revision/compas-core-10seed-e01b72a/metrics/fairness_metrics_global.csv,,,,
compas-core-10seed-e01b72a,compas_core,3001,joint_dirichlet_0.3,B0,5,10,0,1.0,0.6452020202020202,0.6261031579760863,0.2079664570230607,0.114491556534508,0.2515772357723578,0.0040131775980832,measured,outputs/major_revision/compas-core-10seed-e01b72a/metrics/fairness_metrics_global.csv,,,,
compas-core-10seed-e01b72a,compas_core,3001,joint_dirichlet_0.3,B1,1,10,0,1.0,0.6464646464646465,0.6276570737768226,0.2100628930817609,0.114491556534508,0.2555772357723577,0.001916741539383,measured,outputs/major_revision/compas-core-10seed-e01b72a/metrics/fairness_metrics_global.csv,,,,
compas-core-10seed-e01b72a,compas_core,3001,joint_dirichlet_0.3,B1,2,10,0,1.0,0.6464646464646465,0.6276570737768226,0.2100628930817609,0.114491556534508,0.2555772357723577,0.001916741539383,measured,outputs/major_revision/compas-core-10seed-e01b72a/metrics/fairness_metrics_global.csv,,,,
compas-core-10seed-e01b72a,compas_core,3001,joint_dirichlet_0.3,B1,3,10,0,1.0,0.6452020202020202,0.6261031579760863,0.2079664570230607,0.114491556534508,0.2515772357723578,0.0040131775980832,measured,outputs/major_revision/compas-core-10seed-e01b72a/metrics/fairness_metrics_global.csv,,,,
compas-core-10seed-e01b72a,compas_core,3001,joint_dirichlet_0.3,B1,4,10,0,1.0,0.6452020202020202,0.6261031579760863,0.2079664570230607,0.114491556534508,0.2515772357723578,0.0040131775980832,measured,outputs/major_revision/compas-core-10seed-e01b72a/metrics/fairness_metrics_global.csv,,,,
compas-core-10seed-e01b72a,compas_core,3001,joint_dirichlet_0.3,B1,5,10,0,1.0,0.6452020202020202,0.6261031579760863,0.2079664570230607,0.114491556534508,0.2515772357723578,0.0040131775980832,measured,outputs/major_revision/compas-core-10seed-e01b72a/metrics/fairness_metrics_global.csv,,,,
compas-core-10seed-e01b72a,compas_core,3001,joint_dirichlet_0.3,B3,1,4,6,0.4,0.6199494949494949,0.5652185014490163,0.125905959868224,0.0203973935389133,0.2016585365853658,0.0090446241389637,measured,outputs/major_revision/compas-core-10seed-e01b72a/metrics/fairness_metrics_global.csv,,,,
compas-core-10seed-e01b72a,compas_core,3001,joint_dirichlet_0.3,B3,2,4,6,0.4,0.6199494949494949,0.5661048044948973,0.124827792752321,0.01518906020558,0.2056585365853658,0.0037735849056603,measured,outputs/major_revision/compas-core-10seed-e01b72a/metrics/fairness_metrics_global.csv,,,,
compas-core-10seed-e01b72a,compas_core,3001,joint_dirichlet_0.3,B3,3,4,6,0.4,0.6199494949494949,0.5661048044948973,0.124827792752321,0.01518906020558,0.2056585365853658,0.0037735849056603,measured,outputs/major_revision/compas-core-10seed-e01b72a/metrics/fairness_metrics_global.csv,,,,
compas-core-10seed-e01b72a,compas_core,3001,joint_dirichlet_0.3,B3,4,4,6,0.4,0.6186868686868687,0.5651041856067494,0.1269242288110212,0.0195943465491924,0.2056585365853658,0.0058700209643606,measured,outputs/major_revision/compas-core-10seed-e01b72a/metrics/fairness_metrics_global.csv,,,,
compas-core-10seed-e01b72a,compas_core,3001,joint_dirichlet_0.3,B3,5,4,6,0.4,0.6237373737373737,0.5725803530681579,0.1247678945792153,0.0195943465491924,0.1973983739837398,0.0080263551961664,measured,outputs/major_revision/compas-core-10seed-e01b72a/metrics/fairness_metrics_global.csv,,,,
compas-core-10seed-e01b72a,compas_core,3002,iid,B0,1,10,0,1.0,0.6464646464646465,0.628965332619462,0.2015573525007487,0.1084801762114537,0.2433170731707316,0.001916741539383,measured,outputs/major_revision/compas-core-10seed-e01b72a/metrics/fairness_metrics_global.csv,,,,
compas-core-10seed-e01b72a,compas_core,3002,iid,B0,2,10,0,1.0,0.6452020202020202,0.6278537781991662,0.2036537885594489,0.112885462555066,0.2433170731707316,0.0040131775980832,measured,outputs/major_revision/compas-core-10seed-e01b72a/metrics/fairness_metrics_global.csv,,,,
compas-core-10seed-e01b72a,compas_core,3002,iid,B0,3,10,0,1.0,0.6452020202020202,0.6278537781991662,0.2036537885594489,0.112885462555066,0.2433170731707316,0.0040131775980832,measured,outputs/major_revision/compas-core-10seed-e01b72a/metrics/fairness_metrics_global.csv,,,,
compas-core-10seed-e01b72a,compas_core,3002,iid,B0,4,10,0,1.0,0.6452020202020202,0.6278537781991662,0.2036537885594489,0.112885462555066,0.2433170731707316,0.0040131775980832,measured,outputs/major_revision/compas-core-10seed-e01b72a/metrics/fairness_metrics_global.csv,,,,
compas-core-10seed-e01b72a,compas_core,3002,iid,B0,5,10,0,1.0,0.6452020202020202,0.6291041082329649,0.2109613656783467,0.1164877019089574,0.2553170731707316,0.0012578616352201,measured,outputs/major_revision/compas-core-10seed-e01b72a/metrics/fairness_metrics_global.csv,,,,
compas-core-10seed-e01b72a,compas_core,3002,iid,B1,1,10,0,1.0,0.6464646464646465,0.628965332619462,0.2015573525007487,0.1084801762114537,0.2433170731707316,0.001916741539383,measured,outputs/major_revision/compas-core-10seed-e01b72a/metrics/fairness_metrics_global.csv,,,,
compas-core-10seed-e01b72a,compas_core,3002,iid,B1,2,10,0,1.0,0.6452020202020202,0.6278537781991662,0.2036537885594489,0.112885462555066,0.2433170731707316,0.0040131775980832,measured,outputs/major_revision/compas-core-10seed-e01b72a/metrics/fairness_metrics_global.csv,,,,
compas-core-10seed-e01b72a,compas_core,3002,iid,B1,3,10,0,1.0,0.6452020202020202,0.6278537781991662,0.2036537885594489,0.112885462555066,0.2433170731707316,0.0040131775980832,measured,outputs/major_revision/compas-core-10seed-e01b72a/metrics/fairness_metrics_global.csv,,,,
compas-core-10seed-e01b72a,compas_core,3002,iid,B1,4,10,0,1.0,0.6452020202020202,0.6278537781991662,0.2036537885594489,0.112885462555066,0.2433170731707316,0.0040131775980832,measured,outputs/major_revision/compas-core-10seed-e01b72a/metrics/fairness_metrics_global.csv,,,,
compas-core-10seed-e01b72a,compas_core,3002,iid,B1,5,10,0,1.0,0.6452020202020202,0.6291041082329649,0.2109613656783467,0.1164877019089574,0.2553170731707316,0.0012578616352201,measured,outputs/major_revision/compas-core-10seed-e01b72a/metrics/fairness_metrics_global.csv,,,,
compas-core-10seed-e01b72a,compas_core,3002,iid,B3,1,7,3,0.7,0.6388888888888888,0.613763939569621,0.1913746630727762,0.1132984581497797,0.2198373983739837,0.0250374363581911,measured,outputs/major_revision/compas-core-10seed-e01b72a/metrics/fairness_metrics_global.csv,,,,
compas-core-10seed-e01b72a,compas_core,3002,iid,B3,2,7,3,0.7,0.6426767676767676,0.6185977337351509,0.1923929320155735,0.1132984581497797,0.2197073170731707,0.0240191674153937,measured,outputs/major_revision/compas-core-10seed-e01b72a/metrics/fairness_metrics_global.csv,,,,
compas-core-10seed-e01b72a,compas_core,3002,iid,B3,3,7,3,0.7,0.6426767676767676,0.6185977337351509,0.1923929320155735,0.1132984581497797,0.2197073170731707,0.0240191674153937,measured,outputs/major_revision/compas-core-10seed-e01b72a/metrics/fairness_metrics_global.csv,,,,
compas-core-10seed-e01b72a,compas_core,3002,iid,B3,4,7,3,0.7,0.6439393939393939,0.6202020202020202,0.1944893680742737,0.1132984581497797,0.2237073170731707,0.0219227313566936,measured,outputs/major_revision/compas-core-10seed-e01b72a/metrics/fairness_metrics_global.csv,,,,
compas-core-10seed-e01b72a,compas_core,3002,iid,B3,5,7,3,0.7,0.6464646464646465,0.6238984580108136,0.1976040730757712,0.117703744493392,0.2235772357723577,0.0230008984725965,measured,outputs/major_revision/compas-core-10seed-e01b72a/metrics/fairness_metrics_global.csv,,,,
compas-core-10seed-e01b72a,compas_core,3002,joint_dirichlet_0.3,B0,1,10,0,1.0,0.6426767676767676,0.6256307384462747,0.2078466606768493,0.112082415565345,0.2554471544715447,0.002336028751123,measured,outputs/major_revision/compas-core-10seed-e01b72a/metrics/fairness_metrics_global.csv,,,,
compas-core-10seed-e01b72a,compas_core,3002,joint_dirichlet_0.3,B0,2,10,0,1.0,0.6439393939393939,0.6271634615384616,0.2046720575022461,0.112082415565345,0.2473170731707316,0.0008385744234801,measured,outputs/major_revision/compas-core-10seed-e01b72a/metrics/fairness_metrics_global.csv,,,,
compas-core-10seed-e01b72a,compas_core,3002,joint_dirichlet_0.3,B0,3,10,0,1.0,0.6477272727272727,0.6321460974371353,0.2098831985624438,0.1068740822320117,0.2633170731707316,0.0107217729859239,measured,outputs/major_revision/compas-core-10seed-e01b72a/metrics/fairness_metrics_global.csv,,,,
compas-core-10seed-e01b72a,compas_core,3002,joint_dirichlet_0.3,B0,4,10,0,1.0,0.6477272727272727,0.6321460974371353,0.2098831985624438,0.1068740822320117,0.2633170731707316,0.0107217729859239,measured,outputs/major_revision/compas-core-10seed-e01b72a/metrics/fairness_metrics_global.csv,,,,
compas-core-10seed-e01b72a,compas_core,3002,joint_dirichlet_0.3,B0,5,10,0,1.0,0.6477272727272727,0.6325424923878717,0.2140760706798442,0.1112793685756241,0.2673170731707316,0.0107217729859239,measured,outputs/major_revision/compas-core-10seed-e01b72a/metrics/fairness_metrics_global.csv,,,,
compas-core-10seed-e01b72a,compas_core,3002,joint_dirichlet_0.3,B1,1,10,0,1.0,0.6426767676767676,0.6256307384462747,0.2078466606768493,0.112082415565345,0.2554471544715447,0.002336028751123,measured,outputs/major_revision/compas-core-10seed-e01b72a/metrics/fairness_metrics_global.csv,,,,
compas-core-10seed-e01b72a,compas_core,3002,joint_dirichlet_0.3,B1,2,10,0,1.0,0.6439393939393939,0.6271634615384616,0.2046720575022461,0.112082415565345,0.2473170731707316,0.0008385744234801,measured,outputs/major_revision/compas-core-10seed-e01b72a/metrics/fairness_metrics_global.csv,,,,
compas-core-10seed-e01b72a,compas_core,3002,joint_dirichlet_0.3,B1,3,10,0,1.0,0.6477272727272727,0.6321460974371353,0.2098831985624438,0.1068740822320117,0.2633170731707316,0.0107217729859239,measured,outputs/major_revision/compas-core-10seed-e01b72a/metrics/fairness_metrics_global.csv,,,,
compas-core-10seed-e01b72a,compas_core,3002,joint_dirichlet_0.3,B1,4,10,0,1.0,0.6477272727272727,0.6321460974371353,0.2098831985624438,0.1068740822320117,0.2633170731707316,0.0107217729859239,measured,outputs/major_revision/compas-core-10seed-e01b72a/metrics/fairness_metrics_global.csv,,,,
compas-core-10seed-e01b72a,compas_core,3002,joint_dirichlet_0.3,B1,5,10,0,1.0,0.6477272727272727,0.6325424923878717,0.2140760706798442,0.1112793685756241,0.2673170731707316,0.0107217729859239,measured,outputs/major_revision/compas-core-10seed-e01b72a/metrics/fairness_metrics_global.csv,,,,
compas-core-10seed-e01b72a,compas_core,3002,joint_dirichlet_0.3,B3,1,7,3,0.7,0.6439393939393939,0.623154953532163,0.1932914046121593,0.101275697503671,0.2355772357723577,0.0061096136567835,measured,outputs/major_revision/compas-core-10seed-e01b72a/metrics/fairness_metrics_global.csv,,,,
compas-core-10seed-e01b72a,compas_core,3002,joint_dirichlet_0.3,B3,2,6,4,0.6,0.6439393939393939,0.6181031003987497,0.1777178796046721,0.0860636930983846,0.2198373983739837,0.0113806528900868,measured,outputs/major_revision/compas-core-10seed-e01b72a/metrics/fairness_metrics_global.csv,,,,
compas-core-10seed-e01b72a,compas_core,3002,joint_dirichlet_0.3,B3,3,6,4,0.6,0.6464646464646465,0.6197296129390704,0.1746031746031746,0.0824614537444934,0.2158373983739837,0.0124588200059898,measured,outputs/major_revision/compas-core-10seed-e01b72a/metrics/fairness_metrics_global.csv,,,,
compas-core-10seed-e01b72a,compas_core,3002,joint_dirichlet_0.3,B3,4,5,5,0.5,0.6325757575757576,0.5990557093226958,0.1874812818209045,0.093681167400881,0.2407479674796747,0.0144354597184785,measured,outputs/major_revision/compas-core-10seed-e01b72a/metrics/fairness_metrics_global.csv,,,,
compas-core-10seed-e01b72a,compas_core,3002,joint_dirichlet_0.3,B3,5,5,5,0.5,0.625,0.5881175636277678,0.1759808325846061,0.0892758810572686,0.2248780487804879,0.0217430368373764,measured,outputs/major_revision/compas-core-10seed-e01b72a/metrics/fairness_metrics_global.csv,,,,
compas-core-10seed-e01b72a,compas_core,3003,iid,B0,1,10,0,1.0,0.6464646464646465,0.628535246939637,0.2026355196166517,0.1040748898678414,0.2514471544715447,0.0033542976939202,measured,outputs/major_revision/compas-core-10seed-e01b72a/metrics/fairness_metrics_global.csv,,,,
compas-core-10seed-e01b72a,compas_core,3003,iid,B0,2,10,0,1.0,0.6464646464646465,0.628535246939637,0.2026355196166517,0.1040748898678414,0.2514471544715447,0.0033542976939202,measured,outputs/major_revision/compas-core-10seed-e01b72a/metrics/fairness_metrics_global.csv,,,,
compas-core-10seed-e01b72a,compas_core,3003,iid,B0,3,10,0,1.0,0.6464646464646465,0.628535246939637,0.2026355196166517,0.1040748898678414,0.2514471544715447,0.0033542976939202,measured,outputs/major_revision/compas-core-10seed-e01b72a/metrics/fairness_metrics_global.csv,,,,
compas-core-10seed-e01b72a,compas_core,3003,iid,B0,4,10,0,1.0,0.6464646464646465,0.628535246939637,0.2026355196166517,0.1040748898678414,0.2514471544715447,0.0033542976939202,measured,outputs/major_revision/compas-core-10seed-e01b72a/metrics/fairness_metrics_global.csv,,,,
compas-core-10seed-e01b72a,compas_core,3003,iid,B0,5,10,0,1.0,0.6477272727272727,0.6313359749739311,0.2067684935609464,0.1076771292217326,0.2553170731707316,0.0054507337526205,measured,outputs/major_revision/compas-core-10seed-e01b72a/metrics/fairness_metrics_global.csv,,,,
compas-core-10seed-e01b72a,compas_core,3003,iid,B1,1,10,0,1.0,0.6464646464646465,0.628535246939637,0.2026355196166517,0.1040748898678414,0.2514471544715447,0.0033542976939202,measured,outputs/major_revision/compas-core-10seed-e01b72a/metrics/fairness_metrics_global.csv,,,,
compas-core-10seed-e01b72a,compas_core,3003,iid,B1,2,10,0,1.0,0.6464646464646465,0.628535246939637,0.2026355196166517,0.1040748898678414,0.2514471544715447,0.0033542976939202,measured,outputs/major_revision/compas-core-10seed-e01b72a/metrics/fairness_metrics_global.csv,,,,
compas-core-10seed-e01b72a,compas_core,3003,iid,B1,3,10,0,1.0,0.6464646464646465,0.628535246939637,0.2026355196166517,0.1040748898678414,0.2514471544715447,0.0033542976939202,measured,outputs/major_revision/compas-core-10seed-e01b72a/metrics/fairness_metrics_global.csv,,,,
compas-core-10seed-e01b72a,compas_core,3003,iid,B1,4,10,0,1.0,0.6464646464646465,0.628535246939637,0.2026355196166517,0.1040748898678414,0.2514471544715447,0.0033542976939202,measured,outputs/major_revision/compas-core-10seed-e01b72a/metrics/fairness_metrics_global.csv,,,,
compas-core-10seed-e01b72a,compas_core,3003,iid,B1,5,10,0,1.0,0.6477272727272727,0.6313359749739311,0.2067684935609464,0.1076771292217326,0.2553170731707316,0.0054507337526205,measured,outputs/major_revision/compas-core-10seed-e01b72a/metrics/fairness_metrics_global.csv,,,,
compas-core-10seed-e01b72a,compas_core,3003,iid,B3,1,7,3,0.7,0.6477272727272727,0.6309221767721225,0.2078466606768493,0.112885462555066,0.2513170731707316,0.000179694519317,measured,outputs/major_revision/compas-core-10seed-e01b72a/metrics/fairness_metrics_global.csv,,,,
compas-core-10seed-e01b72a,compas_core,3003,iid,B3,2,7,3,0.7,0.6502525252525253,0.6305267146646457,0.1995807127882599,0.0968704111600586,0.2515772357723578,0.0043725666367175,measured,outputs/major_revision/compas-core-10seed-e01b72a/metrics/fairness_metrics_global.csv,,,,
compas-core-10seed-e01b72a,compas_core,3003,iid,B3,3,7,3,0.7,0.648989898989899,0.6289635461604832,0.2027553159628631,0.0968704111600586,0.2597073170731707,0.0075471698113207,measured,outputs/major_revision/compas-core-10seed-e01b72a/metrics/fairness_metrics_global.csv,,,,
compas-core-10seed-e01b72a,compas_core,3003,iid,B3,4,6,4,0.6,0.6502525252525253,0.6335678959350463,0.2078466606768493,0.1084801762114537,0.2553170731707316,0.0043725666367175,measured,outputs/major_revision/compas-core-10seed-e01b72a/metrics/fairness_metrics_global.csv,,,,
compas-core-10seed-e01b72a,compas_core,3003,iid,B3,5,6,4,0.6,0.6464646464646465,0.630220040419671,0.2088649296196466,0.112082415565345,0.2553170731707316,0.0033542976939202,measured,outputs/major_revision/compas-core-10seed-e01b72a/metrics/fairness_metrics_global.csv,,,,
compas-core-10seed-e01b72a,compas_core,3003,joint_dirichlet_0.3,B0,1,10,0,1.0,0.6477272727272727,0.6296453969653342,0.2058101227912548,0.1092832232011747,0.2514471544715447,0.000179694519317,measured,outputs/major_revision/compas-core-10seed-e01b72a/metrics/fairness_metrics_global.csv,,,,
compas-core-10seed-e01b72a,compas_core,3003,joint_dirichlet_0.3,B0,2,10,0,1.0,0.6477272727272727,0.6300769250085798,0.2100029949086552,0.1136885095447871,0.2554471544715447,0.000179694519317,measured,outputs/major_revision/compas-core-10seed-e01b72a/metrics/fairness_metrics_global.csv,,,,
compas-core-10seed-e01b72a,compas_core,3003,joint_dirichlet_0.3,B0,3,10,0,1.0,0.6477272727272727,0.6300769250085798,0.2100029949086552,0.1136885095447871,0.2554471544715447,0.000179694519317,measured,outputs/major_revision/compas-core-10seed-e01b72a/metrics/fairness_metrics_global.csv,,,,
compas-core-10seed-e01b72a,compas_core,3003,joint_dirichlet_0.3,B0,4,10,0,1.0,0.6477272727272727,0.6300769250085798,0.2100029949086552,0.1136885095447871,0.2554471544715447,0.000179694519317,measured,outputs/major_revision/compas-core-10seed-e01b72a/metrics/fairness_metrics_global.csv,,,,
compas-core-10seed-e01b72a,compas_core,3003,joint_dirichlet_0.3,B0,5,10,0,1.0,0.648989898989899,0.6311885666043539,0.207906558849955,0.1092832232011747,0.2554471544715447,0.0022761305780173,measured,outputs/major_revision/compas-core-10seed-e01b72a/metrics/fairness_metrics_global.csv,,,,
compas-core-10seed-e01b72a,compas_core,3003,joint_dirichlet_0.3,B1,1,10,0,1.0,0.6477272727272727,0.6296453969653342,0.2058101227912548,0.1092832232011747,0.2514471544715447,0.000179694519317,measured,outputs/major_revision/compas-core-10seed-e01b72a/metrics/fairness_metrics_global.csv,,,,
compas-core-10seed-e01b72a,compas_core,3003,joint_dirichlet_0.3,B1,2,10,0,1.0,0.6477272727272727,0.6300769250085798,0.2100029949086552,0.1136885095447871,0.2554471544715447,0.000179694519317,measured,outputs/major_revision/compas-core-10seed-e01b72a/metrics/fairness_metrics_global.csv,,,,
compas-core-10seed-e01b72a,compas_core,3003,joint_dirichlet_0.3,B1,3,10,0,1.0,0.6477272727272727,0.6300769250085798,0.2100029949086552,0.1136885095447871,0.2554471544715447,0.000179694519317,measured,outputs/major_revision/compas-core-10seed-e01b72a/metrics/fairness_metrics_global.csv,,,,
compas-core-10seed-e01b72a,compas_core,3003,joint_dirichlet_0.3,B1,4,10,0,1.0,0.6477272727272727,0.6300769250085798,0.2100029949086552,0.1136885095447871,0.2554471544715447,0.000179694519317,measured,outputs/major_revision/compas-core-10seed-e01b72a/metrics/fairness_metrics_global.csv,,,,
compas-core-10seed-e01b72a,compas_core,3003,joint_dirichlet_0.3,B1,5,10,0,1.0,0.648989898989899,0.6311885666043539,0.207906558849955,0.1092832232011747,0.2554471544715447,0.0022761305780173,measured,outputs/major_revision/compas-core-10seed-e01b72a/metrics/fairness_metrics_global.csv,,,,
compas-core-10seed-e01b72a,compas_core,3003,joint_dirichlet_0.3,B3,1,4,6,0.4,0.6401515151515151,0.6312578107770345,0.2304881701108115,0.1409003303964757,0.2706666666666666,0.0086852351003294,measured,outputs/major_revision/compas-core-10seed-e01b72a/metrics/fairness_metrics_global.csv,,,,
compas-core-10seed-e01b72a,compas_core,3003,joint_dirichlet_0.3,B3,2,1,9,0.1,0.648989898989899,0.6443979301122158,0.2416891284815812,0.1693281938325991,0.2536260162601627,0.002994908655286,measured,outputs/major_revision/compas-core-10seed-e01b72a/metrics/fairness_metrics_global.csv,,,,
compas-core-10seed-e01b72a,compas_core,3003,joint_dirichlet_0.3,B3,3,3,7,0.3,0.6287878787878788,0.6283873933110752,0.2230008984725965,0.1821081130690162,0.2040650406504064,0.0101826894279724,measured,outputs/major_revision/compas-core-10seed-e01b72a/metrics/fairness_metrics_global.csv,,,,
compas-core-10seed-e01b72a,compas_core,3003,joint_dirichlet_0.3,B3,4,1,9,0.1,0.63510101010101,0.6348442861860526,0.2282120395327942,0.1821081130690162,0.2119349593495935,0.0049715483677746,measured,outputs/major_revision/compas-core-10seed-e01b72a/metrics/fairness_metrics_global.csv,,,,
compas-core-10seed-e01b72a,compas_core,3003,joint_dirichlet_0.3,B3,5,1,9,0.1,0.6477272727272727,0.6473759213837632,0.2250973345312967,0.1801119676945668,0.1996747967479674,0.0103623839472896,measured,outputs/major_revision/compas-core-10seed-e01b72a/metrics/fairness_metrics_global.csv,,,,
compas-core-10seed-e01b72a,compas_core,3004,iid,B0,1,10,0,1.0,0.6477272727272727,0.6292078834101035,0.2068882899071578,0.1048779368575624,0.2595772357723577,0.0054507337526205,measured,outputs/major_revision/compas-core-10seed-e01b72a/metrics/fairness_metrics_global.csv,,,,
compas-core-10seed-e01b72a,compas_core,3004,iid,B0,2,10,0,1.0,0.6477272727272727,0.6292078834101035,0.2068882899071578,0.1048779368575624,0.2595772357723577,0.0054507337526205,measured,outputs/major_revision/compas-core-10seed-e01b72a/metrics/fairness_metrics_global.csv,,,,
compas-core-10seed-e01b72a,compas_core,3004,iid,B0,3,10,0,1.0,0.6464646464646465,0.6276570737768226,0.2047918538484575,0.1048779368575624,0.2555772357723577,0.0033542976939202,measured,outputs/major_revision/compas-core-10seed-e01b72a/metrics/fairness_metrics_global.csv,,,,
compas-core-10seed-e01b72a,compas_core,3004,iid,B0,4,10,0,1.0,0.6464646464646465,0.6276570737768226,0.2047918538484575,0.1048779368575624,0.2555772357723577,0.0033542976939202,measured,outputs/major_revision/compas-core-10seed-e01b72a/metrics/fairness_metrics_global.csv,,,,
compas-core-10seed-e01b72a,compas_core,3004,iid,B0,5,10,0,1.0,0.6452020202020202,0.6265498754058748,0.2068882899071578,0.1092832232011747,0.2555772357723577,0.0012578616352201,measured,outputs/major_revision/compas-core-10seed-e01b72a/metrics/fairness_metrics_global.csv,,,,
compas-core-10seed-e01b72a,compas_core,3004,iid,B1,1,10,0,1.0,0.6477272727272727,0.6292078834101035,0.2068882899071578,0.1048779368575624,0.2595772357723577,0.0054507337526205,measured,outputs/major_revision/compas-core-10seed-e01b72a/metrics/fairness_metrics_global.csv,,,,
compas-core-10seed-e01b72a,compas_core,3004,iid,B1,2,10,0,1.0,0.6477272727272727,0.6292078834101035,0.2068882899071578,0.1048779368575624,0.2595772357723577,0.0054507337526205,measured,outputs/major_revision/compas-core-10seed-e01b72a/metrics/fairness_metrics_global.csv,,,,
compas-core-10seed-e01b72a,compas_core,3004,iid,B1,3,10,0,1.0,0.6464646464646465,0.6276570737768226,0.2047918538484575,0.1048779368575624,0.2555772357723577,0.0033542976939202,measured,outputs/major_revision/compas-core-10seed-e01b72a/metrics/fairness_metrics_global.csv,,,,
compas-core-10seed-e01b72a,compas_core,3004,iid,B1,4,10,0,1.0,0.6464646464646465,0.6276570737768226,0.2047918538484575,0.1048779368575624,0.2555772357723577,0.0033542976939202,measured,outputs/major_revision/compas-core-10seed-e01b72a/metrics/fairness_metrics_global.csv,,,,
compas-core-10seed-e01b72a,compas_core,3004,iid,B1,5,10,0,1.0,0.6452020202020202,0.6265498754058748,0.2068882899071578,0.1092832232011747,0.2555772357723577,0.0012578616352201,measured,outputs/major_revision/compas-core-10seed-e01b72a/metrics/fairness_metrics_global.csv,,,,
compas-core-10seed-e01b72a,compas_core,3004,iid,B3,1,9,1,0.9,0.6477272727272727,0.6305025057564675,0.2036537885594489,0.1084801762114537,0.2473170731707316,0.000179694519317,measured,outputs/major_revision/compas-core-10seed-e01b72a/metrics/fairness_metrics_global.csv,,,,
compas-core-10seed-e01b72a,compas_core,3004,iid,B3,2,7,3,0.7,0.6452020202020202,0.6295091518990502,0.2151542377957472,0.1208929882525696,0.2593170731707316,0.0012578616352201,measured,outputs/major_revision/compas-core-10seed-e01b72a/metrics/fairness_metrics_global.csv,,,,
compas-core-10seed-e01b72a,compas_core,3004,iid,B3,3,8,2,0.8,0.6439393939393939,0.6267422505364628,0.2057502246181491,0.1172907488986784,0.2433170731707316,0.0061096136567835,measured,outputs/major_revision/compas-core-10seed-e01b72a/metrics/fairness_metrics_global.csv,,,,
compas-core-10seed-e01b72a,compas_core,3004,iid,B3,4,8,2,0.8,0.6452020202020202,0.6278537781991662,0.2036537885594489,0.112885462555066,0.2433170731707316,0.0040131775980832,measured,outputs/major_revision/compas-core-10seed-e01b72a/metrics/fairness_metrics_global.csv,,,,
compas-core-10seed-e01b72a,compas_core,3004,iid,B3,5,8,2,0.8,0.6452020202020202,0.6278537781991662,0.2036537885594489,0.112885462555066,0.2433170731707316,0.0040131775980832,measured,outputs/major_revision/compas-core-10seed-e01b72a/metrics/fairness_metrics_global.csv,,,,
compas-core-10seed-e01b72a,compas_core,3004,joint_dirichlet_0.3,B0,1,9,1,0.9,0.6477272727272727,0.635856068159159,0.2412698412698412,0.1413133259911894,0.2911869918699187,0.0107217729859239,measured,outputs/major_revision/compas-core-10seed-e01b72a/metrics/fairness_metrics_global.csv,,,,
compas-core-10seed-e01b72a,compas_core,3004,joint_dirichlet_0.3,B0,2,9,1,0.9,0.6477272727272727,0.635856068159159,0.2412698412698412,0.1413133259911894,0.2911869918699187,0.0107217729859239,measured,outputs/major_revision/compas-core-10seed-e01b72a/metrics/fairness_metrics_global.csv,,,,
compas-core-10seed-e01b72a,compas_core,3004,joint_dirichlet_0.3,B0,3,9,1,0.9,0.6477272727272727,0.635856068159159,0.2412698412698412,0.1413133259911894,0.2911869918699187,0.0107217729859239,measured,outputs/major_revision/compas-core-10seed-e01b72a/metrics/fairness_metrics_global.csv,,,,
compas-core-10seed-e01b72a,compas_core,3004,joint_dirichlet_0.3,B0,4,9,1,0.9,0.6477272727272727,0.6361966008268258,0.2454627133872416,0.1457186123348017,0.2951869918699187,0.0107217729859239,measured,outputs/major_revision/compas-core-10seed-e01b72a/metrics/fairness_metrics_global.csv,,,,
compas-core-10seed-e01b72a,compas_core,3004,joint_dirichlet_0.3,B0,5,9,1,0.9,0.648989898989899,0.637999408108908,0.2464809823300389,0.1501238986784141,0.2910569105691056,0.0075471698113207,measured,outputs/major_revision/compas-core-10seed-e01b72a/metrics/fairness_metrics_global.csv,,,,
compas-core-10seed-e01b72a,compas_core,3004,joint_dirichlet_0.3,B1,1,9,1,0.9,0.6477272727272727,0.635856068159159,0.2412698412698412,0.1413133259911894,0.2911869918699187,0.0107217729859239,measured,outputs/major_revision/compas-core-10seed-e01b72a/metrics/fairness_metrics_global.csv,,,,
compas-core-10seed-e01b72a,compas_core,3004,joint_dirichlet_0.3,B1,2,9,1,0.9,0.6477272727272727,0.635856068159159,0.2412698412698412,0.1413133259911894,0.2911869918699187,0.0107217729859239,measured,outputs/major_revision/compas-core-10seed-e01b72a/metrics/fairness_metrics_global.csv,,,,
compas-core-10seed-e01b72a,compas_core,3004,joint_dirichlet_0.3,B1,3,9,1,0.9,0.6477272727272727,0.635856068159159,0.2412698412698412,0.1413133259911894,0.2911869918699187,0.0107217729859239,measured,outputs/major_revision/compas-core-10seed-e01b72a/metrics/fairness_metrics_global.csv,,,,
compas-core-10seed-e01b72a,compas_core,3004,joint_dirichlet_0.3,B1,4,9,1,0.9,0.6477272727272727,0.6361966008268258,0.2454627133872416,0.1457186123348017,0.2951869918699187,0.0107217729859239,measured,outputs/major_revision/compas-core-10seed-e01b72a/metrics/fairness_metrics_global.csv,,,,
compas-core-10seed-e01b72a,compas_core,3004,joint_dirichlet_0.3,B1,5,9,1,0.9,0.648989898989899,0.637999408108908,0.2464809823300389,0.1501238986784141,0.2910569105691056,0.0075471698113207,measured,outputs/major_revision/compas-core-10seed-e01b72a/metrics/fairness_metrics_global.csv,,,,
compas-core-10seed-e01b72a,compas_core,3004,joint_dirichlet_0.3,B3,1,5,5,0.5,0.6186868686868687,0.569379230880023,0.1478885893980234,0.0512343979441997,0.2135284552845529,0.0164120994309673,measured,outputs/major_revision/compas-core-10seed-e01b72a/metrics/fairness_metrics_global.csv,,,,
compas-core-10seed-e01b72a,compas_core,3004,joint_dirichlet_0.3,B3,2,5,5,0.5,0.6174242424242424,0.5691935394110645,0.1489068583408206,0.0504313509544787,0.2175284552845529,0.0132374962563641,measured,outputs/major_revision/compas-core-10seed-e01b72a/metrics/fairness_metrics_global.csv,,,,
compas-core-10seed-e01b72a,compas_core,3004,joint_dirichlet_0.3,B3,3,3,7,0.3,0.5643939393939394,0.4469262548098429,0.0499550763701707,0.0092006240822321,0.0790894308943089,0.0854746930218628,measured,outputs/major_revision/compas-core-10seed-e01b72a/metrics/fairness_metrics_global.csv,,,,
compas-core-10seed-e01b72a,compas_core,3004,joint_dirichlet_0.3,B3,4,3,7,0.3,0.5555555555555556,0.4170966905584317,0.0322851153039831,0.0072044787077827,0.0473495934959349,0.1054207846660677,measured,outputs/major_revision/compas-core-10seed-e01b72a/metrics/fairness_metrics_global.csv,,,,
compas-core-10seed-e01b72a,compas_core,3004,joint_dirichlet_0.3,B3,5,3,7,0.3,0.5505050505050505,0.4066217137661944,0.0238993710691823,0.0072044787077827,0.0313495934959349,0.1138065289008685,measured,outputs/major_revision/compas-core-10seed-e01b72a/metrics/fairness_metrics_global.csv,,,,
compas-core-10seed-e01b72a,compas_core,3005,iid,B0,1,10,0,1.0,0.6477272727272727,0.628764345463801,0.2079664570230607,0.1100862701908956,0.2555772357723577,0.000179694519317,measured,outputs/major_revision/compas-core-10seed-e01b72a/metrics/fairness_metrics_global.csv,,,,
compas-core-10seed-e01b72a,compas_core,3005,iid,B0,2,10,0,1.0,0.6477272727272727,0.628764345463801,0.2079664570230607,0.1100862701908956,0.2555772357723577,0.000179694519317,measured,outputs/major_revision/compas-core-10seed-e01b72a/metrics/fairness_metrics_global.csv,,,,
compas-core-10seed-e01b72a,compas_core,3005,iid,B0,3,10,0,1.0,0.6452020202020202,0.6265498754058748,0.2068882899071578,0.1092832232011747,0.2555772357723577,0.0012578616352201,measured,outputs/major_revision/compas-core-10seed-e01b72a/metrics/fairness_metrics_global.csv,,,,
compas-core-10seed-e01b72a,compas_core,3005,iid,B0,4,10,0,1.0,0.6452020202020202,0.6265498754058748,0.2068882899071578,0.1092832232011747,0.2555772357723577,0.0012578616352201,measured,outputs/major_revision/compas-core-10seed-e01b72a/metrics/fairness_metrics_global.csv,,,,
compas-core-10seed-e01b72a,compas_core,3005,iid,B0,5,10,0,1.0,0.6439393939393939,0.6258819272749201,0.207906558849955,0.1084801762114537,0.2595772357723577,0.0044324648098232,measured,outputs/major_revision/compas-core-10seed-e01b72a/metrics/fairness_metrics_global.csv,,,,
compas-core-10seed-e01b72a,compas_core,3005,iid,B1,1,10,0,1.0,0.6477272727272727,0.628764345463801,0.2079664570230607,0.1100862701908956,0.2555772357723577,0.000179694519317,measured,outputs/major_revision/compas-core-10seed-e01b72a/metrics/fairness_metrics_global.csv,,,,
compas-core-10seed-e01b72a,compas_core,3005,iid,B1,2,10,0,1.0,0.6477272727272727,0.628764345463801,0.2079664570230607,0.1100862701908956,0.2555772357723577,0.000179694519317,measured,outputs/major_revision/compas-core-10seed-e01b72a/metrics/fairness_metrics_global.csv,,,,
compas-core-10seed-e01b72a,compas_core,3005,iid,B1,3,10,0,1.0,0.6452020202020202,0.6265498754058748,0.2068882899071578,0.1092832232011747,0.2555772357723577,0.0012578616352201,measured,outputs/major_revision/compas-core-10seed-e01b72a/metrics/fairness_metrics_global.csv,,,,
compas-core-10seed-e01b72a,compas_core,3005,iid,B1,4,10,0,1.0,0.6452020202020202,0.6265498754058748,0.2068882899071578,0.1092832232011747,0.2555772357723577,0.0012578616352201,measured,outputs/major_revision/compas-core-10seed-e01b72a/metrics/fairness_metrics_global.csv,,,,
compas-core-10seed-e01b72a,compas_core,3005,iid,B1,5,10,0,1.0,0.6439393939393939,0.6258819272749201,0.207906558849955,0.1084801762114537,0.2595772357723577,0.0044324648098232,measured,outputs/major_revision/compas-core-10seed-e01b72a/metrics/fairness_metrics_global.csv,,,,
compas-core-10seed-e01b72a,compas_core,3005,iid,B3,1,8,2,0.8,0.6439393939393939,0.6314139167057239,0.240251572327044,0.1509269456681351,0.2791869918699187,0.0008385744234801,measured,outputs/major_revision/compas-core-10seed-e01b72a/metrics/fairness_metrics_global.csv,,,,
compas-core-10seed-e01b72a,compas_core,3005,iid,B3,2,9,1,0.9,0.6426767676767676,0.6272742843934327,0.2193471099131476,0.1297035609397944,0.2593170731707316,0.0029350104821803,measured,outputs/major_revision/compas-core-10seed-e01b72a/metrics/fairness_metrics_global.csv,,,,
compas-core-10seed-e01b72a,compas_core,3005,iid,B3,3,9,1,0.9,0.6439393939393939,0.6271634615384616,0.2099430967355495,0.1216960352422907,0.2473170731707316,0.0061096136567835,measured,outputs/major_revision/compas-core-10seed-e01b72a/metrics/fairness_metrics_global.csv,,,,
compas-core-10seed-e01b72a,compas_core,3005,iid,B3,4,9,1,0.9,0.6439393939393939,0.6283917340521115,0.2172506738544474,0.125298274596182,0.2593170731707316,0.0008385744234801,measured,outputs/major_revision/compas-core-10seed-e01b72a/metrics/fairness_metrics_global.csv,,,,
compas-core-10seed-e01b72a,compas_core,3005,iid,B3,5,9,1,0.9,0.6439393939393939,0.6283917340521115,0.2172506738544474,0.125298274596182,0.2593170731707316,0.0008385744234801,measured,outputs/major_revision/compas-core-10seed-e01b72a/metrics/fairness_metrics_global.csv,,,,
compas-core-10seed-e01b72a,compas_core,3005,joint_dirichlet_0.3,B0,1,9,1,0.9,0.5858585858585859,0.4962730847689002,0.0780473195567534,0.0111967694566813,0.1265691056910568,0.0551063192572627,measured,outputs/major_revision/compas-core-10seed-e01b72a/metrics/fairness_metrics_global.csv,,,,
compas-core-10seed-e01b72a,compas_core,3005,joint_dirichlet_0.3,B0,2,9,1,0.9,0.5871212121212122,0.4984575163398693,0.0801437556154537,0.0111967694566813,0.1305691056910568,0.0530098831985624,measured,outputs/major_revision/compas-core-10seed-e01b72a/metrics/fairness_metrics_global.csv,,,,
compas-core-10seed-e01b72a,compas_core,3005,joint_dirichlet_0.3,B0,3,9,1,0.9,0.5871212121212122,0.4984575163398693,0.0801437556154537,0.0111967694566813,0.1305691056910568,0.0530098831985624,measured,outputs/major_revision/compas-core-10seed-e01b72a/metrics/fairness_metrics_global.csv,,,,
compas-core-10seed-e01b72a,compas_core,3005,joint_dirichlet_0.3,B0,4,9,1,0.9,0.5871212121212122,0.4997440617496904,0.0843366277328541,0.0156020558002937,0.1345691056910568,0.0530098831985624,measured,outputs/major_revision/compas-core-10seed-e01b72a/metrics/fairness_metrics_global.csv,,,,
compas-core-10seed-e01b72a,compas_core,3005,joint_dirichlet_0.3,B0,5,9,1,0.9,0.5871212121212122,0.4997440617496904,0.0843366277328541,0.0156020558002937,0.1345691056910568,0.0530098831985624,measured,outputs/major_revision/compas-core-10seed-e01b72a/metrics/fairness_metrics_global.csv,,,,
compas-core-10seed-e01b72a,compas_core,3005,joint_dirichlet_0.3,B1,1,9,1,0.9,0.5858585858585859,0.4962730847689002,0.0780473195567534,0.0111967694566813,0.1265691056910568,0.0551063192572627,measured,outputs/major_revision/compas-core-10seed-e01b72a/metrics/fairness_metrics_global.csv,,,,
compas-core-10seed-e01b72a,compas_core,3005,joint_dirichlet_0.3,B1,2,9,1,0.9,0.5871212121212122,0.4984575163398693,0.0801437556154537,0.0111967694566813,0.1305691056910568,0.0530098831985624,measured,outputs/major_revision/compas-core-10seed-e01b72a/metrics/fairness_metrics_global.csv,,,,
compas-core-10seed-e01b72a,compas_core,3005,joint_dirichlet_0.3,B1,3,9,1,0.9,0.5871212121212122,0.4984575163398693,0.0801437556154537,0.0111967694566813,0.1305691056910568,0.0530098831985624,measured,outputs/major_revision/compas-core-10seed-e01b72a/metrics/fairness_metrics_global.csv,,,,
compas-core-10seed-e01b72a,compas_core,3005,joint_dirichlet_0.3,B1,4,9,1,0.9,0.5871212121212122,0.4997440617496904,0.0843366277328541,0.0156020558002937,0.1345691056910568,0.0530098831985624,measured,outputs/major_revision/compas-core-10seed-e01b72a/metrics/fairness_metrics_global.csv,,,,
compas-core-10seed-e01b72a,compas_core,3005,joint_dirichlet_0.3,B1,5,9,1,0.9,0.5871212121212122,0.4997440617496904,0.0843366277328541,0.0156020558002937,0.1345691056910568,0.0530098831985624,measured,outputs/major_revision/compas-core-10seed-e01b72a/metrics/fairness_metrics_global.csv,,,,
compas-core-10seed-e01b72a,compas_core,3005,joint_dirichlet_0.3,B3,1,5,5,0.5,0.5808080808080808,0.4861002532912224,0.0812818209044623,0.0164051027900146,0.1308292682926829,0.0582210242587601,measured,outputs/major_revision/compas-core-10seed-e01b72a/metrics/fairness_metrics_global.csv,,,,
compas-core-10seed-e01b72a,compas_core,3005,joint_dirichlet_0.3,B3,2,3,7,0.3,0.5669191919191919,0.4451731229946305,0.0426474992512728,0.0011930983847282,0.0710894308943089,0.0865528601377658,measured,outputs/major_revision/compas-core-10seed-e01b72a/metrics/fairness_metrics_global.csv,,,,
compas-core-10seed-e01b72a,compas_core,3005,joint_dirichlet_0.3,B3,3,3,7,0.3,0.5618686868686869,0.4317391852744803,0.0364180892482779,0.0019961453744493,0.0592195121951218,0.0949386043725666,measured,outputs/major_revision/compas-core-10seed-e01b72a/metrics/fairness_metrics_global.csv,,,,
compas-core-10seed-e01b72a,compas_core,3005,joint_dirichlet_0.3,B3,4,2,8,0.2,0.5505050505050505,0.4026795020634369,0.0102425876010781,0.001606093979442,0.0112195121951219,0.1190775681341719,measured,outputs/major_revision/compas-core-10seed-e01b72a/metrics/fairness_metrics_global.csv,,,,
compas-core-10seed-e01b72a,compas_core,3005,joint_dirichlet_0.3,B3,5,2,8,0.2,0.5467171717171717,0.3925433114773011,0.0002395926924229,0.0060113803230542,0.0060113803230542,0.1253668763102725,measured,outputs/major_revision/compas-core-10seed-e01b72a/metrics/fairness_metrics_global.csv,,,,
compas-core-10seed-e01b72a,compas_core,3006,iid,B0,1,10,0,1.0,0.6452020202020202,0.6278537781991662,0.2036537885594489,0.112885462555066,0.2433170731707316,0.0040131775980832,measured,outputs/major_revision/compas-core-10seed-e01b72a/metrics/fairness_metrics_global.csv,,,,
compas-core-10seed-e01b72a,compas_core,3006,iid,B0,2,10,0,1.0,0.6439393939393939,0.6279881672574155,0.213057801737047,0.1208929882525696,0.2553170731707316,0.0008385744234801,measured,outputs/major_revision/compas-core-10seed-e01b72a/metrics/fairness_metrics_global.csv,,,,
compas-core-10seed-e01b72a,compas_core,3006,iid,B0,3,10,0,1.0,0.6452020202020202,0.6295091518990502,0.2151542377957472,0.1208929882525696,0.2593170731707316,0.0012578616352201,measured,outputs/major_revision/compas-core-10seed-e01b72a/metrics/fairness_metrics_global.csv,,,,
compas-core-10seed-e01b72a,compas_core,3006,iid,B0,4,10,0,1.0,0.6452020202020202,0.6295091518990502,0.2151542377957472,0.1208929882525696,0.2593170731707316,0.0012578616352201,measured,outputs/major_revision/compas-core-10seed-e01b72a/metrics/fairness_metrics_global.csv,,,,
compas-core-10seed-e01b72a,compas_core,3006,iid,B0,5,10,0,1.0,0.6452020202020202,0.6295091518990502,0.2151542377957472,0.1208929882525696,0.2593170731707316,0.0012578616352201,measured,outputs/major_revision/compas-core-10seed-e01b72a/metrics/fairness_metrics_global.csv,,,,
compas-core-10seed-e01b72a,compas_core,3006,iid,B1,1,10,0,1.0,0.6452020202020202,0.6278537781991662,0.2036537885594489,0.112885462555066,0.2433170731707316,0.0040131775980832,measured,outputs/major_revision/compas-core-10seed-e01b72a/metrics/fairness_metrics_global.csv,,,,
compas-core-10seed-e01b72a,compas_core,3006,iid,B1,2,10,0,1.0,0.6439393939393939,0.6279881672574155,0.213057801737047,0.1208929882525696,0.2553170731707316,0.0008385744234801,measured,outputs/major_revision/compas-core-10seed-e01b72a/metrics/fairness_metrics_global.csv,,,,
compas-core-10seed-e01b72a,compas_core,3006,iid,B1,3,10,0,1.0,0.6452020202020202,0.6295091518990502,0.2151542377957472,0.1208929882525696,0.2593170731707316,0.0012578616352201,measured,outputs/major_revision/compas-core-10seed-e01b72a/metrics/fairness_metrics_global.csv,,,,
compas-core-10seed-e01b72a,compas_core,3006,iid,B1,4,10,0,1.0,0.6452020202020202,0.6295091518990502,0.2151542377957472,0.1208929882525696,0.2593170731707316,0.0012578616352201,measured,outputs/major_revision/compas-core-10seed-e01b72a/metrics/fairness_metrics_global.csv,,,,
compas-core-10seed-e01b72a,compas_core,3006,iid,B1,5,10,0,1.0,0.6452020202020202,0.6295091518990502,0.2151542377957472,0.1208929882525696,0.2593170731707316,0.0012578616352201,measured,outputs/major_revision/compas-core-10seed-e01b72a/metrics/fairness_metrics_global.csv,,,,
compas-core-10seed-e01b72a,compas_core,3006,iid,B3,1,5,5,0.5,0.6414141414141414,0.611432046214655,0.1905360886492962,0.0980864537444934,0.2363577235772357,0.0155735250074873,measured,outputs/major_revision/compas-core-10seed-e01b72a/metrics/fairness_metrics_global.csv,,,,
compas-core-10seed-e01b72a,compas_core,3006,iid,B3,2,6,4,0.6,0.6464646464646465,0.622384481255449,0.20083857442348,0.1141015051395007,0.2358373983739837,0.0177298592392931,measured,outputs/major_revision/compas-core-10seed-e01b72a/metrics/fairness_metrics_global.csv,,,,
compas-core-10seed-e01b72a,compas_core,3006,iid,B3,3,7,3,0.7,0.6540404040404041,0.6338455931482718,0.1985624438454626,0.0932681718061674,0.2515772357723578,0.0053908355795148,measured,outputs/major_revision/compas-core-10seed-e01b72a/metrics/fairness_metrics_global.csv,,,,
compas-core-10seed-e01b72a,compas_core,3006,iid,B3,4,8,2,0.8,0.648989898989899,0.6316155802436086,0.2015573525007487,0.1040748898678414,0.2473170731707316,0.0022761305780173,measured,outputs/major_revision/compas-core-10seed-e01b72a/metrics/fairness_metrics_global.csv,,,,
compas-core-10seed-e01b72a,compas_core,3006,iid,B3,5,8,2,0.8,0.6477272727272727,0.6305025057564675,0.2036537885594489,0.1084801762114537,0.2473170731707316,0.000179694519317,measured,outputs/major_revision/compas-core-10seed-e01b72a/metrics/fairness_metrics_global.csv,,,,
compas-core-10seed-e01b72a,compas_core,3006,joint_dirichlet_0.3,B0,1,9,1,0.9,0.6452020202020202,0.6223060591712362,0.1849655585504642,0.0984765051395007,0.2195772357723577,0.0145552560646899,measured,outputs/major_revision/compas-core-10seed-e01b72a/metrics/fairness_metrics_global.csv,,,,
compas-core-10seed-e01b72a,compas_core,3006,joint_dirichlet_0.3,B0,2,9,1,0.9,0.6464646464646465,0.6238984580108136,0.1870619946091645,0.0984765051395007,0.2235772357723577,0.0124588200059898,measured,outputs/major_revision/compas-core-10seed-e01b72a/metrics/fairness_metrics_global.csv,,,,
compas-core-10seed-e01b72a,compas_core,3006,joint_dirichlet_0.3,B0,3,9,1,0.9,0.6477272727272727,0.6254874876062473,0.1891584306678646,0.0984765051395007,0.2275772357723577,0.0103623839472896,measured,outputs/major_revision/compas-core-10seed-e01b72a/metrics/fairness_metrics_global.csv,,,,
compas-core-10seed-e01b72a,compas_core,3006,joint_dirichlet_0.3,B0,4,9,1,0.9,0.6477272727272727,0.6254874876062473,0.1891584306678646,0.0984765051395007,0.2275772357723577,0.0103623839472896,measured,outputs/major_revision/compas-core-10seed-e01b72a/metrics/fairness_metrics_global.csv,,,,
compas-core-10seed-e01b72a,compas_core,3006,joint_dirichlet_0.3,B0,5,9,1,0.9,0.648989898989899,0.6270731707317073,0.1912548667265649,0.0984765051395007,0.2315772357723577,0.0082659478885893,measured,outputs/major_revision/compas-core-10seed-e01b72a/metrics/fairness_metrics_global.csv,,,,
compas-core-10seed-e01b72a,compas_core,3006,joint_dirichlet_0.3,B1,1,9,1,0.9,0.6452020202020202,0.6223060591712362,0.1849655585504642,0.0984765051395007,0.2195772357723577,0.0145552560646899,measured,outputs/major_revision/compas-core-10seed-e01b72a/metrics/fairness_metrics_global.csv,,,,
compas-core-10seed-e01b72a,compas_core,3006,joint_dirichlet_0.3,B1,2,9,1,0.9,0.6464646464646465,0.6238984580108136,0.1870619946091645,0.0984765051395007,0.2235772357723577,0.0124588200059898,measured,outputs/major_revision/compas-core-10seed-e01b72a/metrics/fairness_metrics_global.csv,,,,
compas-core-10seed-e01b72a,compas_core,3006,joint_dirichlet_0.3,B1,3,9,1,0.9,0.6477272727272727,0.6254874876062473,0.1891584306678646,0.0984765051395007,0.2275772357723577,0.0103623839472896,measured,outputs/major_revision/compas-core-10seed-e01b72a/metrics/fairness_metrics_global.csv,,,,
compas-core-10seed-e01b72a,compas_core,3006,joint_dirichlet_0.3,B1,4,9,1,0.9,0.6477272727272727,0.6254874876062473,0.1891584306678646,0.0984765051395007,0.2275772357723577,0.0103623839472896,measured,outputs/major_revision/compas-core-10seed-e01b72a/metrics/fairness_metrics_global.csv,,,,
compas-core-10seed-e01b72a,compas_core,3006,joint_dirichlet_0.3,B1,5,9,1,0.9,0.648989898989899,0.6270731707317073,0.1912548667265649,0.0984765051395007,0.2315772357723577,0.0082659478885893,measured,outputs/major_revision/compas-core-10seed-e01b72a/metrics/fairness_metrics_global.csv,,,,
compas-core-10seed-e01b72a,compas_core,3006,joint_dirichlet_0.3,B3,1,2,8,0.2,0.5732323232323232,0.4651727775469104,0.0530098831985623,0.0039922907488987,0.086829268292683,0.0760706798442647,measured,outputs/major_revision/compas-core-10seed-e01b72a/metrics/fairness_metrics_global.csv,,,,
compas-core-10seed-e01b72a,compas_core,3006,joint_dirichlet_0.3,B3,2,2,8,0.2,0.5732323232323232,0.4666857921537689,0.0572027553159628,0.0083975770925109,0.090829268292683,0.0760706798442647,measured,outputs/major_revision/compas-core-10seed-e01b72a/metrics/fairness_metrics_global.csv,,,,
compas-core-10seed-e01b72a,compas_core,3006,joint_dirichlet_0.3,B3,3,2,8,0.2,0.5757575757575758,0.4727991695128813,0.0655884995507636,0.0128028634361233,0.102829268292683,0.0718778077268643,measured,outputs/major_revision/compas-core-10seed-e01b72a/metrics/fairness_metrics_global.csv,,,,
compas-core-10seed-e01b72a,compas_core,3006,joint_dirichlet_0.3,B3,4,1,9,0.1,0.5593434343434344,0.4337468118450838,0.033183587900569,0.0003900513950073,0.0550894308943089,0.0938604372566637,measured,outputs/major_revision/compas-core-10seed-e01b72a/metrics/fairness_metrics_global.csv,,,,
compas-core-10seed-e01b72a,compas_core,3006,joint_dirichlet_0.3,B3,5,1,9,0.1,0.5555555555555556,0.420816886192712,0.0248577418388739,0.003212187958884,0.0432195121951218,0.1001497454327643,measured,outputs/major_revision/compas-core-10seed-e01b72a/metrics/fairness_metrics_global.csv,,,,
compas-core-10seed-e01b72a,compas_core,3007,iid,B0,1,10,0,1.0,0.6477272727272727,0.6300769250085798,0.2047319556753518,0.1040748898678414,0.2554471544715447,0.0054507337526205,measured,outputs/major_revision/compas-core-10seed-e01b72a/metrics/fairness_metrics_global.csv,,,,
compas-core-10seed-e01b72a,compas_core,3007,iid,B0,2,10,0,1.0,0.6477272727272727,0.6300769250085798,0.2047319556753518,0.1040748898678414,0.2554471544715447,0.0054507337526205,measured,outputs/major_revision/compas-core-10seed-e01b72a/metrics/fairness_metrics_global.csv,,,,
compas-core-10seed-e01b72a,compas_core,3007,iid,B0,3,10,0,1.0,0.6464646464646465,0.6293894686177643,0.2057502246181491,0.112885462555066,0.2473170731707316,0.001916741539383,measured,outputs/major_revision/compas-core-10seed-e01b72a/metrics/fairness_metrics_global.csv,,,,
compas-core-10seed-e01b72a,compas_core,3007,iid,B0,4,10,0,1.0,0.6464646464646465,0.6293894686177643,0.2057502246181491,0.112885462555066,0.2473170731707316,0.001916741539383,measured,outputs/major_revision/compas-core-10seed-e01b72a/metrics/fairness_metrics_global.csv,,,,
compas-core-10seed-e01b72a,compas_core,3007,iid,B0,5,10,0,1.0,0.6464646464646465,0.6293894686177643,0.2057502246181491,0.112885462555066,0.2473170731707316,0.001916741539383,measured,outputs/major_revision/compas-core-10seed-e01b72a/metrics/fairness_metrics_global.csv,,,,
compas-core-10seed-e01b72a,compas_core,3007,iid,B1,1,10,0,1.0,0.6477272727272727,0.6300769250085798,0.2047319556753518,0.1040748898678414,0.2554471544715447,0.0054507337526205,measured,outputs/major_revision/compas-core-10seed-e01b72a/metrics/fairness_metrics_global.csv,,,,
compas-core-10seed-e01b72a,compas_core,3007,iid,B1,2,10,0,1.0,0.6477272727272727,0.6300769250085798,0.2047319556753518,0.1040748898678414,0.2554471544715447,0.0054507337526205,measured,outputs/major_revision/compas-core-10seed-e01b72a/metrics/fairness_metrics_global.csv,,,,
compas-core-10seed-e01b72a,compas_core,3007,iid,B1,3,10,0,1.0,0.6464646464646465,0.6293894686177643,0.2057502246181491,0.112885462555066,0.2473170731707316,0.001916741539383,measured,outputs/major_revision/compas-core-10seed-e01b72a/metrics/fairness_metrics_global.csv,,,,
compas-core-10seed-e01b72a,compas_core,3007,iid,B1,4,10,0,1.0,0.6464646464646465,0.6293894686177643,0.2057502246181491,0.112885462555066,0.2473170731707316,0.001916741539383,measured,outputs/major_revision/compas-core-10seed-e01b72a/metrics/fairness_metrics_global.csv,,,,
compas-core-10seed-e01b72a,compas_core,3007,iid,B1,5,10,0,1.0,0.6464646464646465,0.6293894686177643,0.2057502246181491,0.112885462555066,0.2473170731707316,0.001916741539383,measured,outputs/major_revision/compas-core-10seed-e01b72a/metrics/fairness_metrics_global.csv,,,,
compas-core-10seed-e01b72a,compas_core,3007,iid,B3,1,7,3,0.7,0.6515151515151515,0.6316328731665228,0.1974842767295597,0.0924651248164464,0.2515772357723578,0.0064690026954177,measured,outputs/major_revision/compas-core-10seed-e01b72a/metrics/fairness_metrics_global.csv,,,,
compas-core-10seed-e01b72a,compas_core,3007,iid,B3,2,8,2,0.8,0.6477272727272727,0.6283147435757263,0.2037735849056603,0.1056809838472834,0.2515772357723578,0.000179694519317,measured,outputs/major_revision/compas-core-10seed-e01b72a/metrics/fairness_metrics_global.csv,,,,
compas-core-10seed-e01b72a,compas_core,3007,iid,B3,3,8,2,0.8,0.6477272727272727,0.628764345463801,0.2026954177897574,0.1004726505139501,0.2555772357723577,0.0054507337526205,measured,outputs/major_revision/compas-core-10seed-e01b72a/metrics/fairness_metrics_global.csv,,,,
compas-core-10seed-e01b72a,compas_core,3007,iid,B3,4,8,2,0.8,0.6477272727272727,0.6292078834101035,0.2016172506738544,0.1048779368575624,0.2474471544715447,0.000179694519317,measured,outputs/major_revision/compas-core-10seed-e01b72a/metrics/fairness_metrics_global.csv,,,,
compas-core-10seed-e01b72a,compas_core,3007,iid,B3,5,8,2,0.8,0.6477272727272727,0.6292078834101035,0.2016172506738544,0.1048779368575624,0.2474471544715447,0.000179694519317,measured,outputs/major_revision/compas-core-10seed-e01b72a/metrics/fairness_metrics_global.csv,,,,
compas-core-10seed-e01b72a,compas_core,3007,joint_dirichlet_0.3,B0,1,10,0,1.0,0.6477272727272727,0.6296453969653342,0.2005390835579514,0.1092832232011747,0.2393170731707316,0.0050913447139862,measured,outputs/major_revision/compas-core-10seed-e01b72a/metrics/fairness_metrics_global.csv,,,,
compas-core-10seed-e01b72a,compas_core,3007,joint_dirichlet_0.3,B0,2,10,0,1.0,0.6464646464646465,0.628535246939637,0.2026355196166517,0.1136885095447871,0.2393170731707316,0.0071877807726864,measured,outputs/major_revision/compas-core-10seed-e01b72a/metrics/fairness_metrics_global.csv,,,,
compas-core-10seed-e01b72a,compas_core,3007,joint_dirichlet_0.3,B0,3,10,0,1.0,0.6477272727272727,0.6300769250085798,0.2047319556753518,0.1136885095447871,0.2433170731707316,0.0050913447139862,measured,outputs/major_revision/compas-core-10seed-e01b72a/metrics/fairness_metrics_global.csv,,,,
compas-core-10seed-e01b72a,compas_core,3007,joint_dirichlet_0.3,B0,4,10,0,1.0,0.6477272727272727,0.6300769250085798,0.2047319556753518,0.1136885095447871,0.2433170731707316,0.0050913447139862,measured,outputs/major_revision/compas-core-10seed-e01b72a/metrics/fairness_metrics_global.csv,,,,
compas-core-10seed-e01b72a,compas_core,3007,joint_dirichlet_0.3,B0,5,10,0,1.0,0.6477272727272727,0.6300769250085798,0.2047319556753518,0.1136885095447871,0.2433170731707316,0.0050913447139862,measured,outputs/major_revision/compas-core-10seed-e01b72a/metrics/fairness_metrics_global.csv,,,,
compas-core-10seed-e01b72a,compas_core,3007,joint_dirichlet_0.3,B1,1,10,0,1.0,0.6477272727272727,0.6296453969653342,0.2005390835579514,0.1092832232011747,0.2393170731707316,0.0050913447139862,measured,outputs/major_revision/compas-core-10seed-e01b72a/metrics/fairness_metrics_global.csv,,,,
compas-core-10seed-e01b72a,compas_core,3007,joint_dirichlet_0.3,B1,2,10,0,1.0,0.6464646464646465,0.628535246939637,0.2026355196166517,0.1136885095447871,0.2393170731707316,0.0071877807726864,measured,outputs/major_revision/compas-core-10seed-e01b72a/metrics/fairness_metrics_global.csv,,,,
compas-core-10seed-e01b72a,compas_core,3007,joint_dirichlet_0.3,B1,3,10,0,1.0,0.6477272727272727,0.6300769250085798,0.2047319556753518,0.1136885095447871,0.2433170731707316,0.0050913447139862,measured,outputs/major_revision/compas-core-10seed-e01b72a/metrics/fairness_metrics_global.csv,,,,
compas-core-10seed-e01b72a,compas_core,3007,joint_dirichlet_0.3,B1,4,10,0,1.0,0.6477272727272727,0.6300769250085798,0.2047319556753518,0.1136885095447871,0.2433170731707316,0.0050913447139862,measured,outputs/major_revision/compas-core-10seed-e01b72a/metrics/fairness_metrics_global.csv,,,,
compas-core-10seed-e01b72a,compas_core,3007,joint_dirichlet_0.3,B1,5,10,0,1.0,0.6477272727272727,0.6300769250085798,0.2047319556753518,0.1136885095447871,0.2433170731707316,0.0050913447139862,measured,outputs/major_revision/compas-core-10seed-e01b72a/metrics/fairness_metrics_global.csv,,,,
compas-core-10seed-e01b72a,compas_core,3007,joint_dirichlet_0.3,B3,1,4,6,0.4,0.5631313131313131,0.4461404132846101,0.0415094339622642,0.0039922907488987,0.0669593495934959,0.087571129080563,measured,outputs/major_revision/compas-core-10seed-e01b72a/metrics/fairness_metrics_global.csv,,,,
compas-core-10seed-e01b72a,compas_core,3007,joint_dirichlet_0.3,B3,2,4,6,0.4,0.5656565656565656,0.4509532062391681,0.0457023060796646,0.0039922907488987,0.0749593495934959,0.0833782569631627,measured,outputs/major_revision/compas-core-10seed-e01b72a/metrics/fairness_metrics_global.csv,,,,
compas-core-10seed-e01b72a,compas_core,3007,joint_dirichlet_0.3,B3,3,4,6,0.4,0.5681818181818182,0.4557291666666667,0.049895178197065,0.0039922907488987,0.0829593495934959,0.0791853848457622,measured,outputs/major_revision/compas-core-10seed-e01b72a/metrics/fairness_metrics_global.csv,,,,
compas-core-10seed-e01b72a,compas_core,3007,joint_dirichlet_0.3,B3,4,2,8,0.2,0.5631313131313131,0.4377539044867744,0.0416292303084755,0.0011930983847282,0.0712195121951219,0.087571129080563,measured,outputs/major_revision/compas-core-10seed-e01b72a/metrics/fairness_metrics_global.csv,,,,
compas-core-10seed-e01b72a,compas_core,3007,joint_dirichlet_0.3,B3,5,2,8,0.2,0.5568181818181818,0.4196881673517187,0.0238394728960766,0.002409140969163,0.0392195121951218,0.1033243486073675,measured,outputs/major_revision/compas-core-10seed-e01b72a/metrics/fairness_metrics_global.csv,,,,
compas-core-10seed-e01b72a,compas_core,3008,iid,B0,1,10,0,1.0,0.6464646464646465,0.6280991735537189,0.2037136867325546,0.099669603524229,0.2595772357723577,0.0086253369272236,measured,outputs/major_revision/compas-core-10seed-e01b72a/metrics/fairness_metrics_global.csv,,,,
compas-core-10seed-e01b72a,compas_core,3008,iid,B0,2,10,0,1.0,0.6452020202020202,0.6269905252589925,0.2058101227912548,0.1040748898678414,0.2595772357723577,0.0065289008685234,measured,outputs/major_revision/compas-core-10seed-e01b72a/metrics/fairness_metrics_global.csv,,,,
compas-core-10seed-e01b72a,compas_core,3008,iid,B0,3,10,0,1.0,0.6464646464646465,0.628965332619462,0.2015573525007487,0.1084801762114537,0.2433170731707316,0.001916741539383,measured,outputs/major_revision/compas-core-10seed-e01b72a/metrics/fairness_metrics_global.csv,,,,
compas-core-10seed-e01b72a,compas_core,3008,iid,B0,4,10,0,1.0,0.6477272727272727,0.6305025057564675,0.2036537885594489,0.1084801762114537,0.2473170731707316,0.000179694519317,measured,outputs/major_revision/compas-core-10seed-e01b72a/metrics/fairness_metrics_global.csv,,,,
compas-core-10seed-e01b72a,compas_core,3008,iid,B0,5,10,0,1.0,0.6477272727272727,0.6305025057564675,0.2036537885594489,0.1084801762114537,0.2473170731707316,0.000179694519317,measured,outputs/major_revision/compas-core-10seed-e01b72a/metrics/fairness_metrics_global.csv,,,,
compas-core-10seed-e01b72a,compas_core,3008,iid,B1,1,10,0,1.0,0.6464646464646465,0.6280991735537189,0.2037136867325546,0.099669603524229,0.2595772357723577,0.0086253369272236,measured,outputs/major_revision/compas-core-10seed-e01b72a/metrics/fairness_metrics_global.csv,,,,
compas-core-10seed-e01b72a,compas_core,3008,iid,B1,2,10,0,1.0,0.6452020202020202,0.6269905252589925,0.2058101227912548,0.1040748898678414,0.2595772357723577,0.0065289008685234,measured,outputs/major_revision/compas-core-10seed-e01b72a/metrics/fairness_metrics_global.csv,,,,
compas-core-10seed-e01b72a,compas_core,3008,iid,B1,3,10,0,1.0,0.6464646464646465,0.628965332619462,0.2015573525007487,0.1084801762114537,0.2433170731707316,0.001916741539383,measured,outputs/major_revision/compas-core-10seed-e01b72a/metrics/fairness_metrics_global.csv,,,,
compas-core-10seed-e01b72a,compas_core,3008,iid,B1,4,10,0,1.0,0.6477272727272727,0.6305025057564675,0.2036537885594489,0.1084801762114537,0.2473170731707316,0.000179694519317,measured,outputs/major_revision/compas-core-10seed-e01b72a/metrics/fairness_metrics_global.csv,,,,
compas-core-10seed-e01b72a,compas_core,3008,iid,B1,5,10,0,1.0,0.6477272727272727,0.6305025057564675,0.2036537885594489,0.1084801762114537,0.2473170731707316,0.000179694519317,measured,outputs/major_revision/compas-core-10seed-e01b72a/metrics/fairness_metrics_global.csv,,,,
compas-core-10seed-e01b72a,compas_core,3008,iid,B3,1,7,3,0.7,0.6464646464646465,0.6276570737768226,0.1995208146151542,0.1048779368575624,0.2434471544715447,0.001916741539383,measured,outputs/major_revision/compas-core-10seed-e01b72a/metrics/fairness_metrics_global.csv,,,,
compas-core-10seed-e01b72a,compas_core,3008,iid,B3,2,8,2,0.8,0.648989898989899,0.6298717017671266,0.2005989817310571,0.0960673641703377,0.2555772357723577,0.0075471698113207,measured,outputs/major_revision/compas-core-10seed-e01b72a/metrics/fairness_metrics_global.csv,,,,
compas-core-10seed-e01b72a,compas_core,3008,iid,B3,3,8,2,0.8,0.648989898989899,0.6303166661069881,0.2047918538484575,0.1004726505139501,0.2595772357723577,0.0075471698113207,measured,outputs/major_revision/compas-core-10seed-e01b72a/metrics/fairness_metrics_global.csv,,,,
compas-core-10seed-e01b72a,compas_core,3008,iid,B3,4,8,2,0.8,0.6477272727272727,0.6292078834101035,0.2068882899071578,0.1048779368575624,0.2595772357723577,0.0054507337526205,measured,outputs/major_revision/compas-core-10seed-e01b72a/metrics/fairness_metrics_global.csv,,,,
compas-core-10seed-e01b72a,compas_core,3008,iid,B3,5,8,2,0.8,0.6464646464646465,0.6280991735537189,0.208984725965858,0.1092832232011747,0.2595772357723577,0.0033542976939202,measured,outputs/major_revision/compas-core-10seed-e01b72a/metrics/fairness_metrics_global.csv,,,,
compas-core-10seed-e01b72a,compas_core,3008,joint_dirichlet_0.3,B0,1,9,1,0.9,0.6452020202020202,0.616975796805378,0.1904761904761904,0.09287812041116,0.2402276422764228,0.0092842168313866,measured,outputs/major_revision/compas-core-10seed-e01b72a/metrics/fairness_metrics_global.csv,,,,
compas-core-10seed-e01b72a,compas_core,3008,joint_dirichlet_0.3,B0,2,9,1,0.9,0.6464646464646465,0.6186204571876699,0.1873015873015873,0.09287812041116,0.2320975609756097,0.0124588200059898,measured,outputs/major_revision/compas-core-10seed-e01b72a/metrics/fairness_metrics_global.csv,,,,
compas-core-10seed-e01b72a,compas_core,3008,joint_dirichlet_0.3,B0,3,9,1,0.9,0.6452020202020202,0.6175392467713248,0.1893980233602874,0.0972834067547723,0.2320975609756097,0.0145552560646899,measured,outputs/major_revision/compas-core-10seed-e01b72a/metrics/fairness_metrics_global.csv,,,,
compas-core-10seed-e01b72a,compas_core,3008,joint_dirichlet_0.3,B0,4,9,1,0.9,0.6452020202020202,0.6175392467713248,0.1893980233602874,0.0972834067547723,0.2320975609756097,0.0145552560646899,measured,outputs/major_revision/compas-core-10seed-e01b72a/metrics/fairness_metrics_global.csv,,,,
compas-core-10seed-e01b72a,compas_core,3008,joint_dirichlet_0.3,B0,5,9,1,0.9,0.6464646464646465,0.6197296129390704,0.1904162923030847,0.1016886930983846,0.2279674796747967,0.0177298592392931,measured,outputs/major_revision/compas-core-10seed-e01b72a/metrics/fairness_metrics_global.csv,,,,
compas-core-10seed-e01b72a,compas_core,3008,joint_dirichlet_0.3,B1,1,9,1,0.9,0.6452020202020202,0.616975796805378,0.1904761904761904,0.09287812041116,0.2402276422764228,0.0092842168313866,measured,outputs/major_revision/compas-core-10seed-e01b72a/metrics/fairness_metrics_global.csv,,,,
compas-core-10seed-e01b72a,compas_core,3008,joint_dirichlet_0.3,B1,2,9,1,0.9,0.6464646464646465,0.6186204571876699,0.1873015873015873,0.09287812041116,0.2320975609756097,0.0124588200059898,measured,outputs/major_revision/compas-core-10seed-e01b72a/metrics/fairness_metrics_global.csv,,,,
compas-core-10seed-e01b72a,compas_core,3008,joint_dirichlet_0.3,B1,3,9,1,0.9,0.6452020202020202,0.6175392467713248,0.1893980233602874,0.0972834067547723,0.2320975609756097,0.0145552560646899,measured,outputs/major_revision/compas-core-10seed-e01b72a/metrics/fairness_metrics_global.csv,,,,
compas-core-10seed-e01b72a,compas_core,3008,joint_dirichlet_0.3,B1,4,9,1,0.9,0.6452020202020202,0.6175392467713248,0.1893980233602874,0.0972834067547723,0.2320975609756097,0.0145552560646899,measured,outputs/major_revision/compas-core-10seed-e01b72a/metrics/fairness_metrics_global.csv,,,,
compas-core-10seed-e01b72a,compas_core,3008,joint_dirichlet_0.3,B1,5,9,1,0.9,0.6464646464646465,0.6197296129390704,0.1904162923030847,0.1016886930983846,0.2279674796747967,0.0177298592392931,measured,outputs/major_revision/compas-core-10seed-e01b72a/metrics/fairness_metrics_global.csv,,,,
compas-core-10seed-e01b72a,compas_core,3008,joint_dirichlet_0.3,B3,1,5,5,0.5,0.553030303030303,0.4193644587295801,0.0237795747229709,0.004015234948605,0.0432195121951218,0.0990715783168614,measured,outputs/major_revision/compas-core-10seed-e01b72a/metrics/fairness_metrics_global.csv,,,,
compas-core-10seed-e01b72a,compas_core,3008,joint_dirichlet_0.3,B3,2,3,7,0.3,0.547979797979798,0.3973063973063973,0.0218628331835878,0.0080075256975036,0.027479674796748,0.117999401018269,measured,outputs/major_revision/compas-core-10seed-e01b72a/metrics/fairness_metrics_global.csv,,,,
compas-core-10seed-e01b72a,compas_core,3008,joint_dirichlet_0.3,B3,3,3,7,0.3,0.5467171717171717,0.3925433114773011,0.0208445642407907,0.0036022393538912,0.031609756097561,0.1148247978436658,measured,outputs/major_revision/compas-core-10seed-e01b72a/metrics/fairness_metrics_global.csv,,,,
compas-core-10seed-e01b72a,compas_core,3008,joint_dirichlet_0.3,B3,4,3,7,0.3,0.5454545454545454,0.3898096151212162,0.0187481281820904,0.0036022393538912,0.027609756097561,0.116921233902366,measured,outputs/major_revision/compas-core-10seed-e01b72a/metrics/fairness_metrics_global.csv,,,,
compas-core-10seed-e01b72a,compas_core,3008,joint_dirichlet_0.3,B3,5,3,7,0.3,0.5441919191919192,0.3870639257561692,0.0166516921233902,0.0036022393538912,0.0236097560975609,0.1190176699610662,measured,outputs/major_revision/compas-core-10seed-e01b72a/metrics/fairness_metrics_global.csv,,,,
compas-core-10seed-e01b72a,compas_core,3009,iid,B0,1,10,0,1.0,0.6439393939393939,0.6287894904797362,0.2214435459718479,0.1297035609397944,0.2633170731707316,0.0008385744234801,measured,outputs/major_revision/compas-core-10seed-e01b72a/metrics/fairness_metrics_global.csv,,,,
compas-core-10seed-e01b72a,compas_core,3009,iid,B0,2,10,0,1.0,0.6477272727272727,0.6336974234092955,0.2266546870320456,0.1244952276064611,0.2793170731707317,0.0107217729859239,measured,outputs/major_revision/compas-core-10seed-e01b72a/metrics/fairness_metrics_global.csv,,,,
compas-core-10seed-e01b72a,compas_core,3009,iid,B0,3,10,0,1.0,0.648989898989899,0.6351972005540569,0.2287511230907457,0.1244952276064611,0.2833170731707317,0.012818209044624,measured,outputs/major_revision/compas-core-10seed-e01b72a/metrics/fairness_metrics_global.csv,,,,
compas-core-10seed-e01b72a,compas_core,3009,iid,B0,4,10,0,1.0,0.648989898989899,0.6351972005540569,0.2287511230907457,0.1244952276064611,0.2833170731707317,0.012818209044624,measured,outputs/major_revision/compas-core-10seed-e01b72a/metrics/fairness_metrics_global.csv,,,,
compas-core-10seed-e01b72a,compas_core,3009,iid,B0,5,10,0,1.0,0.648989898989899,0.6351972005540569,0.2287511230907457,0.1244952276064611,0.2833170731707317,0.012818209044624,measured,outputs/major_revision/compas-core-10seed-e01b72a/metrics/fairness_metrics_global.csv,,,,
compas-core-10seed-e01b72a,compas_core,3009,iid,B1,1,10,0,1.0,0.6439393939393939,0.6287894904797362,0.2214435459718479,0.1297035609397944,0.2633170731707316,0.0008385744234801,measured,outputs/major_revision/compas-core-10seed-e01b72a/metrics/fairness_metrics_global.csv,,,,
compas-core-10seed-e01b72a,compas_core,3009,iid,B1,2,10,0,1.0,0.6477272727272727,0.6336974234092955,0.2266546870320456,0.1244952276064611,0.2793170731707317,0.0107217729859239,measured,outputs/major_revision/compas-core-10seed-e01b72a/metrics/fairness_metrics_global.csv,,,,
compas-core-10seed-e01b72a,compas_core,3009,iid,B1,3,10,0,1.0,0.648989898989899,0.6351972005540569,0.2287511230907457,0.1244952276064611,0.2833170731707317,0.012818209044624,measured,outputs/major_revision/compas-core-10seed-e01b72a/metrics/fairness_metrics_global.csv,,,,
compas-core-10seed-e01b72a,compas_core,3009,iid,B1,4,10,0,1.0,0.648989898989899,0.6351972005540569,0.2287511230907457,0.1244952276064611,0.2833170731707317,0.012818209044624,measured,outputs/major_revision/compas-core-10seed-e01b72a/metrics/fairness_metrics_global.csv,,,,
compas-core-10seed-e01b72a,compas_core,3009,iid,B1,5,10,0,1.0,0.648989898989899,0.6351972005540569,0.2287511230907457,0.1244952276064611,0.2833170731707317,0.012818209044624,measured,outputs/major_revision/compas-core-10seed-e01b72a/metrics/fairness_metrics_global.csv,,,,
compas-core-10seed-e01b72a,compas_core,3009,iid,B3,1,9,1,0.9,0.6439393939393939,0.6271634615384616,0.2046720575022461,0.112082415565345,0.2473170731707316,0.0008385744234801,measured,outputs/major_revision/compas-core-10seed-e01b72a/metrics/fairness_metrics_global.csv,,,,
compas-core-10seed-e01b72a,compas_core,3009,iid,B3,2,8,2,0.8,0.6502525252525253,0.6296034915033893,0.2017370470200659,0.0976734581497797,0.2557073170731707,0.0043725666367175,measured,outputs/major_revision/compas-core-10seed-e01b72a/metrics/fairness_metrics_global.csv,,,,
compas-core-10seed-e01b72a,compas_core,3009,iid,B3,3,8,2,0.8,0.6477272727272727,0.6264548815555251,0.2028152141359689,0.0976734581497797,0.2598373983739838,0.0054507337526205,measured,outputs/major_revision/compas-core-10seed-e01b72a/metrics/fairness_metrics_global.csv,,,,
compas-core-10seed-e01b72a,compas_core,3009,iid,B3,4,8,2,0.8,0.6477272727272727,0.6264548815555251,0.2028152141359689,0.0976734581497797,0.2598373983739838,0.0054507337526205,measured,outputs/major_revision/compas-core-10seed-e01b72a/metrics/fairness_metrics_global.csv,,,,
compas-core-10seed-e01b72a,compas_core,3009,iid,B3,5,9,1,0.9,0.6477272727272727,0.6269291484817532,0.2017370470200659,0.102078744493392,0.2517073170731707,0.000179694519317,measured,outputs/major_revision/compas-core-10seed-e01b72a/metrics/fairness_metrics_global.csv,,,,
compas-core-10seed-e01b72a,compas_core,3009,joint_dirichlet_0.3,B0,1,10,0,1.0,0.6502525252525253,0.6309791540160437,0.2037735849056603,0.101275697503671,0.2555772357723577,0.0043725666367175,measured,outputs/major_revision/compas-core-10seed-e01b72a/metrics/fairness_metrics_global.csv,,,,
compas-core-10seed-e01b72a,compas_core,3009,joint_dirichlet_0.3,B0,2,10,0,1.0,0.6502525252525253,0.6309791540160437,0.2037735849056603,0.101275697503671,0.2555772357723577,0.0043725666367175,measured,outputs/major_revision/compas-core-10seed-e01b72a/metrics/fairness_metrics_global.csv,,,,
compas-core-10seed-e01b72a,compas_core,3009,joint_dirichlet_0.3,B0,3,10,0,1.0,0.648989898989899,0.6298717017671266,0.2058700209643605,0.1056809838472834,0.2555772357723577,0.0022761305780173,measured,outputs/major_revision/compas-core-10seed-e01b72a/metrics/fairness_metrics_global.csv,,,,
compas-core-10seed-e01b72a,compas_core,3009,joint_dirichlet_0.3,B0,4,10,0,1.0,0.648989898989899,0.6303166661069881,0.2047918538484575,0.1004726505139501,0.2595772357723577,0.0075471698113207,measured,outputs/major_revision/compas-core-10seed-e01b72a/metrics/fairness_metrics_global.csv,,,,
compas-core-10seed-e01b72a,compas_core,3009,joint_dirichlet_0.3,B0,5,10,0,1.0,0.6464646464646465,0.6276570737768226,0.2047918538484575,0.1048779368575624,0.2555772357723577,0.0033542976939202,measured,outputs/major_revision/compas-core-10seed-e01b72a/metrics/fairness_metrics_global.csv,,,,
compas-core-10seed-e01b72a,compas_core,3009,joint_dirichlet_0.3,B1,1,10,0,1.0,0.6502525252525253,0.6309791540160437,0.2037735849056603,0.101275697503671,0.2555772357723577,0.0043725666367175,measured,outputs/major_revision/compas-core-10seed-e01b72a/metrics/fairness_metrics_global.csv,,,,
compas-core-10seed-e01b72a,compas_core,3009,joint_dirichlet_0.3,B1,2,10,0,1.0,0.6502525252525253,0.6309791540160437,0.2037735849056603,0.101275697503671,0.2555772357723577,0.0043725666367175,measured,outputs/major_revision/compas-core-10seed-e01b72a/metrics/fairness_metrics_global.csv,,,,
compas-core-10seed-e01b72a,compas_core,3009,joint_dirichlet_0.3,B1,3,10,0,1.0,0.648989898989899,0.6298717017671266,0.2058700209643605,0.1056809838472834,0.2555772357723577,0.0022761305780173,measured,outputs/major_revision/compas-core-10seed-e01b72a/metrics/fairness_metrics_global.csv,,,,
compas-core-10seed-e01b72a,compas_core,3009,joint_dirichlet_0.3,B1,4,10,0,1.0,0.648989898989899,0.6303166661069881,0.2047918538484575,0.1004726505139501,0.2595772357723577,0.0075471698113207,measured,outputs/major_revision/compas-core-10seed-e01b72a/metrics/fairness_metrics_global.csv,,,,
compas-core-10seed-e01b72a,compas_core,3009,joint_dirichlet_0.3,B1,5,10,0,1.0,0.6464646464646465,0.6276570737768226,0.2047918538484575,0.1048779368575624,0.2555772357723577,0.0033542976939202,measured,outputs/major_revision/compas-core-10seed-e01b72a/metrics/fairness_metrics_global.csv,,,,
compas-core-10seed-e01b72a,compas_core,3009,joint_dirichlet_0.3,B3,1,2,8,0.2,0.5328282828282829,0.3548330280400169,0.0010182689427972,0.0,0.000130081300813,0.1326145552560647,measured,outputs/major_revision/compas-core-10seed-e01b72a/metrics/fairness_metrics_global.csv,,,,
compas-core-10seed-e01b72a,compas_core,3009,joint_dirichlet_0.3,B3,2,2,8,0.2,0.5328282828282829,0.3548330280400169,0.0010182689427972,0.0,0.000130081300813,0.1326145552560647,measured,outputs/major_revision/compas-core-10seed-e01b72a/metrics/fairness_metrics_global.csv,,,,
compas-core-10seed-e01b72a,compas_core,3009,joint_dirichlet_0.3,B3,3,2,8,0.2,0.5328282828282829,0.3548330280400169,0.0010182689427972,0.0,0.000130081300813,0.1326145552560647,measured,outputs/major_revision/compas-core-10seed-e01b72a/metrics/fairness_metrics_global.csv,,,,
compas-core-10seed-e01b72a,compas_core,3009,joint_dirichlet_0.3,B3,4,2,8,0.2,0.5328282828282829,0.3548330280400169,0.0010182689427972,0.0,0.000130081300813,0.1326145552560647,measured,outputs/major_revision/compas-core-10seed-e01b72a/metrics/fairness_metrics_global.csv,,,,
compas-core-10seed-e01b72a,compas_core,3009,joint_dirichlet_0.3,B3,5,2,8,0.2,0.5328282828282829,0.3548330280400169,0.0010182689427972,0.0,0.000130081300813,0.1326145552560647,measured,outputs/major_revision/compas-core-10seed-e01b72a/metrics/fairness_metrics_global.csv,,,,
compas-core-10seed-e01b72a,compas_core,3010,iid,B0,1,10,0,1.0,0.6439393939393939,0.6275787549940972,0.2088649296196466,0.1164877019089574,0.2513170731707316,0.0008385744234801,measured,outputs/major_revision/compas-core-10seed-e01b72a/metrics/fairness_metrics_global.csv,,,,
compas-core-10seed-e01b72a,compas_core,3010,iid,B0,2,10,0,1.0,0.6439393939393939,0.6275787549940972,0.2088649296196466,0.1164877019089574,0.2513170731707316,0.0008385744234801,measured,outputs/major_revision/compas-core-10seed-e01b72a/metrics/fairness_metrics_global.csv,,,,
compas-core-10seed-e01b72a,compas_core,3010,iid,B0,3,10,0,1.0,0.6439393939393939,0.6275787549940972,0.2088649296196466,0.1164877019089574,0.2513170731707316,0.0008385744234801,measured,outputs/major_revision/compas-core-10seed-e01b72a/metrics/fairness_metrics_global.csv,,,,
compas-core-10seed-e01b72a,compas_core,3010,iid,B0,4,10,0,1.0,0.6452020202020202,0.6291041082329649,0.2109613656783467,0.1164877019089574,0.2553170731707316,0.0012578616352201,measured,outputs/major_revision/compas-core-10seed-e01b72a/metrics/fairness_metrics_global.csv,,,,
compas-core-10seed-e01b72a,compas_core,3010,iid,B0,5,10,0,1.0,0.6477272727272727,0.6329331559196855,0.2182689427972447,0.1156846549192364,0.2713170731707316,0.0107217729859239,measured,outputs/major_revision/compas-core-10seed-e01b72a/metrics/fairness_metrics_global.csv,,,,
compas-core-10seed-e01b72a,compas_core,3010,iid,B1,1,10,0,1.0,0.6439393939393939,0.6275787549940972,0.2088649296196466,0.1164877019089574,0.2513170731707316,0.0008385744234801,measured,outputs/major_revision/compas-core-10seed-e01b72a/metrics/fairness_metrics_global.csv,,,,
compas-core-10seed-e01b72a,compas_core,3010,iid,B1,2,10,0,1.0,0.6439393939393939,0.6275787549940972,0.2088649296196466,0.1164877019089574,0.2513170731707316,0.0008385744234801,measured,outputs/major_revision/compas-core-10seed-e01b72a/metrics/fairness_metrics_global.csv,,,,
compas-core-10seed-e01b72a,compas_core,3010,iid,B1,3,10,0,1.0,0.6439393939393939,0.6275787549940972,0.2088649296196466,0.1164877019089574,0.2513170731707316,0.0008385744234801,measured,outputs/major_revision/compas-core-10seed-e01b72a/metrics/fairness_metrics_global.csv,,,,
compas-core-10seed-e01b72a,compas_core,3010,iid,B1,4,10,0,1.0,0.6452020202020202,0.6291041082329649,0.2109613656783467,0.1164877019089574,0.2553170731707316,0.0012578616352201,measured,outputs/major_revision/compas-core-10seed-e01b72a/metrics/fairness_metrics_global.csv,,,,
compas-core-10seed-e01b72a,compas_core,3010,iid,B1,5,10,0,1.0,0.6477272727272727,0.6329331559196855,0.2182689427972447,0.1156846549192364,0.2713170731707316,0.0107217729859239,measured,outputs/major_revision/compas-core-10seed-e01b72a/metrics/fairness_metrics_global.csv,,,,
compas-core-10seed-e01b72a,compas_core,3010,iid,B3,1,6,4,0.6,0.6439393939393939,0.6275787549940972,0.2088649296196466,0.1164877019089574,0.2513170731707316,0.0008385744234801,measured,outputs/major_revision/compas-core-10seed-e01b72a/metrics/fairness_metrics_global.csv,,,,
compas-core-10seed-e01b72a,compas_core,3010,iid,B3,2,8,2,0.8,0.6464646464646465,0.6321948889419633,0.2245582509733453,0.1244952276064611,0.2753170731707317,0.0086253369272236,measured,outputs/major_revision/compas-core-10seed-e01b72a/metrics/fairness_metrics_global.csv,,,,
compas-core-10seed-e01b72a,compas_core,3010,iid,B3,3,6,4,0.6,0.6439393939393939,0.6271634615384616,0.2046720575022461,0.112082415565345,0.2473170731707316,0.0008385744234801,measured,outputs/major_revision/compas-core-10seed-e01b72a/metrics/fairness_metrics_global.csv,,,,
compas-core-10seed-e01b72a,compas_core,3010,iid,B3,4,6,4,0.6,0.6439393939393939,0.6271634615384616,0.2046720575022461,0.112082415565345,0.2473170731707316,0.0008385744234801,measured,outputs/major_revision/compas-core-10seed-e01b72a/metrics/fairness_metrics_global.csv,,,,
compas-core-10seed-e01b72a,compas_core,3010,iid,B3,5,6,4,0.6,0.6439393939393939,0.6271634615384616,0.2046720575022461,0.112082415565345,0.2473170731707316,0.0008385744234801,measured,outputs/major_revision/compas-core-10seed-e01b72a/metrics/fairness_metrics_global.csv,,,,
compas-core-10seed-e01b72a,compas_core,3010,joint_dirichlet_0.3,B0,1,10,0,1.0,0.6452020202020202,0.6278537781991662,0.2036537885594489,0.112885462555066,0.2433170731707316,0.0040131775980832,measured,outputs/major_revision/compas-core-10seed-e01b72a/metrics/fairness_metrics_global.csv,,,,
compas-core-10seed-e01b72a,compas_core,3010,joint_dirichlet_0.3,B0,2,10,0,1.0,0.6452020202020202,0.6278537781991662,0.2036537885594489,0.112885462555066,0.2433170731707316,0.0040131775980832,measured,outputs/major_revision/compas-core-10seed-e01b72a/metrics/fairness_metrics_global.csv,,,,
compas-core-10seed-e01b72a,compas_core,3010,joint_dirichlet_0.3,B0,3,10,0,1.0,0.6452020202020202,0.6278537781991662,0.2036537885594489,0.112885462555066,0.2433170731707316,0.0040131775980832,measured,outputs/major_revision/compas-core-10seed-e01b72a/metrics/fairness_metrics_global.csv,,,,
compas-core-10seed-e01b72a,compas_core,3010,joint_dirichlet_0.3,B0,4,10,0,1.0,0.6452020202020202,0.6278537781991662,0.2036537885594489,0.112885462555066,0.2433170731707316,0.0040131775980832,measured,outputs/major_revision/compas-core-10seed-e01b72a/metrics/fairness_metrics_global.csv,,,,
compas-core-10seed-e01b72a,compas_core,3010,joint_dirichlet_0.3,B0,5,10,0,1.0,0.6452020202020202,0.6278537781991662,0.2036537885594489,0.112885462555066,0.2433170731707316,0.0040131775980832,measured,outputs/major_revision/compas-core-10seed-e01b72a/metrics/fairness_metrics_global.csv,,,,
compas-core-10seed-e01b72a,compas_core,3010,joint_dirichlet_0.3,B1,1,10,0,1.0,0.6452020202020202,0.6278537781991662,0.2036537885594489,0.112885462555066,0.2433170731707316,0.0040131775980832,measured,outputs/major_revision/compas-core-10seed-e01b72a/metrics/fairness_metrics_global.csv,,,,
compas-core-10seed-e01b72a,compas_core,3010,joint_dirichlet_0.3,B1,2,10,0,1.0,0.6452020202020202,0.6278537781991662,0.2036537885594489,0.112885462555066,0.2433170731707316,0.0040131775980832,measured,outputs/major_revision/compas-core-10seed-e01b72a/metrics/fairness_metrics_global.csv,,,,
compas-core-10seed-e01b72a,compas_core,3010,joint_dirichlet_0.3,B1,3,10,0,1.0,0.6452020202020202,0.6278537781991662,0.2036537885594489,0.112885462555066,0.2433170731707316,0.0040131775980832,measured,outputs/major_revision/compas-core-10seed-e01b72a/metrics/fairness_metrics_global.csv,,,,
compas-core-10seed-e01b72a,compas_core,3010,joint_dirichlet_0.3,B1,4,10,0,1.0,0.6452020202020202,0.6278537781991662,0.2036537885594489,0.112885462555066,0.2433170731707316,0.0040131775980832,measured,outputs/major_revision/compas-core-10seed-e01b72a/metrics/fairness_metrics_global.csv,,,,
compas-core-10seed-e01b72a,compas_core,3010,joint_dirichlet_0.3,B1,5,10,0,1.0,0.6452020202020202,0.6278537781991662,0.2036537885594489,0.112885462555066,0.2433170731707316,0.0040131775980832,measured,outputs/major_revision/compas-core-10seed-e01b72a/metrics/fairness_metrics_global.csv,,,,
compas-core-10seed-e01b72a,compas_core,3010,joint_dirichlet_0.3,B3,1,3,7,0.3,0.6161616161616161,0.6157475087298192,0.2213237496256364,0.1840813142437591,0.2031544715447154,0.0057502246181491,measured,outputs/major_revision/compas-core-10seed-e01b72a/metrics/fairness_metrics_global.csv,,,,
compas-core-10seed-e01b72a,compas_core,3010,joint_dirichlet_0.3,B3,2,3,7,0.3,0.6161616161616161,0.6157475087298192,0.2213237496256364,0.1840813142437591,0.2031544715447154,0.0057502246181491,measured,outputs/major_revision/compas-core-10seed-e01b72a/metrics/fairness_metrics_global.csv,,,,
compas-core-10seed-e01b72a,compas_core,3010,joint_dirichlet_0.3,B3,3,3,7,0.3,0.6161616161616161,0.6157475087298192,0.2213237496256364,0.1840813142437591,0.2031544715447154,0.0057502246181491,measured,outputs/major_revision/compas-core-10seed-e01b72a/metrics/fairness_metrics_global.csv,,,,
compas-core-10seed-e01b72a,compas_core,3010,joint_dirichlet_0.3,B3,4,2,8,0.2,0.6022727272727273,0.5962159406333201,0.2331236897274632,0.2012665198237885,0.2139837398373983,0.0248577418388739,measured,outputs/major_revision/compas-core-10seed-e01b72a/metrics/fairness_metrics_global.csv,,,,
compas-core-10seed-e01b72a,compas_core,3010,joint_dirichlet_0.3,B3,5,2,8,0.2,0.5909090909090909,0.577713999842018,0.2283917340521114,0.2196677679882525,0.2196677679882525,0.0165318957771787,measured,outputs/major_revision/compas-core-10seed-e01b72a/metrics/fairness_metrics_global.csv,,,,
adult-mlp-5seed-ee23a65,adult_mlp,4001,joint_dirichlet_0.3,B0,1,10,0,1.0,0.4214364640883978,0.3887096494548649,0.0261803659622485,0.0968448920719562,0.0968448920719562,0.0067241931012845,measured,outputs/major_revision/adult-mlp-5seed-ee23a65/metrics/fairness_metrics_global.csv,,,,
adult-mlp-5seed-ee23a65,adult_mlp,4001,joint_dirichlet_0.3,B0,2,10,0,1.0,0.4435359116022099,0.4018170268170268,0.0282112612407847,0.0929111537092655,0.0929111537092655,0.0008966779241638,measured,outputs/major_revision/adult-mlp-5seed-ee23a65/metrics/fairness_metrics_global.csv,,,,
adult-mlp-5seed-ee23a65,adult_mlp,4001,joint_dirichlet_0.3,B0,3,10,0,1.0,0.4649723756906077,0.4140466105468481,0.021248191714375,0.0991364507689522,0.0991364507689522,0.0135321712173517,measured,outputs/major_revision/adult-mlp-5seed-ee23a65/metrics/fairness_metrics_global.csv,,,,
adult-mlp-5seed-ee23a65,adult_mlp,4001,joint_dirichlet_0.3,B0,4,10,0,1.0,0.4830939226519337,0.4222910591197308,0.0277742867354951,0.0790556530317883,0.0790556530317883,0.0219995828575859,measured,outputs/major_revision/adult-mlp-5seed-ee23a65/metrics/fairness_metrics_global.csv,,,,
adult-mlp-5seed-ee23a65,adult_mlp,4001,joint_dirichlet_0.3,B0,5,10,0,1.0,0.4983425414364641,0.4285873704054458,0.0294475358738019,0.0772074204042384,0.0772074204042384,0.0286696276647422,measured,outputs/major_revision/adult-mlp-5seed-ee23a65/metrics/fairness_metrics_global.csv,,,,
adult-mlp-5seed-ee23a65,adult_mlp,4001,joint_dirichlet_0.3,B1,1,10,0,1.0,0.4214364640883978,0.3887096494548649,0.0261803659622485,0.0968448920719562,0.0968448920719562,0.0067241931012845,measured,outputs/major_revision/adult-mlp-5seed-ee23a65/metrics/fairness_metrics_global.csv,,,,
adult-mlp-5seed-ee23a65,adult_mlp,4001,joint_dirichlet_0.3,B1,2,10,0,1.0,0.4435359116022099,0.4018170268170268,0.0282112612407847,0.0929111537092655,0.0929111537092655,0.0008966779241638,measured,outputs/major_revision/adult-mlp-5seed-ee23a65/metrics/fairness_metrics_global.csv,,,,
adult-mlp-5seed-ee23a65,adult_mlp,4001,joint_dirichlet_0.3,B1,3,10,0,1.0,0.4649723756906077,0.4140466105468481,0.021248191714375,0.0991364507689522,0.0991364507689522,0.0135321712173517,measured,outputs/major_revision/adult-mlp-5seed-ee23a65/metrics/fairness_metrics_global.csv,,,,
adult-mlp-5seed-ee23a65,adult_mlp,4001,joint_dirichlet_0.3,B1,4,10,0,1.0,0.4830939226519337,0.4222910591197308,0.0277742867354951,0.0790556530317883,0.0790556530317883,0.0219995828575859,measured,outputs/major_revision/adult-mlp-5seed-ee23a65/metrics/fairness_metrics_global.csv,,,,
adult-mlp-5seed-ee23a65,adult_mlp,4001,joint_dirichlet_0.3,B1,5,10,0,1.0,0.4983425414364641,0.4285873704054458,0.0294475358738019,0.0772074204042384,0.0772074204042384,0.0286696276647422,measured,outputs/major_revision/adult-mlp-5seed-ee23a65/metrics/fairness_metrics_global.csv,,,,
adult-mlp-5seed-ee23a65,adult_mlp,4002,joint_dirichlet_0.3,B0,1,10,0,1.0,0.3666298342541436,0.3359250825033837,0.0886888893048428,0.0764331607899945,0.0764331607899945,0.0324805088424387,measured,outputs/major_revision/adult-mlp-5seed-ee23a65/metrics/fairness_metrics_global.csv,,,,
adult-mlp-5seed-ee23a65,adult_mlp,4002,joint_dirichlet_0.3,B0,2,10,0,1.0,0.3867403314917127,0.3451784194065246,0.09895166228578,0.043839328641986,0.0549016705635981,0.0198989410108929,measured,outputs/major_revision/adult-mlp-5seed-ee23a65/metrics/fairness_metrics_global.csv,,,,
adult-mlp-5seed-ee23a65,adult_mlp,4002,joint_dirichlet_0.3,B0,3,10,0,1.0,0.4101657458563535,0.3562083794765592,0.0809545965439573,0.0385943441583985,0.0385943441583985,0.0109671464695757,measured,outputs/major_revision/adult-mlp-5seed-ee23a65/metrics/fairness_metrics_global.csv,,,,
adult-mlp-5seed-ee23a65,adult_mlp,4002,joint_dirichlet_0.3,B0,4,10,0,1.0,0.4371270718232044,0.3690860930676123,0.0719784583379014,0.0104400167339981,0.0235852893096093,0.0376076615156709,measured,outputs/major_revision/adult-mlp-5seed-ee23a65/metrics/fairness_metrics_global.csv,,,,
adult-mlp-5seed-ee23a65,adult_mlp,4002,joint_dirichlet_0.3,B0,5,10,0,1.0,0.4627624309392265,0.381521447316081,0.058830673159114,0.0046892658894931,0.011969966638554,0.0591526661015635,measured,outputs/major_revision/adult-mlp-5seed-ee23a65/metrics/fairness_metrics_global.csv,,,,
adult-mlp-5seed-ee23a65,adult_mlp,4002,joint_dirichlet_0.3,B1,1,10,0,1.0,0.3666298342541436,0.3359250825033837,0.0886888893048428,0.0764331607899945,0.0764331607899945,0.0324805088424387,measured,outputs/major_revision/adult-mlp-5seed-ee23a65/metrics/fairness_metrics_global.csv,,,,
adult-mlp-5seed-ee23a65,adult_mlp,4002,joint_dirichlet_0.3,B1,2,10,0,1.0,0.3867403314917127,0.3451784194065246,0.09895166228578,0.043839328641986,0.0549016705635981,0.0198989410108929,measured,outputs/major_revision/adult-mlp-5seed-ee23a65/metrics/fairness_metrics_global.csv,,,,
adult-mlp-5seed-ee23a65,adult_mlp,4002,joint_dirichlet_0.3,B1,3,10,0,1.0,0.4101657458563535,0.3562083794765592,0.0809545965439573,0.0385943441583985,0.0385943441583985,0.0109671464695757,measured,outputs/major_revision/adult-mlp-5seed-ee23a65/metrics/fairness_metrics_global.csv,,,,
adult-mlp-5seed-ee23a65,adult_mlp,4002,joint_dirichlet_0.3,B1,4,10,0,1.0,0.4371270718232044,0.3690860930676123,0.0719784583379014,0.0104400167339981,0.0235852893096093,0.0376076615156709,measured,outputs/major_revision/adult-mlp-5seed-ee23a65/metrics/fairness_metrics_global.csv,,,,
adult-mlp-5seed-ee23a65,adult_mlp,4002,joint_dirichlet_0.3,B1,5,10,0,1.0,0.4627624309392265,0.381521447316081,0.058830673159114,0.0046892658894931,0.011969966638554,0.0591526661015635,measured,outputs/major_revision/adult-mlp-5seed-ee23a65/metrics/fairness_metrics_global.csv,,,,
adult-mlp-5seed-ee23a65,adult_mlp,4003,joint_dirichlet_0.3,B0,1,10,0,1.0,0.6645303867403315,0.5803144346979415,0.1473192360589311,0.1172254032081822,0.1177963860021146,0.1396210421607977,measured,outputs/major_revision/adult-mlp-5seed-ee23a65/metrics/fairness_metrics_global.csv,,,,
adult-mlp-5seed-ee23a65,adult_mlp,4003,joint_dirichlet_0.3,B0,2,10,0,1.0,0.6795580110497238,0.5875724816416718,0.1335192201932581,0.1093891466285365,0.1093891466285365,0.1355267180607512,measured,outputs/major_revision/adult-mlp-5seed-ee23a65/metrics/fairness_metrics_global.csv,,,,
adult-mlp-5seed-ee23a65,adult_mlp,4003,joint_dirichlet_0.3,B0,3,10,0,1.0,0.6888397790055248,0.5881964826064205,0.1310569212215855,0.10727242074766,0.10727242074766,0.1439707322899425,measured,outputs/major_revision/adult-mlp-5seed-ee23a65/metrics/fairness_metrics_global.csv,,,,
adult-mlp-5seed-ee23a65,adult_mlp,4003,joint_dirichlet_0.3,B0,4,10,0,1.0,0.6983425414364641,0.5869341692789969,0.132408623082415,0.1129607313006936,0.1129607313006936,0.1561208964283518,measured,outputs/major_revision/adult-mlp-5seed-ee23a65/metrics/fairness_metrics_global.csv,,,,
adult-mlp-5seed-ee23a65,adult_mlp,4003,joint_dirichlet_0.3,B0,5,10,0,1.0,0.7065193370165745,0.5874463746194527,0.1311199828151586,0.1040817218534776,0.1040817218534776,0.1651921841059827,measured,outputs/major_revision/adult-mlp-5seed-ee23a65/metrics/fairness_metrics_global.csv,,,,
adult-mlp-5seed-ee23a65,adult_mlp,4003,joint_dirichlet_0.3,B1,1,10,0,1.0,0.6645303867403315,0.5803144346979415,0.1473192360589311,0.1172254032081822,0.1177963860021146,0.1396210421607977,measured,outputs/major_revision/adult-mlp-5seed-ee23a65/metrics/fairness_metrics_global.csv,,,,
adult-mlp-5seed-ee23a65,adult_mlp,4003,joint_dirichlet_0.3,B1,2,10,0,1.0,0.6795580110497238,0.5875724816416718,0.1335192201932581,0.1093891466285365,0.1093891466285365,0.1355267180607512,measured,outputs/major_revision/adult-mlp-5seed-ee23a65/metrics/fairness_metrics_global.csv,,,,
adult-mlp-5seed-ee23a65,adult_mlp,4003,joint_dirichlet_0.3,B1,3,10,0,1.0,0.6888397790055248,0.5881964826064205,0.1310569212215855,0.10727242074766,0.10727242074766,0.1439707322899425,measured,outputs/major_revision/adult-mlp-5seed-ee23a65/metrics/fairness_metrics_global.csv,,,,
adult-mlp-5seed-ee23a65,adult_mlp,4003,joint_dirichlet_0.3,B1,4,10,0,1.0,0.6983425414364641,0.5869341692789969,0.132408623082415,0.1129607313006936,0.1129607313006936,0.1561208964283518,measured,outputs/major_revision/adult-mlp-5seed-ee23a65/metrics/fairness_metrics_global.csv,,,,
adult-mlp-5seed-ee23a65,adult_mlp,4003,joint_dirichlet_0.3,B1,5,10,0,1.0,0.7065193370165745,0.5874463746194527,0.1311199828151586,0.1040817218534776,0.1040817218534776,0.1651921841059827,measured,outputs/major_revision/adult-mlp-5seed-ee23a65/metrics/fairness_metrics_global.csv,,,,
adult-mlp-5seed-ee23a65,adult_mlp,4004,joint_dirichlet_0.3,B0,1,9,1,0.9,0.3717127071823204,0.3713275630390165,0.1899348348677578,0.1506372031744643,0.2175070287649962,0.0678856940652578,measured,outputs/major_revision/adult-mlp-5seed-ee23a65/metrics/fairness_metrics_global.csv,,,,
adult-mlp-5seed-ee23a65,adult_mlp,4004,joint_dirichlet_0.3,B0,2,9,1,0.9,0.3911602209944751,0.3888866802235687,0.2169528281453474,0.1602280319444531,0.2483555584213653,0.105648224158785,measured,outputs/major_revision/adult-mlp-5seed-ee23a65/metrics/fairness_metrics_global.csv,,,,
adult-mlp-5seed-ee23a65,adult_mlp,4004,joint_dirichlet_0.3,B0,3,9,1,0.9,0.4121546961325967,0.4066714646265478,0.2264483888765588,0.1338907170018669,0.2625387525471717,0.1340627086269151,measured,outputs/major_revision/adult-mlp-5seed-ee23a65/metrics/fairness_metrics_global.csv,,,,
adult-mlp-5seed-ee23a65,adult_mlp,4004,joint_dirichlet_0.3,B0,4,9,1,0.9,0.43646408839779,0.4251434806002272,0.2245487419323498,0.1291514988791968,0.2596400510276981,0.149503885752893,measured,outputs/major_revision/adult-mlp-5seed-ee23a65/metrics/fairness_metrics_global.csv,,,,
adult-mlp-5seed-ee23a65,adult_mlp,4004,joint_dirichlet_0.3,B0,5,9,1,0.9,0.4594475138121547,0.4412321280508171,0.2214790016035026,0.1095764675029502,0.2574799468620237,0.1658994544169409,measured,outputs/major_revision/adult-mlp-5seed-ee23a65/metrics/fairness_metrics_global.csv,,,,
adult-mlp-5seed-ee23a65,adult_mlp,4004,joint_dirichlet_0.3,B1,1,9,1,0.9,0.3717127071823204,0.3713275630390165,0.1899348348677578,0.1506372031744643,0.2175070287649962,0.0678856940652578,measured,outputs/major_revision/adult-mlp-5seed-ee23a65/metrics/fairness_metrics_global.csv,,,,
adult-mlp-5seed-ee23a65,adult_mlp,4004,joint_dirichlet_0.3,B1,2,9,1,0.9,0.3911602209944751,0.3888866802235687,0.2169528281453474,0.1602280319444531,0.2483555584213653,0.105648224158785,measured,outputs/major_revision/adult-mlp-5seed-ee23a65/metrics/fairness_metrics_global.csv,,,,
adult-mlp-5seed-ee23a65,adult_mlp,4004,joint_dirichlet_0.3,B1,3,9,1,0.9,0.4121546961325967,0.4066714646265478,0.2264483888765588,0.1338907170018669,0.2625387525471717,0.1340627086269151,measured,outputs/major_revision/adult-mlp-5seed-ee23a65/metrics/fairness_metrics_global.csv,,,,
adult-mlp-5seed-ee23a65,adult_mlp,4004,joint_dirichlet_0.3,B1,4,9,1,0.9,0.43646408839779,0.4251434806002272,0.2245487419323498,0.1291514988791968,0.2596400510276981,0.149503885752893,measured,outputs/major_revision/adult-mlp-5seed-ee23a65/metrics/fairness_metrics_global.csv,,,,
adult-mlp-5seed-ee23a65,adult_mlp,4004,joint_dirichlet_0.3,B1,5,9,1,0.9,0.4594475138121547,0.4412321280508171,0.2214790016035026,0.1095764675029502,0.2574799468620237,0.1658994544169409,measured,outputs/major_revision/adult-mlp-5seed-ee23a65/metrics/fairness_metrics_global.csv,,,,
adult-mlp-5seed-ee23a65,adult_mlp,4005,joint_dirichlet_0.3,B0,1,10,0,1.0,0.5966850828729282,0.5230471087522187,0.0563494334261207,0.1502625614256367,0.1502625614256367,0.0494743827317302,measured,outputs/major_revision/adult-mlp-5seed-ee23a65/metrics/fairness_metrics_global.csv,,,,
adult-mlp-5seed-ee23a65,adult_mlp,4005,joint_dirichlet_0.3,B0,2,10,0,1.0,0.611049723756906,0.5300084083879926,0.0586016013633782,0.1455545634487021,0.1455545634487021,0.059469533896832,measured,outputs/major_revision/adult-mlp-5seed-ee23a65/metrics/fairness_metrics_global.csv,,,,
adult-mlp-5seed-ee23a65,adult_mlp,4005,joint_dirichlet_0.3,B0,3,10,0,1.0,0.6249723756906077,0.5345990133451203,0.0532491650466745,0.1535968729902031,0.1535968729902031,0.0610440682437858,measured,outputs/major_revision/adult-mlp-5seed-ee23a65/metrics/fairness_metrics_global.csv,,,,
adult-mlp-5seed-ee23a65,adult_mlp,4005,joint_dirichlet_0.3,B0,4,10,0,1.0,0.6402209944751381,0.5420598510561585,0.0605429179824925,0.1509743807484093,0.1509743807484093,0.0747723320489269,measured,outputs/major_revision/adult-mlp-5seed-ee23a65/metrics/fairness_metrics_global.csv,,,,
adult-mlp-5seed-ee23a65,adult_mlp,4005,joint_dirichlet_0.3,B0,5,10,0,1.0,0.6521546961325967,0.547142777937158,0.0592812404460571,0.1423638645545197,0.1423638645545197,0.0813075632019779,measured,outputs/major_revision/adult-mlp-5seed-ee23a65/metrics/fairness_metrics_global.csv,,,,
adult-mlp-5seed-ee23a65,adult_mlp,4005,joint_dirichlet_0.3,B1,1,10,0,1.0,0.5966850828729282,0.5230471087522187,0.0563494334261207,0.1502625614256367,0.1502625614256367,0.0494743827317302,measured,outputs/major_revision/adult-mlp-5seed-ee23a65/metrics/fairness_metrics_global.csv,,,,
adult-mlp-5seed-ee23a65,adult_mlp,4005,joint_dirichlet_0.3,B1,2,10,0,1.0,0.611049723756906,0.5300084083879926,0.0586016013633782,0.1455545634487021,0.1455545634487021,0.059469533896832,measured,outputs/major_revision/adult-mlp-5seed-ee23a65/metrics/fairness_metrics_global.csv,,,,
adult-mlp-5seed-ee23a65,adult_mlp,4005,joint_dirichlet_0.3,B1,3,10,0,1.0,0.6249723756906077,0.5345990133451203,0.0532491650466745,0.1535968729902031,0.1535968729902031,0.0610440682437858,measured,outputs/major_revision/adult-mlp-5seed-ee23a65/metrics/fairness_metrics_global.csv,,,,
adult-mlp-5seed-ee23a65,adult_mlp,4005,joint_dirichlet_0.3,B1,4,10,0,1.0,0.6402209944751381,0.5420598510561585,0.0605429179824925,0.1509743807484093,0.1509743807484093,0.0747723320489269,measured,outputs/major_revision/adult-mlp-5seed-ee23a65/metrics/fairness_metrics_global.csv,,,,
adult-mlp-5seed-ee23a65,adult_mlp,4005,joint_dirichlet_0.3,B1,5,10,0,1.0,0.6521546961325967,0.547142777937158,0.0592812404460571,0.1423638645545197,0.1423638645545197,0.0813075632019779,measured,outputs/major_revision/adult-mlp-5seed-ee23a65/metrics/fairness_metrics_global.csv,,,,
client-scaling-5seed-2d2b220,client_scaling,5001,joint_dirichlet_0.3,B0,1,3,0,1.0,0.7666298342541437,0.5032125257313954,0.0209121603252997,0.0415040617409602,0.0415040617409602,0.1780560806974479,measured,outputs/major_revision/client-scaling-5seed-2d2b220/metrics/fairness_metrics_global.csv,3.0,,,
client-scaling-5seed-2d2b220,client_scaling,5001,joint_dirichlet_0.3,B0,2,3,0,1.0,0.7697237569060773,0.5157543019869988,0.0247836519392219,0.0511573308024201,0.0511573308024201,0.1734764274426229,measured,outputs/major_revision/client-scaling-5seed-2d2b220/metrics/fairness_metrics_global.csv,3.0,,,
client-scaling-5seed-2d2b220,client_scaling,5001,joint_dirichlet_0.3,B0,3,3,0,1.0,0.7717127071823204,0.5234593305303599,0.0283819509251559,0.061584859478124,0.061584859478124,0.1705323646359496,measured,outputs/major_revision/client-scaling-5seed-2d2b220/metrics/fairness_metrics_global.csv,3.0,,,
client-scaling-5seed-2d2b220,client_scaling,5001,joint_dirichlet_0.3,B0,1,4,1,0.8,0.7681767955801105,0.5101908797768314,0.0235021423115215,0.0438580607294274,0.0438580607294274,0.1767745710697474,measured,outputs/major_revision/client-scaling-5seed-2d2b220/metrics/fairness_metrics_global.csv,5.0,,,
client-scaling-5seed-2d2b220,client_scaling,5001,joint_dirichlet_0.3,B0,2,4,1,0.8,0.7712707182320442,0.5212606916784434,0.0280817955663465,0.0584566008754128,0.0584566008754128,0.1721949178149224,measured,outputs/major_revision/client-scaling-5seed-2d2b220/metrics/fairness_metrics_global.csv,5.0,,,
client-scaling-5seed-2d2b220,client_scaling,5001,joint_dirichlet_0.3,B0,3,4,1,0.8,0.7728176795580111,0.528587365326601,0.0293093797324049,0.0618533527314505,0.0618533527314505,0.1688967741877979,measured,outputs/major_revision/client-scaling-5seed-2d2b220/metrics/fairness_metrics_global.csv,5.0,,,
client-scaling-5seed-2d2b220,client_scaling,5001,joint_dirichlet_0.3,B0,1,10,0,1.0,0.7641988950276243,0.4928134544528219,0.0180220229802686,0.0349790512822113,0.0349790512822113,0.1816543796833818,measured,outputs/major_revision/client-scaling-5seed-2d2b220/metrics/fairness_metrics_global.csv,10.0,,,
client-scaling-5seed-2d2b220,client_scaling,5001,joint_dirichlet_0.3,B0,2,10,0,1.0,0.7666298342541437,0.5032125257313954,0.0209121603252997,0.0415040617409602,0.0415040617409602,0.1780560806974479,measured,outputs/major_revision/client-scaling-5seed-2d2b220/metrics/fairness_metrics_global.csv,10.0,,,
client-scaling-5seed-2d2b220,client_scaling,5001,joint_dirichlet_0.3,B0,3,10,0,1.0,0.769281767955801,0.5141706150609681,0.0251377327596733,0.0490718250672794,0.0490718250672794,0.1751389806215956,measured,outputs/major_revision/client-scaling-5seed-2d2b220/metrics/fairness_metrics_global.csv,10.0,,,
client-scaling-5seed-2d2b220,client_scaling,5001,joint_dirichlet_0.3,B0,1,19,1,0.95,0.7653038674033149,0.4976330299474713,0.019303532607969,0.0342047916679675,0.0342047916679675,0.1810271062349421,measured,outputs/major_revision/client-scaling-5seed-2d2b220/metrics/fairness_metrics_global.csv,20.0,,,
client-scaling-5seed-2d2b220,client_scaling,5001,joint_dirichlet_0.3,B0,2,19,1,0.95,0.7686187845303868,0.5111247389192969,0.0235021423115215,0.0449008135969978,0.0449008135969978,0.1761203348904867,measured,outputs/major_revision/client-scaling-5seed-2d2b220/metrics/fairness_metrics_global.csv,20.0,,,
client-scaling-5seed-2d2b220,client_scaling,5001,joint_dirichlet_0.3,B0,3,19,1,0.95,0.7701657458563536,0.517980771673248,0.0260921242977434,0.0542855894051313,0.0542855894051313,0.1728221912633621,measured,outputs/major_revision/client-scaling-5seed-2d2b220/metrics/fairness_metrics_global.csv,20.0,,,
client-scaling-5seed-2d2b220,client_scaling,5002,joint_dirichlet_0.3,B0,1,3,0,1.0,0.765524861878453,0.4991432483536545,0.0192765698771479,0.0362902974031082,0.0362902974031082,0.1796916711455997,measured,outputs/major_revision/client-scaling-5seed-2d2b220/metrics/fairness_metrics_global.csv,3.0,,,
client-scaling-5seed-2d2b220,client_scaling,5002,joint_dirichlet_0.3,B0,2,3,0,1.0,0.7681767955801105,0.5095258451043101,0.0228479061322608,0.042815307861857,0.042815307861857,0.1767745710697474,measured,outputs/major_revision/client-scaling-5seed-2d2b220/metrics/fairness_metrics_global.csv,3.0,,,
client-scaling-5seed-2d2b220,client_scaling,5002,joint_dirichlet_0.3,B0,3,3,0,1.0,0.7699447513812154,0.5171935281624681,0.025765006208113,0.0532428365375609,0.0532428365375609,0.1731493093529925,measured,outputs/major_revision/client-scaling-5seed-2d2b220/metrics/fairness_metrics_global.csv,3.0,,,
client-scaling-5seed-2d2b220,client_scaling,5002,joint_dirichlet_0.3,B0,1,5,0,1.0,0.7668508287292818,0.5047005398531971,0.0208851975944787,0.0365587906564347,0.0365587906564347,0.1787372796075296,measured,outputs/major_revision/client-scaling-5seed-2d2b220/metrics/fairness_metrics_global.csv,5.0,,,
client-scaling-5seed-2d2b220,client_scaling,5002,joint_dirichlet_0.3,B0,2,5,0,1.0,0.7695027624309392,0.5156155689838372,0.0251107700288523,0.0511573308024201,0.0511573308024201,0.1738035455322533,measured,outputs/major_revision/client-scaling-5seed-2d2b220/metrics/fairness_metrics_global.csv,5.0,,,
client-scaling-5seed-2d2b220,client_scaling,5002,joint_dirichlet_0.3,B0,3,5,0,1.0,0.7719337016574586,0.524237422825356,0.0287090690147862,0.0626276123456944,0.0626276123456944,0.1702052465463193,measured,outputs/major_revision/client-scaling-5seed-2d2b220/metrics/fairness_metrics_global.csv,5.0,,,
client-scaling-5seed-2d2b220,client_scaling,5002,joint_dirichlet_0.3,B0,1,10,0,1.0,0.7644198895027624,0.4950432343027029,0.0176409794289962,0.0310765330652563,0.0310765330652563,0.1813272615937514,measured,outputs/major_revision/client-scaling-5seed-2d2b220/metrics/fairness_metrics_global.csv,10.0,,,
client-scaling-5seed-2d2b220,client_scaling,5002,joint_dirichlet_0.3,B0,2,10,0,1.0,0.7675138121546962,0.5071185814524259,0.0228748688630819,0.0467178260788121,0.0467178260788121,0.1767476083389264,measured,outputs/major_revision/client-scaling-5seed-2d2b220/metrics/fairness_metrics_global.csv,10.0,,,
client-scaling-5seed-2d2b220,client_scaling,5002,joint_dirichlet_0.3,B0,3,10,0,1.0,0.7695027624309392,0.5156155689838372,0.0251107700288523,0.0511573308024201,0.0511573308024201,0.1738035455322533,measured,outputs/major_revision/client-scaling-5seed-2d2b220/metrics/fairness_metrics_global.csv,10.0,,,
client-scaling-5seed-2d2b220,client_scaling,5002,joint_dirichlet_0.3,B0,1,20,0,1.0,0.7646408839779005,0.4951675515234723,0.0183221783390779,0.0310765330652563,0.0310765330652563,0.1820084605038331,measured,outputs/major_revision/client-scaling-5seed-2d2b220/metrics/fairness_metrics_global.csv,20.0,,,
client-scaling-5seed-2d2b220,client_scaling,5002,joint_dirichlet_0.3,B0,2,20,0,1.0,0.7670718232044199,0.5048317153555066,0.0205580795048483,0.0365587906564347,0.0365587906564347,0.1784101615178992,measured,outputs/major_revision/client-scaling-5seed-2d2b220/metrics/fairness_metrics_global.csv,20.0,,,
client-scaling-5seed-2d2b220,client_scaling,5002,joint_dirichlet_0.3,B0,3,20,0,1.0,0.7697237569060773,0.5157543019869988,0.025791968938934,0.0511573308024201,0.0511573308024201,0.1744847444423349,measured,outputs/major_revision/client-scaling-5seed-2d2b220/metrics/fairness_metrics_global.csv,20.0,,,
client-scaling-5seed-2d2b220,client_scaling,5003,joint_dirichlet_0.3,B0,1,3,0,1.0,0.7666298342541437,0.5038921170924241,0.0215663965045604,0.0425468146085305,0.0425468146085305,0.1780560806974479,measured,outputs/major_revision/client-scaling-5seed-2d2b220/metrics/fairness_metrics_global.csv,3.0,,,
client-scaling-5seed-2d2b220,client_scaling,5003,joint_dirichlet_0.3,B0,2,3,0,1.0,0.7695027624309392,0.5156155689838372,0.0251107700288523,0.0511573308024201,0.0511573308024201,0.1738035455322533,measured,outputs/major_revision/client-scaling-5seed-2d2b220/metrics/fairness_metrics_global.csv,3.0,,,
client-scaling-5seed-2d2b220,client_scaling,5003,joint_dirichlet_0.3,B0,3,3,0,1.0,0.7721546961325967,0.5250143836307511,0.0290361871044166,0.0636703652132648,0.0636703652132648,0.169878128456689,measured,outputs/major_revision/client-scaling-5seed-2d2b220/metrics/fairness_metrics_global.csv,3.0,,,
client-scaling-5seed-2d2b220,client_scaling,5003,joint_dirichlet_0.3,B0,1,5,0,1.0,0.763756906077348,0.4918627767666979,0.0180220229802686,0.033936298414641,0.033936298414641,0.1823086158626425,measured,outputs/major_revision/client-scaling-5seed-2d2b220/metrics/fairness_metrics_global.csv,5.0,,,
client-scaling-5seed-2d2b220,client_scaling,5003,joint_dirichlet_0.3,B0,2,5,0,1.0,0.7666298342541437,0.5032125257313954,0.0209121603252997,0.0415040617409602,0.0415040617409602,0.1780560806974479,measured,outputs/major_revision/client-scaling-5seed-2d2b220/metrics/fairness_metrics_global.csv,5.0,,,
client-scaling-5seed-2d2b220,client_scaling,5003,joint_dirichlet_0.3,B0,3,5,0,1.0,0.7688397790055249,0.5125822497823012,0.0244834965804126,0.0469863193321386,0.0469863193321386,0.1757932168008563,measured,outputs/major_revision/client-scaling-5seed-2d2b220/metrics/fairness_metrics_global.csv,5.0,,,
client-scaling-5seed-2d2b220,client_scaling,5003,joint_dirichlet_0.3,B0,1,10,0,1.0,0.7661878453038674,0.5015884788331916,0.020257924146039,0.0394185560058194,0.0394185560058194,0.1787103168767085,measured,outputs/major_revision/client-scaling-5seed-2d2b220/metrics/fairness_metrics_global.csv,10.0,,,
client-scaling-5seed-2d2b220,client_scaling,5003,joint_dirichlet_0.3,B0,2,10,0,1.0,0.7686187845303868,0.5111247389192969,0.0235021423115215,0.0449008135969978,0.0449008135969978,0.1761203348904867,measured,outputs/major_revision/client-scaling-5seed-2d2b220/metrics/fairness_metrics_global.csv,10.0,,,
client-scaling-5seed-2d2b220,client_scaling,5003,joint_dirichlet_0.3,B0,3,10,0,1.0,0.7712707182320442,0.5212606916784434,0.0280817955663465,0.0584566008754128,0.0584566008754128,0.1721949178149224,measured,outputs/major_revision/client-scaling-5seed-2d2b220/metrics/fairness_metrics_global.csv,10.0,,,
client-scaling-5seed-2d2b220,client_scaling,5003,joint_dirichlet_0.3,B0,1,20,0,1.0,0.7653038674033149,0.4976330299474713,0.019303532607969,0.0342047916679675,0.0342047916679675,0.1810271062349421,measured,outputs/major_revision/client-scaling-5seed-2d2b220/metrics/fairness_metrics_global.csv,20.0,,,
client-scaling-5seed-2d2b220,client_scaling,5003,joint_dirichlet_0.3,B0,2,20,0,1.0,0.7675138121546962,0.5064460716412662,0.0212123156841091,0.0386442963915755,0.0386442963915755,0.1777559253386385,measured,outputs/major_revision/client-scaling-5seed-2d2b220/metrics/fairness_metrics_global.csv,20.0,,,
client-scaling-5seed-2d2b220,client_scaling,5003,joint_dirichlet_0.3,B0,3,20,0,1.0,0.769281767955801,0.5141706150609681,0.0251377327596733,0.0490718250672794,0.0490718250672794,0.1751389806215956,measured,outputs/major_revision/client-scaling-5seed-2d2b220/metrics/fairness_metrics_global.csv,20.0,,,
client-scaling-5seed-2d2b220,client_scaling,5004,joint_dirichlet_0.3,B0,1,3,0,1.0,0.7670718232044199,0.5048317153555066,0.0215663965045604,0.0435895674761009,0.0435895674761009,0.1774018445181872,measured,outputs/major_revision/client-scaling-5seed-2d2b220/metrics/fairness_metrics_global.csv,3.0,,,
client-scaling-5seed-2d2b220,client_scaling,5004,joint_dirichlet_0.3,B0,2,3,0,1.0,0.7690607734806629,0.5133770186447262,0.024810614670043,0.048029072199709,0.048029072199709,0.1754660987112259,measured,outputs/major_revision/client-scaling-5seed-2d2b220/metrics/fairness_metrics_global.csv,3.0,,,
client-scaling-5seed-2d2b220,client_scaling,5004,joint_dirichlet_0.3,B0,3,3,0,1.0,0.7712707182320442,0.52253669612674,0.0283819509251559,0.0605421066105536,0.0605421066105536,0.1711866008152104,measured,outputs/major_revision/client-scaling-5seed-2d2b220/metrics/fairness_metrics_global.csv,3.0,,,
client-scaling-5seed-2d2b220,client_scaling,5004,joint_dirichlet_0.3,B0,1,5,0,1.0,0.7668508287292818,0.5040227262030906,0.020230961415218,0.0355160377888643,0.0355160377888643,0.1787372796075296,measured,outputs/major_revision/client-scaling-5seed-2d2b220/metrics/fairness_metrics_global.csv,5.0,,,
client-scaling-5seed-2d2b220,client_scaling,5004,joint_dirichlet_0.3,B0,2,5,0,1.0,0.7690607734806629,0.5127189010089651,0.0241563784907823,0.0469863193321386,0.0469863193321386,0.1754660987112259,measured,outputs/major_revision/client-scaling-5seed-2d2b220/metrics/fairness_metrics_global.csv,5.0,,,
client-scaling-5seed-2d2b220,client_scaling,5004,joint_dirichlet_0.3,B0,3,5,0,1.0,0.7710497237569061,0.5211182372852545,0.0274005966562648,0.0584566008754128,0.0584566008754128,0.1715137189048408,measured,outputs/major_revision/client-scaling-5seed-2d2b220/metrics/fairness_metrics_global.csv,5.0,,,
client-scaling-5seed-2d2b220,client_scaling,5004,joint_dirichlet_0.3,B0,1,10,0,1.0,0.7648618784530387,0.4959906203546678,0.0186492964287083,0.0321192859328267,0.0321192859328267,0.1816813424142027,measured,outputs/major_revision/client-scaling-5seed-2d2b220/metrics/fairness_metrics_global.csv,10.0,,,
client-scaling-5seed-2d2b220,client_scaling,5004,joint_dirichlet_0.3,B0,2,10,0,1.0,0.7675138121546962,0.5064460716412662,0.0212123156841091,0.0386442963915755,0.0386442963915755,0.1777559253386385,measured,outputs/major_revision/client-scaling-5seed-2d2b220/metrics/fairness_metrics_global.csv,10.0,,,
client-scaling-5seed-2d2b220,client_scaling,5004,joint_dirichlet_0.3,B0,3,10,0,1.0,0.7695027624309392,0.5149630418913376,0.0254648508493037,0.0501145779348498,0.0501145779348498,0.1748118625319653,measured,outputs/major_revision/client-scaling-5seed-2d2b220/metrics/fairness_metrics_global.csv,10.0,,,
client-scaling-5seed-2d2b220,client_scaling,5004,joint_dirichlet_0.3,B0,1,19,1,0.95,0.7659668508287293,0.5014595804061357,0.0205850422356694,0.0394185560058194,0.0394185560058194,0.1790374349663389,measured,outputs/major_revision/client-scaling-5seed-2d2b220/metrics/fairness_metrics_global.csv,20.0,,,
client-scaling-5seed-2d2b220,client_scaling,5004,joint_dirichlet_0.3,B0,2,19,1,0.95,0.7695027624309392,0.5156155689838372,0.0251107700288523,0.0511573308024201,0.0511573308024201,0.1738035455322533,measured,outputs/major_revision/client-scaling-5seed-2d2b220/metrics/fairness_metrics_global.csv,20.0,,,
client-scaling-5seed-2d2b220,client_scaling,5004,joint_dirichlet_0.3,B0,3,19,1,0.95,0.7717127071823204,0.5240929760335266,0.0290361871044166,0.0626276123456944,0.0626276123456944,0.1705323646359496,measured,outputs/major_revision/client-scaling-5seed-2d2b220/metrics/fairness_metrics_global.csv,20.0,,,
client-scaling-5seed-2d2b220,client_scaling,5005,joint_dirichlet_0.3,B0,1,3,0,1.0,0.7657458563535912,0.4999595505692945,0.0196036879667783,0.0373330502706786,0.0373330502706786,0.1793645530559693,measured,outputs/major_revision/client-scaling-5seed-2d2b220/metrics/fairness_metrics_global.csv,3.0,,,
client-scaling-5seed-2d2b220,client_scaling,5005,joint_dirichlet_0.3,B0,2,3,0,1.0,0.7683977900552487,0.5103258849283384,0.0231750242218912,0.0438580607294274,0.0438580607294274,0.1764474529801171,measured,outputs/major_revision/client-scaling-5seed-2d2b220/metrics/fairness_metrics_global.csv,3.0,,,
client-scaling-5seed-2d2b220,client_scaling,5005,joint_dirichlet_0.3,B0,3,3,0,1.0,0.7706077348066298,0.5189077317277224,0.0271004412974555,0.0553283422727017,0.0553283422727017,0.1731762720838134,measured,outputs/major_revision/client-scaling-5seed-2d2b220/metrics/fairness_metrics_global.csv,3.0,,,
client-scaling-5seed-2d2b220,client_scaling,5005,joint_dirichlet_0.3,B0,1,5,0,1.0,0.7653038674033149,0.4976330299474713,0.019303532607969,0.0342047916679675,0.0342047916679675,0.1810271062349421,measured,outputs/major_revision/client-scaling-5seed-2d2b220/metrics/fairness_metrics_global.csv,5.0,,,
client-scaling-5seed-2d2b220,client_scaling,5005,joint_dirichlet_0.3,B0,2,5,0,1.0,0.7670718232044199,0.5055077561881127,0.0212123156841091,0.0376015435240051,0.0376015435240051,0.1784101615178992,measured,outputs/major_revision/client-scaling-5seed-2d2b220/metrics/fairness_metrics_global.csv,5.0,,,
client-scaling-5seed-2d2b220,client_scaling,5005,joint_dirichlet_0.3,B0,3,5,0,1.0,0.7697237569060773,0.5164051282051282,0.0254378881184827,0.0522000836699905,0.0522000836699905,0.1734764274426229,measured,outputs/major_revision/client-scaling-5seed-2d2b220/metrics/fairness_metrics_global.csv,5.0,,,
client-scaling-5seed-2d2b220,client_scaling,5005,joint_dirichlet_0.3,B0,1,10,0,1.0,0.7648618784530387,0.4966869527910635,0.019303532607969,0.0401928156200633,0.0401928156200633,0.1796647084147786,measured,outputs/major_revision/client-scaling-5seed-2d2b220/metrics/fairness_metrics_global.csv,10.0,,,
client-scaling-5seed-2d2b220,client_scaling,5005,joint_dirichlet_0.3,B0,2,10,0,1.0,0.7681767955801105,0.5088585955397803,0.0221936699530001,0.0417725549942867,0.0417725549942867,0.1767745710697474,measured,outputs/major_revision/client-scaling-5seed-2d2b220/metrics/fairness_metrics_global.csv,10.0,,,
client-scaling-5seed-2d2b220,client_scaling,5005,joint_dirichlet_0.3,B0,3,10,0,1.0,0.769281767955801,0.5141706150609681,0.0251377327596733,0.0490718250672794,0.0490718250672794,0.1751389806215956,measured,outputs/major_revision/client-scaling-5seed-2d2b220/metrics/fairness_metrics_global.csv,10.0,,,
client-scaling-5seed-2d2b220,client_scaling,5005,joint_dirichlet_0.3,B0,1,20,0,1.0,0.7657458563535912,0.4992704893525687,0.0199577687872297,0.0362902974031082,0.0362902974031082,0.1803728700556813,measured,outputs/major_revision/client-scaling-5seed-2d2b220/metrics/fairness_metrics_global.csv,20.0,,,
client-scaling-5seed-2d2b220,client_scaling,5005,joint_dirichlet_0.3,B0,2,20,0,1.0,0.7679558011049724,0.508724616533778,0.0225207880426305,0.0417725549942867,0.0417725549942867,0.1771016891593777,measured,outputs/major_revision/client-scaling-5seed-2d2b220/metrics/fairness_metrics_global.csv,20.0,,,
client-scaling-5seed-2d2b220,client_scaling,5005,joint_dirichlet_0.3,B0,3,20,0,1.0,0.7701657458563536,0.517980771673248,0.0260921242977434,0.0542855894051313,0.0542855894051313,0.1728221912633621,measured,outputs/major_revision/client-scaling-5seed-2d2b220/metrics/fairness_metrics_global.csv,20.0,,,
heterogeneity-10seed-2d2b220,heterogeneity_entropy,6001,iid,B0,1,10,0,1.0,0.7657458563535912,0.4971893339774006,0.0179950602494475,0.0261312619807309,0.0261312619807309,0.1823895040551056,measured,outputs/major_revision/heterogeneity-10seed-2d2b220/metrics/fairness_metrics_global.csv,10.0,,,
heterogeneity-10seed-2d2b220,heterogeneity_entropy,6001,iid,B0,2,10,0,1.0,0.7679558011049724,0.5053571859875721,0.020257924146039,0.0295280138367685,0.0295280138367685,0.1801266401585141,measured,outputs/major_revision/heterogeneity-10seed-2d2b220/metrics/fairness_metrics_global.csv,10.0,,,
heterogeneity-10seed-2d2b220,heterogeneity_entropy,6001,iid,B0,3,10,0,1.0,0.7690607734806629,0.5100644716767557,0.0215394337737394,0.0287537542225247,0.0287537542225247,0.1794993667100745,measured,outputs/major_revision/heterogeneity-10seed-2d2b220/metrics/fairness_metrics_global.csv,10.0,,,
heterogeneity-10seed-2d2b220,heterogeneity_entropy,6001,iid,B0,4,10,0,1.0,0.7714917127071823,0.5194721192462156,0.025791968938934,0.0412667886333693,0.0412667886333693,0.1759010677241405,measured,outputs/major_revision/heterogeneity-10seed-2d2b220/metrics/fairness_metrics_global.csv,10.0,,,
heterogeneity-10seed-2d2b220,heterogeneity_entropy,6001,iid,B0,5,10,0,1.0,0.7739226519337017,0.5293254760736192,0.0296904232836773,0.0477917990921181,0.0477917990921181,0.1733110857379186,measured,outputs/major_revision/heterogeneity-10seed-2d2b220/metrics/fairness_metrics_global.csv,10.0,,,
heterogeneity-10seed-2d2b220,heterogeneity_entropy,6001,joint_dirichlet_1.0,B0,1,10,0,1.0,0.7657458563535912,0.4971893339774006,0.0179950602494475,0.0261312619807309,0.0261312619807309,0.1823895040551056,measured,outputs/major_revision/heterogeneity-10seed-2d2b220/metrics/fairness_metrics_global.csv,10.0,,,
heterogeneity-10seed-2d2b220,heterogeneity_entropy,6001,joint_dirichlet_1.0,B0,2,10,0,1.0,0.7681767955801105,0.5061672330935187,0.0205850422356694,0.0305707667043389,0.0305707667043389,0.1797995220688837,measured,outputs/major_revision/heterogeneity-10seed-2d2b220/metrics/fairness_metrics_global.csv,10.0,,,
heterogeneity-10seed-2d2b220,heterogeneity_entropy,6001,joint_dirichlet_1.0,B0,3,10,0,1.0,0.7695027624309392,0.5116677932773984,0.0221936699530001,0.0308392599576654,0.0308392599576654,0.1788451305308137,measured,outputs/major_revision/heterogeneity-10seed-2d2b220/metrics/fairness_metrics_global.csv,10.0,,,
heterogeneity-10seed-2d2b220,heterogeneity_entropy,6001,joint_dirichlet_1.0,B0,4,10,0,1.0,0.7710497237569061,0.5185426649314114,0.025791968938934,0.0402240357657989,0.0402240357657989,0.1765553039034012,measured,outputs/major_revision/heterogeneity-10seed-2d2b220/metrics/fairness_metrics_global.csv,10.0,,,
heterogeneity-10seed-2d2b220,heterogeneity_entropy,6001,joint_dirichlet_1.0,B0,5,10,0,1.0,0.7734806629834254,0.5284052912761092,0.0296904232836773,0.0467490462245477,0.0467490462245477,0.1739653219171794,measured,outputs/major_revision/heterogeneity-10seed-2d2b220/metrics/fairness_metrics_global.csv,10.0,,,
heterogeneity-10seed-2d2b220,heterogeneity_entropy,6001,joint_dirichlet_0.3,B0,1,10,0,1.0,0.7644198895027624,0.4915194383538539,0.0153781155324047,0.0188319919077382,0.0188319919077382,0.1843522125928878,measured,outputs/major_revision/heterogeneity-10seed-2d2b220/metrics/fairness_metrics_global.csv,10.0,,,
heterogeneity-10seed-2d2b220,heterogeneity_entropy,6001,joint_dirichlet_0.3,B0,2,10,0,1.0,0.7661878453038674,0.4988327785105625,0.0186492964287083,0.0282167677158717,0.0282167677158717,0.1817352678758449,measured,outputs/major_revision/heterogeneity-10seed-2d2b220/metrics/fairness_metrics_global.csv,10.0,,,
heterogeneity-10seed-2d2b220,heterogeneity_entropy,6001,joint_dirichlet_0.3,B0,3,10,0,1.0,0.7683977900552487,0.5069760672031273,0.0199038433255876,0.0245827427522431,0.0245827427522431,0.1804807209789655,measured,outputs/major_revision/heterogeneity-10seed-2d2b220/metrics/fairness_metrics_global.csv,10.0,,,
heterogeneity-10seed-2d2b220,heterogeneity_entropy,6001,joint_dirichlet_0.3,B0,4,10,0,1.0,0.7708287292817679,0.5164492826280352,0.0241563784907823,0.0370957771630878,0.0370957771630878,0.1768824219930316,measured,outputs/major_revision/heterogeneity-10seed-2d2b220/metrics/fairness_metrics_global.csv,10.0,,,
heterogeneity-10seed-2d2b220,heterogeneity_entropy,6001,joint_dirichlet_0.3,B0,5,10,0,1.0,0.7717127071823204,0.5202597150146729,0.0261190870285644,0.0423095415009397,0.0423095415009397,0.1755739496345102,measured,outputs/major_revision/heterogeneity-10seed-2d2b220/metrics/fairness_metrics_global.csv,10.0,,,
heterogeneity-10seed-2d2b220,heterogeneity_entropy,6002,iid,B0,1,10,0,1.0,0.7659668508287293,0.4980116779937626,0.0183221783390779,0.0271740148483013,0.0271740148483013,0.1820623859654753,measured,outputs/major_revision/heterogeneity-10seed-2d2b220/metrics/fairness_metrics_global.csv,10.0,,,
heterogeneity-10seed-2d2b220,heterogeneity_entropy,6002,iid,B0,2,10,0,1.0,0.7679558011049724,0.5053571859875721,0.020257924146039,0.0295280138367685,0.0295280138367685,0.1801266401585141,measured,outputs/major_revision/heterogeneity-10seed-2d2b220/metrics/fairness_metrics_global.csv,10.0,,,
heterogeneity-10seed-2d2b220,heterogeneity_entropy,6002,iid,B0,3,10,0,1.0,0.7699447513812154,0.5132663534352591,0.0228479061322608,0.0329247656928062,0.0329247656928062,0.178190894351553,measured,outputs/major_revision/heterogeneity-10seed-2d2b220/metrics/fairness_metrics_global.csv,10.0,,,
heterogeneity-10seed-2d2b220,heterogeneity_entropy,6002,iid,B0,4,10,0,1.0,0.7712707182320442,0.5193308858085057,0.0261190870285644,0.0412667886333693,0.0412667886333693,0.1762281858137708,measured,outputs/major_revision/heterogeneity-10seed-2d2b220/metrics/fairness_metrics_global.csv,10.0,,,
heterogeneity-10seed-2d2b220,heterogeneity_entropy,6002,iid,B0,5,10,0,1.0,0.7737016574585636,0.529177654147171,0.0300175413733077,0.0477917990921181,0.0477917990921181,0.173638203827549,measured,outputs/major_revision/heterogeneity-10seed-2d2b220/metrics/fairness_metrics_global.csv,10.0,,,
heterogeneity-10seed-2d2b220,heterogeneity_entropy,6002,joint_dirichlet_1.0,B0,1,10,0,1.0,0.7650828729281768,0.49471480982507,0.0170137059805565,0.0230030033780197,0.0230030033780197,0.1833708583239967,measured,outputs/major_revision/heterogeneity-10seed-2d2b220/metrics/fairness_metrics_global.csv,10.0,,,
heterogeneity-10seed-2d2b220,heterogeneity_entropy,6002,joint_dirichlet_1.0,B0,2,10,0,1.0,0.7675138121546962,0.5037334407536771,0.0196036879667783,0.0274425081016278,0.0274425081016278,0.1807808763377748,measured,outputs/major_revision/heterogeneity-10seed-2d2b220/metrics/fairness_metrics_global.csv,10.0,,,
heterogeneity-10seed-2d2b220,heterogeneity_entropy,6002,joint_dirichlet_1.0,B0,3,10,0,1.0,0.7688397790055249,0.5085901084078368,0.0205580795048483,0.0266682484873839,0.0266682484873839,0.1798264847997047,measured,outputs/major_revision/heterogeneity-10seed-2d2b220/metrics/fairness_metrics_global.csv,10.0,,,
heterogeneity-10seed-2d2b220,heterogeneity_entropy,6002,joint_dirichlet_1.0,B0,4,10,0,1.0,0.7712707182320442,0.5180336978921452,0.024810614670043,0.0391812828982285,0.0391812828982285,0.1762281858137708,measured,outputs/major_revision/heterogeneity-10seed-2d2b220/metrics/fairness_metrics_global.csv,10.0,,,
heterogeneity-10seed-2d2b220,heterogeneity_entropy,6002,joint_dirichlet_1.0,B0,5,10,0,1.0,0.7725966850828729,0.5240359920165394,0.0280817955663465,0.0475233058387916,0.0475233058387916,0.1742654772759887,measured,outputs/major_revision/heterogeneity-10seed-2d2b220/metrics/fairness_metrics_global.csv,10.0,,,
heterogeneity-10seed-2d2b220,heterogeneity_entropy,6002,joint_dirichlet_0.3,B0,1,10,0,1.0,0.7646408839779005,0.491641093786146,0.0160593144424864,0.0188319919077382,0.0188319919077382,0.1850334115029694,measured,outputs/major_revision/heterogeneity-10seed-2d2b220/metrics/fairness_metrics_global.csv,10.0,,,
heterogeneity-10seed-2d2b220,heterogeneity_entropy,6002,joint_dirichlet_0.3,B0,2,10,0,1.0,0.7664088397790055,0.4996526386231329,0.0189764145183386,0.029259520583442,0.029259520583442,0.1814081497862145,measured,outputs/major_revision/heterogeneity-10seed-2d2b220/metrics/fairness_metrics_global.csv,10.0,,,
heterogeneity-10seed-2d2b220,heterogeneity_entropy,6002,joint_dirichlet_0.3,B0,3,10,0,1.0,0.7683977900552487,0.5069760672031273,0.0199038433255876,0.0245827427522431,0.0245827427522431,0.1804807209789655,measured,outputs/major_revision/heterogeneity-10seed-2d2b220/metrics/fairness_metrics_global.csv,10.0,,,
heterogeneity-10seed-2d2b220,heterogeneity_entropy,6002,joint_dirichlet_0.3,B0,4,10,0,1.0,0.7697237569060773,0.512467667074473,0.0225207880426305,0.0318820128252358,0.0318820128252358,0.1785180124411833,measured,outputs/major_revision/heterogeneity-10seed-2d2b220/metrics/fairness_metrics_global.csv,10.0,,,
heterogeneity-10seed-2d2b220,heterogeneity_entropy,6002,joint_dirichlet_0.3,B0,5,10,0,1.0,0.7712707182320442,0.5186833637176744,0.0254648508493037,0.0402240357657989,0.0402240357657989,0.1762281858137708,measured,outputs/major_revision/heterogeneity-10seed-2d2b220/metrics/fairness_metrics_global.csv,10.0,,,
heterogeneity-10seed-2d2b220,heterogeneity_entropy,6003,iid,B0,1,10,0,1.0,0.7664088397790055,0.498959720150526,0.0183221783390779,0.0282167677158717,0.0282167677158717,0.1814081497862145,measured,outputs/major_revision/heterogeneity-10seed-2d2b220/metrics/fairness_metrics_global.csv,10.0,,,
heterogeneity-10seed-2d2b220,heterogeneity_entropy,6003,iid,B0,2,10,0,1.0,0.7677348066298343,0.504545922879487,0.0199308060564087,0.0284852609691982,0.0284852609691982,0.1804537582481444,measured,outputs/major_revision/heterogeneity-10seed-2d2b220/metrics/fairness_metrics_global.csv,10.0,,,
heterogeneity-10seed-2d2b220,heterogeneity_entropy,6003,iid,B0,3,10,0,1.0,0.7701657458563536,0.5134034297096468,0.0225207880426305,0.0329247656928062,0.0329247656928062,0.1778637762619226,measured,outputs/major_revision/heterogeneity-10seed-2d2b220/metrics/fairness_metrics_global.csv,10.0,,,
heterogeneity-10seed-2d2b220,heterogeneity_entropy,6003,iid,B0,4,10,0,1.0,0.7712707182320442,0.5193308858085057,0.0261190870285644,0.0412667886333693,0.0412667886333693,0.1762281858137708,measured,outputs/major_revision/heterogeneity-10seed-2d2b220/metrics/fairness_metrics_global.csv,10.0,,,
heterogeneity-10seed-2d2b220,heterogeneity_entropy,6003,iid,B0,5,10,0,1.0,0.7732596685082873,0.5270034843205575,0.0287090690147862,0.044663540489407,0.044663540489407,0.1742924400068096,measured,outputs/major_revision/heterogeneity-10seed-2d2b220/metrics/fairness_metrics_global.csv,10.0,,,
heterogeneity-10seed-2d2b220,heterogeneity_entropy,6003,joint_dirichlet_1.0,B0,1,10,0,1.0,0.7661878453038674,0.4981380333472546,0.0179950602494475,0.0271740148483013,0.0271740148483013,0.1817352678758449,measured,outputs/major_revision/heterogeneity-10seed-2d2b220/metrics/fairness_metrics_global.csv,10.0,,,
heterogeneity-10seed-2d2b220,heterogeneity_entropy,6003,joint_dirichlet_1.0,B0,2,10,0,1.0,0.7679558011049724,0.5053571859875721,0.020257924146039,0.0295280138367685,0.0295280138367685,0.1801266401585141,measured,outputs/major_revision/heterogeneity-10seed-2d2b220/metrics/fairness_metrics_global.csv,10.0,,,
heterogeneity-10seed-2d2b220,heterogeneity_entropy,6003,joint_dirichlet_1.0,B0,3,10,0,1.0,0.769281767955801,0.5101993334538801,0.0212123156841091,0.0287537542225247,0.0287537542225247,0.1791722486204441,measured,outputs/major_revision/heterogeneity-10seed-2d2b220/metrics/fairness_metrics_global.csv,10.0,,,
heterogeneity-10seed-2d2b220,heterogeneity_entropy,6003,joint_dirichlet_1.0,B0,4,10,0,1.0,0.7710497237569061,0.5185426649314114,0.025791968938934,0.0402240357657989,0.0402240357657989,0.1765553039034012,measured,outputs/major_revision/heterogeneity-10seed-2d2b220/metrics/fairness_metrics_global.csv,10.0,,,
heterogeneity-10seed-2d2b220,heterogeneity_entropy,6003,joint_dirichlet_1.0,B0,5,10,0,1.0,0.7734806629834254,0.5271498681448391,0.0283819509251559,0.044663540489407,0.044663540489407,0.1739653219171794,measured,outputs/major_revision/heterogeneity-10seed-2d2b220/metrics/fairness_metrics_global.csv,10.0,,,
heterogeneity-10seed-2d2b220,heterogeneity_entropy,6003,joint_dirichlet_0.3,B0,1,10,0,1.0,0.7650828729281768,0.49471480982507,0.0170137059805565,0.0230030033780197,0.0230030033780197,0.1833708583239967,measured,outputs/major_revision/heterogeneity-10seed-2d2b220/metrics/fairness_metrics_global.csv,10.0,,,
heterogeneity-10seed-2d2b220,heterogeneity_entropy,6003,joint_dirichlet_0.3,B0,2,10,0,1.0,0.767292817679558,0.5029197365847298,0.0192765698771479,0.0263997552340574,0.0263997552340574,0.1811079944274052,measured,outputs/major_revision/heterogeneity-10seed-2d2b220/metrics/fairness_metrics_global.csv,10.0,,,
heterogeneity-10seed-2d2b220,heterogeneity_entropy,6003,joint_dirichlet_0.3,B0,3,10,0,1.0,0.7683977900552487,0.5069760672031273,0.0199038433255876,0.0245827427522431,0.0245827427522431,0.1804807209789655,measured,outputs/major_revision/heterogeneity-10seed-2d2b220/metrics/fairness_metrics_global.csv,10.0,,,
heterogeneity-10seed-2d2b220,heterogeneity_entropy,6003,joint_dirichlet_0.3,B0,4,10,0,1.0,0.7714917127071823,0.5188241532308822,0.0251377327596733,0.0402240357657989,0.0402240357657989,0.1759010677241405,measured,outputs/major_revision/heterogeneity-10seed-2d2b220/metrics/fairness_metrics_global.csv,10.0,,,
heterogeneity-10seed-2d2b220,heterogeneity_entropy,6003,joint_dirichlet_0.3,B0,5,10,0,1.0,0.7721546961325967,0.5224722177611234,0.0274275593870858,0.0454378001036508,0.0454378001036508,0.1749197134552494,measured,outputs/major_revision/heterogeneity-10seed-2d2b220/metrics/fairness_metrics_global.csv,10.0,,,
heterogeneity-10seed-2d2b220,heterogeneity_entropy,6004,iid,B0,1,10,0,1.0,0.7664088397790055,0.498959720150526,0.0183221783390779,0.0282167677158717,0.0282167677158717,0.1814081497862145,measured,outputs/major_revision/heterogeneity-10seed-2d2b220/metrics/fairness_metrics_global.csv,10.0,,,
heterogeneity-10seed-2d2b220,heterogeneity_entropy,6004,iid,B0,2,10,0,1.0,0.7683977900552487,0.5069760672031273,0.0209121603252997,0.0316135195719093,0.0316135195719093,0.1794724039792533,measured,outputs/major_revision/heterogeneity-10seed-2d2b220/metrics/fairness_metrics_global.csv,10.0,,,
heterogeneity-10seed-2d2b220,heterogeneity_entropy,6004,iid,B0,3,10,0,1.0,0.7695027624309392,0.512992457204228,0.0235021423115215,0.0329247656928062,0.0329247656928062,0.1788451305308137,measured,outputs/major_revision/heterogeneity-10seed-2d2b220/metrics/fairness_metrics_global.csv,10.0,,,
heterogeneity-10seed-2d2b220,heterogeneity_entropy,6004,iid,B0,4,10,0,1.0,0.7721546961325967,0.5224722177611234,0.0264192423873737,0.0384070232839846,0.0384070232839846,0.1759280304549615,measured,outputs/major_revision/heterogeneity-10seed-2d2b220/metrics/fairness_metrics_global.csv,10.0,,,
heterogeneity-10seed-2d2b220,heterogeneity_entropy,6004,iid,B0,5,10,0,1.0,0.7734806629834254,0.5290299323976126,0.030344659462938,0.0477917990921181,0.0477917990921181,0.1739653219171794,measured,outputs/major_revision/heterogeneity-10seed-2d2b220/metrics/fairness_metrics_global.csv,10.0,,,
heterogeneity-10seed-2d2b220,heterogeneity_entropy,6004,joint_dirichlet_1.0,B0,1,10,0,1.0,0.7659668508287293,0.4980116779937626,0.0183221783390779,0.0271740148483013,0.0271740148483013,0.1820623859654753,measured,outputs/major_revision/heterogeneity-10seed-2d2b220/metrics/fairness_metrics_global.csv,10.0,,,
heterogeneity-10seed-2d2b220,heterogeneity_entropy,6004,joint_dirichlet_1.0,B0,2,10,0,1.0,0.7677348066298343,0.504545922879487,0.0199308060564087,0.0284852609691982,0.0284852609691982,0.1804537582481444,measured,outputs/major_revision/heterogeneity-10seed-2d2b220/metrics/fairness_metrics_global.csv,10.0,,,
heterogeneity-10seed-2d2b220,heterogeneity_entropy,6004,joint_dirichlet_1.0,B0,3,10,0,1.0,0.7690607734806629,0.5100644716767557,0.0215394337737394,0.0287537542225247,0.0287537542225247,0.1794993667100745,measured,outputs/major_revision/heterogeneity-10seed-2d2b220/metrics/fairness_metrics_global.csv,10.0,,,
heterogeneity-10seed-2d2b220,heterogeneity_entropy,6004,joint_dirichlet_1.0,B0,4,10,0,1.0,0.7712707182320442,0.5186833637176744,0.0254648508493037,0.0402240357657989,0.0402240357657989,0.1762281858137708,measured,outputs/major_revision/heterogeneity-10seed-2d2b220/metrics/fairness_metrics_global.csv,10.0,,,
heterogeneity-10seed-2d2b220,heterogeneity_entropy,6004,joint_dirichlet_1.0,B0,5,10,0,1.0,0.7728176795580111,0.5248161659548665,0.0284089136559769,0.048566058706362,0.048566058706362,0.1739383591863583,measured,outputs/major_revision/heterogeneity-10seed-2d2b220/metrics/fairness_metrics_global.csv,10.0,,,
heterogeneity-10seed-2d2b220,heterogeneity_entropy,6004,joint_dirichlet_0.3,B0,1,10,0,1.0,0.7646408839779005,0.4930588523524604,0.0163594698012958,0.0209174976428789,0.0209174976428789,0.1840250945032574,measured,outputs/major_revision/heterogeneity-10seed-2d2b220/metrics/fairness_metrics_global.csv,10.0,,,
heterogeneity-10seed-2d2b220,heterogeneity_entropy,6004,joint_dirichlet_0.3,B0,2,10,0,1.0,0.7668508287292818,0.5012886499663982,0.0196306506975993,0.0313450263185828,0.0313450263185828,0.1807539136069538,measured,outputs/major_revision/heterogeneity-10seed-2d2b220/metrics/fairness_metrics_global.csv,10.0,,,
heterogeneity-10seed-2d2b220,heterogeneity_entropy,6004,joint_dirichlet_0.3,B0,3,10,0,1.0,0.7683977900552487,0.5069760672031273,0.0209121603252997,0.0316135195719093,0.0316135195719093,0.1794724039792533,measured,outputs/major_revision/heterogeneity-10seed-2d2b220/metrics/fairness_metrics_global.csv,10.0,,,
heterogeneity-10seed-2d2b220,heterogeneity_entropy,6004,joint_dirichlet_0.3,B0,4,10,0,1.0,0.7706077348066298,0.5156553169794884,0.0238292604011519,0.0360530242955174,0.0360530242955174,0.177209540082662,measured,outputs/major_revision/heterogeneity-10seed-2d2b220/metrics/fairness_metrics_global.csv,10.0,,,
heterogeneity-10seed-2d2b220,heterogeneity_entropy,6004,joint_dirichlet_0.3,B0,5,10,0,1.0,0.7717127071823204,0.5209038564763012,0.0267733232078251,0.0433522943685101,0.0433522943685101,0.1755739496345102,measured,outputs/major_revision/heterogeneity-10seed-2d2b220/metrics/fairness_metrics_global.csv,10.0,,,
heterogeneity-10seed-2d2b220,heterogeneity_entropy,6005,iid,B0,1,10,0,1.0,0.7661878453038674,0.4981380333472546,0.0179950602494475,0.0271740148483013,0.0271740148483013,0.1817352678758449,measured,outputs/major_revision/heterogeneity-10seed-2d2b220/metrics/fairness_metrics_global.csv,10.0,,,
heterogeneity-10seed-2d2b220,heterogeneity_entropy,6005,iid,B0,2,10,0,1.0,0.7679558011049724,0.5053571859875721,0.020257924146039,0.0295280138367685,0.0295280138367685,0.1801266401585141,measured,outputs/major_revision/heterogeneity-10seed-2d2b220/metrics/fairness_metrics_global.csv,10.0,,,
heterogeneity-10seed-2d2b220,heterogeneity_entropy,6005,iid,B0,3,10,0,1.0,0.7697237569060773,0.512467667074473,0.0225207880426305,0.0318820128252358,0.0318820128252358,0.1785180124411833,measured,outputs/major_revision/heterogeneity-10seed-2d2b220/metrics/fairness_metrics_global.csv,10.0,,,
heterogeneity-10seed-2d2b220,heterogeneity_entropy,6005,iid,B0,4,10,0,1.0,0.7717127071823204,0.5209038564763012,0.025765006208113,0.0363215175488439,0.0363215175488439,0.1765822666342221,measured,outputs/major_revision/heterogeneity-10seed-2d2b220/metrics/fairness_metrics_global.csv,10.0,,,
heterogeneity-10seed-2d2b220,heterogeneity_entropy,6005,iid,B0,5,10,0,1.0,0.7734806629834254,0.5277786064224248,0.0290361871044166,0.0457062933569773,0.0457062933569773,0.1739653219171794,measured,outputs/major_revision/heterogeneity-10seed-2d2b220/metrics/fairness_metrics_global.csv,10.0,,,
heterogeneity-10seed-2d2b220,heterogeneity_entropy,6005,joint_dirichlet_1.0,B0,1,10,0,1.0,0.7664088397790055,0.4996526386231329,0.0189764145183386,0.029259520583442,0.029259520583442,0.1814081497862145,measured,outputs/major_revision/heterogeneity-10seed-2d2b220/metrics/fairness_metrics_global.csv,10.0,,,
heterogeneity-10seed-2d2b220,heterogeneity_entropy,6005,joint_dirichlet_1.0,B0,2,10,0,1.0,0.7681767955801105,0.5061672330935187,0.0205850422356694,0.0305707667043389,0.0305707667043389,0.1797995220688837,measured,outputs/major_revision/heterogeneity-10seed-2d2b220/metrics/fairness_metrics_global.csv,10.0,,,
heterogeneity-10seed-2d2b220,heterogeneity_entropy,6005,joint_dirichlet_1.0,B0,3,10,0,1.0,0.7703867403314917,0.5148601754891591,0.0235021423115215,0.035010271427947,0.035010271427947,0.1775366581722923,measured,outputs/major_revision/heterogeneity-10seed-2d2b220/metrics/fairness_metrics_global.csv,10.0,,,
heterogeneity-10seed-2d2b220,heterogeneity_entropy,6005,joint_dirichlet_1.0,B0,4,10,0,1.0,0.7714917127071823,0.5201179487179487,0.0264462051181948,0.0423095415009397,0.0423095415009397,0.1759010677241405,measured,outputs/major_revision/heterogeneity-10seed-2d2b220/metrics/fairness_metrics_global.csv,10.0,,,
heterogeneity-10seed-2d2b220,heterogeneity_entropy,6005,joint_dirichlet_1.0,B0,5,10,0,1.0,0.7734806629834254,0.5277786064224248,0.0290361871044166,0.0457062933569773,0.0457062933569773,0.1739653219171794,measured,outputs/major_revision/heterogeneity-10seed-2d2b220/metrics/fairness_metrics_global.csv,10.0,,,
heterogeneity-10seed-2d2b220,heterogeneity_entropy,6005,joint_dirichlet_0.3,B0,1,10,0,1.0,0.7661878453038674,0.4974409372774546,0.0183491410698989,0.0261312619807309,0.0261312619807309,0.1827435848755569,measured,outputs/major_revision/heterogeneity-10seed-2d2b220/metrics/fairness_metrics_global.csv,10.0,,,
heterogeneity-10seed-2d2b220,heterogeneity_entropy,6005,joint_dirichlet_0.3,B0,2,10,0,1.0,0.767292817679558,0.5029197365847298,0.0192765698771479,0.0263997552340574,0.0263997552340574,0.1811079944274052,measured,outputs/major_revision/heterogeneity-10seed-2d2b220/metrics/fairness_metrics_global.csv,10.0,,,
heterogeneity-10seed-2d2b220,heterogeneity_entropy,6005,joint_dirichlet_0.3,B0,3,10,0,1.0,0.7683977900552487,0.5069760672031273,0.0199038433255876,0.0245827427522431,0.0245827427522431,0.1804807209789655,measured,outputs/major_revision/heterogeneity-10seed-2d2b220/metrics/fairness_metrics_global.csv,10.0,,,
heterogeneity-10seed-2d2b220,heterogeneity_entropy,6005,joint_dirichlet_0.3,B0,4,10,0,1.0,0.7708287292817679,0.5164492826280352,0.0241563784907823,0.0370957771630878,0.0370957771630878,0.1768824219930316,measured,outputs/major_revision/heterogeneity-10seed-2d2b220/metrics/fairness_metrics_global.csv,10.0,,,
heterogeneity-10seed-2d2b220,heterogeneity_entropy,6005,joint_dirichlet_0.3,B0,5,10,0,1.0,0.7730386740331492,0.5262272337412193,0.029390267924868,0.0506515644415028,0.0506515644415028,0.173611241096728,measured,outputs/major_revision/heterogeneity-10seed-2d2b220/metrics/fairness_metrics_global.csv,10.0,,,
heterogeneity-10seed-2d2b220,heterogeneity_entropy,6006,iid,B0,1,10,0,1.0,0.7661878453038674,0.4988327785105625,0.0186492964287083,0.0282167677158717,0.0282167677158717,0.1817352678758449,measured,outputs/major_revision/heterogeneity-10seed-2d2b220/metrics/fairness_metrics_global.csv,10.0,,,
heterogeneity-10seed-2d2b220,heterogeneity_entropy,6006,iid,B0,2,10,0,1.0,0.7683977900552487,0.5069760672031273,0.0209121603252997,0.0316135195719093,0.0316135195719093,0.1794724039792533,measured,outputs/major_revision/heterogeneity-10seed-2d2b220/metrics/fairness_metrics_global.csv,10.0,,,
heterogeneity-10seed-2d2b220,heterogeneity_entropy,6006,iid,B0,3,10,0,1.0,0.7701657458563536,0.5140638552723968,0.0231750242218912,0.0339675185603766,0.0339675185603766,0.1778637762619226,measured,outputs/major_revision/heterogeneity-10seed-2d2b220/metrics/fairness_metrics_global.csv,10.0,,,
heterogeneity-10seed-2d2b220,heterogeneity_entropy,6006,iid,B0,4,10,0,1.0,0.7714917127071823,0.5201179487179487,0.0264462051181948,0.0423095415009397,0.0423095415009397,0.1759010677241405,measured,outputs/major_revision/heterogeneity-10seed-2d2b220/metrics/fairness_metrics_global.csv,10.0,,,
heterogeneity-10seed-2d2b220,heterogeneity_entropy,6006,iid,B0,5,10,0,1.0,0.7739226519337017,0.5299488983831784,0.030344659462938,0.0488345519596885,0.0488345519596885,0.1733110857379186,measured,outputs/major_revision/heterogeneity-10seed-2d2b220/metrics/fairness_metrics_global.csv,10.0,,,
heterogeneity-10seed-2d2b220,heterogeneity_entropy,6006,joint_dirichlet_1.0,B0,1,10,0,1.0,0.7657458563535912,0.4964909201456539,0.0173408240701868,0.0250885091131605,0.0250885091131605,0.1823895040551056,measured,outputs/major_revision/heterogeneity-10seed-2d2b220/metrics/fairness_metrics_global.csv,10.0,,,
heterogeneity-10seed-2d2b220,heterogeneity_entropy,6006,joint_dirichlet_1.0,B0,2,10,0,1.0,0.7677348066298343,0.504545922879487,0.0199308060564087,0.0284852609691982,0.0284852609691982,0.1804537582481444,measured,outputs/major_revision/heterogeneity-10seed-2d2b220/metrics/fairness_metrics_global.csv,10.0,,,
heterogeneity-10seed-2d2b220,heterogeneity_entropy,6006,joint_dirichlet_1.0,B0,3,10,0,1.0,0.7695027624309392,0.511002147329049,0.0215394337737394,0.029796507090095,0.029796507090095,0.1788451305308137,measured,outputs/major_revision/heterogeneity-10seed-2d2b220/metrics/fairness_metrics_global.csv,10.0,,,
heterogeneity-10seed-2d2b220,heterogeneity_entropy,6006,joint_dirichlet_1.0,B0,4,10,0,1.0,0.7710497237569061,0.5178934455968993,0.0251377327596733,0.0391812828982285,0.0391812828982285,0.1765553039034012,measured,outputs/major_revision/heterogeneity-10seed-2d2b220/metrics/fairness_metrics_global.csv,10.0,,,
heterogeneity-10seed-2d2b220,heterogeneity_entropy,6006,joint_dirichlet_1.0,B0,5,10,0,1.0,0.7734806629834254,0.5277786064224248,0.0290361871044166,0.0457062933569773,0.0457062933569773,0.1739653219171794,measured,outputs/major_revision/heterogeneity-10seed-2d2b220/metrics/fairness_metrics_global.csv,10.0,,,
heterogeneity-10seed-2d2b220,heterogeneity_entropy,6006,joint_dirichlet_0.3,B0,1,9,1,0.9,0.7650828729281768,0.4933045079710596,0.0167135506217472,0.0209174976428789,0.0209174976428789,0.1843791753237087,measured,outputs/major_revision/heterogeneity-10seed-2d2b220/metrics/fairness_metrics_global.csv,10.0,,,
heterogeneity-10seed-2d2b220,heterogeneity_entropy,6006,joint_dirichlet_0.3,B0,2,9,1,0.9,0.7670718232044199,0.5021048073373655,0.0189494517875176,0.025357002366487,0.025357002366487,0.1814351125170354,measured,outputs/major_revision/heterogeneity-10seed-2d2b220/metrics/fairness_metrics_global.csv,10.0,,,
heterogeneity-10seed-2d2b220,heterogeneity_entropy,6006,joint_dirichlet_0.3,B0,3,9,1,0.9,0.7686187845303868,0.507783691312451,0.020230961415218,0.0256254956198135,0.0256254956198135,0.1801536028893351,measured,outputs/major_revision/heterogeneity-10seed-2d2b220/metrics/fairness_metrics_global.csv,10.0,,,
heterogeneity-10seed-2d2b220,heterogeneity_entropy,6006,joint_dirichlet_0.3,B0,4,9,1,0.9,0.7708287292817679,0.5164492826280352,0.0241563784907823,0.0370957771630878,0.0370957771630878,0.1768824219930316,measured,outputs/major_revision/heterogeneity-10seed-2d2b220/metrics/fairness_metrics_global.csv,10.0,,,
heterogeneity-10seed-2d2b220,heterogeneity_entropy,6006,joint_dirichlet_0.3,B0,5,9,1,0.9,0.7723756906077348,0.5232546768759672,0.0277546774767162,0.0464805529712212,0.0464805529712212,0.1745925953656191,measured,outputs/major_revision/heterogeneity-10seed-2d2b220/metrics/fairness_metrics_global.csv,10.0,,,
heterogeneity-10seed-2d2b220,heterogeneity_entropy,6007,iid,B0,1,10,0,1.0,0.7657458563535912,0.4971893339774006,0.0179950602494475,0.0261312619807309,0.0261312619807309,0.1823895040551056,measured,outputs/major_revision/heterogeneity-10seed-2d2b220/metrics/fairness_metrics_global.csv,10.0,,,
heterogeneity-10seed-2d2b220,heterogeneity_entropy,6007,iid,B0,2,10,0,1.0,0.7679558011049724,0.5053571859875721,0.020257924146039,0.0295280138367685,0.0295280138367685,0.1801266401585141,measured,outputs/major_revision/heterogeneity-10seed-2d2b220/metrics/fairness_metrics_global.csv,10.0,,,
heterogeneity-10seed-2d2b220,heterogeneity_entropy,6007,iid,B0,3,10,0,1.0,0.7688397790055249,0.5092610180007267,0.0212123156841091,0.0277110013549543,0.0277110013549543,0.1798264847997047,measured,outputs/major_revision/heterogeneity-10seed-2d2b220/metrics/fairness_metrics_global.csv,10.0,,,
heterogeneity-10seed-2d2b220,heterogeneity_entropy,6007,iid,B0,4,10,0,1.0,0.7710497237569061,0.5185426649314114,0.025791968938934,0.0402240357657989,0.0402240357657989,0.1765553039034012,measured,outputs/major_revision/heterogeneity-10seed-2d2b220/metrics/fairness_metrics_global.csv,10.0,,,
heterogeneity-10seed-2d2b220,heterogeneity_entropy,6007,iid,B0,5,10,0,1.0,0.7734806629834254,0.5284052912761092,0.0296904232836773,0.0467490462245477,0.0467490462245477,0.1739653219171794,measured,outputs/major_revision/heterogeneity-10seed-2d2b220/metrics/fairness_metrics_global.csv,10.0,,,
heterogeneity-10seed-2d2b220,heterogeneity_entropy,6007,joint_dirichlet_1.0,B0,1,10,0,1.0,0.765524861878453,0.4956654875111941,0.0170137059805565,0.0240457562455901,0.0240457562455901,0.1827166221447359,measured,outputs/major_revision/heterogeneity-10seed-2d2b220/metrics/fairness_metrics_global.csv,10.0,,,
heterogeneity-10seed-2d2b220,heterogeneity_entropy,6007,joint_dirichlet_1.0,B0,2,10,0,1.0,0.767292817679558,0.5029197365847298,0.0192765698771479,0.0263997552340574,0.0263997552340574,0.1811079944274052,measured,outputs/major_revision/heterogeneity-10seed-2d2b220/metrics/fairness_metrics_global.csv,10.0,,,
heterogeneity-10seed-2d2b220,heterogeneity_entropy,6007,joint_dirichlet_1.0,B0,3,10,0,1.0,0.7683977900552487,0.5069760672031273,0.0199038433255876,0.0245827427522431,0.0245827427522431,0.1804807209789655,measured,outputs/major_revision/heterogeneity-10seed-2d2b220/metrics/fairness_metrics_global.csv,10.0,,,
heterogeneity-10seed-2d2b220,heterogeneity_entropy,6007,joint_dirichlet_1.0,B0,4,10,0,1.0,0.7712707182320442,0.5180336978921452,0.024810614670043,0.0391812828982285,0.0391812828982285,0.1762281858137708,measured,outputs/major_revision/heterogeneity-10seed-2d2b220/metrics/fairness_metrics_global.csv,10.0,,,
heterogeneity-10seed-2d2b220,heterogeneity_entropy,6007,joint_dirichlet_1.0,B0,5,10,0,1.0,0.7728176795580111,0.5248161659548665,0.0284089136559769,0.048566058706362,0.048566058706362,0.1739383591863583,measured,outputs/major_revision/heterogeneity-10seed-2d2b220/metrics/fairness_metrics_global.csv,10.0,,,
heterogeneity-10seed-2d2b220,heterogeneity_entropy,6007,joint_dirichlet_0.3,B0,1,10,0,1.0,0.7653038674033149,0.4941343139162091,0.0170406687113775,0.0219602505104493,0.0219602505104493,0.1840520572340783,measured,outputs/major_revision/heterogeneity-10seed-2d2b220/metrics/fairness_metrics_global.csv,10.0,,,
heterogeneity-10seed-2d2b220,heterogeneity_entropy,6007,joint_dirichlet_0.3,B0,2,10,0,1.0,0.7668508287292818,0.5012886499663982,0.0196306506975993,0.0313450263185828,0.0313450263185828,0.1807539136069538,measured,outputs/major_revision/heterogeneity-10seed-2d2b220/metrics/fairness_metrics_global.csv,10.0,,,
heterogeneity-10seed-2d2b220,heterogeneity_entropy,6007,joint_dirichlet_0.3,B0,3,10,0,1.0,0.7686187845303868,0.507783691312451,0.020230961415218,0.0256254956198135,0.0256254956198135,0.1801536028893351,measured,outputs/major_revision/heterogeneity-10seed-2d2b220/metrics/fairness_metrics_global.csv,10.0,,,
heterogeneity-10seed-2d2b220,heterogeneity_entropy,6007,joint_dirichlet_0.3,B0,4,10,0,1.0,0.7703867403314917,0.5155166872232677,0.0241563784907823,0.0360530242955174,0.0360530242955174,0.1775366581722923,measured,outputs/major_revision/heterogeneity-10seed-2d2b220/metrics/fairness_metrics_global.csv,10.0,,,
heterogeneity-10seed-2d2b220,heterogeneity_entropy,6007,joint_dirichlet_0.3,B0,5,10,0,1.0,0.7728176795580111,0.5248161659548665,0.0274005966562648,0.0415352818866958,0.0415352818866958,0.1749466761860704,measured,outputs/major_revision/heterogeneity-10seed-2d2b220/metrics/fairness_metrics_global.csv,10.0,,,
heterogeneity-10seed-2d2b220,heterogeneity_entropy,6008,iid,B0,1,10,0,1.0,0.7666298342541437,0.5004712614166946,0.019303532607969,0.0303022734510124,0.0303022734510124,0.1810810316965841,measured,outputs/major_revision/heterogeneity-10seed-2d2b220/metrics/fairness_metrics_global.csv,10.0,,,
heterogeneity-10seed-2d2b220,heterogeneity_entropy,6008,iid,B0,2,10,0,1.0,0.7683977900552487,0.5069760672031273,0.0209121603252997,0.0316135195719093,0.0316135195719093,0.1794724039792533,measured,outputs/major_revision/heterogeneity-10seed-2d2b220/metrics/fairness_metrics_global.csv,10.0,,,
heterogeneity-10seed-2d2b220,heterogeneity_entropy,6008,iid,B0,3,10,0,1.0,0.7703867403314917,0.5148601754891591,0.0235021423115215,0.035010271427947,0.035010271427947,0.1775366581722923,measured,outputs/major_revision/heterogeneity-10seed-2d2b220/metrics/fairness_metrics_global.csv,10.0,,,
heterogeneity-10seed-2d2b220,heterogeneity_entropy,6008,iid,B0,4,10,0,1.0,0.7719337016574586,0.5210461538461538,0.0264462051181948,0.0433522943685101,0.0433522943685101,0.1752468315448798,measured,outputs/major_revision/heterogeneity-10seed-2d2b220/metrics/fairness_metrics_global.csv,10.0,,,
heterogeneity-10seed-2d2b220,heterogeneity_entropy,6008,iid,B0,5,10,0,1.0,0.7732596685082873,0.5288823105361344,0.0306717775525684,0.0477917990921181,0.0477917990921181,0.1742924400068096,measured,outputs/major_revision/heterogeneity-10seed-2d2b220/metrics/fairness_metrics_global.csv,10.0,,,
heterogeneity-10seed-2d2b220,heterogeneity_entropy,6008,joint_dirichlet_1.0,B0,1,10,0,1.0,0.7659668508287293,0.4980116779937626,0.0183221783390779,0.0271740148483013,0.0271740148483013,0.1820623859654753,measured,outputs/major_revision/heterogeneity-10seed-2d2b220/metrics/fairness_metrics_global.csv,10.0,,,
heterogeneity-10seed-2d2b220,heterogeneity_entropy,6008,joint_dirichlet_1.0,B0,2,10,0,1.0,0.7679558011049724,0.5053571859875721,0.020257924146039,0.0295280138367685,0.0295280138367685,0.1801266401585141,measured,outputs/major_revision/heterogeneity-10seed-2d2b220/metrics/fairness_metrics_global.csv,10.0,,,
heterogeneity-10seed-2d2b220,heterogeneity_entropy,6008,joint_dirichlet_1.0,B0,3,10,0,1.0,0.7688397790055249,0.5092610180007267,0.0212123156841091,0.0277110013549543,0.0277110013549543,0.1798264847997047,measured,outputs/major_revision/heterogeneity-10seed-2d2b220/metrics/fairness_metrics_global.csv,10.0,,,
heterogeneity-10seed-2d2b220,heterogeneity_entropy,6008,joint_dirichlet_1.0,B0,4,10,0,1.0,0.7710497237569061,0.5185426649314114,0.025791968938934,0.0402240357657989,0.0402240357657989,0.1765553039034012,measured,outputs/major_revision/heterogeneity-10seed-2d2b220/metrics/fairness_metrics_global.csv,10.0,,,
heterogeneity-10seed-2d2b220,heterogeneity_entropy,6008,joint_dirichlet_1.0,B0,5,10,0,1.0,0.7737016574585636,0.5285526027689396,0.0293633051940469,0.0467490462245477,0.0467490462245477,0.173638203827549,measured,outputs/major_revision/heterogeneity-10seed-2d2b220/metrics/fairness_metrics_global.csv,10.0,,,
heterogeneity-10seed-2d2b220,heterogeneity_entropy,6008,joint_dirichlet_0.3,B0,1,9,1,0.9,0.7683977900552487,0.5076505101447542,0.0215663965045604,0.0326562724394797,0.0326562724394797,0.1794724039792533,measured,outputs/major_revision/heterogeneity-10seed-2d2b220/metrics/fairness_metrics_global.csv,10.0,,,
heterogeneity-10seed-2d2b220,heterogeneity_entropy,6008,joint_dirichlet_0.3,B0,2,9,1,0.9,0.7703867403314917,0.5161710261931776,0.024810614670043,0.0370957771630878,0.0370957771630878,0.1775366581722923,measured,outputs/major_revision/heterogeneity-10seed-2d2b220/metrics/fairness_metrics_global.csv,10.0,,,
heterogeneity-10seed-2d2b220,heterogeneity_entropy,6008,joint_dirichlet_0.3,B0,3,9,1,0.9,0.7723756906077348,0.5245266026383915,0.0280548328355255,0.0415352818866958,0.0415352818866958,0.1756009123653311,measured,outputs/major_revision/heterogeneity-10seed-2d2b220/metrics/fairness_metrics_global.csv,10.0,,,
heterogeneity-10seed-2d2b220,heterogeneity_entropy,6008,joint_dirichlet_0.3,B0,4,9,1,0.9,0.7737016574585636,0.532272548145564,0.0332887222696112,0.05300556342997,0.05300556342997,0.173638203827549,measured,outputs/major_revision/heterogeneity-10seed-2d2b220/metrics/fairness_metrics_global.csv,10.0,,,
heterogeneity-10seed-2d2b220,heterogeneity_entropy,6008,joint_dirichlet_0.3,B0,5,9,1,0.9,0.7743646408839779,0.5375804438022652,0.0355246234353817,0.054316809550867,0.054316809550867,0.1726568495586579,measured,outputs/major_revision/heterogeneity-10seed-2d2b220/metrics/fairness_metrics_global.csv,10.0,,,
heterogeneity-10seed-2d2b220,heterogeneity_entropy,6009,iid,B0,1,10,0,1.0,0.7661878453038674,0.4988327785105625,0.0186492964287083,0.0282167677158717,0.0282167677158717,0.1817352678758449,measured,outputs/major_revision/heterogeneity-10seed-2d2b220/metrics/fairness_metrics_global.csv,10.0,,,
heterogeneity-10seed-2d2b220,heterogeneity_entropy,6009,iid,B0,2,10,0,1.0,0.7679558011049724,0.5053571859875721,0.020257924146039,0.0295280138367685,0.0295280138367685,0.1801266401585141,measured,outputs/major_revision/heterogeneity-10seed-2d2b220/metrics/fairness_metrics_global.csv,10.0,,,
heterogeneity-10seed-2d2b220,heterogeneity_entropy,6009,iid,B0,3,10,0,1.0,0.7699447513812154,0.5132663534352591,0.0228479061322608,0.0329247656928062,0.0329247656928062,0.178190894351553,measured,outputs/major_revision/heterogeneity-10seed-2d2b220/metrics/fairness_metrics_global.csv,10.0,,,
heterogeneity-10seed-2d2b220,heterogeneity_entropy,6009,iid,B0,4,10,0,1.0,0.7714917127071823,0.5194721192462156,0.025791968938934,0.0412667886333693,0.0412667886333693,0.1759010677241405,measured,outputs/major_revision/heterogeneity-10seed-2d2b220/metrics/fairness_metrics_global.csv,10.0,,,
heterogeneity-10seed-2d2b220,heterogeneity_entropy,6009,iid,B0,5,10,0,1.0,0.7737016574585636,0.5285526027689396,0.0293633051940469,0.0467490462245477,0.0467490462245477,0.173638203827549,measured,outputs/major_revision/heterogeneity-10seed-2d2b220/metrics/fairness_metrics_global.csv,10.0,,,
heterogeneity-10seed-2d2b220,heterogeneity_entropy,6009,joint_dirichlet_1.0,B0,1,10,0,1.0,0.7650828729281768,0.49471480982507,0.0170137059805565,0.0230030033780197,0.0230030033780197,0.1833708583239967,measured,outputs/major_revision/heterogeneity-10seed-2d2b220/metrics/fairness_metrics_global.csv,10.0,,,
heterogeneity-10seed-2d2b220,heterogeneity_entropy,6009,joint_dirichlet_1.0,B0,2,10,0,1.0,0.7670718232044199,0.5021048073373655,0.0199577687872297,0.0323877791861532,0.0323877791861532,0.1804267955173235,measured,outputs/major_revision/heterogeneity-10seed-2d2b220/metrics/fairness_metrics_global.csv,10.0,,,
heterogeneity-10seed-2d2b220,heterogeneity_entropy,6009,joint_dirichlet_1.0,B0,3,10,0,1.0,0.7688397790055249,0.5085901084078368,0.0205580795048483,0.0266682484873839,0.0266682484873839,0.1798264847997047,measured,outputs/major_revision/heterogeneity-10seed-2d2b220/metrics/fairness_metrics_global.csv,10.0,,,
heterogeneity-10seed-2d2b220,heterogeneity_entropy,6009,joint_dirichlet_1.0,B0,4,10,0,1.0,0.7712707182320442,0.5180336978921452,0.024810614670043,0.0391812828982285,0.0391812828982285,0.1762281858137708,measured,outputs/major_revision/heterogeneity-10seed-2d2b220/metrics/fairness_metrics_global.csv,10.0,,,
heterogeneity-10seed-2d2b220,heterogeneity_entropy,6009,joint_dirichlet_1.0,B0,5,10,0,1.0,0.7717127071823204,0.5209038564763012,0.0267733232078251,0.0433522943685101,0.0433522943685101,0.1755739496345102,measured,outputs/major_revision/heterogeneity-10seed-2d2b220/metrics/fairness_metrics_global.csv,10.0,,,
heterogeneity-10seed-2d2b220,heterogeneity_entropy,6009,joint_dirichlet_0.3,B0,1,10,0,1.0,0.763756906077348,0.4897317645609297,0.0150509974427743,0.0167464861725974,0.0167464861725974,0.1853335668617788,measured,outputs/major_revision/heterogeneity-10seed-2d2b220/metrics/fairness_metrics_global.csv,10.0,,,
heterogeneity-10seed-2d2b220,heterogeneity_entropy,6009,joint_dirichlet_0.3,B0,2,10,0,1.0,0.7661878453038674,0.4988327785105625,0.0186492964287083,0.0282167677158717,0.0282167677158717,0.1817352678758449,measured,outputs/major_revision/heterogeneity-10seed-2d2b220/metrics/fairness_metrics_global.csv,10.0,,,
heterogeneity-10seed-2d2b220,heterogeneity_entropy,6009,joint_dirichlet_0.3,B0,3,10,0,1.0,0.7679558011049724,0.5053571859875721,0.020257924146039,0.0295280138367685,0.0295280138367685,0.1801266401585141,measured,outputs/major_revision/heterogeneity-10seed-2d2b220/metrics/fairness_metrics_global.csv,10.0,,,
heterogeneity-10seed-2d2b220,heterogeneity_entropy,6009,joint_dirichlet_0.3,B0,4,10,0,1.0,0.7701657458563536,0.5140638552723968,0.0231750242218912,0.0339675185603766,0.0339675185603766,0.1778637762619226,measured,outputs/major_revision/heterogeneity-10seed-2d2b220/metrics/fairness_metrics_global.csv,10.0,,,
heterogeneity-10seed-2d2b220,heterogeneity_entropy,6009,joint_dirichlet_0.3,B0,5,10,0,1.0,0.7714917127071823,0.5201179487179487,0.0264462051181948,0.0423095415009397,0.0423095415009397,0.1759010677241405,measured,outputs/major_revision/heterogeneity-10seed-2d2b220/metrics/fairness_metrics_global.csv,10.0,,,
heterogeneity-10seed-2d2b220,heterogeneity_entropy,6010,iid,B0,1,10,0,1.0,0.7661878453038674,0.4988327785105625,0.0186492964287083,0.0282167677158717,0.0282167677158717,0.1817352678758449,measured,outputs/major_revision/heterogeneity-10seed-2d2b220/metrics/fairness_metrics_global.csv,10.0,,,
heterogeneity-10seed-2d2b220,heterogeneity_entropy,6010,iid,B0,2,10,0,1.0,0.7679558011049724,0.5053571859875721,0.020257924146039,0.0295280138367685,0.0295280138367685,0.1801266401585141,measured,outputs/major_revision/heterogeneity-10seed-2d2b220/metrics/fairness_metrics_global.csv,10.0,,,
heterogeneity-10seed-2d2b220,heterogeneity_entropy,6010,iid,B0,3,10,0,1.0,0.7706077348066298,0.5156553169794884,0.0238292604011519,0.0360530242955174,0.0360530242955174,0.177209540082662,measured,outputs/major_revision/heterogeneity-10seed-2d2b220/metrics/fairness_metrics_global.csv,10.0,,,
heterogeneity-10seed-2d2b220,heterogeneity_entropy,6010,iid,B0,4,10,0,1.0,0.7719337016574586,0.521688611891146,0.0271004412974555,0.0443950472360804,0.0443950472360804,0.1752468315448798,measured,outputs/major_revision/heterogeneity-10seed-2d2b220/metrics/fairness_metrics_global.csv,10.0,,,
heterogeneity-10seed-2d2b220,heterogeneity_entropy,6010,iid,B0,5,10,0,1.0,0.7737016574585636,0.529177654147171,0.0300175413733077,0.0477917990921181,0.0477917990921181,0.173638203827549,measured,outputs/major_revision/heterogeneity-10seed-2d2b220/metrics/fairness_metrics_global.csv,10.0,,,
heterogeneity-10seed-2d2b220,heterogeneity_entropy,6010,joint_dirichlet_1.0,B0,1,10,0,1.0,0.765524861878453,0.496365743355991,0.0176679421598172,0.0250885091131605,0.0250885091131605,0.1827166221447359,measured,outputs/major_revision/heterogeneity-10seed-2d2b220/metrics/fairness_metrics_global.csv,10.0,,,
heterogeneity-10seed-2d2b220,heterogeneity_entropy,6010,joint_dirichlet_1.0,B0,2,10,0,1.0,0.7677348066298343,0.504545922879487,0.0199308060564087,0.0284852609691982,0.0284852609691982,0.1804537582481444,measured,outputs/major_revision/heterogeneity-10seed-2d2b220/metrics/fairness_metrics_global.csv,10.0,,,
heterogeneity-10seed-2d2b220,heterogeneity_entropy,6010,joint_dirichlet_1.0,B0,3,10,0,1.0,0.7690607734806629,0.509395321465963,0.0208851975944787,0.0277110013549543,0.0277110013549543,0.1794993667100745,measured,outputs/major_revision/heterogeneity-10seed-2d2b220/metrics/fairness_metrics_global.csv,10.0,,,
heterogeneity-10seed-2d2b220,heterogeneity_entropy,6010,joint_dirichlet_1.0,B0,4,10,0,1.0,0.7714917127071823,0.5188241532308822,0.0251377327596733,0.0402240357657989,0.0402240357657989,0.1759010677241405,measured,outputs/major_revision/heterogeneity-10seed-2d2b220/metrics/fairness_metrics_global.csv,10.0,,,
heterogeneity-10seed-2d2b220,heterogeneity_entropy,6010,joint_dirichlet_1.0,B0,5,10,0,1.0,0.7728176795580111,0.5248161659548665,0.0274005966562648,0.0415352818866958,0.0415352818866958,0.1749466761860704,measured,outputs/major_revision/heterogeneity-10seed-2d2b220/metrics/fairness_metrics_global.csv,10.0,,,
heterogeneity-10seed-2d2b220,heterogeneity_entropy,6010,joint_dirichlet_0.3,B0,1,10,0,1.0,0.7641988950276243,0.4906864291735379,0.0150509974427743,0.0177892390401678,0.0177892390401678,0.1846793306825181,measured,outputs/major_revision/heterogeneity-10seed-2d2b220/metrics/fairness_metrics_global.csv,10.0,,,
heterogeneity-10seed-2d2b220,heterogeneity_entropy,6010,joint_dirichlet_0.3,B0,2,10,0,1.0,0.7661878453038674,0.4988327785105625,0.0186492964287083,0.0282167677158717,0.0282167677158717,0.1817352678758449,measured,outputs/major_revision/heterogeneity-10seed-2d2b220/metrics/fairness_metrics_global.csv,10.0,,,
heterogeneity-10seed-2d2b220,heterogeneity_entropy,6010,joint_dirichlet_0.3,B0,3,10,0,1.0,0.7681767955801105,0.5061672330935187,0.0195767252359573,0.0235399898846727,0.0235399898846727,0.1808078390685958,measured,outputs/major_revision/heterogeneity-10seed-2d2b220/metrics/fairness_metrics_global.csv,10.0,,,
heterogeneity-10seed-2d2b220,heterogeneity_entropy,6010,joint_dirichlet_0.3,B0,4,10,0,1.0,0.7703867403314917,0.5148601754891591,0.0235021423115215,0.035010271427947,0.035010271427947,0.1775366581722923,measured,outputs/major_revision/heterogeneity-10seed-2d2b220/metrics/fairness_metrics_global.csv,10.0,,,
heterogeneity-10seed-2d2b220,heterogeneity_entropy,6010,joint_dirichlet_0.3,B0,5,10,0,1.0,0.7717127071823204,0.5209038564763012,0.0267733232078251,0.0433522943685101,0.0433522943685101,0.1755739496345102,measured,outputs/major_revision/heterogeneity-10seed-2d2b220/metrics/fairness_metrics_global.csv,10.0,,,
threshold-sensitivity-10seed-aa165b3,threshold_sensitivity,7001,joint_dirichlet_0.3,B3,1,7,3,0.7,0.7641988950276243,0.4863666020180124,0.0161671653657706,0.0185634986544117,0.0185634986544117,0.1877042816816543,measured,outputs/major_revision/threshold-sensitivity-10seed-aa165b3/metrics/fairness_metrics_global.csv,10.0,lenient,updated,
threshold-sensitivity-10seed-aa165b3,threshold_sensitivity,7001,joint_dirichlet_0.3,B3,2,6,4,0.6,0.7622099447513813,0.4764610145230482,0.0132770280207394,0.0201120178828994,0.0201120178828994,0.1886317104889033,measured,outputs/major_revision/threshold-sensitivity-10seed-aa165b3/metrics/fairness_metrics_global.csv,10.0,lenient,updated,
threshold-sensitivity-10seed-aa165b3,threshold_sensitivity,7001,joint_dirichlet_0.3,B3,3,6,4,0.6,0.7624309392265194,0.4773232849031462,0.0136041461103698,0.0211547707504698,0.0211547707504698,0.188304592399273,measured,outputs/major_revision/threshold-sensitivity-10seed-aa165b3/metrics/fairness_metrics_global.csv,10.0,lenient,updated,
threshold-sensitivity-10seed-aa165b3,threshold_sensitivity,7001,joint_dirichlet_0.3,B3,4,6,4,0.6,0.7630939226519337,0.4799020103993865,0.0145855003792608,0.024283029353181,0.024283029353181,0.1873232381303819,measured,outputs/major_revision/threshold-sensitivity-10seed-aa165b3/metrics/fairness_metrics_global.csv,10.0,lenient,updated,
threshold-sensitivity-10seed-aa165b3,threshold_sensitivity,7001,joint_dirichlet_0.3,B3,5,5,5,0.5,0.7633149171270718,0.4822393937480589,0.0152127738277005,0.0203805111362259,0.0203805111362259,0.1880044370404637,measured,outputs/major_revision/threshold-sensitivity-10seed-aa165b3/metrics/fairness_metrics_global.csv,10.0,lenient,updated,
threshold-sensitivity-10seed-aa165b3,threshold_sensitivity,7001,joint_dirichlet_0.3,B3,1,5,5,0.5,0.7575690607734806,0.4564371721559786,0.0071157097794047,0.0101902555681129,0.0101902555681129,0.1934845563717167,measured,outputs/major_revision/threshold-sensitivity-10seed-aa165b3/metrics/fairness_metrics_global.csv,10.0,submitted,updated,
threshold-sensitivity-10seed-aa165b3,threshold_sensitivity,7001,joint_dirichlet_0.3,B3,2,6,4,0.6,0.7591160220994475,0.4626771267189756,0.007388902407393,0.0034279720017733,0.0034279720017733,0.1932113637437283,measured,outputs/major_revision/threshold-sensitivity-10seed-aa165b3/metrics/fairness_metrics_global.csv,10.0,submitted,updated,
threshold-sensitivity-10seed-aa165b3,threshold_sensitivity,7001,joint_dirichlet_0.3,B3,3,5,5,0.5,0.7591160220994475,0.4626771267189756,0.007388902407393,0.0034279720017733,0.0034279720017733,0.1932113637437283,measured,outputs/major_revision/threshold-sensitivity-10seed-aa165b3/metrics/fairness_metrics_global.csv,10.0,submitted,updated,
threshold-sensitivity-10seed-aa165b3,threshold_sensitivity,7001,joint_dirichlet_0.3,B3,4,3,7,0.3,0.758232044198895,0.4591200122372274,0.0070887470485837,0.0062877373511579,0.0062877373511579,0.1935115191025377,measured,outputs/major_revision/threshold-sensitivity-10seed-aa165b3/metrics/fairness_metrics_global.csv,10.0,submitted,updated,
threshold-sensitivity-10seed-aa165b3,threshold_sensitivity,7001,joint_dirichlet_0.3,B3,5,2,8,0.2,0.7569060773480663,0.4537413586327632,0.0061343555105136,0.0070619969654018,0.0070619969654018,0.1944659106406078,measured,outputs/major_revision/threshold-sensitivity-10seed-aa165b3/metrics/fairness_metrics_global.csv,10.0,submitted,updated,
threshold-sensitivity-10seed-aa165b3,threshold_sensitivity,7001,joint_dirichlet_0.3,B3,1,3,7,0.3,0.776353591160221,0.5545590939475366,0.0351201824730662,0.0191941455982716,0.0191941455982716,0.172737737751121,measured,outputs/major_revision/threshold-sensitivity-10seed-aa165b3/metrics/fairness_metrics_global.csv,10.0,moderate,updated,
threshold-sensitivity-10seed-aa165b3,threshold_sensitivity,7001,joint_dirichlet_0.3,B3,2,4,6,0.4,0.7931491712707183,0.627206972745286,0.0638058540768094,0.0581381553889093,0.0581381553889093,0.1458601289397897,measured,outputs/major_revision/threshold-sensitivity-10seed-aa165b3/metrics/fairness_metrics_global.csv,10.0,moderate,updated,
threshold-sensitivity-10seed-aa165b3,threshold_sensitivity,7001,joint_dirichlet_0.3,B3,3,4,6,0.4,0.8026519337016574,0.6601700064546107,0.0828361940567901,0.0847751837305576,0.0847751837305576,0.1338106850851086,measured,outputs/major_revision/threshold-sensitivity-10seed-aa165b3/metrics/fairness_metrics_global.csv,10.0,moderate,updated,
threshold-sensitivity-10seed-aa165b3,threshold_sensitivity,7001,joint_dirichlet_0.3,B3,4,3,7,0.3,0.8057458563535912,0.7565576676737582,0.218636550410502,0.228781227950772,0.228781227950772,0.0667153778481334,measured,outputs/major_revision/threshold-sensitivity-10seed-aa165b3/metrics/fairness_metrics_global.csv,10.0,moderate,updated,
threshold-sensitivity-10seed-aa165b3,threshold_sensitivity,7001,joint_dirichlet_0.3,B3,5,2,8,0.2,0.6026519337016575,0.5969759337276943,0.2223235367259133,0.0801670902199771,0.1486075461495117,0.0103926843203475,measured,outputs/major_revision/threshold-sensitivity-10seed-aa165b3/metrics/fairness_metrics_global.csv,10.0,moderate,updated,
threshold-sensitivity-10seed-aa165b3,threshold_sensitivity,7001,joint_dirichlet_0.3,B3,1,2,8,0.2,0.7531491712707182,0.4373672917924757,0.000927428807249,0.0046767778311989,0.0046767778311989,0.1990186011646116,measured,outputs/major_revision/threshold-sensitivity-10seed-aa165b3/metrics/fairness_metrics_global.csv,10.0,strict,updated,
threshold-sensitivity-10seed-aa165b3,threshold_sensitivity,7001,joint_dirichlet_0.3,B3,2,1,9,0.1,0.7520441988950276,0.4327064896755161,0.0013084723585214,0.0041710114702815,0.0041710114702815,0.1986375576133393,measured,outputs/major_revision/threshold-sensitivity-10seed-aa165b3/metrics/fairness_metrics_global.csv,10.0,strict,updated,
threshold-sensitivity-10seed-aa165b3,threshold_sensitivity,7001,joint_dirichlet_0.3,B3,3,1,9,0.1,0.7516022099447514,0.4308313682518025,0.0006542361792607,0.0020855057351407,0.0020855057351407,0.1992917937925999,measured,outputs/major_revision/threshold-sensitivity-10seed-aa165b3/metrics/fairness_metrics_global.csv,10.0,strict,updated,
threshold-sensitivity-10seed-aa165b3,threshold_sensitivity,7001,joint_dirichlet_0.3,B3,4,1,9,0.1,0.7516022099447514,0.4308313682518025,0.0006542361792607,0.0020855057351407,0.0020855057351407,0.1992917937925999,measured,outputs/major_revision/threshold-sensitivity-10seed-aa165b3/metrics/fairness_metrics_global.csv,10.0,strict,updated,
threshold-sensitivity-10seed-aa165b3,threshold_sensitivity,7001,joint_dirichlet_0.3,B3,5,1,9,0.1,0.7513812154696132,0.4298914765352991,0.0003271180896303,0.0010427528675703,0.0010427528675703,0.1996189118822303,measured,outputs/major_revision/threshold-sensitivity-10seed-aa165b3/metrics/fairness_metrics_global.csv,10.0,strict,updated,
threshold-sensitivity-10seed-aa165b3,threshold_sensitivity,7002,joint_dirichlet_0.3,B3,1,5,5,0.5,0.7529281767955801,0.4364382007551958,0.0026169447170428,0.008342022940563,0.008342022940563,0.1973290852548178,measured,outputs/major_revision/threshold-sensitivity-10seed-aa165b3/metrics/fairness_metrics_global.csv,10.0,lenient,updated,
threshold-sensitivity-10seed-aa165b3,threshold_sensitivity,7002,joint_dirichlet_0.3,B3,2,6,4,0.6,0.7540331491712707,0.4410684315157133,0.0032442181654825,0.0065250104587488,0.0065250104587488,0.1967018118063782,measured,outputs/major_revision/threshold-sensitivity-10seed-aa165b3/metrics/fairness_metrics_global.csv,10.0,lenient,updated,
threshold-sensitivity-10seed-aa165b3,threshold_sensitivity,7002,joint_dirichlet_0.3,B3,3,5,5,0.5,0.7533701657458564,0.4382948563252143,0.0022628638965914,0.0033967518560376,0.0033967518560376,0.1976831660752692,measured,outputs/major_revision/threshold-sensitivity-10seed-aa165b3/metrics/fairness_metrics_global.csv,10.0,lenient,updated,
threshold-sensitivity-10seed-aa165b3,threshold_sensitivity,7002,joint_dirichlet_0.3,B3,4,4,6,0.4,0.7529281767955801,0.4364382007551958,0.0026169447170428,0.008342022940563,0.008342022940563,0.1973290852548178,measured,outputs/major_revision/threshold-sensitivity-10seed-aa165b3/metrics/fairness_metrics_global.csv,10.0,lenient,updated,
threshold-sensitivity-10seed-aa165b3,threshold_sensitivity,7002,joint_dirichlet_0.3,B3,5,4,6,0.4,0.7529281767955801,0.4364382007551958,0.0026169447170428,0.008342022940563,0.008342022940563,0.1973290852548178,measured,outputs/major_revision/threshold-sensitivity-10seed-aa165b3/metrics/fairness_metrics_global.csv,10.0,lenient,updated,
threshold-sensitivity-10seed-aa165b3,threshold_sensitivity,7002,joint_dirichlet_0.3,B3,1,5,5,0.5,0.7529281767955801,0.4364382007551958,0.0026169447170428,0.008342022940563,0.008342022940563,0.1973290852548178,measured,outputs/major_revision/threshold-sensitivity-10seed-aa165b3/metrics/fairness_metrics_global.csv,10.0,submitted,updated,
threshold-sensitivity-10seed-aa165b3,threshold_sensitivity,7002,joint_dirichlet_0.3,B3,2,5,5,0.5,0.752707182320442,0.4355075791299427,0.0022898266274124,0.0072992700729927,0.0072992700729927,0.1976562033444482,measured,outputs/major_revision/threshold-sensitivity-10seed-aa165b3/metrics/fairness_metrics_global.csv,10.0,submitted,updated,
threshold-sensitivity-10seed-aa165b3,threshold_sensitivity,7002,joint_dirichlet_0.3,B3,3,4,6,0.4,0.7524861878453039,0.4345754228188758,0.0019627085377821,0.0062565172054223,0.0062565172054223,0.1979833214340786,measured,outputs/major_revision/threshold-sensitivity-10seed-aa165b3/metrics/fairness_metrics_global.csv,10.0,submitted,updated,
threshold-sensitivity-10seed-aa165b3,threshold_sensitivity,7002,joint_dirichlet_0.3,B3,4,4,6,0.4,0.7524861878453039,0.4345754228188758,0.0019627085377821,0.0062565172054223,0.0062565172054223,0.1979833214340786,measured,outputs/major_revision/threshold-sensitivity-10seed-aa165b3/metrics/fairness_metrics_global.csv,10.0,submitted,updated,
threshold-sensitivity-10seed-aa165b3,threshold_sensitivity,7002,joint_dirichlet_0.3,B3,5,4,6,0.4,0.7524861878453039,0.4345754228188758,0.0019627085377821,0.0062565172054223,0.0062565172054223,0.1979833214340786,measured,outputs/major_revision/threshold-sensitivity-10seed-aa165b3/metrics/fairness_metrics_global.csv,10.0,submitted,updated,
threshold-sensitivity-10seed-aa165b3,threshold_sensitivity,7002,joint_dirichlet_0.3,B3,1,1,9,0.1,0.7703867403314917,0.526972186339842,0.0228245087212178,0.0014236386455452,0.0045217105856095,0.1805616091714286,measured,outputs/major_revision/threshold-sensitivity-10seed-aa165b3/metrics/fairness_metrics_global.csv,10.0,moderate,updated,
threshold-sensitivity-10seed-aa165b3,threshold_sensitivity,7002,joint_dirichlet_0.3,B3,2,1,9,0.1,0.7721546961325967,0.5372416207233702,0.0259878386942372,0.0001561007286782,0.0053676536857693,0.1779446644543857,measured,outputs/major_revision/threshold-sensitivity-10seed-aa165b3/metrics/fairness_metrics_global.csv,10.0,moderate,updated,
threshold-sensitivity-10seed-aa165b3,threshold_sensitivity,7002,joint_dirichlet_0.3,B3,3,1,9,0.1,0.7739226519337017,0.545472219612011,0.0302134111286108,0.0056383583198566,0.0072742313788103,0.1763360367370549,measured,outputs/major_revision/threshold-sensitivity-10seed-aa165b3/metrics/fairness_metrics_global.csv,10.0,moderate,updated,
threshold-sensitivity-10seed-aa165b3,threshold_sensitivity,7002,joint_dirichlet_0.3,B3,4,1,9,0.1,0.7752486187845304,0.5537432504021177,0.0327225049223696,0.0051325919589392,0.0081201744789701,0.1743733281992727,measured,outputs/major_revision/threshold-sensitivity-10seed-aa165b3/metrics/fairness_metrics_global.csv,10.0,moderate,updated,
threshold-sensitivity-10seed-aa165b3,threshold_sensitivity,7002,joint_dirichlet_0.3,B3,5,1,9,0.1,0.7770165745856353,0.562113223471416,0.0355856795365797,0.0046268255980219,0.0092581126639404,0.172764700481942,measured,outputs/major_revision/threshold-sensitivity-10seed-aa165b3/metrics/fairness_metrics_global.csv,10.0,moderate,updated,
threshold-sensitivity-10seed-aa165b3,threshold_sensitivity,7002,joint_dirichlet_0.3,B3,1,0,10,0.0,0.2488397790055248,0.199256768713502,0.0,0.0,0.0,0.1999460299718607,measured,outputs/major_revision/threshold-sensitivity-10seed-aa165b3/metrics/fairness_metrics_global.csv,10.0,strict,skipped_no_eligible_clients,
threshold-sensitivity-10seed-aa165b3,threshold_sensitivity,7002,joint_dirichlet_0.3,B3,2,0,10,0.0,0.2488397790055248,0.199256768713502,0.0,0.0,0.0,0.1999460299718607,measured,outputs/major_revision/threshold-sensitivity-10seed-aa165b3/metrics/fairness_metrics_global.csv,10.0,strict,skipped_no_eligible_clients,
threshold-sensitivity-10seed-aa165b3,threshold_sensitivity,7002,joint_dirichlet_0.3,B3,3,0,10,0.0,0.2488397790055248,0.199256768713502,0.0,0.0,0.0,0.1999460299718607,measured,outputs/major_revision/threshold-sensitivity-10seed-aa165b3/metrics/fairness_metrics_global.csv,10.0,strict,skipped_no_eligible_clients,
threshold-sensitivity-10seed-aa165b3,threshold_sensitivity,7002,joint_dirichlet_0.3,B3,4,0,10,0.0,0.2488397790055248,0.199256768713502,0.0,0.0,0.0,0.1999460299718607,measured,outputs/major_revision/threshold-sensitivity-10seed-aa165b3/metrics/fairness_metrics_global.csv,10.0,strict,skipped_no_eligible_clients,
threshold-sensitivity-10seed-aa165b3,threshold_sensitivity,7002,joint_dirichlet_0.3,B3,5,0,10,0.0,0.2488397790055248,0.199256768713502,0.0,0.0,0.0,0.1999460299718607,measured,outputs/major_revision/threshold-sensitivity-10seed-aa165b3/metrics/fairness_metrics_global.csv,10.0,strict,skipped_no_eligible_clients,
threshold-sensitivity-10seed-aa165b3,threshold_sensitivity,7003,joint_dirichlet_0.3,B3,1,8,2,0.8,0.7659668508287293,0.4937965991869646,0.018430029262362,0.0209174976428789,0.0209174976428789,0.1860956539643236,measured,outputs/major_revision/threshold-sensitivity-10seed-aa165b3/metrics/fairness_metrics_global.csv,10.0,lenient,updated,
threshold-sensitivity-10seed-aa165b3,threshold_sensitivity,7003,joint_dirichlet_0.3,B3,2,8,2,0.8,0.7626519337016575,0.4789316783292361,0.0135771833795487,0.0162094996659444,0.0162094996659444,0.1889857913093547,measured,outputs/major_revision/threshold-sensitivity-10seed-aa165b3/metrics/fairness_metrics_global.csv,10.0,lenient,updated,
threshold-sensitivity-10seed-aa165b3,threshold_sensitivity,7003,joint_dirichlet_0.3,B3,3,8,2,0.8,0.7626519337016575,0.4789316783292361,0.0135771833795487,0.0162094996659444,0.0162094996659444,0.1889857913093547,measured,outputs/major_revision/threshold-sensitivity-10seed-aa165b3/metrics/fairness_metrics_global.csv,10.0,lenient,updated,
threshold-sensitivity-10seed-aa165b3,threshold_sensitivity,7003,joint_dirichlet_0.3,B3,4,8,2,0.8,0.7633149171270718,0.4815004265128474,0.0145585376484398,0.0193377582686556,0.0193377582686556,0.1880044370404637,measured,outputs/major_revision/threshold-sensitivity-10seed-aa165b3/metrics/fairness_metrics_global.csv,10.0,lenient,updated,
threshold-sensitivity-10seed-aa165b3,threshold_sensitivity,7003,joint_dirichlet_0.3,B3,5,7,3,0.7,0.7619889502762431,0.4748412942411396,0.0112873567521362,0.0109957353280925,0.0109957353280925,0.1899671455782459,measured,outputs/major_revision/threshold-sensitivity-10seed-aa165b3/metrics/fairness_metrics_global.csv,10.0,lenient,updated,
threshold-sensitivity-10seed-aa165b3,threshold_sensitivity,7003,joint_dirichlet_0.3,B3,1,8,2,0.8,0.7659668508287293,0.4937965991869646,0.018430029262362,0.0209174976428789,0.0209174976428789,0.1860956539643236,measured,outputs/major_revision/threshold-sensitivity-10seed-aa165b3/metrics/fairness_metrics_global.csv,10.0,submitted,updated,
threshold-sensitivity-10seed-aa165b3,threshold_sensitivity,7003,joint_dirichlet_0.3,B3,2,8,2,0.8,0.7626519337016575,0.4789316783292361,0.0135771833795487,0.0162094996659444,0.0162094996659444,0.1889857913093547,measured,outputs/major_revision/threshold-sensitivity-10seed-aa165b3/metrics/fairness_metrics_global.csv,10.0,submitted,updated,
threshold-sensitivity-10seed-aa165b3,threshold_sensitivity,7003,joint_dirichlet_0.3,B3,3,7,3,0.7,0.761767955801105,0.4732135297603929,0.0113143194829573,0.0159410064126179,0.0159410064126179,0.1892859466681641,measured,outputs/major_revision/threshold-sensitivity-10seed-aa165b3/metrics/fairness_metrics_global.csv,10.0,submitted,updated,
threshold-sensitivity-10seed-aa165b3,threshold_sensitivity,7003,joint_dirichlet_0.3,B3,4,6,4,0.6,0.7580110497237569,0.4582271674166209,0.0067616289589533,0.0052449844835875,0.0052449844835875,0.1938386371921681,measured,outputs/major_revision/threshold-sensitivity-10seed-aa165b3/metrics/fairness_metrics_global.csv,10.0,submitted,updated,
threshold-sensitivity-10seed-aa165b3,threshold_sensitivity,7003,joint_dirichlet_0.3,B3,5,5,5,0.5,0.7569060773480663,0.4537413586327632,0.0061343555105136,0.0070619969654018,0.0070619969654018,0.1944659106406078,measured,outputs/major_revision/threshold-sensitivity-10seed-aa165b3/metrics/fairness_metrics_global.csv,10.0,submitted,updated,
threshold-sensitivity-10seed-aa165b3,threshold_sensitivity,7003,joint_dirichlet_0.3,B3,1,5,5,0.5,0.7591160220994475,0.4626771267189756,0.007388902407393,0.0034279720017733,0.0034279720017733,0.1932113637437283,measured,outputs/major_revision/threshold-sensitivity-10seed-aa165b3/metrics/fairness_metrics_global.csv,10.0,moderate,updated,
threshold-sensitivity-10seed-aa165b3,threshold_sensitivity,7003,joint_dirichlet_0.3,B3,2,5,5,0.5,0.7577900552486188,0.4573328886426166,0.006434510869323,0.0042022316160171,0.0042022316160171,0.1941657552817984,measured,outputs/major_revision/threshold-sensitivity-10seed-aa165b3/metrics/fairness_metrics_global.csv,10.0,moderate,updated,
threshold-sensitivity-10seed-aa165b3,threshold_sensitivity,7003,joint_dirichlet_0.3,B3,3,4,6,0.4,0.756243093922652,0.4510324691101789,0.0051530012416226,0.0039337383626906,0.0039337383626906,0.1954472649094988,measured,outputs/major_revision/threshold-sensitivity-10seed-aa165b3/metrics/fairness_metrics_global.csv,10.0,moderate,updated,
threshold-sensitivity-10seed-aa165b3,threshold_sensitivity,7003,joint_dirichlet_0.3,B3,4,3,7,0.3,0.756243093922652,0.4502161154645571,0.0044987650623618,0.0028909854951202,0.0028909854951202,0.1954472649094988,measured,outputs/major_revision/threshold-sensitivity-10seed-aa165b3/metrics/fairness_metrics_global.csv,10.0,moderate,updated,
threshold-sensitivity-10seed-aa165b3,threshold_sensitivity,7003,joint_dirichlet_0.3,B3,5,3,7,0.3,0.7560220994475139,0.4493080303403099,0.0041716469727315,0.0018482326275499,0.0018482326275499,0.1957743829991292,measured,outputs/major_revision/threshold-sensitivity-10seed-aa165b3/metrics/fairness_metrics_global.csv,10.0,moderate,updated,
threshold-sensitivity-10seed-aa165b3,threshold_sensitivity,7003,joint_dirichlet_0.3,B3,1,2,8,0.2,0.7518232044198895,0.4317697045749272,0.000981354268891,0.0031282586027111,0.0031282586027111,0.1989646757029696,measured,outputs/major_revision/threshold-sensitivity-10seed-aa165b3/metrics/fairness_metrics_global.csv,10.0,strict,updated,
threshold-sensitivity-10seed-aa165b3,threshold_sensitivity,7003,joint_dirichlet_0.3,B3,2,2,8,0.2,0.7518232044198895,0.4317697045749272,0.000981354268891,0.0031282586027111,0.0031282586027111,0.1989646757029696,measured,outputs/major_revision/threshold-sensitivity-10seed-aa165b3/metrics/fairness_metrics_global.csv,10.0,strict,updated,
threshold-sensitivity-10seed-aa165b3,threshold_sensitivity,7003,joint_dirichlet_0.3,B3,3,2,8,0.2,0.7518232044198895,0.4317697045749272,0.000981354268891,0.0031282586027111,0.0031282586027111,0.1989646757029696,measured,outputs/major_revision/threshold-sensitivity-10seed-aa165b3/metrics/fairness_metrics_global.csv,10.0,strict,updated,
threshold-sensitivity-10seed-aa165b3,threshold_sensitivity,7003,joint_dirichlet_0.3,B3,4,2,8,0.2,0.7518232044198895,0.4317697045749272,0.000981354268891,0.0031282586027111,0.0031282586027111,0.1989646757029696,measured,outputs/major_revision/threshold-sensitivity-10seed-aa165b3/metrics/fairness_metrics_global.csv,10.0,strict,updated,
threshold-sensitivity-10seed-aa165b3,threshold_sensitivity,7003,joint_dirichlet_0.3,B3,5,2,8,0.2,0.7518232044198895,0.4317697045749272,0.000981354268891,0.0031282586027111,0.0031282586027111,0.1989646757029696,measured,outputs/major_revision/threshold-sensitivity-10seed-aa165b3/metrics/fairness_metrics_global.csv,10.0,strict,updated,
threshold-sensitivity-10seed-aa165b3,threshold_sensitivity,7004,joint_dirichlet_0.3,B3,1,5,5,0.5,0.7748066298342542,0.5506401828478497,0.0381720962030235,0.0421034885390844,0.0421034885390844,0.1709942963796852,measured,outputs/major_revision/threshold-sensitivity-10seed-aa165b3/metrics/fairness_metrics_global.csv,10.0,lenient,updated,
threshold-sensitivity-10seed-aa165b3,threshold_sensitivity,7004,joint_dirichlet_0.3,B3,2,5,5,0.5,0.7761325966850828,0.5571397944891749,0.0407351154584243,0.0455002403951221,0.0455002403951221,0.169031587841903,measured,outputs/major_revision/threshold-sensitivity-10seed-aa165b3/metrics/fairness_metrics_global.csv,10.0,lenient,updated,
threshold-sensitivity-10seed-aa165b3,threshold_sensitivity,7004,joint_dirichlet_0.3,B3,3,4,6,0.4,0.7622099447513813,0.4779613462590857,0.0125688663798366,0.0081359699787078,0.0081359699787078,0.1906483444883275,measured,outputs/major_revision/threshold-sensitivity-10seed-aa165b3/metrics/fairness_metrics_global.csv,10.0,lenient,updated,
threshold-sensitivity-10seed-aa165b3,threshold_sensitivity,7004,joint_dirichlet_0.3,B3,4,4,6,0.4,0.7584530386740331,0.4600114268507409,0.0064075481385019,0.0002997133990621,0.0004766444232602,0.1941927180126194,measured,outputs/major_revision/threshold-sensitivity-10seed-aa165b3/metrics/fairness_metrics_global.csv,10.0,lenient,updated,
threshold-sensitivity-10seed-aa165b3,threshold_sensitivity,7004,joint_dirichlet_0.3,B3,5,3,7,0.3,0.7571270718232044,0.4546414109428675,0.006461473600144,0.0081047498329722,0.0081047498329722,0.1941387925509774,measured,outputs/major_revision/threshold-sensitivity-10seed-aa165b3/metrics/fairness_metrics_global.csv,10.0,lenient,updated,
threshold-sensitivity-10seed-aa165b3,threshold_sensitivity,7004,joint_dirichlet_0.3,B3,1,5,5,0.5,0.7748066298342542,0.5506401828478497,0.0381720962030235,0.0421034885390844,0.0421034885390844,0.1709942963796852,measured,outputs/major_revision/threshold-sensitivity-10seed-aa165b3/metrics/fairness_metrics_global.csv,10.0,submitted,updated,
threshold-sensitivity-10seed-aa165b3,threshold_sensitivity,7004,joint_dirichlet_0.3,B3,2,5,5,0.5,0.7761325966850828,0.5571397944891749,0.0407351154584243,0.0455002403951221,0.0455002403951221,0.169031587841903,measured,outputs/major_revision/threshold-sensitivity-10seed-aa165b3/metrics/fairness_metrics_global.csv,10.0,submitted,updated,
threshold-sensitivity-10seed-aa165b3,threshold_sensitivity,7004,joint_dirichlet_0.3,B3,3,4,6,0.4,0.7622099447513813,0.4779613462590857,0.0125688663798366,0.0081359699787078,0.0081359699787078,0.1906483444883275,measured,outputs/major_revision/threshold-sensitivity-10seed-aa165b3/metrics/fairness_metrics_global.csv,10.0,submitted,updated,
threshold-sensitivity-10seed-aa165b3,threshold_sensitivity,7004,joint_dirichlet_0.3,B3,4,4,6,0.4,0.7584530386740331,0.4600114268507409,0.0064075481385019,0.0002997133990621,0.0004766444232602,0.1941927180126194,measured,outputs/major_revision/threshold-sensitivity-10seed-aa165b3/metrics/fairness_metrics_global.csv,10.0,submitted,updated,
threshold-sensitivity-10seed-aa165b3,threshold_sensitivity,7004,joint_dirichlet_0.3,B3,5,3,7,0.3,0.7571270718232044,0.4546414109428675,0.006461473600144,0.0081047498329722,0.0081047498329722,0.1941387925509774,measured,outputs/major_revision/threshold-sensitivity-10seed-aa165b3/metrics/fairness_metrics_global.csv,10.0,submitted,updated,
threshold-sensitivity-10seed-aa165b3,threshold_sensitivity,7004,joint_dirichlet_0.3,B3,1,5,5,0.5,0.7748066298342542,0.5506401828478497,0.0381720962030235,0.0421034885390844,0.0421034885390844,0.1709942963796852,measured,outputs/major_revision/threshold-sensitivity-10seed-aa165b3/metrics/fairness_metrics_global.csv,10.0,moderate,updated,
threshold-sensitivity-10seed-aa165b3,threshold_sensitivity,7004,joint_dirichlet_0.3,B3,2,5,5,0.5,0.7761325966850828,0.5571397944891749,0.0407351154584243,0.0455002403951221,0.0455002403951221,0.169031587841903,measured,outputs/major_revision/threshold-sensitivity-10seed-aa165b3/metrics/fairness_metrics_global.csv,10.0,moderate,updated,
threshold-sensitivity-10seed-aa165b3,threshold_sensitivity,7004,joint_dirichlet_0.3,B3,3,3,7,0.3,0.7602209944751381,0.4678668360229426,0.0086704120350934,0.0026537123875294,0.0026537123875294,0.1925840902952886,measured,outputs/major_revision/threshold-sensitivity-10seed-aa165b3/metrics/fairness_metrics_global.csv,10.0,moderate,updated,
threshold-sensitivity-10seed-aa165b3,threshold_sensitivity,7004,joint_dirichlet_0.3,B3,4,3,7,0.3,0.7571270718232044,0.4546414109428675,0.006461473600144,0.0081047498329722,0.0081047498329722,0.1941387925509774,measured,outputs/major_revision/threshold-sensitivity-10seed-aa165b3/metrics/fairness_metrics_global.csv,10.0,moderate,updated,
threshold-sensitivity-10seed-aa165b3,threshold_sensitivity,7004,joint_dirichlet_0.3,B3,5,3,7,0.3,0.75646408839779,0.4511227297743533,0.0048258831519922,0.0039337383626906,0.0039337383626906,0.1951201468198684,measured,outputs/major_revision/threshold-sensitivity-10seed-aa165b3/metrics/fairness_metrics_global.csv,10.0,moderate,updated,
threshold-sensitivity-10seed-aa165b3,threshold_sensitivity,7004,joint_dirichlet_0.3,B3,1,1,9,0.1,0.7513812154696132,0.4298914765352991,0.0003271180896303,0.0010427528675703,0.0010427528675703,0.1996189118822303,measured,outputs/major_revision/threshold-sensitivity-10seed-aa165b3/metrics/fairness_metrics_global.csv,10.0,strict,updated,
threshold-sensitivity-10seed-aa165b3,threshold_sensitivity,7004,joint_dirichlet_0.3,B3,2,1,9,0.1,0.7513812154696132,0.4298914765352991,0.0003271180896303,0.0010427528675703,0.0010427528675703,0.1996189118822303,measured,outputs/major_revision/threshold-sensitivity-10seed-aa165b3/metrics/fairness_metrics_global.csv,10.0,strict,updated,
threshold-sensitivity-10seed-aa165b3,threshold_sensitivity,7004,joint_dirichlet_0.3,B3,3,1,9,0.1,0.7513812154696132,0.4298914765352991,0.0003271180896303,0.0010427528675703,0.0010427528675703,0.1996189118822303,measured,outputs/major_revision/threshold-sensitivity-10seed-aa165b3/metrics/fairness_metrics_global.csv,10.0,strict,updated,
threshold-sensitivity-10seed-aa165b3,threshold_sensitivity,7004,joint_dirichlet_0.3,B3,4,1,9,0.1,0.7513812154696132,0.4298914765352991,0.0003271180896303,0.0010427528675703,0.0010427528675703,0.1996189118822303,measured,outputs/major_revision/threshold-sensitivity-10seed-aa165b3/metrics/fairness_metrics_global.csv,10.0,strict,updated,
threshold-sensitivity-10seed-aa165b3,threshold_sensitivity,7004,joint_dirichlet_0.3,B3,5,1,9,0.1,0.7513812154696132,0.4298914765352991,0.0003271180896303,0.0010427528675703,0.0010427528675703,0.1996189118822303,measured,outputs/major_revision/threshold-sensitivity-10seed-aa165b3/metrics/fairness_metrics_global.csv,10.0,strict,updated,
threshold-sensitivity-10seed-aa165b3,threshold_sensitivity,7005,joint_dirichlet_0.3,B3,1,9,1,0.9,0.7661878453038674,0.4974409372774546,0.0183491410698989,0.0261312619807309,0.0261312619807309,0.1827435848755569,measured,outputs/major_revision/threshold-sensitivity-10seed-aa165b3/metrics/fairness_metrics_global.csv,10.0,lenient,updated,
threshold-sensitivity-10seed-aa165b3,threshold_sensitivity,7005,joint_dirichlet_0.3,B3,2,7,3,0.7,0.758232044198895,0.4591200122372274,0.0060804300488716,0.0007430394685082,0.0007430394685082,0.1945198361022497,measured,outputs/major_revision/threshold-sensitivity-10seed-aa165b3/metrics/fairness_metrics_global.csv,10.0,lenient,updated,
threshold-sensitivity-10seed-aa165b3,threshold_sensitivity,7005,joint_dirichlet_0.3,B3,3,8,2,0.8,0.76,0.4662115953464283,0.0086973747659144,0.0075989834720548,0.0075989834720548,0.1919028913852069,measured,outputs/major_revision/threshold-sensitivity-10seed-aa165b3/metrics/fairness_metrics_global.csv,10.0,lenient,updated,
threshold-sensitivity-10seed-aa165b3,threshold_sensitivity,7005,joint_dirichlet_0.3,B3,4,6,4,0.6,0.7577900552486188,0.4573328886426166,0.006434510869323,0.0042022316160171,0.0042022316160171,0.1941657552817984,measured,outputs/major_revision/threshold-sensitivity-10seed-aa165b3/metrics/fairness_metrics_global.csv,10.0,lenient,updated,
threshold-sensitivity-10seed-aa165b3,threshold_sensitivity,7005,joint_dirichlet_0.3,B3,5,6,4,0.6,0.7573480662983425,0.4555400141844842,0.0067885916897743,0.0091475027005426,0.0091475027005426,0.193811674461347,measured,outputs/major_revision/threshold-sensitivity-10seed-aa165b3/metrics/fairness_metrics_global.csv,10.0,lenient,updated,
threshold-sensitivity-10seed-aa165b3,threshold_sensitivity,7005,joint_dirichlet_0.3,B3,1,9,1,0.9,0.7661878453038674,0.4974409372774546,0.0183491410698989,0.0261312619807309,0.0261312619807309,0.1827435848755569,measured,outputs/major_revision/threshold-sensitivity-10seed-aa165b3/metrics/fairness_metrics_global.csv,10.0,submitted,updated,
threshold-sensitivity-10seed-aa165b3,threshold_sensitivity,7005,joint_dirichlet_0.3,B3,2,6,4,0.6,0.7575690607734806,0.4564371721559786,0.0061073927796926,0.0031594787484467,0.0031594787484467,0.1944928733714288,measured,outputs/major_revision/threshold-sensitivity-10seed-aa165b3/metrics/fairness_metrics_global.csv,10.0,submitted,updated,
threshold-sensitivity-10seed-aa165b3,threshold_sensitivity,7005,joint_dirichlet_0.3,B3,3,6,4,0.6,0.7569060773480663,0.4537413586327632,0.0061343555105136,0.0070619969654018,0.0070619969654018,0.1944659106406078,measured,outputs/major_revision/threshold-sensitivity-10seed-aa165b3/metrics/fairness_metrics_global.csv,10.0,submitted,updated,
threshold-sensitivity-10seed-aa165b3,threshold_sensitivity,7005,joint_dirichlet_0.3,B3,4,6,4,0.6,0.756243093922652,0.4510324691101789,0.0051530012416226,0.0039337383626906,0.0039337383626906,0.1954472649094988,measured,outputs/major_revision/threshold-sensitivity-10seed-aa165b3/metrics/fairness_metrics_global.csv,10.0,submitted,updated,
threshold-sensitivity-10seed-aa165b3,threshold_sensitivity,7005,joint_dirichlet_0.3,B3,5,6,4,0.6,0.756243093922652,0.4510324691101789,0.0051530012416226,0.0039337383626906,0.0039337383626906,0.1954472649094988,measured,outputs/major_revision/threshold-sensitivity-10seed-aa165b3/metrics/fairness_metrics_global.csv,10.0,submitted,updated,
threshold-sensitivity-10seed-aa165b3,threshold_sensitivity,7005,joint_dirichlet_0.3,B3,1,5,5,0.5,0.756243093922652,0.4502161154645571,0.0044987650623618,0.0028909854951202,0.0028909854951202,0.1954472649094988,measured,outputs/major_revision/threshold-sensitivity-10seed-aa165b3/metrics/fairness_metrics_global.csv,10.0,moderate,updated,
threshold-sensitivity-10seed-aa165b3,threshold_sensitivity,7005,joint_dirichlet_0.3,B3,2,4,6,0.4,0.7560220994475139,0.4493080303403099,0.0041716469727315,0.0018482326275499,0.0018482326275499,0.1957743829991292,measured,outputs/major_revision/threshold-sensitivity-10seed-aa165b3/metrics/fairness_metrics_global.csv,10.0,moderate,updated,
threshold-sensitivity-10seed-aa165b3,threshold_sensitivity,7005,joint_dirichlet_0.3,B3,3,4,6,0.4,0.7560220994475139,0.4493080303403099,0.0041716469727315,0.0018482326275499,0.0018482326275499,0.1957743829991292,measured,outputs/major_revision/threshold-sensitivity-10seed-aa165b3/metrics/fairness_metrics_global.csv,10.0,moderate,updated,
threshold-sensitivity-10seed-aa165b3,threshold_sensitivity,7005,joint_dirichlet_0.3,B3,4,4,6,0.4,0.7560220994475139,0.4493080303403099,0.0041716469727315,0.0018482326275499,0.0018482326275499,0.1957743829991292,measured,outputs/major_revision/threshold-sensitivity-10seed-aa165b3/metrics/fairness_metrics_global.csv,10.0,moderate,updated,
threshold-sensitivity-10seed-aa165b3,threshold_sensitivity,7005,joint_dirichlet_0.3,B3,5,4,6,0.4,0.7558011049723757,0.4492192271879742,0.0044987650623618,0.0018482326275499,0.0018482326275499,0.1961015010887595,measured,outputs/major_revision/threshold-sensitivity-10seed-aa165b3/metrics/fairness_metrics_global.csv,10.0,moderate,updated,
threshold-sensitivity-10seed-aa165b3,threshold_sensitivity,7005,joint_dirichlet_0.3,B3,1,0,10,0.0,0.2488397790055248,0.199256768713502,0.0,0.0,0.0,0.1999460299718607,measured,outputs/major_revision/threshold-sensitivity-10seed-aa165b3/metrics/fairness_metrics_global.csv,10.0,strict,skipped_no_eligible_clients,
threshold-sensitivity-10seed-aa165b3,threshold_sensitivity,7005,joint_dirichlet_0.3,B3,2,0,10,0.0,0.2488397790055248,0.199256768713502,0.0,0.0,0.0,0.1999460299718607,measured,outputs/major_revision/threshold-sensitivity-10seed-aa165b3/metrics/fairness_metrics_global.csv,10.0,strict,skipped_no_eligible_clients,
threshold-sensitivity-10seed-aa165b3,threshold_sensitivity,7005,joint_dirichlet_0.3,B3,3,0,10,0.0,0.2488397790055248,0.199256768713502,0.0,0.0,0.0,0.1999460299718607,measured,outputs/major_revision/threshold-sensitivity-10seed-aa165b3/metrics/fairness_metrics_global.csv,10.0,strict,skipped_no_eligible_clients,
threshold-sensitivity-10seed-aa165b3,threshold_sensitivity,7005,joint_dirichlet_0.3,B3,4,0,10,0.0,0.2488397790055248,0.199256768713502,0.0,0.0,0.0,0.1999460299718607,measured,outputs/major_revision/threshold-sensitivity-10seed-aa165b3/metrics/fairness_metrics_global.csv,10.0,strict,skipped_no_eligible_clients,
threshold-sensitivity-10seed-aa165b3,threshold_sensitivity,7005,joint_dirichlet_0.3,B3,5,0,10,0.0,0.2488397790055248,0.199256768713502,0.0,0.0,0.0,0.1999460299718607,measured,outputs/major_revision/threshold-sensitivity-10seed-aa165b3/metrics/fairness_metrics_global.csv,10.0,strict,skipped_no_eligible_clients,
threshold-sensitivity-10seed-aa165b3,threshold_sensitivity,7006,joint_dirichlet_0.3,B3,1,4,6,0.4,0.767292817679558,0.506985797048035,0.0262269379518485,0.0396870492591459,0.0396870492591459,0.1821163114271172,measured,outputs/major_revision/threshold-sensitivity-10seed-aa165b3/metrics/fairness_metrics_global.csv,10.0,lenient,updated,
threshold-sensitivity-10seed-aa165b3,threshold_sensitivity,7006,joint_dirichlet_0.3,B3,2,4,6,0.4,0.7622099447513813,0.4749502222314243,0.011968555662218,0.0180265121477587,0.0180265121477587,0.1886317104889033,measured,outputs/major_revision/threshold-sensitivity-10seed-aa165b3/metrics/fairness_metrics_global.csv,10.0,lenient,updated,
threshold-sensitivity-10seed-aa165b3,threshold_sensitivity,7006,joint_dirichlet_0.3,B3,3,5,5,0.5,0.7659668508287293,0.4973151010499477,0.0217012101586656,0.0331620388003971,0.0331620388003971,0.1840790199648994,measured,outputs/major_revision/threshold-sensitivity-10seed-aa165b3/metrics/fairness_metrics_global.csv,10.0,lenient,updated,
threshold-sensitivity-10seed-aa165b3,threshold_sensitivity,7006,joint_dirichlet_0.3,B3,4,5,5,0.5,0.7679558011049724,0.5113784921590195,0.0291710007585217,0.0459435664645682,0.0459435664645682,0.1811349571582262,measured,outputs/major_revision/threshold-sensitivity-10seed-aa165b3/metrics/fairness_metrics_global.csv,10.0,lenient,updated,
threshold-sensitivity-10seed-aa165b3,threshold_sensitivity,7006,joint_dirichlet_0.3,B3,5,5,5,0.5,0.7706077348066298,0.5227406298874644,0.033042492372444,0.0545540826584578,0.0545540826584578,0.177209540082662,measured,outputs/major_revision/threshold-sensitivity-10seed-aa165b3/metrics/fairness_metrics_global.csv,10.0,lenient,updated,
threshold-sensitivity-10seed-aa165b3,threshold_sensitivity,7006,joint_dirichlet_0.3,B3,1,4,6,0.4,0.767292817679558,0.506985797048035,0.0262269379518485,0.0396870492591459,0.0396870492591459,0.1821163114271172,measured,outputs/major_revision/threshold-sensitivity-10seed-aa165b3/metrics/fairness_metrics_global.csv,10.0,submitted,updated,
threshold-sensitivity-10seed-aa165b3,threshold_sensitivity,7006,joint_dirichlet_0.3,B3,2,3,7,0.3,0.7615469613259669,0.4723431273218507,0.0109872013933269,0.0148982535450475,0.0148982535450475,0.1896130647577945,measured,outputs/major_revision/threshold-sensitivity-10seed-aa165b3/metrics/fairness_metrics_global.csv,10.0,submitted,updated,
threshold-sensitivity-10seed-aa165b3,threshold_sensitivity,7006,joint_dirichlet_0.3,B3,3,4,6,0.4,0.7633149171270718,0.483709707059704,0.0175295631859341,0.0294967936910329,0.0294967936910329,0.1869961200407516,measured,outputs/major_revision/threshold-sensitivity-10seed-aa165b3/metrics/fairness_metrics_global.csv,10.0,submitted,updated,
threshold-sensitivity-10seed-aa165b3,threshold_sensitivity,7006,joint_dirichlet_0.3,B3,4,3,7,0.3,0.7624309392265194,0.4758165193214718,0.0122956737518483,0.019069265015329,0.019069265015329,0.188304592399273,measured,outputs/major_revision/threshold-sensitivity-10seed-aa165b3/metrics/fairness_metrics_global.csv,10.0,submitted,updated,
threshold-sensitivity-10seed-aa165b3,threshold_sensitivity,7006,joint_dirichlet_0.3,B3,5,3,7,0.3,0.7622099447513813,0.4749502222314243,0.011968555662218,0.0180265121477587,0.0180265121477587,0.1886317104889033,measured,outputs/major_revision/threshold-sensitivity-10seed-aa165b3/metrics/fairness_metrics_global.csv,10.0,submitted,updated,
threshold-sensitivity-10seed-aa165b3,threshold_sensitivity,7006,joint_dirichlet_0.3,B3,1,2,8,0.2,0.7593370165745856,0.4635628577104896,0.0077160204970234,0.0044707248693436,0.0044707248693436,0.192884245654098,measured,outputs/major_revision/threshold-sensitivity-10seed-aa165b3/metrics/fairness_metrics_global.csv,10.0,moderate,updated,
threshold-sensitivity-10seed-aa165b3,threshold_sensitivity,7006,joint_dirichlet_0.3,B3,2,2,8,0.2,0.7597790055248619,0.4653300883606115,0.0083702566762841,0.0065562306044844,0.0065562306044844,0.1922300094748372,measured,outputs/major_revision/threshold-sensitivity-10seed-aa165b3/metrics/fairness_metrics_global.csv,10.0,moderate,updated,
threshold-sensitivity-10seed-aa165b3,threshold_sensitivity,7006,joint_dirichlet_0.3,B3,3,2,8,0.2,0.7611049723756906,0.4705981923047243,0.0103329652140662,0.0128127478099067,0.0128127478099067,0.1902673009370551,measured,outputs/major_revision/threshold-sensitivity-10seed-aa165b3/metrics/fairness_metrics_global.csv,10.0,moderate,updated,
threshold-sensitivity-10seed-aa165b3,threshold_sensitivity,7006,joint_dirichlet_0.3,B3,4,2,8,0.2,0.7615469613259669,0.4723431273218507,0.0109872013933269,0.0148982535450475,0.0148982535450475,0.1896130647577945,measured,outputs/major_revision/threshold-sensitivity-10seed-aa165b3/metrics/fairness_metrics_global.csv,10.0,moderate,updated,
threshold-sensitivity-10seed-aa165b3,threshold_sensitivity,7006,joint_dirichlet_0.3,B3,5,2,8,0.2,0.7619889502762431,0.4740825602186624,0.0116414375725876,0.0169837592801883,0.0169837592801883,0.1889588285785337,measured,outputs/major_revision/threshold-sensitivity-10seed-aa165b3/metrics/fairness_metrics_global.csv,10.0,moderate,updated,
threshold-sensitivity-10seed-aa165b3,threshold_sensitivity,7006,joint_dirichlet_0.3,B3,1,0,10,0.0,0.2488397790055248,0.199256768713502,0.0,0.0,0.0,0.1999460299718607,measured,outputs/major_revision/threshold-sensitivity-10seed-aa165b3/metrics/fairness_metrics_global.csv,10.0,strict,skipped_no_eligible_clients,
threshold-sensitivity-10seed-aa165b3,threshold_sensitivity,7006,joint_dirichlet_0.3,B3,2,0,10,0.0,0.2488397790055248,0.199256768713502,0.0,0.0,0.0,0.1999460299718607,measured,outputs/major_revision/threshold-sensitivity-10seed-aa165b3/metrics/fairness_metrics_global.csv,10.0,strict,skipped_no_eligible_clients,
threshold-sensitivity-10seed-aa165b3,threshold_sensitivity,7006,joint_dirichlet_0.3,B3,3,0,10,0.0,0.2488397790055248,0.199256768713502,0.0,0.0,0.0,0.1999460299718607,measured,outputs/major_revision/threshold-sensitivity-10seed-aa165b3/metrics/fairness_metrics_global.csv,10.0,strict,skipped_no_eligible_clients,
threshold-sensitivity-10seed-aa165b3,threshold_sensitivity,7006,joint_dirichlet_0.3,B3,4,0,10,0.0,0.2488397790055248,0.199256768713502,0.0,0.0,0.0,0.1999460299718607,measured,outputs/major_revision/threshold-sensitivity-10seed-aa165b3/metrics/fairness_metrics_global.csv,10.0,strict,skipped_no_eligible_clients,
threshold-sensitivity-10seed-aa165b3,threshold_sensitivity,7006,joint_dirichlet_0.3,B3,5,0,10,0.0,0.2488397790055248,0.199256768713502,0.0,0.0,0.0,0.1999460299718607,measured,outputs/major_revision/threshold-sensitivity-10seed-aa165b3/metrics/fairness_metrics_global.csv,10.0,strict,skipped_no_eligible_clients,
threshold-sensitivity-10seed-aa165b3,threshold_sensitivity,7007,joint_dirichlet_0.3,B3,1,8,2,0.8,0.7668508287292818,0.5087203393973074,0.0258189316697551,0.0357845310421909,0.0357845310421909,0.1817622306066658,measured,outputs/major_revision/threshold-sensitivity-10seed-aa165b3/metrics/fairness_metrics_global.csv,10.0,lenient,updated,
threshold-sensitivity-10seed-aa165b3,threshold_sensitivity,7007,joint_dirichlet_0.3,B3,2,7,3,0.7,0.7661878453038674,0.5029525188293416,0.0235830305039846,0.034473284921294,0.034473284921294,0.1827435848755569,measured,outputs/major_revision/threshold-sensitivity-10seed-aa165b3/metrics/fairness_metrics_global.csv,10.0,lenient,updated,
threshold-sensitivity-10seed-aa165b3,threshold_sensitivity,7007,joint_dirichlet_0.3,B3,3,7,3,0.7,0.7666298342541437,0.5059173286282568,0.0235291050423426,0.0316135195719093,0.0316135195719093,0.1820893486962962,measured,outputs/major_revision/threshold-sensitivity-10seed-aa165b3/metrics/fairness_metrics_global.csv,10.0,lenient,updated,
threshold-sensitivity-10seed-aa165b3,threshold_sensitivity,7007,joint_dirichlet_0.3,B3,4,7,3,0.7,0.7670718232044199,0.5081895029830258,0.024837577400864,0.0347417781746205,0.0347417781746205,0.1814351125170354,measured,outputs/major_revision/threshold-sensitivity-10seed-aa165b3/metrics/fairness_metrics_global.csv,10.0,lenient,updated,
threshold-sensitivity-10seed-aa165b3,threshold_sensitivity,7007,joint_dirichlet_0.3,B3,5,7,3,0.7,0.7679558011049724,0.5126923076923077,0.0274545221179069,0.0409982953800428,0.0409982953800428,0.1801266401585141,measured,outputs/major_revision/threshold-sensitivity-10seed-aa165b3/metrics/fairness_metrics_global.csv,10.0,lenient,updated,
threshold-sensitivity-10seed-aa165b3,threshold_sensitivity,7007,joint_dirichlet_0.3,B3,1,8,2,0.8,0.7668508287292818,0.5087203393973074,0.0258189316697551,0.0357845310421909,0.0357845310421909,0.1817622306066658,measured,outputs/major_revision/threshold-sensitivity-10seed-aa165b3/metrics/fairness_metrics_global.csv,10.0,submitted,updated,
threshold-sensitivity-10seed-aa165b3,threshold_sensitivity,7007,joint_dirichlet_0.3,B3,2,7,3,0.7,0.7661878453038674,0.5029525188293416,0.0235830305039846,0.034473284921294,0.034473284921294,0.1827435848755569,measured,outputs/major_revision/threshold-sensitivity-10seed-aa165b3/metrics/fairness_metrics_global.csv,10.0,submitted,updated,
threshold-sensitivity-10seed-aa165b3,threshold_sensitivity,7007,joint_dirichlet_0.3,B3,3,7,3,0.7,0.7666298342541437,0.5059173286282568,0.0235291050423426,0.0316135195719093,0.0316135195719093,0.1820893486962962,measured,outputs/major_revision/threshold-sensitivity-10seed-aa165b3/metrics/fairness_metrics_global.csv,10.0,submitted,updated,
threshold-sensitivity-10seed-aa165b3,threshold_sensitivity,7007,joint_dirichlet_0.3,B3,4,6,4,0.6,0.7615469613259669,0.4731059261615011,0.0116414375725876,0.0159410064126179,0.0159410064126179,0.1896130647577945,measured,outputs/major_revision/threshold-sensitivity-10seed-aa165b3/metrics/fairness_metrics_global.csv,10.0,submitted,updated,
threshold-sensitivity-10seed-aa165b3,threshold_sensitivity,7007,joint_dirichlet_0.3,B3,5,6,4,0.6,0.76,0.4662115953464283,0.0086973747659144,0.0075989834720548,0.0075989834720548,0.1919028913852069,measured,outputs/major_revision/threshold-sensitivity-10seed-aa165b3/metrics/fairness_metrics_global.csv,10.0,submitted,updated,
threshold-sensitivity-10seed-aa165b3,threshold_sensitivity,7007,joint_dirichlet_0.3,B3,1,5,5,0.5,0.7670718232044199,0.5034728324103818,0.0192496071463269,0.0204117312819616,0.0204117312819616,0.1824434295167476,measured,outputs/major_revision/threshold-sensitivity-10seed-aa165b3/metrics/fairness_metrics_global.csv,10.0,moderate,updated,
threshold-sensitivity-10seed-aa165b3,threshold_sensitivity,7007,joint_dirichlet_0.3,B3,2,4,6,0.4,0.7575690607734806,0.4564371721559786,0.0061073927796926,0.0031594787484467,0.0031594787484467,0.1944928733714288,measured,outputs/major_revision/threshold-sensitivity-10seed-aa165b3/metrics/fairness_metrics_global.csv,10.0,moderate,updated,
threshold-sensitivity-10seed-aa165b3,threshold_sensitivity,7007,joint_dirichlet_0.3,B3,3,4,6,0.4,0.75646408839779,0.4519368915477899,0.0054801193312529,0.004976491230261,0.004976491230261,0.1951201468198684,measured,outputs/major_revision/threshold-sensitivity-10seed-aa165b3/metrics/fairness_metrics_global.csv,10.0,moderate,updated,
threshold-sensitivity-10seed-aa165b3,threshold_sensitivity,7007,joint_dirichlet_0.3,B3,4,4,6,0.4,0.75646408839779,0.4511227297743533,0.0048258831519922,0.0039337383626906,0.0039337383626906,0.1951201468198684,measured,outputs/major_revision/threshold-sensitivity-10seed-aa165b3/metrics/fairness_metrics_global.csv,10.0,moderate,updated,
threshold-sensitivity-10seed-aa165b3,threshold_sensitivity,7007,joint_dirichlet_0.3,B3,5,4,6,0.4,0.756243093922652,0.4502161154645571,0.0044987650623618,0.0028909854951202,0.0028909854951202,0.1954472649094988,measured,outputs/major_revision/threshold-sensitivity-10seed-aa165b3/metrics/fairness_metrics_global.csv,10.0,moderate,updated,
threshold-sensitivity-10seed-aa165b3,threshold_sensitivity,7007,joint_dirichlet_0.3,B3,1,1,9,0.1,0.7522651933701657,0.4344986561257066,0.0022898266274124,0.0062565172054223,0.0062565172054223,0.1983104395237089,measured,outputs/major_revision/threshold-sensitivity-10seed-aa165b3/metrics/fairness_metrics_global.csv,10.0,strict,updated,
threshold-sensitivity-10seed-aa165b3,threshold_sensitivity,7007,joint_dirichlet_0.3,B3,2,1,9,0.1,0.7522651933701657,0.4344986561257066,0.0022898266274124,0.0062565172054223,0.0062565172054223,0.1983104395237089,measured,outputs/major_revision/threshold-sensitivity-10seed-aa165b3/metrics/fairness_metrics_global.csv,10.0,strict,updated,
threshold-sensitivity-10seed-aa165b3,threshold_sensitivity,7007,joint_dirichlet_0.3,B3,3,1,9,0.1,0.7522651933701657,0.4344986561257066,0.0022898266274124,0.0062565172054223,0.0062565172054223,0.1983104395237089,measured,outputs/major_revision/threshold-sensitivity-10seed-aa165b3/metrics/fairness_metrics_global.csv,10.0,strict,updated,
threshold-sensitivity-10seed-aa165b3,threshold_sensitivity,7007,joint_dirichlet_0.3,B3,4,1,9,0.1,0.7522651933701657,0.4344986561257066,0.0022898266274124,0.0062565172054223,0.0062565172054223,0.1983104395237089,measured,outputs/major_revision/threshold-sensitivity-10seed-aa165b3/metrics/fairness_metrics_global.csv,10.0,strict,updated,
threshold-sensitivity-10seed-aa165b3,threshold_sensitivity,7007,joint_dirichlet_0.3,B3,5,1,9,0.1,0.7522651933701657,0.4344986561257066,0.0022898266274124,0.0062565172054223,0.0062565172054223,0.1983104395237089,measured,outputs/major_revision/threshold-sensitivity-10seed-aa165b3/metrics/fairness_metrics_global.csv,10.0,strict,updated,
threshold-sensitivity-10seed-aa165b3,threshold_sensitivity,7008,joint_dirichlet_0.3,B3,1,5,5,0.5,0.761767955801105,0.4754878937321989,0.0122687110210273,0.0120384881956628,0.0120384881956628,0.1902942636678762,measured,outputs/major_revision/threshold-sensitivity-10seed-aa165b3/metrics/fairness_metrics_global.csv,10.0,lenient,updated,
threshold-sensitivity-10seed-aa165b3,threshold_sensitivity,7008,joint_dirichlet_0.3,B3,2,4,6,0.4,0.7608839779005525,0.471258848980283,0.0103060024832452,0.0068247238578109,0.0068247238578109,0.1916027360263976,measured,outputs/major_revision/threshold-sensitivity-10seed-aa165b3/metrics/fairness_metrics_global.csv,10.0,lenient,updated,
threshold-sensitivity-10seed-aa165b3,threshold_sensitivity,7008,joint_dirichlet_0.3,B3,3,5,5,0.5,0.758232044198895,0.4591200122372274,0.0060804300488716,0.0007430394685082,0.0007430394685082,0.1945198361022497,measured,outputs/major_revision/threshold-sensitivity-10seed-aa165b3/metrics/fairness_metrics_global.csv,10.0,lenient,updated,
threshold-sensitivity-10seed-aa165b3,threshold_sensitivity,7008,joint_dirichlet_0.3,B3,4,5,5,0.5,0.7606629834254144,0.4696187255004778,0.0093246482143541,0.0047392181226701,0.0047392181226701,0.191929854116028,measured,outputs/major_revision/threshold-sensitivity-10seed-aa165b3/metrics/fairness_metrics_global.csv,10.0,lenient,updated,
threshold-sensitivity-10seed-aa165b3,threshold_sensitivity,7008,joint_dirichlet_0.3,B3,5,5,5,0.5,0.761767955801105,0.4747324101393405,0.0116144748417666,0.0109957353280925,0.0109957353280925,0.1902942636678762,measured,outputs/major_revision/threshold-sensitivity-10seed-aa165b3/metrics/fairness_metrics_global.csv,10.0,lenient,updated,
threshold-sensitivity-10seed-aa165b3,threshold_sensitivity,7008,joint_dirichlet_0.3,B3,1,4,6,0.4,0.7591160220994475,0.4626771267189756,0.007388902407393,0.0034279720017733,0.0034279720017733,0.1932113637437283,measured,outputs/major_revision/threshold-sensitivity-10seed-aa165b3/metrics/fairness_metrics_global.csv,10.0,submitted,updated,
threshold-sensitivity-10seed-aa165b3,threshold_sensitivity,7008,joint_dirichlet_0.3,B3,2,4,6,0.4,0.7604419889502763,0.4687434745049721,0.0089975301247237,0.0036964652550998,0.0036964652550998,0.1922569722056584,measured,outputs/major_revision/threshold-sensitivity-10seed-aa165b3/metrics/fairness_metrics_global.csv,10.0,submitted,updated,
threshold-sensitivity-10seed-aa165b3,threshold_sensitivity,7008,joint_dirichlet_0.3,B3,3,4,6,0.4,0.7575690607734806,0.4564371721559786,0.0061073927796926,0.0031594787484467,0.0031594787484467,0.1944928733714288,measured,outputs/major_revision/threshold-sensitivity-10seed-aa165b3/metrics/fairness_metrics_global.csv,10.0,submitted,updated,
threshold-sensitivity-10seed-aa165b3,threshold_sensitivity,7008,joint_dirichlet_0.3,B3,4,3,7,0.3,0.75646408839779,0.4511227297743533,0.0048258831519922,0.0039337383626906,0.0039337383626906,0.1951201468198684,measured,outputs/major_revision/threshold-sensitivity-10seed-aa165b3/metrics/fairness_metrics_global.csv,10.0,submitted,updated,
threshold-sensitivity-10seed-aa165b3,threshold_sensitivity,7008,joint_dirichlet_0.3,B3,5,3,7,0.3,0.756243093922652,0.4502161154645571,0.0044987650623618,0.0028909854951202,0.0028909854951202,0.1954472649094988,measured,outputs/major_revision/threshold-sensitivity-10seed-aa165b3/metrics/fairness_metrics_global.csv,10.0,submitted,updated,
threshold-sensitivity-10seed-aa165b3,threshold_sensitivity,7008,joint_dirichlet_0.3,B3,1,3,7,0.3,0.7584530386740331,0.4615924733494629,0.0067077034973113,0.0046455576854632,0.0046455576854632,0.1952010350123315,measured,outputs/major_revision/threshold-sensitivity-10seed-aa165b3/metrics/fairness_metrics_global.csv,10.0,moderate,updated,
threshold-sensitivity-10seed-aa165b3,threshold_sensitivity,7008,joint_dirichlet_0.3,B3,2,3,7,0.3,0.7602209944751381,0.4686392586962312,0.008316331214642,0.0033343115645663,0.0033343115645663,0.1935924072950007,measured,outputs/major_revision/threshold-sensitivity-10seed-aa165b3/metrics/fairness_metrics_global.csv,10.0,moderate,updated,
threshold-sensitivity-10seed-aa165b3,threshold_sensitivity,7008,joint_dirichlet_0.3,B3,3,2,8,0.2,0.75646408839779,0.4511227297743533,0.0048258831519922,0.0039337383626906,0.0039337383626906,0.1951201468198684,measured,outputs/major_revision/threshold-sensitivity-10seed-aa165b3/metrics/fairness_metrics_global.csv,10.0,moderate,updated,
threshold-sensitivity-10seed-aa165b3,threshold_sensitivity,7008,joint_dirichlet_0.3,B3,4,2,8,0.2,0.756243093922652,0.4502161154645571,0.0044987650623618,0.0028909854951202,0.0028909854951202,0.1954472649094988,measured,outputs/major_revision/threshold-sensitivity-10seed-aa165b3/metrics/fairness_metrics_global.csv,10.0,moderate,updated,
threshold-sensitivity-10seed-aa165b3,threshold_sensitivity,7008,joint_dirichlet_0.3,B3,5,2,8,0.2,0.7560220994475139,0.4493080303403099,0.0041716469727315,0.0018482326275499,0.0018482326275499,0.1957743829991292,measured,outputs/major_revision/threshold-sensitivity-10seed-aa165b3/metrics/fairness_metrics_global.csv,10.0,moderate,updated,
threshold-sensitivity-10seed-aa165b3,threshold_sensitivity,7008,joint_dirichlet_0.3,B3,1,0,10,0.0,0.2488397790055248,0.199256768713502,0.0,0.0,0.0,0.1999460299718607,measured,outputs/major_revision/threshold-sensitivity-10seed-aa165b3/metrics/fairness_metrics_global.csv,10.0,strict,skipped_no_eligible_clients,
threshold-sensitivity-10seed-aa165b3,threshold_sensitivity,7008,joint_dirichlet_0.3,B3,2,0,10,0.0,0.2488397790055248,0.199256768713502,0.0,0.0,0.0,0.1999460299718607,measured,outputs/major_revision/threshold-sensitivity-10seed-aa165b3/metrics/fairness_metrics_global.csv,10.0,strict,skipped_no_eligible_clients,
threshold-sensitivity-10seed-aa165b3,threshold_sensitivity,7008,joint_dirichlet_0.3,B3,3,0,10,0.0,0.2488397790055248,0.199256768713502,0.0,0.0,0.0,0.1999460299718607,measured,outputs/major_revision/threshold-sensitivity-10seed-aa165b3/metrics/fairness_metrics_global.csv,10.0,strict,skipped_no_eligible_clients,
threshold-sensitivity-10seed-aa165b3,threshold_sensitivity,7008,joint_dirichlet_0.3,B3,4,0,10,0.0,0.2488397790055248,0.199256768713502,0.0,0.0,0.0,0.1999460299718607,measured,outputs/major_revision/threshold-sensitivity-10seed-aa165b3/metrics/fairness_metrics_global.csv,10.0,strict,skipped_no_eligible_clients,
threshold-sensitivity-10seed-aa165b3,threshold_sensitivity,7008,joint_dirichlet_0.3,B3,5,0,10,0.0,0.2488397790055248,0.199256768713502,0.0,0.0,0.0,0.1999460299718607,measured,outputs/major_revision/threshold-sensitivity-10seed-aa165b3/metrics/fairness_metrics_global.csv,10.0,strict,skipped_no_eligible_clients,
threshold-sensitivity-10seed-aa165b3,threshold_sensitivity,7009,joint_dirichlet_0.3,B3,1,7,3,0.7,0.7657458563535912,0.4992704893525687,0.0199577687872297,0.029259520583442,0.029259520583442,0.1823895040551056,measured,outputs/major_revision/threshold-sensitivity-10seed-aa165b3/metrics/fairness_metrics_global.csv,10.0,lenient,updated,
threshold-sensitivity-10seed-aa165b3,threshold_sensitivity,7009,joint_dirichlet_0.3,B3,2,6,4,0.6,0.7611049723756906,0.4705981923047243,0.0103329652140662,0.0128127478099067,0.0128127478099067,0.1902673009370551,measured,outputs/major_revision/threshold-sensitivity-10seed-aa165b3/metrics/fairness_metrics_global.csv,10.0,lenient,updated,
threshold-sensitivity-10seed-aa165b3,threshold_sensitivity,7009,joint_dirichlet_0.3,B3,3,7,3,0.7,0.7630939226519337,0.4813864477088545,0.0148856557380702,0.0193377582686556,0.0193377582686556,0.188331555130094,measured,outputs/major_revision/threshold-sensitivity-10seed-aa165b3/metrics/fairness_metrics_global.csv,10.0,lenient,updated,
threshold-sensitivity-10seed-aa165b3,threshold_sensitivity,7009,joint_dirichlet_0.3,B3,4,7,3,0.7,0.7666298342541437,0.4983909544092552,0.0213740920690352,0.0271740148483013,0.0271740148483013,0.1851142996954325,measured,outputs/major_revision/threshold-sensitivity-10seed-aa165b3/metrics/fairness_metrics_global.csv,10.0,lenient,updated,
threshold-sensitivity-10seed-aa165b3,threshold_sensitivity,7009,joint_dirichlet_0.3,B3,5,7,3,0.7,0.7670718232044199,0.5068530912634306,0.0235291050423426,0.0326562724394797,0.0326562724394797,0.1814351125170354,measured,outputs/major_revision/threshold-sensitivity-10seed-aa165b3/metrics/fairness_metrics_global.csv,10.0,lenient,updated,
threshold-sensitivity-10seed-aa165b3,threshold_sensitivity,7009,joint_dirichlet_0.3,B3,1,7,3,0.7,0.7657458563535912,0.4992704893525687,0.0199577687872297,0.029259520583442,0.029259520583442,0.1823895040551056,measured,outputs/major_revision/threshold-sensitivity-10seed-aa165b3/metrics/fairness_metrics_global.csv,10.0,submitted,updated,
threshold-sensitivity-10seed-aa165b3,threshold_sensitivity,7009,joint_dirichlet_0.3,B3,2,6,4,0.6,0.7611049723756906,0.4705981923047243,0.0103329652140662,0.0128127478099067,0.0128127478099067,0.1902673009370551,measured,outputs/major_revision/threshold-sensitivity-10seed-aa165b3/metrics/fairness_metrics_global.csv,10.0,submitted,updated,
threshold-sensitivity-10seed-aa165b3,threshold_sensitivity,7009,joint_dirichlet_0.3,B3,3,6,4,0.6,0.76,0.4662115953464283,0.0086973747659144,0.0075989834720548,0.0075989834720548,0.1919028913852069,measured,outputs/major_revision/threshold-sensitivity-10seed-aa165b3/metrics/fairness_metrics_global.csv,10.0,submitted,updated,
threshold-sensitivity-10seed-aa165b3,threshold_sensitivity,7009,joint_dirichlet_0.3,B3,4,5,5,0.5,0.7575690607734806,0.4564371721559786,0.0061073927796926,0.0031594787484467,0.0031594787484467,0.1944928733714288,measured,outputs/major_revision/threshold-sensitivity-10seed-aa165b3/metrics/fairness_metrics_global.csv,10.0,submitted,updated,
threshold-sensitivity-10seed-aa165b3,threshold_sensitivity,7009,joint_dirichlet_0.3,B3,5,5,5,0.5,0.7566850828729281,0.4528398534426491,0.0058072374208833,0.0060192440978314,0.0060192440978314,0.194793028730238,measured,outputs/major_revision/threshold-sensitivity-10seed-aa165b3/metrics/fairness_metrics_global.csv,10.0,submitted,updated,
threshold-sensitivity-10seed-aa165b3,threshold_sensitivity,7009,joint_dirichlet_0.3,B3,1,4,6,0.4,0.8121546961325967,0.7055140780540631,0.1354248836145925,0.1659038544391925,0.1659038544391925,0.1187362902312911,measured,outputs/major_revision/threshold-sensitivity-10seed-aa165b3/metrics/fairness_metrics_global.csv,10.0,moderate,updated,
threshold-sensitivity-10seed-aa165b3,threshold_sensitivity,7009,joint_dirichlet_0.3,B3,2,2,8,0.2,0.7608839779005525,0.471258848980283,0.0103060024832452,0.0068247238578109,0.0068247238578109,0.1916027360263976,measured,outputs/major_revision/threshold-sensitivity-10seed-aa165b3/metrics/fairness_metrics_global.csv,10.0,moderate,updated,
threshold-sensitivity-10seed-aa165b3,threshold_sensitivity,7009,joint_dirichlet_0.3,B3,3,3,7,0.3,0.7641988950276243,0.4878164022018853,0.0134423697254436,0.0065874507502201,0.0065874507502201,0.1877042816816543,measured,outputs/major_revision/threshold-sensitivity-10seed-aa165b3/metrics/fairness_metrics_global.csv,10.0,moderate,updated,
threshold-sensitivity-10seed-aa165b3,threshold_sensitivity,7009,joint_dirichlet_0.3,B3,4,2,8,0.2,0.7595580110497238,0.4652285596104181,0.0086973747659144,0.0065562306044844,0.0065562306044844,0.1925571275644676,measured,outputs/major_revision/threshold-sensitivity-10seed-aa165b3/metrics/fairness_metrics_global.csv,10.0,moderate,updated,
threshold-sensitivity-10seed-aa165b3,threshold_sensitivity,7009,joint_dirichlet_0.3,B3,5,2,8,0.2,0.7577900552486188,0.4573328886426166,0.006434510869323,0.0042022316160171,0.0042022316160171,0.1941657552817984,measured,outputs/major_revision/threshold-sensitivity-10seed-aa165b3/metrics/fairness_metrics_global.csv,10.0,moderate,updated,
threshold-sensitivity-10seed-aa165b3,threshold_sensitivity,7009,joint_dirichlet_0.3,B3,1,0,10,0.0,0.2488397790055248,0.199256768713502,0.0,0.0,0.0,0.1999460299718607,measured,outputs/major_revision/threshold-sensitivity-10seed-aa165b3/metrics/fairness_metrics_global.csv,10.0,strict,skipped_no_eligible_clients,
threshold-sensitivity-10seed-aa165b3,threshold_sensitivity,7009,joint_dirichlet_0.3,B3,2,0,10,0.0,0.2488397790055248,0.199256768713502,0.0,0.0,0.0,0.1999460299718607,measured,outputs/major_revision/threshold-sensitivity-10seed-aa165b3/metrics/fairness_metrics_global.csv,10.0,strict,skipped_no_eligible_clients,
threshold-sensitivity-10seed-aa165b3,threshold_sensitivity,7009,joint_dirichlet_0.3,B3,3,0,10,0.0,0.2488397790055248,0.199256768713502,0.0,0.0,0.0,0.1999460299718607,measured,outputs/major_revision/threshold-sensitivity-10seed-aa165b3/metrics/fairness_metrics_global.csv,10.0,strict,skipped_no_eligible_clients,
threshold-sensitivity-10seed-aa165b3,threshold_sensitivity,7009,joint_dirichlet_0.3,B3,4,0,10,0.0,0.2488397790055248,0.199256768713502,0.0,0.0,0.0,0.1999460299718607,measured,outputs/major_revision/threshold-sensitivity-10seed-aa165b3/metrics/fairness_metrics_global.csv,10.0,strict,skipped_no_eligible_clients,
threshold-sensitivity-10seed-aa165b3,threshold_sensitivity,7009,joint_dirichlet_0.3,B3,5,0,10,0.0,0.2488397790055248,0.199256768713502,0.0,0.0,0.0,0.1999460299718607,measured,outputs/major_revision/threshold-sensitivity-10seed-aa165b3/metrics/fairness_metrics_global.csv,10.0,strict,skipped_no_eligible_clients,
threshold-sensitivity-10seed-aa165b3,threshold_sensitivity,7010,joint_dirichlet_0.3,B3,1,6,4,0.6,0.7606629834254144,0.4688477266477852,0.0096787290348055,0.010727242074766,0.010727242074766,0.1909215371163158,measured,outputs/major_revision/threshold-sensitivity-10seed-aa165b3/metrics/fairness_metrics_global.csv,10.0,lenient,updated,
threshold-sensitivity-10seed-aa165b3,threshold_sensitivity,7010,joint_dirichlet_0.3,B3,2,6,4,0.6,0.7615469613259669,0.4731059261615011,0.0116414375725876,0.0159410064126179,0.0159410064126179,0.1896130647577945,measured,outputs/major_revision/threshold-sensitivity-10seed-aa165b3/metrics/fairness_metrics_global.csv,10.0,lenient,updated,
threshold-sensitivity-10seed-aa165b3,threshold_sensitivity,7010,joint_dirichlet_0.3,B3,3,6,4,0.6,0.7615469613259669,0.4731059261615011,0.0116414375725876,0.0159410064126179,0.0159410064126179,0.1896130647577945,measured,outputs/major_revision/threshold-sensitivity-10seed-aa165b3/metrics/fairness_metrics_global.csv,10.0,lenient,updated,
threshold-sensitivity-10seed-aa165b3,threshold_sensitivity,7010,joint_dirichlet_0.3,B3,4,6,4,0.6,0.7619889502762431,0.4755973907623017,0.011941592931397,0.0120384881956628,0.0120384881956628,0.1899671455782459,measured,outputs/major_revision/threshold-sensitivity-10seed-aa165b3/metrics/fairness_metrics_global.csv,10.0,lenient,updated,
threshold-sensitivity-10seed-aa165b3,threshold_sensitivity,7010,joint_dirichlet_0.3,B3,5,6,4,0.6,0.7615469613259669,0.4738660691608075,0.0122956737518483,0.0169837592801883,0.0169837592801883,0.1896130647577945,measured,outputs/major_revision/threshold-sensitivity-10seed-aa165b3/metrics/fairness_metrics_global.csv,10.0,lenient,updated,
threshold-sensitivity-10seed-aa165b3,threshold_sensitivity,7010,joint_dirichlet_0.3,B3,1,6,4,0.6,0.7606629834254144,0.4688477266477852,0.0096787290348055,0.010727242074766,0.010727242074766,0.1909215371163158,measured,outputs/major_revision/threshold-sensitivity-10seed-aa165b3/metrics/fairness_metrics_global.csv,10.0,submitted,updated,
threshold-sensitivity-10seed-aa165b3,threshold_sensitivity,7010,joint_dirichlet_0.3,B3,2,6,4,0.6,0.7615469613259669,0.4731059261615011,0.0116414375725876,0.0159410064126179,0.0159410064126179,0.1896130647577945,measured,outputs/major_revision/threshold-sensitivity-10seed-aa165b3/metrics/fairness_metrics_global.csv,10.0,submitted,updated,
threshold-sensitivity-10seed-aa165b3,threshold_sensitivity,7010,joint_dirichlet_0.3,B3,3,6,4,0.6,0.7615469613259669,0.4731059261615011,0.0116414375725876,0.0159410064126179,0.0159410064126179,0.1896130647577945,measured,outputs/major_revision/threshold-sensitivity-10seed-aa165b3/metrics/fairness_metrics_global.csv,10.0,submitted,updated,
threshold-sensitivity-10seed-aa165b3,threshold_sensitivity,7010,joint_dirichlet_0.3,B3,4,5,5,0.5,0.7591160220994475,0.4626771267189756,0.007388902407393,0.0034279720017733,0.0034279720017733,0.1932113637437283,measured,outputs/major_revision/threshold-sensitivity-10seed-aa165b3/metrics/fairness_metrics_global.csv,10.0,submitted,updated,
threshold-sensitivity-10seed-aa165b3,threshold_sensitivity,7010,joint_dirichlet_0.3,B3,5,5,5,0.5,0.7580110497237569,0.4582271674166209,0.0067616289589533,0.0052449844835875,0.0052449844835875,0.1938386371921681,measured,outputs/major_revision/threshold-sensitivity-10seed-aa165b3/metrics/fairness_metrics_global.csv,10.0,submitted,updated,
threshold-sensitivity-10seed-aa165b3,threshold_sensitivity,7010,joint_dirichlet_0.3,B3,1,5,5,0.5,0.7664088397790055,0.4975668428834422,0.0190303399799807,0.0261312619807309,0.0261312619807309,0.1834247837856387,measured,outputs/major_revision/threshold-sensitivity-10seed-aa165b3/metrics/fairness_metrics_global.csv,10.0,moderate,updated,
threshold-sensitivity-10seed-aa165b3,threshold_sensitivity,7010,joint_dirichlet_0.3,B3,2,5,5,0.5,0.7668508287292818,0.5019756145269609,0.02028488687686,0.025357002366487,0.025357002366487,0.182770547606378,measured,outputs/major_revision/threshold-sensitivity-10seed-aa165b3/metrics/fairness_metrics_global.csv,10.0,moderate,updated,
threshold-sensitivity-10seed-aa165b3,threshold_sensitivity,7010,joint_dirichlet_0.3,B3,3,5,5,0.5,0.7664088397790055,0.5051129985562897,0.0232019869527122,0.0305707667043389,0.0305707667043389,0.1824164667859266,measured,outputs/major_revision/threshold-sensitivity-10seed-aa165b3/metrics/fairness_metrics_global.csv,10.0,moderate,updated,
threshold-sensitivity-10seed-aa165b3,threshold_sensitivity,7010,joint_dirichlet_0.3,B3,4,5,5,0.5,0.7679558011049724,0.5120364847277818,0.025791968938934,0.0329247656928062,0.0329247656928062,0.1811349571582262,measured,outputs/major_revision/threshold-sensitivity-10seed-aa165b3/metrics/fairness_metrics_global.csv,10.0,moderate,updated,
threshold-sensitivity-10seed-aa165b3,threshold_sensitivity,7010,joint_dirichlet_0.3,B3,5,4,6,0.4,0.7641988950276243,0.4863666020180124,0.0161671653657706,0.0185634986544117,0.0185634986544117,0.1877042816816543,measured,outputs/major_revision/threshold-sensitivity-10seed-aa165b3/metrics/fairness_metrics_global.csv,10.0,moderate,updated,
threshold-sensitivity-10seed-aa165b3,threshold_sensitivity,7010,joint_dirichlet_0.3,B3,1,2,8,0.2,0.7538121546961326,0.4401454221391368,0.00190878307614,0.0015485192284877,0.0015485192284877,0.1980372468957206,measured,outputs/major_revision/threshold-sensitivity-10seed-aa165b3/metrics/fairness_metrics_global.csv,10.0,strict,updated,
threshold-sensitivity-10seed-aa165b3,threshold_sensitivity,7010,joint_dirichlet_0.3,B3,2,2,8,0.2,0.7542541436464089,0.441989930578659,0.0025630192554007,0.000536986506653,0.000536986506653,0.1973830107164599,measured,outputs/major_revision/threshold-sensitivity-10seed-aa165b3/metrics/fairness_metrics_global.csv,10.0,strict,updated,
threshold-sensitivity-10seed-aa165b3,threshold_sensitivity,7010,joint_dirichlet_0.3,B3,3,2,8,0.2,0.7546961325966851,0.4438284137989683,0.0022089384349494,0.0044082845778724,0.0044082845778724,0.1977370915369113,measured,outputs/major_revision/threshold-sensitivity-10seed-aa165b3/metrics/fairness_metrics_global.csv,10.0,strict,updated,
threshold-sensitivity-10seed-aa165b3,threshold_sensitivity,7010,joint_dirichlet_0.3,B3,4,2,8,0.2,0.7551381215469614,0.4456609037307241,0.0028631746142101,0.0023227788427316,0.0023227788427316,0.1970828553576505,measured,outputs/major_revision/threshold-sensitivity-10seed-aa165b3/metrics/fairness_metrics_global.csv,10.0,strict,updated,
threshold-sensitivity-10seed-aa165b3,threshold_sensitivity,7010,joint_dirichlet_0.3,B3,5,2,8,0.2,0.7555801104972376,0.4474874320820173,0.0035174107934708,0.0002372731075908,0.0002372731075908,0.1964286191783899,measured,outputs/major_revision/threshold-sensitivity-10seed-aa165b3/metrics/fairness_metrics_global.csv,10.0,strict,updated,
adversarial-5seed-e8733cb,adversarial,10001,joint_dirichlet_0.3,B0,1,9,1,0.9,0.7695027624309392,0.512992457204228,0.02753541031037,0.0680786497911372,0.0680786497911372,0.1727952285325411,measured,outputs/major_revision/adversarial-5seed-e8733cb/metrics/fairness_metrics_global.csv,10.0,submitted,updated,none
adversarial-5seed-e8733cb,adversarial,10001,joint_dirichlet_0.3,B0,2,9,1,0.9,0.7708287292817679,0.520975875275539,0.0317609827447436,0.0795489313344114,0.0795489313344114,0.1698242029950468,measured,outputs/major_revision/adversarial-5seed-e8733cb/metrics/fairness_metrics_global.csv,10.0,submitted,updated,none
adversarial-5seed-e8733cb,adversarial,10001,joint_dirichlet_0.3,B0,3,9,1,0.9,0.7723756906077348,0.52891339223192,0.0356594370894868,0.0910192128776857,0.0910192128776857,0.1665260593679223,measured,outputs/major_revision/adversarial-5seed-e8733cb/metrics/fairness_metrics_global.csv,10.0,submitted,updated,none
adversarial-5seed-e8733cb,adversarial,10001,joint_dirichlet_0.3,B0,4,9,1,0.9,0.7732596685082873,0.5344101174301593,0.0365599031659148,0.0852996821789164,0.0852996821789164,0.1662259040091129,measured,outputs/major_revision/adversarial-5seed-e8733cb/metrics/fairness_metrics_global.csv,10.0,submitted,updated,none
adversarial-5seed-e8733cb,adversarial,10001,joint_dirichlet_0.3,B0,5,9,1,0.9,0.7756906077348066,0.5432538810802812,0.0408124383311094,0.097812716589761,0.097812716589761,0.1626276050231789,measured,outputs/major_revision/adversarial-5seed-e8733cb/metrics/fairness_metrics_global.csv,10.0,submitted,updated,none
adversarial-5seed-e8733cb,adversarial,10001,joint_dirichlet_0.3,B0,1,9,1,0.9,0.7856353591160221,0.5939543064109567,0.0565482000037435,0.0989491298945383,0.0989491298945383,0.148915607989525,measured,outputs/major_revision/adversarial-5seed-e8733cb/metrics/fairness_metrics_global.csv,10.0,submitted,updated,label_flip
adversarial-5seed-e8733cb,adversarial,10001,joint_dirichlet_0.3,B0,2,9,1,0.9,0.787182320441989,0.6016798537388113,0.0603927288868447,0.0994861164011913,0.0994861164011913,0.1476340983618247,measured,outputs/major_revision/adversarial-5seed-e8733cb/metrics/fairness_metrics_global.csv,10.0,submitted,updated,label_flip
adversarial-5seed-e8733cb,adversarial,10001,joint_dirichlet_0.3,B0,3,9,1,0.9,0.7887292817679558,0.6091926235254495,0.0632289407702338,0.1000231029078443,0.1000231029078443,0.1453442717344122,measured,outputs/major_revision/adversarial-5seed-e8733cb/metrics/fairness_metrics_global.csv,10.0,submitted,updated,label_flip
adversarial-5seed-e8733cb,adversarial,10001,joint_dirichlet_0.3,B0,4,9,1,0.9,0.7916022099447514,0.620985050268117,0.0673196995505023,0.0948405587157281,0.0948405587157281,0.1431083705686417,measured,outputs/major_revision/adversarial-5seed-e8733cb/metrics/fairness_metrics_global.csv,10.0,submitted,updated,label_flip
adversarial-5seed-e8733cb,adversarial,10001,joint_dirichlet_0.3,B0,5,9,1,0.9,0.7929281767955801,0.6266102168825365,0.0695286379854517,0.0922492866196699,0.0922492866196699,0.1421539790305718,measured,outputs/major_revision/adversarial-5seed-e8733cb/metrics/fairness_metrics_global.csv,10.0,submitted,updated,label_flip
adversarial-5seed-e8733cb,adversarial,10001,joint_dirichlet_0.3,B0,1,9,1,0.9,0.7856353591160221,0.5939543064109567,0.0565482000037435,0.0989491298945383,0.0989491298945383,0.148915607989525,measured,outputs/major_revision/adversarial-5seed-e8733cb/metrics/fairness_metrics_global.csv,10.0,submitted,updated,sign_flip
adversarial-5seed-e8733cb,adversarial,10001,joint_dirichlet_0.3,B0,2,9,1,0.9,0.7874033149171271,0.6005130040563111,0.0581029022594322,0.0963578577984802,0.0963578577984802,0.1473069802721943,measured,outputs/major_revision/adversarial-5seed-e8733cb/metrics/fairness_metrics_global.csv,10.0,submitted,updated,sign_flip
adversarial-5seed-e8733cb,adversarial,10001,joint_dirichlet_0.3,B0,3,9,1,0.9,0.7878453038674034,0.6044819551265476,0.060665921514833,0.0906383270997109,0.0906383270997109,0.1486693780923578,measured,outputs/major_revision/adversarial-5seed-e8733cb/metrics/fairness_metrics_global.csv,10.0,submitted,updated,sign_flip
adversarial-5seed-e8733cb,adversarial,10001,joint_dirichlet_0.3,B0,4,9,1,0.9,0.7885082872928176,0.6072586176733146,0.0629557481422455,0.0958520914375628,0.0958520914375628,0.1476880238234668,measured,outputs/major_revision/adversarial-5seed-e8733cb/metrics/fairness_metrics_global.csv,10.0,submitted,updated,sign_flip
adversarial-5seed-e8733cb,adversarial,10001,joint_dirichlet_0.3,B0,5,9,1,0.9,0.7889502762430939,0.6093849218670413,0.0639101396803156,0.1000231029078443,0.1000231029078443,0.1460254706444939,measured,outputs/major_revision/adversarial-5seed-e8733cb/metrics/fairness_metrics_global.csv,10.0,submitted,updated,sign_flip
adversarial-5seed-e8733cb,adversarial,10001,joint_dirichlet_0.3,B0,1,9,1,0.9,0.4205524861878453,0.4124617503787326,0.078080280305441,0.110681660661992,0.110681660661992,0.0026508152549337,measured,outputs/major_revision/adversarial-5seed-e8733cb/metrics/fairness_metrics_global.csv,10.0,submitted,updated,random_weights
adversarial-5seed-e8733cb,adversarial,10001,joint_dirichlet_0.3,B0,2,9,1,0.9,0.5838674033149172,0.5328019698196184,0.0228171552491757,0.0352725206521263,0.0509690792958998,0.0162513960455255,measured,outputs/major_revision/adversarial-5seed-e8733cb/metrics/fairness_metrics_global.csv,10.0,submitted,updated,random_weights
adversarial-5seed-e8733cb,adversarial,10001,joint_dirichlet_0.3,B0,3,9,1,0.9,0.5416574585635359,0.4886413913622658,0.1562655147118464,0.1777987299644715,0.1777987299644715,0.0818280998895641,measured,outputs/major_revision/adversarial-5seed-e8733cb/metrics/fairness_metrics_global.csv,10.0,submitted,updated,random_weights
adversarial-5seed-e8733cb,adversarial,10001,joint_dirichlet_0.3,B0,4,9,1,0.9,0.5129281767955801,0.5018431568431568,0.1081724705616001,0.1472154752018382,0.1498997251509252,0.1582841542036457,measured,outputs/major_revision/adversarial-5seed-e8733cb/metrics/fairness_metrics_global.csv,10.0,submitted,updated,random_weights
adversarial-5seed-e8733cb,adversarial,10001,joint_dirichlet_0.3,B0,5,9,1,0.9,0.3997790055248619,0.3997470809594904,0.0510117040535011,0.030964140540608,0.0770713149450924,0.1692718012619449,measured,outputs/major_revision/adversarial-5seed-e8733cb/metrics/fairness_metrics_global.csv,10.0,submitted,updated,random_weights
adversarial-5seed-e8733cb,adversarial,10001,joint_dirichlet_0.3,B6,1,9,1,0.9,0.7540331491712707,0.4427426842290977,0.005561007523716,0.0156412930135557,0.0156412930135557,0.1956934948066661,measured,outputs/major_revision/adversarial-5seed-e8733cb/metrics/fairness_metrics_global.csv,10.0,submitted,updated,none
adversarial-5seed-e8733cb,adversarial,10001,joint_dirichlet_0.3,B6,2,9,1,0.9,0.754475138121547,0.4445751818124066,0.0062152437029767,0.0177267987486965,0.0177267987486965,0.1950392586274053,measured,outputs/major_revision/adversarial-5seed-e8733cb/metrics/fairness_metrics_global.csv,10.0,submitted,updated,none
adversarial-5seed-e8733cb,adversarial,10001,joint_dirichlet_0.3,B6,3,9,1,0.9,0.7546961325966851,0.4454891949466901,0.005534044792895,0.0117387747966007,0.0117387747966007,0.1957204575374871,measured,outputs/major_revision/adversarial-5seed-e8733cb/metrics/fairness_metrics_global.csv,10.0,submitted,updated,none
adversarial-5seed-e8733cb,adversarial,10001,joint_dirichlet_0.3,B6,4,9,1,0.9,0.7549171270718232,0.446401722895337,0.0058611628825253,0.0127815276641711,0.0127815276641711,0.1953933394478567,measured,outputs/major_revision/adversarial-5seed-e8733cb/metrics/fairness_metrics_global.csv,10.0,submitted,updated,none
adversarial-5seed-e8733cb,adversarial,10001,joint_dirichlet_0.3,B6,5,9,1,0.9,0.7549171270718232,0.446401722895337,0.0058611628825253,0.0127815276641711,0.0127815276641711,0.1953933394478567,measured,outputs/major_revision/adversarial-5seed-e8733cb/metrics/fairness_metrics_global.csv,10.0,submitted,updated,none
adversarial-5seed-e8733cb,adversarial,10001,joint_dirichlet_0.3,B6,1,9,1,0.9,0.7549171270718232,0.446401722895337,0.0058611628825253,0.0127815276641711,0.0127815276641711,0.1953933394478567,measured,outputs/major_revision/adversarial-5seed-e8733cb/metrics/fairness_metrics_global.csv,10.0,submitted,updated,label_flip
adversarial-5seed-e8733cb,adversarial,10001,joint_dirichlet_0.3,B6,2,9,1,0.9,0.7549171270718232,0.446401722895337,0.0058611628825253,0.0127815276641711,0.0127815276641711,0.1953933394478567,measured,outputs/major_revision/adversarial-5seed-e8733cb/metrics/fairness_metrics_global.csv,10.0,submitted,updated,label_flip
adversarial-5seed-e8733cb,adversarial,10001,joint_dirichlet_0.3,B6,3,9,1,0.9,0.7553591160220995,0.4482223389113913,0.0065153990617861,0.0148670333993119,0.0148670333993119,0.1947391032685961,measured,outputs/major_revision/adversarial-5seed-e8733cb/metrics/fairness_metrics_global.csv,10.0,submitted,updated,label_flip
adversarial-5seed-e8733cb,adversarial,10001,joint_dirichlet_0.3,B6,4,9,1,0.9,0.7555801104972376,0.4491304347826086,0.0068425171514164,0.0159097862668822,0.0159097862668822,0.1944119851789657,measured,outputs/major_revision/adversarial-5seed-e8733cb/metrics/fairness_metrics_global.csv,10.0,submitted,updated,label_flip
adversarial-5seed-e8733cb,adversarial,10001,joint_dirichlet_0.3,B6,5,9,1,0.9,0.7560220994475139,0.4509422216594918,0.0074967533306771,0.017995292002023,0.017995292002023,0.193757748999705,measured,outputs/major_revision/adversarial-5seed-e8733cb/metrics/fairness_metrics_global.csv,10.0,submitted,updated,label_flip
adversarial-5seed-e8733cb,adversarial,10001,joint_dirichlet_0.3,B6,1,9,1,0.9,0.7549171270718232,0.446401722895337,0.0058611628825253,0.0127815276641711,0.0127815276641711,0.1953933394478567,measured,outputs/major_revision/adversarial-5seed-e8733cb/metrics/fairness_metrics_global.csv,10.0,submitted,updated,sign_flip
adversarial-5seed-e8733cb,adversarial,10001,joint_dirichlet_0.3,B6,2,9,1,0.9,0.7551381215469614,0.4473127695806734,0.0061882809721557,0.0138242805317415,0.0138242805317415,0.1950662213582265,measured,outputs/major_revision/adversarial-5seed-e8733cb/metrics/fairness_metrics_global.csv,10.0,submitted,updated,sign_flip
adversarial-5seed-e8733cb,adversarial,10001,joint_dirichlet_0.3,B6,3,9,1,0.9,0.7555801104972376,0.4491304347826086,0.0068425171514164,0.0159097862668822,0.0159097862668822,0.1944119851789657,measured,outputs/major_revision/adversarial-5seed-e8733cb/metrics/fairness_metrics_global.csv,10.0,submitted,updated,sign_flip
adversarial-5seed-e8733cb,adversarial,10001,joint_dirichlet_0.3,B6,4,9,1,0.9,0.7558011049723757,0.4500370610759272,0.0071696352410468,0.0169525391344526,0.0169525391344526,0.1940848670893353,measured,outputs/major_revision/adversarial-5seed-e8733cb/metrics/fairness_metrics_global.csv,10.0,submitted,updated,sign_flip
adversarial-5seed-e8733cb,adversarial,10001,joint_dirichlet_0.3,B6,5,9,1,0.9,0.7560220994475139,0.4517549635732459,0.0081509895099378,0.0190380448695934,0.0190380448695934,0.193757748999705,measured,outputs/major_revision/adversarial-5seed-e8733cb/metrics/fairness_metrics_global.csv,10.0,submitted,updated,sign_flip
adversarial-5seed-e8733cb,adversarial,10001,joint_dirichlet_0.3,B6,1,9,1,0.9,0.7549171270718232,0.446401722895337,0.0058611628825253,0.0127815276641711,0.0127815276641711,0.1953933394478567,measured,outputs/major_revision/adversarial-5seed-e8733cb/metrics/fairness_metrics_global.csv,10.0,submitted,updated,random_weights
adversarial-5seed-e8733cb,adversarial,10001,joint_dirichlet_0.3,B6,2,9,1,0.9,0.7549171270718232,0.4455750464716102,0.0052069267032646,0.0117387747966007,0.0117387747966007,0.1953933394478567,measured,outputs/major_revision/adversarial-5seed-e8733cb/metrics/fairness_metrics_global.csv,10.0,submitted,updated,random_weights
adversarial-5seed-e8733cb,adversarial,10001,joint_dirichlet_0.3,B6,3,9,1,0.9,0.7551381215469614,0.4473127695806734,0.0061882809721557,0.0138242805317415,0.0138242805317415,0.1950662213582265,measured,outputs/major_revision/adversarial-5seed-e8733cb/metrics/fairness_metrics_global.csv,10.0,submitted,updated,random_weights
adversarial-5seed-e8733cb,adversarial,10001,joint_dirichlet_0.3,B6,4,9,1,0.9,0.7558011049723757,0.4500370610759272,0.0071696352410468,0.0169525391344526,0.0169525391344526,0.1940848670893353,measured,outputs/major_revision/adversarial-5seed-e8733cb/metrics/fairness_metrics_global.csv,10.0,submitted,updated,random_weights
adversarial-5seed-e8733cb,adversarial,10001,joint_dirichlet_0.3,B6,5,9,1,0.9,0.756243093922652,0.451845920388049,0.0078238714203075,0.0190380448695934,0.0190380448695934,0.1934306309100746,measured,outputs/major_revision/adversarial-5seed-e8733cb/metrics/fairness_metrics_global.csv,10.0,submitted,updated,random_weights
adversarial-5seed-e8733cb,adversarial,10002,joint_dirichlet_0.3,B0,1,10,0,1.0,0.7646408839779005,0.491641093786146,0.0190842654416227,0.0399243223667368,0.0399243223667368,0.1820084605038331,measured,outputs/major_revision/adversarial-5seed-e8733cb/metrics/fairness_metrics_global.csv,10.0,submitted,updated,none
adversarial-5seed-e8733cb,adversarial,10002,joint_dirichlet_0.3,B0,2,10,0,1.0,0.7661878453038674,0.4981380333472546,0.0220283282482959,0.0482663453072998,0.0482663453072998,0.1797186338764206,measured,outputs/major_revision/adversarial-5seed-e8733cb/metrics/fairness_metrics_global.csv,10.0,submitted,updated,none
adversarial-5seed-e8733cb,adversarial,10002,joint_dirichlet_0.3,B0,3,10,0,1.0,0.7677348066298343,0.504545922879487,0.0239640740552571,0.0566083682478629,0.0566083682478629,0.176420490249296,measured,outputs/major_revision/adversarial-5seed-e8733cb/metrics/fairness_metrics_global.csv,10.0,submitted,updated,none
adversarial-5seed-e8733cb,adversarial,10002,joint_dirichlet_0.3,B0,4,10,0,1.0,0.7703867403314917,0.5148601754891591,0.028543727310082,0.070164155526278,0.070164155526278,0.1724950731737318,measured,outputs/major_revision/adversarial-5seed-e8733cb/metrics/fairness_metrics_global.csv,10.0,submitted,updated,none
adversarial-5seed-e8733cb,adversarial,10002,joint_dirichlet_0.3,B0,5,10,0,1.0,0.7712707182320442,0.5212606916784434,0.0311067465654828,0.0795489313344114,0.0795489313344114,0.1691699668157861,measured,outputs/major_revision/adversarial-5seed-e8733cb/metrics/fairness_metrics_global.csv,10.0,submitted,updated,none
adversarial-5seed-e8733cb,adversarial,10002,joint_dirichlet_0.3,B0,1,10,0,1.0,0.7511602209944751,0.4289500252397779,0.0,0.0,0.0,0.1999460299718607,measured,outputs/major_revision/adversarial-5seed-e8733cb/metrics/fairness_metrics_global.csv,10.0,submitted,updated,label_flip
adversarial-5seed-e8733cb,adversarial,10002,joint_dirichlet_0.3,B0,2,10,0,1.0,0.7511602209944751,0.4289500252397779,0.0,0.0,0.0,0.1999460299718607,measured,outputs/major_revision/adversarial-5seed-e8733cb/metrics/fairness_metrics_global.csv,10.0,submitted,updated,label_flip
adversarial-5seed-e8733cb,adversarial,10002,joint_dirichlet_0.3,B0,3,10,0,1.0,0.7511602209944751,0.4289500252397779,0.0,0.0,0.0,0.1999460299718607,measured,outputs/major_revision/adversarial-5seed-e8733cb/metrics/fairness_metrics_global.csv,10.0,submitted,updated,label_flip
adversarial-5seed-e8733cb,adversarial,10002,joint_dirichlet_0.3,B0,4,10,0,1.0,0.7511602209944751,0.4289500252397779,0.0,0.0,0.0,0.1999460299718607,measured,outputs/major_revision/adversarial-5seed-e8733cb/metrics/fairness_metrics_global.csv,10.0,submitted,updated,label_flip
adversarial-5seed-e8733cb,adversarial,10002,joint_dirichlet_0.3,B0,5,10,0,1.0,0.7511602209944751,0.4289500252397779,0.0,0.0,0.0,0.1999460299718607,measured,outputs/major_revision/adversarial-5seed-e8733cb/metrics/fairness_metrics_global.csv,10.0,submitted,updated,label_flip
adversarial-5seed-e8733cb,adversarial,10002,joint_dirichlet_0.3,B0,1,10,0,1.0,0.7511602209944751,0.4289500252397779,0.0,0.0,0.0,0.1999460299718607,measured,outputs/major_revision/adversarial-5seed-e8733cb/metrics/fairness_metrics_global.csv,10.0,submitted,updated,sign_flip
adversarial-5seed-e8733cb,adversarial,10002,joint_dirichlet_0.3,B0,2,10,0,1.0,0.7511602209944751,0.4289500252397779,0.0,0.0,0.0,0.1999460299718607,measured,outputs/major_revision/adversarial-5seed-e8733cb/metrics/fairness_metrics_global.csv,10.0,submitted,updated,sign_flip
adversarial-5seed-e8733cb,adversarial,10002,joint_dirichlet_0.3,B0,3,10,0,1.0,0.7511602209944751,0.4289500252397779,0.0,0.0,0.0,0.1999460299718607,measured,outputs/major_revision/adversarial-5seed-e8733cb/metrics/fairness_metrics_global.csv,10.0,submitted,updated,sign_flip
adversarial-5seed-e8733cb,adversarial,10002,joint_dirichlet_0.3,B0,4,10,0,1.0,0.7511602209944751,0.4289500252397779,0.0,0.0,0.0,0.1999460299718607,measured,outputs/major_revision/adversarial-5seed-e8733cb/metrics/fairness_metrics_global.csv,10.0,submitted,updated,sign_flip
adversarial-5seed-e8733cb,adversarial,10002,joint_dirichlet_0.3,B0,5,10,0,1.0,0.7511602209944751,0.4289500252397779,0.0,0.0,0.0,0.1999460299718607,measured,outputs/major_revision/adversarial-5seed-e8733cb/metrics/fairness_metrics_global.csv,10.0,submitted,updated,sign_flip
adversarial-5seed-e8733cb,adversarial,10002,joint_dirichlet_0.3,B0,1,10,0,1.0,0.7169060773480663,0.5412553791363703,0.1126012662233191,0.2887863480546727,0.2887863480546727,0.0913352479100541,measured,outputs/major_revision/adversarial-5seed-e8733cb/metrics/fairness_metrics_global.csv,10.0,submitted,updated,random_weights
adversarial-5seed-e8733cb,adversarial,10002,joint_dirichlet_0.3,B0,2,10,0,1.0,0.6519337016574586,0.5979572802796872,0.0848851387667024,0.2192903036471374,0.2192903036471374,0.0514631626703888,measured,outputs/major_revision/adversarial-5seed-e8733cb/metrics/fairness_metrics_global.csv,10.0,submitted,updated,random_weights
adversarial-5seed-e8733cb,adversarial,10002,joint_dirichlet_0.3,B0,3,10,0,1.0,0.6057458563535911,0.5443509131269564,0.1483821470177437,0.2243604553146053,0.2243604553146053,0.0758606459111576,measured,outputs/major_revision/adversarial-5seed-e8733cb/metrics/fairness_metrics_global.csv,10.0,submitted,updated,random_weights
adversarial-5seed-e8733cb,adversarial,10002,joint_dirichlet_0.3,B0,4,10,0,1.0,0.5535911602209945,0.5264660926824052,0.0144758667960878,0.0671420454190679,0.0671420454190679,0.0188271167526353,measured,outputs/major_revision/adversarial-5seed-e8733cb/metrics/fairness_metrics_global.csv,10.0,submitted,updated,random_weights
adversarial-5seed-e8733cb,adversarial,10002,joint_dirichlet_0.3,B0,5,10,0,1.0,0.7069613259668508,0.5480840145043329,0.0471038907443407,0.0965701547894825,0.0965701547894825,0.0889141729483143,measured,outputs/major_revision/adversarial-5seed-e8733cb/metrics/fairness_metrics_global.csv,10.0,submitted,updated,random_weights
adversarial-5seed-e8733cb,adversarial,10002,joint_dirichlet_0.3,B6,1,10,0,1.0,0.7529281767955801,0.4364382007551958,0.0026169447170428,0.008342022940563,0.008342022940563,0.1973290852548178,measured,outputs/major_revision/adversarial-5seed-e8733cb/metrics/fairness_metrics_global.csv,10.0,submitted,updated,none
adversarial-5seed-e8733cb,adversarial,10002,joint_dirichlet_0.3,B6,2,10,0,1.0,0.7531491712707182,0.4373672917924757,0.0029440628066732,0.0093847758081334,0.0093847758081334,0.1970019671651874,measured,outputs/major_revision/adversarial-5seed-e8733cb/metrics/fairness_metrics_global.csv,10.0,submitted,updated,none
adversarial-5seed-e8733cb,adversarial,10002,joint_dirichlet_0.3,B6,3,10,0,1.0,0.7531491712707182,0.4373672917924757,0.0029440628066732,0.0093847758081334,0.0093847758081334,0.1970019671651874,measured,outputs/major_revision/adversarial-5seed-e8733cb/metrics/fairness_metrics_global.csv,10.0,submitted,updated,none
adversarial-5seed-e8733cb,adversarial,10002,joint_dirichlet_0.3,B6,4,10,0,1.0,0.7533701657458564,0.4382948563252143,0.0032711808963035,0.0104275286757038,0.0104275286757038,0.1966748490755572,measured,outputs/major_revision/adversarial-5seed-e8733cb/metrics/fairness_metrics_global.csv,10.0,submitted,updated,none
adversarial-5seed-e8733cb,adversarial,10002,joint_dirichlet_0.3,B6,5,10,0,1.0,0.7538121546961326,0.4401454221391368,0.0039254170755642,0.0125130344108446,0.0125130344108446,0.1960206128962964,measured,outputs/major_revision/adversarial-5seed-e8733cb/metrics/fairness_metrics_global.csv,10.0,submitted,updated,none
adversarial-5seed-e8733cb,adversarial,10002,joint_dirichlet_0.3,B6,1,10,0,1.0,0.7529281767955801,0.4364382007551958,0.0026169447170428,0.008342022940563,0.008342022940563,0.1973290852548178,measured,outputs/major_revision/adversarial-5seed-e8733cb/metrics/fairness_metrics_global.csv,10.0,submitted,updated,label_flip
adversarial-5seed-e8733cb,adversarial,10002,joint_dirichlet_0.3,B6,2,10,0,1.0,0.7529281767955801,0.4364382007551958,0.0026169447170428,0.008342022940563,0.008342022940563,0.1973290852548178,measured,outputs/major_revision/adversarial-5seed-e8733cb/metrics/fairness_metrics_global.csv,10.0,submitted,updated,label_flip
adversarial-5seed-e8733cb,adversarial,10002,joint_dirichlet_0.3,B6,3,10,0,1.0,0.7529281767955801,0.4364382007551958,0.0026169447170428,0.008342022940563,0.008342022940563,0.1973290852548178,measured,outputs/major_revision/adversarial-5seed-e8733cb/metrics/fairness_metrics_global.csv,10.0,submitted,updated,label_flip
adversarial-5seed-e8733cb,adversarial,10002,joint_dirichlet_0.3,B6,4,10,0,1.0,0.7531491712707182,0.4373672917924757,0.0029440628066732,0.0093847758081334,0.0093847758081334,0.1970019671651874,measured,outputs/major_revision/adversarial-5seed-e8733cb/metrics/fairness_metrics_global.csv,10.0,submitted,updated,label_flip
adversarial-5seed-e8733cb,adversarial,10002,joint_dirichlet_0.3,B6,5,10,0,1.0,0.7531491712707182,0.4373672917924757,0.0029440628066732,0.0093847758081334,0.0093847758081334,0.1970019671651874,measured,outputs/major_revision/adversarial-5seed-e8733cb/metrics/fairness_metrics_global.csv,10.0,submitted,updated,label_flip
adversarial-5seed-e8733cb,adversarial,10002,joint_dirichlet_0.3,B6,1,10,0,1.0,0.7529281767955801,0.4364382007551958,0.0026169447170428,0.008342022940563,0.008342022940563,0.1973290852548178,measured,outputs/major_revision/adversarial-5seed-e8733cb/metrics/fairness_metrics_global.csv,10.0,submitted,updated,sign_flip
adversarial-5seed-e8733cb,adversarial,10002,joint_dirichlet_0.3,B6,2,10,0,1.0,0.7533701657458564,0.4382948563252143,0.0032711808963035,0.0104275286757038,0.0104275286757038,0.1966748490755572,measured,outputs/major_revision/adversarial-5seed-e8733cb/metrics/fairness_metrics_global.csv,10.0,submitted,updated,sign_flip
adversarial-5seed-e8733cb,adversarial,10002,joint_dirichlet_0.3,B6,3,10,0,1.0,0.7533701657458564,0.4382948563252143,0.0032711808963035,0.0104275286757038,0.0104275286757038,0.1966748490755572,measured,outputs/major_revision/adversarial-5seed-e8733cb/metrics/fairness_metrics_global.csv,10.0,submitted,updated,sign_flip
adversarial-5seed-e8733cb,adversarial,10002,joint_dirichlet_0.3,B6,4,10,0,1.0,0.7540331491712707,0.4410684315157133,0.0042525351651946,0.013555787278415,0.013555787278415,0.1956934948066661,measured,outputs/major_revision/adversarial-5seed-e8733cb/metrics/fairness_metrics_global.csv,10.0,submitted,updated,sign_flip
adversarial-5seed-e8733cb,adversarial,10002,joint_dirichlet_0.3,B6,5,10,0,1.0,0.7540331491712707,0.4410684315157133,0.0042525351651946,0.013555787278415,0.013555787278415,0.1956934948066661,measured,outputs/major_revision/adversarial-5seed-e8733cb/metrics/fairness_metrics_global.csv,10.0,submitted,updated,sign_flip
adversarial-5seed-e8733cb,adversarial,10002,joint_dirichlet_0.3,B6,1,10,0,1.0,0.7533701657458564,0.4382948563252143,0.0032711808963035,0.0104275286757038,0.0104275286757038,0.1966748490755572,measured,outputs/major_revision/adversarial-5seed-e8733cb/metrics/fairness_metrics_global.csv,10.0,submitted,updated,random_weights
adversarial-5seed-e8733cb,adversarial,10002,joint_dirichlet_0.3,B6,2,10,0,1.0,0.7533701657458564,0.4382948563252143,0.0032711808963035,0.0104275286757038,0.0104275286757038,0.1966748490755572,measured,outputs/major_revision/adversarial-5seed-e8733cb/metrics/fairness_metrics_global.csv,10.0,submitted,updated,random_weights
adversarial-5seed-e8733cb,adversarial,10002,joint_dirichlet_0.3,B6,3,10,0,1.0,0.7542541436464089,0.441989930578659,0.0045796532548249,0.0145985401459854,0.0145985401459854,0.1953663767170357,measured,outputs/major_revision/adversarial-5seed-e8733cb/metrics/fairness_metrics_global.csv,10.0,submitted,updated,random_weights
adversarial-5seed-e8733cb,adversarial,10002,joint_dirichlet_0.3,B6,4,10,0,1.0,0.754475138121547,0.4429099233403097,0.0038984543447432,0.0086105161938895,0.0086105161938895,0.1960475756271175,measured,outputs/major_revision/adversarial-5seed-e8733cb/metrics/fairness_metrics_global.csv,10.0,submitted,updated,random_weights
adversarial-5seed-e8733cb,adversarial,10002,joint_dirichlet_0.3,B6,5,10,0,1.0,0.754475138121547,0.4429099233403097,0.0038984543447432,0.0086105161938895,0.0086105161938895,0.1960475756271175,measured,outputs/major_revision/adversarial-5seed-e8733cb/metrics/fairness_metrics_global.csv,10.0,submitted,updated,random_weights
adversarial-5seed-e8733cb,adversarial,10003,joint_dirichlet_0.3,B0,1,10,0,1.0,0.7639779005524862,0.4884182472733,0.0184569919931831,0.0357533108964552,0.0357533108964552,0.1839981317724364,measured,outputs/major_revision/adversarial-5seed-e8733cb/metrics/fairness_metrics_global.csv,10.0,submitted,updated,none
adversarial-5seed-e8733cb,adversarial,10003,joint_dirichlet_0.3,B0,2,10,0,1.0,0.7653038674033149,0.494838800013119,0.0207198558897745,0.0440953338370183,0.0440953338370183,0.1810271062349421,measured,outputs/major_revision/adversarial-5seed-e8733cb/metrics/fairness_metrics_global.csv,10.0,submitted,updated,none
adversarial-5seed-e8733cb,adversarial,10003,joint_dirichlet_0.3,B0,3,10,0,1.0,0.7675138121546962,0.5030495799989644,0.0239910367860781,0.0545228625127222,0.0545228625127222,0.1777559253386385,measured,outputs/major_revision/adversarial-5seed-e8733cb/metrics/fairness_metrics_global.csv,10.0,submitted,updated,none
adversarial-5seed-e8733cb,adversarial,10003,joint_dirichlet_0.3,B0,4,10,0,1.0,0.7686187845303868,0.507783691312451,0.0252725464137785,0.0607793797181445,0.0607793797181445,0.1751120178907746,measured,outputs/major_revision/adversarial-5seed-e8733cb/metrics/fairness_metrics_global.csv,10.0,submitted,updated,none
adversarial-5seed-e8733cb,adversarial,10003,joint_dirichlet_0.3,B0,5,10,0,1.0,0.7710497237569061,0.5185426649314114,0.0288169199380703,0.0753779198641299,0.0753779198641299,0.1694970849054164,measured,outputs/major_revision/adversarial-5seed-e8733cb/metrics/fairness_metrics_global.csv,10.0,submitted,updated,none
adversarial-5seed-e8733cb,adversarial,10003,joint_dirichlet_0.3,B0,1,10,0,1.0,0.7319337016574585,0.7068350210485707,0.4549236620469035,0.3615417756770088,0.3615417756770088,0.1981557937783387,measured,outputs/major_revision/adversarial-5seed-e8733cb/metrics/fairness_metrics_global.csv,10.0,submitted,updated,label_flip
adversarial-5seed-e8733cb,adversarial,10003,joint_dirichlet_0.3,B0,2,10,0,1.0,0.730828729281768,0.705751299585747,0.4569133333155066,0.3675297996291046,0.3675297996291046,0.1987830672267784,measured,outputs/major_revision/adversarial-5seed-e8733cb/metrics/fairness_metrics_global.csv,10.0,submitted,updated,label_flip
adversarial-5seed-e8733cb,adversarial,10003,joint_dirichlet_0.3,B0,3,10,0,1.0,0.7301657458563536,0.7051511751126731,0.459911321583822,0.3675297996291046,0.3675297996291046,0.2017810554950937,measured,outputs/major_revision/adversarial-5seed-e8733cb/metrics/fairness_metrics_global.csv,10.0,submitted,updated,label_flip
adversarial-5seed-e8733cb,adversarial,10003,joint_dirichlet_0.3,B0,4,10,0,1.0,0.7283977900552486,0.7034690372827409,0.4618740301216041,0.3735178235812004,0.3735178235812004,0.2023813662127123,measured,outputs/major_revision/adversarial-5seed-e8733cb/metrics/fairness_metrics_global.csv,10.0,submitted,updated,label_flip
adversarial-5seed-e8733cb,adversarial,10003,joint_dirichlet_0.3,B0,5,10,0,1.0,0.7268508287292818,0.7020711036297582,0.4651721737487287,0.3735178235812004,0.3735178235812004,0.2056795098398369,measured,outputs/major_revision/adversarial-5seed-e8733cb/metrics/fairness_metrics_global.csv,10.0,submitted,updated,label_flip
adversarial-5seed-e8733cb,adversarial,10003,joint_dirichlet_0.3,B0,1,10,0,1.0,0.7319337016574585,0.7068350210485707,0.4549236620469035,0.3615417756770088,0.3615417756770088,0.1981557937783387,measured,outputs/major_revision/adversarial-5seed-e8733cb/metrics/fairness_metrics_global.csv,10.0,submitted,updated,sign_flip
adversarial-5seed-e8733cb,adversarial,10003,joint_dirichlet_0.3,B0,2,10,0,1.0,0.731049723756906,0.7060343320490732,0.4562321344054249,0.3615417756770088,0.3615417756770088,0.1994642661368602,measured,outputs/major_revision/adversarial-5seed-e8733cb/metrics/fairness_metrics_global.csv,10.0,submitted,updated,sign_flip
adversarial-5seed-e8733cb,adversarial,10003,joint_dirichlet_0.3,B0,3,10,0,1.0,0.7306077348066299,0.7054681558426524,0.4575945322255884,0.3664870467615342,0.3664870467615342,0.2001185023161208,measured,outputs/major_revision/adversarial-5seed-e8733cb/metrics/fairness_metrics_global.csv,10.0,submitted,updated,sign_flip
adversarial-5seed-e8733cb,adversarial,10003,joint_dirichlet_0.3,B0,4,10,0,1.0,0.7303867403314918,0.7052681325899929,0.4579216503152188,0.3664870467615342,0.3664870467615342,0.2004456204057512,measured,outputs/major_revision/adversarial-5seed-e8733cb/metrics/fairness_metrics_global.csv,10.0,submitted,updated,sign_flip
adversarial-5seed-e8733cb,adversarial,10003,joint_dirichlet_0.3,B0,5,10,0,1.0,0.7303867403314918,0.7052681325899929,0.4579216503152188,0.3664870467615342,0.3664870467615342,0.2004456204057512,measured,outputs/major_revision/adversarial-5seed-e8733cb/metrics/fairness_metrics_global.csv,10.0,submitted,updated,sign_flip
adversarial-5seed-e8733cb,adversarial,10003,joint_dirichlet_0.3,B0,1,10,0,1.0,0.4833149171270718,0.4795077757118814,0.1070355792173944,0.1158766929124025,0.1158766929124025,0.0458847742127551,measured,outputs/major_revision/adversarial-5seed-e8733cb/metrics/fairness_metrics_global.csv,10.0,submitted,updated,random_weights
adversarial-5seed-e8733cb,adversarial,10003,joint_dirichlet_0.3,B0,2,10,0,1.0,0.5348066298342542,0.5243792981628299,0.0810100818330021,0.0546539871248119,0.0546539871248119,0.0454711971185085,measured,outputs/major_revision/adversarial-5seed-e8733cb/metrics/fairness_metrics_global.csv,10.0,submitted,updated,random_weights
adversarial-5seed-e8733cb,adversarial,10003,joint_dirichlet_0.3,B0,3,10,0,1.0,0.4223204419889503,0.4179298481544572,0.0340748752806574,0.0391563067816399,0.0522260869947514,0.1149142674292885,measured,outputs/major_revision/adversarial-5seed-e8733cb/metrics/fairness_metrics_global.csv,10.0,submitted,updated,random_weights
adversarial-5seed-e8733cb,adversarial,10003,joint_dirichlet_0.3,B0,4,10,0,1.0,0.6680662983425414,0.5123508184036938,0.159151195407155,0.1929467446754041,0.1929467446754041,0.0133891127612598,measured,outputs/major_revision/adversarial-5seed-e8733cb/metrics/fairness_metrics_global.csv,10.0,submitted,updated,random_weights
adversarial-5seed-e8733cb,adversarial,10003,joint_dirichlet_0.3,B0,5,10,0,1.0,0.7197790055248618,0.5858839825580052,0.016162485883562,0.114440566208563,0.114440566208563,0.0951492487425562,measured,outputs/major_revision/adversarial-5seed-e8733cb/metrics/fairness_metrics_global.csv,10.0,submitted,updated,random_weights
adversarial-5seed-e8733cb,adversarial,10003,joint_dirichlet_0.3,B6,1,10,0,1.0,0.7560220994475139,0.4509422216594918,0.006488436330965,0.0109645151823568,0.0109645151823568,0.194766065999417,measured,outputs/major_revision/adversarial-5seed-e8733cb/metrics/fairness_metrics_global.csv,10.0,submitted,updated,none
adversarial-5seed-e8733cb,adversarial,10003,joint_dirichlet_0.3,B6,2,10,0,1.0,0.756243093922652,0.451845920388049,0.0068155544205954,0.0120072680499272,0.0120072680499272,0.1944389479097866,measured,outputs/major_revision/adversarial-5seed-e8733cb/metrics/fairness_metrics_global.csv,10.0,submitted,updated,none
adversarial-5seed-e8733cb,adversarial,10003,joint_dirichlet_0.3,B6,3,10,0,1.0,0.7573480662983425,0.4563426201912345,0.0084511448687472,0.0172210323877791,0.0172210323877791,0.1928033574616349,measured,outputs/major_revision/adversarial-5seed-e8733cb/metrics/fairness_metrics_global.csv,10.0,submitted,updated,none
adversarial-5seed-e8733cb,adversarial,10003,joint_dirichlet_0.3,B6,4,10,0,1.0,0.7577900552486188,0.4581312005594161,0.0091053810480079,0.0193065381229199,0.0193065381229199,0.1921491212823741,measured,outputs/major_revision/adversarial-5seed-e8733cb/metrics/fairness_metrics_global.csv,10.0,submitted,updated,none
adversarial-5seed-e8733cb,adversarial,10003,joint_dirichlet_0.3,B6,5,10,0,1.0,0.7580110497237569,0.4598167080781298,0.0100867353168989,0.0213920438580607,0.0213920438580607,0.1918220031927437,measured,outputs/major_revision/adversarial-5seed-e8733cb/metrics/fairness_metrics_global.csv,10.0,submitted,updated,none
adversarial-5seed-e8733cb,adversarial,10003,joint_dirichlet_0.3,B6,1,10,0,1.0,0.7571270718232044,0.4546414109428675,0.0074697905998561,0.0151355266526384,0.0151355266526384,0.1931304755512652,measured,outputs/major_revision/adversarial-5seed-e8733cb/metrics/fairness_metrics_global.csv,10.0,submitted,updated,label_flip
adversarial-5seed-e8733cb,adversarial,10003,joint_dirichlet_0.3,B6,2,10,0,1.0,0.7575690607734806,0.4564371721559786,0.0081240267791168,0.0172210323877791,0.0172210323877791,0.1924762393720045,measured,outputs/major_revision/adversarial-5seed-e8733cb/metrics/fairness_metrics_global.csv,10.0,submitted,updated,label_flip
adversarial-5seed-e8733cb,adversarial,10003,joint_dirichlet_0.3,B6,3,10,0,1.0,0.7575690607734806,0.4564371721559786,0.0081240267791168,0.0172210323877791,0.0172210323877791,0.1924762393720045,measured,outputs/major_revision/adversarial-5seed-e8733cb/metrics/fairness_metrics_global.csv,10.0,submitted,updated,label_flip
adversarial-5seed-e8733cb,adversarial,10003,joint_dirichlet_0.3,B6,4,10,0,1.0,0.7577900552486188,0.4573328886426166,0.0084511448687472,0.0182637852553495,0.0182637852553495,0.1921491212823741,measured,outputs/major_revision/adversarial-5seed-e8733cb/metrics/fairness_metrics_global.csv,10.0,submitted,updated,label_flip
adversarial-5seed-e8733cb,adversarial,10003,joint_dirichlet_0.3,B6,5,10,0,1.0,0.7580110497237569,0.4582271674166209,0.0087782629583775,0.0193065381229199,0.0193065381229199,0.1918220031927437,measured,outputs/major_revision/adversarial-5seed-e8733cb/metrics/fairness_metrics_global.csv,10.0,submitted,updated,label_flip
adversarial-5seed-e8733cb,adversarial,10003,joint_dirichlet_0.3,B6,1,10,0,1.0,0.7571270718232044,0.4546414109428675,0.0074697905998561,0.0151355266526384,0.0151355266526384,0.1931304755512652,measured,outputs/major_revision/adversarial-5seed-e8733cb/metrics/fairness_metrics_global.csv,10.0,submitted,updated,sign_flip
adversarial-5seed-e8733cb,adversarial,10003,joint_dirichlet_0.3,B6,2,10,0,1.0,0.7575690607734806,0.4564371721559786,0.0081240267791168,0.0172210323877791,0.0172210323877791,0.1924762393720045,measured,outputs/major_revision/adversarial-5seed-e8733cb/metrics/fairness_metrics_global.csv,10.0,submitted,updated,sign_flip
adversarial-5seed-e8733cb,adversarial,10003,joint_dirichlet_0.3,B6,3,10,0,1.0,0.7577900552486188,0.4573328886426166,0.0084511448687472,0.0182637852553495,0.0182637852553495,0.1921491212823741,measured,outputs/major_revision/adversarial-5seed-e8733cb/metrics/fairness_metrics_global.csv,10.0,submitted,updated,sign_flip
adversarial-5seed-e8733cb,adversarial,10003,joint_dirichlet_0.3,B6,4,10,0,1.0,0.7580110497237569,0.4590233416299737,0.0094324991376382,0.0203492909904903,0.0203492909904903,0.1918220031927437,measured,outputs/major_revision/adversarial-5seed-e8733cb/metrics/fairness_metrics_global.csv,10.0,submitted,updated,sign_flip
adversarial-5seed-e8733cb,adversarial,10003,joint_dirichlet_0.3,B6,5,10,0,1.0,0.7586740331491713,0.4616912131900196,0.0094055364068172,0.0164467727735353,0.0164467727735353,0.1918489659235649,measured,outputs/major_revision/adversarial-5seed-e8733cb/metrics/fairness_metrics_global.csv,10.0,submitted,updated,sign_flip
adversarial-5seed-e8733cb,adversarial,10003,joint_dirichlet_0.3,B6,1,10,0,1.0,0.7549171270718232,0.4455750464716102,0.0052069267032646,0.0117387747966007,0.0117387747966007,0.1953933394478567,measured,outputs/major_revision/adversarial-5seed-e8733cb/metrics/fairness_metrics_global.csv,10.0,submitted,updated,random_weights
adversarial-5seed-e8733cb,adversarial,10003,joint_dirichlet_0.3,B6,2,10,0,1.0,0.7571270718232044,0.4562480885761337,0.0077699459586654,0.0101902555681129,0.0101902555681129,0.1941387925509774,measured,outputs/major_revision/adversarial-5seed-e8733cb/metrics/fairness_metrics_global.csv,10.0,submitted,updated,random_weights
adversarial-5seed-e8733cb,adversarial,10003,joint_dirichlet_0.3,B6,3,10,0,1.0,0.7566850828729281,0.4536489476324815,0.0074697905998561,0.014092773785068,0.014092773785068,0.193784711730526,measured,outputs/major_revision/adversarial-5seed-e8733cb/metrics/fairness_metrics_global.csv,10.0,submitted,updated,random_weights
adversarial-5seed-e8733cb,adversarial,10003,joint_dirichlet_0.3,B6,4,10,0,1.0,0.7569060773480663,0.4545482837913776,0.0077969086894864,0.0151355266526384,0.0151355266526384,0.1934575936408956,measured,outputs/major_revision/adversarial-5seed-e8733cb/metrics/fairness_metrics_global.csv,10.0,submitted,updated,random_weights
adversarial-5seed-e8733cb,adversarial,10003,joint_dirichlet_0.3,B6,5,10,0,1.0,0.7566850828729281,0.4536489476324815,0.0074697905998561,0.014092773785068,0.014092773785068,0.193784711730526,measured,outputs/major_revision/adversarial-5seed-e8733cb/metrics/fairness_metrics_global.csv,10.0,submitted,updated,random_weights
adversarial-5seed-e8733cb,adversarial,10004,joint_dirichlet_0.3,B0,1,9,1,0.9,0.7690607734806629,0.5087239325897912,0.0262808634134906,0.0618221325857149,0.0618221325857149,0.1754660987112259,measured,outputs/major_revision/adversarial-5seed-e8733cb/metrics/fairness_metrics_global.csv,10.0,submitted,updated,none
adversarial-5seed-e8733cb,adversarial,10004,joint_dirichlet_0.3,B0,2,9,1,0.9,0.7708287292817679,0.5184020566023386,0.0291440380277007,0.0753779198641299,0.0753779198641299,0.1698242029950468,measured,outputs/major_revision/adversarial-5seed-e8733cb/metrics/fairness_metrics_global.csv,10.0,submitted,updated,none
adversarial-5seed-e8733cb,adversarial,10004,joint_dirichlet_0.3,B0,3,9,1,0.9,0.7717127071823204,0.524724552086069,0.0337236912825257,0.0847626956722634,0.0847626956722634,0.1685157306365254,measured,outputs/major_revision/adversarial-5seed-e8733cb/metrics/fairness_metrics_global.csv,10.0,submitted,updated,none
adversarial-5seed-e8733cb,adversarial,10004,joint_dirichlet_0.3,B0,4,9,1,0.9,0.7725966850828729,0.5302969547947797,0.0366407913583779,0.0931047186128264,0.0931047186128264,0.1661989412782919,measured,outputs/major_revision/adversarial-5seed-e8733cb/metrics/fairness_metrics_global.csv,10.0,submitted,updated,none
adversarial-5seed-e8733cb,adversarial,10004,joint_dirichlet_0.3,B0,5,9,1,0.9,0.7750276243093923,0.5398335730839927,0.0405392457031211,0.0996297290715753,0.0996297290715753,0.1636089592920701,measured,outputs/major_revision/adversarial-5seed-e8733cb/metrics/fairness_metrics_global.csv,10.0,submitted,updated,none
adversarial-5seed-e8733cb,adversarial,10004,joint_dirichlet_0.3,B0,1,9,1,0.9,0.7787845303867403,0.5574745069304513,0.0419052088430626,0.0775258658907419,0.0775258658907419,0.1620812197672024,measured,outputs/major_revision/adversarial-5seed-e8733cb/metrics/fairness_metrics_global.csv,10.0,submitted,updated,label_flip
adversarial-5seed-e8733cb,adversarial,10004,joint_dirichlet_0.3,B0,2,9,1,0.9,0.7812154696132597,0.569047619047619,0.0470582100846852,0.0822338638676765,0.0822338638676765,0.1594912377809806,measured,outputs/major_revision/adversarial-5seed-e8733cb/metrics/fairness_metrics_global.csv,10.0,submitted,updated,label_flip
adversarial-5seed-e8733cb,adversarial,10004,joint_dirichlet_0.3,B0,3,9,1,0.9,0.7812154696132597,0.573208538134802,0.0512837825190588,0.0835451099885734,0.0835451099885734,0.1604995547806926,measured,outputs/major_revision/adversarial-5seed-e8733cb/metrics/fairness_metrics_global.csv,10.0,submitted,updated,label_flip
adversarial-5seed-e8733cb,adversarial,10004,joint_dirichlet_0.3,B0,4,9,1,0.9,0.7832044198895027,0.5813607462695435,0.0558364730430628,0.0900701204473222,0.0900701204473222,0.1585638089737316,measured,outputs/major_revision/adversarial-5seed-e8733cb/metrics/fairness_metrics_global.csv,10.0,submitted,updated,label_flip
adversarial-5seed-e8733cb,adversarial,10004,joint_dirichlet_0.3,B0,5,9,1,0.9,0.7869613259668509,0.5960010017315434,0.0609355488230433,0.1010346356296791,0.1010346356296791,0.1519944844503034,measured,outputs/major_revision/adversarial-5seed-e8733cb/metrics/fairness_metrics_global.csv,10.0,submitted,updated,label_flip
adversarial-5seed-e8733cb,adversarial,10004,joint_dirichlet_0.3,B0,1,9,1,0.9,0.7787845303867403,0.5574745069304513,0.0419052088430626,0.0775258658907419,0.0775258658907419,0.1620812197672024,measured,outputs/major_revision/adversarial-5seed-e8733cb/metrics/fairness_metrics_global.csv,10.0,submitted,updated,sign_flip
adversarial-5seed-e8733cb,adversarial,10004,joint_dirichlet_0.3,B0,2,9,1,0.9,0.7814364640883978,0.5686921311522493,0.0470851728155062,0.0811911110001061,0.0811911110001061,0.1601724366910623,measured,outputs/major_revision/adversarial-5seed-e8733cb/metrics/fairness_metrics_global.csv,10.0,submitted,updated,sign_flip
adversarial-5seed-e8733cb,adversarial,10004,joint_dirichlet_0.3,B0,3,9,1,0.9,0.7812154696132597,0.5721778204605152,0.0509836271602495,0.0884903810730988,0.0884903810730988,0.1594912377809806,measured,outputs/major_revision/adversarial-5seed-e8733cb/metrics/fairness_metrics_global.csv,10.0,submitted,updated,sign_flip
adversarial-5seed-e8733cb,adversarial,10004,joint_dirichlet_0.3,B0,4,9,1,0.9,0.7823204419889502,0.5771437673716509,0.0535736091464713,0.0898016271939957,0.0898016271939957,0.1588639643325409,measured,outputs/major_revision/adversarial-5seed-e8733cb/metrics/fairness_metrics_global.csv,10.0,submitted,updated,sign_flip
adversarial-5seed-e8733cb,adversarial,10004,joint_dirichlet_0.3,B0,5,9,1,0.9,0.7838674033149171,0.5833813455160011,0.0568178273119538,0.0931983790500334,0.0931983790500334,0.1575824547048405,measured,outputs/major_revision/adversarial-5seed-e8733cb/metrics/fairness_metrics_global.csv,10.0,submitted,updated,sign_flip
adversarial-5seed-e8733cb,adversarial,10004,joint_dirichlet_0.3,B0,1,9,1,0.9,0.4702762430939226,0.4617960372254236,0.1012680059790412,0.0751156706399506,0.089710269067792,0.0026563860670868,measured,outputs/major_revision/adversarial-5seed-e8733cb/metrics/fairness_metrics_global.csv,10.0,submitted,updated,random_weights
adversarial-5seed-e8733cb,adversarial,10004,joint_dirichlet_0.3,B0,2,9,1,0.9,0.6265193370165746,0.5504871062732009,0.1572548909502379,0.1773741359824667,0.1773741359824667,0.1333696995950688,measured,outputs/major_revision/adversarial-5seed-e8733cb/metrics/fairness_metrics_global.csv,10.0,submitted,updated,random_weights
adversarial-5seed-e8733cb,adversarial,10004,joint_dirichlet_0.3,B0,3,9,1,0.9,0.6877348066298342,0.6512268026610257,0.2518296775435659,0.2194276722883742,0.2194276722883742,0.0961987897522014,measured,outputs/major_revision/adversarial-5seed-e8733cb/metrics/fairness_metrics_global.csv,10.0,submitted,updated,random_weights
adversarial-5seed-e8733cb,adversarial,10004,joint_dirichlet_0.3,B0,4,9,1,0.9,0.6441988950276243,0.6172351042576917,0.3237452971203803,0.3452386155738575,0.3452386155738575,0.1203083734208975,measured,outputs/major_revision/adversarial-5seed-e8733cb/metrics/fairness_metrics_global.csv,10.0,submitted,updated,random_weights
adversarial-5seed-e8733cb,adversarial,10004,joint_dirichlet_0.3,B0,5,9,1,0.9,0.75646408839779,0.6898567602276273,0.2050863297617742,0.2413754347405293,0.2413754347405293,0.100338348846931,measured,outputs/major_revision/adversarial-5seed-e8733cb/metrics/fairness_metrics_global.csv,10.0,submitted,updated,random_weights
adversarial-5seed-e8733cb,adversarial,10004,joint_dirichlet_0.3,B6,1,9,1,0.9,0.7670718232044199,0.5088543893599861,0.028516764579261,0.0639076383208556,0.0639076383208556,0.176393527518475,measured,outputs/major_revision/adversarial-5seed-e8733cb/metrics/fairness_metrics_global.csv,10.0,submitted,updated,none
adversarial-5seed-e8733cb,adversarial,10004,joint_dirichlet_0.3,B6,2,9,1,0.9,0.7690607734806629,0.51663519111495,0.0321150635651949,0.0743351669965595,0.0743351669965595,0.1734494647118019,measured,outputs/major_revision/adversarial-5seed-e8733cb/metrics/fairness_metrics_global.csv,10.0,submitted,updated,none
adversarial-5seed-e8733cb,adversarial,10004,joint_dirichlet_0.3,B6,3,9,1,0.9,0.7710497237569061,0.5236602047817082,0.0350591263718682,0.083719942804693,0.083719942804693,0.1705054019051286,measured,outputs/major_revision/adversarial-5seed-e8733cb/metrics/fairness_metrics_global.csv,10.0,submitted,updated,none
adversarial-5seed-e8733cb,adversarial,10004,joint_dirichlet_0.3,B6,4,9,1,0.9,0.7719337016574586,0.5273768799465619,0.0370218349096503,0.0889337071425449,0.0889337071425449,0.1691969295466072,measured,outputs/major_revision/adversarial-5seed-e8733cb/metrics/fairness_metrics_global.csv,10.0,submitted,updated,none
adversarial-5seed-e8733cb,adversarial,10004,joint_dirichlet_0.3,B6,5,9,1,0.9,0.7732596685082873,0.5319731876934045,0.0389845434474324,0.0951902243479672,0.0951902243479672,0.1672342210088251,measured,outputs/major_revision/adversarial-5seed-e8733cb/metrics/fairness_metrics_global.csv,10.0,submitted,updated,none
adversarial-5seed-e8733cb,adversarial,10004,joint_dirichlet_0.3,B6,1,9,1,0.9,0.7743646408839779,0.538775539542346,0.0438913147918878,0.1056177530236711,0.1056177530236711,0.1655986305606732,measured,outputs/major_revision/adversarial-5seed-e8733cb/metrics/fairness_metrics_global.csv,10.0,submitted,updated,label_flip
adversarial-5seed-e8733cb,adversarial,10004,joint_dirichlet_0.3,B6,2,9,1,0.9,0.7732596685082873,0.5391910669975186,0.0458270605988489,0.1077032587588118,0.1077032587588118,0.1662259040091129,measured,outputs/major_revision/adversarial-5seed-e8733cb/metrics/fairness_metrics_global.csv,10.0,submitted,updated,label_flip
adversarial-5seed-e8733cb,adversarial,10004,joint_dirichlet_0.3,B6,3,9,1,0.9,0.7750276243093923,0.5462634117973384,0.0497524776744132,0.1181307874345157,0.1181307874345157,0.1636089592920701,measured,outputs/major_revision/adversarial-5seed-e8733cb/metrics/fairness_metrics_global.csv,10.0,submitted,updated,label_flip
adversarial-5seed-e8733cb,adversarial,10004,joint_dirichlet_0.3,B6,4,9,1,0.9,0.7779005524861878,0.5573652064451305,0.0549594043776778,0.1348148333156419,0.1348148333156419,0.1583481071271634,measured,outputs/major_revision/adversarial-5seed-e8733cb/metrics/fairness_metrics_global.csv,10.0,submitted,updated,label_flip
adversarial-5seed-e8733cb,adversarial,10004,joint_dirichlet_0.3,B6,5,9,1,0.9,0.7779005524861878,0.5600960903653389,0.0572222682742693,0.1400285976534938,0.1400285976534938,0.1573397901274512,measured,outputs/major_revision/adversarial-5seed-e8733cb/metrics/fairness_metrics_global.csv,10.0,submitted,updated,label_flip
adversarial-5seed-e8733cb,adversarial,10004,joint_dirichlet_0.3,B6,1,9,1,0.9,0.7743646408839779,0.538775539542346,0.0438913147918878,0.1056177530236711,0.1056177530236711,0.1655986305606732,measured,outputs/major_revision/adversarial-5seed-e8733cb/metrics/fairness_metrics_global.csv,10.0,submitted,updated,sign_flip
adversarial-5seed-e8733cb,adversarial,10004,joint_dirichlet_0.3,B6,2,9,1,0.9,0.7739226519337017,0.5342565415068896,0.0399658977163235,0.0983184829506784,0.0983184829506784,0.166252866739934,measured,outputs/major_revision/adversarial-5seed-e8733cb/metrics/fairness_metrics_global.csv,10.0,submitted,updated,sign_flip
adversarial-5seed-e8733cb,adversarial,10004,joint_dirichlet_0.3,B6,3,9,1,0.9,0.7743646408839779,0.5357733436668422,0.0406201338955842,0.1004039886858191,0.1004039886858191,0.1655986305606732,measured,outputs/major_revision/adversarial-5seed-e8733cb/metrics/fairness_metrics_global.csv,10.0,submitted,updated,sign_flip
adversarial-5seed-e8733cb,adversarial,10004,joint_dirichlet_0.3,B6,4,9,1,0.9,0.7750276243093923,0.5380404478985401,0.0416014881644753,0.1035322472885303,0.1035322472885303,0.1646172762917822,measured,outputs/major_revision/adversarial-5seed-e8733cb/metrics/fairness_metrics_global.csv,10.0,submitted,updated,sign_flip
adversarial-5seed-e8733cb,adversarial,10004,joint_dirichlet_0.3,B6,5,9,1,0.9,0.7741436464088398,0.5398084063342854,0.0425019542409033,0.1077032587588118,0.1077032587588118,0.1629007976511673,measured,outputs/major_revision/adversarial-5seed-e8733cb/metrics/fairness_metrics_global.csv,10.0,submitted,updated,sign_flip
adversarial-5seed-e8733cb,adversarial,10004,joint_dirichlet_0.3,B6,1,9,1,0.9,0.7688397790055249,0.5158489242837492,0.0317879454755646,0.0732924141289891,0.0732924141289891,0.1737765828014321,measured,outputs/major_revision/adversarial-5seed-e8733cb/metrics/fairness_metrics_global.csv,10.0,submitted,updated,random_weights
adversarial-5seed-e8733cb,adversarial,10004,joint_dirichlet_0.3,B6,2,9,1,0.9,0.7723756906077348,0.5282928162257352,0.0370218349096503,0.0899764600101153,0.0899764600101153,0.1685426933673465,measured,outputs/major_revision/adversarial-5seed-e8733cb/metrics/fairness_metrics_global.csv,10.0,submitted,updated,random_weights
adversarial-5seed-e8733cb,adversarial,10004,joint_dirichlet_0.3,B6,3,9,1,0.9,0.7734806629834254,0.5393452422985676,0.0444916255095064,0.1077032587588118,0.1077032587588118,0.1648904689197705,measured,outputs/major_revision/adversarial-5seed-e8733cb/metrics/fairness_metrics_global.csv,10.0,submitted,updated,random_weights
adversarial-5seed-e8733cb,adversarial,10004,joint_dirichlet_0.3,B6,4,9,1,0.9,0.7754696132596685,0.54943353326277,0.0513611053917439,0.1233445517723676,0.1233445517723676,0.1619464061130973,measured,outputs/major_revision/adversarial-5seed-e8733cb/metrics/fairness_metrics_global.csv,10.0,submitted,updated,random_weights
adversarial-5seed-e8733cb,adversarial,10004,joint_dirichlet_0.3,B6,5,9,1,0.9,0.7756906077348066,0.5501595542178268,0.0506799064816622,0.124387304639938,0.124387304639938,0.1606109710237548,measured,outputs/major_revision/adversarial-5seed-e8733cb/metrics/fairness_metrics_global.csv,10.0,submitted,updated,random_weights
adversarial-5seed-e8733cb,adversarial,10005,joint_dirichlet_0.3,B0,1,9,1,0.9,0.7646408839779005,0.4909285912503469,0.0194383462620741,0.0388815694991664,0.0388815694991664,0.1830167775035452,measured,outputs/major_revision/adversarial-5seed-e8733cb/metrics/fairness_metrics_global.csv,10.0,submitted,updated,none
adversarial-5seed-e8733cb,adversarial,10005,joint_dirichlet_0.3,B0,2,9,1,0.9,0.7657458563535912,0.4964909201456539,0.0213740920690352,0.0461808395721591,0.0461808395721591,0.1803728700556813,measured,outputs/major_revision/adversarial-5seed-e8733cb/metrics/fairness_metrics_global.csv,10.0,submitted,updated,none
adversarial-5seed-e8733cb,adversarial,10005,joint_dirichlet_0.3,B0,3,9,1,0.9,0.7677348066298343,0.5038638586424985,0.0243181548757084,0.0555656153802926,0.0555656153802926,0.1774288072490081,measured,outputs/major_revision/adversarial-5seed-e8733cb/metrics/fairness_metrics_global.csv,10.0,submitted,updated,none
adversarial-5seed-e8733cb,adversarial,10005,joint_dirichlet_0.3,B0,4,9,1,0.9,0.7697237569060773,0.51180376603938,0.0269081368619303,0.0659931440559964,0.0659931440559964,0.1734764274426229,measured,outputs/major_revision/adversarial-5seed-e8733cb/metrics/fairness_metrics_global.csv,10.0,submitted,updated,none
adversarial-5seed-e8733cb,adversarial,10005,joint_dirichlet_0.3,B0,5,9,1,0.9,0.7708287292817679,0.5190486923193847,0.0297982742069614,0.0764206727317003,0.0764206727317003,0.1698242029950468,measured,outputs/major_revision/adversarial-5seed-e8733cb/metrics/fairness_metrics_global.csv,10.0,submitted,updated,none
adversarial-5seed-e8733cb,adversarial,10005,joint_dirichlet_0.3,B0,1,9,1,0.9,0.7756906077348066,0.5432538810802812,0.0438373893302457,0.1118742702290934,0.1118742702290934,0.161619288023467,measured,outputs/major_revision/adversarial-5seed-e8733cb/metrics/fairness_metrics_global.csv,10.0,submitted,updated,label_flip
adversarial-5seed-e8733cb,adversarial,10005,joint_dirichlet_0.3,B0,2,9,1,0.9,0.7779005524861878,0.5534697758651721,0.0493714341231407,0.120484786422983,0.120484786422983,0.1593564241268754,measured,outputs/major_revision/adversarial-5seed-e8733cb/metrics/fairness_metrics_global.csv,10.0,submitted,updated,label_flip
adversarial-5seed-e8733cb,adversarial,10005,joint_dirichlet_0.3,B0,3,9,1,0.9,0.7787845303867403,0.559126936966742,0.0529427703782536,0.1228387854114503,0.1228387854114503,0.1590562687680661,measured,outputs/major_revision/adversarial-5seed-e8733cb/metrics/fairness_metrics_global.csv,10.0,submitted,updated,label_flip
adversarial-5seed-e8733cb,adversarial,10005,joint_dirichlet_0.3,B0,4,9,1,0.9,0.7794475138121547,0.5666234564868243,0.0574415354406155,0.1223330190505329,0.1223330190505329,0.1590832314988872,measured,outputs/major_revision/adversarial-5seed-e8733cb/metrics/fairness_metrics_global.csv,10.0,submitted,updated,label_flip
adversarial-5seed-e8733cb,adversarial,10005,joint_dirichlet_0.3,B0,5,9,1,0.9,0.7823204419889502,0.5786543009851575,0.0625945366822381,0.1210529930753716,0.1210529930753716,0.1578556473328288,measured,outputs/major_revision/adversarial-5seed-e8733cb/metrics/fairness_metrics_global.csv,10.0,submitted,updated,label_flip
adversarial-5seed-e8733cb,adversarial,10005,joint_dirichlet_0.3,B0,1,9,1,0.9,0.7756906077348066,0.5432538810802812,0.0438373893302457,0.1118742702290934,0.1118742702290934,0.161619288023467,measured,outputs/major_revision/adversarial-5seed-e8733cb/metrics/fairness_metrics_global.csv,10.0,submitted,updated,sign_flip
adversarial-5seed-e8733cb,adversarial,10005,joint_dirichlet_0.3,B0,2,9,1,0.9,0.776353591160221,0.5483657810126832,0.0470816074957283,0.1131855163499903,0.1131855163499903,0.1616462507542879,measured,outputs/major_revision/adversarial-5seed-e8733cb/metrics/fairness_metrics_global.csv,10.0,submitted,updated,sign_flip
adversarial-5seed-e8733cb,adversarial,10005,joint_dirichlet_0.3,B0,3,9,1,0.9,0.778121546961326,0.5558705137359393,0.0506529437508411,0.1176250210735983,0.1176250210735983,0.1600376230369572,measured,outputs/major_revision/adversarial-5seed-e8733cb/metrics/fairness_metrics_global.csv,10.0,submitted,updated,sign_flip
adversarial-5seed-e8733cb,adversarial,10005,joint_dirichlet_0.3,B0,4,9,1,0.9,0.778121546961326,0.5569788867981639,0.0519614161093626,0.1197105268087391,0.1197105268087391,0.1600376230369572,measured,outputs/major_revision/adversarial-5seed-e8733cb/metrics/fairness_metrics_global.csv,10.0,submitted,updated,sign_flip
adversarial-5seed-e8733cb,adversarial,10005,joint_dirichlet_0.3,B0,5,9,1,0.9,0.7787845303867403,0.559126936966742,0.0529427703782536,0.1228387854114503,0.1228387854114503,0.1590562687680661,measured,outputs/major_revision/adversarial-5seed-e8733cb/metrics/fairness_metrics_global.csv,10.0,submitted,updated,sign_flip
adversarial-5seed-e8733cb,adversarial,10005,joint_dirichlet_0.3,B0,1,9,1,0.9,0.2656353591160221,0.2567046154970173,0.0417287255140522,0.0287038019893477,0.0287038019893477,0.1350667918093908,measured,outputs/major_revision/adversarial-5seed-e8733cb/metrics/fairness_metrics_global.csv,10.0,submitted,updated,random_weights
adversarial-5seed-e8733cb,adversarial,10005,joint_dirichlet_0.3,B0,2,9,1,0.9,0.4377900552486188,0.4315791469598699,0.1535188814878791,0.209711962935443,0.209711962935443,0.0255348202499467,measured,outputs/major_revision/adversarial-5seed-e8733cb/metrics/fairness_metrics_global.csv,10.0,submitted,updated,random_weights
adversarial-5seed-e8733cb,adversarial,10005,joint_dirichlet_0.3,B0,3,9,1,0.9,0.6696132596685083,0.5122911743978775,0.0301931333723735,0.0570329622298676,0.0570329622298676,0.1320973260992995,measured,outputs/major_revision/adversarial-5seed-e8733cb/metrics/fairness_metrics_global.csv,10.0,submitted,updated,random_weights
adversarial-5seed-e8733cb,adversarial,10005,joint_dirichlet_0.3,B0,4,9,1,0.9,0.5692817679558011,0.4541728224610415,0.0367444084644256,0.0215856087616216,0.0215856087616216,0.0809621728484855,measured,outputs/major_revision/adversarial-5seed-e8733cb/metrics/fairness_metrics_global.csv,10.0,submitted,updated,random_weights
adversarial-5seed-e8733cb,adversarial,10005,joint_dirichlet_0.3,B0,5,9,1,0.9,0.6457458563535912,0.4793684241201051,0.0243638355353639,0.0211422826921756,0.0211422826921756,0.117010229793773,measured,outputs/major_revision/adversarial-5seed-e8733cb/metrics/fairness_metrics_global.csv,10.0,submitted,updated,random_weights
adversarial-5seed-e8733cb,adversarial,10005,joint_dirichlet_0.3,B6,1,9,1,0.9,0.7907182320441989,0.7257807586072689,0.1394811033595117,0.0635517286594694,0.0635517286594694,0.0768596039464525,measured,outputs/major_revision/adversarial-5seed-e8733cb/metrics/fairness_metrics_global.csv,10.0,submitted,updated,none
adversarial-5seed-e8733cb,adversarial,10005,joint_dirichlet_0.3,B6,2,9,1,0.9,0.7913812154696133,0.7274921365953639,0.1400544513463093,0.0567894450931296,0.0567894450931296,0.0768865666772734,measured,outputs/major_revision/adversarial-5seed-e8733cb/metrics/fairness_metrics_global.csv,10.0,submitted,updated,none
adversarial-5seed-e8733cb,adversarial,10005,joint_dirichlet_0.3,B6,3,9,1,0.9,0.7918232044198895,0.7283729408202155,0.1413629237048307,0.0599177036958408,0.0599177036958408,0.0762323304980127,measured,outputs/major_revision/adversarial-5seed-e8733cb/metrics/fairness_metrics_global.csv,10.0,submitted,updated,none
adversarial-5seed-e8733cb,adversarial,10005,joint_dirichlet_0.3,B6,4,9,1,0.9,0.790939226519337,0.7282764628694117,0.1409009919610952,0.0510699143943603,0.0510699143943603,0.0765324858568221,measured,outputs/major_revision/adversarial-5seed-e8733cb/metrics/fairness_metrics_global.csv,10.0,submitted,updated,none
adversarial-5seed-e8733cb,adversarial,10005,joint_dirichlet_0.3,B6,5,9,1,0.9,0.7904972375690608,0.7285979795648457,0.1418014580375232,0.0562836787322122,0.0562836787322122,0.0741617710369465,measured,outputs/major_revision/adversarial-5seed-e8733cb/metrics/fairness_metrics_global.csv,10.0,submitted,updated,none
adversarial-5seed-e8733cb,adversarial,10005,joint_dirichlet_0.3,B6,1,9,1,0.9,0.7717127071823204,0.7144744021864584,0.1194134781566227,0.0401678395034748,0.0401678395034748,0.0475176906710733,measured,outputs/major_revision/adversarial-5seed-e8733cb/metrics/fairness_metrics_global.csv,10.0,submitted,updated,label_flip
adversarial-5seed-e8733cb,adversarial,10005,joint_dirichlet_0.3,B6,2,9,1,0.9,0.7721546961325967,0.7150272107011023,0.1194134781566227,0.0412105923710451,0.0412105923710451,0.0468634544918127,measured,outputs/major_revision/adversarial-5seed-e8733cb/metrics/fairness_metrics_global.csv,10.0,submitted,updated,label_flip
adversarial-5seed-e8733cb,adversarial,10005,joint_dirichlet_0.3,B6,3,9,1,0.9,0.7725966850828729,0.7155800192157462,0.1184051611569106,0.0352225684189493,0.0352225684189493,0.0472175353122641,measured,outputs/major_revision/adversarial-5seed-e8733cb/metrics/fairness_metrics_global.csv,10.0,submitted,updated,label_flip
adversarial-5seed-e8733cb,adversarial,10005,joint_dirichlet_0.3,B6,4,9,1,0.9,0.7737016574585636,0.7167515629523564,0.1174238068880195,0.0292345444668535,0.0292345444668535,0.0475985788635364,measured,outputs/major_revision/adversarial-5seed-e8733cb/metrics/fairness_metrics_global.csv,10.0,submitted,updated,label_flip
adversarial-5seed-e8733cb,adversarial,10005,joint_dirichlet_0.3,B6,5,9,1,0.9,0.7734806629834254,0.7165452503021938,0.1177509249776499,0.0292345444668535,0.0292345444668535,0.0479256969531668,measured,outputs/major_revision/adversarial-5seed-e8733cb/metrics/fairness_metrics_global.csv,10.0,submitted,updated,label_flip
adversarial-5seed-e8733cb,adversarial,10005,joint_dirichlet_0.3,B6,1,9,1,0.9,0.7717127071823204,0.7144744021864584,0.1194134781566227,0.0401678395034748,0.0401678395034748,0.0475176906710733,measured,outputs/major_revision/adversarial-5seed-e8733cb/metrics/fairness_metrics_global.csv,10.0,submitted,updated,sign_flip
adversarial-5seed-e8733cb,adversarial,10005,joint_dirichlet_0.3,B6,2,9,1,0.9,0.7756906077348066,0.7161815698880039,0.1184824840295957,0.0255692993574894,0.0282901837627285,0.0557460030536963,measured,outputs/major_revision/adversarial-5seed-e8733cb/metrics/fairness_metrics_global.csv,10.0,submitted,updated,sign_flip
adversarial-5seed-e8733cb,adversarial,10005,joint_dirichlet_0.3,B6,3,9,1,0.9,0.7767955801104972,0.7161924877218049,0.123358727323452,0.0393623597434953,0.0393623597434953,0.0591519976041051,measured,outputs/major_revision/adversarial-5seed-e8733cb/metrics/fairness_metrics_global.csv,10.0,submitted,updated,sign_flip
adversarial-5seed-e8733cb,adversarial,10005,joint_dirichlet_0.3,B6,4,9,1,0.9,0.778121546961326,0.7163984153119262,0.1188329995302691,0.0320630896705026,0.0320630896705026,0.0592059230657471,measured,outputs/major_revision/adversarial-5seed-e8733cb/metrics/fairness_metrics_global.csv,10.0,submitted,updated,sign_flip
adversarial-5seed-e8733cb,adversarial,10005,joint_dirichlet_0.3,B6,5,9,1,0.9,0.778121546961326,0.7160988351747238,0.1225661121703082,0.037008360755028,0.037008360755028,0.0622308740648834,measured,outputs/major_revision/adversarial-5seed-e8733cb/metrics/fairness_metrics_global.csv,10.0,submitted,updated,sign_flip
adversarial-5seed-e8733cb,adversarial,10005,joint_dirichlet_0.3,B6,1,9,1,0.9,0.7900552486187845,0.7016674559741322,0.0672114029622459,0.0178454353024919,0.0178454353024919,0.0748160072162072,measured,outputs/major_revision/adversarial-5seed-e8733cb/metrics/fairness_metrics_global.csv,10.0,submitted,updated,random_weights
adversarial-5seed-e8733cb,adversarial,10005,joint_dirichlet_0.3,B6,2,9,1,0.9,0.7878453038674034,0.7273833622517833,0.153631634725858,0.0797300081796781,0.0797300081796781,0.0760705541130866,measured,outputs/major_revision/adversarial-5seed-e8733cb/metrics/fairness_metrics_global.csv,10.0,submitted,updated,random_weights
adversarial-5seed-e8733cb,adversarial,10005,joint_dirichlet_0.3,B6,3,9,1,0.9,0.8064088397790056,0.7147534613281137,0.108460815798645,0.0448945695678507,0.0448945695678507,0.10304175256859,measured,outputs/major_revision/adversarial-5seed-e8733cb/metrics/fairness_metrics_global.csv,10.0,submitted,updated,random_weights
adversarial-5seed-e8733cb,adversarial,10005,joint_dirichlet_0.3,B6,4,9,1,0.9,0.8030939226519337,0.7149756220569432,0.1093648471948509,0.0415290378575487,0.0415290378575487,0.0988736709156364,measured,outputs/major_revision/adversarial-5seed-e8733cb/metrics/fairness_metrics_global.csv,10.0,submitted,updated,random_weights
adversarial-5seed-e8733cb,adversarial,10005,joint_dirichlet_0.3,B6,5,9,1,0.9,0.7984530386740332,0.7168689775997998,0.1206827319975862,0.0548475520283728,0.0548475520283728,0.0946516638010409,measured,outputs/major_revision/adversarial-5seed-e8733cb/metrics/fairness_metrics_global.csv,10.0,submitted,updated,random_weights
