scenario_id,seed,partition,method,round,client_id,train_samples,evaluation_samples,valid_update,approved,accuracy,macro_f1,demographic_parity_gap,equal_opportunity_gap,equalized_odds_gap,subgroup_accuracy_gap,undefined_metrics,runtime_ms
adult_core,2001,iid,B0,1,0,2051,513,True,True,0.7680311890838206,0.4924803591470258,0.014995773457311921,0.008664627930682983,0.008664627930682983,0.20463229078613687,,1.7864590045064688
adult_core,2001,iid,B0,1,1,2051,513,True,True,0.7758284600389863,0.4761820199778024,0.008462843099927312,0.0196078431372549,0.0196078431372549,0.19031878439652494,,1.29720798577182
adult_core,2001,iid,B0,1,2,2051,513,True,True,0.7582846003898636,0.4609517998779744,0.005363757075966175,0.019317160826594786,0.019317160826594786,0.17604304982877905,,1.3382920005824417
adult_core,2001,iid,B0,1,3,2051,513,True,True,0.7621832358674464,0.5072278911564626,0.006647673314339984,0.09459459459459459,0.09459459459459459,0.20322886989553657,,1.252291986020282
adult_core,2001,iid,B0,1,4,2051,513,True,True,0.7582846003898636,0.4609517998779744,0.009696694388147319,0.024594195769798325,0.024594195769798325,0.17604304982877905,,1.2569589889608324
adult_core,2001,iid,B0,1,5,2051,513,True,True,0.7641325536062378,0.47736362182050873,0.017341040462427744,0.05555555555555555,0.05555555555555555,0.18102523277145133,,1.224084000568837
adult_core,2001,iid,B0,1,6,2051,513,True,True,0.7602339181286549,0.542273291114448,0.048925270845592055,0.09644874899112188,0.09644874899112188,0.17792738222976023,,1.2223750236444175
adult_core,2001,iid,B0,1,7,2050,513,True,True,0.7777777777777778,0.5044234289200732,0.017133363331141183,0.01664816870144284,0.01664816870144284,0.1874286109861203,,1.2048339995089918
adult_core,2001,iid,B0,1,8,2050,513,True,True,0.7582846003898636,0.4465826837416481,0.005780346820809248,0.018867924528301886,0.018867924528301886,0.18081755564016477,,1.2006660108454525
adult_core,2001,iid,B0,1,9,2050,513,True,True,0.7641325536062378,0.5140866570120162,0.010553814002089865,0.0167675826734979,0.0167675826734979,0.1868861024033438,,1.2617090251296759
adult_core,2001,iid,B0,2,0,2051,513,True,True,0.7680311890838206,0.4924803591470258,0.014995773457311921,0.008664627930682983,0.008664627930682983,0.20463229078613687,,1.234333001775667
adult_core,2001,iid,B0,2,1,2051,513,True,True,0.7777777777777778,0.48428571428571426,0.0024748191478315036,0.0784313725490196,0.0784313725490196,0.1963068083486207,,1.344666990917176
adult_core,2001,iid,B0,2,2,2051,513,True,True,0.7582846003898636,0.4609517998779744,0.005363757075966175,0.019317160826594786,0.019317160826594786,0.17604304982877905,,1.2410829949658364
adult_core,2001,iid,B0,2,3,2051,513,True,True,0.7621832358674464,0.5072278911564626,0.006647673314339984,0.09459459459459459,0.09459459459459459,0.20322886989553657,,1.216541015310213
adult_core,2001,iid,B0,2,4,2051,513,True,True,0.7582846003898636,0.4609517998779744,0.009696694388147319,0.024594195769798325,0.024594195769798325,0.17604304982877905,,1.1749999830499291
adult_core,2001,iid,B0,2,5,2051,513,True,True,0.7641325536062378,0.47736362182050873,0.017341040462427744,0.05555555555555555,0.05555555555555555,0.18102523277145133,,1.170584000647068
adult_core,2001,iid,B0,2,6,2051,513,True,True,0.7602339181286549,0.542273291114448,0.048925270845592055,0.09644874899112188,0.09644874899112188,0.17792738222976023,,1.2069999938830733
adult_core,2001,iid,B0,2,7,2050,513,True,True,0.7777777777777778,0.5044234289200732,0.017133363331141183,0.01664816870144284,0.01664816870144284,0.1874286109861203,,1.1679169838316739
adult_core,2001,iid,B0,2,8,2050,513,True,True,0.7621832358674464,0.4626888736263736,0.011560693641618497,0.03773584905660377,0.03773584905660377,0.17503720881935558,,1.185708009870723
adult_core,2001,iid,B0,2,9,2050,513,True,True,0.7660818713450293,0.5208592777085927,0.013427377220480673,0.007918025151374006,0.007918025151374006,0.18401253918495297,,1.1844999971799552
adult_core,2001,iid,B0,3,0,2051,513,True,True,0.7699805068226121,0.4998843357567746,0.017954353338968724,0.01783893985728849,0.01783893985728849,0.20167371090448005,,1.1841670202556998
adult_core,2001,iid,B0,3,1,2051,513,True,True,0.7777777777777778,0.48428571428571426,0.0024748191478315036,0.0784313725490196,0.0784313725490196,0.1963068083486207,,1.179290993604809
adult_core,2001,iid,B0,3,2,2051,513,True,True,0.7602339181286549,0.4687250039993601,0.008229086588860159,0.009883198562443844,0.009883198562443844,0.17317772031588508,,1.1682499898597598
adult_core,2001,iid,B0,3,3,2051,513,True,True,0.7660818713450293,0.5208592777085927,0.012345679012345678,0.07657657657657657,0.07657657657657657,0.19753086419753085,,1.1681669857352972
adult_core,2001,iid,B0,3,4,2051,513,True,True,0.7563352826510721,0.46008638617821146,0.006831364875253336,0.024594195769798325,0.024594195769798325,0.17890837934167303,,1.1632080131676048
adult_core,2001,iid,B0,3,5,2051,513,True,True,0.7680311890838206,0.4924803591470258,0.023121387283236993,0.07407407407407407,0.07407407407407407,0.17524488595064203,,1.1605409963522106
adult_core,2001,iid,B0,3,6,2051,513,True,True,0.7602339181286549,0.542273291114448,0.048925270845592055,0.09644874899112188,0.09644874899112188,0.17792738222976023,,1.1617080017458647
adult_core,2001,iid,B0,3,7,2050,513,True,True,0.7797270955165692,0.5119180931051032,0.020023536741545812,0.02608213096559378,0.02608213096559378,0.18453843757571564,,1.1591249785851687
adult_core,2001,iid,B0,3,8,2050,513,True,True,0.7621832358674464,0.4626888736263736,0.011560693641618497,0.03773584905660377,0.03773584905660377,0.17503720881935558,,1.159290986834094
adult_core,2001,iid,B0,3,9,2050,513,True,True,0.7660818713450293,0.5208592777085927,0.013427377220480673,0.007918025151374006,0.007918025151374006,0.18401253918495297,,1.155083009507507
adult_core,2001,iid,B0,4,0,2051,513,True,True,0.7777777777777778,0.5285230570783619,0.029788672865595944,0.05453618756371051,0.05453618756371051,0.18983939137785288,,1.1782910150941461
adult_core,2001,iid,B0,4,1,2051,513,True,True,0.7816764132553606,0.5067307692307692,0.005157315426949569,0.04901960784313725,0.04901960784313725,0.181648264165311,,1.185000000987202
adult_core,2001,iid,B0,4,2,2051,513,True,True,0.7621832358674464,0.47639046917876987,0.011094416101754141,0.000449236298292896,0.00411522633744856,0.1703123908029911,,1.1720830225385725
adult_core,2001,iid,B0,4,3,2051,513,True,True,0.7660818713450293,0.5262574647540479,0.01804368471035138,0.06756756756756756,0.06756756756756756,0.19753086419753085,,1.1653330002445728
adult_core,2001,iid,B0,4,4,2051,513,True,True,0.7582846003898636,0.47445472571050895,0.007198266825075128,0.0059026069847515975,0.016557423767455115,0.1670801593402753,,1.1849170259665698
adult_core,2001,iid,B0,4,5,2051,513,True,True,0.7719298245614035,0.5071884262642352,0.028901734104046242,0.09259259259259259,0.09259259259259259,0.16946453912983284,,1.1942500132136047
adult_core,2001,iid,B0,4,6,2051,513,True,True,0.7602339181286549,0.542273291114448,0.048925270845592055,0.09644874899112188,0.09644874899112188,0.17792738222976023,,1.18433398893103
adult_core,2001,iid,B0,4,7,2050,513,True,True,0.7875243664717348,0.5408849441265098,0.03158423038316431,0.06381798002219756,0.06381798002219756,0.17297774393409715,,1.1977499816566706
adult_core,2001,iid,B0,4,8,2050,513,True,True,0.7641325536062378,0.47736362182050873,0.02023121387283237,0.05660377358490566,0.05660377358490566,0.17214703540895093,,1.1755829909816384
adult_core,2001,iid,B0,4,9,2050,513,True,True,0.7660818713450293,0.5208592777085927,0.013427377220480673,0.007918025151374006,0.007918025151374006,0.18401253918495297,,1.1670000094454736
adult_core,2001,iid,B0,5,0,2051,513,True,True,0.783625730994152,0.5490342047533441,0.038664412510566355,0.08205912334352702,0.08205912334352702,0.18096365173288242,,1.2185829982627183
adult_core,2001,iid,B0,5,1,2051,513,True,True,0.7855750487329435,0.5218120805369127,0.010937662247758818,0.029411764705882346,0.029411764705882346,0.1758679173445018,,1.213000010466203
adult_core,2001,iid,B0,5,2,2051,513,True,True,0.7680311890838206,0.49876429679866663,0.019690404640436088,0.027852650494159928,0.027852650494159928,0.16171640226430917,,1.2057920102961361
adult_core,2001,iid,B0,5,3,2051,513,True,True,0.7719298245614035,0.5506367495451789,0.023266856600189935,0.0960960960960961,0.0960960960960961,0.198005698005698,,1.2045000039506704
adult_core,2001,iid,B0,5,4,2051,513,True,True,0.7602339181286549,0.48191603786752935,0.004332937312181144,0.003443187407771768,0.016557423767455115,0.16421482982738134,,1.2116669968236238
adult_core,2001,iid,B0,5,5,2051,513,True,True,0.7699805068226121,0.5060223266745006,0.031791907514450865,0.09259259259259259,0.09259259259259259,0.1723547125402375,,1.2076249986421317
adult_core,2001,iid,B0,5,6,2051,513,True,True,0.7602339181286549,0.542273291114448,0.048925270845592055,0.09644874899112188,0.09644874899112188,0.17792738222976023,,1.2262919917702675
adult_core,2001,iid,B0,5,7,2050,513,True,True,0.7933723196881092,0.5616091583360207,0.04025475061437818,0.09211986681465038,0.09211986681465038,0.1643072237028833,,1.2152080016676337
adult_core,2001,iid,B0,5,8,2050,513,True,True,0.7641325536062378,0.4839506172839506,0.02601156069364162,0.0660377358490566,0.0660377358490566,0.17214703540895093,,1.2007089972030371
adult_core,2001,iid,B0,5,9,2050,513,True,True,0.7699805068226121,0.5341531736748137,0.019174503657262282,0.009781089892873782,0.009781089892873782,0.17826541274817131,,1.2015000102110207
adult_core,2001,iid,B1,1,0,2051,513,True,True,0.7680311890838206,0.4924803591470258,0.014995773457311921,0.008664627930682983,0.008664627930682983,0.20463229078613687,,1.3190419995225966
adult_core,2001,iid,B1,1,1,2051,513,True,True,0.7758284600389863,0.4761820199778024,0.008462843099927312,0.0196078431372549,0.0196078431372549,0.19031878439652494,,1.2185420200694352
adult_core,2001,iid,B1,1,2,2051,513,True,True,0.7582846003898636,0.4609517998779744,0.005363757075966175,0.019317160826594786,0.019317160826594786,0.17604304982877905,,1.2568340171128511
adult_core,2001,iid,B1,1,3,2051,513,True,True,0.7621832358674464,0.5072278911564626,0.006647673314339984,0.09459459459459459,0.09459459459459459,0.20322886989553657,,1.2077090214006603
adult_core,2001,iid,B1,1,4,2051,513,True,True,0.7582846003898636,0.4609517998779744,0.009696694388147319,0.024594195769798325,0.024594195769798325,0.17604304982877905,,1.223041006596759
adult_core,2001,iid,B1,1,5,2051,513,True,True,0.7641325536062378,0.47736362182050873,0.017341040462427744,0.05555555555555555,0.05555555555555555,0.18102523277145133,,1.3189580058678985
adult_core,2001,iid,B1,1,6,2051,513,True,True,0.7602339181286549,0.542273291114448,0.048925270845592055,0.09644874899112188,0.09644874899112188,0.17792738222976023,,1.2237500050105155
adult_core,2001,iid,B1,1,7,2050,513,True,True,0.7777777777777778,0.5044234289200732,0.017133363331141183,0.01664816870144284,0.01664816870144284,0.1874286109861203,,1.2290409940760583
adult_core,2001,iid,B1,1,8,2050,513,True,True,0.7582846003898636,0.4465826837416481,0.005780346820809248,0.018867924528301886,0.018867924528301886,0.18081755564016477,,1.2410829949658364
adult_core,2001,iid,B1,1,9,2050,513,True,True,0.7641325536062378,0.5140866570120162,0.010553814002089865,0.0167675826734979,0.0167675826734979,0.1868861024033438,,1.2343339913059026
adult_core,2001,iid,B1,2,0,2051,513,True,True,0.7680311890838206,0.4924803591470258,0.014995773457311921,0.008664627930682983,0.008664627930682983,0.20463229078613687,,1.2287089775782079
adult_core,2001,iid,B1,2,1,2051,513,True,True,0.7777777777777778,0.48428571428571426,0.0024748191478315036,0.0784313725490196,0.0784313725490196,0.1963068083486207,,1.2403330183587968
adult_core,2001,iid,B1,2,2,2051,513,True,True,0.7582846003898636,0.4609517998779744,0.005363757075966175,0.019317160826594786,0.019317160826594786,0.17604304982877905,,1.1847090208902955
adult_core,2001,iid,B1,2,3,2051,513,True,True,0.7621832358674464,0.5072278911564626,0.006647673314339984,0.09459459459459459,0.09459459459459459,0.20322886989553657,,1.167625014204532
adult_core,2001,iid,B1,2,4,2051,513,True,True,0.7582846003898636,0.4609517998779744,0.009696694388147319,0.024594195769798325,0.024594195769798325,0.17604304982877905,,1.1569999915082008
adult_core,2001,iid,B1,2,5,2051,513,True,True,0.7641325536062378,0.47736362182050873,0.017341040462427744,0.05555555555555555,0.05555555555555555,0.18102523277145133,,1.1542499996721745
adult_core,2001,iid,B1,2,6,2051,513,True,True,0.7602339181286549,0.542273291114448,0.048925270845592055,0.09644874899112188,0.09644874899112188,0.17792738222976023,,1.159665989689529
adult_core,2001,iid,B1,2,7,2050,513,True,True,0.7777777777777778,0.5044234289200732,0.017133363331141183,0.01664816870144284,0.01664816870144284,0.1874286109861203,,1.3342500024009496
adult_core,2001,iid,B1,2,8,2050,513,True,True,0.7621832358674464,0.4626888736263736,0.011560693641618497,0.03773584905660377,0.03773584905660377,0.17503720881935558,,1.1663330078590661
adult_core,2001,iid,B1,2,9,2050,513,True,True,0.7660818713450293,0.5208592777085927,0.013427377220480673,0.007918025151374006,0.007918025151374006,0.18401253918495297,,1.1795829923357815
adult_core,2001,iid,B1,3,0,2051,513,True,True,0.7699805068226121,0.4998843357567746,0.017954353338968724,0.01783893985728849,0.01783893985728849,0.20167371090448005,,1.1822910164482892
adult_core,2001,iid,B1,3,1,2051,513,True,True,0.7777777777777778,0.48428571428571426,0.0024748191478315036,0.0784313725490196,0.0784313725490196,0.1963068083486207,,1.1790829885285348
adult_core,2001,iid,B1,3,2,2051,513,True,True,0.7602339181286549,0.4687250039993601,0.008229086588860159,0.009883198562443844,0.009883198562443844,0.17317772031588508,,1.1708330130204558
adult_core,2001,iid,B1,3,3,2051,513,True,True,0.7660818713450293,0.5208592777085927,0.012345679012345678,0.07657657657657657,0.07657657657657657,0.19753086419753085,,1.2093340046703815
adult_core,2001,iid,B1,3,4,2051,513,True,True,0.7563352826510721,0.46008638617821146,0.006831364875253336,0.024594195769798325,0.024594195769798325,0.17890837934167303,,1.192249997984618
adult_core,2001,iid,B1,3,5,2051,513,True,True,0.7680311890838206,0.4924803591470258,0.023121387283236993,0.07407407407407407,0.07407407407407407,0.17524488595064203,,1.2450829963199794
adult_core,2001,iid,B1,3,6,2051,513,True,True,0.7602339181286549,0.542273291114448,0.048925270845592055,0.09644874899112188,0.09644874899112188,0.17792738222976023,,1.262167003005743
adult_core,2001,iid,B1,3,7,2050,513,True,True,0.7797270955165692,0.5119180931051032,0.020023536741545812,0.02608213096559378,0.02608213096559378,0.18453843757571564,,1.2123339984100312
adult_core,2001,iid,B1,3,8,2050,513,True,True,0.7621832358674464,0.4626888736263736,0.011560693641618497,0.03773584905660377,0.03773584905660377,0.17503720881935558,,1.1662500037346035
adult_core,2001,iid,B1,3,9,2050,513,True,True,0.7660818713450293,0.5208592777085927,0.013427377220480673,0.007918025151374006,0.007918025151374006,0.18401253918495297,,1.204541011247784
adult_core,2001,iid,B1,4,0,2051,513,True,True,0.7777777777777778,0.5285230570783619,0.029788672865595944,0.05453618756371051,0.05453618756371051,0.18983939137785288,,1.310250023379922
adult_core,2001,iid,B1,4,1,2051,513,True,True,0.7816764132553606,0.5067307692307692,0.005157315426949569,0.04901960784313725,0.04901960784313725,0.181648264165311,,1.2437500117812306
adult_core,2001,iid,B1,4,2,2051,513,True,True,0.7621832358674464,0.47639046917876987,0.011094416101754141,0.000449236298292896,0.00411522633744856,0.1703123908029911,,1.2167499808128923
adult_core,2001,iid,B1,4,3,2051,513,True,True,0.7660818713450293,0.5262574647540479,0.01804368471035138,0.06756756756756756,0.06756756756756756,0.19753086419753085,,1.2517080176621675
adult_core,2001,iid,B1,4,4,2051,513,True,True,0.7582846003898636,0.47445472571050895,0.007198266825075128,0.0059026069847515975,0.016557423767455115,0.1670801593402753,,1.2210829881951213
adult_core,2001,iid,B1,4,5,2051,513,True,True,0.7719298245614035,0.5071884262642352,0.028901734104046242,0.09259259259259259,0.09259259259259259,0.16946453912983284,,1.261750003322959
adult_core,2001,iid,B1,4,6,2051,513,True,True,0.7602339181286549,0.542273291114448,0.048925270845592055,0.09644874899112188,0.09644874899112188,0.17792738222976023,,1.212832983583212
adult_core,2001,iid,B1,4,7,2050,513,True,True,0.7875243664717348,0.5408849441265098,0.03158423038316431,0.06381798002219756,0.06381798002219756,0.17297774393409715,,1.2168330140411854
adult_core,2001,iid,B1,4,8,2050,513,True,True,0.7641325536062378,0.47736362182050873,0.02023121387283237,0.05660377358490566,0.05660377358490566,0.17214703540895093,,1.2744579871650785
adult_core,2001,iid,B1,4,9,2050,513,True,True,0.7660818713450293,0.5208592777085927,0.013427377220480673,0.007918025151374006,0.007918025151374006,0.18401253918495297,,1.2102909968234599
adult_core,2001,iid,B1,5,0,2051,513,True,True,0.783625730994152,0.5490342047533441,0.038664412510566355,0.08205912334352702,0.08205912334352702,0.18096365173288242,,1.2712079915218055
adult_core,2001,iid,B1,5,1,2051,513,True,True,0.7855750487329435,0.5218120805369127,0.010937662247758818,0.029411764705882346,0.029411764705882346,0.1758679173445018,,1.3152500032447278
adult_core,2001,iid,B1,5,2,2051,513,True,True,0.7680311890838206,0.49876429679866663,0.019690404640436088,0.027852650494159928,0.027852650494159928,0.16171640226430917,,1.3516249891836196
adult_core,2001,iid,B1,5,3,2051,513,True,True,0.7719298245614035,0.5506367495451789,0.023266856600189935,0.0960960960960961,0.0960960960960961,0.198005698005698,,1.2898750137537718
adult_core,2001,iid,B1,5,4,2051,513,True,True,0.7602339181286549,0.48191603786752935,0.004332937312181144,0.003443187407771768,0.016557423767455115,0.16421482982738134,,1.2888750061392784
adult_core,2001,iid,B1,5,5,2051,513,True,True,0.7699805068226121,0.5060223266745006,0.031791907514450865,0.09259259259259259,0.09259259259259259,0.1723547125402375,,1.348958001472056
adult_core,2001,iid,B1,5,6,2051,513,True,True,0.7602339181286549,0.542273291114448,0.048925270845592055,0.09644874899112188,0.09644874899112188,0.17792738222976023,,1.3887919776607305
adult_core,2001,iid,B1,5,7,2050,513,True,True,0.7933723196881092,0.5616091583360207,0.04025475061437818,0.09211986681465038,0.09211986681465038,0.1643072237028833,,1.3003330095671117
adult_core,2001,iid,B1,5,8,2050,513,True,True,0.7641325536062378,0.4839506172839506,0.02601156069364162,0.0660377358490566,0.0660377358490566,0.17214703540895093,,1.3035410083830357
adult_core,2001,iid,B1,5,9,2050,513,True,True,0.7699805068226121,0.5341531736748137,0.019174503657262282,0.009781089892873782,0.009781089892873782,0.17826541274817131,,1.3194159837439656
adult_core,2001,iid,B3,1,0,2051,513,True,True,0.7680311890838206,0.4924803591470258,0.014995773457311921,0.008664627930682983,0.008664627930682983,0.20463229078613687,,1.3957080082036555
adult_core,2001,iid,B3,1,1,2051,513,True,True,0.7758284600389863,0.4761820199778024,0.008462843099927312,0.0196078431372549,0.0196078431372549,0.19031878439652494,,1.2862079893238842
adult_core,2001,iid,B3,1,2,2051,513,True,True,0.7582846003898636,0.4609517998779744,0.005363757075966175,0.019317160826594786,0.019317160826594786,0.17604304982877905,,1.2639579945243895
adult_core,2001,iid,B3,1,3,2051,513,True,True,0.7621832358674464,0.5072278911564626,0.006647673314339984,0.09459459459459459,0.09459459459459459,0.20322886989553657,,1.2498750002123415
adult_core,2001,iid,B3,1,4,2051,513,True,True,0.7582846003898636,0.4609517998779744,0.009696694388147319,0.024594195769798325,0.024594195769798325,0.17604304982877905,,1.268291991436854
adult_core,2001,iid,B3,1,5,2051,513,True,True,0.7641325536062378,0.47736362182050873,0.017341040462427744,0.05555555555555555,0.05555555555555555,0.18102523277145133,,1.5873750089667737
adult_core,2001,iid,B3,1,6,2051,513,True,True,0.7602339181286549,0.542273291114448,0.048925270845592055,0.09644874899112188,0.09644874899112188,0.17792738222976023,,1.4421659871004522
adult_core,2001,iid,B3,1,7,2050,513,True,True,0.7777777777777778,0.5044234289200732,0.017133363331141183,0.01664816870144284,0.01664816870144284,0.1874286109861203,,1.3430420076474547
adult_core,2001,iid,B3,1,8,2050,513,True,True,0.7582846003898636,0.4465826837416481,0.005780346820809248,0.018867924528301886,0.018867924528301886,0.18081755564016477,,1.2742920080199838
adult_core,2001,iid,B3,1,9,2050,513,True,True,0.7641325536062378,0.5140866570120162,0.010553814002089865,0.0167675826734979,0.0167675826734979,0.1868861024033438,,1.4515829971060157
adult_core,2001,iid,B3,2,0,2051,513,True,True,0.7680311890838206,0.4924803591470258,0.014995773457311921,0.008664627930682983,0.008664627930682983,0.20463229078613687,,1.392750011291355
adult_core,2001,iid,B3,2,1,2051,513,True,True,0.7777777777777778,0.48428571428571426,0.0024748191478315036,0.0784313725490196,0.0784313725490196,0.1963068083486207,,1.3380830059759319
adult_core,2001,iid,B3,2,2,2051,513,True,True,0.7582846003898636,0.4609517998779744,0.005363757075966175,0.019317160826594786,0.019317160826594786,0.17604304982877905,,1.471333991503343
adult_core,2001,iid,B3,2,3,2051,513,True,True,0.7621832358674464,0.5072278911564626,0.006647673314339984,0.09459459459459459,0.09459459459459459,0.20322886989553657,,1.3864580250810832
adult_core,2001,iid,B3,2,4,2051,513,True,True,0.7582846003898636,0.4609517998779744,0.009696694388147319,0.024594195769798325,0.024594195769798325,0.17604304982877905,,1.3386250066105276
adult_core,2001,iid,B3,2,5,2051,513,True,True,0.7641325536062378,0.47736362182050873,0.017341040462427744,0.05555555555555555,0.05555555555555555,0.18102523277145133,,1.3237500097602606
adult_core,2001,iid,B3,2,6,2051,513,True,True,0.7602339181286549,0.542273291114448,0.048925270845592055,0.09644874899112188,0.09644874899112188,0.17792738222976023,,1.3043329818174243
adult_core,2001,iid,B3,2,7,2050,513,True,True,0.7777777777777778,0.5044234289200732,0.017133363331141183,0.01664816870144284,0.01664816870144284,0.1874286109861203,,1.3000420003663749
adult_core,2001,iid,B3,2,8,2050,513,True,True,0.7621832358674464,0.4626888736263736,0.011560693641618497,0.03773584905660377,0.03773584905660377,0.17503720881935558,,1.2982499902136624
adult_core,2001,iid,B3,2,9,2050,513,True,True,0.7660818713450293,0.5208592777085927,0.013427377220480673,0.007918025151374006,0.007918025151374006,0.18401253918495297,,1.3210829929448664
adult_core,2001,iid,B3,3,0,2051,513,True,True,0.7699805068226121,0.4998843357567746,0.017954353338968724,0.01783893985728849,0.01783893985728849,0.20167371090448005,,1.3407499936874956
adult_core,2001,iid,B3,3,1,2051,513,True,True,0.7777777777777778,0.48428571428571426,0.0024748191478315036,0.0784313725490196,0.0784313725490196,0.1963068083486207,,1.3237499806564301
adult_core,2001,iid,B3,3,2,2051,513,True,True,0.7602339181286549,0.4687250039993601,0.008229086588860159,0.009883198562443844,0.009883198562443844,0.17317772031588508,,1.3147499994374812
adult_core,2001,iid,B3,3,3,2051,513,True,True,0.7660818713450293,0.5208592777085927,0.012345679012345678,0.07657657657657657,0.07657657657657657,0.19753086419753085,,1.3026249944232404
adult_core,2001,iid,B3,3,4,2051,513,True,True,0.7563352826510721,0.46008638617821146,0.006831364875253336,0.024594195769798325,0.024594195769798325,0.17890837934167303,,1.3086670078337193
adult_core,2001,iid,B3,3,5,2051,513,True,True,0.7680311890838206,0.4924803591470258,0.023121387283236993,0.07407407407407407,0.07407407407407407,0.17524488595064203,,1.3402920158114284
adult_core,2001,iid,B3,3,6,2051,513,True,True,0.7602339181286549,0.542273291114448,0.048925270845592055,0.09644874899112188,0.09644874899112188,0.17792738222976023,,1.3275829842314124
adult_core,2001,iid,B3,3,7,2050,513,True,True,0.7797270955165692,0.5119180931051032,0.020023536741545812,0.02608213096559378,0.02608213096559378,0.18453843757571564,,1.3083750091027468
adult_core,2001,iid,B3,3,8,2050,513,True,True,0.7621832358674464,0.4626888736263736,0.011560693641618497,0.03773584905660377,0.03773584905660377,0.17503720881935558,,1.4505420112982392
adult_core,2001,iid,B3,3,9,2050,513,True,True,0.7660818713450293,0.5208592777085927,0.013427377220480673,0.007918025151374006,0.007918025151374006,0.18401253918495297,,1.3464170042425394
adult_core,2001,iid,B3,4,0,2051,513,True,True,0.7777777777777778,0.5285230570783619,0.029788672865595944,0.05453618756371051,0.05453618756371051,0.18983939137785288,,1.3140420196577907
adult_core,2001,iid,B3,4,1,2051,513,True,True,0.7816764132553606,0.5067307692307692,0.005157315426949569,0.04901960784313725,0.04901960784313725,0.181648264165311,,1.3048330147285014
adult_core,2001,iid,B3,4,2,2051,513,True,True,0.7621832358674464,0.47639046917876987,0.011094416101754141,0.000449236298292896,0.00411522633744856,0.1703123908029911,,1.308457984123379
adult_core,2001,iid,B3,4,3,2051,513,True,True,0.7660818713450293,0.5262574647540479,0.01804368471035138,0.06756756756756756,0.06756756756756756,0.19753086419753085,,1.2865829921793193
adult_core,2001,iid,B3,4,4,2051,513,True,True,0.7582846003898636,0.47445472571050895,0.007198266825075128,0.0059026069847515975,0.016557423767455115,0.1670801593402753,,1.32079201284796
adult_core,2001,iid,B3,4,5,2051,513,True,True,0.7719298245614035,0.5071884262642352,0.028901734104046242,0.09259259259259259,0.09259259259259259,0.16946453912983284,,1.309957995545119
adult_core,2001,iid,B3,4,6,2051,513,True,True,0.7602339181286549,0.542273291114448,0.048925270845592055,0.09644874899112188,0.09644874899112188,0.17792738222976023,,1.3340839941520244
adult_core,2001,iid,B3,4,7,2050,513,True,True,0.7875243664717348,0.5408849441265098,0.03158423038316431,0.06381798002219756,0.06381798002219756,0.17297774393409715,,1.296083995839581
adult_core,2001,iid,B3,4,8,2050,513,True,True,0.7641325536062378,0.47736362182050873,0.02023121387283237,0.05660377358490566,0.05660377358490566,0.17214703540895093,,1.2832090142183006
adult_core,2001,iid,B3,4,9,2050,513,True,True,0.7660818713450293,0.5208592777085927,0.013427377220480673,0.007918025151374006,0.007918025151374006,0.18401253918495297,,1.2884160096291453
adult_core,2001,iid,B3,5,0,2051,513,True,True,0.783625730994152,0.5490342047533441,0.038664412510566355,0.08205912334352702,0.08205912334352702,0.18096365173288242,,1.3047500106040388
adult_core,2001,iid,B3,5,1,2051,513,True,True,0.7855750487329435,0.5218120805369127,0.010937662247758818,0.029411764705882346,0.029411764705882346,0.1758679173445018,,1.3187080039642751
adult_core,2001,iid,B3,5,2,2051,513,True,True,0.7680311890838206,0.49876429679866663,0.019690404640436088,0.027852650494159928,0.027852650494159928,0.16171640226430917,,1.2942920147906989
adult_core,2001,iid,B3,5,3,2051,513,True,True,0.7719298245614035,0.5506367495451789,0.023266856600189935,0.0960960960960961,0.0960960960960961,0.198005698005698,,1.3389999803621322
adult_core,2001,iid,B3,5,4,2051,513,True,True,0.7602339181286549,0.48191603786752935,0.004332937312181144,0.003443187407771768,0.016557423767455115,0.16421482982738134,,1.3162080140318722
adult_core,2001,iid,B3,5,5,2051,513,True,True,0.7699805068226121,0.5060223266745006,0.031791907514450865,0.09259259259259259,0.09259259259259259,0.1723547125402375,,1.2887500051874667
adult_core,2001,iid,B3,5,6,2051,513,True,True,0.7602339181286549,0.542273291114448,0.048925270845592055,0.09644874899112188,0.09644874899112188,0.17792738222976023,,1.2919169967062771
adult_core,2001,iid,B3,5,7,2050,513,True,True,0.7933723196881092,0.5616091583360207,0.04025475061437818,0.09211986681465038,0.09211986681465038,0.1643072237028833,,1.284166006371379
adult_core,2001,iid,B3,5,8,2050,513,True,True,0.7641325536062378,0.4839506172839506,0.02601156069364162,0.0660377358490566,0.0660377358490566,0.17214703540895093,,1.3037919998168945
adult_core,2001,iid,B3,5,9,2050,513,True,True,0.7699805068226121,0.5341531736748137,0.019174503657262282,0.009781089892873782,0.009781089892873782,0.17826541274817131,,1.3072919973637909
adult_core,2001,joint_dirichlet_0.3,B0,1,0,272,69,True,True,0.8405797101449275,0.4566929133858268,0.0,,,1.0,"equal_opportunity_gap,equalized_odds_gap,false_positive_rate_gap",0.8182919991668314
adult_core,2001,joint_dirichlet_0.3,B0,1,1,206,52,True,True,0.9423076923076923,0.48514851485148514,0.0,0.0,,0.09999999999999998,"equalized_odds_gap,false_positive_rate_gap",0.6741670076735318
adult_core,2001,joint_dirichlet_0.3,B0,1,2,1696,424,True,True,0.7405660377358491,0.6152196152196152,0.24692254181411244,0.0,0.13787409700722397,0.516529050600369,,1.1735830048564821
adult_core,2001,joint_dirichlet_0.3,B0,1,3,2201,551,True,True,0.9963702359346642,0.4990909090909091,0.0,0.0,0.0,0.005938881414568442,,1.3065410021226853
adult_core,2001,joint_dirichlet_0.3,B0,1,4,3098,775,True,True,0.9483870967741935,0.4867549668874172,0.0,,,0.0849256900212314,"equal_opportunity_gap,equalized_odds_gap",1.6079999913927168
adult_core,2001,joint_dirichlet_0.3,B0,1,5,2653,664,True,True,0.8463855421686747,0.5027020676691729,0.030229604298974033,0.0,0.060354374307862724,0.8995407914020517,,1.3999170041643083
adult_core,2001,joint_dirichlet_0.3,B0,1,6,3028,758,True,True,0.8153034300791556,0.4560961108719273,0.0011817916545083162,0.00847457627118644,0.00847457627118644,0.17716661803326517,,1.6069999837782234
adult_core,2001,joint_dirichlet_0.3,B0,1,7,2428,607,True,True,0.8616144975288303,0.46283185840707963,0.0,0.0,,0.8879456706281834,"equalized_odds_gap,false_positive_rate_gap",1.350083010038361
adult_core,2001,joint_dirichlet_0.3,B0,1,8,848,212,True,True,0.7830188679245284,0.6312764670296431,0.06702898550724637,0.04521963824289407,0.04521963824289407,0.2503623188405798,,0.8348749834112823
adult_core,2001,joint_dirichlet_0.3,B0,1,9,4076,1019,True,True,0.9921491658488715,0.4980295566502463,0.0,,,0.00830737279335414,"equal_opportunity_gap,equalized_odds_gap",1.7741250048857182
adult_core,2001,joint_dirichlet_0.3,B0,2,0,272,69,True,False,0.8985507246376812,0.7651920272241128,0.4373040752351097,,,0.5282131661442007,"equal_opportunity_gap,equalized_odds_gap,false_positive_rate_gap",0.7289999921340495
adult_core,2001,joint_dirichlet_0.3,B0,2,1,206,52,True,True,0.9807692307692307,0.8949494949494949,0.06666666666666665,0.0,,0.033333333333333326,"equalized_odds_gap,false_positive_rate_gap",0.6580830086022615
adult_core,2001,joint_dirichlet_0.3,B0,2,2,1696,424,True,False,0.8632075471698113,0.8459263714507681,0.6663642137737047,0.03981481481481486,0.33519091847265226,0.026797326316426284,,1.181750005343929
adult_core,2001,joint_dirichlet_0.3,B0,2,3,2201,551,True,True,0.9963702359346642,0.4990909090909091,0.0,0.0,0.0,0.005938881414568442,,1.2413749936968088
adult_core,2001,joint_dirichlet_0.3,B0,2,4,3098,775,True,True,0.9496774193548387,0.5114677786936915,0.0021231422505307855,,,0.08280254777070062,"equal_opportunity_gap,equalized_odds_gap",1.4784999948460609
adult_core,2001,joint_dirichlet_0.3,B0,2,5,2653,664,True,False,0.9186746987951807,0.8264808362369338,0.6126233512457254,0.3170878459687124,0.31782945736434104,0.30831460674157296,,1.3943749945610762
adult_core,2001,joint_dirichlet_0.3,B0,2,6,3028,758,True,True,0.8153034300791556,0.4628684807256236,0.003166034432448205,0.01694915254237288,0.01694915254237288,0.17716661803326517,,1.450749987270683
adult_core,2001,joint_dirichlet_0.3,B0,2,7,2428,607,True,True,0.8632619439868204,0.47500651279112177,0.05555555555555555,0.05555555555555555,,0.8323901150726278,"equalized_odds_gap,false_positive_rate_gap",1.3216669904068112
adult_core,2001,joint_dirichlet_0.3,B0,2,8,848,212,True,True,0.7641509433962265,0.5817550505050505,0.06195652173913043,0.019379844961240317,0.019379844961240317,0.2554347826086957,,0.885750021552667
adult_core,2001,joint_dirichlet_0.3,B0,2,9,4076,1019,True,True,0.9921491658488715,0.4980295566502463,0.0,,,0.00830737279335414,"equal_opportunity_gap,equalized_odds_gap",1.7458749935030937
adult_core,2001,joint_dirichlet_0.3,B0,3,0,272,69,True,False,0.6956521739130435,0.5980582524271845,0.34326018808777425,,,0.07053291536050155,"equal_opportunity_gap,equalized_odds_gap,false_positive_rate_gap",0.7403339841403067
adult_core,2001,joint_dirichlet_0.3,B0,3,1,206,52,True,True,0.8076923076923077,0.5873015873015872,0.18484848484848493,0.24410774410774416,,0.21818181818181825,"equalized_odds_gap,false_positive_rate_gap",0.6561670161318034
adult_core,2001,joint_dirichlet_0.3,B0,3,2,1696,424,True,False,0.7358490566037735,0.7321239197635325,0.48235187369567184,0.10185185185185186,0.1735810113519092,0.2719656413513596,,1.168750022770837
adult_core,2001,joint_dirichlet_0.3,B0,3,3,2201,551,True,True,0.9963702359346642,0.4990909090909091,0.0,0.0,0.0,0.005938881414568442,,1.2807499733753502
adult_core,2001,joint_dirichlet_0.3,B0,3,4,3098,775,True,True,0.9509677419354838,0.5350195781230265,0.004246284501061571,,,0.08067940552016983,"equal_opportunity_gap,equalized_odds_gap",1.520209014415741
adult_core,2001,joint_dirichlet_0.3,B0,3,5,2653,664,True,False,0.8765060240963856,0.805049911920141,0.7424914509037617,0.21780986762936227,0.27630121816168324,0.01285784074255003,,1.397167012328282
adult_core,2001,joint_dirichlet_0.3,B0,3,6,3028,758,True,True,0.8153034300791556,0.4628684807256236,0.003166034432448205,0.01694915254237288,0.01694915254237288,0.17716661803326517,,1.4950409822631627
adult_core,2001,joint_dirichlet_0.3,B0,3,7,2428,607,True,True,0.8649093904448105,0.4869082962229919,0.0538577626862856,0.0404040404040404,,0.8340879079418977,"equalized_odds_gap,false_positive_rate_gap",1.3271250063553452
adult_core,2001,joint_dirichlet_0.3,B0,3,8,848,212,True,True,0.7594339622641509,0.5686071100825919,0.051086956521739134,0.003875968992248041,0.003875968992248041,0.2663043478260869,,0.8247079967986792
adult_core,2001,joint_dirichlet_0.3,B0,3,9,4076,1019,True,True,0.9921491658488715,0.4980295566502463,0.0,,,0.00830737279335414,"equal_opportunity_gap,equalized_odds_gap",1.6874999855645
adult_core,2001,joint_dirichlet_0.3,B0,4,0,272,69,True,False,0.5507246376811594,0.49988309562777644,0.24451410658307215,,,0.21003134796238243,"equal_opportunity_gap,equalized_odds_gap,false_positive_rate_gap",0.6776670052204281
adult_core,2001,joint_dirichlet_0.3,B0,4,1,206,52,True,False,0.7307692307692307,0.5297157622739018,0.28787878787878796,0.3434343434343434,,0.3212121212121213,"equalized_odds_gap,false_positive_rate_gap",0.6309589953161776
adult_core,2001,joint_dirichlet_0.3,B0,4,2,1696,424,True,False,0.6533018867924528,0.6532073645028293,0.38686749538759335,0.011111111111111072,0.12528379772961817,0.36817590660254673,,1.0927080002147704
adult_core,2001,joint_dirichlet_0.3,B0,4,3,2201,551,True,True,0.9963702359346642,0.4990909090909091,0.0,0.0,0.0,0.005938881414568442,,1.2220839853398502
adult_core,2001,joint_dirichlet_0.3,B0,4,4,3098,775,True,True,0.9509677419354838,0.5350195781230265,0.004246284501061571,,,0.08067940552016983,"equal_opportunity_gap,equalized_odds_gap",1.4541249838657677
adult_core,2001,joint_dirichlet_0.3,B0,4,5,2653,664,True,False,0.7650602409638554,0.6973882559158633,0.6672984855886663,0.07160048134777386,0.29844961240310075,0.2194040058622374,,1.4364169910550117
adult_core,2001,joint_dirichlet_0.3,B0,4,6,3028,758,True,True,0.8139841688654353,0.46237078397344,0.00018967026553837196,0.01694915254237288,0.01694915254237288,0.17381091333527865,,1.5459160204045475
adult_core,2001,joint_dirichlet_0.3,B0,4,7,2428,607,True,True,0.8632619439868204,0.4861650807249437,0.05215996981701566,0.0404040404040404,,0.8323901150726278,"equalized_odds_gap,false_positive_rate_gap",1.2875420216005296
adult_core,2001,joint_dirichlet_0.3,B0,4,8,848,212,True,True,0.7594339622641509,0.5686071100825919,0.051086956521739134,0.003875968992248041,0.003875968992248041,0.2663043478260869,,0.8176250266842544
adult_core,2001,joint_dirichlet_0.3,B0,4,9,4076,1019,True,True,0.9921491658488715,0.4980295566502463,0.0,,,0.00830737279335414,"equal_opportunity_gap,equalized_odds_gap",1.6760000144131482
adult_core,2001,joint_dirichlet_0.3,B0,5,0,272,69,True,False,0.4927536231884058,0.4557133198106829,0.17554858934169282,,,0.27899686520376177,"equal_opportunity_gap,equalized_odds_gap,false_positive_rate_gap",0.6741670076735318
adult_core,2001,joint_dirichlet_0.3,B0,5,1,206,52,True,False,0.6153846153846154,0.4583333333333333,0.24545454545454543,0.28619528619528617,,0.27878787878787875,"equalized_odds_gap,false_positive_rate_gap",0.6261250237002969
adult_core,2001,joint_dirichlet_0.3,B0,5,2,1696,424,True,False,0.6037735849056604,0.6032085561497327,0.32804040770649967,0.05833333333333335,0.10567595459236327,0.42077246468862484,,1.0972919990308583
adult_core,2001,joint_dirichlet_0.3,B0,5,3,2201,551,True,True,0.9963702359346642,0.4990909090909091,0.0,0.0,0.0,0.005938881414568442,,1.276249997317791
adult_core,2001,joint_dirichlet_0.3,B0,5,4,3098,775,True,True,0.952258064516129,0.5574913967377046,0.006369426751592357,,,0.07855626326963905,"equal_opportunity_gap,equalized_odds_gap",1.4833330060355365
adult_core,2001,joint_dirichlet_0.3,B0,5,5,2653,664,True,False,0.6852409638554217,0.6337349397590362,0.6061553492916463,0.3002406738868833,0.3002406738868833,0.3375280898876404,,1.3597910001408309
adult_core,2001,joint_dirichlet_0.3,B0,5,6,3028,758,True,True,0.8113456464379947,0.46782991216743663,0.0025532535745550044,0.025423728813559324,0.025423728813559324,0.1670995039393055,,1.503250008681789
adult_core,2001,joint_dirichlet_0.3,B0,5,7,2428,607,True,True,0.8665568369028006,0.5089438202247192,0.048764384078475755,0.010101010101010097,,0.8357857008111677,"equalized_odds_gap,false_positive_rate_gap",1.3123749813530594
adult_core,2001,joint_dirichlet_0.3,B0,5,8,848,212,True,True,0.7641509433962265,0.5817550505050505,0.06195652173913043,0.019379844961240317,0.019379844961240317,0.2554347826086957,,0.8624589827377349
adult_core,2001,joint_dirichlet_0.3,B0,5,9,4076,1019,True,True,0.9921491658488715,0.4980295566502463,0.0,,,0.00830737279335414,"equal_opportunity_gap,equalized_odds_gap",1.7143329896498471
adult_core,2001,joint_dirichlet_0.3,B1,1,0,272,69,True,True,0.8405797101449275,0.4566929133858268,0.0,,,1.0,"equal_opportunity_gap,equalized_odds_gap,false_positive_rate_gap",0.8174999966286123
adult_core,2001,joint_dirichlet_0.3,B1,1,1,206,52,True,True,0.9423076923076923,0.48514851485148514,0.0,0.0,,0.09999999999999998,"equalized_odds_gap,false_positive_rate_gap",0.6695000047329813
adult_core,2001,joint_dirichlet_0.3,B1,1,2,1696,424,True,True,0.7405660377358491,0.6152196152196152,0.24692254181411244,0.0,0.13787409700722397,0.516529050600369,,1.141584012657404
adult_core,2001,joint_dirichlet_0.3,B1,1,3,2201,551,True,True,0.9963702359346642,0.4990909090909091,0.0,0.0,0.0,0.005938881414568442,,1.2738330115098506
adult_core,2001,joint_dirichlet_0.3,B1,1,4,3098,775,True,True,0.9483870967741935,0.4867549668874172,0.0,,,0.0849256900212314,"equal_opportunity_gap,equalized_odds_gap",1.5481669979635626
adult_core,2001,joint_dirichlet_0.3,B1,1,5,2653,664,True,True,0.8463855421686747,0.5027020676691729,0.030229604298974033,0.0,0.060354374307862724,0.8995407914020517,,1.3677079987246543
adult_core,2001,joint_dirichlet_0.3,B1,1,6,3028,758,True,True,0.8153034300791556,0.4560961108719273,0.0011817916545083162,0.00847457627118644,0.00847457627118644,0.17716661803326517,,1.4948749740142375
adult_core,2001,joint_dirichlet_0.3,B1,1,7,2428,607,True,True,0.8616144975288303,0.46283185840707963,0.0,0.0,,0.8879456706281834,"equalized_odds_gap,false_positive_rate_gap",1.2835829984396696
adult_core,2001,joint_dirichlet_0.3,B1,1,8,848,212,True,True,0.7830188679245284,0.6312764670296431,0.06702898550724637,0.04521963824289407,0.04521963824289407,0.2503623188405798,,0.8373330056201667
adult_core,2001,joint_dirichlet_0.3,B1,1,9,4076,1019,True,True,0.9921491658488715,0.4980295566502463,0.0,,,0.00830737279335414,"equal_opportunity_gap,equalized_odds_gap",1.7074579955078661
adult_core,2001,joint_dirichlet_0.3,B1,2,0,272,69,True,False,0.8985507246376812,0.7651920272241128,0.4373040752351097,,,0.5282131661442007,"equal_opportunity_gap,equalized_odds_gap,false_positive_rate_gap",0.6899169820826501
adult_core,2001,joint_dirichlet_0.3,B1,2,1,206,52,True,True,0.9807692307692307,0.8949494949494949,0.06666666666666665,0.0,,0.033333333333333326,"equalized_odds_gap,false_positive_rate_gap",0.6498750008177012
adult_core,2001,joint_dirichlet_0.3,B1,2,2,1696,424,True,False,0.8632075471698113,0.8459263714507681,0.6663642137737047,0.03981481481481486,0.33519091847265226,0.026797326316426284,,1.1077079980168492
adult_core,2001,joint_dirichlet_0.3,B1,2,3,2201,551,True,True,0.9963702359346642,0.4990909090909091,0.0,0.0,0.0,0.005938881414568442,,1.2190839916002005
adult_core,2001,joint_dirichlet_0.3,B1,2,4,3098,775,True,True,0.9496774193548387,0.5114677786936915,0.0021231422505307855,,,0.08280254777070062,"equal_opportunity_gap,equalized_odds_gap",1.4999999839346856
adult_core,2001,joint_dirichlet_0.3,B1,2,5,2653,664,True,False,0.9186746987951807,0.8264808362369338,0.6126233512457254,0.3170878459687124,0.31782945736434104,0.30831460674157296,,1.4323749928735197
adult_core,2001,joint_dirichlet_0.3,B1,2,6,3028,758,True,True,0.8153034300791556,0.4628684807256236,0.003166034432448205,0.01694915254237288,0.01694915254237288,0.17716661803326517,,1.514875009888783
adult_core,2001,joint_dirichlet_0.3,B1,2,7,2428,607,True,True,0.8632619439868204,0.47500651279112177,0.05555555555555555,0.05555555555555555,,0.8323901150726278,"equalized_odds_gap,false_positive_rate_gap",1.3367499923333526
adult_core,2001,joint_dirichlet_0.3,B1,2,8,848,212,True,True,0.7641509433962265,0.5817550505050505,0.06195652173913043,0.019379844961240317,0.019379844961240317,0.2554347826086957,,0.8640000014565885
adult_core,2001,joint_dirichlet_0.3,B1,2,9,4076,1019,True,True,0.9921491658488715,0.4980295566502463,0.0,,,0.00830737279335414,"equal_opportunity_gap,equalized_odds_gap",1.7204999749083072
adult_core,2001,joint_dirichlet_0.3,B1,3,0,272,69,True,False,0.6956521739130435,0.5980582524271845,0.34326018808777425,,,0.07053291536050155,"equal_opportunity_gap,equalized_odds_gap,false_positive_rate_gap",0.7284999883268028
adult_core,2001,joint_dirichlet_0.3,B1,3,1,206,52,True,True,0.8076923076923077,0.5873015873015872,0.18484848484848493,0.24410774410774416,,0.21818181818181825,"equalized_odds_gap,false_positive_rate_gap",0.6573330028913915
adult_core,2001,joint_dirichlet_0.3,B1,3,2,1696,424,True,False,0.7358490566037735,0.7321239197635325,0.48235187369567184,0.10185185185185186,0.1735810113519092,0.2719656413513596,,1.1594580137170851
adult_core,2001,joint_dirichlet_0.3,B1,3,3,2201,551,True,True,0.9963702359346642,0.4990909090909091,0.0,0.0,0.0,0.005938881414568442,,1.307042024563998
adult_core,2001,joint_dirichlet_0.3,B1,3,4,3098,775,True,True,0.9509677419354838,0.5350195781230265,0.004246284501061571,,,0.08067940552016983,"equal_opportunity_gap,equalized_odds_gap",1.5364169958047569
adult_core,2001,joint_dirichlet_0.3,B1,3,5,2653,664,True,False,0.8765060240963856,0.805049911920141,0.7424914509037617,0.21780986762936227,0.27630121816168324,0.01285784074255003,,1.422542001819238
adult_core,2001,joint_dirichlet_0.3,B1,3,6,3028,758,True,True,0.8153034300791556,0.4628684807256236,0.003166034432448205,0.01694915254237288,0.01694915254237288,0.17716661803326517,,1.522334001492709
adult_core,2001,joint_dirichlet_0.3,B1,3,7,2428,607,True,True,0.8649093904448105,0.4869082962229919,0.0538577626862856,0.0404040404040404,,0.8340879079418977,"equalized_odds_gap,false_positive_rate_gap",1.2999589962419122
adult_core,2001,joint_dirichlet_0.3,B1,3,8,848,212,True,True,0.7594339622641509,0.5686071100825919,0.051086956521739134,0.003875968992248041,0.003875968992248041,0.2663043478260869,,0.8442919934168458
adult_core,2001,joint_dirichlet_0.3,B1,3,9,4076,1019,True,True,0.9921491658488715,0.4980295566502463,0.0,,,0.00830737279335414,"equal_opportunity_gap,equalized_odds_gap",1.7587500042282045
adult_core,2001,joint_dirichlet_0.3,B1,4,0,272,69,True,False,0.5507246376811594,0.49988309562777644,0.24451410658307215,,,0.21003134796238243,"equal_opportunity_gap,equalized_odds_gap,false_positive_rate_gap",0.7097500201780349
adult_core,2001,joint_dirichlet_0.3,B1,4,1,206,52,True,False,0.7307692307692307,0.5297157622739018,0.28787878787878796,0.3434343434343434,,0.3212121212121213,"equalized_odds_gap,false_positive_rate_gap",0.6473340035881847
adult_core,2001,joint_dirichlet_0.3,B1,4,2,1696,424,True,False,0.6533018867924528,0.6532073645028293,0.38686749538759335,0.011111111111111072,0.12528379772961817,0.36817590660254673,,1.1208749783691019
adult_core,2001,joint_dirichlet_0.3,B1,4,3,2201,551,True,True,0.9963702359346642,0.4990909090909091,0.0,0.0,0.0,0.005938881414568442,,1.2742090038955212
adult_core,2001,joint_dirichlet_0.3,B1,4,4,3098,775,True,True,0.9509677419354838,0.5350195781230265,0.004246284501061571,,,0.08067940552016983,"equal_opportunity_gap,equalized_odds_gap",1.5121249889489263
adult_core,2001,joint_dirichlet_0.3,B1,4,5,2653,664,True,False,0.7650602409638554,0.6973882559158633,0.6672984855886663,0.07160048134777386,0.29844961240310075,0.2194040058622374,,1.421332999598235
adult_core,2001,joint_dirichlet_0.3,B1,4,6,3028,758,True,True,0.8139841688654353,0.46237078397344,0.00018967026553837196,0.01694915254237288,0.01694915254237288,0.17381091333527865,,1.4953750069253147
adult_core,2001,joint_dirichlet_0.3,B1,4,7,2428,607,True,True,0.8632619439868204,0.4861650807249437,0.05215996981701566,0.0404040404040404,,0.8323901150726278,"equalized_odds_gap,false_positive_rate_gap",1.3009999820496887
adult_core,2001,joint_dirichlet_0.3,B1,4,8,848,212,True,True,0.7594339622641509,0.5686071100825919,0.051086956521739134,0.003875968992248041,0.003875968992248041,0.2663043478260869,,0.8541249844711274
adult_core,2001,joint_dirichlet_0.3,B1,4,9,4076,1019,True,True,0.9921491658488715,0.4980295566502463,0.0,,,0.00830737279335414,"equal_opportunity_gap,equalized_odds_gap",1.7293750133831054
adult_core,2001,joint_dirichlet_0.3,B1,5,0,272,69,True,False,0.4927536231884058,0.4557133198106829,0.17554858934169282,,,0.27899686520376177,"equal_opportunity_gap,equalized_odds_gap,false_positive_rate_gap",0.7233340002130717
adult_core,2001,joint_dirichlet_0.3,B1,5,1,206,52,True,False,0.6153846153846154,0.4583333333333333,0.24545454545454543,0.28619528619528617,,0.27878787878787875,"equalized_odds_gap,false_positive_rate_gap",0.6632909935433418
adult_core,2001,joint_dirichlet_0.3,B1,5,2,1696,424,True,False,0.6037735849056604,0.6032085561497327,0.32804040770649967,0.05833333333333335,0.10567595459236327,0.42077246468862484,,1.1180829897057265
adult_core,2001,joint_dirichlet_0.3,B1,5,3,2201,551,True,True,0.9963702359346642,0.4990909090909091,0.0,0.0,0.0,0.005938881414568442,,1.2595000152941793
adult_core,2001,joint_dirichlet_0.3,B1,5,4,3098,775,True,True,0.952258064516129,0.5574913967377046,0.006369426751592357,,,0.07855626326963905,"equal_opportunity_gap,equalized_odds_gap",1.5090410015545785
adult_core,2001,joint_dirichlet_0.3,B1,5,5,2653,664,True,False,0.6852409638554217,0.6337349397590362,0.6061553492916463,0.3002406738868833,0.3002406738868833,0.3375280898876404,,1.3974169851280749
adult_core,2001,joint_dirichlet_0.3,B1,5,6,3028,758,True,True,0.8113456464379947,0.46782991216743663,0.0025532535745550044,0.025423728813559324,0.025423728813559324,0.1670995039393055,,1.588249986525625
adult_core,2001,joint_dirichlet_0.3,B1,5,7,2428,607,True,True,0.8665568369028006,0.5089438202247192,0.048764384078475755,0.010101010101010097,,0.8357857008111677,"equalized_odds_gap,false_positive_rate_gap",1.3127080164849758
adult_core,2001,joint_dirichlet_0.3,B1,5,8,848,212,True,True,0.7641509433962265,0.5817550505050505,0.06195652173913043,0.019379844961240317,0.019379844961240317,0.2554347826086957,,0.8432920149061829
adult_core,2001,joint_dirichlet_0.3,B1,5,9,4076,1019,True,True,0.9921491658488715,0.4980295566502463,0.0,,,0.00830737279335414,"equal_opportunity_gap,equalized_odds_gap",1.711249991785735
adult_core,2001,joint_dirichlet_0.3,B3,1,0,272,69,True,True,0.8405797101449275,0.4566929133858268,0.0,,,1.0,"equal_opportunity_gap,equalized_odds_gap,false_positive_rate_gap",0.8002500107977539
adult_core,2001,joint_dirichlet_0.3,B3,1,1,206,52,True,True,0.9423076923076923,0.48514851485148514,0.0,0.0,,0.09999999999999998,"equalized_odds_gap,false_positive_rate_gap",0.6582909845747054
adult_core,2001,joint_dirichlet_0.3,B3,1,2,1696,424,True,True,0.7405660377358491,0.6152196152196152,0.24692254181411244,0.0,0.13787409700722397,0.516529050600369,,1.131500001065433
adult_core,2001,joint_dirichlet_0.3,B3,1,3,2201,551,True,True,0.9963702359346642,0.4990909090909091,0.0,0.0,0.0,0.005938881414568442,,1.2980420142412186
adult_core,2001,joint_dirichlet_0.3,B3,1,4,3098,775,True,True,0.9483870967741935,0.4867549668874172,0.0,,,0.0849256900212314,"equal_opportunity_gap,equalized_odds_gap",1.5601670020259917
adult_core,2001,joint_dirichlet_0.3,B3,1,5,2653,664,True,True,0.8463855421686747,0.5027020676691729,0.030229604298974033,0.0,0.060354374307862724,0.8995407914020517,,1.461584004573524
adult_core,2001,joint_dirichlet_0.3,B3,1,6,3028,758,True,True,0.8153034300791556,0.4560961108719273,0.0011817916545083162,0.00847457627118644,0.00847457627118644,0.17716661803326517,,1.604167016921565
adult_core,2001,joint_dirichlet_0.3,B3,1,7,2428,607,True,True,0.8616144975288303,0.46283185840707963,0.0,0.0,,0.8879456706281834,"equalized_odds_gap,false_positive_rate_gap",1.3632919872179627
adult_core,2001,joint_dirichlet_0.3,B3,1,8,848,212,True,True,0.7830188679245284,0.6312764670296431,0.06702898550724637,0.04521963824289407,0.04521963824289407,0.2503623188405798,,0.8552499930374324
adult_core,2001,joint_dirichlet_0.3,B3,1,9,4076,1019,True,True,0.9921491658488715,0.4980295566502463,0.0,,,0.00830737279335414,"equal_opportunity_gap,equalized_odds_gap",1.7515420040581375
adult_core,2001,joint_dirichlet_0.3,B3,2,0,272,69,True,False,0.8985507246376812,0.7651920272241128,0.4373040752351097,,,0.5282131661442007,"equal_opportunity_gap,equalized_odds_gap,false_positive_rate_gap",0.7593330228701234
adult_core,2001,joint_dirichlet_0.3,B3,2,1,206,52,True,True,0.9807692307692307,0.8949494949494949,0.06666666666666665,0.0,,0.033333333333333326,"equalized_odds_gap,false_positive_rate_gap",0.6375830271281302
adult_core,2001,joint_dirichlet_0.3,B3,2,2,1696,424,True,False,0.8632075471698113,0.8459263714507681,0.6663642137737047,0.03981481481481486,0.33519091847265226,0.026797326316426284,,1.158624974777922
adult_core,2001,joint_dirichlet_0.3,B3,2,3,2201,551,True,True,0.9963702359346642,0.4990909090909091,0.0,0.0,0.0,0.005938881414568442,,1.3130000152159482
adult_core,2001,joint_dirichlet_0.3,B3,2,4,3098,775,True,True,0.9496774193548387,0.5114677786936915,0.0021231422505307855,,,0.08280254777070062,"equal_opportunity_gap,equalized_odds_gap",1.5268749848473817
adult_core,2001,joint_dirichlet_0.3,B3,2,5,2653,664,True,False,0.9186746987951807,0.8264808362369338,0.6126233512457254,0.3170878459687124,0.31782945736434104,0.30831460674157296,,1.3947499974165112
adult_core,2001,joint_dirichlet_0.3,B3,2,6,3028,758,True,True,0.8153034300791556,0.4628684807256236,0.003166034432448205,0.01694915254237288,0.01694915254237288,0.17716661803326517,,1.4750830014236271
adult_core,2001,joint_dirichlet_0.3,B3,2,7,2428,607,True,True,0.8632619439868204,0.47500651279112177,0.05555555555555555,0.05555555555555555,,0.8323901150726278,"equalized_odds_gap,false_positive_rate_gap",1.266540988581255
adult_core,2001,joint_dirichlet_0.3,B3,2,8,848,212,True,True,0.7641509433962265,0.5817550505050505,0.06195652173913043,0.019379844961240317,0.019379844961240317,0.2554347826086957,,0.8261660113930702
adult_core,2001,joint_dirichlet_0.3,B3,2,9,4076,1019,True,True,0.9921491658488715,0.4980295566502463,0.0,,,0.00830737279335414,"equal_opportunity_gap,equalized_odds_gap",1.6853749984875321
adult_core,2001,joint_dirichlet_0.3,B3,3,0,272,69,True,False,0.5507246376811594,0.49988309562777644,0.24451410658307215,,,0.21003134796238243,"equal_opportunity_gap,equalized_odds_gap,false_positive_rate_gap",0.6803339929319918
adult_core,2001,joint_dirichlet_0.3,B3,3,1,206,52,True,True,0.7115384615384616,0.5170278637770898,0.17575757575757578,0.22390572390572383,,0.2090909090909091,"equalized_odds_gap,false_positive_rate_gap",0.6306669965852052
adult_core,2001,joint_dirichlet_0.3,B3,3,2,1696,424,True,False,0.5943396226415094,0.5934350191775934,0.3155793485164685,0.04351851851851851,0.10567595459236327,0.43323352387865594,,1.2584579817485064
adult_core,2001,joint_dirichlet_0.3,B3,3,3,2201,551,True,True,0.9963702359346642,0.4990909090909091,0.0,0.0,0.0,0.005938881414568442,,1.4594169915653765
adult_core,2001,joint_dirichlet_0.3,B3,3,4,3098,775,True,True,0.9496774193548387,0.5114677786936915,0.0021231422505307855,,,0.08280254777070062,"equal_opportunity_gap,equalized_odds_gap",1.7449170118197799
adult_core,2001,joint_dirichlet_0.3,B3,3,5,2653,664,True,False,0.7575301204819277,0.6916055814704873,0.6680996580361505,0.3959085439229844,0.3959085439229844,0.21512457254518802,,1.6713340010028332
adult_core,2001,joint_dirichlet_0.3,B3,3,6,3028,758,True,True,0.8153034300791556,0.4560961108719273,0.0011817916545083162,0.00847457627118644,0.00847457627118644,0.17716661803326517,,1.7419999931007624
adult_core,2001,joint_dirichlet_0.3,B3,3,7,2428,607,True,True,0.8616144975288303,0.46283185840707963,0.0,0.0,,0.8879456706281834,"equalized_odds_gap,false_positive_rate_gap",1.3495000021066517
adult_core,2001,joint_dirichlet_0.3,B3,3,8,848,212,True,True,0.7216981132075472,0.45002858022248604,0.002536231884057971,0.03229974160206718,0.03229974160206718,0.3148550724637681,,0.8952500065788627
adult_core,2001,joint_dirichlet_0.3,B3,3,9,4076,1019,True,True,0.9921491658488715,0.4980295566502463,0.0,,,0.00830737279335414,"equal_opportunity_gap,equalized_odds_gap",1.7166670004371554
adult_core,2001,joint_dirichlet_0.3,B3,4,0,272,69,True,False,0.4057971014492754,0.39304870199527997,0.1457680250783699,,,0.4905956112852665,"equal_opportunity_gap,equalized_odds_gap,false_positive_rate_gap",0.7462080102413893
adult_core,2001,joint_dirichlet_0.3,B3,4,1,206,52,True,False,0.5192307692307693,0.42554131683605834,0.16969696969696968,0.2289562289562289,,0.26969696969696966,"equalized_odds_gap,false_positive_rate_gap",0.6404999876394868
adult_core,2001,joint_dirichlet_0.3,B3,4,2,1696,424,True,False,0.4693396226415094,0.448194485415329,0.17061367691981974,0.08611111111111111,0.08611111111111111,0.5983425581465687,,1.1219590087421238
adult_core,2001,joint_dirichlet_0.3,B3,4,3,2201,551,True,True,0.9963702359346642,0.4990909090909091,0.0,0.0,0.0,0.005938881414568442,,1.279459014767781
adult_core,2001,joint_dirichlet_0.3,B3,4,4,3098,775,True,True,0.9496774193548387,0.5114677786936915,0.0021231422505307855,,,0.08280254777070062,"equal_opportunity_gap,equalized_odds_gap",1.5181670023594052
adult_core,2001,joint_dirichlet_0.3,B3,4,5,2653,664,True,False,0.5436746987951807,0.5180879883685001,0.45217391304347826,0.463898916967509,0.463898916967509,0.4880312652662433,,1.3420839968603104
adult_core,2001,joint_dirichlet_0.3,B3,4,6,3028,758,True,True,0.816622691292876,0.45654674403610573,0.002173913043478261,0.00847457627118644,0.00847457627118644,0.1805223227312518,,1.4812499866820872
adult_core,2001,joint_dirichlet_0.3,B3,4,7,2428,607,True,True,0.8616144975288303,0.46283185840707963,0.0,0.0,,0.8879456706281834,"equalized_odds_gap,false_positive_rate_gap",1.4414580073207617
adult_core,2001,joint_dirichlet_0.3,B3,4,8,848,212,True,True,0.7216981132075472,0.45002858022248604,0.002536231884057971,0.03229974160206718,0.03229974160206718,0.3148550724637681,,0.870165997184813
adult_core,2001,joint_dirichlet_0.3,B3,4,9,4076,1019,True,True,0.9921491658488715,0.4980295566502463,0.0,,,0.00830737279335414,"equal_opportunity_gap,equalized_odds_gap",1.7401659861207008
adult_core,2001,joint_dirichlet_0.3,B3,5,0,272,69,True,False,0.2753623188405797,0.27521008403361347,0.009404388714733536,,,0.64576802507837,"equal_opportunity_gap,equalized_odds_gap,false_positive_rate_gap",0.754000007873401
adult_core,2001,joint_dirichlet_0.3,B3,5,1,206,52,True,False,0.36538461538461536,0.3230769230769231,0.018181818181818188,0.015151515151515138,,0.08181818181818185,"equalized_odds_gap,false_positive_rate_gap",0.732292013708502
adult_core,2001,joint_dirichlet_0.3,B3,5,2,1696,424,True,False,0.43160377358490565,0.3913815182107865,0.1024407948462027,0.008333333333333331,0.008333333333333331,0.6610107975682789,,1.2847500038333237
adult_core,2001,joint_dirichlet_0.3,B3,5,3,2201,551,True,True,0.9963702359346642,0.4990909090909091,0.0,0.0,0.0,0.005938881414568442,,1.4266250072978437
adult_core,2001,joint_dirichlet_0.3,B3,5,4,3098,775,True,True,0.9496774193548387,0.5114677786936915,0.0021231422505307855,,,0.08280254777070062,"equal_opportunity_gap,equalized_odds_gap",1.7103749851230532
adult_core,2001,joint_dirichlet_0.3,B3,5,5,2653,664,True,False,0.3810240963855422,0.3781680721669921,0.2643478260869565,0.26895306859205775,0.26895306859205775,0.6758573522227651,,1.8329580198042095
adult_core,2001,joint_dirichlet_0.3,B3,5,6,3028,758,True,True,0.816622691292876,0.45654674403610573,0.002173913043478261,0.00847457627118644,0.00847457627118644,0.1805223227312518,,1.789833011571318
adult_core,2001,joint_dirichlet_0.3,B3,5,7,2428,607,True,True,0.8616144975288303,0.46283185840707963,0.0,0.0,,0.8879456706281834,"equalized_odds_gap,false_positive_rate_gap",1.7897920042742044
adult_core,2001,joint_dirichlet_0.3,B3,5,8,848,212,True,True,0.7216981132075472,0.45002858022248604,0.002536231884057971,0.03229974160206718,0.03229974160206718,0.3148550724637681,,1.136250008130446
adult_core,2001,joint_dirichlet_0.3,B3,5,9,4076,1019,True,True,0.9921491658488715,0.4980295566502463,0.0,,,0.00830737279335414,"equal_opportunity_gap,equalized_odds_gap",1.9417500006966293
adult_core,2002,iid,B0,1,0,2051,513,True,True,0.7563352826510721,0.503726405237863,0.036827195467422094,0.09482758620689655,0.09482758620689655,0.19061614730878185,,1.405916002113372
adult_core,2002,iid,B0,1,1,2051,513,True,True,0.7582846003898636,0.4809048178613396,0.020134575569358177,0.0010101010101010097,0.01276595744680851,0.20895445134575574,,1.2995420256629586
adult_core,2002,iid,B0,1,2,2051,513,True,True,0.7602339181286549,0.5002811458077596,0.036931818181818184,0.09174311926605505,0.09174311926605505,0.15933794466403162,,1.2667080154642463
adult_core,2002,iid,B0,1,3,2051,513,True,True,0.7660818713450293,0.5037084811351177,0.018309954140814676,0.0422360248447205,0.0422360248447205,0.1571520097113568,,1.2237909832037985
adult_core,2002,iid,B0,1,4,2051,513,True,True,0.7758284600389863,0.4534109123252388,0.009753757595139112,0.0525,0.0525,0.17903208613154253,,1.2130410177633166
adult_core,2002,iid,B0,1,5,2051,513,True,True,0.7680311890838206,0.5221182825159497,0.01733836391699537,0.012896825396825393,0.012896825396825393,0.1973760932944607,,1.20900000911206
adult_core,2002,iid,B0,1,6,2051,513,True,True,0.7641325536062378,0.496540760627124,0.0094843617920541,0.024766355140186908,0.024766355140186908,0.17585798816568043,,1.1852500028908253
adult_core,2002,iid,B0,1,7,2050,513,True,True,0.7719298245614035,0.5131840412675497,0.04057971014492753,0.10091743119266056,0.10091743119266056,0.19751552795031058,,1.334125001449138
adult_core,2002,iid,B0,1,8,2050,513,True,True,0.7602339181286549,0.4687250039993601,0.005363757075966175,0.012962962962962968,0.012962962962962968,0.18214061080438881,,1.3517499901354313
adult_core,2002,iid,B0,1,9,2050,513,True,True,0.7641325536062378,0.5025604038946989,0.01630148992112182,0.039039039039039033,0.039039039039039033,0.20184049079754607,,1.2648330011870712
adult_core,2002,iid,B0,2,0,2051,513,True,True,0.7563352826510721,0.503726405237863,0.036827195467422094,0.09482758620689655,0.09482758620689655,0.19061614730878185,,1.2332089827395976
adult_core,2002,iid,B0,2,1,2051,513,True,True,0.7563352826510721,0.47989747998669835,0.02303312629399586,0.0010101010101010097,0.01702127659574468,0.21185300207039337,,1.205957989441231
adult_core,2002,iid,B0,2,2,2051,513,True,True,0.7621832358674464,0.512873599003736,0.045454545454545456,0.11009174311926606,0.11009174311926606,0.15649703557312256,,1.1983330186922103
adult_core,2002,iid,B0,2,3,2051,513,True,True,0.7660818713450293,0.5037084811351177,0.018309954140814676,0.0422360248447205,0.0422360248447205,0.1571520097113568,,1.1877499928232282
adult_core,2002,iid,B0,2,4,2051,513,True,True,0.7816764132553606,0.4790367039025098,0.001279181323952671,0.0225,0.0225,0.17055750986035612,,1.294749992666766
adult_core,2002,iid,B0,2,5,2051,513,True,True,0.7680311890838206,0.5221182825159497,0.01733836391699537,0.012896825396825393,0.012896825396825393,0.1973760932944607,,1.2495419941842556
adult_core,2002,iid,B0,2,6,2051,513,True,True,0.7680311890838206,0.510782545979084,0.006728655959425189,0.01588785046728973,0.01588785046728973,0.1786136939983094,,1.211499999044463
adult_core,2002,iid,B0,2,7,2050,513,True,True,0.7738791423001949,0.5202515317639471,0.043478260869565216,0.11009174311926606,0.11009174311926606,0.19461697722567284,,1.1783749796450138
adult_core,2002,iid,B0,2,8,2050,513,True,True,0.7621832358674464,0.47639046917876987,0.0007338038996435817,0.06296296296296297,0.06296296296296297,0.18823817177999858,,1.1969589977525175
adult_core,2002,iid,B0,2,9,2050,513,True,True,0.7641325536062378,0.5025604038946989,0.01630148992112182,0.039039039039039033,0.039039039039039033,0.20184049079754607,,1.2050829827785492
adult_core,2002,iid,B0,3,0,2051,513,True,True,0.7602339181286549,0.5171228945535803,0.0334100566572238,0.04789272030651341,0.04789272030651341,0.19403328611898019,,1.2390000047162175
adult_core,2002,iid,B0,3,1,2051,513,True,True,0.7602339181286549,0.4943382618103137,0.028830227743271222,0.01717171717171717,0.01717171717171717,0.206055900621118,,1.217249984620139
adult_core,2002,iid,B0,3,2,2051,513,True,True,0.7641325536062378,0.5249745548047416,0.04492518351214004,0.12844036697247707,0.12844036697247707,0.1446040372670807,,1.25591698451899
adult_core,2002,iid,B0,3,3,2051,513,True,True,0.7699805068226121,0.5177649608055573,0.024244672241704884,0.06128364389233955,0.06128364389233955,0.1512172916104666,,1.2209170090500265
adult_core,2002,iid,B0,3,4,2051,513,True,True,0.7875243664717348,0.503511653718091,0.007195394947233771,0.007500000000000007,0.007500000000000007,0.1620829335891696,,1.2275829794816673
adult_core,2002,iid,B0,3,5,2051,513,True,True,0.7680311890838206,0.5221182825159497,0.01733836391699537,0.012896825396825393,0.012896825396825393,0.1973760932944607,,1.245916006155312
adult_core,2002,iid,B0,3,6,2051,513,True,True,0.7680311890838206,0.510782545979084,0.006728655959425189,0.01588785046728973,0.01588785046728973,0.1786136939983094,,1.2345419963821769
adult_core,2002,iid,B0,3,7,2050,513,True,True,0.7777777777777778,0.5341119112867249,0.04927536231884058,0.12844036697247707,0.12844036697247707,0.18881987577639747,,1.2146249937359244
adult_core,2002,iid,B0,3,8,2050,513,True,True,0.7641325536062378,0.49034016733309793,0.00110070584946537,0.04444444444444445,0.04444444444444445,0.17640995177860086,,1.1968750040978193
adult_core,2002,iid,B0,3,9,2050,513,True,True,0.7641325536062378,0.5025604038946989,0.01630148992112182,0.039039039039039033,0.039039039039039033,0.20184049079754607,,1.1724589858204126
adult_core,2002,iid,B0,4,0,2051,513,True,True,0.7621832358674464,0.5236986301369864,0.0362429178470255,0.05651340996168583,0.05651340996168583,0.19120042492917855,,1.2177500175312161
adult_core,2002,iid,B0,4,1,2051,513,True,True,0.7621832358674464,0.5014180103243898,0.031728778467908905,0.026262626262626265,0.026262626262626265,0.20315734989648038,,1.2879580026492476
adult_core,2002,iid,B0,4,2,2051,513,True,True,0.7641325536062378,0.5249745548047416,0.04492518351214004,0.12844036697247707,0.12844036697247707,0.1446040372670807,,1.2025420146528631
adult_core,2002,iid,B0,4,3,2051,513,True,True,0.7699805068226121,0.5177649608055573,0.024244672241704884,0.06128364389233955,0.06128364389233955,0.1512172916104666,,1.1781249777413905
adult_core,2002,iid,B0,4,4,2051,513,True,True,0.7855750487329435,0.5023809523809524,0.010020253704295917,0.007500000000000007,0.007500000000000007,0.16490779234623176,,1.1791250144597143
adult_core,2002,iid,B0,4,5,2051,513,True,True,0.7699805068226121,0.5288449564134496,0.020253815812039104,0.003968253968253968,0.003968253968253968,0.19446064139941688,,1.1794169840868562
adult_core,2002,iid,B0,4,6,2051,513,True,True,0.7699805068226121,0.5177649608055573,0.009687235841081995,0.006542056074766364,0.008574221477447283,0.17565511411665258,,1.18245801422745
adult_core,2002,iid,B0,4,7,2050,513,True,True,0.7797270955165692,0.54090869492908,0.05217391304347826,0.13761467889908258,0.13761467889908258,0.18592132505175984,,1.19704200187698
adult_core,2002,iid,B0,4,8,2050,513,True,True,0.7680311890838206,0.5048624009473368,0.0046299531763225946,0.025925925925925936,0.025925925925925936,0.1706792927528129,,1.1870420130435377
adult_core,2002,iid,B0,4,9,2050,513,True,True,0.7641325536062378,0.5025604038946989,0.01630148992112182,0.039039039039039033,0.039039039039039033,0.20184049079754607,,1.1722499912139028
adult_core,2002,iid,B0,5,0,2051,513,True,True,0.7621832358674464,0.5288901601830663,0.04190864022662889,0.06513409961685825,0.06513409961685825,0.19120042492917855,,1.18862499948591
adult_core,2002,iid,B0,5,1,2051,513,True,True,0.7621832358674464,0.5014180103243898,0.031728778467908905,0.026262626262626265,0.026262626262626265,0.20315734989648038,,1.1802500230260193
adult_core,2002,iid,B0,5,2,2051,513,True,True,0.7641325536062378,0.5249745548047416,0.04492518351214004,0.12844036697247707,0.12844036697247707,0.1446040372670807,,1.2289590085856616
adult_core,2002,iid,B0,5,3,2051,513,True,True,0.7738791423001949,0.5368306351183063,0.027464931211222017,0.08985507246376812,0.08985507246376812,0.1366333962773132,,1.1912919871974736
adult_core,2002,iid,B0,5,4,2051,513,True,True,0.7875243664717348,0.5102432273830065,0.012845112461358065,0.0175,0.0175,0.1620829335891696,,1.1812080047093332
adult_core,2002,iid,B0,5,5,2051,513,True,True,0.7699805068226121,0.5288449564134496,0.020253815812039104,0.003968253968253968,0.003968253968253968,0.19446064139941688,,1.1839999933727086
adult_core,2002,iid,B0,5,6,2051,513,True,True,0.7719298245614035,0.5246576752805518,0.0126458157227388,0.0028037383177570013,0.008574221477447283,0.17269653423499576,,1.1899579840246588
adult_core,2002,iid,B0,5,7,2050,513,True,True,0.7875243664717348,0.5672494253674166,0.06376811594202898,0.1743119266055046,0.1743119266055046,0.1743271221532091,,1.168832997791469
adult_core,2002,iid,B0,5,8,2050,513,True,True,0.7719298245614035,0.5190046880634691,0.010360612202110563,0.007407407407407418,0.007407407407407418,0.16494863372702495,,1.1729999969247729
adult_core,2002,iid,B0,5,9,2050,513,True,True,0.7699805068226121,0.5233843537414966,0.015880806310254163,0.07657657657657657,0.07657657657657657,0.20226117440841362,,1.2050830118823797
adult_core,2002,iid,B1,1,0,2051,513,True,True,0.7563352826510721,0.503726405237863,0.036827195467422094,0.09482758620689655,0.09482758620689655,0.19061614730878185,,1.423166977474466
adult_core,2002,iid,B1,1,1,2051,513,True,True,0.7582846003898636,0.4809048178613396,0.020134575569358177,0.0010101010101010097,0.01276595744680851,0.20895445134575574,,1.3369169901125133
adult_core,2002,iid,B1,1,2,2051,513,True,True,0.7602339181286549,0.5002811458077596,0.036931818181818184,0.09174311926605505,0.09174311926605505,0.15933794466403162,,1.323041011346504
adult_core,2002,iid,B1,1,3,2051,513,True,True,0.7660818713450293,0.5037084811351177,0.018309954140814676,0.0422360248447205,0.0422360248447205,0.1571520097113568,,1.2902079906780273
adult_core,2002,iid,B1,1,4,2051,513,True,True,0.7758284600389863,0.4534109123252388,0.009753757595139112,0.0525,0.0525,0.17903208613154253,,1.2599999899975955
adult_core,2002,iid,B1,1,5,2051,513,True,True,0.7680311890838206,0.5221182825159497,0.01733836391699537,0.012896825396825393,0.012896825396825393,0.1973760932944607,,1.2631670106202364
adult_core,2002,iid,B1,1,6,2051,513,True,True,0.7641325536062378,0.496540760627124,0.0094843617920541,0.024766355140186908,0.024766355140186908,0.17585798816568043,,1.2595420121215284
adult_core,2002,iid,B1,1,7,2050,513,True,True,0.7719298245614035,0.5131840412675497,0.04057971014492753,0.10091743119266056,0.10091743119266056,0.19751552795031058,,1.207458000862971
adult_core,2002,iid,B1,1,8,2050,513,True,True,0.7602339181286549,0.4687250039993601,0.005363757075966175,0.012962962962962968,0.012962962962962968,0.18214061080438881,,1.2977079895790666
adult_core,2002,iid,B1,1,9,2050,513,True,True,0.7641325536062378,0.5025604038946989,0.01630148992112182,0.039039039039039033,0.039039039039039033,0.20184049079754607,,1.2406669848132879
adult_core,2002,iid,B1,2,0,2051,513,True,True,0.7563352826510721,0.503726405237863,0.036827195467422094,0.09482758620689655,0.09482758620689655,0.19061614730878185,,1.213209005072713
adult_core,2002,iid,B1,2,1,2051,513,True,True,0.7563352826510721,0.47989747998669835,0.02303312629399586,0.0010101010101010097,0.01702127659574468,0.21185300207039337,,1.19704200187698
adult_core,2002,iid,B1,2,2,2051,513,True,True,0.7621832358674464,0.512873599003736,0.045454545454545456,0.11009174311926606,0.11009174311926606,0.15649703557312256,,1.2099580198992044
adult_core,2002,iid,B1,2,3,2051,513,True,True,0.7660818713450293,0.5037084811351177,0.018309954140814676,0.0422360248447205,0.0422360248447205,0.1571520097113568,,1.2018330162391067
adult_core,2002,iid,B1,2,4,2051,513,True,True,0.7816764132553606,0.4790367039025098,0.001279181323952671,0.0225,0.0225,0.17055750986035612,,1.183541986392811
adult_core,2002,iid,B1,2,5,2051,513,True,True,0.7680311890838206,0.5221182825159497,0.01733836391699537,0.012896825396825393,0.012896825396825393,0.1973760932944607,,1.1851250019390136
adult_core,2002,iid,B1,2,6,2051,513,True,True,0.7680311890838206,0.510782545979084,0.006728655959425189,0.01588785046728973,0.01588785046728973,0.1786136939983094,,1.1887910077348351
adult_core,2002,iid,B1,2,7,2050,513,True,True,0.7738791423001949,0.5202515317639471,0.043478260869565216,0.11009174311926606,0.11009174311926606,0.19461697722567284,,1.2175409938208759
adult_core,2002,iid,B1,2,8,2050,513,True,True,0.7621832358674464,0.47639046917876987,0.0007338038996435817,0.06296296296296297,0.06296296296296297,0.18823817177999858,,1.2061659945175052
adult_core,2002,iid,B1,2,9,2050,513,True,True,0.7641325536062378,0.5025604038946989,0.01630148992112182,0.039039039039039033,0.039039039039039033,0.20184049079754607,,1.204625004902482
adult_core,2002,iid,B1,3,0,2051,513,True,True,0.7602339181286549,0.5171228945535803,0.0334100566572238,0.04789272030651341,0.04789272030651341,0.19403328611898019,,1.232082984643057
adult_core,2002,iid,B1,3,1,2051,513,True,True,0.7602339181286549,0.4943382618103137,0.028830227743271222,0.01717171717171717,0.01717171717171717,0.206055900621118,,1.1915000213775784
adult_core,2002,iid,B1,3,2,2051,513,True,True,0.7641325536062378,0.5249745548047416,0.04492518351214004,0.12844036697247707,0.12844036697247707,0.1446040372670807,,1.1849160073325038
adult_core,2002,iid,B1,3,3,2051,513,True,True,0.7699805068226121,0.5177649608055573,0.024244672241704884,0.06128364389233955,0.06128364389233955,0.1512172916104666,,1.180624996777624
adult_core,2002,iid,B1,3,4,2051,513,True,True,0.7875243664717348,0.503511653718091,0.007195394947233771,0.007500000000000007,0.007500000000000007,0.1620829335891696,,1.1892500042449683
adult_core,2002,iid,B1,3,5,2051,513,True,True,0.7680311890838206,0.5221182825159497,0.01733836391699537,0.012896825396825393,0.012896825396825393,0.1973760932944607,,1.1816250043921173
adult_core,2002,iid,B1,3,6,2051,513,True,True,0.7680311890838206,0.510782545979084,0.006728655959425189,0.01588785046728973,0.01588785046728973,0.1786136939983094,,1.1801669897977263
adult_core,2002,iid,B1,3,7,2050,513,True,True,0.7777777777777778,0.5341119112867249,0.04927536231884058,0.12844036697247707,0.12844036697247707,0.18881987577639747,,1.1773329752031714
adult_core,2002,iid,B1,3,8,2050,513,True,True,0.7641325536062378,0.49034016733309793,0.00110070584946537,0.04444444444444445,0.04444444444444445,0.17640995177860086,,1.1678329901769757
adult_core,2002,iid,B1,3,9,2050,513,True,True,0.7641325536062378,0.5025604038946989,0.01630148992112182,0.039039039039039033,0.039039039039039033,0.20184049079754607,,1.1761659989133477
adult_core,2002,iid,B1,4,0,2051,513,True,True,0.7621832358674464,0.5236986301369864,0.0362429178470255,0.05651340996168583,0.05651340996168583,0.19120042492917855,,1.1769580014515668
adult_core,2002,iid,B1,4,1,2051,513,True,True,0.7621832358674464,0.5014180103243898,0.031728778467908905,0.026262626262626265,0.026262626262626265,0.20315734989648038,,1.1732499988283962
adult_core,2002,iid,B1,4,2,2051,513,True,True,0.7641325536062378,0.5249745548047416,0.04492518351214004,0.12844036697247707,0.12844036697247707,0.1446040372670807,,1.1827079870272428
adult_core,2002,iid,B1,4,3,2051,513,True,True,0.7699805068226121,0.5177649608055573,0.024244672241704884,0.06128364389233955,0.06128364389233955,0.1512172916104666,,1.1762920184992254
adult_core,2002,iid,B1,4,4,2051,513,True,True,0.7855750487329435,0.5023809523809524,0.010020253704295917,0.007500000000000007,0.007500000000000007,0.16490779234623176,,1.1721670161932707
adult_core,2002,iid,B1,4,5,2051,513,True,True,0.7699805068226121,0.5288449564134496,0.020253815812039104,0.003968253968253968,0.003968253968253968,0.19446064139941688,,1.1665840283967555
adult_core,2002,iid,B1,4,6,2051,513,True,True,0.7699805068226121,0.5177649608055573,0.009687235841081995,0.006542056074766364,0.008574221477447283,0.17565511411665258,,1.1693749984260648
adult_core,2002,iid,B1,4,7,2050,513,True,True,0.7797270955165692,0.54090869492908,0.05217391304347826,0.13761467889908258,0.13761467889908258,0.18592132505175984,,1.1848750000353903
adult_core,2002,iid,B1,4,8,2050,513,True,True,0.7680311890838206,0.5048624009473368,0.0046299531763225946,0.025925925925925936,0.025925925925925936,0.1706792927528129,,1.1649169900920242
adult_core,2002,iid,B1,4,9,2050,513,True,True,0.7641325536062378,0.5025604038946989,0.01630148992112182,0.039039039039039033,0.039039039039039033,0.20184049079754607,,1.1635420087259263
adult_core,2002,iid,B1,5,0,2051,513,True,True,0.7621832358674464,0.5288901601830663,0.04190864022662889,0.06513409961685825,0.06513409961685825,0.19120042492917855,,1.195874996483326
adult_core,2002,iid,B1,5,1,2051,513,True,True,0.7621832358674464,0.5014180103243898,0.031728778467908905,0.026262626262626265,0.026262626262626265,0.20315734989648038,,1.1827499838545918
adult_core,2002,iid,B1,5,2,2051,513,True,True,0.7641325536062378,0.5249745548047416,0.04492518351214004,0.12844036697247707,0.12844036697247707,0.1446040372670807,,1.1721250193659216
adult_core,2002,iid,B1,5,3,2051,513,True,True,0.7738791423001949,0.5368306351183063,0.027464931211222017,0.08985507246376812,0.08985507246376812,0.1366333962773132,,1.186500012408942
adult_core,2002,iid,B1,5,4,2051,513,True,True,0.7875243664717348,0.5102432273830065,0.012845112461358065,0.0175,0.0175,0.1620829335891696,,1.1625000042840838
adult_core,2002,iid,B1,5,5,2051,513,True,True,0.7699805068226121,0.5288449564134496,0.020253815812039104,0.003968253968253968,0.003968253968253968,0.19446064139941688,,1.1627920030150563
adult_core,2002,iid,B1,5,6,2051,513,True,True,0.7719298245614035,0.5246576752805518,0.0126458157227388,0.0028037383177570013,0.008574221477447283,0.17269653423499576,,1.1610829969868064
adult_core,2002,iid,B1,5,7,2050,513,True,True,0.7875243664717348,0.5672494253674166,0.06376811594202898,0.1743119266055046,0.1743119266055046,0.1743271221532091,,1.1740000045392662
adult_core,2002,iid,B1,5,8,2050,513,True,True,0.7719298245614035,0.5190046880634691,0.010360612202110563,0.007407407407407418,0.007407407407407418,0.16494863372702495,,1.163334003649652
adult_core,2002,iid,B1,5,9,2050,513,True,True,0.7699805068226121,0.5233843537414966,0.015880806310254163,0.07657657657657657,0.07657657657657657,0.20226117440841362,,1.1614579998422414
adult_core,2002,iid,B3,1,0,2051,513,True,True,0.7563352826510721,0.503726405237863,0.036827195467422094,0.09482758620689655,0.09482758620689655,0.19061614730878185,,1.374083018163219
adult_core,2002,iid,B3,1,1,2051,513,True,True,0.7582846003898636,0.4809048178613396,0.020134575569358177,0.0010101010101010097,0.01276595744680851,0.20895445134575574,,1.250207977136597
adult_core,2002,iid,B3,1,2,2051,513,True,True,0.7602339181286549,0.5002811458077596,0.036931818181818184,0.09174311926605505,0.09174311926605505,0.15933794466403162,,1.2296669883653522
adult_core,2002,iid,B3,1,3,2051,513,True,True,0.7660818713450293,0.5037084811351177,0.018309954140814676,0.0422360248447205,0.0422360248447205,0.1571520097113568,,1.2338749947957695
adult_core,2002,iid,B3,1,4,2051,513,True,True,0.7758284600389863,0.4534109123252388,0.009753757595139112,0.0525,0.0525,0.17903208613154253,,1.213000010466203
adult_core,2002,iid,B3,1,5,2051,513,True,True,0.7680311890838206,0.5221182825159497,0.01733836391699537,0.012896825396825393,0.012896825396825393,0.1973760932944607,,1.2094999838154763
adult_core,2002,iid,B3,1,6,2051,513,True,True,0.7641325536062378,0.496540760627124,0.0094843617920541,0.024766355140186908,0.024766355140186908,0.17585798816568043,,1.2017910194117576
adult_core,2002,iid,B3,1,7,2050,513,True,True,0.7719298245614035,0.5131840412675497,0.04057971014492753,0.10091743119266056,0.10091743119266056,0.19751552795031058,,1.199124992126599
adult_core,2002,iid,B3,1,8,2050,513,True,True,0.7602339181286549,0.4687250039993601,0.005363757075966175,0.012962962962962968,0.012962962962962968,0.18214061080438881,,1.195124990772456
adult_core,2002,iid,B3,1,9,2050,513,True,True,0.7641325536062378,0.5025604038946989,0.01630148992112182,0.039039039039039033,0.039039039039039033,0.20184049079754607,,1.1930830078199506
adult_core,2002,iid,B3,2,0,2051,513,True,True,0.7563352826510721,0.503726405237863,0.036827195467422094,0.09482758620689655,0.09482758620689655,0.19061614730878185,,1.1949169856961817
adult_core,2002,iid,B3,2,1,2051,513,True,True,0.7563352826510721,0.47989747998669835,0.02303312629399586,0.0010101010101010097,0.01702127659574468,0.21185300207039337,,1.196958008222282
adult_core,2002,iid,B3,2,2,2051,513,True,True,0.7621832358674464,0.512873599003736,0.045454545454545456,0.11009174311926606,0.11009174311926606,0.15649703557312256,,1.1842089879792184
adult_core,2002,iid,B3,2,3,2051,513,True,True,0.7660818713450293,0.5037084811351177,0.018309954140814676,0.0422360248447205,0.0422360248447205,0.1571520097113568,,1.1815830075647682
adult_core,2002,iid,B3,2,4,2051,513,True,True,0.7816764132553606,0.4790367039025098,0.001279181323952671,0.0225,0.0225,0.17055750986035612,,1.1858749785460532
adult_core,2002,iid,B3,2,5,2051,513,True,True,0.7680311890838206,0.5221182825159497,0.01733836391699537,0.012896825396825393,0.012896825396825393,0.1973760932944607,,1.1721670161932707
adult_core,2002,iid,B3,2,6,2051,513,True,True,0.7680311890838206,0.510782545979084,0.006728655959425189,0.01588785046728973,0.01588785046728973,0.1786136939983094,,1.2110420211683959
adult_core,2002,iid,B3,2,7,2050,513,True,True,0.7738791423001949,0.5202515317639471,0.043478260869565216,0.11009174311926606,0.11009174311926606,0.19461697722567284,,1.2030409998260438
adult_core,2002,iid,B3,2,8,2050,513,True,True,0.7621832358674464,0.47639046917876987,0.0007338038996435817,0.06296296296296297,0.06296296296296297,0.18823817177999858,,1.2027920165564865
adult_core,2002,iid,B3,2,9,2050,513,True,True,0.7641325536062378,0.5025604038946989,0.01630148992112182,0.039039039039039033,0.039039039039039033,0.20184049079754607,,1.2040410074405372
adult_core,2002,iid,B3,3,0,2051,513,True,True,0.7602339181286549,0.5171228945535803,0.0334100566572238,0.04789272030651341,0.04789272030651341,0.19403328611898019,,1.219833007780835
adult_core,2002,iid,B3,3,1,2051,513,True,True,0.7602339181286549,0.4943382618103137,0.028830227743271222,0.01717171717171717,0.01717171717171717,0.206055900621118,,1.1805829999502748
adult_core,2002,iid,B3,3,2,2051,513,True,True,0.7641325536062378,0.5249745548047416,0.04492518351214004,0.12844036697247707,0.12844036697247707,0.1446040372670807,,1.1806670227088034
adult_core,2002,iid,B3,3,3,2051,513,True,True,0.7699805068226121,0.5177649608055573,0.024244672241704884,0.06128364389233955,0.06128364389233955,0.1512172916104666,,1.1677500151563436
adult_core,2002,iid,B3,3,4,2051,513,True,True,0.7875243664717348,0.503511653718091,0.007195394947233771,0.007500000000000007,0.007500000000000007,0.1620829335891696,,1.1642499885056168
adult_core,2002,iid,B3,3,5,2051,513,True,True,0.7680311890838206,0.5221182825159497,0.01733836391699537,0.012896825396825393,0.012896825396825393,0.1973760932944607,,1.1641659948509187
adult_core,2002,iid,B3,3,6,2051,513,True,True,0.7680311890838206,0.510782545979084,0.006728655959425189,0.01588785046728973,0.01588785046728973,0.1786136939983094,,1.1700000031851232
adult_core,2002,iid,B3,3,7,2050,513,True,True,0.7777777777777778,0.5341119112867249,0.04927536231884058,0.12844036697247707,0.12844036697247707,0.18881987577639747,,1.1650410015136003
adult_core,2002,iid,B3,3,8,2050,513,True,True,0.7641325536062378,0.49034016733309793,0.00110070584946537,0.04444444444444445,0.04444444444444445,0.17640995177860086,,1.1559170088730752
adult_core,2002,iid,B3,3,9,2050,513,True,True,0.7641325536062378,0.5025604038946989,0.01630148992112182,0.039039039039039033,0.039039039039039033,0.20184049079754607,,1.1598750133998692
adult_core,2002,iid,B3,4,0,2051,513,True,True,0.7621832358674464,0.5236986301369864,0.0362429178470255,0.05651340996168583,0.05651340996168583,0.19120042492917855,,1.180333987576887
adult_core,2002,iid,B3,4,1,2051,513,True,True,0.7621832358674464,0.5014180103243898,0.031728778467908905,0.026262626262626265,0.026262626262626265,0.20315734989648038,,1.174875011201948
adult_core,2002,iid,B3,4,2,2051,513,True,True,0.7641325536062378,0.5249745548047416,0.04492518351214004,0.12844036697247707,0.12844036697247707,0.1446040372670807,,1.167374983197078
adult_core,2002,iid,B3,4,3,2051,513,True,True,0.7699805068226121,0.5177649608055573,0.024244672241704884,0.06128364389233955,0.06128364389233955,0.1512172916104666,,1.1768330004997551
adult_core,2002,iid,B3,4,4,2051,513,True,True,0.7855750487329435,0.5023809523809524,0.010020253704295917,0.007500000000000007,0.007500000000000007,0.16490779234623176,,1.1688339873217046
adult_core,2002,iid,B3,4,5,2051,513,True,True,0.7699805068226121,0.5288449564134496,0.020253815812039104,0.003968253968253968,0.003968253968253968,0.19446064139941688,,1.1751670099329203
adult_core,2002,iid,B3,4,6,2051,513,True,True,0.7699805068226121,0.5177649608055573,0.009687235841081995,0.006542056074766364,0.008574221477447283,0.17565511411665258,,1.1660000018309802
adult_core,2002,iid,B3,4,7,2050,513,True,True,0.7797270955165692,0.54090869492908,0.05217391304347826,0.13761467889908258,0.13761467889908258,0.18592132505175984,,1.1610419896896929
adult_core,2002,iid,B3,4,8,2050,513,True,True,0.7680311890838206,0.5048624009473368,0.0046299531763225946,0.025925925925925936,0.025925925925925936,0.1706792927528129,,1.1569159978535026
adult_core,2002,iid,B3,4,9,2050,513,True,True,0.7641325536062378,0.5025604038946989,0.01630148992112182,0.039039039039039033,0.039039039039039033,0.20184049079754607,,1.1755000159610063
adult_core,2002,iid,B3,5,0,2051,513,True,True,0.7621832358674464,0.5288901601830663,0.04190864022662889,0.06513409961685825,0.06513409961685825,0.19120042492917855,,1.1793329904321581
adult_core,2002,iid,B3,5,1,2051,513,True,True,0.7621832358674464,0.5014180103243898,0.031728778467908905,0.026262626262626265,0.026262626262626265,0.20315734989648038,,1.188666996313259
adult_core,2002,iid,B3,5,2,2051,513,True,True,0.7641325536062378,0.5249745548047416,0.04492518351214004,0.12844036697247707,0.12844036697247707,0.1446040372670807,,1.171332987723872
adult_core,2002,iid,B3,5,3,2051,513,True,True,0.7738791423001949,0.5368306351183063,0.027464931211222017,0.08985507246376812,0.08985507246376812,0.1366333962773132,,1.1938750103581697
adult_core,2002,iid,B3,5,4,2051,513,True,True,0.7875243664717348,0.5102432273830065,0.012845112461358065,0.0175,0.0175,0.1620829335891696,,1.1997919937130064
adult_core,2002,iid,B3,5,5,2051,513,True,True,0.7699805068226121,0.5288449564134496,0.020253815812039104,0.003968253968253968,0.003968253968253968,0.19446064139941688,,1.2028329947497696
adult_core,2002,iid,B3,5,6,2051,513,True,True,0.7719298245614035,0.5246576752805518,0.0126458157227388,0.0028037383177570013,0.008574221477447283,0.17269653423499576,,1.2155830045230687
adult_core,2002,iid,B3,5,7,2050,513,True,True,0.7875243664717348,0.5672494253674166,0.06376811594202898,0.1743119266055046,0.1743119266055046,0.1743271221532091,,1.20449997484684
adult_core,2002,iid,B3,5,8,2050,513,True,True,0.7719298245614035,0.5190046880634691,0.010360612202110563,0.007407407407407418,0.007407407407407418,0.16494863372702495,,1.1982500145677477
adult_core,2002,iid,B3,5,9,2050,513,True,True,0.7699805068226121,0.5233843537414966,0.015880806310254163,0.07657657657657657,0.07657657657657657,0.20226117440841362,,1.1965410085394979
adult_core,2002,joint_dirichlet_0.3,B0,1,0,4427,1107,True,False,0.99096657633243,0.49773139745916517,,,,,"comparison_groups,subgroup_accuracy_gap",1.9593749893829226
adult_core,2002,joint_dirichlet_0.3,B0,1,1,2768,692,True,True,0.815028901734104,0.4566556250766777,0.0018416206261510082,0.0,0.007936507936507908,0.21006835008095714,,1.4497500087600201
adult_core,2002,joint_dirichlet_0.3,B0,1,2,1633,409,True,False,0.9755501222493888,0.4938118811881188,,,,,"comparison_groups,subgroup_accuracy_gap",1.0935419995803386
adult_core,2002,joint_dirichlet_0.3,B0,1,3,2912,729,True,False,0.7037037037037037,0.6356821589205397,,,,,"comparison_groups,subgroup_accuracy_gap",1.4304170035757124
adult_core,2002,joint_dirichlet_0.3,B0,1,4,1624,407,True,True,0.7764127764127764,0.5458313406663478,0.11761491481838636,0.13541666666666666,0.13541666666666666,0.7874959819993571,,1.082207978470251
adult_core,2002,joint_dirichlet_0.3,B0,1,5,1892,474,True,True,0.9535864978902954,0.48812095032397407,0.0,0.0,0.0,0.027326290125965103,,1.1714160209521651
adult_core,2002,joint_dirichlet_0.3,B0,1,6,1449,363,True,True,0.9421487603305785,0.4851063829787234,0.0,,,0.25609756097560976,"equal_opportunity_gap,equalized_odds_gap",1.0263339790981263
adult_core,2002,joint_dirichlet_0.3,B0,1,7,510,128,True,False,0.828125,0.811512717536814,0.5575396825396826,,,0.21031746031746024,"equal_opportunity_gap,equalized_odds_gap",0.7979589863680303
adult_core,2002,joint_dirichlet_0.3,B0,1,8,233,59,True,True,1.0,1.0,0.0,0.0,,0.0,"equalized_odds_gap,false_positive_rate_gap",0.6418749981094152
adult_core,2002,joint_dirichlet_0.3,B0,1,9,3056,765,True,True,0.9738562091503268,0.49337748344370863,0.0,0.0,0.0,0.007677227424152999,,1.4553749933838844
adult_core,2002,joint_dirichlet_0.3,B0,2,0,4427,1107,True,False,0.99096657633243,0.49773139745916517,,,,,"comparison_groups,subgroup_accuracy_gap",1.7576669924892485
adult_core,2002,joint_dirichlet_0.3,B0,2,1,2768,692,True,True,0.8598265895953757,0.7177090035873044,0.012804825293237898,0.09999671495680162,0.09999671495680162,0.024682660338413154,,1.4028330042492598
adult_core,2002,joint_dirichlet_0.3,B0,2,2,1633,409,True,False,0.9779951100244498,0.5853328827306522,,,,,"comparison_groups,subgroup_accuracy_gap",1.0590829770080745
adult_core,2002,joint_dirichlet_0.3,B0,2,3,2912,729,True,False,0.7215363511659808,0.7208556149732621,,,,,"comparison_groups,subgroup_accuracy_gap",1.421749999281019
adult_core,2002,joint_dirichlet_0.3,B0,2,4,1624,407,True,True,0.769041769041769,0.5134055759055759,0.08167791706846673,0.09375,0.09375,0.829990356798457,,1.0658750252332538
adult_core,2002,joint_dirichlet_0.3,B0,2,5,1892,474,True,True,0.9578059071729957,0.5725108225108225,0.004672897196261682,0.09523809523809523,0.09523809523809523,0.022653392929703364,,1.1441250098869205
adult_core,2002,joint_dirichlet_0.3,B0,2,6,1449,363,True,True,0.9421487603305785,0.4851063829787234,0.0,,,0.25609756097560976,"equal_opportunity_gap,equalized_odds_gap",1.011707994621247
adult_core,2002,joint_dirichlet_0.3,B0,2,7,510,128,True,False,0.8203125,0.7718360071301247,0.32936507936507936,,,0.2876984126984127,"equal_opportunity_gap,equalized_odds_gap",0.785040989285335
adult_core,2002,joint_dirichlet_0.3,B0,2,8,233,59,True,True,1.0,1.0,0.0,0.0,,0.0,"equalized_odds_gap,false_positive_rate_gap",0.6455410039052367
adult_core,2002,joint_dirichlet_0.3,B0,2,9,3056,765,True,True,0.9738562091503268,0.49337748344370863,0.0,0.0,0.0,0.007677227424152999,,1.4256249996833503
adult_core,2002,joint_dirichlet_0.3,B0,3,0,4427,1107,True,False,0.99096657633243,0.49773139745916517,,,,,"comparison_groups,subgroup_accuracy_gap",1.7614579992368817
adult_core,2002,joint_dirichlet_0.3,B0,3,1,2768,692,True,True,0.7673410404624278,0.6983181831720837,0.08592581606041505,0.21055484379619593,0.23015873015873015,0.1910217904507645,,1.4009169826749712
adult_core,2002,joint_dirichlet_0.3,B0,3,2,1633,409,True,False,0.980440097799511,0.6617038875103392,,,,,"comparison_groups,subgroup_accuracy_gap",1.1008339934051037
adult_core,2002,joint_dirichlet_0.3,B0,3,3,2912,729,True,False,0.6488340192043895,0.6437603078614623,,,,,"comparison_groups,subgroup_accuracy_gap",1.41125000664033
adult_core,2002,joint_dirichlet_0.3,B0,3,4,1624,407,True,True,0.769041769041769,0.5134055759055759,0.08167791706846673,0.09375,0.09375,0.829990356798457,,1.0634999780450016
adult_core,2002,joint_dirichlet_0.3,B0,3,5,1892,474,True,True,0.9578059071729957,0.5725108225108225,0.004672897196261682,0.09523809523809523,0.09523809523809523,0.022653392929703364,,1.1486250150483102
adult_core,2002,joint_dirichlet_0.3,B0,3,6,1449,363,True,True,0.9421487603305785,0.4851063829787234,0.0,,,0.25609756097560976,"equal_opportunity_gap,equalized_odds_gap",1.0350829979870468
adult_core,2002,joint_dirichlet_0.3,B0,3,7,510,128,True,True,0.7734375,0.6879361076082388,0.21825396825396826,,,0.37103174603174593,"equal_opportunity_gap,equalized_odds_gap",0.8185419719666243
adult_core,2002,joint_dirichlet_0.3,B0,3,8,233,59,True,True,0.9830508474576272,0.49572649572649574,0.021739130434782594,0.021739130434782594,,0.021739130434782594,"equalized_odds_gap,false_positive_rate_gap",0.6395420059561729
adult_core,2002,joint_dirichlet_0.3,B0,3,9,3056,765,True,True,0.9738562091503268,0.49337748344370863,0.0,0.0,0.0,0.007677227424152999,,1.4247919898480177
adult_core,2002,joint_dirichlet_0.3,B0,4,0,4427,1107,True,False,0.990063233965673,0.49750340444847935,,,,,"comparison_groups,subgroup_accuracy_gap",1.7749170074239373
adult_core,2002,joint_dirichlet_0.3,B0,4,1,2768,692,True,True,0.6690751445086706,0.6225289710944106,0.12913592149010594,0.24544200256233373,0.24544200256233373,0.2710643084034756,,1.4231250097509474
adult_core,2002,joint_dirichlet_0.3,B0,4,2,1633,409,True,False,0.980440097799511,0.6617038875103392,,,,,"comparison_groups,subgroup_accuracy_gap",1.0595410130918026
adult_core,2002,joint_dirichlet_0.3,B0,4,3,2912,729,True,False,0.6104252400548696,0.5974255269502995,,,,,"comparison_groups,subgroup_accuracy_gap",1.4049169840291142
adult_core,2002,joint_dirichlet_0.3,B0,4,4,1624,407,True,True,0.769041769041769,0.5134055759055759,0.08167791706846673,0.09375,0.09375,0.829990356798457,,1.0614169877953827
adult_core,2002,joint_dirichlet_0.3,B0,4,5,1892,474,True,True,0.9578059071729957,0.5725108225108225,0.004672897196261682,0.09523809523809523,0.09523809523809523,0.022653392929703364,,1.1401250085327774
adult_core,2002,joint_dirichlet_0.3,B0,4,6,1449,363,True,True,0.9421487603305785,0.4851063829787234,0.0,,,0.25609756097560976,"equal_opportunity_gap,equalized_odds_gap",1.0072079894598573
adult_core,2002,joint_dirichlet_0.3,B0,4,7,510,128,True,True,0.7578125,0.658607932547535,0.1904761904761905,,,0.3988095238095237,"equal_opportunity_gap,equalized_odds_gap",0.7694170053582639
adult_core,2002,joint_dirichlet_0.3,B0,4,8,233,59,True,True,0.864406779661017,0.4636363636363636,0.12207357859531764,0.12207357859531764,,0.12207357859531764,"equalized_odds_gap,false_positive_rate_gap",0.6445000180974603
adult_core,2002,joint_dirichlet_0.3,B0,4,9,3056,765,True,True,0.9725490196078431,0.49304174950298213,0.0027624309392265192,0.0,0.002824858757062147,0.004914796484926542,,1.4219589938875288
adult_core,2002,joint_dirichlet_0.3,B0,5,0,4427,1107,True,False,0.990063233965673,0.49750340444847935,,,,,"comparison_groups,subgroup_accuracy_gap",1.7517920059617609
adult_core,2002,joint_dirichlet_0.3,B0,5,1,2768,692,True,False,0.6069364161849711,0.5741538461538461,0.12929659979977015,0.23445353306395983,0.23445353306395983,0.28595795172234784,,1.3799169973935932
adult_core,2002,joint_dirichlet_0.3,B0,5,2,1633,409,True,False,0.980440097799511,0.6617038875103392,,,,,"comparison_groups,subgroup_accuracy_gap",1.0494580201338977
adult_core,2002,joint_dirichlet_0.3,B0,5,3,2912,729,True,False,0.5939643347050755,0.5752551020408163,,,,,"comparison_groups,subgroup_accuracy_gap",1.3985000259708613
adult_core,2002,joint_dirichlet_0.3,B0,5,4,1624,407,True,True,0.769041769041769,0.5134055759055759,0.08167791706846673,0.09375,0.09375,0.829990356798457,,1.0662090207915753
adult_core,2002,joint_dirichlet_0.3,B0,5,5,1892,474,True,True,0.9578059071729957,0.5725108225108225,0.004672897196261682,0.09523809523809523,0.09523809523809523,0.022653392929703364,,1.1356670001987368
adult_core,2002,joint_dirichlet_0.3,B0,5,6,1449,363,True,True,0.9421487603305785,0.4851063829787234,0.0,,,0.25609756097560976,"equal_opportunity_gap,equalized_odds_gap",1.0058330080937594
adult_core,2002,joint_dirichlet_0.3,B0,5,7,510,128,True,True,0.7578125,0.658607932547535,0.1904761904761905,,,0.3988095238095237,"equal_opportunity_gap,equalized_odds_gap",0.7974999898578972
adult_core,2002,joint_dirichlet_0.3,B0,5,8,233,59,True,True,0.6440677966101694,0.3917525773195876,0.2341137123745819,0.2341137123745819,,0.2341137123745819,"equalized_odds_gap,false_positive_rate_gap",0.6465000042226166
adult_core,2002,joint_dirichlet_0.3,B0,5,9,3056,765,True,True,0.9712418300653595,0.4927055702917772,0.0002810413610627475,0.0,0.0002673140000288986,0.0073961860630903375,,1.435250014765188
adult_core,2002,joint_dirichlet_0.3,B1,1,0,4427,1107,True,False,0.99096657633243,0.49773139745916517,,,,,"comparison_groups,subgroup_accuracy_gap",2.013707999140024
adult_core,2002,joint_dirichlet_0.3,B1,1,1,2768,692,True,True,0.815028901734104,0.4566556250766777,0.0018416206261510082,0.0,0.007936507936507908,0.21006835008095714,,1.4919999812263995
adult_core,2002,joint_dirichlet_0.3,B1,1,2,1633,409,True,False,0.9755501222493888,0.4938118811881188,,,,,"comparison_groups,subgroup_accuracy_gap",1.1085830046795309
adult_core,2002,joint_dirichlet_0.3,B1,1,3,2912,729,True,False,0.7037037037037037,0.6356821589205397,,,,,"comparison_groups,subgroup_accuracy_gap",1.4613749808631837
adult_core,2002,joint_dirichlet_0.3,B1,1,4,1624,407,True,True,0.7764127764127764,0.5458313406663478,0.11761491481838636,0.13541666666666666,0.13541666666666666,0.7874959819993571,,1.0991250164806843
adult_core,2002,joint_dirichlet_0.3,B1,1,5,1892,474,True,True,0.9535864978902954,0.48812095032397407,0.0,0.0,0.0,0.027326290125965103,,1.2763750273734331
adult_core,2002,joint_dirichlet_0.3,B1,1,6,1449,363,True,True,0.9421487603305785,0.4851063829787234,0.0,,,0.25609756097560976,"equal_opportunity_gap,equalized_odds_gap",1.0937500046566129
adult_core,2002,joint_dirichlet_0.3,B1,1,7,510,128,True,False,0.828125,0.811512717536814,0.5575396825396826,,,0.21031746031746024,"equal_opportunity_gap,equalized_odds_gap",0.8843330142553896
adult_core,2002,joint_dirichlet_0.3,B1,1,8,233,59,True,True,1.0,1.0,0.0,0.0,,0.0,"equalized_odds_gap,false_positive_rate_gap",0.669625005684793
adult_core,2002,joint_dirichlet_0.3,B1,1,9,3056,765,True,True,0.9738562091503268,0.49337748344370863,0.0,0.0,0.0,0.007677227424152999,,1.4752089919056743
adult_core,2002,joint_dirichlet_0.3,B1,2,0,4427,1107,True,False,0.99096657633243,0.49773139745916517,,,,,"comparison_groups,subgroup_accuracy_gap",1.7910829919856042
adult_core,2002,joint_dirichlet_0.3,B1,2,1,2768,692,True,True,0.8598265895953757,0.7177090035873044,0.012804825293237898,0.09999671495680162,0.09999671495680162,0.024682660338413154,,1.396459003444761
adult_core,2002,joint_dirichlet_0.3,B1,2,2,1633,409,True,False,0.9779951100244498,0.5853328827306522,,,,,"comparison_groups,subgroup_accuracy_gap",1.0762499878183007
adult_core,2002,joint_dirichlet_0.3,B1,2,3,2912,729,True,False,0.7215363511659808,0.7208556149732621,,,,,"comparison_groups,subgroup_accuracy_gap",1.4290839899331331
adult_core,2002,joint_dirichlet_0.3,B1,2,4,1624,407,True,True,0.769041769041769,0.5134055759055759,0.08167791706846673,0.09375,0.09375,0.829990356798457,,1.122749992646277
adult_core,2002,joint_dirichlet_0.3,B1,2,5,1892,474,True,True,0.9578059071729957,0.5725108225108225,0.004672897196261682,0.09523809523809523,0.09523809523809523,0.022653392929703364,,1.183625019621104
adult_core,2002,joint_dirichlet_0.3,B1,2,6,1449,363,True,True,0.9421487603305785,0.4851063829787234,0.0,,,0.25609756097560976,"equal_opportunity_gap,equalized_odds_gap",1.0432920244056731
adult_core,2002,joint_dirichlet_0.3,B1,2,7,510,128,True,False,0.8203125,0.7718360071301247,0.32936507936507936,,,0.2876984126984127,"equal_opportunity_gap,equalized_odds_gap",0.8283329952973872
adult_core,2002,joint_dirichlet_0.3,B1,2,8,233,59,True,True,1.0,1.0,0.0,0.0,,0.0,"equalized_odds_gap,false_positive_rate_gap",0.6601249915547669
adult_core,2002,joint_dirichlet_0.3,B1,2,9,3056,765,True,True,0.9738562091503268,0.49337748344370863,0.0,0.0,0.0,0.007677227424152999,,1.4503750135190785
adult_core,2002,joint_dirichlet_0.3,B1,3,0,4427,1107,True,False,0.99096657633243,0.49773139745916517,,,,,"comparison_groups,subgroup_accuracy_gap",1.7671659879852086
adult_core,2002,joint_dirichlet_0.3,B1,3,1,2768,692,True,True,0.7673410404624278,0.6983181831720837,0.08592581606041505,0.21055484379619593,0.23015873015873015,0.1910217904507645,,1.4174170210026205
adult_core,2002,joint_dirichlet_0.3,B1,3,2,1633,409,True,False,0.980440097799511,0.6617038875103392,,,,,"comparison_groups,subgroup_accuracy_gap",1.057375018717721
adult_core,2002,joint_dirichlet_0.3,B1,3,3,2912,729,True,False,0.6488340192043895,0.6437603078614623,,,,,"comparison_groups,subgroup_accuracy_gap",1.4074170030653477
adult_core,2002,joint_dirichlet_0.3,B1,3,4,1624,407,True,True,0.769041769041769,0.5134055759055759,0.08167791706846673,0.09375,0.09375,0.829990356798457,,1.0567080171313137
adult_core,2002,joint_dirichlet_0.3,B1,3,5,1892,474,True,True,0.9578059071729957,0.5725108225108225,0.004672897196261682,0.09523809523809523,0.09523809523809523,0.022653392929703364,,1.1570420174393803
adult_core,2002,joint_dirichlet_0.3,B1,3,6,1449,363,True,True,0.9421487603305785,0.4851063829787234,0.0,,,0.25609756097560976,"equal_opportunity_gap,equalized_odds_gap",1.0243330034427345
adult_core,2002,joint_dirichlet_0.3,B1,3,7,510,128,True,True,0.7734375,0.6879361076082388,0.21825396825396826,,,0.37103174603174593,"equal_opportunity_gap,equalized_odds_gap",0.8030829776544124
adult_core,2002,joint_dirichlet_0.3,B1,3,8,233,59,True,True,0.9830508474576272,0.49572649572649574,0.021739130434782594,0.021739130434782594,,0.021739130434782594,"equalized_odds_gap,false_positive_rate_gap",0.6502920005004853
adult_core,2002,joint_dirichlet_0.3,B1,3,9,3056,765,True,True,0.9738562091503268,0.49337748344370863,0.0,0.0,0.0,0.007677227424152999,,1.4356659958139062
adult_core,2002,joint_dirichlet_0.3,B1,4,0,4427,1107,True,False,0.990063233965673,0.49750340444847935,,,,,"comparison_groups,subgroup_accuracy_gap",1.757667021593079
adult_core,2002,joint_dirichlet_0.3,B1,4,1,2768,692,True,True,0.6690751445086706,0.6225289710944106,0.12913592149010594,0.24544200256233373,0.24544200256233373,0.2710643084034756,,1.436333026504144
adult_core,2002,joint_dirichlet_0.3,B1,4,2,1633,409,True,False,0.980440097799511,0.6617038875103392,,,,,"comparison_groups,subgroup_accuracy_gap",1.0777080024126917
adult_core,2002,joint_dirichlet_0.3,B1,4,3,2912,729,True,False,0.6104252400548696,0.5974255269502995,,,,,"comparison_groups,subgroup_accuracy_gap",1.416000013705343
adult_core,2002,joint_dirichlet_0.3,B1,4,4,1624,407,True,True,0.769041769041769,0.5134055759055759,0.08167791706846673,0.09375,0.09375,0.829990356798457,,1.0660000261850655
adult_core,2002,joint_dirichlet_0.3,B1,4,5,1892,474,True,True,0.9578059071729957,0.5725108225108225,0.004672897196261682,0.09523809523809523,0.09523809523809523,0.022653392929703364,,1.1404159886296839
adult_core,2002,joint_dirichlet_0.3,B1,4,6,1449,363,True,True,0.9421487603305785,0.4851063829787234,0.0,,,0.25609756097560976,"equal_opportunity_gap,equalized_odds_gap",1.0099580103997141
adult_core,2002,joint_dirichlet_0.3,B1,4,7,510,128,True,True,0.7578125,0.658607932547535,0.1904761904761905,,,0.3988095238095237,"equal_opportunity_gap,equalized_odds_gap",0.7741659937892109
adult_core,2002,joint_dirichlet_0.3,B1,4,8,233,59,True,True,0.864406779661017,0.4636363636363636,0.12207357859531764,0.12207357859531764,,0.12207357859531764,"equalized_odds_gap,false_positive_rate_gap",0.6387500034179538
adult_core,2002,joint_dirichlet_0.3,B1,4,9,3056,765,True,True,0.9725490196078431,0.49304174950298213,0.0027624309392265192,0.0,0.002824858757062147,0.004914796484926542,,1.422083005309105
adult_core,2002,joint_dirichlet_0.3,B1,5,0,4427,1107,True,False,0.990063233965673,0.49750340444847935,,,,,"comparison_groups,subgroup_accuracy_gap",1.752542011672631
adult_core,2002,joint_dirichlet_0.3,B1,5,1,2768,692,True,False,0.6069364161849711,0.5741538461538461,0.12929659979977015,0.23445353306395983,0.23445353306395983,0.28595795172234784,,1.3951250002719462
adult_core,2002,joint_dirichlet_0.3,B1,5,2,1633,409,True,False,0.980440097799511,0.6617038875103392,,,,,"comparison_groups,subgroup_accuracy_gap",1.0662499989848584
adult_core,2002,joint_dirichlet_0.3,B1,5,3,2912,729,True,False,0.5939643347050755,0.5752551020408163,,,,,"comparison_groups,subgroup_accuracy_gap",1.4102910063229501
adult_core,2002,joint_dirichlet_0.3,B1,5,4,1624,407,True,True,0.769041769041769,0.5134055759055759,0.08167791706846673,0.09375,0.09375,0.829990356798457,,1.0609170130919665
adult_core,2002,joint_dirichlet_0.3,B1,5,5,1892,474,True,True,0.9578059071729957,0.5725108225108225,0.004672897196261682,0.09523809523809523,0.09523809523809523,0.022653392929703364,,1.1461660033091903
adult_core,2002,joint_dirichlet_0.3,B1,5,6,1449,363,True,True,0.9421487603305785,0.4851063829787234,0.0,,,0.25609756097560976,"equal_opportunity_gap,equalized_odds_gap",1.0135420016013086
adult_core,2002,joint_dirichlet_0.3,B1,5,7,510,128,True,True,0.7578125,0.658607932547535,0.1904761904761905,,,0.3988095238095237,"equal_opportunity_gap,equalized_odds_gap",0.7879170007072389
adult_core,2002,joint_dirichlet_0.3,B1,5,8,233,59,True,True,0.6440677966101694,0.3917525773195876,0.2341137123745819,0.2341137123745819,,0.2341137123745819,"equalized_odds_gap,false_positive_rate_gap",0.6456249975599349
adult_core,2002,joint_dirichlet_0.3,B1,5,9,3056,765,True,True,0.9712418300653595,0.4927055702917772,0.0002810413610627475,0.0,0.0002673140000288986,0.0073961860630903375,,1.4530829794239253
adult_core,2002,joint_dirichlet_0.3,B3,1,0,4427,1107,True,False,0.99096657633243,0.49773139745916517,,,,,"comparison_groups,subgroup_accuracy_gap",2.002041001105681
adult_core,2002,joint_dirichlet_0.3,B3,1,1,2768,692,True,True,0.815028901734104,0.4566556250766777,0.0018416206261510082,0.0,0.007936507936507908,0.21006835008095714,,1.4585830213036388
adult_core,2002,joint_dirichlet_0.3,B3,1,2,1633,409,True,False,0.9755501222493888,0.4938118811881188,,,,,"comparison_groups,subgroup_accuracy_gap",1.1087919992860407
adult_core,2002,joint_dirichlet_0.3,B3,1,3,2912,729,True,False,0.7037037037037037,0.6356821589205397,,,,,"comparison_groups,subgroup_accuracy_gap",1.4392090088222176
adult_core,2002,joint_dirichlet_0.3,B3,1,4,1624,407,True,True,0.7764127764127764,0.5458313406663478,0.11761491481838636,0.13541666666666666,0.13541666666666666,0.7874959819993571,,1.0932500008493662
adult_core,2002,joint_dirichlet_0.3,B3,1,5,1892,474,True,True,0.9535864978902954,0.48812095032397407,0.0,0.0,0.0,0.027326290125965103,,1.1758329928852618
adult_core,2002,joint_dirichlet_0.3,B3,1,6,1449,363,True,True,0.9421487603305785,0.4851063829787234,0.0,,,0.25609756097560976,"equal_opportunity_gap,equalized_odds_gap",1.0313749953638762
adult_core,2002,joint_dirichlet_0.3,B3,1,7,510,128,True,False,0.828125,0.811512717536814,0.5575396825396826,,,0.21031746031746024,"equal_opportunity_gap,equalized_odds_gap",0.8387909911107272
adult_core,2002,joint_dirichlet_0.3,B3,1,8,233,59,True,True,1.0,1.0,0.0,0.0,,0.0,"equalized_odds_gap,false_positive_rate_gap",0.6680419901385903
adult_core,2002,joint_dirichlet_0.3,B3,1,9,3056,765,True,True,0.9738562091503268,0.49337748344370863,0.0,0.0,0.0,0.007677227424152999,,1.4616250118706375
adult_core,2002,joint_dirichlet_0.3,B3,2,0,4427,1107,True,False,0.99096657633243,0.49773139745916517,,,,,"comparison_groups,subgroup_accuracy_gap",1.7875420162454247
adult_core,2002,joint_dirichlet_0.3,B3,2,1,2768,692,True,True,0.861271676300578,0.7018687059076956,0.027995105491490202,0.04520219440885642,0.04520219440885642,0.09126527988925559,,1.3947499974165112
adult_core,2002,joint_dirichlet_0.3,B3,2,2,1633,409,True,False,0.980440097799511,0.6617038875103392,,,,,"comparison_groups,subgroup_accuracy_gap",1.057375018717721
adult_core,2002,joint_dirichlet_0.3,B3,2,3,2912,729,True,False,0.7421124828532236,0.739353690264275,,,,,"comparison_groups,subgroup_accuracy_gap",1.4403749955818057
adult_core,2002,joint_dirichlet_0.3,B3,2,4,1624,407,True,True,0.773955773955774,0.5375456970655074,0.10781099324975892,0.125,0.125,0.7972999035679845,,1.0809999948833138
adult_core,2002,joint_dirichlet_0.3,B3,2,5,1892,474,True,True,0.9578059071729957,0.5725108225108225,0.004672897196261682,0.09523809523809523,0.09523809523809523,0.022653392929703364,,1.1442919785622507
adult_core,2002,joint_dirichlet_0.3,B3,2,6,1449,363,True,True,0.9421487603305785,0.4851063829787234,0.0,,,0.25609756097560976,"equal_opportunity_gap,equalized_odds_gap",1.00845901761204
adult_core,2002,joint_dirichlet_0.3,B3,2,7,510,128,True,False,0.8515625,0.8208471454880295,0.41269841269841273,,,0.2321428571428571,"equal_opportunity_gap,equalized_odds_gap",0.7777500140946358
adult_core,2002,joint_dirichlet_0.3,B3,2,8,233,59,True,True,1.0,1.0,0.0,0.0,,0.0,"equalized_odds_gap,false_positive_rate_gap",0.6460840231738985
adult_core,2002,joint_dirichlet_0.3,B3,2,9,3056,765,True,True,0.9738562091503268,0.49337748344370863,0.0,0.0,0.0,0.007677227424152999,,1.4321250200737268
adult_core,2002,joint_dirichlet_0.3,B3,3,0,4427,1107,True,False,0.990063233965673,0.49750340444847935,,,,,"comparison_groups,subgroup_accuracy_gap",1.7632079834584147
adult_core,2002,joint_dirichlet_0.3,B3,3,1,2768,692,True,True,0.8251445086705202,0.7406385226072438,0.0926001458464657,0.21503892776190003,0.3253968253968254,0.15349722520919085,,1.4205420156940818
adult_core,2002,joint_dirichlet_0.3,B3,3,2,1633,409,True,False,0.980440097799511,0.6617038875103392,,,,,"comparison_groups,subgroup_accuracy_gap",1.066333003109321
adult_core,2002,joint_dirichlet_0.3,B3,3,3,2912,729,True,False,0.6872427983539094,0.6867470787787411,,,,,"comparison_groups,subgroup_accuracy_gap",1.424750022124499
adult_core,2002,joint_dirichlet_0.3,B3,3,4,1624,407,True,True,0.7764127764127764,0.5458313406663478,0.11761491481838636,0.13541666666666666,0.13541666666666666,0.7874959819993571,,1.063791016349569
adult_core,2002,joint_dirichlet_0.3,B3,3,5,1892,474,True,True,0.9578059071729957,0.5725108225108225,0.004672897196261682,0.09523809523809523,0.09523809523809523,0.022653392929703364,,1.144832989666611
adult_core,2002,joint_dirichlet_0.3,B3,3,6,1449,363,True,True,0.9421487603305785,0.4851063829787234,0.0,,,0.25609756097560976,"equal_opportunity_gap,equalized_odds_gap",1.020291994791478
adult_core,2002,joint_dirichlet_0.3,B3,3,7,510,128,True,False,0.8203125,0.7718360071301247,0.32936507936507936,,,0.2876984126984127,"equal_opportunity_gap,equalized_odds_gap",0.7849580142647028
adult_core,2002,joint_dirichlet_0.3,B3,3,8,233,59,True,True,0.9830508474576272,0.49572649572649574,0.021739130434782594,0.021739130434782594,,0.021739130434782594,"equalized_odds_gap,false_positive_rate_gap",0.643582985503599
adult_core,2002,joint_dirichlet_0.3,B3,3,9,3056,765,True,True,0.9725490196078431,0.49304174950298213,0.0027624309392265192,0.0,0.002824858757062147,0.004914796484926542,,1.436582999303937
adult_core,2002,joint_dirichlet_0.3,B3,4,0,4427,1107,True,False,0.990063233965673,0.49750340444847935,,,,,"comparison_groups,subgroup_accuracy_gap",1.7663750040810555
adult_core,2002,joint_dirichlet_0.3,B3,4,1,2768,692,True,True,0.7398843930635838,0.6776797913302695,0.12173235937557936,0.24787293452908898,0.24787293452908898,0.24156129877513688,,1.4432920143008232
adult_core,2002,joint_dirichlet_0.3,B3,4,2,1633,409,True,False,0.9779951100244498,0.6482560917343526,,,,,"comparison_groups,subgroup_accuracy_gap",1.0595839994493872
adult_core,2002,joint_dirichlet_0.3,B3,4,3,2912,729,True,False,0.6529492455418381,0.6499030972804598,,,,,"comparison_groups,subgroup_accuracy_gap",1.4397090126294643
adult_core,2002,joint_dirichlet_0.3,B3,4,4,1624,407,True,True,0.7862407862407862,0.5777253049980323,0.15683060109289618,0.17708333333333334,0.17708333333333334,0.7482802957248473,,1.0582079994492233
adult_core,2002,joint_dirichlet_0.3,B3,4,5,1892,474,True,True,0.9578059071729957,0.5725108225108225,0.004672897196261682,0.09523809523809523,0.09523809523809523,0.022653392929703364,,1.191292016301304
adult_core,2002,joint_dirichlet_0.3,B3,4,6,1449,363,True,True,0.9393939393939394,0.484375,0.012195121951219513,,,0.2682926829268293,"equal_opportunity_gap,equalized_odds_gap",1.0288329795002937
adult_core,2002,joint_dirichlet_0.3,B3,4,7,510,128,True,False,0.8125,0.755023923444976,0.28769841269841273,,,0.3015873015873015,"equal_opportunity_gap,equalized_odds_gap",0.7800830062478781
adult_core,2002,joint_dirichlet_0.3,B3,4,8,233,59,True,True,0.9322033898305084,0.4824561403508772,0.20903010033444813,0.20903010033444813,,0.20903010033444813,"equalized_odds_gap,false_positive_rate_gap",0.6478749855887145
adult_core,2002,joint_dirichlet_0.3,B3,4,9,3056,765,True,True,0.9699346405228758,0.49236894492368943,0.0030434723002892667,0.0,0.0030921727570910455,0.00463375512386377,,1.4507500163745135
adult_core,2002,joint_dirichlet_0.3,B3,5,0,4427,1107,True,False,0.989159891598916,0.49727520435967304,,,,,"comparison_groups,subgroup_accuracy_gap",1.7669170047156513
adult_core,2002,joint_dirichlet_0.3,B3,5,1,2768,692,True,True,0.6820809248554913,0.6307543051176328,0.16531326090449533,0.2834663775828652,0.2834663775828652,0.29619192406095884,,1.4205409970600158
adult_core,2002,joint_dirichlet_0.3,B3,5,2,1633,409,True,False,0.9755501222493888,0.6366382373845061,,,,,"comparison_groups,subgroup_accuracy_gap",1.0636670049279928
adult_core,2002,joint_dirichlet_0.3,B3,5,3,2912,729,True,False,0.6364883401920439,0.6300732442912538,,,,,"comparison_groups,subgroup_accuracy_gap",1.4102919958531857
adult_core,2002,joint_dirichlet_0.3,B3,5,4,1624,407,True,True,0.7862407862407862,0.5833892202887296,0.16335583413693347,0.1875,0.1875,0.7351976856316298,,1.0668340255506337
adult_core,2002,joint_dirichlet_0.3,B3,5,5,1892,474,True,True,0.9578059071729957,0.5725108225108225,0.004672897196261682,0.09523809523809523,0.09523809523809523,0.022653392929703364,,1.1400410148780793
adult_core,2002,joint_dirichlet_0.3,B3,5,6,1449,363,True,True,0.9393939393939394,0.484375,0.012195121951219513,,,0.2682926829268293,"equal_opportunity_gap,equalized_odds_gap",1.0053330042865127
adult_core,2002,joint_dirichlet_0.3,B3,5,7,510,128,True,True,0.8046875,0.7422472815142973,0.27380952380952384,,,0.31547619047619047,"equal_opportunity_gap,equalized_odds_gap",0.8095419907476753
adult_core,2002,joint_dirichlet_0.3,B3,5,8,233,59,True,True,0.8305084745762712,0.4537037037037037,0.07859531772575246,0.07859531772575246,,0.07859531772575246,"equalized_odds_gap,false_positive_rate_gap",0.6480409938376397
adult_core,2002,joint_dirichlet_0.3,B3,5,9,3056,765,True,True,0.9699346405228758,0.49236894492368943,0.0030434723002892667,0.0,0.0030921727570910455,0.00463375512386377,,1.4429590082727373
adult_core,2003,iid,B0,1,0,2051,513,True,True,0.7816764132553606,0.4933333333333333,0.011438923395445135,0.0,0.0,0.1830227743271221,,1.4183329767547548
adult_core,2003,iid,B0,1,1,2051,513,True,True,0.7660818713450293,0.4849742319791178,0.011353016510331935,0.0029239766081871343,0.0029239766081871343,0.18701325672354718,,1.371124992147088
adult_core,2003,iid,B0,1,2,2051,513,True,True,0.7680311890838206,0.5048624009473368,0.009380663042319583,0.09345794392523364,0.09345794392523364,0.13564651956081442,,1.2881669972557575
adult_core,2003,iid,B0,1,3,2051,513,True,True,0.7816764132553606,0.5253139458030404,0.03409090909090909,0.11320754716981132,0.11320754716981132,0.15524421230942975,,1.2803749996237457
adult_core,2003,iid,B0,1,4,2051,513,True,True,0.7524366471734892,0.47789397764154345,0.026239067055393587,0.06306306306306306,0.06306306306306306,0.18550848910992968,,1.324666984146461
adult_core,2003,iid,B0,1,5,2051,513,True,True,0.7797270955165692,0.49902776697518864,0.023391812865497075,0.07692307692307693,0.07692307692307693,0.18128654970760227,,1.2499169970396906
adult_core,2003,iid,B0,1,6,2051,513,True,True,0.7777777777777778,0.5597826086956521,0.04547837025648194,0.10096618357487924,0.10096618357487924,0.1742784261653505,,1.21645798208192
adult_core,2003,iid,B0,1,7,2050,513,True,True,0.7524366471734892,0.4899917805002153,0.02322071685817184,0.027939949958298585,0.027939949958298585,0.1767106842737095,,1.2199580087326467
adult_core,2003,iid,B0,1,8,2050,513,True,True,0.7563352826510721,0.49802340600414885,0.022436459246275197,0.022030651340996174,0.022030651340996174,0.2042769500438213,,1.2283330142963678
adult_core,2003,iid,B0,1,9,2050,513,True,True,0.7680311890838206,0.5048624009473368,0.023391812865497075,0.029937228392081128,0.029937228392081128,0.1900584795321637,,1.2229999992996454
adult_core,2003,iid,B0,2,0,2051,513,True,True,0.7875243664717348,0.5230756109002516,0.02593167701863354,0.0392156862745098,0.0392156862745098,0.1743271221532091,,1.2218329939059913
adult_core,2003,iid,B0,2,1,2051,513,True,True,0.7738791423001949,0.5143948296122209,0.014035512789450002,0.021929824561403508,0.021929824561403508,0.1843307604444291,,1.1875420168507844
adult_core,2003,iid,B0,2,2,2051,513,True,True,0.7680311890838206,0.510782545979084,0.015030380556443877,0.102803738317757,0.102803738317757,0.13564651956081442,,1.186083012726158
adult_core,2003,iid,B0,2,3,2051,513,True,True,0.783625730994152,0.5436711143166246,0.048295454545454544,0.14150943396226415,0.14150943396226415,0.15240330321852058,,1.1847910063806921
adult_core,2003,iid,B0,2,4,2051,513,True,True,0.7563352826510721,0.49215563598349554,0.023272166009260846,0.024453024453024455,0.024453024453024455,0.1884753901560624,,1.2494999973569065
adult_core,2003,iid,B0,2,5,2051,513,True,True,0.7816764132553606,0.5067307692307692,0.02631578947368421,0.08653846153846154,0.08653846153846154,0.17836257309941517,,1.3846249785274267
adult_core,2003,iid,B0,2,6,2051,513,True,True,0.7738791423001949,0.5471232876712329,0.03974771123069397,0.08357487922705314,0.08357487922705314,0.18000908519113845,,1.3129170110914856
adult_core,2003,iid,B0,2,7,2050,513,True,True,0.7504873294346979,0.48891656288916563,0.01733836391699537,0.027939949958298585,0.027939949958298585,0.17082833133253306,,1.2829170154873282
adult_core,2003,iid,B0,2,8,2050,513,True,True,0.7543859649122807,0.4969022415940224,0.01630148992112182,0.022030651340996174,0.022030651340996174,0.19814198071866784,,1.2525839847512543
adult_core,2003,iid,B0,2,9,2050,513,True,True,0.7680311890838206,0.5048624009473368,0.023391812865497075,0.029937228392081128,0.029937228392081128,0.1900584795321637,,1.2615839950740337
adult_core,2003,iid,B0,3,0,2051,513,True,True,0.7914230019493177,0.5378339465685491,0.031728778467908905,0.058823529411764705,0.058823529411764705,0.16853002070393375,,1.2049159849993885
adult_core,2003,iid,B0,3,1,2051,513,True,True,0.7777777777777778,0.5285230570783619,0.019815859610259248,0.00341130604288499,0.00341130604288499,0.17855041362361979,,1.2074169935658574
adult_core,2003,iid,B0,3,2,2051,513,True,True,0.7699805068226121,0.5177649608055573,0.017855239313506025,0.11214953271028037,0.11214953271028037,0.13282166080375235,,1.2218330230098218
adult_core,2003,iid,B0,3,3,2051,513,True,True,0.7875243664717348,0.5571597145776082,0.05397727272727273,0.16037735849056603,0.16037735849056603,0.14672148503670246,,1.375040999846533
adult_core,2003,iid,B0,3,4,2051,513,True,True,0.7563352826510721,0.49802340600414885,0.029103069799348312,0.03346203346203347,0.03346203346203347,0.1884753901560624,,1.322583993896842
adult_core,2003,iid,B0,3,5,2051,513,True,True,0.7816764132553606,0.513117754728493,0.023391812865497075,0.09615384615384616,0.09615384615384616,0.16959064327485385,,1.2047500058542937
adult_core,2003,iid,B0,3,6,2051,513,True,True,0.7777777777777778,0.5597826086956521,0.04547837025648194,0.10096618357487924,0.10096618357487924,0.1742784261653505,,1.1727499950211495
adult_core,2003,iid,B0,3,7,2050,513,True,True,0.7524366471734892,0.4957860277216689,0.020253815812039104,0.03711426188490409,0.03711426188490409,0.16791287943748934,,1.2331249890848994
adult_core,2003,iid,B0,3,8,2050,513,True,True,0.7563352826510721,0.503726405237863,0.019158632778264684,0.03065134099616859,0.03065134099616859,0.19528483786152495,,1.3355410192161798
adult_core,2003,iid,B0,3,9,2050,513,True,True,0.7699805068226121,0.5119800064495323,0.02631578947368421,0.03911154031868663,0.03911154031868663,0.1871345029239766,,1.3234170037321746
adult_core,2003,iid,B0,4,0,2051,513,True,True,0.7914230019493177,0.5378339465685491,0.031728778467908905,0.058823529411764705,0.058823529411764705,0.16853002070393375,,1.253458991413936
adult_core,2003,iid,B0,4,1,2051,513,True,True,0.7777777777777778,0.5285230570783619,0.019815859610259248,0.00341130604288499,0.00341130604288499,0.17855041362361979,,1.2126659858040512
adult_core,2003,iid,B0,4,2,2051,513,True,True,0.7699805068226121,0.5177649608055573,0.017855239313506025,0.11214953271028037,0.11214953271028037,0.13282166080375235,,1.2649169948417693
adult_core,2003,iid,B0,4,3,2051,513,True,True,0.7894736842105263,0.5637755102040816,0.056818181818181816,0.16981132075471697,0.16981132075471697,0.1438805759457934,,1.2124170025344938
adult_core,2003,iid,B0,4,4,2051,513,True,True,0.7602339181286549,0.5116667827540573,0.03493397358943577,0.051480051480051484,0.051480051480051484,0.18264448636597497,,1.195124990772456
adult_core,2003,iid,B0,4,5,2051,513,True,True,0.783625730994152,0.5205567109262518,0.02631578947368421,0.10576923076923077,0.10576923076923077,0.16666666666666663,,1.214749994687736
adult_core,2003,iid,B0,4,6,2051,513,True,True,0.7797270955165692,0.5659995957145745,0.04834369976937592,0.10966183574879226,0.10966183574879226,0.17141309665245652,,1.1833339813165367
adult_core,2003,iid,B0,4,7,2050,513,True,True,0.7524366471734892,0.4957860277216689,0.020253815812039104,0.03711426188490409,0.03711426188490409,0.16791287943748934,,1.1975830129813403
adult_core,2003,iid,B0,4,8,2050,513,True,True,0.7563352826510721,0.503726405237863,0.019158632778264684,0.03065134099616859,0.03065134099616859,0.19528483786152495,,1.1797909974120557
adult_core,2003,iid,B0,4,9,2050,513,True,True,0.7719298245614035,0.5190046880634691,0.029239766081871343,0.04828585224529214,0.04828585224529214,0.1842105263157895,,1.2284169788472354
adult_core,2003,iid,B0,5,0,2051,513,True,True,0.797270955165692,0.5592200925313946,0.04042443064182195,0.08823529411764706,0.08823529411764706,0.15983436853002075,,1.2172500137239695
adult_core,2003,iid,B0,5,1,2051,513,True,True,0.7777777777777778,0.5285230570783619,0.019815859610259248,0.00341130604288499,0.00341130604288499,0.17855041362361979,,1.2344589922577143
adult_core,2003,iid,B0,5,2,2051,513,True,True,0.7758284600389863,0.538181533523817,0.026329815584692464,0.14018691588785046,0.14018691588785046,0.12434708453256582,,1.2428750051185489
adult_core,2003,iid,B0,5,3,2051,513,True,True,0.7953216374269005,0.5877878368140319,0.061970638057594576,0.14255765199161427,0.14255765199161427,0.14440993788819878,,1.2613330036401749
adult_core,2003,iid,B0,5,4,2051,513,True,True,0.7602339181286549,0.5116667827540573,0.03493397358943577,0.051480051480051484,0.051480051480051484,0.18264448636597497,,1.2764999992214143
adult_core,2003,iid,B0,5,5,2051,513,True,True,0.7894736842105263,0.5478848413631022,0.03216374269005848,0.14423076923076922,0.14423076923076922,0.14912280701754377,,1.2442920124158263
adult_core,2003,iid,B0,5,6,2051,513,True,True,0.7797270955165692,0.5659995957145745,0.04834369976937592,0.10966183574879226,0.10966183574879226,0.17141309665245652,,1.2347919982858002
adult_core,2003,iid,B0,5,7,2050,513,True,True,0.7543859649122807,0.5025703379917503,0.02316926770708283,0.046288573811509595,0.046288573811509595,0.16499742754244562,,1.2229999992996454
adult_core,2003,iid,B0,5,8,2050,513,True,True,0.7602339181286549,0.5171228945535803,0.024872918492550397,0.04789272030651341,0.04789272030651341,0.18957055214723928,,1.2260829971637577
adult_core,2003,iid,B0,5,9,2050,513,True,True,0.7758284600389863,0.5327831851048159,0.03508771929824561,0.06663447609850315,0.06663447609850315,0.17836257309941517,,1.2330420140642673
adult_core,2003,iid,B1,1,0,2051,513,True,True,0.7816764132553606,0.4933333333333333,0.011438923395445135,0.0,0.0,0.1830227743271221,,1.3818340084981173
adult_core,2003,iid,B1,1,1,2051,513,True,True,0.7660818713450293,0.4849742319791178,0.011353016510331935,0.0029239766081871343,0.0029239766081871343,0.18701325672354718,,1.2348750024102628
adult_core,2003,iid,B1,1,2,2051,513,True,True,0.7680311890838206,0.5048624009473368,0.009380663042319583,0.09345794392523364,0.09345794392523364,0.13564651956081442,,1.2163330102339387
adult_core,2003,iid,B1,1,3,2051,513,True,True,0.7816764132553606,0.5253139458030404,0.03409090909090909,0.11320754716981132,0.11320754716981132,0.15524421230942975,,1.2108340160921216
adult_core,2003,iid,B1,1,4,2051,513,True,True,0.7524366471734892,0.47789397764154345,0.026239067055393587,0.06306306306306306,0.06306306306306306,0.18550848910992968,,1.225957996211946
adult_core,2003,iid,B1,1,5,2051,513,True,True,0.7797270955165692,0.49902776697518864,0.023391812865497075,0.07692307692307693,0.07692307692307693,0.18128654970760227,,1.24804099323228
adult_core,2003,iid,B1,1,6,2051,513,True,True,0.7777777777777778,0.5597826086956521,0.04547837025648194,0.10096618357487924,0.10096618357487924,0.1742784261653505,,1.2313750048633665
adult_core,2003,iid,B1,1,7,2050,513,True,True,0.7524366471734892,0.4899917805002153,0.02322071685817184,0.027939949958298585,0.027939949958298585,0.1767106842737095,,1.2273750035092235
adult_core,2003,iid,B1,1,8,2050,513,True,True,0.7563352826510721,0.49802340600414885,0.022436459246275197,0.022030651340996174,0.022030651340996174,0.2042769500438213,,1.219124998897314
adult_core,2003,iid,B1,1,9,2050,513,True,True,0.7680311890838206,0.5048624009473368,0.023391812865497075,0.029937228392081128,0.029937228392081128,0.1900584795321637,,1.2410409981384873
adult_core,2003,iid,B1,2,0,2051,513,True,True,0.7875243664717348,0.5230756109002516,0.02593167701863354,0.0392156862745098,0.0392156862745098,0.1743271221532091,,1.1798749910667539
adult_core,2003,iid,B1,2,1,2051,513,True,True,0.7738791423001949,0.5143948296122209,0.014035512789450002,0.021929824561403508,0.021929824561403508,0.1843307604444291,,1.161083986517042
adult_core,2003,iid,B1,2,2,2051,513,True,True,0.7680311890838206,0.510782545979084,0.015030380556443877,0.102803738317757,0.102803738317757,0.13564651956081442,,1.1679590097628534
adult_core,2003,iid,B1,2,3,2051,513,True,True,0.783625730994152,0.5436711143166246,0.048295454545454544,0.14150943396226415,0.14150943396226415,0.15240330321852058,,1.1819580104202032
adult_core,2003,iid,B1,2,4,2051,513,True,True,0.7563352826510721,0.49215563598349554,0.023272166009260846,0.024453024453024455,0.024453024453024455,0.1884753901560624,,1.182125008199364
adult_core,2003,iid,B1,2,5,2051,513,True,True,0.7816764132553606,0.5067307692307692,0.02631578947368421,0.08653846153846154,0.08653846153846154,0.17836257309941517,,1.164084009360522
adult_core,2003,iid,B1,2,6,2051,513,True,True,0.7738791423001949,0.5471232876712329,0.03974771123069397,0.08357487922705314,0.08357487922705314,0.18000908519113845,,1.1621660087257624
adult_core,2003,iid,B1,2,7,2050,513,True,True,0.7504873294346979,0.48891656288916563,0.01733836391699537,0.027939949958298585,0.027939949958298585,0.17082833133253306,,1.1542499996721745
adult_core,2003,iid,B1,2,8,2050,513,True,True,0.7543859649122807,0.4969022415940224,0.01630148992112182,0.022030651340996174,0.022030651340996174,0.19814198071866784,,1.151332980953157
adult_core,2003,iid,B1,2,9,2050,513,True,True,0.7680311890838206,0.5048624009473368,0.023391812865497075,0.029937228392081128,0.029937228392081128,0.1900584795321637,,1.152792014181614
adult_core,2003,iid,B1,3,0,2051,513,True,True,0.7914230019493177,0.5378339465685491,0.031728778467908905,0.058823529411764705,0.058823529411764705,0.16853002070393375,,1.173833996290341
adult_core,2003,iid,B1,3,1,2051,513,True,True,0.7777777777777778,0.5285230570783619,0.019815859610259248,0.00341130604288499,0.00341130604288499,0.17855041362361979,,1.1768749973271042
adult_core,2003,iid,B1,3,2,2051,513,True,True,0.7699805068226121,0.5177649608055573,0.017855239313506025,0.11214953271028037,0.11214953271028037,0.13282166080375235,,1.162291009677574
adult_core,2003,iid,B1,3,3,2051,513,True,True,0.7875243664717348,0.5571597145776082,0.05397727272727273,0.16037735849056603,0.16037735849056603,0.14672148503670246,,1.1626250052358955
adult_core,2003,iid,B1,3,4,2051,513,True,True,0.7563352826510721,0.49802340600414885,0.029103069799348312,0.03346203346203347,0.03346203346203347,0.1884753901560624,,1.1591660149861127
adult_core,2003,iid,B1,3,5,2051,513,True,True,0.7816764132553606,0.513117754728493,0.023391812865497075,0.09615384615384616,0.09615384615384616,0.16959064327485385,,1.153207995230332
adult_core,2003,iid,B1,3,6,2051,513,True,True,0.7777777777777778,0.5597826086956521,0.04547837025648194,0.10096618357487924,0.10096618357487924,0.1742784261653505,,1.1500410037115216
adult_core,2003,iid,B1,3,7,2050,513,True,True,0.7524366471734892,0.4957860277216689,0.020253815812039104,0.03711426188490409,0.03711426188490409,0.16791287943748934,,1.1587089975364506
adult_core,2003,iid,B1,3,8,2050,513,True,True,0.7563352826510721,0.503726405237863,0.019158632778264684,0.03065134099616859,0.03065134099616859,0.19528483786152495,,1.1550829804036766
adult_core,2003,iid,B1,3,9,2050,513,True,True,0.7699805068226121,0.5119800064495323,0.02631578947368421,0.03911154031868663,0.03911154031868663,0.1871345029239766,,1.1630830122157931
adult_core,2003,iid,B1,4,0,2051,513,True,True,0.7914230019493177,0.5378339465685491,0.031728778467908905,0.058823529411764705,0.058823529411764705,0.16853002070393375,,1.2333750200923532
adult_core,2003,iid,B1,4,1,2051,513,True,True,0.7777777777777778,0.5285230570783619,0.019815859610259248,0.00341130604288499,0.00341130604288499,0.17855041362361979,,1.1928330059163272
adult_core,2003,iid,B1,4,2,2051,513,True,True,0.7699805068226121,0.5177649608055573,0.017855239313506025,0.11214953271028037,0.11214953271028037,0.13282166080375235,,1.204916014103219
adult_core,2003,iid,B1,4,3,2051,513,True,True,0.7894736842105263,0.5637755102040816,0.056818181818181816,0.16981132075471697,0.16981132075471697,0.1438805759457934,,1.1685839854180813
adult_core,2003,iid,B1,4,4,2051,513,True,True,0.7602339181286549,0.5116667827540573,0.03493397358943577,0.051480051480051484,0.051480051480051484,0.18264448636597497,,1.1924160062335432
adult_core,2003,iid,B1,4,5,2051,513,True,True,0.783625730994152,0.5205567109262518,0.02631578947368421,0.10576923076923077,0.10576923076923077,0.16666666666666663,,1.1737080058082938
adult_core,2003,iid,B1,4,6,2051,513,True,True,0.7797270955165692,0.5659995957145745,0.04834369976937592,0.10966183574879226,0.10966183574879226,0.17141309665245652,,1.1663749755825847
adult_core,2003,iid,B1,4,7,2050,513,True,True,0.7524366471734892,0.4957860277216689,0.020253815812039104,0.03711426188490409,0.03711426188490409,0.16791287943748934,,1.1566250177565962
adult_core,2003,iid,B1,4,8,2050,513,True,True,0.7563352826510721,0.503726405237863,0.019158632778264684,0.03065134099616859,0.03065134099616859,0.19528483786152495,,1.1624579783529043
adult_core,2003,iid,B1,4,9,2050,513,True,True,0.7719298245614035,0.5190046880634691,0.029239766081871343,0.04828585224529214,0.04828585224529214,0.1842105263157895,,1.1657910072244704
adult_core,2003,iid,B1,5,0,2051,513,True,True,0.797270955165692,0.5592200925313946,0.04042443064182195,0.08823529411764706,0.08823529411764706,0.15983436853002075,,1.2477499840315431
adult_core,2003,iid,B1,5,1,2051,513,True,True,0.7777777777777778,0.5285230570783619,0.019815859610259248,0.00341130604288499,0.00341130604288499,0.17855041362361979,,1.244042010512203
adult_core,2003,iid,B1,5,2,2051,513,True,True,0.7758284600389863,0.538181533523817,0.026329815584692464,0.14018691588785046,0.14018691588785046,0.12434708453256582,,1.2553339765872806
adult_core,2003,iid,B1,5,3,2051,513,True,True,0.7953216374269005,0.5877878368140319,0.061970638057594576,0.14255765199161427,0.14255765199161427,0.14440993788819878,,1.2089170049875975
adult_core,2003,iid,B1,5,4,2051,513,True,True,0.7602339181286549,0.5116667827540573,0.03493397358943577,0.051480051480051484,0.051480051480051484,0.18264448636597497,,1.2489999935496598
adult_core,2003,iid,B1,5,5,2051,513,True,True,0.7894736842105263,0.5478848413631022,0.03216374269005848,0.14423076923076922,0.14423076923076922,0.14912280701754377,,1.2246669793967158
adult_core,2003,iid,B1,5,6,2051,513,True,True,0.7797270955165692,0.5659995957145745,0.04834369976937592,0.10966183574879226,0.10966183574879226,0.17141309665245652,,1.2101659958716482
adult_core,2003,iid,B1,5,7,2050,513,True,True,0.7543859649122807,0.5025703379917503,0.02316926770708283,0.046288573811509595,0.046288573811509595,0.16499742754244562,,1.2167500099167228
adult_core,2003,iid,B1,5,8,2050,513,True,True,0.7602339181286549,0.5171228945535803,0.024872918492550397,0.04789272030651341,0.04789272030651341,0.18957055214723928,,1.2159580073785037
adult_core,2003,iid,B1,5,9,2050,513,True,True,0.7758284600389863,0.5327831851048159,0.03508771929824561,0.06663447609850315,0.06663447609850315,0.17836257309941517,,1.243667007656768
adult_core,2003,iid,B3,1,0,2051,513,True,True,0.7816764132553606,0.4933333333333333,0.011438923395445135,0.0,0.0,0.1830227743271221,,1.4284579956438392
adult_core,2003,iid,B3,1,1,2051,513,True,True,0.7660818713450293,0.4849742319791178,0.011353016510331935,0.0029239766081871343,0.0029239766081871343,0.18701325672354718,,1.2974590063095093
adult_core,2003,iid,B3,1,2,2051,513,True,True,0.7680311890838206,0.5048624009473368,0.009380663042319583,0.09345794392523364,0.09345794392523364,0.13564651956081442,,1.3678750256076455
adult_core,2003,iid,B3,1,3,2051,513,True,True,0.7816764132553606,0.5253139458030404,0.03409090909090909,0.11320754716981132,0.11320754716981132,0.15524421230942975,,1.3082500081509352
adult_core,2003,iid,B3,1,4,2051,513,True,True,0.7524366471734892,0.47789397764154345,0.026239067055393587,0.06306306306306306,0.06306306306306306,0.18550848910992968,,1.2933749821968377
adult_core,2003,iid,B3,1,5,2051,513,True,True,0.7797270955165692,0.49902776697518864,0.023391812865497075,0.07692307692307693,0.07692307692307693,0.18128654970760227,,1.277333009056747
adult_core,2003,iid,B3,1,6,2051,513,True,True,0.7777777777777778,0.5597826086956521,0.04547837025648194,0.10096618357487924,0.10096618357487924,0.1742784261653505,,1.2936659913975745
adult_core,2003,iid,B3,1,7,2050,513,True,True,0.7524366471734892,0.4899917805002153,0.02322071685817184,0.027939949958298585,0.027939949958298585,0.1767106842737095,,1.3477500178851187
adult_core,2003,iid,B3,1,8,2050,513,True,True,0.7563352826510721,0.49802340600414885,0.022436459246275197,0.022030651340996174,0.022030651340996174,0.2042769500438213,,1.262500009033829
adult_core,2003,iid,B3,1,9,2050,513,True,True,0.7680311890838206,0.5048624009473368,0.023391812865497075,0.029937228392081128,0.029937228392081128,0.1900584795321637,,1.2232500012032688
adult_core,2003,iid,B3,2,0,2051,513,True,True,0.7875243664717348,0.5230756109002516,0.02593167701863354,0.0392156862745098,0.0392156862745098,0.1743271221532091,,1.2834169901907444
adult_core,2003,iid,B3,2,1,2051,513,True,True,0.7738791423001949,0.5143948296122209,0.014035512789450002,0.021929824561403508,0.021929824561403508,0.1843307604444291,,1.3430420076474547
adult_core,2003,iid,B3,2,2,2051,513,True,True,0.7680311890838206,0.510782545979084,0.015030380556443877,0.102803738317757,0.102803738317757,0.13564651956081442,,1.276249997317791
adult_core,2003,iid,B3,2,3,2051,513,True,True,0.783625730994152,0.5436711143166246,0.048295454545454544,0.14150943396226415,0.14150943396226415,0.15240330321852058,,1.2167500099167228
adult_core,2003,iid,B3,2,4,2051,513,True,True,0.7563352826510721,0.49215563598349554,0.023272166009260846,0.024453024453024455,0.024453024453024455,0.1884753901560624,,1.200250000692904
adult_core,2003,iid,B3,2,5,2051,513,True,True,0.7816764132553606,0.5067307692307692,0.02631578947368421,0.08653846153846154,0.08653846153846154,0.17836257309941517,,1.1855830089189112
adult_core,2003,iid,B3,2,6,2051,513,True,True,0.7738791423001949,0.5471232876712329,0.03974771123069397,0.08357487922705314,0.08357487922705314,0.18000908519113845,,1.1867500143125653
adult_core,2003,iid,B3,2,7,2050,513,True,True,0.7504873294346979,0.48891656288916563,0.01733836391699537,0.027939949958298585,0.027939949958298585,0.17082833133253306,,1.232082984643057
adult_core,2003,iid,B3,2,8,2050,513,True,True,0.7543859649122807,0.4969022415940224,0.01630148992112182,0.022030651340996174,0.022030651340996174,0.19814198071866784,,1.2575830041896552
adult_core,2003,iid,B3,2,9,2050,513,True,True,0.7680311890838206,0.5048624009473368,0.023391812865497075,0.029937228392081128,0.029937228392081128,0.1900584795321637,,1.2340419925749302
adult_core,2003,iid,B3,3,0,2051,513,True,True,0.7914230019493177,0.5378339465685491,0.031728778467908905,0.058823529411764705,0.058823529411764705,0.16853002070393375,,1.2145829969085753
adult_core,2003,iid,B3,3,1,2051,513,True,True,0.7777777777777778,0.5285230570783619,0.019815859610259248,0.00341130604288499,0.00341130604288499,0.17855041362361979,,1.221540995175019
adult_core,2003,iid,B3,3,2,2051,513,True,True,0.7699805068226121,0.5177649608055573,0.017855239313506025,0.11214953271028037,0.11214953271028037,0.13282166080375235,,1.2159580073785037
adult_core,2003,iid,B3,3,3,2051,513,True,True,0.7875243664717348,0.5571597145776082,0.05397727272727273,0.16037735849056603,0.16037735849056603,0.14672148503670246,,1.4204579929355532
adult_core,2003,iid,B3,3,4,2051,513,True,True,0.7563352826510721,0.49802340600414885,0.029103069799348312,0.03346203346203347,0.03346203346203347,0.1884753901560624,,1.2923330068588257
adult_core,2003,iid,B3,3,5,2051,513,True,True,0.7816764132553606,0.513117754728493,0.023391812865497075,0.09615384615384616,0.09615384615384616,0.16959064327485385,,1.2942500179633498
adult_core,2003,iid,B3,3,6,2051,513,True,True,0.7777777777777778,0.5597826086956521,0.04547837025648194,0.10096618357487924,0.10096618357487924,0.1742784261653505,,1.4047499862499535
adult_core,2003,iid,B3,3,7,2050,513,True,True,0.7524366471734892,0.4957860277216689,0.020253815812039104,0.03711426188490409,0.03711426188490409,0.16791287943748934,,1.4888749865349382
adult_core,2003,iid,B3,3,8,2050,513,True,True,0.7563352826510721,0.503726405237863,0.019158632778264684,0.03065134099616859,0.03065134099616859,0.19528483786152495,,1.3436660228762776
adult_core,2003,iid,B3,3,9,2050,513,True,True,0.7699805068226121,0.5119800064495323,0.02631578947368421,0.03911154031868663,0.03911154031868663,0.1871345029239766,,1.3358340074773878
adult_core,2003,iid,B3,4,0,2051,513,True,True,0.7914230019493177,0.5378339465685491,0.031728778467908905,0.058823529411764705,0.058823529411764705,0.16853002070393375,,1.3599579979199916
adult_core,2003,iid,B3,4,1,2051,513,True,True,0.7777777777777778,0.5285230570783619,0.019815859610259248,0.00341130604288499,0.00341130604288499,0.17855041362361979,,1.319374976446852
adult_core,2003,iid,B3,4,2,2051,513,True,True,0.7699805068226121,0.5177649608055573,0.017855239313506025,0.11214953271028037,0.11214953271028037,0.13282166080375235,,1.3497089967131615
adult_core,2003,iid,B3,4,3,2051,513,True,True,0.7894736842105263,0.5637755102040816,0.056818181818181816,0.16981132075471697,0.16981132075471697,0.1438805759457934,,1.5412500069942325
adult_core,2003,iid,B3,4,4,2051,513,True,True,0.7602339181286549,0.5116667827540573,0.03493397358943577,0.051480051480051484,0.051480051480051484,0.18264448636597497,,1.4567920006811619
adult_core,2003,iid,B3,4,5,2051,513,True,True,0.783625730994152,0.5205567109262518,0.02631578947368421,0.10576923076923077,0.10576923076923077,0.16666666666666663,,1.375708990963176
adult_core,2003,iid,B3,4,6,2051,513,True,True,0.7797270955165692,0.5659995957145745,0.04834369976937592,0.10966183574879226,0.10966183574879226,0.17141309665245652,,1.4292080013547093
adult_core,2003,iid,B3,4,7,2050,513,True,True,0.7524366471734892,0.4957860277216689,0.020253815812039104,0.03711426188490409,0.03711426188490409,0.16791287943748934,,1.4549170155078173
adult_core,2003,iid,B3,4,8,2050,513,True,True,0.7563352826510721,0.503726405237863,0.019158632778264684,0.03065134099616859,0.03065134099616859,0.19528483786152495,,1.498875004472211
adult_core,2003,iid,B3,4,9,2050,513,True,True,0.7719298245614035,0.5190046880634691,0.029239766081871343,0.04828585224529214,0.04828585224529214,0.1842105263157895,,1.4013329928275198
adult_core,2003,iid,B3,5,0,2051,513,True,True,0.797270955165692,0.5592200925313946,0.04042443064182195,0.08823529411764706,0.08823529411764706,0.15983436853002075,,1.4071670011617243
adult_core,2003,iid,B3,5,1,2051,513,True,True,0.7777777777777778,0.5285230570783619,0.019815859610259248,0.00341130604288499,0.00341130604288499,0.17855041362361979,,1.3712079962715507
adult_core,2003,iid,B3,5,2,2051,513,True,True,0.7758284600389863,0.538181533523817,0.026329815584692464,0.14018691588785046,0.14018691588785046,0.12434708453256582,,1.445708010578528
adult_core,2003,iid,B3,5,3,2051,513,True,True,0.7953216374269005,0.5877878368140319,0.061970638057594576,0.14255765199161427,0.14255765199161427,0.14440993788819878,,1.3908749970141798
adult_core,2003,iid,B3,5,4,2051,513,True,True,0.7602339181286549,0.5116667827540573,0.03493397358943577,0.051480051480051484,0.051480051480051484,0.18264448636597497,,1.3952500012237579
adult_core,2003,iid,B3,5,5,2051,513,True,True,0.7894736842105263,0.5478848413631022,0.03216374269005848,0.14423076923076922,0.14423076923076922,0.14912280701754377,,1.4655000122729689
adult_core,2003,iid,B3,5,6,2051,513,True,True,0.7797270955165692,0.5659995957145745,0.04834369976937592,0.10966183574879226,0.10966183574879226,0.17141309665245652,,1.4096670201979578
adult_core,2003,iid,B3,5,7,2050,513,True,True,0.7543859649122807,0.5025703379917503,0.02316926770708283,0.046288573811509595,0.046288573811509595,0.16499742754244562,,1.4656670100521296
adult_core,2003,iid,B3,5,8,2050,513,True,True,0.7602339181286549,0.5171228945535803,0.024872918492550397,0.04789272030651341,0.04789272030651341,0.18957055214723928,,1.4013329928275198
adult_core,2003,iid,B3,5,9,2050,513,True,True,0.7758284600389863,0.5327831851048159,0.03508771929824561,0.06663447609850315,0.06663447609850315,0.17836257309941517,,1.3740829890593886
adult_core,2003,joint_dirichlet_0.3,B0,1,0,2697,675,True,True,0.7570370370370371,0.5411513081539941,0.1203625035400736,0.0020876826722338038,0.09176891615541927,0.34990087793826113,,1.6448750102426857
adult_core,2003,joint_dirichlet_0.3,B0,1,1,247,62,True,True,0.7580645161290323,0.43119266055045874,0.0,0.0,,0.9215686274509803,"equalized_odds_gap,false_positive_rate_gap",0.7844170031603426
adult_core,2003,joint_dirichlet_0.3,B0,1,2,908,227,True,True,0.7665198237885462,0.45176577808156754,0.03571428571428571,0.041666666666666664,0.041666666666666664,0.6706748025843503,,0.9836250101216137
adult_core,2003,joint_dirichlet_0.3,B0,1,3,2061,516,True,True,0.9593023255813954,0.4896142433234421,0.0,0.0,0.0,0.012390130255215515,,1.3588749861810356
adult_core,2003,joint_dirichlet_0.3,B0,1,4,516,130,True,False,0.7307692307692307,0.5454999500549396,,,,,"comparison_groups,subgroup_accuracy_gap",0.9668749989941716
adult_core,2003,joint_dirichlet_0.3,B0,1,5,1683,421,True,True,0.9596199524940617,0.4896969696969697,0.0,0.0,,0.4358974358974359,"equalized_odds_gap,false_positive_rate_gap",1.237916003447026
adult_core,2003,joint_dirichlet_0.3,B0,1,6,403,101,True,True,0.801980198019802,0.7841880341880342,0.21853146853146854,0.07692307692307687,,0.13898601398601407,"equalized_odds_gap,false_positive_rate_gap",0.9307079890277237
adult_core,2003,joint_dirichlet_0.3,B0,1,7,2224,557,True,True,0.992818671454219,0.4981981981981982,0.0,,,0.01379310344827589,"equal_opportunity_gap,equalized_odds_gap",1.4989589981269091
adult_core,2003,joint_dirichlet_0.3,B0,1,8,2994,749,True,True,0.910547396528705,0.47658979734451434,0.0,0.0,0.0,0.12383947289607666,,1.8551250104792416
adult_core,2003,joint_dirichlet_0.3,B0,1,9,6772,1694,True,True,0.9510035419126328,0.4874432677760968,0.0,,,0.05932809149392426,"equal_opportunity_gap,equalized_odds_gap",3.4515000006649643
adult_core,2003,joint_dirichlet_0.3,B0,2,0,2697,675,True,False,0.8711111111111111,0.8279781241486784,0.5628717077315208,0.1742055207608444,0.33256646216768915,0.03993203058623618,,1.7187909979838878
adult_core,2003,joint_dirichlet_0.3,B0,2,1,247,62,True,True,0.7741935483870968,0.4976851851851852,0.09090909090909091,0.09090909090909091,,0.8306595365418894,"equalized_odds_gap,false_positive_rate_gap",0.8541659917682409
adult_core,2003,joint_dirichlet_0.3,B0,2,2,908,227,True,True,0.7665198237885462,0.4683370895753237,0.06640344580043073,0.08333333333333333,0.08333333333333333,0.6299353912419239,,1.0458750184625387
adult_core,2003,joint_dirichlet_0.3,B0,2,3,2061,516,True,True,0.9593023255813954,0.4896142433234421,0.0,0.0,0.0,0.012390130255215515,,1.6233340138569474
adult_core,2003,joint_dirichlet_0.3,B0,2,4,516,130,True,False,0.7923076923076923,0.7545282886915169,,,,,"comparison_groups,subgroup_accuracy_gap",1.1546669993549585
adult_core,2003,joint_dirichlet_0.3,B0,2,5,1683,421,True,True,0.9786223277909739,0.8278118609406953,0.22815142972211033,0.002617801047120394,,0.20251040408108478,"equalized_odds_gap,false_positive_rate_gap",1.3439999893307686
adult_core,2003,joint_dirichlet_0.3,B0,2,6,403,101,True,True,0.6534653465346535,0.6445449974861739,0.2001748251748252,0.019677996422182487,,0.2202797202797202,"equalized_odds_gap,false_positive_rate_gap",0.9542499901726842
adult_core,2003,joint_dirichlet_0.3,B0,2,7,2224,557,True,True,0.992818671454219,0.4981981981981982,0.0,,,0.01379310344827589,"equal_opportunity_gap,equalized_odds_gap",1.628041994990781
adult_core,2003,joint_dirichlet_0.3,B0,2,8,2994,749,True,True,0.9118825100133512,0.49162895927601813,0.0026455026455026454,0.017543859649122806,0.017543859649122806,0.12119397025057399,,1.9591249874792993
adult_core,2003,joint_dirichlet_0.3,B0,2,9,6772,1694,True,True,0.9515938606847698,0.4994955609362389,0.0007147962830593281,,,0.05861329521086489,"equal_opportunity_gap,equalized_odds_gap",3.511124989017844
adult_core,2003,joint_dirichlet_0.3,B0,3,0,2697,675,True,False,0.7525925925925926,0.7327328466530257,0.4504389691305579,0.26954302945952213,0.26954302945952213,0.10082129708297938,,1.727208000374958
adult_core,2003,joint_dirichlet_0.3,B0,3,1,247,62,True,True,0.7741935483870968,0.4976851851851852,0.09090909090909091,0.09090909090909091,,0.8306595365418894,"equalized_odds_gap,false_positive_rate_gap",0.7229580078274012
adult_core,2003,joint_dirichlet_0.3,B0,3,2,908,227,True,True,0.7709251101321586,0.48606757227446884,0.061378320172290016,0.049999999999999996,0.049999999999999996,0.6349605168700646,,0.8707499946467578
adult_core,2003,joint_dirichlet_0.3,B0,3,3,2061,516,True,True,0.9593023255813954,0.4896142433234421,0.0,0.0,0.0,0.012390130255215515,,1.2672499869950116
adult_core,2003,joint_dirichlet_0.3,B0,3,4,516,130,True,False,0.7,0.6919618445835105,,,,,"comparison_groups,subgroup_accuracy_gap",0.8487919985782355
adult_core,2003,joint_dirichlet_0.3,B0,3,5,1683,421,True,False,0.9453681710213777,0.7408537401311388,0.40186602228487045,0.19324131366016184,,0.22237884279769093,"equalized_odds_gap,false_positive_rate_gap",1.190749986562878
adult_core,2003,joint_dirichlet_0.3,B0,3,6,403,101,True,False,0.594059405940594,0.5697662337662338,0.29108391608391615,0.1824686940966011,,0.15209790209790208,"equalized_odds_gap,false_positive_rate_gap",0.7908749976195395
adult_core,2003,joint_dirichlet_0.3,B0,3,7,2224,557,True,True,0.992818671454219,0.4981981981981982,0.0,,,0.01379310344827589,"equal_opportunity_gap,equalized_odds_gap",1.3364579936023802
adult_core,2003,joint_dirichlet_0.3,B0,3,8,2994,749,True,True,0.9118825100133512,0.49162895927601813,0.0026455026455026454,0.017543859649122806,0.017543859649122806,0.12119397025057399,,1.5662499936297536
adult_core,2003,joint_dirichlet_0.3,B0,3,9,6772,1694,True,True,0.9510035419126328,0.510416557852549,0.0028591851322373124,,,0.05932809149392426,"equal_opportunity_gap,equalized_odds_gap",2.4328749859705567
adult_core,2003,joint_dirichlet_0.3,B0,4,0,2697,675,True,False,0.6548148148148148,0.6473820739382226,0.316482582837723,0.11087914636975182,0.11087914636975182,0.2036250354007364,,1.5160830225795507
adult_core,2003,joint_dirichlet_0.3,B0,4,1,247,62,True,True,0.7741935483870968,0.4976851851851852,0.09090909090909091,0.09090909090909091,,0.8306595365418894,"equalized_odds_gap,false_positive_rate_gap",0.7316250121220946
adult_core,2003,joint_dirichlet_0.3,B0,4,2,908,227,True,True,0.775330396475771,0.5032396481441751,0.05635319454414932,0.016666666666666663,0.016666666666666663,0.6399856424982053,,0.9176250023301691
adult_core,2003,joint_dirichlet_0.3,B0,4,3,2061,516,True,True,0.9593023255813954,0.4896142433234421,0.0,0.0,0.0,0.012390130255215515,,1.3077090261504054
adult_core,2003,joint_dirichlet_0.3,B0,4,4,516,130,True,False,0.6230769230769231,0.6225185185185185,,,,,"comparison_groups,subgroup_accuracy_gap",0.8861660026013851
adult_core,2003,joint_dirichlet_0.3,B0,4,5,1683,421,True,False,0.8194774346793349,0.5963770309819356,0.46825077191569336,0.2363160399809614,,0.08363538730030873,"equalized_odds_gap,false_positive_rate_gap",1.2273750035092235
adult_core,2003,joint_dirichlet_0.3,B0,4,6,403,101,True,False,0.5841584158415841,0.5409090909090909,0.28234265734265734,0.17531305903398928,,0.229020979020979,"equalized_odds_gap,false_positive_rate_gap",0.8450000023003668
adult_core,2003,joint_dirichlet_0.3,B0,4,7,2224,557,True,True,0.992818671454219,0.4981981981981982,0.0,,,0.01379310344827589,"equal_opportunity_gap,equalized_odds_gap",1.2860829883720726
adult_core,2003,joint_dirichlet_0.3,B0,4,8,2994,749,True,True,0.9118825100133512,0.49162895927601813,0.0026455026455026454,0.017543859649122806,0.017543859649122806,0.12119397025057399,,1.5445000026375055
adult_core,2003,joint_dirichlet_0.3,B0,4,9,6772,1694,True,True,0.9510035419126328,0.521128295602004,0.00018415090682206417,,,0.05522346470239037,"equal_opportunity_gap,equalized_odds_gap",2.4337499926332384
adult_core,2003,joint_dirichlet_0.3,B0,5,0,2697,675,True,False,0.6251851851851852,0.6215671805508466,0.2984990087793826,0.1697981906750174,0.1697981906750174,0.20291702067403006,,1.4073749771341681
adult_core,2003,joint_dirichlet_0.3,B0,5,1,247,62,True,True,0.7741935483870968,0.4976851851851852,0.09090909090909091,0.09090909090909091,,0.8306595365418894,"equalized_odds_gap,false_positive_rate_gap",0.666000007186085
adult_core,2003,joint_dirichlet_0.3,B0,5,2,908,227,True,True,0.7797356828193832,0.5198815566835872,0.05132806891600861,0.016666666666666677,0.016666666666666677,0.645010768126346,,0.8500419789925218
adult_core,2003,joint_dirichlet_0.3,B0,5,3,2061,516,True,True,0.9593023255813954,0.4896142433234421,0.0,0.0,0.0,0.012390130255215515,,1.2149579997640103
adult_core,2003,joint_dirichlet_0.3,B0,5,4,516,130,True,False,0.6076923076923076,0.6076690928457305,,,,,"comparison_groups,subgroup_accuracy_gap",0.7691250066272914
adult_core,2003,joint_dirichlet_0.3,B0,5,5,1683,421,True,False,0.7244655581947743,0.5245346210764078,0.4200563834071688,0.22774869109947649,,0.035440998791784195,"equalized_odds_gap,false_positive_rate_gap",1.113375008571893
adult_core,2003,joint_dirichlet_0.3,B0,5,6,403,101,True,False,0.5841584158415841,0.5409090909090909,0.28234265734265734,0.17531305903398928,,0.229020979020979,"equalized_odds_gap,false_positive_rate_gap",0.8061670232564211
adult_core,2003,joint_dirichlet_0.3,B0,5,7,2224,557,True,True,0.992818671454219,0.4981981981981982,0.0,,,0.01379310344827589,"equal_opportunity_gap,equalized_odds_gap",1.2830830237362534
adult_core,2003,joint_dirichlet_0.3,B0,5,8,2994,749,True,True,0.9132176234979973,0.519478468568947,0.0052410901467505235,0.05263157894736842,0.05263157894736842,0.1132075471698114,,1.5274580218829215
adult_core,2003,joint_dirichlet_0.3,B0,5,9,6772,1694,True,True,0.9515938606847698,0.541908505698607,0.0023285397560000487,,,0.05450866841933111,"equal_opportunity_gap,equalized_odds_gap",2.4249579873867333
adult_core,2003,joint_dirichlet_0.3,B1,1,0,2697,675,True,True,0.7570370370370371,0.5411513081539941,0.1203625035400736,0.0020876826722338038,0.09176891615541927,0.34990087793826113,,1.7302499909419566
adult_core,2003,joint_dirichlet_0.3,B1,1,1,247,62,True,True,0.7580645161290323,0.43119266055045874,0.0,0.0,,0.9215686274509803,"equalized_odds_gap,false_positive_rate_gap",0.7566660060547292
adult_core,2003,joint_dirichlet_0.3,B1,1,2,908,227,True,True,0.7665198237885462,0.45176577808156754,0.03571428571428571,0.041666666666666664,0.041666666666666664,0.6706748025843503,,0.9786669979803264
adult_core,2003,joint_dirichlet_0.3,B1,1,3,2061,516,True,True,0.9593023255813954,0.4896142433234421,0.0,0.0,0.0,0.012390130255215515,,1.3563340180553496
adult_core,2003,joint_dirichlet_0.3,B1,1,4,516,130,True,False,0.7307692307692307,0.5454999500549396,,,,,"comparison_groups,subgroup_accuracy_gap",0.9763329871930182
adult_core,2003,joint_dirichlet_0.3,B1,1,5,1683,421,True,True,0.9596199524940617,0.4896969696969697,0.0,0.0,,0.4358974358974359,"equalized_odds_gap,false_positive_rate_gap",1.2569169921334833
adult_core,2003,joint_dirichlet_0.3,B1,1,6,403,101,True,True,0.801980198019802,0.7841880341880342,0.21853146853146854,0.07692307692307687,,0.13898601398601407,"equalized_odds_gap,false_positive_rate_gap",0.8158749842550606
adult_core,2003,joint_dirichlet_0.3,B1,1,7,2224,557,True,True,0.992818671454219,0.4981981981981982,0.0,,,0.01379310344827589,"equal_opportunity_gap,equalized_odds_gap",1.4357079926412553
adult_core,2003,joint_dirichlet_0.3,B1,1,8,2994,749,True,True,0.910547396528705,0.47658979734451434,0.0,0.0,0.0,0.12383947289607666,,1.8716670165304095
adult_core,2003,joint_dirichlet_0.3,B1,1,9,6772,1694,True,True,0.9510035419126328,0.4874432677760968,0.0,,,0.05932809149392426,"equal_opportunity_gap,equalized_odds_gap",3.242167003918439
adult_core,2003,joint_dirichlet_0.3,B1,2,0,2697,675,True,False,0.8711111111111111,0.8279781241486784,0.5628717077315208,0.1742055207608444,0.33256646216768915,0.03993203058623618,,1.5319160011131316
adult_core,2003,joint_dirichlet_0.3,B1,2,1,247,62,True,True,0.7741935483870968,0.4976851851851852,0.09090909090909091,0.09090909090909091,,0.8306595365418894,"equalized_odds_gap,false_positive_rate_gap",0.7122080132830888
adult_core,2003,joint_dirichlet_0.3,B1,2,2,908,227,True,True,0.7665198237885462,0.4683370895753237,0.06640344580043073,0.08333333333333333,0.08333333333333333,0.6299353912419239,,0.9076670103240758
adult_core,2003,joint_dirichlet_0.3,B1,2,3,2061,516,True,True,0.9593023255813954,0.4896142433234421,0.0,0.0,0.0,0.012390130255215515,,1.2632079888135195
adult_core,2003,joint_dirichlet_0.3,B1,2,4,516,130,True,False,0.7923076923076923,0.7545282886915169,,,,,"comparison_groups,subgroup_accuracy_gap",0.8087090100161731
adult_core,2003,joint_dirichlet_0.3,B1,2,5,1683,421,True,True,0.9786223277909739,0.8278118609406953,0.22815142972211033,0.002617801047120394,,0.20251040408108478,"equalized_odds_gap,false_positive_rate_gap",1.273750007385388
adult_core,2003,joint_dirichlet_0.3,B1,2,6,403,101,True,True,0.6534653465346535,0.6445449974861739,0.2001748251748252,0.019677996422182487,,0.2202797202797202,"equalized_odds_gap,false_positive_rate_gap",0.8165829931385815
adult_core,2003,joint_dirichlet_0.3,B1,2,7,2224,557,True,True,0.992818671454219,0.4981981981981982,0.0,,,0.01379310344827589,"equal_opportunity_gap,equalized_odds_gap",1.3492500002030283
adult_core,2003,joint_dirichlet_0.3,B1,2,8,2994,749,True,True,0.9118825100133512,0.49162895927601813,0.0026455026455026454,0.017543859649122806,0.017543859649122806,0.12119397025057399,,1.6041249909903854
adult_core,2003,joint_dirichlet_0.3,B1,2,9,6772,1694,True,True,0.9515938606847698,0.4994955609362389,0.0007147962830593281,,,0.05861329521086489,"equal_opportunity_gap,equalized_odds_gap",2.590416988823563
adult_core,2003,joint_dirichlet_0.3,B1,3,0,2697,675,True,False,0.7525925925925926,0.7327328466530257,0.4504389691305579,0.26954302945952213,0.26954302945952213,0.10082129708297938,,1.502166996942833
adult_core,2003,joint_dirichlet_0.3,B1,3,1,247,62,True,True,0.7741935483870968,0.4976851851851852,0.09090909090909091,0.09090909090909091,,0.8306595365418894,"equalized_odds_gap,false_positive_rate_gap",0.6905420159455389
adult_core,2003,joint_dirichlet_0.3,B1,3,2,908,227,True,True,0.7709251101321586,0.48606757227446884,0.061378320172290016,0.049999999999999996,0.049999999999999996,0.6349605168700646,,0.8847919816616923
adult_core,2003,joint_dirichlet_0.3,B1,3,3,2061,516,True,True,0.9593023255813954,0.4896142433234421,0.0,0.0,0.0,0.012390130255215515,,1.2578330060932785
adult_core,2003,joint_dirichlet_0.3,B1,3,4,516,130,True,False,0.7,0.6919618445835105,,,,,"comparison_groups,subgroup_accuracy_gap",0.8292080019600689
adult_core,2003,joint_dirichlet_0.3,B1,3,5,1683,421,True,False,0.9453681710213777,0.7408537401311388,0.40186602228487045,0.19324131366016184,,0.22237884279769093,"equalized_odds_gap,false_positive_rate_gap",1.1601250153034925
adult_core,2003,joint_dirichlet_0.3,B1,3,6,403,101,True,False,0.594059405940594,0.5697662337662338,0.29108391608391615,0.1824686940966011,,0.15209790209790208,"equalized_odds_gap,false_positive_rate_gap",0.7475409947801381
adult_core,2003,joint_dirichlet_0.3,B1,3,7,2224,557,True,True,0.992818671454219,0.4981981981981982,0.0,,,0.01379310344827589,"equal_opportunity_gap,equalized_odds_gap",1.3169580197427422
adult_core,2003,joint_dirichlet_0.3,B1,3,8,2994,749,True,True,0.9118825100133512,0.49162895927601813,0.0026455026455026454,0.017543859649122806,0.017543859649122806,0.12119397025057399,,1.5930420195218176
adult_core,2003,joint_dirichlet_0.3,B1,3,9,6772,1694,True,True,0.9510035419126328,0.510416557852549,0.0028591851322373124,,,0.05932809149392426,"equal_opportunity_gap,equalized_odds_gap",2.44604199542664
adult_core,2003,joint_dirichlet_0.3,B1,4,0,2697,675,True,False,0.6548148148148148,0.6473820739382226,0.316482582837723,0.11087914636975182,0.11087914636975182,0.2036250354007364,,1.4700840110890567
adult_core,2003,joint_dirichlet_0.3,B1,4,1,247,62,True,True,0.7741935483870968,0.4976851851851852,0.09090909090909091,0.09090909090909091,,0.8306595365418894,"equalized_odds_gap,false_positive_rate_gap",0.703292025718838
adult_core,2003,joint_dirichlet_0.3,B1,4,2,908,227,True,True,0.775330396475771,0.5032396481441751,0.05635319454414932,0.016666666666666663,0.016666666666666663,0.6399856424982053,,0.9252500021830201
adult_core,2003,joint_dirichlet_0.3,B1,4,3,2061,516,True,True,0.9593023255813954,0.4896142433234421,0.0,0.0,0.0,0.012390130255215515,,1.262500009033829
adult_core,2003,joint_dirichlet_0.3,B1,4,4,516,130,True,False,0.6230769230769231,0.6225185185185185,,,,,"comparison_groups,subgroup_accuracy_gap",0.8304579823743552
adult_core,2003,joint_dirichlet_0.3,B1,4,5,1683,421,True,False,0.8194774346793349,0.5963770309819356,0.46825077191569336,0.2363160399809614,,0.08363538730030873,"equalized_odds_gap,false_positive_rate_gap",1.199874997837469
adult_core,2003,joint_dirichlet_0.3,B1,4,6,403,101,True,False,0.5841584158415841,0.5409090909090909,0.28234265734265734,0.17531305903398928,,0.229020979020979,"equalized_odds_gap,false_positive_rate_gap",0.744916993426159
adult_core,2003,joint_dirichlet_0.3,B1,4,7,2224,557,True,True,0.992818671454219,0.4981981981981982,0.0,,,0.01379310344827589,"equal_opportunity_gap,equalized_odds_gap",1.3192500045988709
adult_core,2003,joint_dirichlet_0.3,B1,4,8,2994,749,True,True,0.9118825100133512,0.49162895927601813,0.0026455026455026454,0.017543859649122806,0.017543859649122806,0.12119397025057399,,1.5843749861232936
adult_core,2003,joint_dirichlet_0.3,B1,4,9,6772,1694,True,True,0.9510035419126328,0.521128295602004,0.00018415090682206417,,,0.05522346470239037,"equal_opportunity_gap,equalized_odds_gap",2.5851670070551336
adult_core,2003,joint_dirichlet_0.3,B1,5,0,2697,675,True,False,0.6251851851851852,0.6215671805508466,0.2984990087793826,0.1697981906750174,0.1697981906750174,0.20291702067403006,,1.5125000209081918
adult_core,2003,joint_dirichlet_0.3,B1,5,1,247,62,True,True,0.7741935483870968,0.4976851851851852,0.09090909090909091,0.09090909090909091,,0.8306595365418894,"equalized_odds_gap,false_positive_rate_gap",0.713415996870026
adult_core,2003,joint_dirichlet_0.3,B1,5,2,908,227,True,True,0.7797356828193832,0.5198815566835872,0.05132806891600861,0.016666666666666677,0.016666666666666677,0.645010768126346,,1.0512080043554306
adult_core,2003,joint_dirichlet_0.3,B1,5,3,2061,516,True,True,0.9593023255813954,0.4896142433234421,0.0,0.0,0.0,0.012390130255215515,,1.3704999873880297
adult_core,2003,joint_dirichlet_0.3,B1,5,4,516,130,True,False,0.6076923076923076,0.6076690928457305,,,,,"comparison_groups,subgroup_accuracy_gap",0.8160419820342213
adult_core,2003,joint_dirichlet_0.3,B1,5,5,1683,421,True,False,0.7244655581947743,0.5245346210764078,0.4200563834071688,0.22774869109947649,,0.035440998791784195,"equalized_odds_gap,false_positive_rate_gap",1.2353330093901604
adult_core,2003,joint_dirichlet_0.3,B1,5,6,403,101,True,False,0.5841584158415841,0.5409090909090909,0.28234265734265734,0.17531305903398928,,0.229020979020979,"equalized_odds_gap,false_positive_rate_gap",0.8427919819951057
adult_core,2003,joint_dirichlet_0.3,B1,5,7,2224,557,True,True,0.992818671454219,0.4981981981981982,0.0,,,0.01379310344827589,"equal_opportunity_gap,equalized_odds_gap",1.40004200511612
adult_core,2003,joint_dirichlet_0.3,B1,5,8,2994,749,True,True,0.9132176234979973,0.519478468568947,0.0052410901467505235,0.05263157894736842,0.05263157894736842,0.1132075471698114,,1.6600420058239251
adult_core,2003,joint_dirichlet_0.3,B1,5,9,6772,1694,True,True,0.9515938606847698,0.541908505698607,0.0023285397560000487,,,0.05450866841933111,"equal_opportunity_gap,equalized_odds_gap",2.6190420030616224
adult_core,2003,joint_dirichlet_0.3,B3,1,0,2697,675,True,True,0.7570370370370371,0.5411513081539941,0.1203625035400736,0.0020876826722338038,0.09176891615541927,0.34990087793826113,,1.5597919991705567
adult_core,2003,joint_dirichlet_0.3,B3,1,1,247,62,True,True,0.7580645161290323,0.43119266055045874,0.0,0.0,,0.9215686274509803,"equalized_odds_gap,false_positive_rate_gap",0.6831249920651317
adult_core,2003,joint_dirichlet_0.3,B3,1,2,908,227,True,True,0.7665198237885462,0.45176577808156754,0.03571428571428571,0.041666666666666664,0.041666666666666664,0.6706748025843503,,0.8753750007599592
adult_core,2003,joint_dirichlet_0.3,B3,1,3,2061,516,True,True,0.9593023255813954,0.4896142433234421,0.0,0.0,0.0,0.012390130255215515,,1.3162909890525043
adult_core,2003,joint_dirichlet_0.3,B3,1,4,516,130,True,False,0.7307692307692307,0.5454999500549396,,,,,"comparison_groups,subgroup_accuracy_gap",0.8065830043051392
adult_core,2003,joint_dirichlet_0.3,B3,1,5,1683,421,True,True,0.9596199524940617,0.4896969696969697,0.0,0.0,,0.4358974358974359,"equalized_odds_gap,false_positive_rate_gap",1.1091670021414757
adult_core,2003,joint_dirichlet_0.3,B3,1,6,403,101,True,True,0.801980198019802,0.7841880341880342,0.21853146853146854,0.07692307692307687,,0.13898601398601407,"equalized_odds_gap,false_positive_rate_gap",0.7395829888992012
adult_core,2003,joint_dirichlet_0.3,B3,1,7,2224,557,True,True,0.992818671454219,0.4981981981981982,0.0,,,0.01379310344827589,"equal_opportunity_gap,equalized_odds_gap",1.2816670059692115
adult_core,2003,joint_dirichlet_0.3,B3,1,8,2994,749,True,True,0.910547396528705,0.47658979734451434,0.0,0.0,0.0,0.12383947289607666,,1.5305829874705523
adult_core,2003,joint_dirichlet_0.3,B3,1,9,6772,1694,True,True,0.9510035419126328,0.4874432677760968,0.0,,,0.05932809149392426,"equal_opportunity_gap,equalized_odds_gap",2.5010000099428
adult_core,2003,joint_dirichlet_0.3,B3,2,0,2697,675,True,False,0.8696296296296296,0.8290076687469774,0.5488530161427357,0.16376710739967526,0.3080265848670756,0.04148966298499002,,1.536958006909117
adult_core,2003,joint_dirichlet_0.3,B3,2,1,247,62,True,True,0.7741935483870968,0.4976851851851852,0.09090909090909091,0.09090909090909091,,0.8306595365418894,"equalized_odds_gap,false_positive_rate_gap",0.7084579847287387
adult_core,2003,joint_dirichlet_0.3,B3,2,2,908,227,True,True,0.7665198237885462,0.4683370895753237,0.06640344580043073,0.08333333333333333,0.08333333333333333,0.6299353912419239,,0.8836670021992177
adult_core,2003,joint_dirichlet_0.3,B3,2,3,2061,516,True,True,0.9593023255813954,0.4896142433234421,0.0,0.0,0.0,0.012390130255215515,,1.223500003106892
adult_core,2003,joint_dirichlet_0.3,B3,2,4,516,130,True,False,0.8,0.7652777777777777,,,,,"comparison_groups,subgroup_accuracy_gap",0.793084007455036
adult_core,2003,joint_dirichlet_0.3,B3,2,5,1683,421,True,True,0.9762470308788599,0.8152860652860653,0.253792455363136,0.04283674440742502,,0.22815142972211033,"equalized_odds_gap,false_positive_rate_gap",1.1906659929081798
adult_core,2003,joint_dirichlet_0.3,B3,2,6,403,101,True,True,0.6435643564356436,0.6331719128329298,0.21153846153846156,0.042933810375670844,,0.20891608391608385,"equalized_odds_gap,false_positive_rate_gap",0.9369170002173632
adult_core,2003,joint_dirichlet_0.3,B3,2,7,2224,557,True,True,0.992818671454219,0.4981981981981982,0.0,,,0.01379310344827589,"equal_opportunity_gap,equalized_odds_gap",1.3328749919310212
adult_core,2003,joint_dirichlet_0.3,B3,2,8,2994,749,True,True,0.9118825100133512,0.49162895927601813,0.0026455026455026454,0.017543859649122806,0.017543859649122806,0.12119397025057399,,1.5296250057872385
adult_core,2003,joint_dirichlet_0.3,B3,2,9,6772,1694,True,True,0.9515938606847698,0.4994955609362389,0.0007147962830593281,,,0.05861329521086489,"equal_opportunity_gap,equalized_odds_gap",2.415040973573923
adult_core,2003,joint_dirichlet_0.3,B3,3,0,2697,675,True,False,0.6666666666666666,0.6579091406677613,0.33205890682526196,0.12966829041985617,0.12966829041985617,0.19116397621070524,,1.423541019903496
adult_core,2003,joint_dirichlet_0.3,B3,3,1,247,62,True,True,0.7741935483870968,0.4976851851851852,0.09090909090909091,0.09090909090909091,,0.8306595365418894,"equalized_odds_gap,false_positive_rate_gap",0.6637499900534749
adult_core,2003,joint_dirichlet_0.3,B3,3,2,908,227,True,True,0.7665198237885462,0.4683370895753237,0.06640344580043073,0.08333333333333333,0.08333333333333333,0.6299353912419239,,0.8561669965274632
adult_core,2003,joint_dirichlet_0.3,B3,3,3,2061,516,True,True,0.9593023255813954,0.4896142433234421,0.0,0.0,0.0,0.012390130255215515,,1.237916003447026
adult_core,2003,joint_dirichlet_0.3,B3,3,4,516,130,True,False,0.6384615384615384,0.637925925925926,,,,,"comparison_groups,subgroup_accuracy_gap",0.7897079922258854
adult_core,2003,joint_dirichlet_0.3,B3,3,5,1683,421,True,False,0.8812351543942993,0.6546916010498688,0.45677272117062695,0.21085197524988109,,0.12343938783729358,"equalized_odds_gap,false_positive_rate_gap",1.1607919877860695
adult_core,2003,joint_dirichlet_0.3,B3,3,6,403,101,True,False,0.5742574257425742,0.5267516617631034,0.20541958041958042,0.09838998211091235,,0.30594405594405594,"equalized_odds_gap,false_positive_rate_gap",0.8031250035855919
adult_core,2003,joint_dirichlet_0.3,B3,3,7,2224,557,True,True,0.992818671454219,0.4981981981981982,0.0,,,0.01379310344827589,"equal_opportunity_gap,equalized_odds_gap",1.4019579975865781
adult_core,2003,joint_dirichlet_0.3,B3,3,8,2994,749,True,True,0.9118825100133512,0.49162895927601813,0.0026455026455026454,0.017543859649122806,0.017543859649122806,0.12119397025057399,,1.5749590238556266
adult_core,2003,joint_dirichlet_0.3,B3,3,9,6772,1694,True,True,0.9515938606847698,0.4994955609362389,0.0007147962830593281,,,0.05861329521086489,"equal_opportunity_gap,equalized_odds_gap",2.4897500115912408
adult_core,2003,joint_dirichlet_0.3,B3,4,0,2697,675,True,False,0.47703703703703704,0.4751940972413413,0.16525063721325403,0.06796566921827885,0.06796566921827885,0.3268195978476352,,1.523790997453034
adult_core,2003,joint_dirichlet_0.3,B3,4,1,247,62,True,True,0.7580645161290323,0.43119266055045874,0.0,0.0,,0.9215686274509803,"equalized_odds_gap,false_positive_rate_gap",0.7154170016292483
adult_core,2003,joint_dirichlet_0.3,B3,4,2,908,227,True,True,0.7665198237885462,0.45176577808156754,0.03571428571428571,0.041666666666666664,0.041666666666666664,0.6706748025843503,,0.8920410182327032
adult_core,2003,joint_dirichlet_0.3,B3,4,3,2061,516,True,True,0.9593023255813954,0.4896142433234421,0.0,0.0,0.0,0.012390130255215515,,1.3315409887582064
adult_core,2003,joint_dirichlet_0.3,B3,4,4,516,130,True,False,0.49230769230769234,0.4844989185291997,,,,,"comparison_groups,subgroup_accuracy_gap",0.9727499855216593
adult_core,2003,joint_dirichlet_0.3,B3,4,5,1683,421,True,False,0.5938242280285035,0.44870390933108706,0.4403946838501812,0.32151356496906236,,0.004497247952745309,"equalized_odds_gap,false_positive_rate_gap",1.2388339964672923
adult_core,2003,joint_dirichlet_0.3,B3,4,6,403,101,True,False,0.5148514851485149,0.4348521183053557,0.09702797202797203,0.037567084078711996,,0.4143356643356644,"equalized_odds_gap,false_positive_rate_gap",0.8213339897338301
adult_core,2003,joint_dirichlet_0.3,B3,4,7,2224,557,True,True,0.992818671454219,0.4981981981981982,0.0,,,0.01379310344827589,"equal_opportunity_gap,equalized_odds_gap",1.4377079787664115
adult_core,2003,joint_dirichlet_0.3,B3,4,8,2994,749,True,True,0.910547396528705,0.47658979734451434,0.0,0.0,0.0,0.12383947289607666,,1.69404101325199
adult_core,2003,joint_dirichlet_0.3,B3,4,9,6772,1694,True,True,0.9515938606847698,0.4994955609362389,0.0007147962830593281,,,0.05861329521086489,"equal_opportunity_gap,equalized_odds_gap",2.5589169817976654
adult_core,2003,joint_dirichlet_0.3,B3,5,0,2697,675,True,False,0.4014814814814815,0.38990012886597936,0.11455678278108183,0.0726049640454651,0.0726049640454651,0.37439818748229964,,1.433375000488013
adult_core,2003,joint_dirichlet_0.3,B3,5,1,247,62,True,True,0.7580645161290323,0.43119266055045874,0.0,0.0,,0.9215686274509803,"equalized_odds_gap,false_positive_rate_gap",0.6765410071238875
adult_core,2003,joint_dirichlet_0.3,B3,5,2,908,227,True,True,0.7665198237885462,0.45176577808156754,0.03571428571428571,0.041666666666666664,0.041666666666666664,0.6706748025843503,,0.860416010254994
adult_core,2003,joint_dirichlet_0.3,B3,5,3,2061,516,True,True,0.9593023255813954,0.4896142433234421,0.0,0.0,0.0,0.012390130255215515,,1.2110420211683959
adult_core,2003,joint_dirichlet_0.3,B3,5,4,516,130,True,False,0.4076923076923077,0.3766735164082446,,,,,"comparison_groups,subgroup_accuracy_gap",0.7679160044062883
adult_core,2003,joint_dirichlet_0.3,B3,5,5,1683,421,True,False,0.3847980997624703,0.32213705340768506,0.26654584507987644,0.1872917658257972,,0.1693515908175594,"equalized_odds_gap,false_positive_rate_gap",1.1205420014448464
adult_core,2003,joint_dirichlet_0.3,B3,5,6,403,101,True,False,0.5148514851485149,0.4348521183053557,0.09702797202797203,0.037567084078711996,,0.4143356643356644,"equalized_odds_gap,false_positive_rate_gap",0.7195410144049674
adult_core,2003,joint_dirichlet_0.3,B3,5,7,2224,557,True,True,0.992818671454219,0.4981981981981982,0.0,,,0.01379310344827589,"equal_opportunity_gap,equalized_odds_gap",1.3394589768722653
adult_core,2003,joint_dirichlet_0.3,B3,5,8,2994,749,True,True,0.910547396528705,0.47658979734451434,0.0,0.0,0.0,0.12383947289607666,,1.5314169868361205
adult_core,2003,joint_dirichlet_0.3,B3,5,9,6772,1694,True,True,0.9515938606847698,0.4994955609362389,0.0007147962830593281,,,0.05861329521086489,"equal_opportunity_gap,equalized_odds_gap",2.389166009379551
adult_core,2004,iid,B0,1,0,2051,513,True,True,0.7602339181286549,0.4754208754208754,0.019943019943019943,0.05555555555555555,0.05555555555555555,0.1699905033238367,,1.4009170117788017
adult_core,2004,iid,B0,1,1,2051,513,True,True,0.7719298245614035,0.49464085746280595,0.019690404640436088,0.007214206437291898,0.00823045267489712,0.19183730519253617,,1.2686250265687704
adult_core,2004,iid,B0,1,2,2051,513,True,True,0.7660818713450293,0.5095914855649736,0.025803883562355058,0.03745851114272167,0.03745851114272167,0.18701325672354718,,1.2402080174069852
adult_core,2004,iid,B0,1,3,2051,513,True,True,0.7543859649122807,0.45922294357807375,0.014326647564469915,0.036036036036036036,0.036036036036036036,0.1996994898315746,,1.223416009452194
adult_core,2004,iid,B0,1,4,2051,513,True,True,0.7602339181286549,0.560141649181265,0.019202898550724642,0.026029526029526046,0.026029526029526046,0.1529503105590062,,1.2200420023873448
adult_core,2004,iid,B0,1,5,2051,513,True,True,0.7699805068226121,0.47336094097995546,0.014245014245014245,0.04854368932038835,0.04854368932038835,0.15574548907882246,,1.2005410098936409
adult_core,2004,iid,B0,1,6,2051,513,True,True,0.7699805068226121,0.5233843537414966,0.015595495009441601,0.006164058795637736,0.006369426751592357,0.19446317777178312,,1.1952919885516167
adult_core,2004,iid,B0,1,7,2050,513,True,True,0.7699805068226121,0.4935579947794659,0.02586206896551724,0.07476635514018691,0.07476635514018691,0.17826541274817131,,1.1888330045621842
adult_core,2004,iid,B0,1,8,2050,513,True,True,0.7699805068226121,0.5233843537414966,0.025415784174160617,0.019432773109243698,0.019432773109243698,0.20646852539842364,,1.180040999315679
adult_core,2004,iid,B0,1,9,2050,513,True,True,0.7660818713450293,0.47149725274725274,0.0029239766081871343,0.008403361344537813,0.008403361344537813,0.16666666666666663,,1.2667909904848784
adult_core,2004,iid,B0,2,0,2051,513,True,True,0.7621832358674464,0.4829312623925975,0.022792022792022793,0.06481481481481481,0.06481481481481481,0.16714150047483378,,1.197708013933152
adult_core,2004,iid,B0,2,1,2051,513,True,True,0.7738791423001949,0.5021417575798139,0.022555734153330072,0.01664816870144284,0.01664816870144284,0.1889719756796422,,1.2008339981548488
adult_core,2004,iid,B0,2,2,2051,513,True,True,0.7641325536062378,0.5084066556320237,0.02869405697275968,0.03745851114272167,0.03745851114272167,0.18990343013395183,,1.197000005049631
adult_core,2004,iid,B0,2,3,2051,513,True,True,0.7582846003898636,0.47445472571050895,0.011094416101754141,0.01051051051051051,0.01051051051051051,0.20293172129429038,,1.1813330056611449
adult_core,2004,iid,B0,2,4,2051,513,True,True,0.7543859649122807,0.5427678116688359,0.010507246376811594,0.00038850038850041235,0.018625330449411198,0.1616459627329193,,1.1827920097857714
adult_core,2004,iid,B0,2,5,2051,513,True,True,0.7738791423001949,0.49572910311165347,0.02564102564102564,0.07766990291262135,0.07766990291262135,0.15004748338081675,,1.1812910088337958
adult_core,2004,iid,B0,2,6,2051,513,True,True,0.7680311890838206,0.5165321654562878,0.012628135958996495,0.01517306780464675,0.01517306780464675,0.19743053682222822,,1.1816250043921173
adult_core,2004,iid,B0,2,7,2050,513,True,True,0.7699805068226121,0.4935579947794659,0.02586206896551724,0.07476635514018691,0.07476635514018691,0.17826541274817131,,1.1862079845741391
adult_core,2004,iid,B0,2,8,2050,513,True,True,0.7719298245614035,0.5301499080198834,0.028297628554564077,0.010504201680672273,0.010504201680672273,0.20358668101802024,,1.1717080196831375
adult_core,2004,iid,B0,2,9,2050,513,True,True,0.7660818713450293,0.4849742319791178,0.014619883040935672,0.011204481792717089,0.011204481792717089,0.16666666666666663,,1.1762920184992254
adult_core,2004,iid,B0,3,0,2051,513,True,True,0.7621832358674464,0.4892773207990599,0.02849002849002849,0.07407407407407407,0.07407407407407407,0.16714150047483378,,1.1858330108225346
adult_core,2004,iid,B0,3,1,2051,513,True,True,0.7738791423001949,0.5021417575798139,0.022555734153330072,0.01664816870144284,0.01664816870144284,0.1889719756796422,,1.1704999778885394
adult_core,2004,iid,B0,3,2,2051,513,True,True,0.7660818713450293,0.5153061224489796,0.03158423038316431,0.04646752015173068,0.04646752015173068,0.18701325672354718,,1.2044580071233213
adult_core,2004,iid,B0,3,3,2051,513,True,True,0.7582846003898636,0.4809048178613396,0.016825075127542104,0.0015015015015014954,0.008403361344537815,0.20293172129429038,,1.170957984868437
adult_core,2004,iid,B0,3,4,2051,513,True,True,0.7524366471734892,0.536848914828427,0.016459627329192546,0.045843045843045854,0.045843045843045854,0.15569358178053827,,1.161125022917986
adult_core,2004,iid,B0,3,5,2051,513,True,True,0.7777777777777778,0.510725520380162,0.03133903133903134,0.0970873786407767,0.0970873786407767,0.14434947768281103,,1.1685000208672136
adult_core,2004,iid,B0,3,6,2051,513,True,True,0.7699805068226121,0.5233843537414966,0.015595495009441601,0.006164058795637736,0.006369426751592357,0.19446317777178312,,1.1959170224145055
adult_core,2004,iid,B0,3,7,2050,513,True,True,0.7719298245614035,0.501010101010101,0.028735632183908046,0.08411214953271028,0.08411214953271028,0.17539184952978049,,1.164750021416694
adult_core,2004,iid,B0,3,8,2050,513,True,True,0.7758284600389863,0.543428292818834,0.03406131731537099,0.00735294117647059,0.00851063829787234,0.19782299225721323,,1.1550000053830445
adult_core,2004,iid,B0,3,9,2050,513,True,True,0.7699805068226121,0.4998843357567746,0.02046783625730994,0.03081232492997199,0.03081232492997199,0.1608187134502923,,1.1595420073717833
adult_core,2004,iid,B0,4,0,2051,513,True,True,0.7719298245614035,0.5246576752805518,0.042735042735042736,0.12037037037037036,0.12037037037037036,0.15289648622981955,,1.1798340128734708
adult_core,2004,iid,B0,4,1,2051,513,True,True,0.7758284600389863,0.5095398428731762,0.025421063666224056,0.02608213096559378,0.02608213096559378,0.1861066461667482,,1.1714169813785702
adult_core,2004,iid,B0,4,2,2051,513,True,True,0.7680311890838206,0.5221182825159497,0.034474403793568933,0.055476529160739696,0.055476529160739696,0.18412308331314253,,1.1803749948740005
adult_core,2004,iid,B0,4,3,2051,513,True,True,0.7602339181286549,0.48821912030691117,0.019690404640436088,0.007507507507507505,0.008403361344537815,0.2000663917813963,,1.1639159929472953
adult_core,2004,iid,B0,4,4,2051,513,True,True,0.7543859649122807,0.5427678116688359,0.010507246376811594,0.00038850038850041235,0.018625330449411198,0.1616459627329193,,1.1580829741433263
adult_core,2004,iid,B0,4,5,2051,513,True,True,0.7816764132553606,0.5253139458030404,0.037037037037037035,0.11650485436893204,0.11650485436893204,0.13865147198480532,,1.169416995253414
adult_core,2004,iid,B0,4,6,2051,513,True,True,0.7680311890838206,0.5221182825159497,0.018562854059886703,0.006164058795637736,0.006164058795637736,0.19743053682222822,,1.164082990726456
adult_core,2004,iid,B0,4,7,2050,513,True,True,0.7738791423001949,0.5083608724388632,0.031609195402298854,0.09345794392523364,0.09345794392523364,0.17251828631138977,,1.1642499885056168
adult_core,2004,iid,B0,4,8,2050,513,True,True,0.7758284600389863,0.5534910122989594,0.0366827540710392,0.02521008403361344,0.02521008403361344,0.1889170514912677,,1.156499987700954
adult_core,2004,iid,B0,4,9,2050,513,True,True,0.7738791423001949,0.5143948296122209,0.02631578947368421,0.05042016806722689,0.05042016806722689,0.1549707602339181,,1.1650419910438359
adult_core,2004,iid,B0,5,0,2051,513,True,True,0.7758284600389863,0.538181533523817,0.03941120607787275,0.07962962962962962,0.07962962962962962,0.15622032288698962,,1.1864999833051115
adult_core,2004,iid,B0,5,1,2051,513,True,True,0.7738791423001949,0.5083608724388632,0.02828639317911804,0.02608213096559378,0.02608213096559378,0.1889719756796422,,1.1700830073095858
adult_core,2004,iid,B0,5,2,2051,513,True,True,0.7699805068226121,0.5341531736748137,0.034266726662282365,0.011853959222380278,0.01276595744680851,0.19011110726523828,,1.1651249951682985
adult_core,2004,iid,B0,5,3,2051,513,True,True,0.7621832358674464,0.495436955820703,0.022555734153330072,0.01651651651651652,0.01651651651651652,0.19720106226850231,,1.1855839984491467
adult_core,2004,iid,B0,5,4,2051,513,True,True,0.7543859649122807,0.5427678116688359,0.010507246376811594,0.00038850038850041235,0.018625330449411198,0.1616459627329193,,1.2022910232190043
adult_core,2004,iid,B0,5,5,2051,513,True,True,0.7777777777777778,0.5227673325499412,0.033713200379867046,0.11650485436893204,0.11650485436893204,0.13532763532763525,,1.168082992080599
adult_core,2004,iid,B0,5,6,2051,513,True,True,0.7719298245614035,0.5354879153026398,0.024497572160776908,0.011853959222380278,0.011853959222380278,0.19149581872133803,,1.1805410031229258
adult_core,2004,iid,B0,5,7,2050,513,True,True,0.7777777777777778,0.5285230570783619,0.04310344827586207,0.12149532710280374,0.12149532710280374,0.1667711598746081,,1.1748749820981175
adult_core,2004,iid,B0,5,8,2050,513,True,True,0.7758284600389863,0.5534910122989594,0.0366827540710392,0.02521008403361344,0.02521008403361344,0.1889170514912677,,1.1914159986190498
adult_core,2004,iid,B0,5,9,2050,513,True,True,0.7738791423001949,0.5143948296122209,0.02631578947368421,0.05042016806722689,0.05042016806722689,0.1549707602339181,,1.1722909985110164
adult_core,2004,iid,B1,1,0,2051,513,True,True,0.7602339181286549,0.4754208754208754,0.019943019943019943,0.05555555555555555,0.05555555555555555,0.1699905033238367,,1.3577089994214475
adult_core,2004,iid,B1,1,1,2051,513,True,True,0.7719298245614035,0.49464085746280595,0.019690404640436088,0.007214206437291898,0.00823045267489712,0.19183730519253617,,1.271916989935562
adult_core,2004,iid,B1,1,2,2051,513,True,True,0.7660818713450293,0.5095914855649736,0.025803883562355058,0.03745851114272167,0.03745851114272167,0.18701325672354718,,1.2559159949887544
adult_core,2004,iid,B1,1,3,2051,513,True,True,0.7543859649122807,0.45922294357807375,0.014326647564469915,0.036036036036036036,0.036036036036036036,0.1996994898315746,,1.2343749986030161
adult_core,2004,iid,B1,1,4,2051,513,True,True,0.7602339181286549,0.560141649181265,0.019202898550724642,0.026029526029526046,0.026029526029526046,0.1529503105590062,,1.2234169989824295
adult_core,2004,iid,B1,1,5,2051,513,True,True,0.7699805068226121,0.47336094097995546,0.014245014245014245,0.04854368932038835,0.04854368932038835,0.15574548907882246,,1.2142079940531403
adult_core,2004,iid,B1,1,6,2051,513,True,True,0.7699805068226121,0.5233843537414966,0.015595495009441601,0.006164058795637736,0.006369426751592357,0.19446317777178312,,1.1973340006079525
adult_core,2004,iid,B1,1,7,2050,513,True,True,0.7699805068226121,0.4935579947794659,0.02586206896551724,0.07476635514018691,0.07476635514018691,0.17826541274817131,,1.189750008052215
adult_core,2004,iid,B1,1,8,2050,513,True,True,0.7699805068226121,0.5233843537414966,0.025415784174160617,0.019432773109243698,0.019432773109243698,0.20646852539842364,,1.2109999952372164
adult_core,2004,iid,B1,1,9,2050,513,True,True,0.7660818713450293,0.47149725274725274,0.0029239766081871343,0.008403361344537813,0.008403361344537813,0.16666666666666663,,1.1844169930554926
adult_core,2004,iid,B1,2,0,2051,513,True,True,0.7621832358674464,0.4829312623925975,0.022792022792022793,0.06481481481481481,0.06481481481481481,0.16714150047483378,,1.2616250023711473
adult_core,2004,iid,B1,2,1,2051,513,True,True,0.7738791423001949,0.5021417575798139,0.022555734153330072,0.01664816870144284,0.01664816870144284,0.1889719756796422,,1.217624987475574
adult_core,2004,iid,B1,2,2,2051,513,True,True,0.7641325536062378,0.5084066556320237,0.02869405697275968,0.03745851114272167,0.03745851114272167,0.18990343013395183,,1.3507080147974193
adult_core,2004,iid,B1,2,3,2051,513,True,True,0.7582846003898636,0.47445472571050895,0.011094416101754141,0.01051051051051051,0.01051051051051051,0.20293172129429038,,1.2839999981224537
adult_core,2004,iid,B1,2,4,2051,513,True,True,0.7543859649122807,0.5427678116688359,0.010507246376811594,0.00038850038850041235,0.018625330449411198,0.1616459627329193,,1.1996670218650252
adult_core,2004,iid,B1,2,5,2051,513,True,True,0.7738791423001949,0.49572910311165347,0.02564102564102564,0.07766990291262135,0.07766990291262135,0.15004748338081675,,1.1774169979617
adult_core,2004,iid,B1,2,6,2051,513,True,True,0.7680311890838206,0.5165321654562878,0.012628135958996495,0.01517306780464675,0.01517306780464675,0.19743053682222822,,1.2112919939681888
adult_core,2004,iid,B1,2,7,2050,513,True,True,0.7699805068226121,0.4935579947794659,0.02586206896551724,0.07476635514018691,0.07476635514018691,0.17826541274817131,,1.2195839954074472
adult_core,2004,iid,B1,2,8,2050,513,True,True,0.7719298245614035,0.5301499080198834,0.028297628554564077,0.010504201680672273,0.010504201680672273,0.20358668101802024,,1.3783339818473905
adult_core,2004,iid,B1,2,9,2050,513,True,True,0.7660818713450293,0.4849742319791178,0.014619883040935672,0.011204481792717089,0.011204481792717089,0.16666666666666663,,1.225957996211946
adult_core,2004,iid,B1,3,0,2051,513,True,True,0.7621832358674464,0.4892773207990599,0.02849002849002849,0.07407407407407407,0.07407407407407407,0.16714150047483378,,1.211124996189028
adult_core,2004,iid,B1,3,1,2051,513,True,True,0.7738791423001949,0.5021417575798139,0.022555734153330072,0.01664816870144284,0.01664816870144284,0.1889719756796422,,1.1812080047093332
adult_core,2004,iid,B1,3,2,2051,513,True,True,0.7660818713450293,0.5153061224489796,0.03158423038316431,0.04646752015173068,0.04646752015173068,0.18701325672354718,,1.1968750040978193
adult_core,2004,iid,B1,3,3,2051,513,True,True,0.7582846003898636,0.4809048178613396,0.016825075127542104,0.0015015015015014954,0.008403361344537815,0.20293172129429038,,1.1672090040519834
adult_core,2004,iid,B1,3,4,2051,513,True,True,0.7524366471734892,0.536848914828427,0.016459627329192546,0.045843045843045854,0.045843045843045854,0.15569358178053827,,1.1704580101650208
adult_core,2004,iid,B1,3,5,2051,513,True,True,0.7777777777777778,0.510725520380162,0.03133903133903134,0.0970873786407767,0.0970873786407767,0.14434947768281103,,1.2199170014355332
adult_core,2004,iid,B1,3,6,2051,513,True,True,0.7699805068226121,0.5233843537414966,0.015595495009441601,0.006164058795637736,0.006369426751592357,0.19446317777178312,,1.2123339984100312
adult_core,2004,iid,B1,3,7,2050,513,True,True,0.7719298245614035,0.501010101010101,0.028735632183908046,0.08411214953271028,0.08411214953271028,0.17539184952978049,,1.1775830062106252
adult_core,2004,iid,B1,3,8,2050,513,True,True,0.7758284600389863,0.543428292818834,0.03406131731537099,0.00735294117647059,0.00851063829787234,0.19782299225721323,,1.177457976154983
adult_core,2004,iid,B1,3,9,2050,513,True,True,0.7699805068226121,0.4998843357567746,0.02046783625730994,0.03081232492997199,0.03081232492997199,0.1608187134502923,,1.1576659744605422
adult_core,2004,iid,B1,4,0,2051,513,True,True,0.7719298245614035,0.5246576752805518,0.042735042735042736,0.12037037037037036,0.12037037037037036,0.15289648622981955,,1.1780829809140414
adult_core,2004,iid,B1,4,1,2051,513,True,True,0.7758284600389863,0.5095398428731762,0.025421063666224056,0.02608213096559378,0.02608213096559378,0.1861066461667482,,1.180708990432322
adult_core,2004,iid,B1,4,2,2051,513,True,True,0.7680311890838206,0.5221182825159497,0.034474403793568933,0.055476529160739696,0.055476529160739696,0.18412308331314253,,1.1718749883584678
adult_core,2004,iid,B1,4,3,2051,513,True,True,0.7602339181286549,0.48821912030691117,0.019690404640436088,0.007507507507507505,0.008403361344537815,0.2000663917813963,,1.1625000042840838
adult_core,2004,iid,B1,4,4,2051,513,True,True,0.7543859649122807,0.5427678116688359,0.010507246376811594,0.00038850038850041235,0.018625330449411198,0.1616459627329193,,1.161583000794053
adult_core,2004,iid,B1,4,5,2051,513,True,True,0.7816764132553606,0.5253139458030404,0.037037037037037035,0.11650485436893204,0.11650485436893204,0.13865147198480532,,1.2312920007389039
adult_core,2004,iid,B1,4,6,2051,513,True,True,0.7680311890838206,0.5221182825159497,0.018562854059886703,0.006164058795637736,0.006164058795637736,0.19743053682222822,,1.2197920004837215
adult_core,2004,iid,B1,4,7,2050,513,True,True,0.7738791423001949,0.5083608724388632,0.031609195402298854,0.09345794392523364,0.09345794392523364,0.17251828631138977,,1.2489170185290277
adult_core,2004,iid,B1,4,8,2050,513,True,True,0.7758284600389863,0.5534910122989594,0.0366827540710392,0.02521008403361344,0.02521008403361344,0.1889170514912677,,1.215459022205323
adult_core,2004,iid,B1,4,9,2050,513,True,True,0.7738791423001949,0.5143948296122209,0.02631578947368421,0.05042016806722689,0.05042016806722689,0.1549707602339181,,1.2197909818496555
adult_core,2004,iid,B1,5,0,2051,513,True,True,0.7758284600389863,0.538181533523817,0.03941120607787275,0.07962962962962962,0.07962962962962962,0.15622032288698962,,1.2421249994076788
adult_core,2004,iid,B1,5,1,2051,513,True,True,0.7738791423001949,0.5083608724388632,0.02828639317911804,0.02608213096559378,0.02608213096559378,0.1889719756796422,,1.2516249844338745
adult_core,2004,iid,B1,5,2,2051,513,True,True,0.7699805068226121,0.5341531736748137,0.034266726662282365,0.011853959222380278,0.01276595744680851,0.19011110726523828,,1.2539580056909472
adult_core,2004,iid,B1,5,3,2051,513,True,True,0.7621832358674464,0.495436955820703,0.022555734153330072,0.01651651651651652,0.01651651651651652,0.19720106226850231,,1.2521669850684702
adult_core,2004,iid,B1,5,4,2051,513,True,True,0.7543859649122807,0.5427678116688359,0.010507246376811594,0.00038850038850041235,0.018625330449411198,0.1616459627329193,,1.2659580097533762
adult_core,2004,iid,B1,5,5,2051,513,True,True,0.7777777777777778,0.5227673325499412,0.033713200379867046,0.11650485436893204,0.11650485436893204,0.13532763532763525,,1.2923330068588257
adult_core,2004,iid,B1,5,6,2051,513,True,True,0.7719298245614035,0.5354879153026398,0.024497572160776908,0.011853959222380278,0.011853959222380278,0.19149581872133803,,1.244459010194987
adult_core,2004,iid,B1,5,7,2050,513,True,True,0.7777777777777778,0.5285230570783619,0.04310344827586207,0.12149532710280374,0.12149532710280374,0.1667711598746081,,1.2342499976512045
adult_core,2004,iid,B1,5,8,2050,513,True,True,0.7758284600389863,0.5534910122989594,0.0366827540710392,0.02521008403361344,0.02521008403361344,0.1889170514912677,,1.309542014496401
adult_core,2004,iid,B1,5,9,2050,513,True,True,0.7738791423001949,0.5143948296122209,0.02631578947368421,0.05042016806722689,0.05042016806722689,0.1549707602339181,,1.2927500065416098
adult_core,2004,iid,B3,1,0,2051,513,True,True,0.7602339181286549,0.4754208754208754,0.019943019943019943,0.05555555555555555,0.05555555555555555,0.1699905033238367,,1.3600419915746897
adult_core,2004,iid,B3,1,1,2051,513,True,True,0.7719298245614035,0.49464085746280595,0.019690404640436088,0.007214206437291898,0.00823045267489712,0.19183730519253617,,1.2363750138320029
adult_core,2004,iid,B3,1,2,2051,513,True,True,0.7660818713450293,0.5095914855649736,0.025803883562355058,0.03745851114272167,0.03745851114272167,0.18701325672354718,,1.216958014992997
adult_core,2004,iid,B3,1,3,2051,513,True,True,0.7543859649122807,0.45922294357807375,0.014326647564469915,0.036036036036036036,0.036036036036036036,0.1996994898315746,,1.2164159852545708
adult_core,2004,iid,B3,1,4,2051,513,True,True,0.7602339181286549,0.560141649181265,0.019202898550724642,0.026029526029526046,0.026029526029526046,0.1529503105590062,,1.233542017871514
adult_core,2004,iid,B3,1,5,2051,513,True,True,0.7699805068226121,0.47336094097995546,0.014245014245014245,0.04854368932038835,0.04854368932038835,0.15574548907882246,,1.2001249997410923
adult_core,2004,iid,B3,1,6,2051,513,True,True,0.7699805068226121,0.5233843537414966,0.015595495009441601,0.006164058795637736,0.006369426751592357,0.19446317777178312,,1.2100840103812516
adult_core,2004,iid,B3,1,7,2050,513,True,True,0.7699805068226121,0.4935579947794659,0.02586206896551724,0.07476635514018691,0.07476635514018691,0.17826541274817131,,1.2191669957246631
adult_core,2004,iid,B3,1,8,2050,513,True,True,0.7699805068226121,0.5233843537414966,0.025415784174160617,0.019432773109243698,0.019432773109243698,0.20646852539842364,,1.195916993310675
adult_core,2004,iid,B3,1,9,2050,513,True,True,0.7660818713450293,0.47149725274725274,0.0029239766081871343,0.008403361344537813,0.008403361344537813,0.16666666666666663,,1.3032499991822988
adult_core,2004,iid,B3,2,0,2051,513,True,True,0.7621832358674464,0.4829312623925975,0.022792022792022793,0.06481481481481481,0.06481481481481481,0.16714150047483378,,1.220499980263412
adult_core,2004,iid,B3,2,1,2051,513,True,True,0.7738791423001949,0.5021417575798139,0.022555734153330072,0.01664816870144284,0.01664816870144284,0.1889719756796422,,1.214083022205159
adult_core,2004,iid,B3,2,2,2051,513,True,True,0.7641325536062378,0.5084066556320237,0.02869405697275968,0.03745851114272167,0.03745851114272167,0.18990343013395183,,1.1862080136779696
adult_core,2004,iid,B3,2,3,2051,513,True,True,0.7582846003898636,0.47445472571050895,0.011094416101754141,0.01051051051051051,0.01051051051051051,0.20293172129429038,,1.1736250016838312
adult_core,2004,iid,B3,2,4,2051,513,True,True,0.7543859649122807,0.5427678116688359,0.010507246376811594,0.00038850038850041235,0.018625330449411198,0.1616459627329193,,1.1699169990606606
adult_core,2004,iid,B3,2,5,2051,513,True,True,0.7738791423001949,0.49572910311165347,0.02564102564102564,0.07766990291262135,0.07766990291262135,0.15004748338081675,,1.1662920005619526
adult_core,2004,iid,B3,2,6,2051,513,True,True,0.7680311890838206,0.5165321654562878,0.012628135958996495,0.01517306780464675,0.01517306780464675,0.19743053682222822,,1.1668750084936619
adult_core,2004,iid,B3,2,7,2050,513,True,True,0.7699805068226121,0.4935579947794659,0.02586206896551724,0.07476635514018691,0.07476635514018691,0.17826541274817131,,1.1638329888228327
adult_core,2004,iid,B3,2,8,2050,513,True,True,0.7719298245614035,0.5301499080198834,0.028297628554564077,0.010504201680672273,0.010504201680672273,0.20358668101802024,,1.1547910107765347
adult_core,2004,iid,B3,2,9,2050,513,True,True,0.7660818713450293,0.4849742319791178,0.014619883040935672,0.011204481792717089,0.011204481792717089,0.16666666666666663,,1.16545899072662
adult_core,2004,iid,B3,3,0,2051,513,True,True,0.7621832358674464,0.4892773207990599,0.02849002849002849,0.07407407407407407,0.07407407407407407,0.16714150047483378,,1.1837499914690852
adult_core,2004,iid,B3,3,1,2051,513,True,True,0.7738791423001949,0.5021417575798139,0.022555734153330072,0.01664816870144284,0.01664816870144284,0.1889719756796422,,1.1677920119836926
adult_core,2004,iid,B3,3,2,2051,513,True,True,0.7660818713450293,0.5153061224489796,0.03158423038316431,0.04646752015173068,0.04646752015173068,0.18701325672354718,,1.1712919804267585
adult_core,2004,iid,B3,3,3,2051,513,True,True,0.7582846003898636,0.4809048178613396,0.016825075127542104,0.0015015015015014954,0.008403361344537815,0.20293172129429038,,1.171625015558675
adult_core,2004,iid,B3,3,4,2051,513,True,True,0.7524366471734892,0.536848914828427,0.016459627329192546,0.045843045843045854,0.045843045843045854,0.15569358178053827,,1.182917010737583
adult_core,2004,iid,B3,3,5,2051,513,True,True,0.7777777777777778,0.510725520380162,0.03133903133903134,0.0970873786407767,0.0970873786407767,0.14434947768281103,,1.1621250014286488
adult_core,2004,iid,B3,3,6,2051,513,True,True,0.7699805068226121,0.5233843537414966,0.015595495009441601,0.006164058795637736,0.006369426751592357,0.19446317777178312,,1.1742499773390591
adult_core,2004,iid,B3,3,7,2050,513,True,True,0.7719298245614035,0.501010101010101,0.028735632183908046,0.08411214953271028,0.08411214953271028,0.17539184952978049,,1.164000015705824
adult_core,2004,iid,B3,3,8,2050,513,True,True,0.7758284600389863,0.543428292818834,0.03406131731537099,0.00735294117647059,0.00851063829787234,0.19782299225721323,,1.1534579971339554
adult_core,2004,iid,B3,3,9,2050,513,True,True,0.7699805068226121,0.4998843357567746,0.02046783625730994,0.03081232492997199,0.03081232492997199,0.1608187134502923,,1.260249991901219
adult_core,2004,iid,B3,4,0,2051,513,True,True,0.7719298245614035,0.5246576752805518,0.042735042735042736,0.12037037037037036,0.12037037037037036,0.15289648622981955,,1.2194169976282865
adult_core,2004,iid,B3,4,1,2051,513,True,True,0.7758284600389863,0.5095398428731762,0.025421063666224056,0.02608213096559378,0.02608213096559378,0.1861066461667482,,1.1764579976443201
adult_core,2004,iid,B3,4,2,2051,513,True,True,0.7680311890838206,0.5221182825159497,0.034474403793568933,0.055476529160739696,0.055476529160739696,0.18412308331314253,,1.2125829816795886
adult_core,2004,iid,B3,4,3,2051,513,True,True,0.7602339181286549,0.48821912030691117,0.019690404640436088,0.007507507507507505,0.008403361344537815,0.2000663917813963,,1.1922910052817315
adult_core,2004,iid,B3,4,4,2051,513,True,True,0.7543859649122807,0.5427678116688359,0.010507246376811594,0.00038850038850041235,0.018625330449411198,0.1616459627329193,,1.188249996630475
adult_core,2004,iid,B3,4,5,2051,513,True,True,0.7816764132553606,0.5253139458030404,0.037037037037037035,0.11650485436893204,0.11650485436893204,0.13865147198480532,,1.179290993604809
adult_core,2004,iid,B3,4,6,2051,513,True,True,0.7680311890838206,0.5221182825159497,0.018562854059886703,0.006164058795637736,0.006164058795637736,0.19743053682222822,,1.17275002412498
adult_core,2004,iid,B3,4,7,2050,513,True,True,0.7738791423001949,0.5083608724388632,0.031609195402298854,0.09345794392523364,0.09345794392523364,0.17251828631138977,,1.1833750177174807
adult_core,2004,iid,B3,4,8,2050,513,True,True,0.7758284600389863,0.5534910122989594,0.0366827540710392,0.02521008403361344,0.02521008403361344,0.1889170514912677,,1.1867090070154518
adult_core,2004,iid,B3,4,9,2050,513,True,True,0.7738791423001949,0.5143948296122209,0.02631578947368421,0.05042016806722689,0.05042016806722689,0.1549707602339181,,1.1650419910438359
adult_core,2004,iid,B3,5,0,2051,513,True,True,0.7758284600389863,0.538181533523817,0.03941120607787275,0.07962962962962962,0.07962962962962962,0.15622032288698962,,1.1819159844890237
adult_core,2004,iid,B3,5,1,2051,513,True,True,0.7738791423001949,0.5083608724388632,0.02828639317911804,0.02608213096559378,0.02608213096559378,0.1889719756796422,,1.1885830026585609
adult_core,2004,iid,B3,5,2,2051,513,True,True,0.7699805068226121,0.5341531736748137,0.034266726662282365,0.011853959222380278,0.01276595744680851,0.19011110726523828,,1.1912499903701246
adult_core,2004,iid,B3,5,3,2051,513,True,True,0.7621832358674464,0.495436955820703,0.022555734153330072,0.01651651651651652,0.01651651651651652,0.19720106226850231,,1.1586250038817525
adult_core,2004,iid,B3,5,4,2051,513,True,True,0.7543859649122807,0.5427678116688359,0.010507246376811594,0.00038850038850041235,0.018625330449411198,0.1616459627329193,,1.1692499974742532
adult_core,2004,iid,B3,5,5,2051,513,True,True,0.7777777777777778,0.5227673325499412,0.033713200379867046,0.11650485436893204,0.11650485436893204,0.13532763532763525,,1.1936670052818954
adult_core,2004,iid,B3,5,6,2051,513,True,True,0.7719298245614035,0.5354879153026398,0.024497572160776908,0.011853959222380278,0.011853959222380278,0.19149581872133803,,1.1645840131677687
adult_core,2004,iid,B3,5,7,2050,513,True,True,0.7777777777777778,0.5285230570783619,0.04310344827586207,0.12149532710280374,0.12149532710280374,0.1667711598746081,,1.1609159992076457
adult_core,2004,iid,B3,5,8,2050,513,True,True,0.7758284600389863,0.5534910122989594,0.0366827540710392,0.02521008403361344,0.02521008403361344,0.1889170514912677,,1.1548749753274024
adult_core,2004,iid,B3,5,9,2050,513,True,True,0.7738791423001949,0.5143948296122209,0.02631578947368421,0.05042016806722689,0.05042016806722689,0.1549707602339181,,1.1752910213544965
adult_core,2004,joint_dirichlet_0.3,B0,1,0,47,12,True,False,0.8333333333333334,0.45454545454545453,,,,,"comparison_groups,subgroup_accuracy_gap",0.7756669947411865
adult_core,2004,joint_dirichlet_0.3,B0,1,1,152,38,True,True,0.7105263157894737,0.4896214896214896,0.06428571428571428,0.04166666666666663,0.1428571428571429,0.4214285714285714,,0.6845830066595227
adult_core,2004,joint_dirichlet_0.3,B0,1,2,9123,2281,True,True,0.7330118369136344,0.6594738734816556,0.04209130252687421,0.1591187270501836,,0.5268742147145051,"equalized_odds_gap,false_positive_rate_gap",3.1002089963294566
adult_core,2004,joint_dirichlet_0.3,B0,1,3,2956,740,True,True,0.9864864864864865,0.4965986394557823,0.0,0.0,0.0,0.007774840615767387,,1.583874982316047
adult_core,2004,joint_dirichlet_0.3,B0,1,4,272,69,True,False,0.7681159420289855,0.759581881533101,0.3962432915921288,,,0.1869409660107334,"equal_opportunity_gap,equalized_odds_gap",0.7504160166718066
adult_core,2004,joint_dirichlet_0.3,B0,1,5,2127,532,True,True,0.9116541353383458,0.4768928220255654,0.0,0.0,0.0,0.8380736346187402,,1.2746249849442393
adult_core,2004,joint_dirichlet_0.3,B0,1,6,488,123,True,True,0.7560975609756098,0.48806881243063266,0.04301619433198389,0.0,0.024291497975708398,0.45850202429149794,,0.7934579916764051
adult_core,2004,joint_dirichlet_0.3,B0,1,7,3878,970,True,True,0.8618556701030928,0.5099089044401545,0.05338266384778012,0.02228739002932551,,0.9105708245243129,"equalized_odds_gap,false_positive_rate_gap",1.8235419993288815
adult_core,2004,joint_dirichlet_0.3,B0,1,8,91,23,False,False,,,,,,,,0.013957993360236287
adult_core,2004,joint_dirichlet_0.3,B0,1,9,1372,343,True,True,0.7900874635568513,0.5854149879129734,0.16871865025079802,,,0.8157774737802097,"equal_opportunity_gap,equalized_odds_gap,false_positive_rate_gap",1.0669580078683794
adult_core,2004,joint_dirichlet_0.3,B0,2,0,47,12,True,False,1.0,1.0,,,,,"comparison_groups,subgroup_accuracy_gap",0.6379589904099703
adult_core,2004,joint_dirichlet_0.3,B0,2,1,152,38,True,False,0.8421052631578947,0.8173076923076923,0.7571428571428571,0.5833333333333333,0.5833333333333333,0.05714285714285705,,0.6554579886142164
adult_core,2004,joint_dirichlet_0.3,B0,2,2,9123,2281,True,True,0.6957474791758,0.5678225876905604,0.06903532039648191,0.050183598531211765,,0.5423705151472846,"equalized_odds_gap,false_positive_rate_gap",2.875125006539747
adult_core,2004,joint_dirichlet_0.3,B0,2,3,2956,740,True,True,0.9878378378378379,0.587845782536048,0.002421307506053269,0.14285714285714285,0.14285714285714285,0.005353533109714204,,1.5302499814424664
adult_core,2004,joint_dirichlet_0.3,B0,2,4,272,69,True,True,0.6521739130434783,0.5642105263157895,0.16279069767441862,,,0.5581395348837209,"equal_opportunity_gap,equalized_odds_gap",0.7080420036800206
adult_core,2004,joint_dirichlet_0.3,B0,2,5,2127,532,True,True,0.9116541353383458,0.4768928220255654,0.0,0.0,0.0,0.8380736346187402,,1.4006249839439988
adult_core,2004,joint_dirichlet_0.3,B0,2,6,488,123,True,True,0.8048780487804879,0.764367816091954,0.2378542510121458,0.16862745098039222,0.22672064777327938,0.20495951417004055,,0.9346249862574041
adult_core,2004,joint_dirichlet_0.3,B0,2,7,3878,970,True,True,0.8628865979381444,0.5224310447584392,0.06014799154334037,0.0008797653958944329,,0.9014799154334039,"equalized_odds_gap,false_positive_rate_gap",1.8099170119967312
adult_core,2004,joint_dirichlet_0.3,B0,2,8,91,23,False,False,,,,,,,,0.015500001609325409
adult_core,2004,joint_dirichlet_0.3,B0,2,9,1372,343,True,True,0.7813411078717201,0.5497348292580471,0.1255357957136343,,,0.8667122663018696,"equal_opportunity_gap,equalized_odds_gap,false_positive_rate_gap",1.0746250045485795
adult_core,2004,joint_dirichlet_0.3,B0,3,0,47,12,True,False,0.6666666666666666,0.625,,,,,"comparison_groups,subgroup_accuracy_gap",0.6430830108001828
adult_core,2004,joint_dirichlet_0.3,B0,3,1,152,38,True,False,0.7105263157894737,0.6933235509904623,0.5785714285714286,0.37500000000000006,0.5,0.12142857142857144,,0.662750011542812
adult_core,2004,joint_dirichlet_0.3,B0,3,2,9123,2281,True,True,0.682595352915388,0.5370371616317926,0.08583461305784354,0.008567931456548356,,0.5291079156777887,"equalized_odds_gap,false_positive_rate_gap",2.9352919955272228
adult_core,2004,joint_dirichlet_0.3,B0,3,3,2956,740,True,True,0.9878378378378379,0.587845782536048,0.002421307506053269,0.14285714285714285,0.14285714285714285,0.005353533109714204,,1.5144159842748195
adult_core,2004,joint_dirichlet_0.3,B0,3,4,272,69,True,True,0.6231884057971014,0.511437908496732,0.11627906976744186,,,0.6046511627906976,"equal_opportunity_gap,equalized_odds_gap",0.6864580209366977
adult_core,2004,joint_dirichlet_0.3,B0,3,5,2127,532,True,True,0.9097744360902256,0.4763779527559055,0.0019193857965451055,0.0,0.002066115702479339,0.836154248822195,,1.2961669999640435
adult_core,2004,joint_dirichlet_0.3,B0,3,6,488,123,True,True,0.6666666666666666,0.6510759011969833,0.1842105263157895,0.07843137254901955,0.07843137254901955,0.14524291497975705,,0.7834999996703118
adult_core,2004,joint_dirichlet_0.3,B0,3,7,3878,970,True,True,0.8639175257731959,0.5288767220063582,0.06923890063424946,0.008211143695014661,,0.8923890063424947,"equalized_odds_gap,false_positive_rate_gap",1.749749993905425
adult_core,2004,joint_dirichlet_0.3,B0,3,8,91,23,False,False,,,,,,,,0.014541990822181106
adult_core,2004,joint_dirichlet_0.3,B0,3,9,1372,343,True,True,0.7842565597667639,0.5595238095238095,0.13730050159598722,,,0.8549475604195167,"equal_opportunity_gap,equalized_odds_gap,false_positive_rate_gap",1.064583018887788
adult_core,2004,joint_dirichlet_0.3,B0,4,0,47,12,True,False,0.5,0.4857142857142857,,,,,"comparison_groups,subgroup_accuracy_gap",0.6568749959114939
adult_core,2004,joint_dirichlet_0.3,B0,4,1,152,38,True,False,0.7368421052631579,0.7301136363636364,0.4714285714285714,0.3333333333333333,0.3333333333333333,0.08571428571428574,,0.6755000213161111
adult_core,2004,joint_dirichlet_0.3,B0,4,2,9123,2281,True,True,0.680403331871986,0.531481630186255,0.08892921960072595,0.0012239902080783405,,0.5268974824328727,"equalized_odds_gap,false_positive_rate_gap",2.8775419923476875
adult_core,2004,joint_dirichlet_0.3,B0,4,3,2956,740,True,True,0.9878378378378379,0.587845782536048,0.002421307506053269,0.14285714285714285,0.14285714285714285,0.005353533109714204,,1.5204169903881848
adult_core,2004,joint_dirichlet_0.3,B0,4,4,272,69,True,True,0.6231884057971014,0.511437908496732,0.11627906976744186,,,0.6046511627906976,"equal_opportunity_gap,equalized_odds_gap",0.7142499962355942
adult_core,2004,joint_dirichlet_0.3,B0,4,5,2127,532,True,True,0.9097744360902256,0.4763779527559055,0.0019193857965451055,0.0,0.002066115702479339,0.836154248822195,,1.2475840048864484
adult_core,2004,joint_dirichlet_0.3,B0,4,6,488,123,True,False,0.5609756097560976,0.5595490716180371,0.06376518218623484,0.2666666666666666,0.2666666666666666,0.3324898785425101,,0.8707499946467578
adult_core,2004,joint_dirichlet_0.3,B0,4,7,3878,970,True,True,0.8649484536082475,0.5352418154353702,0.07832980972515856,0.017302052785923755,,0.8832980972515857,"equalized_odds_gap,false_positive_rate_gap",1.8128749798052013
adult_core,2004,joint_dirichlet_0.3,B0,4,8,91,23,False,False,,,,,,,,0.015166995581239462
adult_core,2004,joint_dirichlet_0.3,B0,4,9,1372,343,True,True,0.7871720116618076,0.5691325520967769,0.14906520747834018,,,0.8431828545371637,"equal_opportunity_gap,equalized_odds_gap,false_positive_rate_gap",1.0804589837789536
adult_core,2004,joint_dirichlet_0.3,B0,5,0,47,12,True,False,0.3333333333333333,0.3333333333333333,,,,,"comparison_groups,subgroup_accuracy_gap",0.6397079851012677
adult_core,2004,joint_dirichlet_0.3,B0,5,1,152,38,True,False,0.7105263157894737,0.7054263565891472,0.4357142857142857,0.2916666666666667,0.2916666666666667,0.12142857142857144,,0.6607499963138252
adult_core,2004,joint_dirichlet_0.3,B0,5,2,9123,2281,True,True,0.6812801402893468,0.5334426842941166,0.08804504630275954,0.0036719706242350214,,0.527781655730839,"equalized_odds_gap,false_positive_rate_gap",2.950791997136548
adult_core,2004,joint_dirichlet_0.3,B0,5,3,2956,740,True,True,0.9878378378378379,0.587845782536048,0.002421307506053269,0.14285714285714285,0.14285714285714285,0.005353533109714204,,1.5668330015614629
adult_core,2004,joint_dirichlet_0.3,B0,5,4,272,69,True,True,0.6231884057971014,0.511437908496732,0.11627906976744186,,,0.6046511627906976,"equal_opportunity_gap,equalized_odds_gap",0.7237499812617898
adult_core,2004,joint_dirichlet_0.3,B0,5,5,2127,532,True,True,0.9097744360902256,0.4763779527559055,0.0019193857965451055,0.0,0.002066115702479339,0.836154248822195,,1.2814170040655881
adult_core,2004,joint_dirichlet_0.3,B0,5,6,488,123,True,False,0.5284552845528455,0.5281746031746032,0.025303643724696345,0.31372549019607837,0.31372549019607837,0.37095141700404854,,0.7801250030752271
adult_core,2004,joint_dirichlet_0.3,B0,5,7,3878,970,True,True,0.8649484536082475,0.5407246769675612,0.08625792811839324,0.02639296187683285,,0.8730443974630021,"equalized_odds_gap,false_positive_rate_gap",1.7302079941146076
adult_core,2004,joint_dirichlet_0.3,B0,5,8,91,23,False,False,,,,,,,,0.013082986697554588
adult_core,2004,joint_dirichlet_0.3,B0,5,9,1372,343,True,True,0.7871720116618076,0.5691325520967769,0.14906520747834018,,,0.8431828545371637,"equal_opportunity_gap,equalized_odds_gap,false_positive_rate_gap",1.0552910098340362
adult_core,2004,joint_dirichlet_0.3,B1,1,0,47,12,True,False,0.8333333333333334,0.45454545454545453,,,,,"comparison_groups,subgroup_accuracy_gap",0.7230000046547502
adult_core,2004,joint_dirichlet_0.3,B1,1,1,152,38,True,True,0.7105263157894737,0.4896214896214896,0.06428571428571428,0.04166666666666663,0.1428571428571429,0.4214285714285714,,0.6663749809376895
adult_core,2004,joint_dirichlet_0.3,B1,1,2,9123,2281,True,True,0.7330118369136344,0.6594738734816556,0.04209130252687421,0.1591187270501836,,0.5268742147145051,"equalized_odds_gap,false_positive_rate_gap",3.0142499890644103
adult_core,2004,joint_dirichlet_0.3,B1,1,3,2956,740,True,True,0.9864864864864865,0.4965986394557823,0.0,0.0,0.0,0.007774840615767387,,1.5227920084726065
adult_core,2004,joint_dirichlet_0.3,B1,1,4,272,69,True,False,0.7681159420289855,0.759581881533101,0.3962432915921288,,,0.1869409660107334,"equal_opportunity_gap,equalized_odds_gap",0.6914580008015037
adult_core,2004,joint_dirichlet_0.3,B1,1,5,2127,532,True,True,0.9116541353383458,0.4768928220255654,0.0,0.0,0.0,0.8380736346187402,,1.375499996356666
adult_core,2004,joint_dirichlet_0.3,B1,1,6,488,123,True,True,0.7560975609756098,0.48806881243063266,0.04301619433198389,0.0,0.024291497975708398,0.45850202429149794,,0.8119580161292106
adult_core,2004,joint_dirichlet_0.3,B1,1,7,3878,970,True,True,0.8618556701030928,0.5099089044401545,0.05338266384778012,0.02228739002932551,,0.9105708245243129,"equalized_odds_gap,false_positive_rate_gap",1.756957994075492
adult_core,2004,joint_dirichlet_0.3,B1,1,8,91,23,False,False,,,,,,,,0.013457989552989602
adult_core,2004,joint_dirichlet_0.3,B1,1,9,1372,343,True,True,0.7900874635568513,0.5854149879129734,0.16871865025079802,,,0.8157774737802097,"equal_opportunity_gap,equalized_odds_gap,false_positive_rate_gap",1.0234999936074018
adult_core,2004,joint_dirichlet_0.3,B1,2,0,47,12,True,False,1.0,1.0,,,,,"comparison_groups,subgroup_accuracy_gap",0.611750001553446
adult_core,2004,joint_dirichlet_0.3,B1,2,1,152,38,True,False,0.8421052631578947,0.8173076923076923,0.7571428571428571,0.5833333333333333,0.5833333333333333,0.05714285714285705,,0.6311250035651028
adult_core,2004,joint_dirichlet_0.3,B1,2,2,9123,2281,True,True,0.6957474791758,0.5678225876905604,0.06903532039648191,0.050183598531211765,,0.5423705151472846,"equalized_odds_gap,false_positive_rate_gap",2.79762499849312
adult_core,2004,joint_dirichlet_0.3,B1,2,3,2956,740,True,True,0.9878378378378379,0.587845782536048,0.002421307506053269,0.14285714285714285,0.14285714285714285,0.005353533109714204,,1.4844999823253602
adult_core,2004,joint_dirichlet_0.3,B1,2,4,272,69,True,True,0.6521739130434783,0.5642105263157895,0.16279069767441862,,,0.5581395348837209,"equal_opportunity_gap,equalized_odds_gap",0.6823340081609786
adult_core,2004,joint_dirichlet_0.3,B1,2,5,2127,532,True,True,0.9116541353383458,0.4768928220255654,0.0,0.0,0.0,0.8380736346187402,,1.2308750010561198
adult_core,2004,joint_dirichlet_0.3,B1,2,6,488,123,True,True,0.8048780487804879,0.764367816091954,0.2378542510121458,0.16862745098039222,0.22672064777327938,0.20495951417004055,,0.7806249777786434
adult_core,2004,joint_dirichlet_0.3,B1,2,7,3878,970,True,True,0.8628865979381444,0.5224310447584392,0.06014799154334037,0.0008797653958944329,,0.9014799154334039,"equalized_odds_gap,false_positive_rate_gap",1.7062090046238154
adult_core,2004,joint_dirichlet_0.3,B1,2,8,91,23,False,False,,,,,,,,0.013082986697554588
adult_core,2004,joint_dirichlet_0.3,B1,2,9,1372,343,True,True,0.7813411078717201,0.5497348292580471,0.1255357957136343,,,0.8667122663018696,"equal_opportunity_gap,equalized_odds_gap,false_positive_rate_gap",1.0589580051600933
adult_core,2004,joint_dirichlet_0.3,B1,3,0,47,12,True,False,0.6666666666666666,0.625,,,,,"comparison_groups,subgroup_accuracy_gap",0.5940409901086241
adult_core,2004,joint_dirichlet_0.3,B1,3,1,152,38,True,False,0.7105263157894737,0.6933235509904623,0.5785714285714286,0.37500000000000006,0.5,0.12142857142857144,,0.6247920100577176
adult_core,2004,joint_dirichlet_0.3,B1,3,2,9123,2281,True,True,0.682595352915388,0.5370371616317926,0.08583461305784354,0.008567931456548356,,0.5291079156777887,"equalized_odds_gap,false_positive_rate_gap",2.7771669847425073
adult_core,2004,joint_dirichlet_0.3,B1,3,3,2956,740,True,True,0.9878378378378379,0.587845782536048,0.002421307506053269,0.14285714285714285,0.14285714285714285,0.005353533109714204,,1.4867089921608567
adult_core,2004,joint_dirichlet_0.3,B1,3,4,272,69,True,True,0.6231884057971014,0.511437908496732,0.11627906976744186,,,0.6046511627906976,"equal_opportunity_gap,equalized_odds_gap",0.6941669853404164
adult_core,2004,joint_dirichlet_0.3,B1,3,5,2127,532,True,True,0.9097744360902256,0.4763779527559055,0.0019193857965451055,0.0,0.002066115702479339,0.836154248822195,,1.214332995004952
adult_core,2004,joint_dirichlet_0.3,B1,3,6,488,123,True,True,0.6666666666666666,0.6510759011969833,0.1842105263157895,0.07843137254901955,0.07843137254901955,0.14524291497975705,,0.8719580073375255
adult_core,2004,joint_dirichlet_0.3,B1,3,7,3878,970,True,True,0.8639175257731959,0.5288767220063582,0.06923890063424946,0.008211143695014661,,0.8923890063424947,"equalized_odds_gap,false_positive_rate_gap",1.7332909919787198
adult_core,2004,joint_dirichlet_0.3,B1,3,8,91,23,False,False,,,,,,,,0.01420799526385963
adult_core,2004,joint_dirichlet_0.3,B1,3,9,1372,343,True,True,0.7842565597667639,0.5595238095238095,0.13730050159598722,,,0.8549475604195167,"equal_opportunity_gap,equalized_odds_gap,false_positive_rate_gap",1.0259580158162862
adult_core,2004,joint_dirichlet_0.3,B1,4,0,47,12,True,False,0.5,0.4857142857142857,,,,,"comparison_groups,subgroup_accuracy_gap",0.6125000072643161
adult_core,2004,joint_dirichlet_0.3,B1,4,1,152,38,True,False,0.7368421052631579,0.7301136363636364,0.4714285714285714,0.3333333333333333,0.3333333333333333,0.08571428571428574,,0.6223749951459467
adult_core,2004,joint_dirichlet_0.3,B1,4,2,9123,2281,True,True,0.680403331871986,0.531481630186255,0.08892921960072595,0.0012239902080783405,,0.5268974824328727,"equalized_odds_gap,false_positive_rate_gap",2.798417001031339
adult_core,2004,joint_dirichlet_0.3,B1,4,3,2956,740,True,True,0.9878378378378379,0.587845782536048,0.002421307506053269,0.14285714285714285,0.14285714285714285,0.005353533109714204,,1.509749999968335
adult_core,2004,joint_dirichlet_0.3,B1,4,4,272,69,True,True,0.6231884057971014,0.511437908496732,0.11627906976744186,,,0.6046511627906976,"equal_opportunity_gap,equalized_odds_gap",0.6767500017303973
adult_core,2004,joint_dirichlet_0.3,B1,4,5,2127,532,True,True,0.9097744360902256,0.4763779527559055,0.0019193857965451055,0.0,0.002066115702479339,0.836154248822195,,1.2327079894021153
adult_core,2004,joint_dirichlet_0.3,B1,4,6,488,123,True,False,0.5609756097560976,0.5595490716180371,0.06376518218623484,0.2666666666666666,0.2666666666666666,0.3324898785425101,,0.7646669982932508
adult_core,2004,joint_dirichlet_0.3,B1,4,7,3878,970,True,True,0.8649484536082475,0.5352418154353702,0.07832980972515856,0.017302052785923755,,0.8832980972515857,"equalized_odds_gap,false_positive_rate_gap",1.7172920051962137
adult_core,2004,joint_dirichlet_0.3,B1,4,8,91,23,False,False,,,,,,,,0.012665987014770508
adult_core,2004,joint_dirichlet_0.3,B1,4,9,1372,343,True,True,0.7871720116618076,0.5691325520967769,0.14906520747834018,,,0.8431828545371637,"equal_opportunity_gap,equalized_odds_gap,false_positive_rate_gap",1.00374998874031
adult_core,2004,joint_dirichlet_0.3,B1,5,0,47,12,True,False,0.3333333333333333,0.3333333333333333,,,,,"comparison_groups,subgroup_accuracy_gap",0.5872499896213412
adult_core,2004,joint_dirichlet_0.3,B1,5,1,152,38,True,False,0.7105263157894737,0.7054263565891472,0.4357142857142857,0.2916666666666667,0.2916666666666667,0.12142857142857144,,0.6127500091679394
adult_core,2004,joint_dirichlet_0.3,B1,5,2,9123,2281,True,True,0.6812801402893468,0.5334426842941166,0.08804504630275954,0.0036719706242350214,,0.527781655730839,"equalized_odds_gap,false_positive_rate_gap",2.785582997603342
adult_core,2004,joint_dirichlet_0.3,B1,5,3,2956,740,True,True,0.9878378378378379,0.587845782536048,0.002421307506053269,0.14285714285714285,0.14285714285714285,0.005353533109714204,,1.4983330038376153
adult_core,2004,joint_dirichlet_0.3,B1,5,4,272,69,True,True,0.6231884057971014,0.511437908496732,0.11627906976744186,,,0.6046511627906976,"equal_opportunity_gap,equalized_odds_gap",0.6935419805813581
adult_core,2004,joint_dirichlet_0.3,B1,5,5,2127,532,True,True,0.9097744360902256,0.4763779527559055,0.0019193857965451055,0.0,0.002066115702479339,0.836154248822195,,1.2309169978834689
adult_core,2004,joint_dirichlet_0.3,B1,5,6,488,123,True,False,0.5284552845528455,0.5281746031746032,0.025303643724696345,0.31372549019607837,0.31372549019607837,0.37095141700404854,,0.7774159894324839
adult_core,2004,joint_dirichlet_0.3,B1,5,7,3878,970,True,True,0.8649484536082475,0.5407246769675612,0.08625792811839324,0.02639296187683285,,0.8730443974630021,"equalized_odds_gap,false_positive_rate_gap",1.7492499900981784
adult_core,2004,joint_dirichlet_0.3,B1,5,8,91,23,False,False,,,,,,,,0.013667013263329864
adult_core,2004,joint_dirichlet_0.3,B1,5,9,1372,343,True,True,0.7871720116618076,0.5691325520967769,0.14906520747834018,,,0.8431828545371637,"equal_opportunity_gap,equalized_odds_gap,false_positive_rate_gap",1.0225419828202575
adult_core,2004,joint_dirichlet_0.3,B3,1,0,47,12,True,False,0.8333333333333334,0.45454545454545453,,,,,"comparison_groups,subgroup_accuracy_gap",0.7363330223597586
adult_core,2004,joint_dirichlet_0.3,B3,1,1,152,38,True,True,0.7105263157894737,0.4896214896214896,0.06428571428571428,0.04166666666666663,0.1428571428571429,0.4214285714285714,,0.6689580040983856
adult_core,2004,joint_dirichlet_0.3,B3,1,2,9123,2281,True,True,0.7330118369136344,0.6594738734816556,0.04209130252687421,0.1591187270501836,,0.5268742147145051,"equalized_odds_gap,false_positive_rate_gap",3.066083008889109
adult_core,2004,joint_dirichlet_0.3,B3,1,3,2956,740,True,True,0.9864864864864865,0.4965986394557823,0.0,0.0,0.0,0.007774840615767387,,1.5639999764971435
adult_core,2004,joint_dirichlet_0.3,B3,1,4,272,69,True,False,0.7681159420289855,0.759581881533101,0.3962432915921288,,,0.1869409660107334,"equal_opportunity_gap,equalized_odds_gap",0.7082920055836439
adult_core,2004,joint_dirichlet_0.3,B3,1,5,2127,532,True,True,0.9116541353383458,0.4768928220255654,0.0,0.0,0.0,0.8380736346187402,,1.2377910024952143
adult_core,2004,joint_dirichlet_0.3,B3,1,6,488,123,True,True,0.7560975609756098,0.48806881243063266,0.04301619433198389,0.0,0.024291497975708398,0.45850202429149794,,0.8461250108666718
adult_core,2004,joint_dirichlet_0.3,B3,1,7,3878,970,True,True,0.8618556701030928,0.5099089044401545,0.05338266384778012,0.02228739002932551,,0.9105708245243129,"equalized_odds_gap,false_positive_rate_gap",1.7586250032763928
adult_core,2004,joint_dirichlet_0.3,B3,1,8,91,23,False,False,,,,,,,,0.013750017387792468
adult_core,2004,joint_dirichlet_0.3,B3,1,9,1372,343,True,True,0.7900874635568513,0.5854149879129734,0.16871865025079802,,,0.8157774737802097,"equal_opportunity_gap,equalized_odds_gap,false_positive_rate_gap",1.0204999998677522
adult_core,2004,joint_dirichlet_0.3,B3,2,0,47,12,True,False,1.0,1.0,,,,,"comparison_groups,subgroup_accuracy_gap",0.5999579734634608
adult_core,2004,joint_dirichlet_0.3,B3,2,1,152,38,True,False,0.8421052631578947,0.8173076923076923,0.7571428571428571,0.5833333333333333,0.5833333333333333,0.05714285714285705,,0.6371249910444021
adult_core,2004,joint_dirichlet_0.3,B3,2,2,9123,2281,True,True,0.6944322665497589,0.5644758378772999,0.07124575364139792,0.04528763769889843,,0.5410442552003352,"equalized_odds_gap,false_positive_rate_gap",2.789542020764202
adult_core,2004,joint_dirichlet_0.3,B3,2,3,2956,740,True,True,0.9878378378378379,0.587845782536048,0.002421307506053269,0.14285714285714285,0.14285714285714285,0.005353533109714204,,1.4849579893052578
adult_core,2004,joint_dirichlet_0.3,B3,2,4,272,69,True,True,0.6521739130434783,0.5642105263157895,0.16279069767441862,,,0.5581395348837209,"equal_opportunity_gap,equalized_odds_gap",0.6842910079285502
adult_core,2004,joint_dirichlet_0.3,B3,2,5,2127,532,True,True,0.9116541353383458,0.4768928220255654,0.0,0.0,0.0,0.8380736346187402,,1.2163750070612878
adult_core,2004,joint_dirichlet_0.3,B3,2,6,488,123,True,True,0.8048780487804879,0.764367816091954,0.2378542510121458,0.16862745098039222,0.22672064777327938,0.20495951417004055,,0.7887920073699206
adult_core,2004,joint_dirichlet_0.3,B3,2,7,3878,970,True,True,0.8628865979381444,0.5224310447584392,0.06014799154334037,0.0008797653958944329,,0.9014799154334039,"equalized_odds_gap,false_positive_rate_gap",2.0913749758619815
adult_core,2004,joint_dirichlet_0.3,B3,2,8,91,23,False,False,,,,,,,,0.01883300137706101
adult_core,2004,joint_dirichlet_0.3,B3,2,9,1372,343,True,True,0.7813411078717201,0.5497348292580471,0.1255357957136343,,,0.8667122663018696,"equal_opportunity_gap,equalized_odds_gap,false_positive_rate_gap",1.18358398322016
adult_core,2004,joint_dirichlet_0.3,B3,3,0,47,12,True,False,0.6666666666666666,0.625,,,,,"comparison_groups,subgroup_accuracy_gap",0.6300410022959113
adult_core,2004,joint_dirichlet_0.3,B3,3,1,152,38,True,False,0.7105263157894737,0.6933235509904623,0.5785714285714286,0.37500000000000006,0.5,0.12142857142857144,,0.6401250138878822
adult_core,2004,joint_dirichlet_0.3,B3,3,2,9123,2281,True,True,0.680403331871986,0.5308010655705093,0.08981339289869235,0.0,,0.5268974824328727,"equalized_odds_gap,false_positive_rate_gap",2.9702500032726675
adult_core,2004,joint_dirichlet_0.3,B3,3,3,2956,740,True,True,0.9878378378378379,0.587845782536048,0.002421307506053269,0.14285714285714285,0.14285714285714285,0.005353533109714204,,1.5421660209540278
adult_core,2004,joint_dirichlet_0.3,B3,3,4,272,69,True,True,0.6231884057971014,0.511437908496732,0.11627906976744186,,,0.6046511627906976,"equal_opportunity_gap,equalized_odds_gap",0.6941670144442469
adult_core,2004,joint_dirichlet_0.3,B3,3,5,2127,532,True,True,0.9097744360902256,0.4763779527559055,0.0019193857965451055,0.0,0.002066115702479339,0.836154248822195,,1.3661249831784517
adult_core,2004,joint_dirichlet_0.3,B3,3,6,488,123,True,True,0.6666666666666666,0.6510759011969833,0.1842105263157895,0.07843137254901955,0.07843137254901955,0.14524291497975705,,0.8401250233873725
adult_core,2004,joint_dirichlet_0.3,B3,3,7,3878,970,True,True,0.8628865979381444,0.5224310447584392,0.06014799154334037,0.0008797653958944329,,0.9014799154334039,"equalized_odds_gap,false_positive_rate_gap",1.6494170122314245
adult_core,2004,joint_dirichlet_0.3,B3,3,8,91,23,False,False,,,,,,,,0.014082994312047958
adult_core,2004,joint_dirichlet_0.3,B3,3,9,1372,343,True,True,0.7842565597667639,0.5595238095238095,0.13730050159598722,,,0.8549475604195167,"equal_opportunity_gap,equalized_odds_gap,false_positive_rate_gap",1.0628340241964906
adult_core,2004,joint_dirichlet_0.3,B3,4,0,47,12,True,False,0.5,0.4857142857142857,,,,,"comparison_groups,subgroup_accuracy_gap",0.6596249877475202
adult_core,2004,joint_dirichlet_0.3,B3,4,1,152,38,True,False,0.7105263157894737,0.7054263565891472,0.4357142857142857,0.2916666666666667,0.2916666666666667,0.12142857142857144,,0.6571249978151172
adult_core,2004,joint_dirichlet_0.3,B3,4,2,9123,2281,True,True,0.6790881192459448,0.5285273786934128,0.09025547954767554,0.002447980416156653,,0.525571222485923,"equalized_odds_gap,false_positive_rate_gap",3.0862500134389848
adult_core,2004,joint_dirichlet_0.3,B3,4,3,2956,740,True,True,0.9878378378378379,0.587845782536048,0.002421307506053269,0.14285714285714285,0.14285714285714285,0.005353533109714204,,1.6655840154271573
adult_core,2004,joint_dirichlet_0.3,B3,4,4,272,69,True,True,0.6231884057971014,0.511437908496732,0.11627906976744186,,,0.6046511627906976,"equal_opportunity_gap,equalized_odds_gap",0.7047500112093985
adult_core,2004,joint_dirichlet_0.3,B3,4,5,2127,532,True,True,0.9097744360902256,0.4763779527559055,0.0019193857965451055,0.0,0.002066115702479339,0.836154248822195,,1.2462500017136335
adult_core,2004,joint_dirichlet_0.3,B3,4,6,488,123,True,False,0.5609756097560976,0.5595490716180371,0.06376518218623484,0.2666666666666666,0.2666666666666666,0.3324898785425101,,0.7899159973021597
adult_core,2004,joint_dirichlet_0.3,B3,4,7,3878,970,True,True,0.8639175257731959,0.5288767220063582,0.06923890063424946,0.008211143695014661,,0.8923890063424947,"equalized_odds_gap,false_positive_rate_gap",1.7250000091735274
adult_core,2004,joint_dirichlet_0.3,B3,4,8,91,23,False,False,,,,,,,,0.013290991773828864
adult_core,2004,joint_dirichlet_0.3,B3,4,9,1372,343,True,True,0.7842565597667639,0.5595238095238095,0.13730050159598722,,,0.8549475604195167,"equal_opportunity_gap,equalized_odds_gap,false_positive_rate_gap",1.0138330108020455
adult_core,2004,joint_dirichlet_0.3,B3,5,0,47,12,True,False,0.3333333333333333,0.3333333333333333,,,,,"comparison_groups,subgroup_accuracy_gap",0.626209017354995
adult_core,2004,joint_dirichlet_0.3,B3,5,1,152,38,True,False,0.7105263157894737,0.7054263565891472,0.4357142857142857,0.2916666666666667,0.2916666666666667,0.12142857142857144,,0.6233750027604401
adult_core,2004,joint_dirichlet_0.3,B3,5,2,9123,2281,True,True,0.6755808855765015,0.5205740137334297,0.04071850714318953,0.04161566707466341,,0.5751081948904091,"equalized_odds_gap,false_positive_rate_gap",2.8576659969985485
adult_core,2004,joint_dirichlet_0.3,B3,5,3,2956,740,True,True,0.9878378378378379,0.587845782536048,0.002421307506053269,0.14285714285714285,0.14285714285714285,0.005353533109714204,,1.49891700129956
adult_core,2004,joint_dirichlet_0.3,B3,5,4,272,69,True,False,0.6086956521739131,0.4832177531206657,0.09302325581395349,,,0.627906976744186,"equal_opportunity_gap,equalized_odds_gap",0.6839580019004643
adult_core,2004,joint_dirichlet_0.3,B3,5,5,2127,532,True,True,0.9097744360902256,0.4763779527559055,0.0019193857965451055,0.0,0.002066115702479339,0.836154248822195,,1.2140829931013286
adult_core,2004,joint_dirichlet_0.3,B3,5,6,488,123,True,False,0.5121951219512195,0.5121628767847699,0.049089068825910964,0.34901960784313724,0.34901960784313724,0.4524291497975709,,0.7695420063100755
adult_core,2004,joint_dirichlet_0.3,B3,5,7,3878,970,True,True,0.865979381443299,0.541527900990387,0.08742071881606765,0.02639296187683285,,0.8742071881606766,"equalized_odds_gap,false_positive_rate_gap",1.7093329806812108
adult_core,2004,joint_dirichlet_0.3,B3,5,8,91,23,False,False,,,,,,,,0.012834003427997231
adult_core,2004,joint_dirichlet_0.3,B3,5,9,1372,343,True,True,0.7871720116618076,0.5691325520967769,0.14906520747834018,,,0.8431828545371637,"equal_opportunity_gap,equalized_odds_gap,false_positive_rate_gap",1.0178330121561885
adult_core,2005,iid,B0,1,0,2051,513,True,True,0.7816764132553606,0.5422853865273086,0.036722173531989484,0.0820754716981132,0.0820754716981132,0.14914986853637158,,1.4961249835323542
adult_core,2005,iid,B0,1,1,2051,513,True,True,0.7641325536062378,0.49034016733309793,0.014243189920736561,0.007507507507507505,0.007507507507507505,0.19878162749645212,,1.276208000490442
adult_core,2005,iid,B0,1,2,2051,513,True,True,0.7719298245614035,0.48807198601219665,0.02318840579710145,0.0660377358490566,0.0660377358490566,0.1886645962732919,,1.2456250260584056
adult_core,2005,iid,B0,1,3,2051,513,True,True,0.7641325536062378,0.49034016733309793,0.017543859649122806,0.07272727272727272,0.07272727272727272,0.1871345029239766,,1.2406250170897692
adult_core,2005,iid,B0,1,4,2051,513,True,True,0.7621832358674464,0.5072278911564626,0.02828639317911804,0.04009009009009008,0.04009009009009008,0.17927528129149484,,1.2165840016677976
adult_core,2005,iid,B0,1,5,2051,513,True,True,0.7660818713450293,0.4783404514948139,0.008385125516475122,0.0028301886792452824,0.0028301886792452824,0.1766084510954481,,1.2102499895263463
adult_core,2005,iid,B0,1,6,2051,513,True,True,0.7621832358674464,0.495436955820703,0.03529411764705882,0.08653846153846154,0.08653846153846154,0.14950697041822503,,1.203250023536384
adult_core,2005,iid,B0,1,7,2050,513,True,True,0.7699805068226121,0.4998843357567746,0.025936599423631124,0.08181818181818182,0.08181818181818182,0.18865664386653236,,1.256042014574632
adult_core,2005,iid,B0,1,8,2050,513,True,True,0.7582846003898636,0.4871654305062883,0.011283643892339545,0.05120910384068278,0.05120910384068278,0.20895445134575574,,1.220583013491705
adult_core,2005,iid,B0,1,9,2050,513,True,True,0.7660818713450293,0.5153061224489796,0.011790596149717312,0.03399122807017543,0.03399122807017543,0.18104558791955916,,1.2818340037483722
adult_core,2005,iid,B0,2,0,2051,513,True,True,0.7816764132553606,0.5422853865273086,0.036722173531989484,0.0820754716981132,0.0820754716981132,0.14914986853637158,,1.2141249899286777
adult_core,2005,iid,B0,2,1,2051,513,True,True,0.7660818713450293,0.4976498237367803,0.017133363331141183,0.01651651651651652,0.01651651651651652,0.19589145408604758,,1.2007080076728016
adult_core,2005,iid,B0,2,2,2051,513,True,True,0.7699805068226121,0.4870347773032337,0.02608695652173913,0.0660377358490566,0.0660377358490566,0.19156314699792965,,1.2519579904619604
adult_core,2005,iid,B0,2,3,2051,513,True,True,0.7641325536062378,0.49034016733309793,0.017543859649122806,0.07272727272727272,0.07272727272727272,0.1871345029239766,,1.212250004755333
adult_core,2005,iid,B0,2,4,2051,513,True,True,0.7621832358674464,0.5072278911564626,0.02828639317911804,0.04009009009009008,0.04009009009009008,0.17927528129149484,,1.2075830018147826
adult_core,2005,iid,B0,2,5,2051,513,True,True,0.7680311890838206,0.4924803591470258,0.00812471789173987,0.043396226415094344,0.043396226415094344,0.18263254748099023,,1.197750010760501
adult_core,2005,iid,B0,2,6,2051,513,True,True,0.7602339181286549,0.4943382618103137,0.03823529411764706,0.08653846153846154,0.08653846153846154,0.15244814688881325,,1.2051659869030118
adult_core,2005,iid,B0,2,7,2050,513,True,True,0.7719298245614035,0.5071884262642352,0.02881844380403458,0.09090909090909091,0.09090909090909091,0.18577479948612885,,1.1909580207429826
adult_core,2005,iid,B0,2,8,2050,513,True,True,0.7582846003898636,0.4871654305062883,0.011283643892339545,0.05120910384068278,0.05120910384068278,0.20895445134575574,,1.1700840259436518
adult_core,2005,iid,B0,2,9,2050,513,True,True,0.7719298245614035,0.5301499080198834,0.023778000429399555,0.05153508771929824,0.05153508771929824,0.1817970371430616,,1.1927910090889782
adult_core,2005,iid,B0,3,0,2051,513,True,True,0.7855750487329435,0.5556972789115646,0.0424364592462752,0.10094339622641509,0.10094339622641509,0.1434355828220859,,1.1916669900529087
adult_core,2005,iid,B0,3,1,2051,513,True,True,0.7660818713450293,0.4976498237367803,0.017133363331141183,0.01651651651651652,0.01651651651651652,0.19589145408604758,,1.1989170161541551
adult_core,2005,iid,B0,3,2,2051,513,True,True,0.7680311890838206,0.48600223964165734,0.028985507246376812,0.0660377358490566,0.0660377358490566,0.19446169772256727,,1.180792023660615
adult_core,2005,iid,B0,3,3,2051,513,True,True,0.7641325536062378,0.49034016733309793,0.017543859649122806,0.07272727272727272,0.07272727272727272,0.1871345029239766,,1.1722500203177333
adult_core,2005,iid,B0,3,4,2051,513,True,True,0.7621832358674464,0.512873599003736,0.03401705220490601,0.0490990990990991,0.0490990990990991,0.17927528129149484,,1.1902499827556312
adult_core,2005,iid,B0,3,5,2051,513,True,True,0.7699805068226121,0.4998843357567746,0.011006562272143326,0.0339622641509434,0.0339622641509434,0.17975070310058672,,1.2047500058542937
adult_core,2005,iid,B0,3,6,2051,513,True,True,0.7602339181286549,0.5002811458077596,0.04411764705882353,0.09615384615384616,0.09615384615384616,0.15244814688881325,,1.183665997814387
adult_core,2005,iid,B0,3,7,2050,513,True,True,0.7758284600389863,0.5215056815877624,0.0345821325648415,0.10909090909090909,0.10909090909090909,0.18001111072532194,,1.1700000031851232
adult_core,2005,iid,B0,3,8,2050,513,True,True,0.7602339181286549,0.4943382618103137,0.014182194616977225,0.04220009483167378,0.04220009483167378,0.206055900621118,,1.1836249905172735
adult_core,2005,iid,B0,3,9,2050,513,True,True,0.7738791423001949,0.5420488825955796,0.023026551205897087,0.06907894736842105,0.06907894736842105,0.16980963286337936,,1.1526249872986227
adult_core,2005,iid,B0,4,0,2051,513,True,True,0.7894736842105263,0.5687733499377335,0.04815074496056091,0.11981132075471697,0.11981132075471697,0.13772129710780023,,1.1953329958487302
adult_core,2005,iid,B0,4,1,2051,513,True,True,0.7680311890838206,0.5048624009473368,0.011145339379045376,0.039039039039039033,0.039039039039039033,0.20187947803814343,,1.1972500069532543
adult_core,2005,iid,B0,4,2,2051,513,True,True,0.7680311890838206,0.48600223964165734,0.028985507246376812,0.0660377358490566,0.0660377358490566,0.19446169772256727,,1.173791999462992
adult_core,2005,iid,B0,4,3,2051,513,True,True,0.7641325536062378,0.49034016733309793,0.017543859649122806,0.07272727272727272,0.07272727272727272,0.1871345029239766,,1.1813330056611449
adult_core,2005,iid,B0,4,4,2051,513,True,True,0.7602339181286549,0.5116667827540573,0.036882381717799985,0.0490990990990991,0.0490990990990991,0.18214061080438881,,1.1780420027207583
adult_core,2005,iid,B0,4,5,2051,513,True,True,0.7719298245614035,0.5071884262642352,0.013888406652546786,0.02452830188679246,0.02452830188679246,0.17686885872018332,,1.1759159970097244
adult_core,2005,iid,B0,4,6,2051,513,True,True,0.7602339181286549,0.5002811458077596,0.04411764705882353,0.09615384615384616,0.09615384615384616,0.15244814688881325,,1.1697500012814999
adult_core,2005,iid,B0,4,7,2050,513,True,True,0.7797270955165692,0.54090869492908,0.04610951008645533,0.13636363636363635,0.13636363636363635,0.17424742196451504,,1.1687079968396574
adult_core,2005,iid,B0,4,8,2050,513,True,True,0.7621832358674464,0.5014180103243898,0.017080745341614908,0.033191085822664765,0.033191085822664765,0.20315734989648038,,1.1719999893102795
adult_core,2005,iid,B0,4,9,2050,513,True,True,0.7777777777777778,0.554931506849315,0.028644528733986974,0.08662280701754385,0.08662280701754385,0.16419165533528957,,1.162666012533009
adult_core,2005,iid,B0,5,0,2051,513,True,True,0.7894736842105263,0.5736317182786431,0.053865030674846624,0.1292452830188679,0.1292452830188679,0.13772129710780023,,1.1913329944945872
adult_core,2005,iid,B0,5,1,2051,513,True,True,0.7699805068226121,0.5177649608055573,0.010937662247758818,0.08558558558558557,0.08558558558558557,0.20786750199023918,,1.1710000107996166
adult_core,2005,iid,B0,5,2,2051,513,True,True,0.7699805068226121,0.4935579947794659,0.03188405797101449,0.07547169811320754,0.07547169811320754,0.19156314699792965,,1.1628339998424053
adult_core,2005,iid,B0,5,3,2051,513,True,True,0.7660818713450293,0.5037084811351177,0.02631578947368421,0.09090909090909091,0.09090909090909091,0.18421052631578938,,1.1688749946188182
adult_core,2005,iid,B0,5,4,2051,513,True,True,0.7582846003898636,0.5104660469125162,0.03974771123069397,0.0490990990990991,0.0490990990990991,0.1850059403172828,,1.182500011054799
adult_core,2005,iid,B0,5,5,2051,513,True,True,0.7758284600389863,0.5215056815877624,0.010746154647408076,0.06509433962264151,0.06509433962264151,0.18001111072532194,,1.1792079894803464
adult_core,2005,iid,B0,5,6,2051,513,True,True,0.7621832358674464,0.5072278911564626,0.047058823529411764,0.10576923076923077,0.10576923076923077,0.14950697041822503,,1.1820830113720149
adult_core,2005,iid,B0,5,7,2050,513,True,True,0.7855750487329435,0.5607876712328768,0.05475504322766571,0.16363636363636364,0.16363636363636364,0.16560188882330473,,1.1915409995708615
adult_core,2005,iid,B0,5,8,2050,513,True,True,0.7602339181286549,0.5060550315080825,0.025776397515527953,0.02418207681365575,0.02418207681365575,0.206055900621118,,1.178542006528005
adult_core,2005,iid,B0,5,9,2050,513,True,True,0.7797270955165692,0.5612563859981079,0.03145351749803192,0.09539473684210525,0.09539473684210525,0.16138266657124456,,1.1626250052358955
adult_core,2005,iid,B1,1,0,2051,513,True,True,0.7816764132553606,0.5422853865273086,0.036722173531989484,0.0820754716981132,0.0820754716981132,0.14914986853637158,,1.371124992147088
adult_core,2005,iid,B1,1,1,2051,513,True,True,0.7641325536062378,0.49034016733309793,0.014243189920736561,0.007507507507507505,0.007507507507507505,0.19878162749645212,,1.2405420129653066
adult_core,2005,iid,B1,1,2,2051,513,True,True,0.7719298245614035,0.48807198601219665,0.02318840579710145,0.0660377358490566,0.0660377358490566,0.1886645962732919,,1.2859160196967423
adult_core,2005,iid,B1,1,3,2051,513,True,True,0.7641325536062378,0.49034016733309793,0.017543859649122806,0.07272727272727272,0.07272727272727272,0.1871345029239766,,1.2334999919403344
adult_core,2005,iid,B1,1,4,2051,513,True,True,0.7621832358674464,0.5072278911564626,0.02828639317911804,0.04009009009009008,0.04009009009009008,0.17927528129149484,,1.2535839923657477
adult_core,2005,iid,B1,1,5,2051,513,True,True,0.7660818713450293,0.4783404514948139,0.008385125516475122,0.0028301886792452824,0.0028301886792452824,0.1766084510954481,,1.2021249858662486
adult_core,2005,iid,B1,1,6,2051,513,True,True,0.7621832358674464,0.495436955820703,0.03529411764705882,0.08653846153846154,0.08653846153846154,0.14950697041822503,,1.2196250027045608
adult_core,2005,iid,B1,1,7,2050,513,True,True,0.7699805068226121,0.4998843357567746,0.025936599423631124,0.08181818181818182,0.08181818181818182,0.18865664386653236,,1.2129159877076745
adult_core,2005,iid,B1,1,8,2050,513,True,True,0.7582846003898636,0.4871654305062883,0.011283643892339545,0.05120910384068278,0.05120910384068278,0.20895445134575574,,1.2094590056221932
adult_core,2005,iid,B1,1,9,2050,513,True,True,0.7660818713450293,0.5153061224489796,0.011790596149717312,0.03399122807017543,0.03399122807017543,0.18104558791955916,,1.1940409895032644
adult_core,2005,iid,B1,2,0,2051,513,True,True,0.7816764132553606,0.5422853865273086,0.036722173531989484,0.0820754716981132,0.0820754716981132,0.14914986853637158,,1.3839169987477362
adult_core,2005,iid,B1,2,1,2051,513,True,True,0.7660818713450293,0.4976498237367803,0.017133363331141183,0.01651651651651652,0.01651651651651652,0.19589145408604758,,1.3424579810816795
adult_core,2005,iid,B1,2,2,2051,513,True,True,0.7699805068226121,0.4870347773032337,0.02608695652173913,0.0660377358490566,0.0660377358490566,0.19156314699792965,,1.2157500023022294
adult_core,2005,iid,B1,2,3,2051,513,True,True,0.7641325536062378,0.49034016733309793,0.017543859649122806,0.07272727272727272,0.07272727272727272,0.1871345029239766,,1.348249992588535
adult_core,2005,iid,B1,2,4,2051,513,True,True,0.7621832358674464,0.5072278911564626,0.02828639317911804,0.04009009009009008,0.04009009009009008,0.17927528129149484,,1.193708012579009
adult_core,2005,iid,B1,2,5,2051,513,True,True,0.7680311890838206,0.4924803591470258,0.00812471789173987,0.043396226415094344,0.043396226415094344,0.18263254748099023,,1.1775000020861626
adult_core,2005,iid,B1,2,6,2051,513,True,True,0.7602339181286549,0.4943382618103137,0.03823529411764706,0.08653846153846154,0.08653846153846154,0.15244814688881325,,1.1839579965453595
adult_core,2005,iid,B1,2,7,2050,513,True,True,0.7719298245614035,0.5071884262642352,0.02881844380403458,0.09090909090909091,0.09090909090909091,0.18577479948612885,,1.7018749786075205
adult_core,2005,iid,B1,2,8,2050,513,True,True,0.7582846003898636,0.4871654305062883,0.011283643892339545,0.05120910384068278,0.05120910384068278,0.20895445134575574,,1.248415996087715
adult_core,2005,iid,B1,2,9,2050,513,True,True,0.7719298245614035,0.5301499080198834,0.023778000429399555,0.05153508771929824,0.05153508771929824,0.1817970371430616,,1.192583004012704
adult_core,2005,iid,B1,3,0,2051,513,True,True,0.7855750487329435,0.5556972789115646,0.0424364592462752,0.10094339622641509,0.10094339622641509,0.1434355828220859,,1.3792090176139027
adult_core,2005,iid,B1,3,1,2051,513,True,True,0.7660818713450293,0.4976498237367803,0.017133363331141183,0.01651651651651652,0.01651651651651652,0.19589145408604758,,1.2377920211292803
adult_core,2005,iid,B1,3,2,2051,513,True,True,0.7680311890838206,0.48600223964165734,0.028985507246376812,0.0660377358490566,0.0660377358490566,0.19446169772256727,,1.236124982824549
adult_core,2005,iid,B1,3,3,2051,513,True,True,0.7641325536062378,0.49034016733309793,0.017543859649122806,0.07272727272727272,0.07272727272727272,0.1871345029239766,,1.209666981594637
adult_core,2005,iid,B1,3,4,2051,513,True,True,0.7621832358674464,0.512873599003736,0.03401705220490601,0.0490990990990991,0.0490990990990991,0.17927528129149484,,1.195499993627891
adult_core,2005,iid,B1,3,5,2051,513,True,True,0.7699805068226121,0.4998843357567746,0.011006562272143326,0.0339622641509434,0.0339622641509434,0.17975070310058672,,1.198833022499457
adult_core,2005,iid,B1,3,6,2051,513,True,True,0.7602339181286549,0.5002811458077596,0.04411764705882353,0.09615384615384616,0.09615384615384616,0.15244814688881325,,1.2306249991524965
adult_core,2005,iid,B1,3,7,2050,513,True,True,0.7758284600389863,0.5215056815877624,0.0345821325648415,0.10909090909090909,0.10909090909090909,0.18001111072532194,,1.1982920113950968
adult_core,2005,iid,B1,3,8,2050,513,True,True,0.7602339181286549,0.4943382618103137,0.014182194616977225,0.04220009483167378,0.04220009483167378,0.206055900621118,,1.1898749799001962
adult_core,2005,iid,B1,3,9,2050,513,True,True,0.7738791423001949,0.5420488825955796,0.023026551205897087,0.06907894736842105,0.06907894736842105,0.16980963286337936,,1.1786670074798167
adult_core,2005,iid,B1,4,0,2051,513,True,True,0.7894736842105263,0.5687733499377335,0.04815074496056091,0.11981132075471697,0.11981132075471697,0.13772129710780023,,1.2975420104339719
adult_core,2005,iid,B1,4,1,2051,513,True,True,0.7680311890838206,0.5048624009473368,0.011145339379045376,0.039039039039039033,0.039039039039039033,0.20187947803814343,,1.2487919884733856
adult_core,2005,iid,B1,4,2,2051,513,True,True,0.7680311890838206,0.48600223964165734,0.028985507246376812,0.0660377358490566,0.0660377358490566,0.19446169772256727,,1.2422080035321414
adult_core,2005,iid,B1,4,3,2051,513,True,True,0.7641325536062378,0.49034016733309793,0.017543859649122806,0.07272727272727272,0.07272727272727272,0.1871345029239766,,1.245416991878301
adult_core,2005,iid,B1,4,4,2051,513,True,True,0.7602339181286549,0.5116667827540573,0.036882381717799985,0.0490990990990991,0.0490990990990991,0.18214061080438881,,1.2667500122915953
adult_core,2005,iid,B1,4,5,2051,513,True,True,0.7719298245614035,0.5071884262642352,0.013888406652546786,0.02452830188679246,0.02452830188679246,0.17686885872018332,,1.1957910028286278
adult_core,2005,iid,B1,4,6,2051,513,True,True,0.7602339181286549,0.5002811458077596,0.04411764705882353,0.09615384615384616,0.09615384615384616,0.15244814688881325,,1.5468329947907478
adult_core,2005,iid,B1,4,7,2050,513,True,True,0.7797270955165692,0.54090869492908,0.04610951008645533,0.13636363636363635,0.13636363636363635,0.17424742196451504,,1.5747089928481728
adult_core,2005,iid,B1,4,8,2050,513,True,True,0.7621832358674464,0.5014180103243898,0.017080745341614908,0.033191085822664765,0.033191085822664765,0.20315734989648038,,1.2161670019850135
adult_core,2005,iid,B1,4,9,2050,513,True,True,0.7777777777777778,0.554931506849315,0.028644528733986974,0.08662280701754385,0.08662280701754385,0.16419165533528957,,1.2977920123375952
adult_core,2005,iid,B1,5,0,2051,513,True,True,0.7894736842105263,0.5736317182786431,0.053865030674846624,0.1292452830188679,0.1292452830188679,0.13772129710780023,,1.279874995816499
adult_core,2005,iid,B1,5,1,2051,513,True,True,0.7699805068226121,0.5177649608055573,0.010937662247758818,0.08558558558558557,0.08558558558558557,0.20786750199023918,,1.2667079863604158
adult_core,2005,iid,B1,5,2,2051,513,True,True,0.7699805068226121,0.4935579947794659,0.03188405797101449,0.07547169811320754,0.07547169811320754,0.19156314699792965,,1.225957996211946
adult_core,2005,iid,B1,5,3,2051,513,True,True,0.7660818713450293,0.5037084811351177,0.02631578947368421,0.09090909090909091,0.09090909090909091,0.18421052631578938,,1.240084005985409
adult_core,2005,iid,B1,5,4,2051,513,True,True,0.7582846003898636,0.5104660469125162,0.03974771123069397,0.0490990990990991,0.0490990990990991,0.1850059403172828,,1.2410000199452043
adult_core,2005,iid,B1,5,5,2051,513,True,True,0.7758284600389863,0.5215056815877624,0.010746154647408076,0.06509433962264151,0.06509433962264151,0.18001111072532194,,1.212541974382475
adult_core,2005,iid,B1,5,6,2051,513,True,True,0.7621832358674464,0.5072278911564626,0.047058823529411764,0.10576923076923077,0.10576923076923077,0.14950697041822503,,1.1855410120915622
adult_core,2005,iid,B1,5,7,2050,513,True,True,0.7855750487329435,0.5607876712328768,0.05475504322766571,0.16363636363636364,0.16363636363636364,0.16560188882330473,,1.187583984574303
adult_core,2005,iid,B1,5,8,2050,513,True,True,0.7602339181286549,0.5060550315080825,0.025776397515527953,0.02418207681365575,0.02418207681365575,0.206055900621118,,1.1626670020632446
adult_core,2005,iid,B1,5,9,2050,513,True,True,0.7797270955165692,0.5612563859981079,0.03145351749803192,0.09539473684210525,0.09539473684210525,0.16138266657124456,,1.2533749977592379
adult_core,2005,iid,B3,1,0,2051,513,True,True,0.7816764132553606,0.5422853865273086,0.036722173531989484,0.0820754716981132,0.0820754716981132,0.14914986853637158,,1.41350002377294
adult_core,2005,iid,B3,1,1,2051,513,True,True,0.7641325536062378,0.49034016733309793,0.014243189920736561,0.007507507507507505,0.007507507507507505,0.19878162749645212,,1.2438340054359287
adult_core,2005,iid,B3,1,2,2051,513,True,True,0.7719298245614035,0.48807198601219665,0.02318840579710145,0.0660377358490566,0.0660377358490566,0.1886645962732919,,1.2281250092200935
adult_core,2005,iid,B3,1,3,2051,513,True,True,0.7641325536062378,0.49034016733309793,0.017543859649122806,0.07272727272727272,0.07272727272727272,0.1871345029239766,,1.2252920132596046
adult_core,2005,iid,B3,1,4,2051,513,True,True,0.7621832358674464,0.5072278911564626,0.02828639317911804,0.04009009009009008,0.04009009009009008,0.17927528129149484,,1.2087919749319553
adult_core,2005,iid,B3,1,5,2051,513,True,True,0.7660818713450293,0.4783404514948139,0.008385125516475122,0.0028301886792452824,0.0028301886792452824,0.1766084510954481,,1.1954170186072588
adult_core,2005,iid,B3,1,6,2051,513,True,True,0.7621832358674464,0.495436955820703,0.03529411764705882,0.08653846153846154,0.08653846153846154,0.14950697041822503,,1.2282920069992542
adult_core,2005,iid,B3,1,7,2050,513,True,True,0.7699805068226121,0.4998843357567746,0.025936599423631124,0.08181818181818182,0.08181818181818182,0.18865664386653236,,1.2157500023022294
adult_core,2005,iid,B3,1,8,2050,513,True,True,0.7582846003898636,0.4871654305062883,0.011283643892339545,0.05120910384068278,0.05120910384068278,0.20895445134575574,,1.267499988898635
adult_core,2005,iid,B3,1,9,2050,513,True,True,0.7660818713450293,0.5153061224489796,0.011790596149717312,0.03399122807017543,0.03399122807017543,0.18104558791955916,,1.2349580065347254
adult_core,2005,iid,B3,2,0,2051,513,True,True,0.7816764132553606,0.5422853865273086,0.036722173531989484,0.0820754716981132,0.0820754716981132,0.14914986853637158,,1.212166011100635
adult_core,2005,iid,B3,2,1,2051,513,True,True,0.7660818713450293,0.4976498237367803,0.017133363331141183,0.01651651651651652,0.01651651651651652,0.19589145408604758,,1.2081250024493784
adult_core,2005,iid,B3,2,2,2051,513,True,True,0.7699805068226121,0.4870347773032337,0.02608695652173913,0.0660377358490566,0.0660377358490566,0.19156314699792965,,1.1692089901771396
adult_core,2005,iid,B3,2,3,2051,513,True,True,0.7641325536062378,0.49034016733309793,0.017543859649122806,0.07272727272727272,0.07272727272727272,0.1871345029239766,,1.1816670012194663
adult_core,2005,iid,B3,2,4,2051,513,True,True,0.7621832358674464,0.5072278911564626,0.02828639317911804,0.04009009009009008,0.04009009009009008,0.17927528129149484,,1.1950420157518238
adult_core,2005,iid,B3,2,5,2051,513,True,True,0.7680311890838206,0.4924803591470258,0.00812471789173987,0.043396226415094344,0.043396226415094344,0.18263254748099023,,1.170584000647068
adult_core,2005,iid,B3,2,6,2051,513,True,True,0.7602339181286549,0.4943382618103137,0.03823529411764706,0.08653846153846154,0.08653846153846154,0.15244814688881325,,1.2052090023644269
adult_core,2005,iid,B3,2,7,2050,513,True,True,0.7719298245614035,0.5071884262642352,0.02881844380403458,0.09090909090909091,0.09090909090909091,0.18577479948612885,,1.1881670216098428
adult_core,2005,iid,B3,2,8,2050,513,True,True,0.7582846003898636,0.4871654305062883,0.011283643892339545,0.05120910384068278,0.05120910384068278,0.20895445134575574,,1.1890830064658076
adult_core,2005,iid,B3,2,9,2050,513,True,True,0.7719298245614035,0.5301499080198834,0.023778000429399555,0.05153508771929824,0.05153508771929824,0.1817970371430616,,1.1721250193659216
adult_core,2005,iid,B3,3,0,2051,513,True,True,0.7855750487329435,0.5556972789115646,0.0424364592462752,0.10094339622641509,0.10094339622641509,0.1434355828220859,,1.2051250087097287
adult_core,2005,iid,B3,3,1,2051,513,True,True,0.7660818713450293,0.4976498237367803,0.017133363331141183,0.01651651651651652,0.01651651651651652,0.19589145408604758,,1.1751250131055713
adult_core,2005,iid,B3,3,2,2051,513,True,True,0.7680311890838206,0.48600223964165734,0.028985507246376812,0.0660377358490566,0.0660377358490566,0.19446169772256727,,1.1609169887378812
adult_core,2005,iid,B3,3,3,2051,513,True,True,0.7641325536062378,0.49034016733309793,0.017543859649122806,0.07272727272727272,0.07272727272727272,0.1871345029239766,,1.1721249902620912
adult_core,2005,iid,B3,3,4,2051,513,True,True,0.7621832358674464,0.512873599003736,0.03401705220490601,0.0490990990990991,0.0490990990990991,0.17927528129149484,,1.161207997938618
adult_core,2005,iid,B3,3,5,2051,513,True,True,0.7699805068226121,0.4998843357567746,0.011006562272143326,0.0339622641509434,0.0339622641509434,0.17975070310058672,,1.1630830122157931
adult_core,2005,iid,B3,3,6,2051,513,True,True,0.7602339181286549,0.5002811458077596,0.04411764705882353,0.09615384615384616,0.09615384615384616,0.15244814688881325,,1.175208977656439
adult_core,2005,iid,B3,3,7,2050,513,True,True,0.7758284600389863,0.5215056815877624,0.0345821325648415,0.10909090909090909,0.10909090909090909,0.18001111072532194,,1.1608750210143626
adult_core,2005,iid,B3,3,8,2050,513,True,True,0.7602339181286549,0.4943382618103137,0.014182194616977225,0.04220009483167378,0.04220009483167378,0.206055900621118,,1.1630000080913305
adult_core,2005,iid,B3,3,9,2050,513,True,True,0.7738791423001949,0.5420488825955796,0.023026551205897087,0.06907894736842105,0.06907894736842105,0.16980963286337936,,1.160082989372313
adult_core,2005,iid,B3,4,0,2051,513,True,True,0.7894736842105263,0.5687733499377335,0.04815074496056091,0.11981132075471697,0.11981132075471697,0.13772129710780023,,1.175332989078015
adult_core,2005,iid,B3,4,1,2051,513,True,True,0.7680311890838206,0.5048624009473368,0.011145339379045376,0.039039039039039033,0.039039039039039033,0.20187947803814343,,1.167416019598022
adult_core,2005,iid,B3,4,2,2051,513,True,True,0.7680311890838206,0.48600223964165734,0.028985507246376812,0.0660377358490566,0.0660377358490566,0.19446169772256727,,1.1611249938141555
adult_core,2005,iid,B3,4,3,2051,513,True,True,0.7641325536062378,0.49034016733309793,0.017543859649122806,0.07272727272727272,0.07272727272727272,0.1871345029239766,,1.1693340202327818
adult_core,2005,iid,B3,4,4,2051,513,True,True,0.7602339181286549,0.5116667827540573,0.036882381717799985,0.0490990990990991,0.0490990990990991,0.18214061080438881,,1.1632919777184725
adult_core,2005,iid,B3,4,5,2051,513,True,True,0.7719298245614035,0.5071884262642352,0.013888406652546786,0.02452830188679246,0.02452830188679246,0.17686885872018332,,1.1550000053830445
adult_core,2005,iid,B3,4,6,2051,513,True,True,0.7602339181286549,0.5002811458077596,0.04411764705882353,0.09615384615384616,0.09615384615384616,0.15244814688881325,,1.1815409816335887
adult_core,2005,iid,B3,4,7,2050,513,True,True,0.7797270955165692,0.54090869492908,0.04610951008645533,0.13636363636363635,0.13636363636363635,0.17424742196451504,,1.1530420160852373
adult_core,2005,iid,B3,4,8,2050,513,True,True,0.7621832358674464,0.5014180103243898,0.017080745341614908,0.033191085822664765,0.033191085822664765,0.20315734989648038,,1.1457499931566417
adult_core,2005,iid,B3,4,9,2050,513,True,True,0.7777777777777778,0.554931506849315,0.028644528733986974,0.08662280701754385,0.08662280701754385,0.16419165533528957,,1.1476669751573354
adult_core,2005,iid,B3,5,0,2051,513,True,True,0.7894736842105263,0.5736317182786431,0.053865030674846624,0.1292452830188679,0.1292452830188679,0.13772129710780023,,1.171332987723872
adult_core,2005,iid,B3,5,1,2051,513,True,True,0.7699805068226121,0.5177649608055573,0.010937662247758818,0.08558558558558557,0.08558558558558557,0.20786750199023918,,1.1634999827947468
adult_core,2005,iid,B3,5,2,2051,513,True,True,0.7699805068226121,0.4935579947794659,0.03188405797101449,0.07547169811320754,0.07547169811320754,0.19156314699792965,,1.163709006505087
adult_core,2005,iid,B3,5,3,2051,513,True,True,0.7660818713450293,0.5037084811351177,0.02631578947368421,0.09090909090909091,0.09090909090909091,0.18421052631578938,,1.1678749870043248
adult_core,2005,iid,B3,5,4,2051,513,True,True,0.7582846003898636,0.5104660469125162,0.03974771123069397,0.0490990990990991,0.0490990990990991,0.1850059403172828,,1.1967089958488941
adult_core,2005,iid,B3,5,5,2051,513,True,True,0.7758284600389863,0.5215056815877624,0.010746154647408076,0.06509433962264151,0.06509433962264151,0.18001111072532194,,1.1641249875538051
adult_core,2005,iid,B3,5,6,2051,513,True,True,0.7621832358674464,0.5072278911564626,0.047058823529411764,0.10576923076923077,0.10576923076923077,0.14950697041822503,,1.160040992544964
adult_core,2005,iid,B3,5,7,2050,513,True,True,0.7855750487329435,0.5607876712328768,0.05475504322766571,0.16363636363636364,0.16363636363636364,0.16560188882330473,,1.1511249758768827
adult_core,2005,iid,B3,5,8,2050,513,True,True,0.7602339181286549,0.5060550315080825,0.025776397515527953,0.02418207681365575,0.02418207681365575,0.206055900621118,,1.1537499958649278
adult_core,2005,iid,B3,5,9,2050,513,True,True,0.7797270955165692,0.5612563859981079,0.03145351749803192,0.09539473684210525,0.09539473684210525,0.16138266657124456,,1.1767499963752925
adult_core,2005,joint_dirichlet_0.3,B0,1,0,710,178,True,False,0.8033707865168539,0.7772055931051747,0.5699878983461073,,,0.3309130025547936,"equal_opportunity_gap,equalized_odds_gap",1.0550000006332994
adult_core,2005,joint_dirichlet_0.3,B0,1,1,1180,295,True,True,0.9186440677966101,0.5171849427168577,0.04166666666666663,,,0.9546432964329644,"equal_opportunity_gap,equalized_odds_gap",0.9956659923773259
adult_core,2005,joint_dirichlet_0.3,B0,1,2,524,131,True,False,0.8244274809160306,0.8082967487433989,0.4157303370786517,0.06060606060606055,,0.2584269662921348,"equalized_odds_gap,false_positive_rate_gap",0.7912500004749745
adult_core,2005,joint_dirichlet_0.3,B0,1,3,1448,362,True,False,1.0,1.0,,,,,"comparison_groups,subgroup_accuracy_gap",1.0495829919818789
adult_core,2005,joint_dirichlet_0.3,B0,1,4,1883,471,True,False,1.0,1.0,,,,,"comparison_groups,subgroup_accuracy_gap",1.2011670041829348
adult_core,2005,joint_dirichlet_0.3,B0,1,5,5540,1386,True,True,0.9227994227994228,0.48908418800621495,0.0008143322475570033,0.015625,0.015625,0.22717808106213666,,2.2290000051725656
adult_core,2005,joint_dirichlet_0.3,B0,1,6,1180,296,True,True,0.8412162162162162,0.45688073394495415,0.0,,,0.22705314009661837,"equal_opportunity_gap,equalized_odds_gap",0.9664999961387366
adult_core,2005,joint_dirichlet_0.3,B0,1,7,2685,672,True,True,0.8690476190476191,0.4760233918128655,0.0017006802721088435,0.09090909090909091,0.09090909090909091,0.9115646258503401,,1.402875001076609
adult_core,2005,joint_dirichlet_0.3,B0,1,8,1466,367,True,True,0.6948228882833788,0.6220947337452192,0.10163652024117142,0.011975204282896668,0.7032258064516129,0.31933677863910415,,1.0515839967411011
adult_core,2005,joint_dirichlet_0.3,B0,1,9,3890,973,True,False,0.9948612538540597,0.49871200412158684,,,,,"comparison_groups,subgroup_accuracy_gap",1.7134579829871655
adult_core,2005,joint_dirichlet_0.3,B0,2,0,710,178,True,False,0.797752808988764,0.7973434535104365,0.5951324458787145,,,0.1807180314643001,"equal_opportunity_gap,equalized_odds_gap",0.8952500065788627
adult_core,2005,joint_dirichlet_0.3,B0,2,1,1180,295,True,False,0.9559322033898305,0.821536600120992,0.5379766297662978,,,0.45095325953259535,"equal_opportunity_gap,equalized_odds_gap",0.9704580006655306
adult_core,2005,joint_dirichlet_0.3,B0,2,2,524,131,True,False,0.7251908396946565,0.722457627118644,0.42803638309256287,0.16450216450216454,,0.15623327982878543,"equalized_odds_gap,false_positive_rate_gap",0.7694590021856129
adult_core,2005,joint_dirichlet_0.3,B0,2,3,1448,362,True,False,1.0,1.0,,,,,"comparison_groups,subgroup_accuracy_gap",1.0184590064454824
adult_core,2005,joint_dirichlet_0.3,B0,2,4,1883,471,True,False,1.0,1.0,,,,,"comparison_groups,subgroup_accuracy_gap",1.1541249987203628
adult_core,2005,joint_dirichlet_0.3,B0,2,5,5540,1386,True,True,0.9235209235209235,0.4982719759579264,0.0016286644951140066,0.03125,0.03125,0.22799241330969366,,2.1181250049266964
adult_core,2005,joint_dirichlet_0.3,B0,2,6,1180,296,True,True,0.8412162162162162,0.45688073394495415,0.0,,,0.22705314009661837,"equal_opportunity_gap,equalized_odds_gap",0.9539169841445982
adult_core,2005,joint_dirichlet_0.3,B0,2,7,2685,672,True,True,0.8705357142857143,0.48726134200994536,0.01020408163265306,0.0780885780885781,0.0780885780885781,0.8996598639455782,,1.363084011245519
adult_core,2005,joint_dirichlet_0.3,B0,2,8,1466,367,True,True,0.7111716621253406,0.7108088016651799,0.005239735859890904,0.21611721611721613,0.21611721611721613,0.2523686477174849,,1.0328330099582672
adult_core,2005,joint_dirichlet_0.3,B0,2,9,3890,973,True,False,0.9948612538540597,0.49871200412158684,,,,,"comparison_groups,subgroup_accuracy_gap",1.6783330065663904
adult_core,2005,joint_dirichlet_0.3,B0,3,0,710,178,True,False,0.6910112359550562,0.6874501165277911,0.4476267312088208,,,0.4476267312088208,"equal_opportunity_gap,equalized_odds_gap",0.8445419953204691
adult_core,2005,joint_dirichlet_0.3,B0,3,1,1180,295,True,False,0.9423728813559322,0.8445876847748613,0.8650061500615006,,,0.027982779827798288,"equal_opportunity_gap,equalized_odds_gap",0.9532090043649077
adult_core,2005,joint_dirichlet_0.3,B0,3,2,524,131,True,False,0.6183206106870229,0.5986519607843137,0.25735687533440343,0.07792207792207789,,0.34938469769930447,"equalized_odds_gap,false_positive_rate_gap",0.770999991800636
adult_core,2005,joint_dirichlet_0.3,B0,3,3,1448,362,True,False,0.9834254143646409,0.4958217270194986,,,,,"comparison_groups,subgroup_accuracy_gap",1.026416983222589
adult_core,2005,joint_dirichlet_0.3,B0,3,4,1883,471,True,False,1.0,1.0,,,,,"comparison_groups,subgroup_accuracy_gap",1.1227909999433905
adult_core,2005,joint_dirichlet_0.3,B0,3,5,5540,1386,True,True,0.9227994227994228,0.4979127944178677,0.0024429967426710096,0.03125,0.03125,0.22717808106213666,,2.1120000164955854
adult_core,2005,joint_dirichlet_0.3,B0,3,6,1180,296,True,True,0.8445945945945946,0.4785539215686274,0.004830917874396135,,,0.2222222222222222,"equal_opportunity_gap,equalized_odds_gap",0.9502500179223716
adult_core,2005,joint_dirichlet_0.3,B0,3,7,2685,672,True,True,0.8735119047619048,0.5090379309455662,0.03401360544217687,0.05244755244755245,0.05244755244755245,0.8758503401360545,,1.3834999990649521
adult_core,2005,joint_dirichlet_0.3,B0,3,8,1466,367,True,True,0.6348773841961853,0.6271003942978466,0.028136663795578498,0.20555085939701323,0.20555085939701323,0.40302899799023834,,1.0288749763276428
adult_core,2005,joint_dirichlet_0.3,B0,3,9,3890,973,True,False,0.9948612538540597,0.49871200412158684,,,,,"comparison_groups,subgroup_accuracy_gap",1.6829590022098273
adult_core,2005,joint_dirichlet_0.3,B0,4,0,710,178,True,False,0.6179775280898876,0.6016848756087929,0.31840796019900497,,,0.5886782304692753,"equal_opportunity_gap,equalized_odds_gap",0.8305420051328838
adult_core,2005,joint_dirichlet_0.3,B0,4,1,1180,295,True,False,0.8271186440677966,0.6800637958532696,0.7395448954489544,,,0.0974784747847478,"equal_opportunity_gap,equalized_odds_gap",0.9678330097813159
adult_core,2005,joint_dirichlet_0.3,B0,4,2,524,131,True,False,0.549618320610687,0.5082394859069796,0.14820759764579988,0.025974025974025955,,0.458533975387908,"equalized_odds_gap,false_positive_rate_gap",0.7943749951664358
adult_core,2005,joint_dirichlet_0.3,B0,4,3,1448,362,True,False,0.8922651933701657,0.47153284671532847,,,,,"comparison_groups,subgroup_accuracy_gap",1.035540975863114
adult_core,2005,joint_dirichlet_0.3,B0,4,4,1883,471,True,False,1.0,1.0,,,,,"comparison_groups,subgroup_accuracy_gap",1.1252090043853968
adult_core,2005,joint_dirichlet_0.3,B0,4,5,5540,1386,True,True,0.9242424242424242,0.5156539653273071,0.0030717849338226196,0.024147727272727272,0.024147727272727272,0.221663299385643,,2.092791983159259
adult_core,2005,joint_dirichlet_0.3,B0,4,6,1180,296,True,True,0.8445945945945946,0.4785539215686274,0.004830917874396135,,,0.2222222222222222,"equal_opportunity_gap,equalized_odds_gap",0.9514580015093088
adult_core,2005,joint_dirichlet_0.3,B0,4,7,2685,672,True,True,0.875,0.5288461538461539,0.05612244897959184,0.026806526806526815,0.026806526806526815,0.8503401360544218,,1.3797080027870834
adult_core,2005,joint_dirichlet_0.3,B0,4,8,1466,367,True,False,0.5667574931880109,0.5428063275171782,0.06416881998277346,0.1885038038884193,0.1885038038884193,0.45757967269595173,,1.0569579899311066
adult_core,2005,joint_dirichlet_0.3,B0,4,9,3890,973,True,False,0.9948612538540597,0.49871200412158684,,,,,"comparison_groups,subgroup_accuracy_gap",1.6807500214781612
adult_core,2005,joint_dirichlet_0.3,B0,5,0,710,178,True,False,0.5842696629213483,0.5597593582887701,0.2643539061449509,,,0.6427322845233292,"equal_opportunity_gap,equalized_odds_gap",0.8237499860115349
adult_core,2005,joint_dirichlet_0.3,B0,5,1,1180,295,True,False,0.7423728813559322,0.6120033227190917,0.6778905289052891,,,0.23508610086100867,"equal_opportunity_gap,equalized_odds_gap",0.9380420087836683
adult_core,2005,joint_dirichlet_0.3,B0,5,2,524,131,True,False,0.5038167938931297,0.4407224958949097,0.18057784911717495,0.15367965367965367,,0.4261637239165329,"equalized_odds_gap,false_positive_rate_gap",0.7511670119129121
adult_core,2005,joint_dirichlet_0.3,B0,5,3,1448,362,True,False,0.7928176795580111,0.4422187981510015,,,,,"comparison_groups,subgroup_accuracy_gap",1.250542001798749
adult_core,2005,joint_dirichlet_0.3,B0,5,4,1883,471,True,False,1.0,1.0,,,,,"comparison_groups,subgroup_accuracy_gap",1.1541659769136459
adult_core,2005,joint_dirichlet_0.3,B0,5,5,5540,1386,True,True,0.9242424242424242,0.5156539653273071,0.0030717849338226196,0.024147727272727272,0.024147727272727272,0.221663299385643,,2.1149579843040556
adult_core,2005,joint_dirichlet_0.3,B0,5,6,1180,296,True,True,0.8445945945945946,0.49756457564575646,0.014492753623188406,,,0.2222222222222222,"equal_opportunity_gap,equalized_odds_gap",0.9511249954812229
adult_core,2005,joint_dirichlet_0.3,B0,5,7,2685,672,True,True,0.875,0.5377207062600321,0.06632653061224489,0.013986013986013984,0.013986013986013984,0.8367346938775511,,1.4084999857004732
adult_core,2005,joint_dirichlet_0.3,B0,5,8,1466,367,True,False,0.5722070844686649,0.5448340693109196,0.045650301464254944,0.17666948436179208,0.17666948436179208,0.4637525122021246,,1.040625007590279
adult_core,2005,joint_dirichlet_0.3,B0,5,9,3890,973,True,False,0.9958890030832477,0.6656357388316151,,,,,"comparison_groups,subgroup_accuracy_gap",1.6881249903235584
adult_core,2005,joint_dirichlet_0.3,B1,1,0,710,178,True,False,0.8033707865168539,0.7772055931051747,0.5699878983461073,,,0.3309130025547936,"equal_opportunity_gap,equalized_odds_gap",0.9987090015783906
adult_core,2005,joint_dirichlet_0.3,B1,1,1,1180,295,True,True,0.9186440677966101,0.5171849427168577,0.04166666666666663,,,0.9546432964329644,"equal_opportunity_gap,equalized_odds_gap",0.9764579881448299
adult_core,2005,joint_dirichlet_0.3,B1,1,2,524,131,True,False,0.8244274809160306,0.8082967487433989,0.4157303370786517,0.06060606060606055,,0.2584269662921348,"equalized_odds_gap,false_positive_rate_gap",0.7766670023556799
adult_core,2005,joint_dirichlet_0.3,B1,1,3,1448,362,True,False,1.0,1.0,,,,,"comparison_groups,subgroup_accuracy_gap",1.0254169756080955
adult_core,2005,joint_dirichlet_0.3,B1,1,4,1883,471,True,False,1.0,1.0,,,,,"comparison_groups,subgroup_accuracy_gap",1.1510839976835996
adult_core,2005,joint_dirichlet_0.3,B1,1,5,5540,1386,True,True,0.9227994227994228,0.48908418800621495,0.0008143322475570033,0.015625,0.015625,0.22717808106213666,,2.184749988373369
adult_core,2005,joint_dirichlet_0.3,B1,1,6,1180,296,True,True,0.8412162162162162,0.45688073394495415,0.0,,,0.22705314009661837,"equal_opportunity_gap,equalized_odds_gap",0.9540419850964099
adult_core,2005,joint_dirichlet_0.3,B1,1,7,2685,672,True,True,0.8690476190476191,0.4760233918128655,0.0017006802721088435,0.09090909090909091,0.09090909090909091,0.9115646258503401,,1.389500015648082
adult_core,2005,joint_dirichlet_0.3,B1,1,8,1466,367,True,True,0.6948228882833788,0.6220947337452192,0.10163652024117142,0.011975204282896668,0.7032258064516129,0.31933677863910415,,1.0500409989617765
adult_core,2005,joint_dirichlet_0.3,B1,1,9,3890,973,True,False,0.9948612538540597,0.49871200412158684,,,,,"comparison_groups,subgroup_accuracy_gap",1.7225409974344075
adult_core,2005,joint_dirichlet_0.3,B1,2,0,710,178,True,False,0.797752808988764,0.7973434535104365,0.5951324458787145,,,0.1807180314643001,"equal_opportunity_gap,equalized_odds_gap",0.8335839956998825
adult_core,2005,joint_dirichlet_0.3,B1,2,1,1180,295,True,False,0.9559322033898305,0.821536600120992,0.5379766297662978,,,0.45095325953259535,"equal_opportunity_gap,equalized_odds_gap",0.9365419973619282
adult_core,2005,joint_dirichlet_0.3,B1,2,2,524,131,True,False,0.7251908396946565,0.722457627118644,0.42803638309256287,0.16450216450216454,,0.15623327982878543,"equalized_odds_gap,false_positive_rate_gap",0.7555829943157732
adult_core,2005,joint_dirichlet_0.3,B1,2,3,1448,362,True,False,1.0,1.0,,,,,"comparison_groups,subgroup_accuracy_gap",0.996499991742894
adult_core,2005,joint_dirichlet_0.3,B1,2,4,1883,471,True,False,1.0,1.0,,,,,"comparison_groups,subgroup_accuracy_gap",1.1479580134619027
adult_core,2005,joint_dirichlet_0.3,B1,2,5,5540,1386,True,True,0.9235209235209235,0.4982719759579264,0.0016286644951140066,0.03125,0.03125,0.22799241330969366,,2.097874996252358
adult_core,2005,joint_dirichlet_0.3,B1,2,6,1180,296,True,True,0.8412162162162162,0.45688073394495415,0.0,,,0.22705314009661837,"equal_opportunity_gap,equalized_odds_gap",0.9588749962858856
adult_core,2005,joint_dirichlet_0.3,B1,2,7,2685,672,True,True,0.8705357142857143,0.48726134200994536,0.01020408163265306,0.0780885780885781,0.0780885780885781,0.8996598639455782,,1.3690839987248182
adult_core,2005,joint_dirichlet_0.3,B1,2,8,1466,367,True,True,0.7111716621253406,0.7108088016651799,0.005239735859890904,0.21611721611721613,0.21611721611721613,0.2523686477174849,,1.034875022014603
adult_core,2005,joint_dirichlet_0.3,B1,2,9,3890,973,True,False,0.9948612538540597,0.49871200412158684,,,,,"comparison_groups,subgroup_accuracy_gap",1.6748750058468431
adult_core,2005,joint_dirichlet_0.3,B1,3,0,710,178,True,False,0.6910112359550562,0.6874501165277911,0.4476267312088208,,,0.4476267312088208,"equal_opportunity_gap,equalized_odds_gap",0.9131249971687794
adult_core,2005,joint_dirichlet_0.3,B1,3,1,1180,295,True,False,0.9423728813559322,0.8445876847748613,0.8650061500615006,,,0.027982779827798288,"equal_opportunity_gap,equalized_odds_gap",1.009416999295354
adult_core,2005,joint_dirichlet_0.3,B1,3,2,524,131,True,False,0.6183206106870229,0.5986519607843137,0.25735687533440343,0.07792207792207789,,0.34938469769930447,"equalized_odds_gap,false_positive_rate_gap",0.7887909887358546
adult_core,2005,joint_dirichlet_0.3,B1,3,3,1448,362,True,False,0.9834254143646409,0.4958217270194986,,,,,"comparison_groups,subgroup_accuracy_gap",1.0390840179752558
adult_core,2005,joint_dirichlet_0.3,B1,3,4,1883,471,True,False,1.0,1.0,,,,,"comparison_groups,subgroup_accuracy_gap",1.115915976697579
adult_core,2005,joint_dirichlet_0.3,B1,3,5,5540,1386,True,True,0.9227994227994228,0.4979127944178677,0.0024429967426710096,0.03125,0.03125,0.22717808106213666,,2.0851250155828893
adult_core,2005,joint_dirichlet_0.3,B1,3,6,1180,296,True,True,0.8445945945945946,0.4785539215686274,0.004830917874396135,,,0.2222222222222222,"equal_opportunity_gap,equalized_odds_gap",0.9352919878438115
adult_core,2005,joint_dirichlet_0.3,B1,3,7,2685,672,True,True,0.8735119047619048,0.5090379309455662,0.03401360544217687,0.05244755244755245,0.05244755244755245,0.8758503401360545,,1.368208002531901
adult_core,2005,joint_dirichlet_0.3,B1,3,8,1466,367,True,True,0.6348773841961853,0.6271003942978466,0.028136663795578498,0.20555085939701323,0.20555085939701323,0.40302899799023834,,1.0319580032955855
adult_core,2005,joint_dirichlet_0.3,B1,3,9,3890,973,True,False,0.9948612538540597,0.49871200412158684,,,,,"comparison_groups,subgroup_accuracy_gap",1.6732499934732914
adult_core,2005,joint_dirichlet_0.3,B1,4,0,710,178,True,False,0.6179775280898876,0.6016848756087929,0.31840796019900497,,,0.5886782304692753,"equal_opportunity_gap,equalized_odds_gap",0.8547499892301857
adult_core,2005,joint_dirichlet_0.3,B1,4,1,1180,295,True,False,0.8271186440677966,0.6800637958532696,0.7395448954489544,,,0.0974784747847478,"equal_opportunity_gap,equalized_odds_gap",0.9439999994356185
adult_core,2005,joint_dirichlet_0.3,B1,4,2,524,131,True,False,0.549618320610687,0.5082394859069796,0.14820759764579988,0.025974025974025955,,0.458533975387908,"equalized_odds_gap,false_positive_rate_gap",0.7585000130347908
adult_core,2005,joint_dirichlet_0.3,B1,4,3,1448,362,True,False,0.8922651933701657,0.47153284671532847,,,,,"comparison_groups,subgroup_accuracy_gap",1.0186250146944076
adult_core,2005,joint_dirichlet_0.3,B1,4,4,1883,471,True,False,1.0,1.0,,,,,"comparison_groups,subgroup_accuracy_gap",1.1516669765114784
adult_core,2005,joint_dirichlet_0.3,B1,4,5,5540,1386,True,True,0.9242424242424242,0.5156539653273071,0.0030717849338226196,0.024147727272727272,0.024147727272727272,0.221663299385643,,2.089790999889374
adult_core,2005,joint_dirichlet_0.3,B1,4,6,1180,296,True,True,0.8445945945945946,0.4785539215686274,0.004830917874396135,,,0.2222222222222222,"equal_opportunity_gap,equalized_odds_gap",0.9366250014863908
adult_core,2005,joint_dirichlet_0.3,B1,4,7,2685,672,True,True,0.875,0.5288461538461539,0.05612244897959184,0.026806526806526815,0.026806526806526815,0.8503401360544218,,1.3992080057505518
adult_core,2005,joint_dirichlet_0.3,B1,4,8,1466,367,True,False,0.5667574931880109,0.5428063275171782,0.06416881998277346,0.1885038038884193,0.1885038038884193,0.45757967269595173,,1.0417499870527536
adult_core,2005,joint_dirichlet_0.3,B1,4,9,3890,973,True,False,0.9948612538540597,0.49871200412158684,,,,,"comparison_groups,subgroup_accuracy_gap",1.688916003331542
adult_core,2005,joint_dirichlet_0.3,B1,5,0,710,178,True,False,0.5842696629213483,0.5597593582887701,0.2643539061449509,,,0.6427322845233292,"equal_opportunity_gap,equalized_odds_gap",0.8562089933548123
adult_core,2005,joint_dirichlet_0.3,B1,5,1,1180,295,True,False,0.7423728813559322,0.6120033227190917,0.6778905289052891,,,0.23508610086100867,"equal_opportunity_gap,equalized_odds_gap",0.9567080123815686
adult_core,2005,joint_dirichlet_0.3,B1,5,2,524,131,True,False,0.5038167938931297,0.4407224958949097,0.18057784911717495,0.15367965367965367,,0.4261637239165329,"equalized_odds_gap,false_positive_rate_gap",0.7765409827698022
adult_core,2005,joint_dirichlet_0.3,B1,5,3,1448,362,True,False,0.7928176795580111,0.4422187981510015,,,,,"comparison_groups,subgroup_accuracy_gap",1.0183750127907842
adult_core,2005,joint_dirichlet_0.3,B1,5,4,1883,471,True,False,1.0,1.0,,,,,"comparison_groups,subgroup_accuracy_gap",1.1067079904023558
adult_core,2005,joint_dirichlet_0.3,B1,5,5,5540,1386,True,True,0.9242424242424242,0.5156539653273071,0.0030717849338226196,0.024147727272727272,0.024147727272727272,0.221663299385643,,2.0861249940935522
adult_core,2005,joint_dirichlet_0.3,B1,5,6,1180,296,True,True,0.8445945945945946,0.49756457564575646,0.014492753623188406,,,0.2222222222222222,"equal_opportunity_gap,equalized_odds_gap",0.9355839865747839
adult_core,2005,joint_dirichlet_0.3,B1,5,7,2685,672,True,True,0.875,0.5377207062600321,0.06632653061224489,0.013986013986013984,0.013986013986013984,0.8367346938775511,,1.3503340014722198
adult_core,2005,joint_dirichlet_0.3,B1,5,8,1466,367,True,False,0.5722070844686649,0.5448340693109196,0.045650301464254944,0.17666948436179208,0.17666948436179208,0.4637525122021246,,1.021790987579152
adult_core,2005,joint_dirichlet_0.3,B1,5,9,3890,973,True,False,0.9958890030832477,0.6656357388316151,,,,,"comparison_groups,subgroup_accuracy_gap",1.674708997597918
adult_core,2005,joint_dirichlet_0.3,B3,1,0,710,178,True,False,0.8033707865168539,0.7772055931051747,0.5699878983461073,,,0.3309130025547936,"equal_opportunity_gap,equalized_odds_gap",1.0017080057878047
adult_core,2005,joint_dirichlet_0.3,B3,1,1,1180,295,True,True,0.9186440677966101,0.5171849427168577,0.04166666666666663,,,0.9546432964329644,"equal_opportunity_gap,equalized_odds_gap",1.0227090097032487
adult_core,2005,joint_dirichlet_0.3,B3,1,2,524,131,True,False,0.8244274809160306,0.8082967487433989,0.4157303370786517,0.06060606060606055,,0.2584269662921348,"equalized_odds_gap,false_positive_rate_gap",0.9094580018427223
adult_core,2005,joint_dirichlet_0.3,B3,1,3,1448,362,True,False,1.0,1.0,,,,,"comparison_groups,subgroup_accuracy_gap",1.0802080214489251
adult_core,2005,joint_dirichlet_0.3,B3,1,4,1883,471,True,False,1.0,1.0,,,,,"comparison_groups,subgroup_accuracy_gap",1.153917022747919
adult_core,2005,joint_dirichlet_0.3,B3,1,5,5540,1386,True,True,0.9227994227994228,0.48908418800621495,0.0008143322475570033,0.015625,0.015625,0.22717808106213666,,2.2477089951280504
adult_core,2005,joint_dirichlet_0.3,B3,1,6,1180,296,True,True,0.8412162162162162,0.45688073394495415,0.0,,,0.22705314009661837,"equal_opportunity_gap,equalized_odds_gap",0.9874590032268316
adult_core,2005,joint_dirichlet_0.3,B3,1,7,2685,672,True,True,0.8690476190476191,0.4760233918128655,0.0017006802721088435,0.09090909090909091,0.09090909090909091,0.9115646258503401,,1.4171660004649311
adult_core,2005,joint_dirichlet_0.3,B3,1,8,1466,367,True,True,0.6948228882833788,0.6220947337452192,0.10163652024117142,0.011975204282896668,0.7032258064516129,0.31933677863910415,,1.0435410076752305
adult_core,2005,joint_dirichlet_0.3,B3,1,9,3890,973,True,False,0.9948612538540597,0.49871200412158684,,,,,"comparison_groups,subgroup_accuracy_gap",1.7315409786533564
adult_core,2005,joint_dirichlet_0.3,B3,2,0,710,178,True,False,0.7865168539325843,0.7862740141557129,0.5771144278606964,,,0.19873604948231816,"equal_opportunity_gap,equalized_odds_gap",0.9174589940812439
adult_core,2005,joint_dirichlet_0.3,B3,2,1,1180,295,True,False,0.9559322033898305,0.821536600120992,0.5379766297662978,,,0.45095325953259535,"equal_opportunity_gap,equalized_odds_gap",1.0517080081626773
adult_core,2005,joint_dirichlet_0.3,B3,2,2,524,131,True,False,0.7251908396946565,0.722457627118644,0.42803638309256287,0.16450216450216454,,0.15623327982878543,"equalized_odds_gap,false_positive_rate_gap",0.7836250006221235
adult_core,2005,joint_dirichlet_0.3,B3,2,3,1448,362,True,False,1.0,1.0,,,,,"comparison_groups,subgroup_accuracy_gap",1.024041004711762
adult_core,2005,joint_dirichlet_0.3,B3,2,4,1883,471,True,False,1.0,1.0,,,,,"comparison_groups,subgroup_accuracy_gap",1.1276669974904507
adult_core,2005,joint_dirichlet_0.3,B3,2,5,5540,1386,True,True,0.9235209235209235,0.4982719759579264,0.0016286644951140066,0.03125,0.03125,0.22799241330969366,,2.095499978167936
adult_core,2005,joint_dirichlet_0.3,B3,2,6,1180,296,True,True,0.8412162162162162,0.45688073394495415,0.0,,,0.22705314009661837,"equal_opportunity_gap,equalized_odds_gap",0.9470410004723817
adult_core,2005,joint_dirichlet_0.3,B3,2,7,2685,672,True,True,0.8705357142857143,0.48726134200994536,0.01020408163265306,0.0780885780885781,0.0780885780885781,0.8996598639455782,,1.4030419988557696
adult_core,2005,joint_dirichlet_0.3,B3,2,8,1466,367,True,True,0.7057220708446866,0.7055449898965886,0.00875681883433821,0.22809242040011274,0.22809242040011274,0.27253804191788683,,1.0301249858457595
adult_core,2005,joint_dirichlet_0.3,B3,2,9,3890,973,True,False,0.9948612538540597,0.49871200412158684,,,,,"comparison_groups,subgroup_accuracy_gap",1.6880830226000398
adult_core,2005,joint_dirichlet_0.3,B3,3,0,710,178,True,False,0.6179775280898876,0.6016848756087929,0.31840796019900497,,,0.5886782304692753,"equal_opportunity_gap,equalized_odds_gap",0.8316659950651228
adult_core,2005,joint_dirichlet_0.3,B3,3,1,1180,295,True,False,0.8847457627118644,0.748848157051282,0.8022755227552275,,,0.0347478474784747,"equal_opportunity_gap,equalized_odds_gap",0.9600830089766532
adult_core,2005,joint_dirichlet_0.3,B3,3,2,524,131,True,False,0.5419847328244275,0.49744245524296676,0.12439807383627607,0.0021645021645021467,,0.4823434991974318,"equalized_odds_gap,false_positive_rate_gap",0.8490839973092079
adult_core,2005,joint_dirichlet_0.3,B3,3,3,1448,362,True,False,0.9585635359116023,0.4894217207334274,,,,,"comparison_groups,subgroup_accuracy_gap",1.0626250004861504
adult_core,2005,joint_dirichlet_0.3,B3,3,4,1883,471,True,False,1.0,1.0,,,,,"comparison_groups,subgroup_accuracy_gap",1.148832991020754
adult_core,2005,joint_dirichlet_0.3,B3,3,5,5540,1386,True,True,0.9235209235209235,0.4982719759579264,0.0016286644951140066,0.03125,0.03125,0.22799241330969366,,2.1426670136861503
adult_core,2005,joint_dirichlet_0.3,B3,3,6,1180,296,True,True,0.8412162162162162,0.45688073394495415,0.0,,,0.22705314009661837,"equal_opportunity_gap,equalized_odds_gap",0.9503340115770698
adult_core,2005,joint_dirichlet_0.3,B3,3,7,2685,672,True,True,0.8705357142857143,0.48726134200994536,0.01020408163265306,0.0780885780885781,0.0780885780885781,0.8996598639455782,,1.3801250024698675
adult_core,2005,joint_dirichlet_0.3,B3,3,8,1466,367,True,False,0.55858310626703,0.5323001887979861,0.05490956072351422,0.17075232459847844,0.17075232459847844,0.44832041343669254,,1.0308340133633465
adult_core,2005,joint_dirichlet_0.3,B3,3,9,3890,973,True,False,0.9948612538540597,0.49871200412158684,,,,,"comparison_groups,subgroup_accuracy_gap",1.7140829877462238
adult_core,2005,joint_dirichlet_0.3,B3,4,0,710,178,True,False,0.5449438202247191,0.5042464670082178,0.2072072072072072,,,0.7297297297297297,"equal_opportunity_gap,equalized_odds_gap",0.8734999864827842
adult_core,2005,joint_dirichlet_0.3,B3,4,1,1180,295,True,False,0.6610169491525424,0.553030303030303,0.6273062730627307,,,0.36900369003690037,"equal_opportunity_gap,equalized_odds_gap",0.9597080061212182
adult_core,2005,joint_dirichlet_0.3,B3,4,2,524,131,True,False,0.48091603053435117,0.3964769647696477,0.13162118780096307,0.11255411255411255,,0.49759229534510435,"equalized_odds_gap,false_positive_rate_gap",0.7924999808892608
adult_core,2005,joint_dirichlet_0.3,B3,4,3,1448,362,True,False,0.7237569060773481,0.4198717948717949,,,,,"comparison_groups,subgroup_accuracy_gap",1.0434169962536544
adult_core,2005,joint_dirichlet_0.3,B3,4,4,1883,471,True,False,1.0,1.0,,,,,"comparison_groups,subgroup_accuracy_gap",1.1306249944027513
adult_core,2005,joint_dirichlet_0.3,B3,4,5,5540,1386,True,True,0.9235209235209235,0.4982719759579264,0.0016286644951140066,0.03125,0.03125,0.22799241330969366,,2.132416993845254
adult_core,2005,joint_dirichlet_0.3,B3,4,6,1180,296,True,True,0.8412162162162162,0.45688073394495415,0.0,,,0.22705314009661837,"equal_opportunity_gap,equalized_odds_gap",0.9543329942971468
adult_core,2005,joint_dirichlet_0.3,B3,4,7,2685,672,True,True,0.8690476190476191,0.4760233918128655,0.0017006802721088435,0.09090909090909091,0.09090909090909091,0.9115646258503401,,1.366458018310368
adult_core,2005,joint_dirichlet_0.3,B3,4,8,1466,367,True,False,0.5040871934604905,0.4436058909769426,0.02899799023830031,0.10016906170752324,0.10016906170752324,0.4656187194946885,,1.0386670182924718
adult_core,2005,joint_dirichlet_0.3,B3,4,9,3890,973,True,False,0.9948612538540597,0.49871200412158684,,,,,"comparison_groups,subgroup_accuracy_gap",1.6812499961815774
adult_core,2005,joint_dirichlet_0.3,B3,5,0,710,178,True,False,0.5,0.43828670708789846,0.13513513513513514,,,0.8018018018018018,"equal_opportunity_gap,equalized_odds_gap",0.8380000072065741
adult_core,2005,joint_dirichlet_0.3,B3,5,1,1180,295,True,False,0.5016949152542373,0.4398806525361336,0.45387453874538747,,,0.5424354243542435,"equal_opportunity_gap,equalized_odds_gap",0.9484580077696592
adult_core,2005,joint_dirichlet_0.3,B3,5,2,524,131,True,False,0.4732824427480916,0.3834663392674442,0.10781166399143927,0.08874458874458874,,0.5214018191546281,"equalized_odds_gap,false_positive_rate_gap",0.7879159820731729
adult_core,2005,joint_dirichlet_0.3,B3,5,3,1448,362,True,False,0.511049723756906,0.3382084095063985,,,,,"comparison_groups,subgroup_accuracy_gap",1.035875000525266
adult_core,2005,joint_dirichlet_0.3,B3,5,4,1883,471,True,False,1.0,1.0,,,,,"comparison_groups,subgroup_accuracy_gap",1.1250840034335852
adult_core,2005,joint_dirichlet_0.3,B3,5,5,5540,1386,True,True,0.9235209235209235,0.4982719759579264,0.0016286644951140066,0.03125,0.03125,0.22799241330969366,,2.088374982122332
adult_core,2005,joint_dirichlet_0.3,B3,5,6,1180,296,True,True,0.8412162162162162,0.45688073394495415,0.0,,,0.22705314009661837,"equal_opportunity_gap,equalized_odds_gap",0.9448750060983002
adult_core,2005,joint_dirichlet_0.3,B3,5,7,2685,672,True,True,0.8690476190476191,0.4760233918128655,0.0017006802721088435,0.09090909090909091,0.09090909090909091,0.9115646258503401,,1.4669579977635294
adult_core,2005,joint_dirichlet_0.3,B3,5,8,1466,367,True,False,0.4877384196185286,0.41552588777446464,0.05699109962675854,0.11820231051000282,0.11820231051000282,0.49978466838931956,,1.0628330055624247
adult_core,2005,joint_dirichlet_0.3,B3,5,9,3890,973,True,False,0.9948612538540597,0.49871200412158684,,,,,"comparison_groups,subgroup_accuracy_gap",1.7035840137396008
adult_core,2006,iid,B0,1,0,2051,513,True,True,0.7699805068226121,0.5177649608055573,0.030864197530864196,0.03571428571428571,0.03571428571428571,0.20085470085470092,,1.3642919948324561
adult_core,2006,iid,B0,1,1,2051,513,True,True,0.7582846003898636,0.47445472571050895,0.023054755043227664,0.05454545454545454,0.05454545454545454,0.19704176938300755,,1.242541999090463
adult_core,2006,iid,B0,1,2,2051,513,True,True,0.7621832358674464,0.4626888736263736,0.014577259475218658,0.038461538461538464,0.038461538461538464,0.17093122963471097,,1.297666982281953
adult_core,2006,iid,B0,1,3,2051,513,True,True,0.7680311890838206,0.510782545979084,0.020142424659419296,0.042592592592592585,0.042592592592592585,0.16944750240814632,,1.2347910087555647
adult_core,2006,iid,B0,1,4,2051,513,True,True,0.7641325536062378,0.496540760627124,0.02231718898385565,0.01717171717171717,0.01717171717171717,0.191358024691358,,1.2853749794885516
adult_core,2006,iid,B0,1,5,2051,513,True,True,0.7641325536062378,0.5084066556320237,0.026059584422732904,0.1,0.1,0.15761318288151915,,1.2213340087328106
adult_core,2006,iid,B0,1,6,2051,513,True,True,0.7563352826510721,0.4861161197259286,0.025495750708215296,0.07142857142857142,0.07142857142857142,0.1724504249291785,,1.2477920099627227
adult_core,2006,iid,B0,1,7,2050,513,True,True,0.7719298245614035,0.501010101010101,0.028735632183908046,0.08333333333333333,0.08333333333333333,0.18432601880877741,,1.1968330072704703
adult_core,2006,iid,B0,1,8,2050,513,True,True,0.7660818713450293,0.5037084811351177,0.011283643892339545,0.033191085822664765,0.033191085822664765,0.197360248447205,,1.2042920279782265
adult_core,2006,iid,B0,1,9,2050,513,True,True,0.7738791423001949,0.47523809523809524,0.01466275659824047,0.04854368932038835,0.04854368932038835,0.18273886653481553,,1.195583987282589
adult_core,2006,iid,B0,2,0,2051,513,True,True,0.7699805068226121,0.5177649608055573,0.030864197530864196,0.03571428571428571,0.03571428571428571,0.20085470085470092,,1.1823750101029873
adult_core,2006,iid,B0,2,1,2051,513,True,True,0.7641325536062378,0.496540760627124,0.03170028818443804,0.08181818181818182,0.08181818181818182,0.18839623624179713,,1.1731249978765845
adult_core,2006,iid,B0,2,2,2051,513,True,True,0.7602339181286549,0.46181926734615547,0.01749271137026239,0.038461538461538464,0.038461538461538464,0.1738466815297548,,1.1767499963752925
adult_core,2006,iid,B0,2,3,2051,513,True,True,0.7699805068226121,0.5177649608055573,0.02304940140360534,0.05185185185185184,0.05185185185185184,0.16654052566396027,,1.1664579797070473
adult_core,2006,iid,B0,2,4,2051,513,True,True,0.7680311890838206,0.510782545979084,0.028015194681861352,0.03535353535353536,0.03535353535353536,0.18566001899335227,,1.20975001482293
adult_core,2006,iid,B0,2,5,2051,513,True,True,0.7621832358674464,0.5072278911564626,0.020142424659419296,0.1,0.1,0.15169602311820551,,1.170624978840351
adult_core,2006,iid,B0,2,6,2051,513,True,True,0.7602339181286549,0.5002811458077596,0.031161473087818695,0.08928571428571429,0.08928571428571429,0.16678470254957511,,1.182584004709497
adult_core,2006,iid,B0,2,7,2050,513,True,True,0.7699805068226121,0.5060223266745006,0.03735632183908046,0.09259259259259259,0.09259259259259259,0.18719958202716824,,1.1647499923128635
adult_core,2006,iid,B0,2,8,2050,513,True,True,0.7699805068226121,0.5177649608055573,0.017080745341614908,0.01517306780464675,0.01517306780464675,0.19156314699792965,,1.160124986199662
adult_core,2006,iid,B0,2,9,2050,513,True,True,0.7758284600389863,0.4832841389820711,0.017595307917888565,0.05825242718446602,0.05825242718446602,0.17980631521516743,,1.1573329975362867
adult_core,2006,iid,B0,3,0,2051,513,True,True,0.7738791423001949,0.5314625850340137,0.0365622032288699,0.053571428571428575,0.053571428571428575,0.1951566951566952,,1.1665000056382269
adult_core,2006,iid,B0,3,1,2051,513,True,True,0.7641325536062378,0.5025604038946989,0.037463976945244955,0.09090909090909091,0.09090909090909091,0.18839623624179713,,1.183292013593018
adult_core,2006,iid,B0,3,2,2051,513,True,True,0.7602339181286549,0.4687250039993601,0.023323615160349854,0.04807692307692308,0.04807692307692308,0.1738466815297548,,1.156499987700954
adult_core,2006,iid,B0,3,3,2051,513,True,True,0.7699805068226121,0.5177649608055573,0.02304940140360534,0.05185185185185184,0.05185185185185184,0.16654052566396027,,1.1506250011734664
adult_core,2006,iid,B0,3,4,2051,513,True,True,0.7699805068226121,0.5177649608055573,0.030864197530864196,0.04444444444444445,0.04444444444444445,0.18281101614434947,,1.1511250049807131
adult_core,2006,iid,B0,3,5,2051,513,True,True,0.7641325536062378,0.5140866570120162,0.02304940140360534,0.10909090909090909,0.10909090909090909,0.14878904637401946,,1.1628329812083393
adult_core,2006,iid,B0,3,6,2051,513,True,True,0.7602339181286549,0.5002811458077596,0.031161473087818695,0.08928571428571429,0.08928571428571429,0.16678470254957511,,1.1497919913381338
adult_core,2006,iid,B0,3,7,2050,513,True,True,0.7719298245614035,0.5131840412675497,0.040229885057471264,0.10185185185185185,0.10185185185185185,0.18432601880877741,,1.157165999757126
adult_core,2006,iid,B0,3,8,2050,513,True,True,0.7719298245614035,0.5246576752805518,0.019979296066252587,0.006164058795637736,0.006164058795637736,0.1886645962732919,,1.1562500149011612
adult_core,2006,iid,B0,3,9,2050,513,True,True,0.7738791423001949,0.4822870267260579,0.020527859237536656,0.05825242718446602,0.05825242718446602,0.18273886653481553,,1.1788749834522605
adult_core,2006,iid,B0,4,0,2051,513,True,True,0.7777777777777778,0.5448163138231632,0.04226020892687559,0.07142857142857142,0.07142857142857142,0.1894586894586895,,1.1681249889079481
adult_core,2006,iid,B0,4,1,2051,513,True,True,0.7680311890838206,0.5165321654562878,0.043227665706051875,0.10909090909090909,0.10909090909090909,0.18263254748099023,,1.1567919864319265
adult_core,2006,iid,B0,4,2,2051,513,True,True,0.7602339181286549,0.4687250039993601,0.023323615160349854,0.04807692307692308,0.04807692307692308,0.1738466815297548,,1.1552089999895543
adult_core,2006,iid,B0,4,3,2051,513,True,True,0.7699805068226121,0.5177649608055573,0.02304940140360534,0.05185185185185184,0.05185185185185184,0.16654052566396027,,1.1526249872986227
adult_core,2006,iid,B0,4,4,2051,513,True,True,0.7719298245614035,0.5246576752805518,0.033713200379867046,0.05353535353535353,0.05353535353535353,0.17996201329534656,,1.1815839970950037
adult_core,2006,iid,B0,4,5,2051,513,True,True,0.7641325536062378,0.5140866570120162,0.02304940140360534,0.10909090909090909,0.10909090909090909,0.14878904637401946,,1.1507919989526272
adult_core,2006,iid,B0,4,6,2051,513,True,True,0.7641325536062378,0.5140866570120162,0.036827195467422094,0.10714285714285714,0.10714285714285714,0.16111898016997173,,1.1468749726191163
adult_core,2006,iid,B0,4,7,2050,513,True,True,0.7719298245614035,0.5131840412675497,0.040229885057471264,0.10185185185185185,0.10185185185185185,0.18432601880877741,,1.145584014011547
adult_core,2006,iid,B0,4,8,2050,513,True,True,0.7758284600389863,0.538181533523817,0.025776397515527953,0.011853959222380278,0.011853959222380278,0.18286749482401654,,1.1544170265551656
adult_core,2006,iid,B0,4,9,2050,513,True,True,0.7758284600389863,0.49016100178890876,0.02346041055718475,0.06796116504854369,0.06796116504854369,0.17980631521516743,,1.1606670159380883
adult_core,2006,iid,B0,5,0,2051,513,True,True,0.7777777777777778,0.5499445915163456,0.04795821462488129,0.08035714285714285,0.08035714285714285,0.1894586894586895,,1.1849160073325038
adult_core,2006,iid,B0,5,1,2051,513,True,True,0.7680311890838206,0.5165321654562878,0.043227665706051875,0.10909090909090909,0.10909090909090909,0.18263254748099023,,1.2276670022401959
adult_core,2006,iid,B0,5,2,2051,513,True,True,0.7641325536062378,0.49034016733309793,0.03498542274052478,0.07692307692307693,0.07692307692307693,0.16801577773966725,,1.180624996777624
adult_core,2006,iid,B0,5,3,2051,513,True,True,0.7719298245614035,0.5246576752805518,0.025956378147791385,0.0611111111111111,0.0611111111111111,0.16363354891977422,,1.1950000189244747
adult_core,2006,iid,B0,5,4,2051,513,True,True,0.7777777777777778,0.5448163138231632,0.04226020892687559,0.0808080808080808,0.0808080808080808,0.17141500474833804,,1.1869999871123582
adult_core,2006,iid,B0,5,5,2051,513,True,True,0.7641325536062378,0.5140866570120162,0.02304940140360534,0.10909090909090909,0.10909090909090909,0.14878904637401946,,1.178500009700656
adult_core,2006,iid,B0,5,6,2051,513,True,True,0.7641325536062378,0.5140866570120162,0.036827195467422094,0.10714285714285714,0.10714285714285714,0.16111898016997173,,1.1910420143976808
adult_core,2006,iid,B0,5,7,2050,513,True,True,0.7777777777777778,0.5341119112867249,0.04885057471264368,0.12962962962962962,0.12962962962962962,0.17570532915360504,,1.2089170049875975
adult_core,2006,iid,B0,5,8,2050,513,True,True,0.7777777777777778,0.5499445915163456,0.016770186335403725,0.03176861071597914,0.03176861071597914,0.1799689440993789,,1.1745830124709755
adult_core,2006,iid,B0,5,9,2050,513,True,True,0.7777777777777778,0.5044234289200732,0.03225806451612903,0.08737864077669903,0.08737864077669903,0.17687376389551934,,1.1692499974742532
adult_core,2006,iid,B1,1,0,2051,513,True,True,0.7699805068226121,0.5177649608055573,0.030864197530864196,0.03571428571428571,0.03571428571428571,0.20085470085470092,,1.362709008390084
adult_core,2006,iid,B1,1,1,2051,513,True,True,0.7582846003898636,0.47445472571050895,0.023054755043227664,0.05454545454545454,0.05454545454545454,0.19704176938300755,,1.2399999832268804
adult_core,2006,iid,B1,1,2,2051,513,True,True,0.7621832358674464,0.4626888736263736,0.014577259475218658,0.038461538461538464,0.038461538461538464,0.17093122963471097,,1.2457080010790378
adult_core,2006,iid,B1,1,3,2051,513,True,True,0.7680311890838206,0.510782545979084,0.020142424659419296,0.042592592592592585,0.042592592592592585,0.16944750240814632,,1.2148329988121986
adult_core,2006,iid,B1,1,4,2051,513,True,True,0.7641325536062378,0.496540760627124,0.02231718898385565,0.01717171717171717,0.01717171717171717,0.191358024691358,,1.1978750117123127
adult_core,2006,iid,B1,1,5,2051,513,True,True,0.7641325536062378,0.5084066556320237,0.026059584422732904,0.1,0.1,0.15761318288151915,,1.2018330162391067
adult_core,2006,iid,B1,1,6,2051,513,True,True,0.7563352826510721,0.4861161197259286,0.025495750708215296,0.07142857142857142,0.07142857142857142,0.1724504249291785,,1.1889580055139959
adult_core,2006,iid,B1,1,7,2050,513,True,True,0.7719298245614035,0.501010101010101,0.028735632183908046,0.08333333333333333,0.08333333333333333,0.18432601880877741,,1.2204159866087139
adult_core,2006,iid,B1,1,8,2050,513,True,True,0.7660818713450293,0.5037084811351177,0.011283643892339545,0.033191085822664765,0.033191085822664765,0.197360248447205,,1.1830000148620456
adult_core,2006,iid,B1,1,9,2050,513,True,True,0.7738791423001949,0.47523809523809524,0.01466275659824047,0.04854368932038835,0.04854368932038835,0.18273886653481553,,1.1816250043921173
adult_core,2006,iid,B1,2,0,2051,513,True,True,0.7699805068226121,0.5177649608055573,0.030864197530864196,0.03571428571428571,0.03571428571428571,0.20085470085470092,,1.2030830257572234
adult_core,2006,iid,B1,2,1,2051,513,True,True,0.7641325536062378,0.496540760627124,0.03170028818443804,0.08181818181818182,0.08181818181818182,0.18839623624179713,,1.1727499950211495
adult_core,2006,iid,B1,2,2,2051,513,True,True,0.7602339181286549,0.46181926734615547,0.01749271137026239,0.038461538461538464,0.038461538461538464,0.1738466815297548,,1.1599580175243318
adult_core,2006,iid,B1,2,3,2051,513,True,True,0.7699805068226121,0.5177649608055573,0.02304940140360534,0.05185185185185184,0.05185185185185184,0.16654052566396027,,1.1545000015757978
adult_core,2006,iid,B1,2,4,2051,513,True,True,0.7680311890838206,0.510782545979084,0.028015194681861352,0.03535353535353536,0.03535353535353536,0.18566001899335227,,1.158915983978659
adult_core,2006,iid,B1,2,5,2051,513,True,True,0.7621832358674464,0.5072278911564626,0.020142424659419296,0.1,0.1,0.15169602311820551,,1.1634580150712281
adult_core,2006,iid,B1,2,6,2051,513,True,True,0.7602339181286549,0.5002811458077596,0.031161473087818695,0.08928571428571429,0.08928571428571429,0.16678470254957511,,1.1470839963294566
adult_core,2006,iid,B1,2,7,2050,513,True,True,0.7699805068226121,0.5060223266745006,0.03735632183908046,0.09259259259259259,0.09259259259259259,0.18719958202716824,,1.1686249927151948
adult_core,2006,iid,B1,2,8,2050,513,True,True,0.7699805068226121,0.5177649608055573,0.017080745341614908,0.01517306780464675,0.01517306780464675,0.19156314699792965,,1.152499986346811
adult_core,2006,iid,B1,2,9,2050,513,True,True,0.7758284600389863,0.4832841389820711,0.017595307917888565,0.05825242718446602,0.05825242718446602,0.17980631521516743,,1.1545830057002604
adult_core,2006,iid,B1,3,0,2051,513,True,True,0.7738791423001949,0.5314625850340137,0.0365622032288699,0.053571428571428575,0.053571428571428575,0.1951566951566952,,1.1617499985732138
adult_core,2006,iid,B1,3,1,2051,513,True,True,0.7641325536062378,0.5025604038946989,0.037463976945244955,0.09090909090909091,0.09090909090909091,0.18839623624179713,,1.1564580199774355
adult_core,2006,iid,B1,3,2,2051,513,True,True,0.7602339181286549,0.4687250039993601,0.023323615160349854,0.04807692307692308,0.04807692307692308,0.1738466815297548,,1.1721249902620912
adult_core,2006,iid,B1,3,3,2051,513,True,True,0.7699805068226121,0.5177649608055573,0.02304940140360534,0.05185185185185184,0.05185185185185184,0.16654052566396027,,1.2039580033160746
adult_core,2006,iid,B1,3,4,2051,513,True,True,0.7699805068226121,0.5177649608055573,0.030864197530864196,0.04444444444444445,0.04444444444444445,0.18281101614434947,,1.1739170004148036
adult_core,2006,iid,B1,3,5,2051,513,True,True,0.7641325536062378,0.5140866570120162,0.02304940140360534,0.10909090909090909,0.10909090909090909,0.14878904637401946,,1.1624580074567348
adult_core,2006,iid,B1,3,6,2051,513,True,True,0.7602339181286549,0.5002811458077596,0.031161473087818695,0.08928571428571429,0.08928571428571429,0.16678470254957511,,1.1618749995250255
adult_core,2006,iid,B1,3,7,2050,513,True,True,0.7719298245614035,0.5131840412675497,0.040229885057471264,0.10185185185185185,0.10185185185185185,0.18432601880877741,,1.1632079840637743
adult_core,2006,iid,B1,3,8,2050,513,True,True,0.7719298245614035,0.5246576752805518,0.019979296066252587,0.006164058795637736,0.006164058795637736,0.1886645962732919,,1.1481250112410635
adult_core,2006,iid,B1,3,9,2050,513,True,True,0.7738791423001949,0.4822870267260579,0.020527859237536656,0.05825242718446602,0.05825242718446602,0.18273886653481553,,1.1852919997181743
adult_core,2006,iid,B1,4,0,2051,513,True,True,0.7777777777777778,0.5448163138231632,0.04226020892687559,0.07142857142857142,0.07142857142857142,0.1894586894586895,,1.1630840017460287
adult_core,2006,iid,B1,4,1,2051,513,True,True,0.7680311890838206,0.5165321654562878,0.043227665706051875,0.10909090909090909,0.10909090909090909,0.18263254748099023,,1.14712500362657
adult_core,2006,iid,B1,4,2,2051,513,True,True,0.7602339181286549,0.4687250039993601,0.023323615160349854,0.04807692307692308,0.04807692307692308,0.1738466815297548,,1.1638340074568987
adult_core,2006,iid,B1,4,3,2051,513,True,True,0.7699805068226121,0.5177649608055573,0.02304940140360534,0.05185185185185184,0.05185185185185184,0.16654052566396027,,1.1587910121306777
adult_core,2006,iid,B1,4,4,2051,513,True,True,0.7719298245614035,0.5246576752805518,0.033713200379867046,0.05353535353535353,0.05353535353535353,0.17996201329534656,,1.1641249875538051
adult_core,2006,iid,B1,4,5,2051,513,True,True,0.7641325536062378,0.5140866570120162,0.02304940140360534,0.10909090909090909,0.10909090909090909,0.14878904637401946,,1.1590000067371875
adult_core,2006,iid,B1,4,6,2051,513,True,True,0.7641325536062378,0.5140866570120162,0.036827195467422094,0.10714285714285714,0.10714285714285714,0.16111898016997173,,1.1867500143125653
adult_core,2006,iid,B1,4,7,2050,513,True,True,0.7719298245614035,0.5131840412675497,0.040229885057471264,0.10185185185185185,0.10185185185185185,0.18432601880877741,,1.1523330176714808
adult_core,2006,iid,B1,4,8,2050,513,True,True,0.7758284600389863,0.538181533523817,0.025776397515527953,0.011853959222380278,0.011853959222380278,0.18286749482401654,,1.159707986516878
adult_core,2006,iid,B1,4,9,2050,513,True,True,0.7758284600389863,0.49016100178890876,0.02346041055718475,0.06796116504854369,0.06796116504854369,0.17980631521516743,,1.162542001111433
adult_core,2006,iid,B1,5,0,2051,513,True,True,0.7777777777777778,0.5499445915163456,0.04795821462488129,0.08035714285714285,0.08035714285714285,0.1894586894586895,,1.1572500225156546
adult_core,2006,iid,B1,5,1,2051,513,True,True,0.7680311890838206,0.5165321654562878,0.043227665706051875,0.10909090909090909,0.10909090909090909,0.18263254748099023,,1.184417022159323
adult_core,2006,iid,B1,5,2,2051,513,True,True,0.7641325536062378,0.49034016733309793,0.03498542274052478,0.07692307692307693,0.07692307692307693,0.16801577773966725,,1.1614579998422414
adult_core,2006,iid,B1,5,3,2051,513,True,True,0.7719298245614035,0.5246576752805518,0.025956378147791385,0.0611111111111111,0.0611111111111111,0.16363354891977422,,1.1566670145839453
adult_core,2006,iid,B1,5,4,2051,513,True,True,0.7777777777777778,0.5448163138231632,0.04226020892687559,0.0808080808080808,0.0808080808080808,0.17141500474833804,,1.1518750106915832
adult_core,2006,iid,B1,5,5,2051,513,True,True,0.7641325536062378,0.5140866570120162,0.02304940140360534,0.10909090909090909,0.10909090909090909,0.14878904637401946,,1.146750000771135
adult_core,2006,iid,B1,5,6,2051,513,True,True,0.7641325536062378,0.5140866570120162,0.036827195467422094,0.10714285714285714,0.10714285714285714,0.16111898016997173,,1.1587500048335642
adult_core,2006,iid,B1,5,7,2050,513,True,True,0.7777777777777778,0.5341119112867249,0.04885057471264368,0.12962962962962962,0.12962962962962962,0.17570532915360504,,1.14337497507222
adult_core,2006,iid,B1,5,8,2050,513,True,True,0.7777777777777778,0.5499445915163456,0.016770186335403725,0.03176861071597914,0.03176861071597914,0.1799689440993789,,1.1565830209292471
adult_core,2006,iid,B1,5,9,2050,513,True,True,0.7777777777777778,0.5044234289200732,0.03225806451612903,0.08737864077669903,0.08737864077669903,0.17687376389551934,,1.1744170042220503
adult_core,2006,iid,B3,1,0,2051,513,True,True,0.7699805068226121,0.5177649608055573,0.030864197530864196,0.03571428571428571,0.03571428571428571,0.20085470085470092,,1.5418330149259418
adult_core,2006,iid,B3,1,1,2051,513,True,True,0.7582846003898636,0.47445472571050895,0.023054755043227664,0.05454545454545454,0.05454545454545454,0.19704176938300755,,1.244459010194987
adult_core,2006,iid,B3,1,2,2051,513,True,True,0.7621832358674464,0.4626888736263736,0.014577259475218658,0.038461538461538464,0.038461538461538464,0.17093122963471097,,1.2202500074636191
adult_core,2006,iid,B3,1,3,2051,513,True,True,0.7680311890838206,0.510782545979084,0.020142424659419296,0.042592592592592585,0.042592592592592585,0.16944750240814632,,1.3180000241845846
adult_core,2006,iid,B3,1,4,2051,513,True,True,0.7641325536062378,0.496540760627124,0.02231718898385565,0.01717171717171717,0.01717171717171717,0.191358024691358,,1.2013340019620955
adult_core,2006,iid,B3,1,5,2051,513,True,True,0.7641325536062378,0.5084066556320237,0.026059584422732904,0.1,0.1,0.15761318288151915,,1.2235419999342412
adult_core,2006,iid,B3,1,6,2051,513,True,True,0.7563352826510721,0.4861161197259286,0.025495750708215296,0.07142857142857142,0.07142857142857142,0.1724504249291785,,1.2302919931244105
adult_core,2006,iid,B3,1,7,2050,513,True,True,0.7719298245614035,0.501010101010101,0.028735632183908046,0.08333333333333333,0.08333333333333333,0.18432601880877741,,1.3766670017503202
adult_core,2006,iid,B3,1,8,2050,513,True,True,0.7660818713450293,0.5037084811351177,0.011283643892339545,0.033191085822664765,0.033191085822664765,0.197360248447205,,1.202125014970079
adult_core,2006,iid,B3,1,9,2050,513,True,True,0.7738791423001949,0.47523809523809524,0.01466275659824047,0.04854368932038835,0.04854368932038835,0.18273886653481553,,1.209624984767288
adult_core,2006,iid,B3,2,0,2051,513,True,True,0.7699805068226121,0.5177649608055573,0.030864197530864196,0.03571428571428571,0.03571428571428571,0.20085470085470092,,1.1882089893333614
adult_core,2006,iid,B3,2,1,2051,513,True,True,0.7641325536062378,0.496540760627124,0.03170028818443804,0.08181818181818182,0.08181818181818182,0.18839623624179713,,1.2282500101719052
adult_core,2006,iid,B3,2,2,2051,513,True,True,0.7602339181286549,0.46181926734615547,0.01749271137026239,0.038461538461538464,0.038461538461538464,0.1738466815297548,,1.2278749782126397
adult_core,2006,iid,B3,2,3,2051,513,True,True,0.7699805068226121,0.5177649608055573,0.02304940140360534,0.05185185185185184,0.05185185185185184,0.16654052566396027,,1.1987080215476453
adult_core,2006,iid,B3,2,4,2051,513,True,True,0.7680311890838206,0.510782545979084,0.028015194681861352,0.03535353535353536,0.03535353535353536,0.18566001899335227,,1.2484580220188946
adult_core,2006,iid,B3,2,5,2051,513,True,True,0.7621832358674464,0.5072278911564626,0.020142424659419296,0.1,0.1,0.15169602311820551,,1.207082998007536
adult_core,2006,iid,B3,2,6,2051,513,True,True,0.7602339181286549,0.5002811458077596,0.031161473087818695,0.08928571428571429,0.08928571428571429,0.16678470254957511,,1.2054579856339842
adult_core,2006,iid,B3,2,7,2050,513,True,True,0.7699805068226121,0.5060223266745006,0.03735632183908046,0.09259259259259259,0.09259259259259259,0.18719958202716824,,1.1726249940693378
adult_core,2006,iid,B3,2,8,2050,513,True,True,0.7699805068226121,0.5177649608055573,0.017080745341614908,0.01517306780464675,0.01517306780464675,0.19156314699792965,,1.159667008323595
adult_core,2006,iid,B3,2,9,2050,513,True,True,0.7758284600389863,0.4832841389820711,0.017595307917888565,0.05825242718446602,0.05825242718446602,0.17980631521516743,,1.2619170011021197
adult_core,2006,iid,B3,3,0,2051,513,True,True,0.7738791423001949,0.5314625850340137,0.0365622032288699,0.053571428571428575,0.053571428571428575,0.1951566951566952,,1.1913749913219362
adult_core,2006,iid,B3,3,1,2051,513,True,True,0.7641325536062378,0.5025604038946989,0.037463976945244955,0.09090909090909091,0.09090909090909091,0.18839623624179713,,1.1753750150091946
adult_core,2006,iid,B3,3,2,2051,513,True,True,0.7602339181286549,0.4687250039993601,0.023323615160349854,0.04807692307692308,0.04807692307692308,0.1738466815297548,,1.1867920111399144
adult_core,2006,iid,B3,3,3,2051,513,True,True,0.7699805068226121,0.5177649608055573,0.02304940140360534,0.05185185185185184,0.05185185185185184,0.16654052566396027,,1.2162079801782966
adult_core,2006,iid,B3,3,4,2051,513,True,True,0.7699805068226121,0.5177649608055573,0.030864197530864196,0.04444444444444445,0.04444444444444445,0.18281101614434947,,1.2272919993847609
adult_core,2006,iid,B3,3,5,2051,513,True,True,0.7641325536062378,0.5140866570120162,0.02304940140360534,0.10909090909090909,0.10909090909090909,0.14878904637401946,,1.2201670033391565
adult_core,2006,iid,B3,3,6,2051,513,True,True,0.7602339181286549,0.5002811458077596,0.031161473087818695,0.08928571428571429,0.08928571428571429,0.16678470254957511,,1.2157079763710499
adult_core,2006,iid,B3,3,7,2050,513,True,True,0.7719298245614035,0.5131840412675497,0.040229885057471264,0.10185185185185185,0.10185185185185185,0.18432601880877741,,1.1994170199614018
adult_core,2006,iid,B3,3,8,2050,513,True,True,0.7719298245614035,0.5246576752805518,0.019979296066252587,0.006164058795637736,0.006164058795637736,0.1886645962732919,,1.2115409772377461
adult_core,2006,iid,B3,3,9,2050,513,True,True,0.7738791423001949,0.4822870267260579,0.020527859237536656,0.05825242718446602,0.05825242718446602,0.18273886653481553,,1.2189590197522193
adult_core,2006,iid,B3,4,0,2051,513,True,True,0.7777777777777778,0.5448163138231632,0.04226020892687559,0.07142857142857142,0.07142857142857142,0.1894586894586895,,1.4889170124661177
adult_core,2006,iid,B3,4,1,2051,513,True,True,0.7680311890838206,0.5165321654562878,0.043227665706051875,0.10909090909090909,0.10909090909090909,0.18263254748099023,,1.2244580138940364
adult_core,2006,iid,B3,4,2,2051,513,True,True,0.7602339181286549,0.4687250039993601,0.023323615160349854,0.04807692307692308,0.04807692307692308,0.1738466815297548,,1.2244170065969229
adult_core,2006,iid,B3,4,3,2051,513,True,True,0.7699805068226121,0.5177649608055573,0.02304940140360534,0.05185185185185184,0.05185185185185184,0.16654052566396027,,1.2108750233892351
adult_core,2006,iid,B3,4,4,2051,513,True,True,0.7719298245614035,0.5246576752805518,0.033713200379867046,0.05353535353535353,0.05353535353535353,0.17996201329534656,,1.2175420124549419
adult_core,2006,iid,B3,4,5,2051,513,True,True,0.7641325536062378,0.5140866570120162,0.02304940140360534,0.10909090909090909,0.10909090909090909,0.14878904637401946,,1.2282919778954238
adult_core,2006,iid,B3,4,6,2051,513,True,True,0.7641325536062378,0.5140866570120162,0.036827195467422094,0.10714285714285714,0.10714285714285714,0.16111898016997173,,1.18245801422745
adult_core,2006,iid,B3,4,7,2050,513,True,True,0.7719298245614035,0.5131840412675497,0.040229885057471264,0.10185185185185185,0.10185185185185185,0.18432601880877741,,1.2253339809831232
adult_core,2006,iid,B3,4,8,2050,513,True,True,0.7758284600389863,0.538181533523817,0.025776397515527953,0.011853959222380278,0.011853959222380278,0.18286749482401654,,1.2059159926138818
adult_core,2006,iid,B3,4,9,2050,513,True,True,0.7758284600389863,0.49016100178890876,0.02346041055718475,0.06796116504854369,0.06796116504854369,0.17980631521516743,,1.1904170096386224
adult_core,2006,iid,B3,5,0,2051,513,True,True,0.7777777777777778,0.5499445915163456,0.04795821462488129,0.08035714285714285,0.08035714285714285,0.1894586894586895,,1.2386250018607825
adult_core,2006,iid,B3,5,1,2051,513,True,True,0.7680311890838206,0.5165321654562878,0.043227665706051875,0.10909090909090909,0.10909090909090909,0.18263254748099023,,1.1804579989984632
adult_core,2006,iid,B3,5,2,2051,513,True,True,0.7641325536062378,0.49034016733309793,0.03498542274052478,0.07692307692307693,0.07692307692307693,0.16801577773966725,,1.17050000699237
adult_core,2006,iid,B3,5,3,2051,513,True,True,0.7719298245614035,0.5246576752805518,0.025956378147791385,0.0611111111111111,0.0611111111111111,0.16363354891977422,,1.2376249942462891
adult_core,2006,iid,B3,5,4,2051,513,True,True,0.7777777777777778,0.5448163138231632,0.04226020892687559,0.0808080808080808,0.0808080808080808,0.17141500474833804,,1.190167007734999
adult_core,2006,iid,B3,5,5,2051,513,True,True,0.7641325536062378,0.5140866570120162,0.02304940140360534,0.10909090909090909,0.10909090909090909,0.14878904637401946,,1.1770830024033785
adult_core,2006,iid,B3,5,6,2051,513,True,True,0.7641325536062378,0.5140866570120162,0.036827195467422094,0.10714285714285714,0.10714285714285714,0.16111898016997173,,1.1899590026587248
adult_core,2006,iid,B3,5,7,2050,513,True,True,0.7777777777777778,0.5341119112867249,0.04885057471264368,0.12962962962962962,0.12962962962962962,0.17570532915360504,,1.207791006891057
adult_core,2006,iid,B3,5,8,2050,513,True,True,0.7777777777777778,0.5499445915163456,0.016770186335403725,0.03176861071597914,0.03176861071597914,0.1799689440993789,,1.193042000522837
adult_core,2006,iid,B3,5,9,2050,513,True,True,0.7777777777777778,0.5044234289200732,0.03225806451612903,0.08737864077669903,0.08737864077669903,0.17687376389551934,,1.165916008176282
adult_core,2006,joint_dirichlet_0.3,B0,1,0,731,183,True,False,0.8360655737704918,0.8264854614412136,0.6426506024096386,,,0.3173493975903614,"equal_opportunity_gap,equalized_odds_gap,false_positive_rate_gap",0.9891670197248459
adult_core,2006,joint_dirichlet_0.3,B0,1,1,2206,552,True,False,0.7898550724637681,0.7808324205914567,0.4263628586981881,0.13765182186234826,0.2659251769464105,0.033532934131736525,,1.3058750191703439
adult_core,2006,joint_dirichlet_0.3,B0,1,2,5921,1481,True,True,0.9986495611073599,0.49966216216216214,0.0,,,0.002547770700636942,"equal_opportunity_gap,equalized_odds_gap",2.3565829906146973
adult_core,2006,joint_dirichlet_0.3,B0,1,3,1522,381,True,False,0.7244094488188977,0.6671713936287927,0.32887672386567013,0.014018691588784993,0.18501048218029348,0.2153910937993473,,1.0666250018402934
adult_core,2006,joint_dirichlet_0.3,B0,1,4,788,198,True,False,0.9848484848484849,0.4961832061068702,,,,,"comparison_groups,subgroup_accuracy_gap",0.8466659928672016
adult_core,2006,joint_dirichlet_0.3,B0,1,5,3260,816,True,False,0.7352941176470589,0.6871876419809178,0.4304535914678545,,,0.2937936351565511,"equal_opportunity_gap,equalized_odds_gap",1.5945420018397272
adult_core,2006,joint_dirichlet_0.3,B0,1,6,364,92,True,False,0.75,0.6109578966721825,,,,,"comparison_groups,subgroup_accuracy_gap",0.8765420061536133
adult_core,2006,joint_dirichlet_0.3,B0,1,7,3718,930,True,True,0.8301075268817204,0.46582035510186276,0.0024783147459727386,0.013422818791946308,0.013422818791946308,0.09272523952005318,,2.107834006892517
adult_core,2006,joint_dirichlet_0.3,B0,1,8,653,164,True,True,0.9329268292682927,0.48264984227129337,0.0,0.0,0.0,0.07339927121291001,,0.8979160047601908
adult_core,2006,joint_dirichlet_0.3,B0,1,9,1341,336,True,False,0.9910714285714286,0.4977578475336323,,,,,"comparison_groups,subgroup_accuracy_gap",1.1044999992009252
adult_core,2006,joint_dirichlet_0.3,B0,2,0,731,183,True,False,0.7049180327868853,0.7001820388349514,0.44566265060240967,,,0.38566265060240956,"equal_opportunity_gap,equalized_odds_gap,false_positive_rate_gap",0.9854589879978448
adult_core,2006,joint_dirichlet_0.3,B0,2,1,2206,552,True,True,0.730072463768116,0.7221867558392866,0.25448324130958866,0.11133603238866402,0.11133603238866402,0.15520647017653,,1.5048749919515103
adult_core,2006,joint_dirichlet_0.3,B0,2,2,5921,1481,True,True,0.9986495611073599,0.49966216216216214,0.0,,,0.002547770700636942,"equal_opportunity_gap,equalized_odds_gap",2.7777090144809335
adult_core,2006,joint_dirichlet_0.3,B0,2,3,1522,381,True,False,0.7112860892388452,0.7105662983425414,0.318349299926308,0.007788161993769416,0.09905660377358491,0.14106748078745135,,1.2080419983249158
adult_core,2006,joint_dirichlet_0.3,B0,2,4,788,198,True,False,0.9848484848484849,0.4961832061068702,,,,,"comparison_groups,subgroup_accuracy_gap",0.9885839826893061
adult_core,2006,joint_dirichlet_0.3,B0,2,5,3260,816,True,False,0.7757352941176471,0.7753679108620013,0.48590397053154577,,,0.16419240159335247,"equal_opportunity_gap,equalized_odds_gap",1.7698330048006028
adult_core,2006,joint_dirichlet_0.3,B0,2,6,364,92,True,False,0.7065217391304348,0.5015051173991572,,,,,"comparison_groups,subgroup_accuracy_gap",0.9291669994127005
adult_core,2006,joint_dirichlet_0.3,B0,2,7,3718,930,True,True,0.8301075268817204,0.471712494247584,0.004956629491945477,0.020134228187919462,0.020134228187919462,0.09272523952005318,,1.8658339977264404
adult_core,2006,joint_dirichlet_0.3,B0,2,8,653,164,True,True,0.9329268292682927,0.48264984227129337,0.0,0.0,0.0,0.07339927121291001,,1.031874999171123
adult_core,2006,joint_dirichlet_0.3,B0,2,9,1341,336,True,False,0.9910714285714286,0.4977578475336323,,,,,"comparison_groups,subgroup_accuracy_gap",1.1177499836776406
adult_core,2006,joint_dirichlet_0.3,B0,3,0,731,183,True,False,0.6338797814207651,0.615510050487629,0.31975903614457835,,,0.5597590361445783,"equal_opportunity_gap,equalized_odds_gap,false_positive_rate_gap",1.0588330042082816
adult_core,2006,joint_dirichlet_0.3,B0,3,1,2206,552,True,True,0.6612318840579711,0.6361239288068556,0.213857998289136,0.20242914979757087,0.20242914979757087,0.1938097830313399,,1.399667002260685
adult_core,2006,joint_dirichlet_0.3,B0,3,2,5921,1481,True,True,0.9986495611073599,0.49966216216216214,0.0,,,0.002547770700636942,"equal_opportunity_gap,equalized_odds_gap",2.5242499832529575
adult_core,2006,joint_dirichlet_0.3,B0,3,3,1522,381,True,True,0.6456692913385826,0.63995463995464,0.25065796399621015,0.11993769470404986,0.11993769470404986,0.27887146015370035,,1.134332997025922
adult_core,2006,joint_dirichlet_0.3,B0,3,4,788,198,True,False,0.9848484848484849,0.4961832061068702,,,,,"comparison_groups,subgroup_accuracy_gap",0.8865419949870557
adult_core,2006,joint_dirichlet_0.3,B0,3,5,3260,816,True,False,0.6862745098039216,0.6832298136645962,0.35575448665781473,,,0.3288131237418084,"equal_opportunity_gap,equalized_odds_gap",1.635249995160848
adult_core,2006,joint_dirichlet_0.3,B0,3,6,364,92,True,False,0.7065217391304348,0.5015051173991572,,,,,"comparison_groups,subgroup_accuracy_gap",0.7685830059926957
adult_core,2006,joint_dirichlet_0.3,B0,3,7,3718,930,True,True,0.8333333333333334,0.49015141601027123,0.008674101610904586,0.040268456375838924,0.040268456375838924,0.08900776740109406,,1.7367499822285026
adult_core,2006,joint_dirichlet_0.3,B0,3,8,653,164,True,True,0.9329268292682927,0.48264984227129337,0.0,0.0,0.0,0.07339927121291001,,0.9158330212812871
adult_core,2006,joint_dirichlet_0.3,B0,3,9,1341,336,True,False,0.9910714285714286,0.4977578475336323,,,,,"comparison_groups,subgroup_accuracy_gap",1.0078749910462648
adult_core,2006,joint_dirichlet_0.3,B0,4,0,731,183,True,False,0.5901639344262295,0.5571009067733712,0.24180722891566264,,,0.6618072289156627,"equal_opportunity_gap,equalized_odds_gap,false_positive_rate_gap",0.9993750136345625
adult_core,2006,joint_dirichlet_0.3,B0,4,1,2206,552,True,True,0.625,0.5809332399335444,0.16847344272493972,0.18421052631578946,0.18421052631578946,0.2371724084298935,,1.3831669930368662
adult_core,2006,joint_dirichlet_0.3,B0,4,2,5921,1481,True,True,0.9986495611073599,0.49966216216216214,0.0,,,0.002547770700636942,"equal_opportunity_gap,equalized_odds_gap",2.4509590002708137
adult_core,2006,joint_dirichlet_0.3,B0,4,3,1522,381,True,False,0.6194225721784777,0.6061271486728314,0.22244446783871988,0.04517133956386293,0.04594689028651293,0.3500368459837878,,1.139749976573512
adult_core,2006,joint_dirichlet_0.3,B0,4,4,788,198,True,False,0.9848484848484849,0.4961832061068702,,,,,"comparison_groups,subgroup_accuracy_gap",0.8878340013325214
adult_core,2006,joint_dirichlet_0.3,B0,4,5,3260,816,True,False,0.6433823529411765,0.6330385249587768,0.30037263888293997,,,0.41923159292414447,"equal_opportunity_gap,equalized_odds_gap",1.6529579879716039
adult_core,2006,joint_dirichlet_0.3,B0,4,6,364,92,True,False,0.6956521739130435,0.47039473684210525,,,,,"comparison_groups,subgroup_accuracy_gap",0.8040840039029717
adult_core,2006,joint_dirichlet_0.3,B0,4,7,3718,930,True,True,0.8344086021505376,0.501496693351897,0.012391573729863693,0.053691275167785234,0.053691275167785234,0.08776861002810765,,1.7930000030901283
adult_core,2006,joint_dirichlet_0.3,B0,4,8,653,164,True,True,0.9329268292682927,0.48264984227129337,0.0,0.0,0.0,0.07339927121291001,,0.895833014510572
adult_core,2006,joint_dirichlet_0.3,B0,4,9,1341,336,True,False,0.9910714285714286,0.4977578475336323,,,,,"comparison_groups,subgroup_accuracy_gap",1.0691249917726964
adult_core,2006,joint_dirichlet_0.3,B0,5,0,731,183,True,False,0.5683060109289617,0.5271317829457365,0.20180722891566266,,,0.7018072289156626,"equal_opportunity_gap,equalized_odds_gap,false_positive_rate_gap",1.0487500112503767
adult_core,2006,joint_dirichlet_0.3,B0,5,1,2206,552,True,False,0.5996376811594203,0.5438784094520573,0.14069523291080177,0.15789473684210525,0.15789473684210525,0.26495061824403143,,1.3571250019595027
adult_core,2006,joint_dirichlet_0.3,B0,5,2,5921,1481,True,True,0.9986495611073599,0.49966216216216214,0.0,,,0.002547770700636942,"equal_opportunity_gap,equalized_odds_gap",2.4958750000223517
adult_core,2006,joint_dirichlet_0.3,B0,5,3,1522,381,True,False,0.6062992125984252,0.5876623376623377,0.20833771975997475,0.007788161993769471,0.046296296296296294,0.3856195388988314,,1.3226250011939555
adult_core,2006,joint_dirichlet_0.3,B0,5,4,788,198,True,False,0.9797979797979798,0.49489795918367346,,,,,"comparison_groups,subgroup_accuracy_gap",0.9865000029094517
adult_core,2006,joint_dirichlet_0.3,B0,5,5,3260,816,True,False,0.6115196078431373,0.594958591111299,0.2559986293742237,,,0.4604360303250953,"equal_opportunity_gap,equalized_odds_gap",1.69870798708871
adult_core,2006,joint_dirichlet_0.3,B0,5,6,364,92,True,False,0.6956521739130435,0.47039473684210525,,,,,"comparison_groups,subgroup_accuracy_gap",0.8878330118022859
adult_core,2006,joint_dirichlet_0.3,B0,5,7,3718,930,True,True,0.8365591397849462,0.5131158382012565,0.01486988847583643,0.06711409395973154,0.06711409395973154,0.08529029528213494,,1.8869999912567437
adult_core,2006,joint_dirichlet_0.3,B0,5,8,653,164,True,True,0.9329268292682927,0.48264984227129337,0.0,0.0,0.0,0.07339927121291001,,0.9235829929821193
adult_core,2006,joint_dirichlet_0.3,B0,5,9,1341,336,True,False,0.9910714285714286,0.4977578475336323,,,,,"comparison_groups,subgroup_accuracy_gap",1.067749981302768
adult_core,2006,joint_dirichlet_0.3,B1,1,0,731,183,True,False,0.8360655737704918,0.8264854614412136,0.6426506024096386,,,0.3173493975903614,"equal_opportunity_gap,equalized_odds_gap,false_positive_rate_gap",1.0902080102823675
adult_core,2006,joint_dirichlet_0.3,B1,1,1,2206,552,True,False,0.7898550724637681,0.7808324205914567,0.4263628586981881,0.13765182186234826,0.2659251769464105,0.033532934131736525,,1.4001669769641012
adult_core,2006,joint_dirichlet_0.3,B1,1,2,5921,1481,True,True,0.9986495611073599,0.49966216216216214,0.0,,,0.002547770700636942,"equal_opportunity_gap,equalized_odds_gap",2.4498339917045087
adult_core,2006,joint_dirichlet_0.3,B1,1,3,1522,381,True,False,0.7244094488188977,0.6671713936287927,0.32887672386567013,0.014018691588784993,0.18501048218029348,0.2153910937993473,,1.1548339971341193
adult_core,2006,joint_dirichlet_0.3,B1,1,4,788,198,True,False,0.9848484848484849,0.4961832061068702,,,,,"comparison_groups,subgroup_accuracy_gap",0.9134159772656858
adult_core,2006,joint_dirichlet_0.3,B1,1,5,3260,816,True,False,0.7352941176470589,0.6871876419809178,0.4304535914678545,,,0.2937936351565511,"equal_opportunity_gap,equalized_odds_gap",1.6985830152407289
adult_core,2006,joint_dirichlet_0.3,B1,1,6,364,92,True,False,0.75,0.6109578966721825,,,,,"comparison_groups,subgroup_accuracy_gap",0.8435419877059758
adult_core,2006,joint_dirichlet_0.3,B1,1,7,3718,930,True,True,0.8301075268817204,0.46582035510186276,0.0024783147459727386,0.013422818791946308,0.013422818791946308,0.09272523952005318,,1.9190000020898879
adult_core,2006,joint_dirichlet_0.3,B1,1,8,653,164,True,True,0.9329268292682927,0.48264984227129337,0.0,0.0,0.0,0.07339927121291001,,0.9452920057810843
adult_core,2006,joint_dirichlet_0.3,B1,1,9,1341,336,True,False,0.9910714285714286,0.4977578475336323,,,,,"comparison_groups,subgroup_accuracy_gap",1.0323750029783696
adult_core,2006,joint_dirichlet_0.3,B1,2,0,731,183,True,False,0.7049180327868853,0.7001820388349514,0.44566265060240967,,,0.38566265060240956,"equal_opportunity_gap,equalized_odds_gap,false_positive_rate_gap",0.88354098261334
adult_core,2006,joint_dirichlet_0.3,B1,2,1,2206,552,True,True,0.730072463768116,0.7221867558392866,0.25448324130958866,0.11133603238866402,0.11133603238866402,0.15520647017653,,1.3767500058747828
adult_core,2006,joint_dirichlet_0.3,B1,2,2,5921,1481,True,True,0.9986495611073599,0.49966216216216214,0.0,,,0.002547770700636942,"equal_opportunity_gap,equalized_odds_gap",2.2745409805793315
adult_core,2006,joint_dirichlet_0.3,B1,2,3,1522,381,True,False,0.7112860892388452,0.7105662983425414,0.318349299926308,0.007788161993769416,0.09905660377358491,0.14106748078745135,,1.1199170257896185
adult_core,2006,joint_dirichlet_0.3,B1,2,4,788,198,True,False,0.9848484848484849,0.4961832061068702,,,,,"comparison_groups,subgroup_accuracy_gap",0.8773330191615969
adult_core,2006,joint_dirichlet_0.3,B1,2,5,3260,816,True,False,0.7757352941176471,0.7753679108620013,0.48590397053154577,,,0.16419240159335247,"equal_opportunity_gap,equalized_odds_gap",1.562625024234876
adult_core,2006,joint_dirichlet_0.3,B1,2,6,364,92,True,False,0.7065217391304348,0.5015051173991572,,,,,"comparison_groups,subgroup_accuracy_gap",0.705790997017175
adult_core,2006,joint_dirichlet_0.3,B1,2,7,3718,930,True,True,0.8301075268817204,0.471712494247584,0.004956629491945477,0.020134228187919462,0.020134228187919462,0.09272523952005318,,1.6612079925835133
adult_core,2006,joint_dirichlet_0.3,B1,2,8,653,164,True,True,0.9329268292682927,0.48264984227129337,0.0,0.0,0.0,0.07339927121291001,,0.9302919788751751
adult_core,2006,joint_dirichlet_0.3,B1,2,9,1341,336,True,False,0.9910714285714286,0.4977578475336323,,,,,"comparison_groups,subgroup_accuracy_gap",1.0199999960605055
adult_core,2006,joint_dirichlet_0.3,B1,3,0,731,183,True,False,0.6338797814207651,0.615510050487629,0.31975903614457835,,,0.5597590361445783,"equal_opportunity_gap,equalized_odds_gap,false_positive_rate_gap",1.011334010399878
adult_core,2006,joint_dirichlet_0.3,B1,3,1,2206,552,True,True,0.6612318840579711,0.6361239288068556,0.213857998289136,0.20242914979757087,0.20242914979757087,0.1938097830313399,,1.3588340079877526
adult_core,2006,joint_dirichlet_0.3,B1,3,2,5921,1481,True,True,0.9986495611073599,0.49966216216216214,0.0,,,0.002547770700636942,"equal_opportunity_gap,equalized_odds_gap",2.3298750165849924
adult_core,2006,joint_dirichlet_0.3,B1,3,3,1522,381,True,True,0.6456692913385826,0.63995463995464,0.25065796399621015,0.11993769470404986,0.11993769470404986,0.27887146015370035,,1.0880839836318046
adult_core,2006,joint_dirichlet_0.3,B1,3,4,788,198,True,False,0.9848484848484849,0.4961832061068702,,,,,"comparison_groups,subgroup_accuracy_gap",0.8405839907936752
adult_core,2006,joint_dirichlet_0.3,B1,3,5,3260,816,True,False,0.6862745098039216,0.6832298136645962,0.35575448665781473,,,0.3288131237418084,"equal_opportunity_gap,equalized_odds_gap",1.5788749733474106
adult_core,2006,joint_dirichlet_0.3,B1,3,6,364,92,True,False,0.7065217391304348,0.5015051173991572,,,,,"comparison_groups,subgroup_accuracy_gap",0.7108330028131604
adult_core,2006,joint_dirichlet_0.3,B1,3,7,3718,930,True,True,0.8333333333333334,0.49015141601027123,0.008674101610904586,0.040268456375838924,0.040268456375838924,0.08900776740109406,,1.6345000185538083
adult_core,2006,joint_dirichlet_0.3,B1,3,8,653,164,True,True,0.9329268292682927,0.48264984227129337,0.0,0.0,0.0,0.07339927121291001,,0.8412079769186676
adult_core,2006,joint_dirichlet_0.3,B1,3,9,1341,336,True,False,0.9910714285714286,0.4977578475336323,,,,,"comparison_groups,subgroup_accuracy_gap",0.9937499999068677
adult_core,2006,joint_dirichlet_0.3,B1,4,0,731,183,True,False,0.5901639344262295,0.5571009067733712,0.24180722891566264,,,0.6618072289156627,"equal_opportunity_gap,equalized_odds_gap,false_positive_rate_gap",0.8394159958697855
adult_core,2006,joint_dirichlet_0.3,B1,4,1,2206,552,True,True,0.625,0.5809332399335444,0.16847344272493972,0.18421052631578946,0.18421052631578946,0.2371724084298935,,1.2482919846661389
adult_core,2006,joint_dirichlet_0.3,B1,4,2,5921,1481,True,True,0.9986495611073599,0.49966216216216214,0.0,,,0.002547770700636942,"equal_opportunity_gap,equalized_odds_gap",2.2040840121917427
adult_core,2006,joint_dirichlet_0.3,B1,4,3,1522,381,True,False,0.6194225721784777,0.6061271486728314,0.22244446783871988,0.04517133956386293,0.04594689028651293,0.3500368459837878,,1.0781250020954758
adult_core,2006,joint_dirichlet_0.3,B1,4,4,788,198,True,False,0.9848484848484849,0.4961832061068702,,,,,"comparison_groups,subgroup_accuracy_gap",0.8061249973252416
adult_core,2006,joint_dirichlet_0.3,B1,4,5,3260,816,True,False,0.6433823529411765,0.6330385249587768,0.30037263888293997,,,0.41923159292414447,"equal_opportunity_gap,equalized_odds_gap",1.5617499884683639
adult_core,2006,joint_dirichlet_0.3,B1,4,6,364,92,True,False,0.6956521739130435,0.47039473684210525,,,,,"comparison_groups,subgroup_accuracy_gap",0.7149580051191151
adult_core,2006,joint_dirichlet_0.3,B1,4,7,3718,930,True,True,0.8344086021505376,0.501496693351897,0.012391573729863693,0.053691275167785234,0.053691275167785234,0.08776861002810765,,1.63929199334234
adult_core,2006,joint_dirichlet_0.3,B1,4,8,653,164,True,True,0.9329268292682927,0.48264984227129337,0.0,0.0,0.0,0.07339927121291001,,0.8312909922096878
adult_core,2006,joint_dirichlet_0.3,B1,4,9,1341,336,True,False,0.9910714285714286,0.4977578475336323,,,,,"comparison_groups,subgroup_accuracy_gap",0.9869580098893493
adult_core,2006,joint_dirichlet_0.3,B1,5,0,731,183,True,False,0.5683060109289617,0.5271317829457365,0.20180722891566266,,,0.7018072289156626,"equal_opportunity_gap,equalized_odds_gap,false_positive_rate_gap",0.8367499976884574
adult_core,2006,joint_dirichlet_0.3,B1,5,1,2206,552,True,False,0.5996376811594203,0.5438784094520573,0.14069523291080177,0.15789473684210525,0.15789473684210525,0.26495061824403143,,1.2611669953912497
adult_core,2006,joint_dirichlet_0.3,B1,5,2,5921,1481,True,True,0.9986495611073599,0.49966216216216214,0.0,,,0.002547770700636942,"equal_opportunity_gap,equalized_odds_gap",2.2162919922266155
adult_core,2006,joint_dirichlet_0.3,B1,5,3,1522,381,True,False,0.6062992125984252,0.5876623376623377,0.20833771975997475,0.007788161993769471,0.046296296296296294,0.3856195388988314,,1.0872079874388874
adult_core,2006,joint_dirichlet_0.3,B1,5,4,788,198,True,False,0.9797979797979798,0.49489795918367346,,,,,"comparison_groups,subgroup_accuracy_gap",0.8244170167017728
adult_core,2006,joint_dirichlet_0.3,B1,5,5,3260,816,True,False,0.6115196078431373,0.594958591111299,0.2559986293742237,,,0.4604360303250953,"equal_opportunity_gap,equalized_odds_gap",1.5764160198159516
adult_core,2006,joint_dirichlet_0.3,B1,5,6,364,92,True,False,0.6956521739130435,0.47039473684210525,,,,,"comparison_groups,subgroup_accuracy_gap",0.7101249939296395
adult_core,2006,joint_dirichlet_0.3,B1,5,7,3718,930,True,True,0.8365591397849462,0.5131158382012565,0.01486988847583643,0.06711409395973154,0.06711409395973154,0.08529029528213494,,1.6463749925605953
adult_core,2006,joint_dirichlet_0.3,B1,5,8,653,164,True,True,0.9329268292682927,0.48264984227129337,0.0,0.0,0.0,0.07339927121291001,,0.818375003291294
adult_core,2006,joint_dirichlet_0.3,B1,5,9,1341,336,True,False,0.9910714285714286,0.4977578475336323,,,,,"comparison_groups,subgroup_accuracy_gap",0.9586669912096113
adult_core,2006,joint_dirichlet_0.3,B3,1,0,731,183,True,False,0.8360655737704918,0.8264854614412136,0.6426506024096386,,,0.3173493975903614,"equal_opportunity_gap,equalized_odds_gap,false_positive_rate_gap",1.0412499832455069
adult_core,2006,joint_dirichlet_0.3,B3,1,1,2206,552,True,False,0.7898550724637681,0.7808324205914567,0.4263628586981881,0.13765182186234826,0.2659251769464105,0.033532934131736525,,1.3035830052103847
adult_core,2006,joint_dirichlet_0.3,B3,1,2,5921,1481,True,True,0.9986495611073599,0.49966216216216214,0.0,,,0.002547770700636942,"equal_opportunity_gap,equalized_odds_gap",2.2697079984936863
adult_core,2006,joint_dirichlet_0.3,B3,1,3,1522,381,True,False,0.7244094488188977,0.6671713936287927,0.32887672386567013,0.014018691588784993,0.18501048218029348,0.2153910937993473,,1.0624999995343387
adult_core,2006,joint_dirichlet_0.3,B3,1,4,788,198,True,False,0.9848484848484849,0.4961832061068702,,,,,"comparison_groups,subgroup_accuracy_gap",0.8169159991666675
adult_core,2006,joint_dirichlet_0.3,B3,1,5,3260,816,True,False,0.7352941176470589,0.6871876419809178,0.4304535914678545,,,0.2937936351565511,"equal_opportunity_gap,equalized_odds_gap",1.58170799841173
adult_core,2006,joint_dirichlet_0.3,B3,1,6,364,92,True,False,0.75,0.6109578966721825,,,,,"comparison_groups,subgroup_accuracy_gap",0.7312079833354801
adult_core,2006,joint_dirichlet_0.3,B3,1,7,3718,930,True,True,0.8301075268817204,0.46582035510186276,0.0024783147459727386,0.013422818791946308,0.013422818791946308,0.09272523952005318,,1.660291018197313
adult_core,2006,joint_dirichlet_0.3,B3,1,8,653,164,True,True,0.9329268292682927,0.48264984227129337,0.0,0.0,0.0,0.07339927121291001,,0.8372919983230531
adult_core,2006,joint_dirichlet_0.3,B3,1,9,1341,336,True,False,0.9910714285714286,0.4977578475336323,,,,,"comparison_groups,subgroup_accuracy_gap",0.9737919899635017
adult_core,2006,joint_dirichlet_0.3,B3,2,0,731,183,True,False,0.5792349726775956,0.5285556559269297,0.23,,,0.77,"equal_opportunity_gap,equalized_odds_gap,false_positive_rate_gap",0.8817919879220426
adult_core,2006,joint_dirichlet_0.3,B3,2,1,2206,552,True,False,0.5778985507246377,0.5088274044795784,0.13008787619566062,0.1659919028340081,0.1659919028340081,0.2875340228633642,,1.2652919976972044
adult_core,2006,joint_dirichlet_0.3,B3,2,2,5921,1481,True,True,0.9986495611073599,0.49966216216216214,0.0,,,0.002547770700636942,"equal_opportunity_gap,equalized_odds_gap",2.246207994176075
adult_core,2006,joint_dirichlet_0.3,B3,2,3,1522,381,True,False,0.6089238845144357,0.5908864882784067,0.21144330982208653,0.012461059190031154,0.046296296296296294,0.38251394883671963,,1.046374993165955
adult_core,2006,joint_dirichlet_0.3,B3,2,4,788,198,True,False,0.9848484848484849,0.4961832061068702,,,,,"comparison_groups,subgroup_accuracy_gap",0.8117920078802854
adult_core,2006,joint_dirichlet_0.3,B3,2,5,3260,816,True,False,0.6102941176470589,0.5926123625493754,0.24807469910481006,,,0.46202081637897807,"equal_opportunity_gap,equalized_odds_gap",1.5272090095095336
adult_core,2006,joint_dirichlet_0.3,B3,2,6,364,92,True,False,0.6847826086956522,0.43748682268606365,,,,,"comparison_groups,subgroup_accuracy_gap",0.7108749996405095
adult_core,2006,joint_dirichlet_0.3,B3,2,7,3718,930,True,True,0.8279569892473119,0.45294117647058824,0.0,0.0,0.0,0.09520355426602589,,1.6199160018004477
adult_core,2006,joint_dirichlet_0.3,B3,2,8,653,164,True,True,0.9329268292682927,0.48264984227129337,0.0,0.0,0.0,0.07339927121291001,,0.8459579839836806
adult_core,2006,joint_dirichlet_0.3,B3,2,9,1341,336,True,False,0.9910714285714286,0.4977578475336323,,,,,"comparison_groups,subgroup_accuracy_gap",0.9714589978102595
adult_core,2006,joint_dirichlet_0.3,B3,3,0,731,183,True,False,0.47540983606557374,0.35525543159130946,0.04,,,0.96,"equal_opportunity_gap,equalized_odds_gap,false_positive_rate_gap",0.8920829859562218
adult_core,2006,joint_dirichlet_0.3,B3,3,1,2206,552,True,False,0.5181159420289855,0.4010963910461398,0.033983980091764524,0.02429149797570851,0.02429149797570851,0.3732483085776499,,1.25591698451899
adult_core,2006,joint_dirichlet_0.3,B3,3,2,5921,1481,True,True,0.9986495611073599,0.49966216216216214,0.0,,,0.002547770700636942,"equal_opportunity_gap,equalized_odds_gap",2.2222920088097453
adult_core,2006,joint_dirichlet_0.3,B3,3,3,1522,381,True,False,0.49606299212598426,0.4330708661417323,0.08553531950731656,0.026479750778816202,0.027777777777777776,0.4959995789030424,,1.072166982339695
adult_core,2006,joint_dirichlet_0.3,B3,3,4,788,198,True,False,0.9848484848484849,0.4961832061068702,,,,,"comparison_groups,subgroup_accuracy_gap",0.8032910118345171
adult_core,2006,joint_dirichlet_0.3,B3,3,5,3260,816,True,False,0.5,0.4254116185150668,0.08651218571979269,,,0.639602518524864,"equal_opportunity_gap,equalized_odds_gap",1.5472500235773623
adult_core,2006,joint_dirichlet_0.3,B3,3,6,364,92,True,False,0.6847826086956522,0.43748682268606365,,,,,"comparison_groups,subgroup_accuracy_gap",0.7054170127958059
adult_core,2006,joint_dirichlet_0.3,B3,3,7,3718,930,True,True,0.8279569892473119,0.45294117647058824,0.0,0.0,0.0,0.09520355426602589,,1.6394589911215007
adult_core,2006,joint_dirichlet_0.3,B3,3,8,653,164,True,True,0.9329268292682927,0.48264984227129337,0.0,0.0,0.0,0.07339927121291001,,0.8267909870482981
adult_core,2006,joint_dirichlet_0.3,B3,3,9,1341,336,True,False,0.9910714285714286,0.4977578475336323,,,,,"comparison_groups,subgroup_accuracy_gap",0.9759590029716492
adult_core,2006,joint_dirichlet_0.3,B3,4,0,731,183,True,False,0.45901639344262296,0.3231085372688212,0.01,,,0.99,"equal_opportunity_gap,equalized_odds_gap,false_positive_rate_gap",0.8620840089861304
adult_core,2006,joint_dirichlet_0.3,B3,4,1,2206,552,True,False,0.5018115942028986,0.369326325848065,0.027778209814137957,0.048582995951417005,0.048582995951417005,0.3794540788552765,,1.2833749933633953
adult_core,2006,joint_dirichlet_0.3,B3,4,2,5921,1481,True,True,0.9986495611073599,0.49966216216216214,0.0,,,0.002547770700636942,"equal_opportunity_gap,equalized_odds_gap",2.254582999739796
adult_core,2006,joint_dirichlet_0.3,B3,4,3,1522,381,True,False,0.45931758530183725,0.3677418315396017,0.049689440993788817,0.07009345794392523,0.07009345794392523,0.5194230971681231,,1.0593750048428774
adult_core,2006,joint_dirichlet_0.3,B3,4,4,788,198,True,False,0.9848484848484849,0.4961832061068702,,,,,"comparison_groups,subgroup_accuracy_gap",0.8195420086849481
adult_core,2006,joint_dirichlet_0.3,B3,4,5,3260,816,True,False,0.4681372549019608,0.37004333193399885,0.04213817621107637,,,0.680806955925815,"equal_opportunity_gap,equalized_odds_gap",1.5612919814884663
adult_core,2006,joint_dirichlet_0.3,B3,4,6,364,92,True,False,0.6847826086956522,0.43748682268606365,,,,,"comparison_groups,subgroup_accuracy_gap",0.7274580129887909
adult_core,2006,joint_dirichlet_0.3,B3,4,7,3718,930,True,True,0.8279569892473119,0.45294117647058824,0.0,0.0,0.0,0.09520355426602589,,1.65891699725762
adult_core,2006,joint_dirichlet_0.3,B3,4,8,653,164,True,True,0.9329268292682927,0.48264984227129337,0.0,0.0,0.0,0.07339927121291001,,0.8042080153245479
adult_core,2006,joint_dirichlet_0.3,B3,4,9,1341,336,True,False,0.9910714285714286,0.4977578475336323,,,,,"comparison_groups,subgroup_accuracy_gap",0.9683329844847322
adult_core,2006,joint_dirichlet_0.3,B3,5,0,731,183,True,False,0.45901639344262296,0.3231085372688212,0.01,,,0.99,"equal_opportunity_gap,equalized_odds_gap,false_positive_rate_gap",0.8517089881934226
adult_core,2006,joint_dirichlet_0.3,B3,5,1,2206,552,True,False,0.5,0.362991704575863,0.02857142857142857,0.04048582995951417,0.04048582995951417,0.39063690800217743,,1.2533749977592379
adult_core,2006,joint_dirichlet_0.3,B3,5,2,5921,1481,True,True,0.9986495611073599,0.49966216216216214,0.0,,,0.002547770700636942,"equal_opportunity_gap,equalized_odds_gap",2.2287909814622253
adult_core,2006,joint_dirichlet_0.3,B3,5,3,1522,381,True,False,0.44881889763779526,0.34930058555627846,0.037267080745341616,0.0514018691588785,0.0514018691588785,0.5318454574165702,,1.0432499984744936
adult_core,2006,joint_dirichlet_0.3,B3,5,4,788,198,True,False,0.9848484848484849,0.4961832061068702,,,,,"comparison_groups,subgroup_accuracy_gap",0.8074590004980564
adult_core,2006,joint_dirichlet_0.3,B3,5,5,3260,816,True,False,0.46078431372549017,0.35687263556116017,0.032629459887780016,,,0.6903156722491113,"equal_opportunity_gap,equalized_odds_gap",1.5151250117924064
adult_core,2006,joint_dirichlet_0.3,B3,5,6,364,92,True,False,0.6847826086956522,0.43748682268606365,,,,,"comparison_groups,subgroup_accuracy_gap",0.7049590058159083
adult_core,2006,joint_dirichlet_0.3,B3,5,7,3718,930,True,True,0.8279569892473119,0.45294117647058824,0.0,0.0,0.0,0.09520355426602589,,1.6413329867646098
adult_core,2006,joint_dirichlet_0.3,B3,5,8,653,164,True,True,0.9329268292682927,0.48264984227129337,0.0,0.0,0.0,0.07339927121291001,,0.8405839907936752
adult_core,2006,joint_dirichlet_0.3,B3,5,9,1341,336,True,False,0.9910714285714286,0.4977578475336323,,,,,"comparison_groups,subgroup_accuracy_gap",0.9595000010449439
adult_core,2007,iid,B0,1,0,2051,513,True,True,0.7699805068226121,0.5060223266745006,0.023391812865497075,0.018581081081081086,0.018581081081081086,0.21345029239766078,,1.362709008390084
adult_core,2007,iid,B0,1,1,2051,513,True,True,0.7621832358674464,0.5072278911564626,0.02322071685817184,0.049979683055668425,0.049979683055668425,0.15333561996227063,,1.2659579806495458
adult_core,2007,iid,B0,1,2,2051,513,True,True,0.7699805068226121,0.4870347773032337,0.023121387283236993,0.06542056074766354,0.06542056074766354,0.19011110726523828,,1.2127920053899288
adult_core,2007,iid,B0,1,3,2051,513,True,True,0.7719298245614035,0.5554164660568127,0.011426592797783935,0.06842105263157897,0.06842105263157897,0.16516620498614965,,1.2467079795897007
adult_core,2007,iid,B0,1,4,2051,513,True,True,0.7563352826510721,0.4861161197259286,0.0015880858272162637,0.1329923273657289,0.1329923273657289,0.22838438735177857,,1.2127080117352307
adult_core,2007,iid,B0,1,5,2051,513,True,True,0.7660818713450293,0.5037084811351177,0.0020594648852583844,0.025233644859813095,0.025233644859813095,0.16925686199854628,,1.2032079976052046
adult_core,2007,iid,B0,1,6,2051,513,True,True,0.7699805068226121,0.47336094097995546,0.0033055276729777455,0.08253968253968254,0.08253968253968254,0.19898930462773878,,1.2196250027045608
adult_core,2007,iid,B0,1,7,2050,513,True,True,0.7660818713450293,0.47149725274725274,0.003599133412537564,0.0617828773168579,0.0617828773168579,0.16458173177720314,,1.197375007905066
adult_core,2007,iid,B0,1,8,2050,513,True,True,0.7602339181286549,0.5060550315080825,0.008951101411716567,0.08771929824561403,0.08771929824561403,0.22075973538839255,,1.2156250013504177
adult_core,2007,iid,B0,1,9,2050,513,True,True,0.7699805068226121,0.47336094097995546,0.01764705882352941,0.047619047619047616,0.047619047619047616,0.1987929275756546,,1.2292909959796816
adult_core,2007,iid,B0,2,0,2051,513,True,True,0.7719298245614035,0.5131840412675497,0.02631578947368421,0.027590090090090086,0.027590090090090086,0.21052631578947367,,1.1963330034632236
adult_core,2007,iid,B0,2,1,2051,513,True,True,0.7621832358674464,0.5072278911564626,0.02322071685817184,0.049979683055668425,0.049979683055668425,0.15333561996227063,,1.203499996336177
adult_core,2007,iid,B0,2,2,2051,513,True,True,0.7680311890838206,0.48600223964165734,0.02601156069364162,0.06542056074766354,0.06542056074766354,0.19300128067564293,,1.1808749986812472
adult_core,2007,iid,B0,2,3,2051,513,True,True,0.7719298245614035,0.5554164660568127,0.011426592797783935,0.06842105263157897,0.06842105263157897,0.16516620498614965,,1.2087079812772572
adult_core,2007,iid,B0,2,4,2051,513,True,True,0.7563352826510721,0.4861161197259286,0.0015880858272162637,0.1329923273657289,0.1329923273657289,0.22838438735177857,,1.1701250041369349
adult_core,2007,iid,B0,2,5,2051,513,True,True,0.7660818713450293,0.5095914855649736,0.00783981170606763,0.01588785046728973,0.01588785046728973,0.16925686199854628,,1.174540986539796
adult_core,2007,iid,B0,2,6,2051,513,True,True,0.7738791423001949,0.48911401098901097,0.0024748191478315036,0.06349206349206349,0.06349206349206349,0.19320895780692948,,1.16374998469837
adult_core,2007,iid,B0,2,7,2050,513,True,True,0.7699805068226121,0.4870347773032337,0.0021315256132504023,0.04236540158870256,0.04236540158870256,0.1588510727514152,,1.189792004879564
adult_core,2007,iid,B0,2,8,2050,513,True,True,0.7582846003898636,0.49914965986394555,0.006018550092068472,0.09649122807017543,0.09649122807017543,0.22369228670804064,,1.1762080248445272
adult_core,2007,iid,B0,2,9,2050,513,True,True,0.7719298245614035,0.48129423660262893,0.020588235294117647,0.05714285714285714,0.05714285714285714,0.19585175110506625,,1.1719580215867609
adult_core,2007,iid,B0,3,0,2051,513,True,True,0.7738791423001949,0.5202515317639471,0.02046783625730994,0.034909909909909914,0.034909909909909914,0.216374269005848,,1.1869579902850091
adult_core,2007,iid,B0,3,1,2051,513,True,True,0.7641325536062378,0.5140866570120162,0.026136168753215575,0.05932547744819179,0.05932547744819179,0.1504201680672269,,1.2062919849995524
adult_core,2007,iid,B0,3,2,2051,513,True,True,0.7680311890838206,0.48600223964165734,0.02601156069364162,0.06542056074766354,0.06542056074766354,0.19300128067564293,,1.1767499963752925
adult_core,2007,iid,B0,3,3,2051,513,True,True,0.7719298245614035,0.5554164660568127,0.011426592797783935,0.06842105263157897,0.06842105263157897,0.16516620498614965,,1.1666670034173876
adult_core,2007,iid,B0,3,4,2051,513,True,True,0.7582846003898636,0.49324453508380606,0.0012528232636928281,0.12429667519181586,0.12429667519181586,0.2255434782608695,,1.1581669969018549
adult_core,2007,iid,B0,3,5,2051,513,True,True,0.7680311890838206,0.5165321654562878,0.010729985116472253,0.006542056074766364,0.006542056074766364,0.16636668858814174,,1.1616660049185157
adult_core,2007,iid,B0,3,6,2051,513,True,True,0.7777777777777778,0.5044234289200732,0.008255165968640753,0.04444444444444444,0.04444444444444444,0.1874286109861203,,1.1756249878089875
adult_core,2007,iid,B0,3,7,2050,513,True,True,0.7680311890838206,0.48600223964165734,0.004996855126144385,0.04236540158870256,0.04236540158870256,0.16171640226430917,,1.1775419989135116
adult_core,2007,iid,B0,3,8,2050,513,True,True,0.7602339181286549,0.5060550315080825,0.008951101411716567,0.08771929824561403,0.08771929824561403,0.22075973538839255,,1.1774590238928795
adult_core,2007,iid,B0,3,9,2050,513,True,True,0.7719298245614035,0.48129423660262893,0.020588235294117647,0.05714285714285714,0.05714285714285714,0.19585175110506625,,1.1710830149240792
adult_core,2007,iid,B0,4,0,2051,513,True,True,0.7777777777777778,0.5341119112867249,0.02631578947368421,0.016891891891891886,0.016891891891891886,0.21052631578947367,,1.1823749809991568
adult_core,2007,iid,B0,4,1,2051,513,True,True,0.7660818713450293,0.5208592777085927,0.0290516206482593,0.06867127184071516,0.06867127184071516,0.1475047161721832,,1.2132920091971755
adult_core,2007,iid,B0,4,2,2051,513,True,True,0.7660818713450293,0.4849742319791178,0.028901734104046242,0.06542056074766354,0.06542056074766354,0.19589145408604758,,1.1864579864777625
adult_core,2007,iid,B0,4,3,2051,513,True,True,0.7719298245614035,0.5554164660568127,0.011426592797783935,0.06842105263157897,0.06842105263157897,0.16516620498614965,,1.1911250185221434
adult_core,2007,iid,B0,4,4,2051,513,True,True,0.7641325536062378,0.5140866570120162,0.0007234613212874115,0.16572890025575449,0.16572890025575449,0.2260728402032749,,1.1686670186463743
adult_core,2007,iid,B0,4,5,2051,513,True,True,0.7680311890838206,0.5165321654562878,0.010729985116472253,0.006542056074766364,0.006542056074766364,0.16636668858814174,,1.1685000208672136
adult_core,2007,iid,B0,4,6,2051,513,True,True,0.7816764132553606,0.51930928318051,0.014035512789450002,0.02539682539682539,0.02539682539682539,0.181648264165311,,1.1646250204648823
adult_core,2007,iid,B0,4,7,2050,513,True,True,0.7660818713450293,0.4849742319791178,0.007862184639038369,0.04236540158870256,0.04236540158870256,0.16458173177720314,,1.1758749897126108
adult_core,2007,iid,B0,4,8,2050,513,True,True,0.7602339181286549,0.5060550315080825,0.008951101411716567,0.08771929824561403,0.08771929824561403,0.22075973538839255,,1.193790987599641
adult_core,2007,iid,B0,4,9,2050,513,True,True,0.7738791423001949,0.48911401098901097,0.023529411764705882,0.06666666666666667,0.06666666666666667,0.19291057463447803,,1.1758750188164413
adult_core,2007,iid,B0,5,0,2051,513,True,True,0.7797270955165692,0.54090869492908,0.029239766081871343,0.007882882882882886,0.007882882882882886,0.20760233918128657,,1.1929589963983744
adult_core,2007,iid,B0,5,1,2051,513,True,True,0.7660818713450293,0.5208592777085927,0.0290516206482593,0.06867127184071516,0.06867127184071516,0.1475047161721832,,1.1717080196831375
adult_core,2007,iid,B0,5,2,2051,513,True,True,0.7738791423001949,0.5143948296122209,0.03158423038316431,0.034634414513468936,0.034634414513468936,0.19320895780692948,,1.1654999980237335
adult_core,2007,iid,B0,5,3,2051,513,True,True,0.7758284600389863,0.5675899525774556,0.016966759002770088,0.05087719298245616,0.05087719298245616,0.15962603878116344,,1.1696669971570373
adult_core,2007,iid,B0,5,4,2051,513,True,True,0.7680311890838206,0.5275475377864456,0.006405279503105592,0.1483375959079284,0.1483375959079284,0.22039102202145677,,1.168000017059967
adult_core,2007,iid,B0,5,5,2051,513,True,True,0.7680311890838206,0.5275475377864456,0.02229067875809075,0.012149532710280367,0.012149532710280367,0.16636668858814174,,1.1514999787323177
adult_core,2007,iid,B0,5,6,2051,513,True,True,0.7816764132553606,0.5253139458030404,0.019815859610259248,0.015873015873015872,0.015873015873015872,0.181648264165311,,1.1767919932026416
adult_core,2007,iid,B0,5,7,2050,513,True,True,0.7699805068226121,0.4998843357567746,0.013592843664826333,0.022947925860547225,0.022947925860547225,0.1588510727514152,,1.1709580139722675
adult_core,2007,iid,B0,5,8,2050,513,True,True,0.7602339181286549,0.5060550315080825,0.008951101411716567,0.08771929824561403,0.08771929824561403,0.22075973538839255,,1.1891249741893262
adult_core,2007,iid,B0,5,9,2050,513,True,True,0.7758284600389863,0.4968228922342104,0.026470588235294117,0.0761904761904762,0.0761904761904762,0.1899693981638898,,1.1679170129355043
adult_core,2007,iid,B1,1,0,2051,513,True,True,0.7699805068226121,0.5060223266745006,0.023391812865497075,0.018581081081081086,0.018581081081081086,0.21345029239766078,,1.604958000825718
adult_core,2007,iid,B1,1,1,2051,513,True,True,0.7621832358674464,0.5072278911564626,0.02322071685817184,0.049979683055668425,0.049979683055668425,0.15333561996227063,,1.4196670090314
adult_core,2007,iid,B1,1,2,2051,513,True,True,0.7699805068226121,0.4870347773032337,0.023121387283236993,0.06542056074766354,0.06542056074766354,0.19011110726523828,,1.3867920206394047
adult_core,2007,iid,B1,1,3,2051,513,True,True,0.7719298245614035,0.5554164660568127,0.011426592797783935,0.06842105263157897,0.06842105263157897,0.16516620498614965,,1.7375420138705522
adult_core,2007,iid,B1,1,4,2051,513,True,True,0.7563352826510721,0.4861161197259286,0.0015880858272162637,0.1329923273657289,0.1329923273657289,0.22838438735177857,,1.435499987564981
adult_core,2007,iid,B1,1,5,2051,513,True,True,0.7660818713450293,0.5037084811351177,0.0020594648852583844,0.025233644859813095,0.025233644859813095,0.16925686199854628,,1.5525829803664237
adult_core,2007,iid,B1,1,6,2051,513,True,True,0.7699805068226121,0.47336094097995546,0.0033055276729777455,0.08253968253968254,0.08253968253968254,0.19898930462773878,,1.4602500014007092
adult_core,2007,iid,B1,1,7,2050,513,True,True,0.7660818713450293,0.47149725274725274,0.003599133412537564,0.0617828773168579,0.0617828773168579,0.16458173177720314,,1.3913750008214265
adult_core,2007,iid,B1,1,8,2050,513,True,True,0.7602339181286549,0.5060550315080825,0.008951101411716567,0.08771929824561403,0.08771929824561403,0.22075973538839255,,1.2745839776471257
adult_core,2007,iid,B1,1,9,2050,513,True,True,0.7699805068226121,0.47336094097995546,0.01764705882352941,0.047619047619047616,0.047619047619047616,0.1987929275756546,,1.3981660013087094
adult_core,2007,iid,B1,2,0,2051,513,True,True,0.7719298245614035,0.5131840412675497,0.02631578947368421,0.027590090090090086,0.027590090090090086,0.21052631578947367,,1.3841670006513596
adult_core,2007,iid,B1,2,1,2051,513,True,True,0.7621832358674464,0.5072278911564626,0.02322071685817184,0.049979683055668425,0.049979683055668425,0.15333561996227063,,1.2610830017365515
adult_core,2007,iid,B1,2,2,2051,513,True,True,0.7680311890838206,0.48600223964165734,0.02601156069364162,0.06542056074766354,0.06542056074766354,0.19300128067564293,,1.282041979720816
adult_core,2007,iid,B1,2,3,2051,513,True,True,0.7719298245614035,0.5554164660568127,0.011426592797783935,0.06842105263157897,0.06842105263157897,0.16516620498614965,,1.2374999932944775
adult_core,2007,iid,B1,2,4,2051,513,True,True,0.7563352826510721,0.4861161197259286,0.0015880858272162637,0.1329923273657289,0.1329923273657289,0.22838438735177857,,1.1999999987892807
adult_core,2007,iid,B1,2,5,2051,513,True,True,0.7660818713450293,0.5095914855649736,0.00783981170606763,0.01588785046728973,0.01588785046728973,0.16925686199854628,,1.915208005812019
adult_core,2007,iid,B1,2,6,2051,513,True,True,0.7738791423001949,0.48911401098901097,0.0024748191478315036,0.06349206349206349,0.06349206349206349,0.19320895780692948,,1.2598329922184348
adult_core,2007,iid,B1,2,7,2050,513,True,True,0.7699805068226121,0.4870347773032337,0.0021315256132504023,0.04236540158870256,0.04236540158870256,0.1588510727514152,,1.1871670139953494
adult_core,2007,iid,B1,2,8,2050,513,True,True,0.7582846003898636,0.49914965986394555,0.006018550092068472,0.09649122807017543,0.09649122807017543,0.22369228670804064,,1.223458006279543
adult_core,2007,iid,B1,2,9,2050,513,True,True,0.7719298245614035,0.48129423660262893,0.020588235294117647,0.05714285714285714,0.05714285714285714,0.19585175110506625,,1.2649580021388829
adult_core,2007,iid,B1,3,0,2051,513,True,True,0.7738791423001949,0.5202515317639471,0.02046783625730994,0.034909909909909914,0.034909909909909914,0.216374269005848,,1.2757080257870257
adult_core,2007,iid,B1,3,1,2051,513,True,True,0.7641325536062378,0.5140866570120162,0.026136168753215575,0.05932547744819179,0.05932547744819179,0.1504201680672269,,1.2264170218259096
adult_core,2007,iid,B1,3,2,2051,513,True,True,0.7680311890838206,0.48600223964165734,0.02601156069364162,0.06542056074766354,0.06542056074766354,0.19300128067564293,,1.2118329759687185
adult_core,2007,iid,B1,3,3,2051,513,True,True,0.7719298245614035,0.5554164660568127,0.011426592797783935,0.06842105263157897,0.06842105263157897,0.16516620498614965,,1.2028749915771186
adult_core,2007,iid,B1,3,4,2051,513,True,True,0.7582846003898636,0.49324453508380606,0.0012528232636928281,0.12429667519181586,0.12429667519181586,0.2255434782608695,,1.1830420116893947
adult_core,2007,iid,B1,3,5,2051,513,True,True,0.7680311890838206,0.5165321654562878,0.010729985116472253,0.006542056074766364,0.006542056074766364,0.16636668858814174,,1.203874999191612
adult_core,2007,iid,B1,3,6,2051,513,True,True,0.7777777777777778,0.5044234289200732,0.008255165968640753,0.04444444444444444,0.04444444444444444,0.1874286109861203,,1.1728750250767916
adult_core,2007,iid,B1,3,7,2050,513,True,True,0.7680311890838206,0.48600223964165734,0.004996855126144385,0.04236540158870256,0.04236540158870256,0.16171640226430917,,1.2207500112708658
adult_core,2007,iid,B1,3,8,2050,513,True,True,0.7602339181286549,0.5060550315080825,0.008951101411716567,0.08771929824561403,0.08771929824561403,0.22075973538839255,,1.1758749897126108
adult_core,2007,iid,B1,3,9,2050,513,True,True,0.7719298245614035,0.48129423660262893,0.020588235294117647,0.05714285714285714,0.05714285714285714,0.19585175110506625,,1.1710000107996166
adult_core,2007,iid,B1,4,0,2051,513,True,True,0.7777777777777778,0.5341119112867249,0.02631578947368421,0.016891891891891886,0.016891891891891886,0.21052631578947367,,1.189083995996043
adult_core,2007,iid,B1,4,1,2051,513,True,True,0.7660818713450293,0.5208592777085927,0.0290516206482593,0.06867127184071516,0.06867127184071516,0.1475047161721832,,1.1728749959729612
adult_core,2007,iid,B1,4,2,2051,513,True,True,0.7660818713450293,0.4849742319791178,0.028901734104046242,0.06542056074766354,0.06542056074766354,0.19589145408604758,,1.2057919811923057
adult_core,2007,iid,B1,4,3,2051,513,True,True,0.7719298245614035,0.5554164660568127,0.011426592797783935,0.06842105263157897,0.06842105263157897,0.16516620498614965,,1.1984999873675406
adult_core,2007,iid,B1,4,4,2051,513,True,True,0.7641325536062378,0.5140866570120162,0.0007234613212874115,0.16572890025575449,0.16572890025575449,0.2260728402032749,,1.2083750043530017
adult_core,2007,iid,B1,4,5,2051,513,True,True,0.7680311890838206,0.5165321654562878,0.010729985116472253,0.006542056074766364,0.006542056074766364,0.16636668858814174,,1.185375003842637
adult_core,2007,iid,B1,4,6,2051,513,True,True,0.7816764132553606,0.51930928318051,0.014035512789450002,0.02539682539682539,0.02539682539682539,0.181648264165311,,1.1794999882113189
adult_core,2007,iid,B1,4,7,2050,513,True,True,0.7660818713450293,0.4849742319791178,0.007862184639038369,0.04236540158870256,0.04236540158870256,0.16458173177720314,,1.1603329912759364
adult_core,2007,iid,B1,4,8,2050,513,True,True,0.7602339181286549,0.5060550315080825,0.008951101411716567,0.08771929824561403,0.08771929824561403,0.22075973538839255,,1.1610829969868064
adult_core,2007,iid,B1,4,9,2050,513,True,True,0.7738791423001949,0.48911401098901097,0.023529411764705882,0.06666666666666667,0.06666666666666667,0.19291057463447803,,1.1702080082613975
adult_core,2007,iid,B1,5,0,2051,513,True,True,0.7797270955165692,0.54090869492908,0.029239766081871343,0.007882882882882886,0.007882882882882886,0.20760233918128657,,1.180707971798256
adult_core,2007,iid,B1,5,1,2051,513,True,True,0.7660818713450293,0.5208592777085927,0.0290516206482593,0.06867127184071516,0.06867127184071516,0.1475047161721832,,1.1757080210372806
adult_core,2007,iid,B1,5,2,2051,513,True,True,0.7738791423001949,0.5143948296122209,0.03158423038316431,0.034634414513468936,0.034634414513468936,0.19320895780692948,,1.1728749959729612
adult_core,2007,iid,B1,5,3,2051,513,True,True,0.7758284600389863,0.5675899525774556,0.016966759002770088,0.05087719298245616,0.05087719298245616,0.15962603878116344,,1.1642919853329659
adult_core,2007,iid,B1,5,4,2051,513,True,True,0.7680311890838206,0.5275475377864456,0.006405279503105592,0.1483375959079284,0.1483375959079284,0.22039102202145677,,1.1542919964995235
adult_core,2007,iid,B1,5,5,2051,513,True,True,0.7680311890838206,0.5275475377864456,0.02229067875809075,0.012149532710280367,0.012149532710280367,0.16636668858814174,,1.189000002341345
adult_core,2007,iid,B1,5,6,2051,513,True,True,0.7816764132553606,0.5253139458030404,0.019815859610259248,0.015873015873015872,0.015873015873015872,0.181648264165311,,1.182125008199364
adult_core,2007,iid,B1,5,7,2050,513,True,True,0.7699805068226121,0.4998843357567746,0.013592843664826333,0.022947925860547225,0.022947925860547225,0.1588510727514152,,1.155292004114017
adult_core,2007,iid,B1,5,8,2050,513,True,True,0.7602339181286549,0.5060550315080825,0.008951101411716567,0.08771929824561403,0.08771929824561403,0.22075973538839255,,1.158582977950573
adult_core,2007,iid,B1,5,9,2050,513,True,True,0.7758284600389863,0.4968228922342104,0.026470588235294117,0.0761904761904762,0.0761904761904762,0.1899693981638898,,1.1791250144597143
adult_core,2007,iid,B3,1,0,2051,513,True,True,0.7699805068226121,0.5060223266745006,0.023391812865497075,0.018581081081081086,0.018581081081081086,0.21345029239766078,,1.362500013783574
adult_core,2007,iid,B3,1,1,2051,513,True,True,0.7621832358674464,0.5072278911564626,0.02322071685817184,0.049979683055668425,0.049979683055668425,0.15333561996227063,,1.5830420015845448
adult_core,2007,iid,B3,1,2,2051,513,True,True,0.7699805068226121,0.4870347773032337,0.023121387283236993,0.06542056074766354,0.06542056074766354,0.19011110726523828,,1.4355000166688114
adult_core,2007,iid,B3,1,3,2051,513,True,True,0.7719298245614035,0.5554164660568127,0.011426592797783935,0.06842105263157897,0.06842105263157897,0.16516620498614965,,1.2836249952670187
adult_core,2007,iid,B3,1,4,2051,513,True,True,0.7563352826510721,0.4861161197259286,0.0015880858272162637,0.1329923273657289,0.1329923273657289,0.22838438735177857,,1.244834013050422
adult_core,2007,iid,B3,1,5,2051,513,True,True,0.7660818713450293,0.5037084811351177,0.0020594648852583844,0.025233644859813095,0.025233644859813095,0.16925686199854628,,1.3569589937105775
adult_core,2007,iid,B3,1,6,2051,513,True,True,0.7699805068226121,0.47336094097995546,0.0033055276729777455,0.08253968253968254,0.08253968253968254,0.19898930462773878,,1.278833020478487
adult_core,2007,iid,B3,1,7,2050,513,True,True,0.7660818713450293,0.47149725274725274,0.003599133412537564,0.0617828773168579,0.0617828773168579,0.16458173177720314,,1.2477080163080245
adult_core,2007,iid,B3,1,8,2050,513,True,True,0.7602339181286549,0.5060550315080825,0.008951101411716567,0.08771929824561403,0.08771929824561403,0.22075973538839255,,1.2322079855948687
adult_core,2007,iid,B3,1,9,2050,513,True,True,0.7699805068226121,0.47336094097995546,0.01764705882352941,0.047619047619047616,0.047619047619047616,0.1987929275756546,,1.2162089988123626
adult_core,2007,iid,B3,2,0,2051,513,True,True,0.7719298245614035,0.5131840412675497,0.02631578947368421,0.027590090090090086,0.027590090090090086,0.21052631578947367,,1.2408749898895621
adult_core,2007,iid,B3,2,1,2051,513,True,True,0.7621832358674464,0.5072278911564626,0.02322071685817184,0.049979683055668425,0.049979683055668425,0.15333561996227063,,1.2059170112479478
adult_core,2007,iid,B3,2,2,2051,513,True,True,0.7680311890838206,0.48600223964165734,0.02601156069364162,0.06542056074766354,0.06542056074766354,0.19300128067564293,,1.2132909905631095
adult_core,2007,iid,B3,2,3,2051,513,True,True,0.7719298245614035,0.5554164660568127,0.011426592797783935,0.06842105263157897,0.06842105263157897,0.16516620498614965,,1.1830840085167438
adult_core,2007,iid,B3,2,4,2051,513,True,True,0.7563352826510721,0.4861161197259286,0.0015880858272162637,0.1329923273657289,0.1329923273657289,0.22838438735177857,,1.1757909960579127
adult_core,2007,iid,B3,2,5,2051,513,True,True,0.7660818713450293,0.5095914855649736,0.00783981170606763,0.01588785046728973,0.01588785046728973,0.16925686199854628,,1.176750025479123
adult_core,2007,iid,B3,2,6,2051,513,True,True,0.7738791423001949,0.48911401098901097,0.0024748191478315036,0.06349206349206349,0.06349206349206349,0.19320895780692948,,1.1627500061877072
adult_core,2007,iid,B3,2,7,2050,513,True,True,0.7699805068226121,0.4870347773032337,0.0021315256132504023,0.04236540158870256,0.04236540158870256,0.1588510727514152,,1.4495420036837459
adult_core,2007,iid,B3,2,8,2050,513,True,True,0.7582846003898636,0.49914965986394555,0.006018550092068472,0.09649122807017543,0.09649122807017543,0.22369228670804064,,1.4142500003799796
adult_core,2007,iid,B3,2,9,2050,513,True,True,0.7719298245614035,0.48129423660262893,0.020588235294117647,0.05714285714285714,0.05714285714285714,0.19585175110506625,,1.2618750042747706
adult_core,2007,iid,B3,3,0,2051,513,True,True,0.7738791423001949,0.5202515317639471,0.02046783625730994,0.034909909909909914,0.034909909909909914,0.216374269005848,,1.2907500204164535
adult_core,2007,iid,B3,3,1,2051,513,True,True,0.7641325536062378,0.5140866570120162,0.026136168753215575,0.05932547744819179,0.05932547744819179,0.1504201680672269,,1.198125013615936
adult_core,2007,iid,B3,3,2,2051,513,True,True,0.7680311890838206,0.48600223964165734,0.02601156069364162,0.06542056074766354,0.06542056074766354,0.19300128067564293,,1.1888330045621842
adult_core,2007,iid,B3,3,3,2051,513,True,True,0.7719298245614035,0.5554164660568127,0.011426592797783935,0.06842105263157897,0.06842105263157897,0.16516620498614965,,1.248084008693695
adult_core,2007,iid,B3,3,4,2051,513,True,True,0.7582846003898636,0.49324453508380606,0.0012528232636928281,0.12429667519181586,0.12429667519181586,0.2255434782608695,,1.314541994361207
adult_core,2007,iid,B3,3,5,2051,513,True,True,0.7680311890838206,0.5165321654562878,0.010729985116472253,0.006542056074766364,0.006542056074766364,0.16636668858814174,,1.1871249880641699
adult_core,2007,iid,B3,3,6,2051,513,True,True,0.7777777777777778,0.5044234289200732,0.008255165968640753,0.04444444444444444,0.04444444444444444,0.1874286109861203,,1.1972500069532543
adult_core,2007,iid,B3,3,7,2050,513,True,True,0.7680311890838206,0.48600223964165734,0.004996855126144385,0.04236540158870256,0.04236540158870256,0.16171640226430917,,1.1950409971177578
adult_core,2007,iid,B3,3,8,2050,513,True,True,0.7602339181286549,0.5060550315080825,0.008951101411716567,0.08771929824561403,0.08771929824561403,0.22075973538839255,,1.213582989294082
adult_core,2007,iid,B3,3,9,2050,513,True,True,0.7719298245614035,0.48129423660262893,0.020588235294117647,0.05714285714285714,0.05714285714285714,0.19585175110506625,,1.240834011696279
adult_core,2007,iid,B3,4,0,2051,513,True,True,0.7777777777777778,0.5341119112867249,0.02631578947368421,0.016891891891891886,0.016891891891891886,0.21052631578947367,,1.1939579853788018
adult_core,2007,iid,B3,4,1,2051,513,True,True,0.7660818713450293,0.5208592777085927,0.0290516206482593,0.06867127184071516,0.06867127184071516,0.1475047161721832,,1.1722920171450824
adult_core,2007,iid,B3,4,2,2051,513,True,True,0.7660818713450293,0.4849742319791178,0.028901734104046242,0.06542056074766354,0.06542056074766354,0.19589145408604758,,1.175250014057383
adult_core,2007,iid,B3,4,3,2051,513,True,True,0.7719298245614035,0.5554164660568127,0.011426592797783935,0.06842105263157897,0.06842105263157897,0.16516620498614965,,1.2128340022172779
adult_core,2007,iid,B3,4,4,2051,513,True,True,0.7641325536062378,0.5140866570120162,0.0007234613212874115,0.16572890025575449,0.16572890025575449,0.2260728402032749,,1.2300410016905516
adult_core,2007,iid,B3,4,5,2051,513,True,True,0.7680311890838206,0.5165321654562878,0.010729985116472253,0.006542056074766364,0.006542056074766364,0.16636668858814174,,1.2247920094523579
adult_core,2007,iid,B3,4,6,2051,513,True,True,0.7816764132553606,0.51930928318051,0.014035512789450002,0.02539682539682539,0.02539682539682539,0.181648264165311,,1.1848330032080412
adult_core,2007,iid,B3,4,7,2050,513,True,True,0.7660818713450293,0.4849742319791178,0.007862184639038369,0.04236540158870256,0.04236540158870256,0.16458173177720314,,1.2195830058772117
adult_core,2007,iid,B3,4,8,2050,513,True,True,0.7602339181286549,0.5060550315080825,0.008951101411716567,0.08771929824561403,0.08771929824561403,0.22075973538839255,,1.1867080174852163
adult_core,2007,iid,B3,4,9,2050,513,True,True,0.7738791423001949,0.48911401098901097,0.023529411764705882,0.06666666666666667,0.06666666666666667,0.19291057463447803,,1.1707920057233423
adult_core,2007,iid,B3,5,0,2051,513,True,True,0.7797270955165692,0.54090869492908,0.029239766081871343,0.007882882882882886,0.007882882882882886,0.20760233918128657,,1.4875839988235384
adult_core,2007,iid,B3,5,1,2051,513,True,True,0.7660818713450293,0.5208592777085927,0.0290516206482593,0.06867127184071516,0.06867127184071516,0.1475047161721832,,1.3182499969843775
adult_core,2007,iid,B3,5,2,2051,513,True,True,0.7738791423001949,0.5143948296122209,0.03158423038316431,0.034634414513468936,0.034634414513468936,0.19320895780692948,,1.329791994066909
adult_core,2007,iid,B3,5,3,2051,513,True,True,0.7758284600389863,0.5675899525774556,0.016966759002770088,0.05087719298245616,0.05087719298245616,0.15962603878116344,,1.2445829925127327
adult_core,2007,iid,B3,5,4,2051,513,True,True,0.7680311890838206,0.5275475377864456,0.006405279503105592,0.1483375959079284,0.1483375959079284,0.22039102202145677,,1.2390830088406801
adult_core,2007,iid,B3,5,5,2051,513,True,True,0.7680311890838206,0.5275475377864456,0.02229067875809075,0.012149532710280367,0.012149532710280367,0.16636668858814174,,1.1859999794978648
adult_core,2007,iid,B3,5,6,2051,513,True,True,0.7816764132553606,0.5253139458030404,0.019815859610259248,0.015873015873015872,0.015873015873015872,0.181648264165311,,1.2670000141952187
adult_core,2007,iid,B3,5,7,2050,513,True,True,0.7699805068226121,0.4998843357567746,0.013592843664826333,0.022947925860547225,0.022947925860547225,0.1588510727514152,,1.2477089767344296
adult_core,2007,iid,B3,5,8,2050,513,True,True,0.7602339181286549,0.5060550315080825,0.008951101411716567,0.08771929824561403,0.08771929824561403,0.22075973538839255,,1.1993329972028732
adult_core,2007,iid,B3,5,9,2050,513,True,True,0.7758284600389863,0.4968228922342104,0.026470588235294117,0.0761904761904762,0.0761904761904762,0.1899693981638898,,1.183958986075595
adult_core,2007,joint_dirichlet_0.3,B0,1,0,882,221,True,False,0.8597285067873304,0.46228710462287104,,,,,"comparison_groups,subgroup_accuracy_gap",1.0658749961294234
adult_core,2007,joint_dirichlet_0.3,B0,1,1,462,116,True,False,0.8275862068965517,0.49783549783549785,,,,,"comparison_groups,subgroup_accuracy_gap",1.0263329895678908
adult_core,2007,joint_dirichlet_0.3,B0,1,2,4221,1056,True,True,0.9962121212121212,0.4990512333965844,0.0,,,0.016000000000000014,"equal_opportunity_gap,equalized_odds_gap",2.010583004448563
adult_core,2007,joint_dirichlet_0.3,B0,1,3,2521,631,True,False,0.7923930269413629,0.7904988075354634,0.45450070323488045,0.16507770667363197,0.1686429512516469,0.12427164958810533,,1.5507909993175417
adult_core,2007,joint_dirichlet_0.3,B0,1,4,708,177,True,True,0.8983050847457628,0.4732142857142857,0.0,0.0,0.0,0.00179640718562879,,1.0430840193293989
adult_core,2007,joint_dirichlet_0.3,B0,1,5,3140,786,True,False,0.7608142493638677,0.48336479966435913,,,,,"comparison_groups,subgroup_accuracy_gap",1.6674170037731528
adult_core,2007,joint_dirichlet_0.3,B0,1,6,2188,547,True,False,0.9945155393053017,0.4986251145737855,,,,,"comparison_groups,subgroup_accuracy_gap",1.3599579979199916
adult_core,2007,joint_dirichlet_0.3,B0,1,7,4416,1105,True,False,0.7230769230769231,0.5534846500031694,,,,,"comparison_groups,subgroup_accuracy_gap",1.9112500012852252
adult_core,2007,joint_dirichlet_0.3,B0,1,8,228,58,True,False,0.896551724137931,0.8954326923076923,0.7523809523809524,,,0.2142857142857143,"equal_opportunity_gap,equalized_odds_gap",0.6687080021947622
adult_core,2007,joint_dirichlet_0.3,B0,1,9,1739,435,True,True,0.8367816091954023,0.5167347321973431,0.0522077922077922,0.020000000000000004,,0.8776623376623376,"equalized_odds_gap,false_positive_rate_gap",1.2009579804725945
adult_core,2007,joint_dirichlet_0.3,B0,2,0,882,221,True,False,0.8959276018099548,0.703736084397039,,,,,"comparison_groups,subgroup_accuracy_gap",0.9014579991344362
adult_core,2007,joint_dirichlet_0.3,B0,2,1,462,116,True,False,0.9137931034482759,0.8426478567552902,,,,,"comparison_groups,subgroup_accuracy_gap",0.8137499971780926
adult_core,2007,joint_dirichlet_0.3,B0,2,2,4221,1056,True,True,0.9962121212121212,0.4990512333965844,0.0,,,0.016000000000000014,"equal_opportunity_gap,equalized_odds_gap",1.8277080089319497
adult_core,2007,joint_dirichlet_0.3,B0,2,3,2521,631,True,False,0.722662440570523,0.7065170880541758,0.3604581072935503,0.21992947629619958,0.21992947629619958,0.22416114124974884,,1.3724170275963843
adult_core,2007,joint_dirichlet_0.3,B0,2,4,708,177,True,True,0.8983050847457628,0.4732142857142857,0.0,0.0,0.0,0.00179640718562879,,0.9912080131471157
adult_core,2007,joint_dirichlet_0.3,B0,2,5,3140,786,True,False,0.7633587786259542,0.49293840177580467,,,,,"comparison_groups,subgroup_accuracy_gap",1.5338750090450048
adult_core,2007,joint_dirichlet_0.3,B0,2,6,2188,547,True,False,0.9945155393053017,0.4986251145737855,,,,,"comparison_groups,subgroup_accuracy_gap",1.2257080234121531
adult_core,2007,joint_dirichlet_0.3,B0,2,7,4416,1105,True,False,0.718552036199095,0.5352175918224371,,,,,"comparison_groups,subgroup_accuracy_gap",1.8060000147670507
adult_core,2007,joint_dirichlet_0.3,B0,2,8,228,58,True,False,0.7931034482758621,0.7838509316770186,0.5666666666666667,,,0.4,"equal_opportunity_gap,equalized_odds_gap",0.6662909872829914
adult_core,2007,joint_dirichlet_0.3,B0,2,9,1739,435,True,True,0.8390804597701149,0.5287544880524947,0.0722077922077922,0.0,,0.8576623376623377,"equalized_odds_gap,false_positive_rate_gap",1.139041007263586
adult_core,2007,joint_dirichlet_0.3,B0,3,0,882,221,True,False,0.8733031674208145,0.7677177177177177,,,,,"comparison_groups,subgroup_accuracy_gap",0.862917018821463
adult_core,2007,joint_dirichlet_0.3,B0,3,1,462,116,True,False,0.7327586206896551,0.6802702943007024,,,,,"comparison_groups,subgroup_accuracy_gap",0.7837499724701047
adult_core,2007,joint_dirichlet_0.3,B0,3,2,4221,1056,True,True,0.9962121212121212,0.4990512333965844,0.0,,,0.016000000000000014,"equal_opportunity_gap,equalized_odds_gap",1.7743750067893416
adult_core,2007,joint_dirichlet_0.3,B0,3,3,2521,631,True,True,0.6624405705229794,0.6230405699140361,0.23395619851316055,0.15071176701057856,0.15071176701057856,0.31905766526019685,,1.3524589885491878
adult_core,2007,joint_dirichlet_0.3,B0,3,4,708,177,True,True,0.8983050847457628,0.4732142857142857,0.0,0.0,0.0,0.00179640718562879,,0.8269580139312893
adult_core,2007,joint_dirichlet_0.3,B0,3,5,3140,786,True,False,0.7633587786259542,0.5008603736479843,,,,,"comparison_groups,subgroup_accuracy_gap",1.4525000005960464
adult_core,2007,joint_dirichlet_0.3,B0,3,6,2188,547,True,False,0.9945155393053017,0.4986251145737855,,,,,"comparison_groups,subgroup_accuracy_gap",1.217209006426856
adult_core,2007,joint_dirichlet_0.3,B0,3,7,4416,1105,True,False,0.7176470588235294,0.5328455284552845,,,,,"comparison_groups,subgroup_accuracy_gap",1.7889580049086362
adult_core,2007,joint_dirichlet_0.3,B0,3,8,228,58,True,False,0.6724137931034483,0.633033633033633,0.3333333333333333,,,0.6333333333333333,"equal_opportunity_gap,equalized_odds_gap",0.6404170126188546
adult_core,2007,joint_dirichlet_0.3,B0,3,9,1739,435,True,True,0.8390804597701149,0.5287544880524947,0.0722077922077922,0.0,,0.8576623376623377,"equalized_odds_gap,false_positive_rate_gap",1.0946249822154641
adult_core,2007,joint_dirichlet_0.3,B0,4,0,882,221,True,False,0.7918552036199095,0.7068627450980393,,,,,"comparison_groups,subgroup_accuracy_gap",0.8565419993828982
adult_core,2007,joint_dirichlet_0.3,B0,4,1,462,116,True,False,0.6293103448275862,0.6008003201280512,,,,,"comparison_groups,subgroup_accuracy_gap",0.7667500176467001
adult_core,2007,joint_dirichlet_0.3,B0,4,2,4221,1056,True,True,0.9962121212121212,0.4990512333965844,0.0,,,0.016000000000000014,"equal_opportunity_gap,equalized_odds_gap",1.7614579992368817
adult_core,2007,joint_dirichlet_0.3,B0,4,3,2521,631,True,True,0.6354992076069731,0.5824029740803831,0.20553546313039983,0.1746767663575813,0.1746767663575813,0.3474984930681133,,1.3340830046217889
adult_core,2007,joint_dirichlet_0.3,B0,4,4,708,177,True,True,0.8983050847457628,0.4732142857142857,0.0,0.0,0.0,0.00179640718562879,,0.9003750164993107
adult_core,2007,joint_dirichlet_0.3,B0,4,5,3140,786,True,False,0.7659033078880407,0.5100348271516268,,,,,"comparison_groups,subgroup_accuracy_gap",1.4972499920986593
adult_core,2007,joint_dirichlet_0.3,B0,4,6,2188,547,True,False,0.9945155393053017,0.4986251145737855,,,,,"comparison_groups,subgroup_accuracy_gap",1.2286249839235097
adult_core,2007,joint_dirichlet_0.3,B0,4,7,4416,1105,True,False,0.718552036199095,0.5352175918224371,,,,,"comparison_groups,subgroup_accuracy_gap",1.7839169886428863
adult_core,2007,joint_dirichlet_0.3,B0,4,8,228,58,True,False,0.6551724137931034,0.6086369770580297,0.3,,,0.6666666666666667,"equal_opportunity_gap,equalized_odds_gap",0.6645839894190431
adult_core,2007,joint_dirichlet_0.3,B0,4,9,1739,435,True,True,0.8367816091954023,0.5271811515439139,0.06961038961038961,0.0,,0.8550649350649351,"equalized_odds_gap,false_positive_rate_gap",1.1159160058014095
adult_core,2007,joint_dirichlet_0.3,B0,5,0,882,221,True,False,0.6787330316742082,0.6113876711989499,,,,,"comparison_groups,subgroup_accuracy_gap",0.8478749950882047
adult_core,2007,joint_dirichlet_0.3,B0,5,1,462,116,True,False,0.5344827586206896,0.5202205882352942,,,,,"comparison_groups,subgroup_accuracy_gap",0.7464160153176636
adult_core,2007,joint_dirichlet_0.3,B0,5,2,4221,1056,True,True,0.9962121212121212,0.4990512333965844,0.0,,,0.016000000000000014,"equal_opportunity_gap,equalized_odds_gap",1.761708001140505
adult_core,2007,joint_dirichlet_0.3,B0,5,3,2521,631,True,False,0.6196513470681458,0.557182624154951,0.18657825999598152,0.17049758391014758,0.17049758391014758,0.37280490255173804,,1.3506249815691262
adult_core,2007,joint_dirichlet_0.3,B0,5,4,708,177,True,True,0.8983050847457628,0.4732142857142857,0.0,0.0,0.0,0.00179640718562879,,0.8274170104414225
adult_core,2007,joint_dirichlet_0.3,B0,5,5,3140,786,True,False,0.7659033078880407,0.5137708445400753,,,,,"comparison_groups,subgroup_accuracy_gap",1.517750002676621
adult_core,2007,joint_dirichlet_0.3,B0,5,6,2188,547,True,False,0.9945155393053017,0.4986251145737855,,,,,"comparison_groups,subgroup_accuracy_gap",1.3503340014722198
adult_core,2007,joint_dirichlet_0.3,B0,5,7,4416,1105,True,False,0.7176470588235294,0.5345961532231066,,,,,"comparison_groups,subgroup_accuracy_gap",1.8007079779636115
adult_core,2007,joint_dirichlet_0.3,B0,5,8,228,58,True,False,0.6551724137931034,0.6086369770580297,0.3,,,0.6666666666666667,"equal_opportunity_gap,equalized_odds_gap",0.6627920083701611
adult_core,2007,joint_dirichlet_0.3,B0,5,9,1739,435,True,True,0.8367816091954023,0.5271811515439139,0.06961038961038961,0.0,,0.8550649350649351,"equalized_odds_gap,false_positive_rate_gap",1.1559170088730752
adult_core,2007,joint_dirichlet_0.3,B1,1,0,882,221,True,False,0.8597285067873304,0.46228710462287104,,,,,"comparison_groups,subgroup_accuracy_gap",1.0180000099353492
adult_core,2007,joint_dirichlet_0.3,B1,1,1,462,116,True,False,0.8275862068965517,0.49783549783549785,,,,,"comparison_groups,subgroup_accuracy_gap",1.0069590061903
adult_core,2007,joint_dirichlet_0.3,B1,1,2,4221,1056,True,True,0.9962121212121212,0.4990512333965844,0.0,,,0.016000000000000014,"equal_opportunity_gap,equalized_odds_gap",1.9545840041246265
adult_core,2007,joint_dirichlet_0.3,B1,1,3,2521,631,True,False,0.7923930269413629,0.7904988075354634,0.45450070323488045,0.16507770667363197,0.1686429512516469,0.12427164958810533,,1.4164169842842966
adult_core,2007,joint_dirichlet_0.3,B1,1,4,708,177,True,True,0.8983050847457628,0.4732142857142857,0.0,0.0,0.0,0.00179640718562879,,0.8519999973941594
adult_core,2007,joint_dirichlet_0.3,B1,1,5,3140,786,True,False,0.7608142493638677,0.48336479966435913,,,,,"comparison_groups,subgroup_accuracy_gap",1.5063330065459013
adult_core,2007,joint_dirichlet_0.3,B1,1,6,2188,547,True,False,0.9945155393053017,0.4986251145737855,,,,,"comparison_groups,subgroup_accuracy_gap",1.2445829925127327
adult_core,2007,joint_dirichlet_0.3,B1,1,7,4416,1105,True,False,0.7230769230769231,0.5534846500031694,,,,,"comparison_groups,subgroup_accuracy_gap",1.819208002416417
adult_core,2007,joint_dirichlet_0.3,B1,1,8,228,58,True,False,0.896551724137931,0.8954326923076923,0.7523809523809524,,,0.2142857142857143,"equal_opportunity_gap,equalized_odds_gap",0.6599999906029552
adult_core,2007,joint_dirichlet_0.3,B1,1,9,1739,435,True,True,0.8367816091954023,0.5167347321973431,0.0522077922077922,0.020000000000000004,,0.8776623376623376,"equalized_odds_gap,false_positive_rate_gap",1.1160419962834567
adult_core,2007,joint_dirichlet_0.3,B1,2,0,882,221,True,False,0.8959276018099548,0.703736084397039,,,,,"comparison_groups,subgroup_accuracy_gap",0.8618339779786766
adult_core,2007,joint_dirichlet_0.3,B1,2,1,462,116,True,False,0.9137931034482759,0.8426478567552902,,,,,"comparison_groups,subgroup_accuracy_gap",0.7610000029671937
adult_core,2007,joint_dirichlet_0.3,B1,2,2,4221,1056,True,True,0.9962121212121212,0.4990512333965844,0.0,,,0.016000000000000014,"equal_opportunity_gap,equalized_odds_gap",1.7791670106817037
adult_core,2007,joint_dirichlet_0.3,B1,2,3,2521,631,True,False,0.722662440570523,0.7065170880541758,0.3604581072935503,0.21992947629619958,0.21992947629619958,0.22416114124974884,,1.4096660015638918
adult_core,2007,joint_dirichlet_0.3,B1,2,4,708,177,True,True,0.8983050847457628,0.4732142857142857,0.0,0.0,0.0,0.00179640718562879,,0.8749580010771751
adult_core,2007,joint_dirichlet_0.3,B1,2,5,3140,786,True,False,0.7633587786259542,0.49293840177580467,,,,,"comparison_groups,subgroup_accuracy_gap",1.4557499962393194
adult_core,2007,joint_dirichlet_0.3,B1,2,6,2188,547,True,False,0.9945155393053017,0.4986251145737855,,,,,"comparison_groups,subgroup_accuracy_gap",1.1914579954463989
adult_core,2007,joint_dirichlet_0.3,B1,2,7,4416,1105,True,False,0.718552036199095,0.5352175918224371,,,,,"comparison_groups,subgroup_accuracy_gap",1.7621669976506382
adult_core,2007,joint_dirichlet_0.3,B1,2,8,228,58,True,False,0.7931034482758621,0.7838509316770186,0.5666666666666667,,,0.4,"equal_opportunity_gap,equalized_odds_gap",0.6678749923594296
adult_core,2007,joint_dirichlet_0.3,B1,2,9,1739,435,True,True,0.8390804597701149,0.5287544880524947,0.0722077922077922,0.0,,0.8576623376623377,"equalized_odds_gap,false_positive_rate_gap",1.1042080004699528
adult_core,2007,joint_dirichlet_0.3,B1,3,0,882,221,True,False,0.8733031674208145,0.7677177177177177,,,,,"comparison_groups,subgroup_accuracy_gap",0.8636669954285026
adult_core,2007,joint_dirichlet_0.3,B1,3,1,462,116,True,False,0.7327586206896551,0.6802702943007024,,,,,"comparison_groups,subgroup_accuracy_gap",0.8225409837905318
adult_core,2007,joint_dirichlet_0.3,B1,3,2,4221,1056,True,True,0.9962121212121212,0.4990512333965844,0.0,,,0.016000000000000014,"equal_opportunity_gap,equalized_odds_gap",1.8137080187443644
adult_core,2007,joint_dirichlet_0.3,B1,3,3,2521,631,True,True,0.6624405705229794,0.6230405699140361,0.23395619851316055,0.15071176701057856,0.15071176701057856,0.31905766526019685,,1.3640830002259463
adult_core,2007,joint_dirichlet_0.3,B1,3,4,708,177,True,True,0.8983050847457628,0.4732142857142857,0.0,0.0,0.0,0.00179640718562879,,0.8457500080112368
adult_core,2007,joint_dirichlet_0.3,B1,3,5,3140,786,True,False,0.7633587786259542,0.5008603736479843,,,,,"comparison_groups,subgroup_accuracy_gap",1.447166985599324
adult_core,2007,joint_dirichlet_0.3,B1,3,6,2188,547,True,False,0.9945155393053017,0.4986251145737855,,,,,"comparison_groups,subgroup_accuracy_gap",1.2007500045001507
adult_core,2007,joint_dirichlet_0.3,B1,3,7,4416,1105,True,False,0.7176470588235294,0.5328455284552845,,,,,"comparison_groups,subgroup_accuracy_gap",1.7658750002738088
adult_core,2007,joint_dirichlet_0.3,B1,3,8,228,58,True,False,0.6724137931034483,0.633033633033633,0.3333333333333333,,,0.6333333333333333,"equal_opportunity_gap,equalized_odds_gap",0.6397499819286168
adult_core,2007,joint_dirichlet_0.3,B1,3,9,1739,435,True,True,0.8390804597701149,0.5287544880524947,0.0722077922077922,0.0,,0.8576623376623377,"equalized_odds_gap,false_positive_rate_gap",1.0967090202029794
adult_core,2007,joint_dirichlet_0.3,B1,4,0,882,221,True,False,0.7918552036199095,0.7068627450980393,,,,,"comparison_groups,subgroup_accuracy_gap",0.8609170035924762
adult_core,2007,joint_dirichlet_0.3,B1,4,1,462,116,True,False,0.6293103448275862,0.6008003201280512,,,,,"comparison_groups,subgroup_accuracy_gap",0.7660419796593487
adult_core,2007,joint_dirichlet_0.3,B1,4,2,4221,1056,True,True,0.9962121212121212,0.4990512333965844,0.0,,,0.016000000000000014,"equal_opportunity_gap,equalized_odds_gap",1.780791993951425
adult_core,2007,joint_dirichlet_0.3,B1,4,3,2521,631,True,True,0.6354992076069731,0.5824029740803831,0.20553546313039983,0.1746767663575813,0.1746767663575813,0.3474984930681133,,1.3397079892456532
adult_core,2007,joint_dirichlet_0.3,B1,4,4,708,177,True,True,0.8983050847457628,0.4732142857142857,0.0,0.0,0.0,0.00179640718562879,,0.8412089955527335
adult_core,2007,joint_dirichlet_0.3,B1,4,5,3140,786,True,False,0.7659033078880407,0.5100348271516268,,,,,"comparison_groups,subgroup_accuracy_gap",1.4473750197794288
adult_core,2007,joint_dirichlet_0.3,B1,4,6,2188,547,True,False,0.9945155393053017,0.4986251145737855,,,,,"comparison_groups,subgroup_accuracy_gap",1.2068340147379786
adult_core,2007,joint_dirichlet_0.3,B1,4,7,4416,1105,True,False,0.718552036199095,0.5352175918224371,,,,,"comparison_groups,subgroup_accuracy_gap",1.767457986716181
adult_core,2007,joint_dirichlet_0.3,B1,4,8,228,58,True,False,0.6551724137931034,0.6086369770580297,0.3,,,0.6666666666666667,"equal_opportunity_gap,equalized_odds_gap",0.6442499870900065
adult_core,2007,joint_dirichlet_0.3,B1,4,9,1739,435,True,True,0.8367816091954023,0.5271811515439139,0.06961038961038961,0.0,,0.8550649350649351,"equalized_odds_gap,false_positive_rate_gap",1.102167007047683
adult_core,2007,joint_dirichlet_0.3,B1,5,0,882,221,True,False,0.6787330316742082,0.6113876711989499,,,,,"comparison_groups,subgroup_accuracy_gap",0.8497080125380307
adult_core,2007,joint_dirichlet_0.3,B1,5,1,462,116,True,False,0.5344827586206896,0.5202205882352942,,,,,"comparison_groups,subgroup_accuracy_gap",0.7540420047007501
adult_core,2007,joint_dirichlet_0.3,B1,5,2,4221,1056,True,True,0.9962121212121212,0.4990512333965844,0.0,,,0.016000000000000014,"equal_opportunity_gap,equalized_odds_gap",1.7835830221883953
adult_core,2007,joint_dirichlet_0.3,B1,5,3,2521,631,True,False,0.6196513470681458,0.557182624154951,0.18657825999598152,0.17049758391014758,0.17049758391014758,0.37280490255173804,,1.4075829822104424
adult_core,2007,joint_dirichlet_0.3,B1,5,4,708,177,True,True,0.8983050847457628,0.4732142857142857,0.0,0.0,0.0,0.00179640718562879,,0.8558339904993773
adult_core,2007,joint_dirichlet_0.3,B1,5,5,3140,786,True,False,0.7659033078880407,0.5137708445400753,,,,,"comparison_groups,subgroup_accuracy_gap",1.5008749905973673
adult_core,2007,joint_dirichlet_0.3,B1,5,6,2188,547,True,False,0.9945155393053017,0.4986251145737855,,,,,"comparison_groups,subgroup_accuracy_gap",1.198875019326806
adult_core,2007,joint_dirichlet_0.3,B1,5,7,4416,1105,True,False,0.7176470588235294,0.5345961532231066,,,,,"comparison_groups,subgroup_accuracy_gap",1.7902499821502715
adult_core,2007,joint_dirichlet_0.3,B1,5,8,228,58,True,False,0.6551724137931034,0.6086369770580297,0.3,,,0.6666666666666667,"equal_opportunity_gap,equalized_odds_gap",0.6774580106139183
adult_core,2007,joint_dirichlet_0.3,B1,5,9,1739,435,True,True,0.8367816091954023,0.5271811515439139,0.06961038961038961,0.0,,0.8550649350649351,"equalized_odds_gap,false_positive_rate_gap",1.1150420177727938
adult_core,2007,joint_dirichlet_0.3,B3,1,0,882,221,True,False,0.8597285067873304,0.46228710462287104,,,,,"comparison_groups,subgroup_accuracy_gap",1.0077500191982836
adult_core,2007,joint_dirichlet_0.3,B3,1,1,462,116,True,False,0.8275862068965517,0.49783549783549785,,,,,"comparison_groups,subgroup_accuracy_gap",0.8045409922488034
adult_core,2007,joint_dirichlet_0.3,B3,1,2,4221,1056,True,True,0.9962121212121212,0.4990512333965844,0.0,,,0.016000000000000014,"equal_opportunity_gap,equalized_odds_gap",1.8695830076467246
adult_core,2007,joint_dirichlet_0.3,B3,1,3,2521,631,True,False,0.7923930269413629,0.7904988075354634,0.45450070323488045,0.16507770667363197,0.1686429512516469,0.12427164958810533,,1.5560840256512165
adult_core,2007,joint_dirichlet_0.3,B3,1,4,708,177,True,True,0.8983050847457628,0.4732142857142857,0.0,0.0,0.0,0.00179640718562879,,0.9801670094020665
adult_core,2007,joint_dirichlet_0.3,B3,1,5,3140,786,True,False,0.7608142493638677,0.48336479966435913,,,,,"comparison_groups,subgroup_accuracy_gap",1.7118329997174442
adult_core,2007,joint_dirichlet_0.3,B3,1,6,2188,547,True,False,0.9945155393053017,0.4986251145737855,,,,,"comparison_groups,subgroup_accuracy_gap",1.3800000015180558
adult_core,2007,joint_dirichlet_0.3,B3,1,7,4416,1105,True,False,0.7230769230769231,0.5534846500031694,,,,,"comparison_groups,subgroup_accuracy_gap",1.8606669909786433
adult_core,2007,joint_dirichlet_0.3,B3,1,8,228,58,True,False,0.896551724137931,0.8954326923076923,0.7523809523809524,,,0.2142857142857143,"equal_opportunity_gap,equalized_odds_gap",0.6346250011119992
adult_core,2007,joint_dirichlet_0.3,B3,1,9,1739,435,True,True,0.8367816091954023,0.5167347321973431,0.0522077922077922,0.020000000000000004,,0.8776623376623376,"equalized_odds_gap,false_positive_rate_gap",1.131166995037347
adult_core,2007,joint_dirichlet_0.3,B3,2,0,882,221,True,False,0.8914027149321267,0.7618534482758621,,,,,"comparison_groups,subgroup_accuracy_gap",0.8564169984310865
adult_core,2007,joint_dirichlet_0.3,B3,2,1,462,116,True,False,0.7413793103448276,0.687948350071736,,,,,"comparison_groups,subgroup_accuracy_gap",0.7964580145198852
adult_core,2007,joint_dirichlet_0.3,B3,2,2,4221,1056,True,True,0.9962121212121212,0.4990512333965844,0.0,,,0.016000000000000014,"equal_opportunity_gap,equalized_odds_gap",1.770749979186803
adult_core,2007,joint_dirichlet_0.3,B3,2,3,2521,631,True,False,0.6053882725832013,0.5319116608721299,0.17713482017279486,0.18649601671672977,0.18649601671672977,0.3949467550733374,,1.364583004033193
adult_core,2007,joint_dirichlet_0.3,B3,2,4,708,177,True,True,0.8983050847457628,0.4732142857142857,0.0,0.0,0.0,0.00179640718562879,,0.9013749950099736
adult_core,2007,joint_dirichlet_0.3,B3,2,5,3140,786,True,False,0.7608142493638677,0.47050223598211216,,,,,"comparison_groups,subgroup_accuracy_gap",1.467791007598862
adult_core,2007,joint_dirichlet_0.3,B3,2,6,2188,547,True,False,0.9945155393053017,0.4986251145737855,,,,,"comparison_groups,subgroup_accuracy_gap",1.1974169756285846
adult_core,2007,joint_dirichlet_0.3,B3,2,7,4416,1105,True,False,0.6877828054298643,0.4263057385227288,,,,,"comparison_groups,subgroup_accuracy_gap",1.7619169957470149
adult_core,2007,joint_dirichlet_0.3,B3,2,8,228,58,True,False,0.6551724137931034,0.6086369770580297,0.3,,,0.6666666666666667,"equal_opportunity_gap,equalized_odds_gap",0.6398750119842589
adult_core,2007,joint_dirichlet_0.3,B3,2,9,1739,435,True,True,0.8344827586206897,0.493006993006993,0.014805194805194806,0.06,,0.9202597402597402,"equalized_odds_gap,false_positive_rate_gap",1.1002910032402724
adult_core,2007,joint_dirichlet_0.3,B3,3,0,882,221,True,False,0.6199095022624435,0.5642253521126761,,,,,"comparison_groups,subgroup_accuracy_gap",0.8458330121356994
adult_core,2007,joint_dirichlet_0.3,B3,3,1,462,116,True,False,0.4051724137931034,0.40406522224704045,,,,,"comparison_groups,subgroup_accuracy_gap",0.7959999784361571
adult_core,2007,joint_dirichlet_0.3,B3,3,2,4221,1056,True,True,0.9962121212121212,0.4990512333965844,0.0,,,0.016000000000000014,"equal_opportunity_gap,equalized_odds_gap",1.9640000245999545
adult_core,2007,joint_dirichlet_0.3,B3,3,3,2521,631,True,False,0.5435816164817749,0.40912992586812325,0.060116536065903156,0.06484262766096383,0.06484262766096383,0.5247036367289533,,1.3484999944921583
adult_core,2007,joint_dirichlet_0.3,B3,3,4,708,177,True,True,0.8983050847457628,0.4732142857142857,0.0,0.0,0.0,0.00179640718562879,,0.8186670020222664
adult_core,2007,joint_dirichlet_0.3,B3,3,5,3140,786,True,False,0.7595419847328244,0.4654542706732828,,,,,"comparison_groups,subgroup_accuracy_gap",1.4421660162042826
adult_core,2007,joint_dirichlet_0.3,B3,3,6,2188,547,True,False,0.9945155393053017,0.4986251145737855,,,,,"comparison_groups,subgroup_accuracy_gap",1.1865829874295741
adult_core,2007,joint_dirichlet_0.3,B3,3,7,4416,1105,True,False,0.6868778280542986,0.42334724953847264,,,,,"comparison_groups,subgroup_accuracy_gap",1.764582993928343
adult_core,2007,joint_dirichlet_0.3,B3,3,8,228,58,True,False,0.5689655172413793,0.470609711573567,0.13333333333333333,,,0.8333333333333334,"equal_opportunity_gap,equalized_odds_gap",0.6321660184767097
adult_core,2007,joint_dirichlet_0.3,B3,3,9,1739,435,True,True,0.832183908045977,0.47994628322497174,0.017402597402597402,0.02,,0.9176623376623376,"equalized_odds_gap,false_positive_rate_gap",1.1001669918186963
adult_core,2007,joint_dirichlet_0.3,B3,4,0,882,221,True,False,0.3891402714932127,0.38056680161943324,,,,,"comparison_groups,subgroup_accuracy_gap",0.8450419991277158
adult_core,2007,joint_dirichlet_0.3,B3,4,1,462,116,True,False,0.3017241379310345,0.2991720742895503,,,,,"comparison_groups,subgroup_accuracy_gap",0.7508339767809957
adult_core,2007,joint_dirichlet_0.3,B3,4,2,4221,1056,True,True,0.9962121212121212,0.4990512333965844,0.0,,,0.016000000000000014,"equal_opportunity_gap,equalized_odds_gap",1.7930419999174774
adult_core,2007,joint_dirichlet_0.3,B3,4,3,2521,631,True,False,0.5245641838351822,0.36940358170770704,0.022141852521599358,0.01625963170954682,0.01625963170954682,0.562678320273257,,1.327958976617083
adult_core,2007,joint_dirichlet_0.3,B3,4,4,708,177,True,True,0.8983050847457628,0.4732142857142857,0.0,0.0,0.0,0.00179640718562879,,0.8218330040108413
adult_core,2007,joint_dirichlet_0.3,B3,4,5,3140,786,True,False,0.7569974554707379,0.4552184373537128,,,,,"comparison_groups,subgroup_accuracy_gap",1.4652080135419965
adult_core,2007,joint_dirichlet_0.3,B3,4,6,2188,547,True,False,0.9945155393053017,0.4986251145737855,,,,,"comparison_groups,subgroup_accuracy_gap",1.212541974382475
adult_core,2007,joint_dirichlet_0.3,B3,4,7,4416,1105,True,False,0.685972850678733,0.42037365404877547,,,,,"comparison_groups,subgroup_accuracy_gap",1.7683329933788627
adult_core,2007,joint_dirichlet_0.3,B3,4,8,228,58,True,False,0.5517241379310345,0.43898809523809523,0.1,,,0.8666666666666667,"equal_opportunity_gap,equalized_odds_gap",0.6385419983416796
adult_core,2007,joint_dirichlet_0.3,B3,4,9,1739,435,True,True,0.832183908045977,0.47994628322497174,0.017402597402597402,0.02,,0.9176623376623376,"equalized_odds_gap,false_positive_rate_gap",1.1004999978467822
adult_core,2007,joint_dirichlet_0.3,B3,5,0,882,221,True,False,0.28054298642533937,0.28054298642533937,,,,,"comparison_groups,subgroup_accuracy_gap",0.8380840008612722
adult_core,2007,joint_dirichlet_0.3,B3,5,1,462,116,True,False,0.2672413793103448,0.2605924259467567,,,,,"comparison_groups,subgroup_accuracy_gap",0.7890000124461949
adult_core,2007,joint_dirichlet_0.3,B3,5,2,4221,1056,True,True,0.9962121212121212,0.4990512333965844,0.0,,,0.016000000000000014,"equal_opportunity_gap,equalized_odds_gap",2.1212080027908087
adult_core,2007,joint_dirichlet_0.3,B3,5,3,2521,631,True,False,0.5229793977812995,0.36597733380067765,0.01897729555957404,0.012211048713595404,0.012211048713595404,0.5658428772352824,,1.567250001244247
adult_core,2007,joint_dirichlet_0.3,B3,5,4,708,177,True,True,0.8983050847457628,0.4732142857142857,0.0,0.0,0.0,0.00179640718562879,,0.9032500092871487
adult_core,2007,joint_dirichlet_0.3,B3,5,5,3140,786,True,False,0.7569974554707379,0.4552184373537128,,,,,"comparison_groups,subgroup_accuracy_gap",1.482874999055639
adult_core,2007,joint_dirichlet_0.3,B3,5,6,2188,547,True,False,0.9945155393053017,0.4986251145737855,,,,,"comparison_groups,subgroup_accuracy_gap",1.2040409783367068
adult_core,2007,joint_dirichlet_0.3,B3,5,7,4416,1105,True,False,0.6850678733031674,0.41738482237009567,,,,,"comparison_groups,subgroup_accuracy_gap",1.7715410212986171
adult_core,2007,joint_dirichlet_0.3,B3,5,8,228,58,True,False,0.5517241379310345,0.43898809523809523,0.1,,,0.8666666666666667,"equal_opportunity_gap,equalized_odds_gap",0.6383330037351698
adult_core,2007,joint_dirichlet_0.3,B3,5,9,1739,435,True,True,0.832183908045977,0.47994628322497174,0.017402597402597402,0.02,,0.9176623376623376,"equalized_odds_gap,false_positive_rate_gap",1.2055830156896263
adult_core,2008,iid,B0,1,0,2051,513,True,True,0.7543859649122807,0.4522574740695546,0.005572669689522688,0.027522935779816515,0.027522935779816515,0.19547609982347447,,1.4038330118637532
adult_core,2008,iid,B0,1,1,2051,513,True,True,0.7738791423001949,0.5143948296122209,0.00768025078369906,0.08312838170191834,0.08312838170191834,0.19038662486938351,,1.2597500171978027
adult_core,2008,iid,B0,1,2,2051,513,True,True,0.7738791423001949,0.5202515317639471,0.017080745341614908,0.013520038628681785,0.013520038628681785,0.18576604554865428,,1.405041984980926
adult_core,2008,iid,B0,1,3,2051,513,True,True,0.7582846003898636,0.49914965986394555,0.013592843664826333,0.041545893719806756,0.041545893719806756,0.21189461178279412,,1.273333007702604
adult_core,2008,iid,B0,1,4,2051,513,True,True,0.7738791423001949,0.5202515317639471,0.024414850686037125,0.04209390178089585,0.04209390178089585,0.1985976594027441,,1.2348329764790833
adult_core,2008,iid,B0,1,5,2051,513,True,True,0.7719298245614035,0.467072142064373,0.005572669689522688,0.0261437908496732,0.0261437908496732,0.18722093385483363,,1.3339589932002127
adult_core,2008,iid,B0,1,6,2051,513,True,True,0.7426900584795322,0.47294520547945207,0.013444347063978965,0.06086956521739131,0.06086956521739131,0.17931638913234005,,1.2676669866777956
adult_core,2008,iid,B0,1,7,2050,513,True,True,0.7563352826510721,0.503726405237863,0.012616459627329192,0.020353982300884962,0.020353982300884962,0.1831239412761152,,1.2756249925587326
adult_core,2008,iid,B0,1,8,2050,513,True,True,0.7699805068226121,0.5119800064495323,0.0033636298575824806,0.08516746411483253,0.08516746411483253,0.18460602590710662,,1.2691669980995357
adult_core,2008,iid,B0,1,9,2050,513,True,True,0.7777777777777778,0.4979223901098901,0.017749064943896633,0.02238095238095239,0.02238095238095239,0.1608636518191091,,1.229249988682568
adult_core,2008,iid,B0,2,0,2051,513,True,True,0.7543859649122807,0.4522574740695546,0.005572669689522688,0.027522935779816515,0.027522935779816515,0.19547609982347447,,1.2609589903149754
adult_core,2008,iid,B0,2,1,2051,513,True,True,0.7758284600389863,0.5215056815877624,0.010553814002089865,0.07378258730939498,0.07378258730939498,0.18751306165099269,,1.2453749950509518
adult_core,2008,iid,B0,2,2,2051,513,True,True,0.783625730994152,0.5593090478512224,0.010817805383022773,0.0820859488169966,0.0820859488169966,0.18012422360248448,,1.2285829870961607
adult_core,2008,iid,B0,2,3,2051,513,True,True,0.7582846003898636,0.49914965986394555,0.013592843664826333,0.041545893719806756,0.041545893719806756,0.21189461178279412,,1.1829580180346966
adult_core,2008,iid,B0,2,4,2051,513,True,True,0.7738791423001949,0.5202515317639471,0.024414850686037125,0.04209390178089585,0.04209390178089585,0.1985976594027441,,1.2099159939680248
adult_core,2008,iid,B0,2,5,2051,513,True,True,0.7777777777777778,0.4912131124721604,0.014243189920736561,0.0032679738562091526,0.004098360655737705,0.17855041362361979,,1.192625000840053
adult_core,2008,iid,B0,2,6,2051,513,True,True,0.7426900584795322,0.47294520547945207,0.013444347063978965,0.06086956521739131,0.06086956521739131,0.17931638913234005,,1.1762499925680459
adult_core,2008,iid,B0,2,7,2050,513,True,True,0.7563352826510721,0.503726405237863,0.012616459627329192,0.020353982300884962,0.020353982300884962,0.1831239412761152,,1.175332989078015
adult_core,2008,iid,B0,2,8,2050,513,True,True,0.7719298245614035,0.5190046880634691,0.006172618621627424,0.07607655502392344,0.07607655502392344,0.1817970371430616,,1.1623339960351586
adult_core,2008,iid,B0,2,9,2050,513,True,True,0.7797270955165692,0.5055737984562241,0.020690241414484868,0.032380952380952385,0.032380952380952385,0.15792247534852089,,1.177541009383276
adult_core,2008,iid,B0,3,0,2051,513,True,True,0.7582846003898636,0.4678067063784218,0.0024748191478315036,0.018858307849133532,0.018858307849133532,0.19857395036516567,,1.1865410197060555
adult_core,2008,iid,B0,3,1,2051,513,True,True,0.7816764132553606,0.5422853865273086,0.010240334378265412,0.10772257747171667,0.10772257747171667,0.18782654127481713,,1.245167019078508
adult_core,2008,iid,B0,3,2,2051,513,True,True,0.7875243664717348,0.5720845163117094,0.01661490683229814,0.06373732496378559,0.06373732496378559,0.1743271221532091,,1.2017079861834645
adult_core,2008,iid,B0,3,3,2051,513,True,True,0.7582846003898636,0.49914965986394555,0.013592843664826333,0.041545893719806756,0.041545893719806756,0.21189461178279412,,1.2025419855490327
adult_core,2008,iid,B0,3,4,2051,513,True,True,0.7758284600389863,0.5272268301478543,0.027391041162227604,0.051268213707501356,0.051268213707501356,0.19562146892655363,,1.1869579902850091
adult_core,2008,iid,B0,3,5,2051,513,True,True,0.7777777777777778,0.4912131124721604,0.014243189920736561,0.0032679738562091526,0.004098360655737705,0.17855041362361979,,1.1750829871743917
adult_core,2008,iid,B0,3,6,2051,513,True,True,0.7446393762183235,0.4799052726892805,0.01630148992112182,0.06956521739130435,0.06956521739130435,0.17645924627519716,,1.2912089878227562
adult_core,2008,iid,B0,3,7,2050,513,True,True,0.7563352826510721,0.503726405237863,0.012616459627329192,0.020353982300884962,0.020353982300884962,0.1831239412761152,,1.182915992103517
adult_core,2008,iid,B0,3,8,2050,513,True,True,0.7719298245614035,0.5190046880634691,0.006172618621627424,0.07607655502392344,0.07607655502392344,0.1817970371430616,,1.1591250076889992
adult_core,2008,iid,B0,3,9,2050,513,True,True,0.7797270955165692,0.5119180931051032,0.026572594355661342,0.04238095238095238,0.04238095238095238,0.15792247534852089,,1.1505000002216548
adult_core,2008,iid,B0,4,0,2051,513,True,True,0.7621832358674464,0.4829312623925975,0.008255165968640753,0.0005096839959225219,0.0024920001132727326,0.19279360354435637,,1.176750025479123
adult_core,2008,iid,B0,4,1,2051,513,True,True,0.7855750487329435,0.5556972789115646,0.01598746081504702,0.08903098868666993,0.08903098868666993,0.18207941483803547,,1.1768749973271042
adult_core,2008,iid,B0,4,2,2051,513,True,True,0.7875243664717348,0.5720845163117094,0.01661490683229814,0.06373732496378559,0.06373732496378559,0.1743271221532091,,1.1621250014286488
adult_core,2008,iid,B0,4,3,2051,513,True,True,0.7563352826510721,0.49802340600414885,0.016458173177720317,0.041545893719806756,0.041545893719806756,0.2147599412956881,,1.1614170216489583
adult_core,2008,iid,B0,4,4,2051,513,True,True,0.7777777777777778,0.5341119112867249,0.030367231638418077,0.06044252563410686,0.06044252563410686,0.19264527845036317,,1.1595840041991323
adult_core,2008,iid,B0,4,5,2051,513,True,True,0.7797270955165692,0.49902776697518864,0.017133363331141183,0.01307189542483661,0.01307189542483661,0.17566024021321514,,1.1586670007091016
adult_core,2008,iid,B0,4,6,2051,513,True,True,0.746588693957115,0.48677892015021856,0.019158632778264684,0.0782608695652174,0.0782608695652174,0.17360210341805438,,1.1630420049186796
adult_core,2008,iid,B0,4,7,2050,513,True,True,0.7563352826510721,0.503726405237863,0.012616459627329192,0.020353982300884962,0.020353982300884962,0.1831239412761152,,1.1464999988675117
adult_core,2008,iid,B0,4,8,2050,513,True,True,0.7719298245614035,0.5190046880634691,0.006172618621627424,0.07607655502392344,0.07607655502392344,0.1817970371430616,,1.1504580033943057
adult_core,2008,iid,B0,4,9,2050,513,True,True,0.783625730994152,0.5265993265993266,0.032454947296837816,0.062380952380952384,0.062380952380952384,0.15204012240734444,,1.157541002612561
adult_core,2008,iid,B0,5,0,2051,513,True,True,0.7641325536062378,0.49034016733309793,0.011145339379045376,0.008664627930682983,0.008664627930682983,0.18990343013395183,,1.1764579976443201
adult_core,2008,iid,B0,5,1,2051,513,True,True,0.7855750487329435,0.5657360093578773,0.02748171368861024,0.07033939990162322,0.07033939990162322,0.18207941483803547,,1.1900829849764705
adult_core,2008,iid,B0,5,2,2051,513,True,True,0.7855750487329435,0.5705479452054795,0.019513457556935822,0.06373732496378559,0.06373732496378559,0.17722567287784685,,1.162917003966868
adult_core,2008,iid,B0,5,3,2051,513,True,True,0.7543859649122807,0.4969022415940224,0.019323502690614298,0.041545893719806756,0.041545893719806756,0.21762527080858207,,1.1557909892871976
adult_core,2008,iid,B0,5,4,2051,513,True,True,0.7777777777777778,0.5341119112867249,0.030367231638418077,0.06044252563410686,0.06044252563410686,0.19264527845036317,,1.1570829956326634
adult_core,2008,iid,B0,5,5,2051,513,True,True,0.7797270955165692,0.49902776697518864,0.017133363331141183,0.01307189542483661,0.01307189542483661,0.17566024021321514,,1.222749997396022
adult_core,2008,iid,B0,5,6,2051,513,True,True,0.7485380116959064,0.49913339640491955,0.01873794916739702,0.03695652173913043,0.03695652173913043,0.17973707274320772,,1.1997910041827708
adult_core,2008,iid,B0,5,7,2050,513,True,True,0.7582846003898636,0.5104660469125162,0.01545736871823828,0.011504424778761069,0.011504424778761069,0.18028303218520614,,1.1836249905172735
adult_core,2008,iid,B0,5,8,2050,513,True,True,0.7719298245614035,0.5190046880634691,0.006172618621627424,0.07607655502392344,0.07607655502392344,0.1817970371430616,,1.1731249978765845
adult_core,2008,iid,B0,5,9,2050,513,True,True,0.7855750487329435,0.533790482485129,0.03539612376742605,0.07238095238095238,0.07238095238095238,0.1490989459367561,,1.1545419984031469
adult_core,2008,iid,B1,1,0,2051,513,True,True,0.7543859649122807,0.4522574740695546,0.005572669689522688,0.027522935779816515,0.027522935779816515,0.19547609982347447,,1.436249993275851
adult_core,2008,iid,B1,1,1,2051,513,True,True,0.7738791423001949,0.5143948296122209,0.00768025078369906,0.08312838170191834,0.08312838170191834,0.19038662486938351,,1.2502500030677766
adult_core,2008,iid,B1,1,2,2051,513,True,True,0.7738791423001949,0.5202515317639471,0.017080745341614908,0.013520038628681785,0.013520038628681785,0.18576604554865428,,1.277333009056747
adult_core,2008,iid,B1,1,3,2051,513,True,True,0.7582846003898636,0.49914965986394555,0.013592843664826333,0.041545893719806756,0.041545893719806756,0.21189461178279412,,1.2220000207889825
adult_core,2008,iid,B1,1,4,2051,513,True,True,0.7738791423001949,0.5202515317639471,0.024414850686037125,0.04209390178089585,0.04209390178089585,0.1985976594027441,,1.2097499857190996
adult_core,2008,iid,B1,1,5,2051,513,True,True,0.7719298245614035,0.467072142064373,0.005572669689522688,0.0261437908496732,0.0261437908496732,0.18722093385483363,,1.234291004948318
adult_core,2008,iid,B1,1,6,2051,513,True,True,0.7426900584795322,0.47294520547945207,0.013444347063978965,0.06086956521739131,0.06086956521739131,0.17931638913234005,,1.2341669935267419
adult_core,2008,iid,B1,1,7,2050,513,True,True,0.7563352826510721,0.503726405237863,0.012616459627329192,0.020353982300884962,0.020353982300884962,0.1831239412761152,,1.1966660094913095
adult_core,2008,iid,B1,1,8,2050,513,True,True,0.7699805068226121,0.5119800064495323,0.0033636298575824806,0.08516746411483253,0.08516746411483253,0.18460602590710662,,1.1897079821210355
adult_core,2008,iid,B1,1,9,2050,513,True,True,0.7777777777777778,0.4979223901098901,0.017749064943896633,0.02238095238095239,0.02238095238095239,0.1608636518191091,,1.1907500156667084
adult_core,2008,iid,B1,2,0,2051,513,True,True,0.7543859649122807,0.4522574740695546,0.005572669689522688,0.027522935779816515,0.027522935779816515,0.19547609982347447,,1.2467920023482293
adult_core,2008,iid,B1,2,1,2051,513,True,True,0.7758284600389863,0.5215056815877624,0.010553814002089865,0.07378258730939498,0.07378258730939498,0.18751306165099269,,1.3054580194875598
adult_core,2008,iid,B1,2,2,2051,513,True,True,0.783625730994152,0.5593090478512224,0.010817805383022773,0.0820859488169966,0.0820859488169966,0.18012422360248448,,1.296834001550451
adult_core,2008,iid,B1,2,3,2051,513,True,True,0.7582846003898636,0.49914965986394555,0.013592843664826333,0.041545893719806756,0.041545893719806756,0.21189461178279412,,1.188249996630475
adult_core,2008,iid,B1,2,4,2051,513,True,True,0.7738791423001949,0.5202515317639471,0.024414850686037125,0.04209390178089585,0.04209390178089585,0.1985976594027441,,1.1815000034403056
adult_core,2008,iid,B1,2,5,2051,513,True,True,0.7777777777777778,0.4912131124721604,0.014243189920736561,0.0032679738562091526,0.004098360655737705,0.17855041362361979,,1.1769169941544533
adult_core,2008,iid,B1,2,6,2051,513,True,True,0.7426900584795322,0.47294520547945207,0.013444347063978965,0.06086956521739131,0.06086956521739131,0.17931638913234005,,1.1758749897126108
adult_core,2008,iid,B1,2,7,2050,513,True,True,0.7563352826510721,0.503726405237863,0.012616459627329192,0.020353982300884962,0.020353982300884962,0.1831239412761152,,1.1942499841097742
adult_core,2008,iid,B1,2,8,2050,513,True,True,0.7719298245614035,0.5190046880634691,0.006172618621627424,0.07607655502392344,0.07607655502392344,0.1817970371430616,,1.170666015241295
adult_core,2008,iid,B1,2,9,2050,513,True,True,0.7797270955165692,0.5055737984562241,0.020690241414484868,0.032380952380952385,0.032380952380952385,0.15792247534852089,,1.2232910085003823
adult_core,2008,iid,B1,3,0,2051,513,True,True,0.7582846003898636,0.4678067063784218,0.0024748191478315036,0.018858307849133532,0.018858307849133532,0.19857395036516567,,1.2017090048175305
adult_core,2008,iid,B1,3,1,2051,513,True,True,0.7816764132553606,0.5422853865273086,0.010240334378265412,0.10772257747171667,0.10772257747171667,0.18782654127481713,,1.1822500091511756
adult_core,2008,iid,B1,3,2,2051,513,True,True,0.7875243664717348,0.5720845163117094,0.01661490683229814,0.06373732496378559,0.06373732496378559,0.1743271221532091,,1.182542007882148
adult_core,2008,iid,B1,3,3,2051,513,True,True,0.7582846003898636,0.49914965986394555,0.013592843664826333,0.041545893719806756,0.041545893719806756,0.21189461178279412,,1.1762500216718763
adult_core,2008,iid,B1,3,4,2051,513,True,True,0.7758284600389863,0.5272268301478543,0.027391041162227604,0.051268213707501356,0.051268213707501356,0.19562146892655363,,1.2246250116731972
adult_core,2008,iid,B1,3,5,2051,513,True,True,0.7777777777777778,0.4912131124721604,0.014243189920736561,0.0032679738562091526,0.004098360655737705,0.17855041362361979,,1.1992919899057597
adult_core,2008,iid,B1,3,6,2051,513,True,True,0.7446393762183235,0.4799052726892805,0.01630148992112182,0.06956521739130435,0.06956521739130435,0.17645924627519716,,1.180333987576887
adult_core,2008,iid,B1,3,7,2050,513,True,True,0.7563352826510721,0.503726405237863,0.012616459627329192,0.020353982300884962,0.020353982300884962,0.1831239412761152,,1.1682499898597598
adult_core,2008,iid,B1,3,8,2050,513,True,True,0.7719298245614035,0.5190046880634691,0.006172618621627424,0.07607655502392344,0.07607655502392344,0.1817970371430616,,1.1587089975364506
adult_core,2008,iid,B1,3,9,2050,513,True,True,0.7797270955165692,0.5119180931051032,0.026572594355661342,0.04238095238095238,0.04238095238095238,0.15792247534852089,,1.179290993604809
adult_core,2008,iid,B1,4,0,2051,513,True,True,0.7621832358674464,0.4829312623925975,0.008255165968640753,0.0005096839959225219,0.0024920001132727326,0.19279360354435637,,1.183208980364725
adult_core,2008,iid,B1,4,1,2051,513,True,True,0.7855750487329435,0.5556972789115646,0.01598746081504702,0.08903098868666993,0.08903098868666993,0.18207941483803547,,1.2090830132365227
adult_core,2008,iid,B1,4,2,2051,513,True,True,0.7875243664717348,0.5720845163117094,0.01661490683229814,0.06373732496378559,0.06373732496378559,0.1743271221532091,,1.181375002488494
adult_core,2008,iid,B1,4,3,2051,513,True,True,0.7563352826510721,0.49802340600414885,0.016458173177720317,0.041545893719806756,0.041545893719806756,0.2147599412956881,,1.1792090081144124
adult_core,2008,iid,B1,4,4,2051,513,True,True,0.7777777777777778,0.5341119112867249,0.030367231638418077,0.06044252563410686,0.06044252563410686,0.19264527845036317,,1.176291989395395
adult_core,2008,iid,B1,4,5,2051,513,True,True,0.7797270955165692,0.49902776697518864,0.017133363331141183,0.01307189542483661,0.01307189542483661,0.17566024021321514,,1.1668329825624824
adult_core,2008,iid,B1,4,6,2051,513,True,True,0.746588693957115,0.48677892015021856,0.019158632778264684,0.0782608695652174,0.0782608695652174,0.17360210341805438,,1.168000017059967
adult_core,2008,iid,B1,4,7,2050,513,True,True,0.7563352826510721,0.503726405237863,0.012616459627329192,0.020353982300884962,0.020353982300884962,0.1831239412761152,,1.1829579889308661
adult_core,2008,iid,B1,4,8,2050,513,True,True,0.7719298245614035,0.5190046880634691,0.006172618621627424,0.07607655502392344,0.07607655502392344,0.1817970371430616,,1.1712499835994095
adult_core,2008,iid,B1,4,9,2050,513,True,True,0.783625730994152,0.5265993265993266,0.032454947296837816,0.062380952380952384,0.062380952380952384,0.15204012240734444,,1.167625014204532
adult_core,2008,iid,B1,5,0,2051,513,True,True,0.7641325536062378,0.49034016733309793,0.011145339379045376,0.008664627930682983,0.008664627930682983,0.18990343013395183,,1.2057499843649566
adult_core,2008,iid,B1,5,1,2051,513,True,True,0.7855750487329435,0.5657360093578773,0.02748171368861024,0.07033939990162322,0.07033939990162322,0.18207941483803547,,1.172375021269545
adult_core,2008,iid,B1,5,2,2051,513,True,True,0.7855750487329435,0.5705479452054795,0.019513457556935822,0.06373732496378559,0.06373732496378559,0.17722567287784685,,1.172792020952329
adult_core,2008,iid,B1,5,3,2051,513,True,True,0.7543859649122807,0.4969022415940224,0.019323502690614298,0.041545893719806756,0.041545893719806756,0.21762527080858207,,1.1628749780356884
adult_core,2008,iid,B1,5,4,2051,513,True,True,0.7777777777777778,0.5341119112867249,0.030367231638418077,0.06044252563410686,0.06044252563410686,0.19264527845036317,,1.1606669868342578
adult_core,2008,iid,B1,5,5,2051,513,True,True,0.7797270955165692,0.49902776697518864,0.017133363331141183,0.01307189542483661,0.01307189542483661,0.17566024021321514,,1.161958003649488
adult_core,2008,iid,B1,5,6,2051,513,True,True,0.7485380116959064,0.49913339640491955,0.01873794916739702,0.03695652173913043,0.03695652173913043,0.17973707274320772,,1.389500015648082
adult_core,2008,iid,B1,5,7,2050,513,True,True,0.7582846003898636,0.5104660469125162,0.01545736871823828,0.011504424778761069,0.011504424778761069,0.18028303218520614,,1.364209019811824
adult_core,2008,iid,B1,5,8,2050,513,True,True,0.7719298245614035,0.5190046880634691,0.006172618621627424,0.07607655502392344,0.07607655502392344,0.1817970371430616,,1.2229999992996454
adult_core,2008,iid,B1,5,9,2050,513,True,True,0.7855750487329435,0.533790482485129,0.03539612376742605,0.07238095238095238,0.07238095238095238,0.1490989459367561,,1.18862499948591
adult_core,2008,iid,B3,1,0,2051,513,True,True,0.7543859649122807,0.4522574740695546,0.005572669689522688,0.027522935779816515,0.027522935779816515,0.19547609982347447,,1.5141670010052621
adult_core,2008,iid,B3,1,1,2051,513,True,True,0.7738791423001949,0.5143948296122209,0.00768025078369906,0.08312838170191834,0.08312838170191834,0.19038662486938351,,1.3234170037321746
adult_core,2008,iid,B3,1,2,2051,513,True,True,0.7738791423001949,0.5202515317639471,0.017080745341614908,0.013520038628681785,0.013520038628681785,0.18576604554865428,,1.2561659968923777
adult_core,2008,iid,B3,1,3,2051,513,True,True,0.7582846003898636,0.49914965986394555,0.013592843664826333,0.041545893719806756,0.041545893719806756,0.21189461178279412,,1.2540000025182962
adult_core,2008,iid,B3,1,4,2051,513,True,True,0.7738791423001949,0.5202515317639471,0.024414850686037125,0.04209390178089585,0.04209390178089585,0.1985976594027441,,1.2530829990282655
adult_core,2008,iid,B3,1,5,2051,513,True,True,0.7719298245614035,0.467072142064373,0.005572669689522688,0.0261437908496732,0.0261437908496732,0.18722093385483363,,1.2221249926369637
adult_core,2008,iid,B3,1,6,2051,513,True,True,0.7426900584795322,0.47294520547945207,0.013444347063978965,0.06086956521739131,0.06086956521739131,0.17931638913234005,,1.2189999979455024
adult_core,2008,iid,B3,1,7,2050,513,True,True,0.7563352826510721,0.503726405237863,0.012616459627329192,0.020353982300884962,0.020353982300884962,0.1831239412761152,,1.2127919762860984
adult_core,2008,iid,B3,1,8,2050,513,True,True,0.7699805068226121,0.5119800064495323,0.0033636298575824806,0.08516746411483253,0.08516746411483253,0.18460602590710662,,1.2161250051576644
adult_core,2008,iid,B3,1,9,2050,513,True,True,0.7777777777777778,0.4979223901098901,0.017749064943896633,0.02238095238095239,0.02238095238095239,0.1608636518191091,,1.203082996653393
adult_core,2008,iid,B3,2,0,2051,513,True,True,0.7543859649122807,0.4522574740695546,0.005572669689522688,0.027522935779816515,0.027522935779816515,0.19547609982347447,,1.2275000044610351
adult_core,2008,iid,B3,2,1,2051,513,True,True,0.7758284600389863,0.5215056815877624,0.010553814002089865,0.07378258730939498,0.07378258730939498,0.18751306165099269,,1.1728339886758476
adult_core,2008,iid,B3,2,2,2051,513,True,True,0.783625730994152,0.5593090478512224,0.010817805383022773,0.0820859488169966,0.0820859488169966,0.18012422360248448,,1.1817080085165799
adult_core,2008,iid,B3,2,3,2051,513,True,True,0.7582846003898636,0.49914965986394555,0.013592843664826333,0.041545893719806756,0.041545893719806756,0.21189461178279412,,1.1672499822452664
adult_core,2008,iid,B3,2,4,2051,513,True,True,0.7738791423001949,0.5202515317639471,0.024414850686037125,0.04209390178089585,0.04209390178089585,0.1985976594027441,,1.1702500050887465
adult_core,2008,iid,B3,2,5,2051,513,True,True,0.7777777777777778,0.4912131124721604,0.014243189920736561,0.0032679738562091526,0.004098360655737705,0.17855041362361979,,1.2757089862134308
adult_core,2008,iid,B3,2,6,2051,513,True,True,0.7426900584795322,0.47294520547945207,0.013444347063978965,0.06086956521739131,0.06086956521739131,0.17931638913234005,,1.2310419988352805
adult_core,2008,iid,B3,2,7,2050,513,True,True,0.7563352826510721,0.503726405237863,0.012616459627329192,0.020353982300884962,0.020353982300884962,0.1831239412761152,,1.2016659893561155
adult_core,2008,iid,B3,2,8,2050,513,True,True,0.7719298245614035,0.5190046880634691,0.006172618621627424,0.07607655502392344,0.07607655502392344,0.1817970371430616,,1.1841250234283507
adult_core,2008,iid,B3,2,9,2050,513,True,True,0.7797270955165692,0.5055737984562241,0.020690241414484868,0.032380952380952385,0.032380952380952385,0.15792247534852089,,1.177458994789049
adult_core,2008,iid,B3,3,0,2051,513,True,True,0.7582846003898636,0.4678067063784218,0.0024748191478315036,0.018858307849133532,0.018858307849133532,0.19857395036516567,,1.1735830048564821
adult_core,2008,iid,B3,3,1,2051,513,True,True,0.7816764132553606,0.5422853865273086,0.010240334378265412,0.10772257747171667,0.10772257747171667,0.18782654127481713,,1.1880410020239651
adult_core,2008,iid,B3,3,2,2051,513,True,True,0.7875243664717348,0.5720845163117094,0.01661490683229814,0.06373732496378559,0.06373732496378559,0.1743271221532091,,1.1660000018309802
adult_core,2008,iid,B3,3,3,2051,513,True,True,0.7582846003898636,0.49914965986394555,0.013592843664826333,0.041545893719806756,0.041545893719806756,0.21189461178279412,,1.1754579900298268
adult_core,2008,iid,B3,3,4,2051,513,True,True,0.7758284600389863,0.5272268301478543,0.027391041162227604,0.051268213707501356,0.051268213707501356,0.19562146892655363,,1.1877499928232282
adult_core,2008,iid,B3,3,5,2051,513,True,True,0.7777777777777778,0.4912131124721604,0.014243189920736561,0.0032679738562091526,0.004098360655737705,0.17855041362361979,,1.1745830124709755
adult_core,2008,iid,B3,3,6,2051,513,True,True,0.7446393762183235,0.4799052726892805,0.01630148992112182,0.06956521739130435,0.06956521739130435,0.17645924627519716,,1.164832996437326
adult_core,2008,iid,B3,3,7,2050,513,True,True,0.7563352826510721,0.503726405237863,0.012616459627329192,0.020353982300884962,0.020353982300884962,0.1831239412761152,,1.149207993876189
adult_core,2008,iid,B3,3,8,2050,513,True,True,0.7719298245614035,0.5190046880634691,0.006172618621627424,0.07607655502392344,0.07607655502392344,0.1817970371430616,,1.1738330067601055
adult_core,2008,iid,B3,3,9,2050,513,True,True,0.7797270955165692,0.5119180931051032,0.026572594355661342,0.04238095238095238,0.04238095238095238,0.15792247534852089,,1.1505000002216548
adult_core,2008,iid,B3,4,0,2051,513,True,True,0.7621832358674464,0.4829312623925975,0.008255165968640753,0.0005096839959225219,0.0024920001132727326,0.19279360354435637,,1.175667013740167
adult_core,2008,iid,B3,4,1,2051,513,True,True,0.7855750487329435,0.5556972789115646,0.01598746081504702,0.08903098868666993,0.08903098868666993,0.18207941483803547,,1.1592499795369804
adult_core,2008,iid,B3,4,2,2051,513,True,True,0.7875243664717348,0.5720845163117094,0.01661490683229814,0.06373732496378559,0.06373732496378559,0.1743271221532091,,1.1494999926071614
adult_core,2008,iid,B3,4,3,2051,513,True,True,0.7563352826510721,0.49802340600414885,0.016458173177720317,0.041545893719806756,0.041545893719806756,0.2147599412956881,,1.150624972069636
adult_core,2008,iid,B3,4,4,2051,513,True,True,0.7777777777777778,0.5341119112867249,0.030367231638418077,0.06044252563410686,0.06044252563410686,0.19264527845036317,,1.1872910254169255
adult_core,2008,iid,B3,4,5,2051,513,True,True,0.7797270955165692,0.49902776697518864,0.017133363331141183,0.01307189542483661,0.01307189542483661,0.17566024021321514,,1.1576660035643727
adult_core,2008,iid,B3,4,6,2051,513,True,True,0.746588693957115,0.48677892015021856,0.019158632778264684,0.0782608695652174,0.0782608695652174,0.17360210341805438,,1.158207975095138
adult_core,2008,iid,B3,4,7,2050,513,True,True,0.7563352826510721,0.503726405237863,0.012616459627329192,0.020353982300884962,0.020353982300884962,0.1831239412761152,,1.1562910221982747
adult_core,2008,iid,B3,4,8,2050,513,True,True,0.7719298245614035,0.5190046880634691,0.006172618621627424,0.07607655502392344,0.07607655502392344,0.1817970371430616,,1.152874989202246
adult_core,2008,iid,B3,4,9,2050,513,True,True,0.783625730994152,0.5265993265993266,0.032454947296837816,0.062380952380952384,0.062380952380952384,0.15204012240734444,,1.152832992374897
adult_core,2008,iid,B3,5,0,2051,513,True,True,0.7641325536062378,0.49034016733309793,0.011145339379045376,0.008664627930682983,0.008664627930682983,0.18990343013395183,,1.2407079921104014
adult_core,2008,iid,B3,5,1,2051,513,True,True,0.7855750487329435,0.5657360093578773,0.02748171368861024,0.07033939990162322,0.07033939990162322,0.18207941483803547,,1.201042003231123
adult_core,2008,iid,B3,5,2,2051,513,True,True,0.7855750487329435,0.5705479452054795,0.019513457556935822,0.06373732496378559,0.06373732496378559,0.17722567287784685,,1.1718330206349492
adult_core,2008,iid,B3,5,3,2051,513,True,True,0.7543859649122807,0.4969022415940224,0.019323502690614298,0.041545893719806756,0.041545893719806756,0.21762527080858207,,1.1585419997572899
adult_core,2008,iid,B3,5,4,2051,513,True,True,0.7777777777777778,0.5341119112867249,0.030367231638418077,0.06044252563410686,0.06044252563410686,0.19264527845036317,,1.1618330026976764
adult_core,2008,iid,B3,5,5,2051,513,True,True,0.7797270955165692,0.49902776697518864,0.017133363331141183,0.01307189542483661,0.01307189542483661,0.17566024021321514,,1.1747500102501363
adult_core,2008,iid,B3,5,6,2051,513,True,True,0.7485380116959064,0.49913339640491955,0.01873794916739702,0.03695652173913043,0.03695652173913043,0.17973707274320772,,1.2050829827785492
adult_core,2008,iid,B3,5,7,2050,513,True,True,0.7582846003898636,0.5104660469125162,0.01545736871823828,0.011504424778761069,0.011504424778761069,0.18028303218520614,,1.1761669884435833
adult_core,2008,iid,B3,5,8,2050,513,True,True,0.7719298245614035,0.5190046880634691,0.006172618621627424,0.07607655502392344,0.07607655502392344,0.1817970371430616,,1.1749160184990615
adult_core,2008,iid,B3,5,9,2050,513,True,True,0.7855750487329435,0.533790482485129,0.03539612376742605,0.07238095238095238,0.07238095238095238,0.1490989459367561,,1.1641669843811542
adult_core,2008,joint_dirichlet_0.3,B0,1,0,2682,671,True,True,0.7928464977645305,0.5519726002392196,0.12626338063231268,0.00195694716242667,0.1298701298701299,0.8492656211102814,,1.5904169995337725
adult_core,2008,joint_dirichlet_0.3,B0,1,1,1276,319,False,False,,,,,,,,0.02429200685583055
adult_core,2008,joint_dirichlet_0.3,B0,1,2,3120,780,True,True,0.9948717948717949,0.4987146529562982,0.0,,,0.0052631578947368585,"equal_opportunity_gap,equalized_odds_gap",1.6004580247681588
adult_core,2008,joint_dirichlet_0.3,B0,1,3,2115,529,True,True,0.8601134215500945,0.5108706517393043,0.05063291139240506,,,0.9367088607594937,"equal_opportunity_gap,equalized_odds_gap",1.3208330201450735
adult_core,2008,joint_dirichlet_0.3,B0,1,4,1698,425,True,True,0.8894117647058823,0.49106983617417005,0.004807692307692308,,,0.22596153846153844,"equal_opportunity_gap,equalized_odds_gap",1.198374986415729
adult_core,2008,joint_dirichlet_0.3,B0,1,5,666,167,True,True,0.7125748502994012,0.6120789779326364,0.23399319517476025,,,0.7094030312403341,"equal_opportunity_gap,equalized_odds_gap",0.8710410038474947
adult_core,2008,joint_dirichlet_0.3,B0,1,6,4280,1071,True,True,0.7441643323996265,0.7422206059072798,0.16461383530869933,0.15281228823130788,0.15281228823130788,0.014447284840034103,,1.8325419805478305
adult_core,2008,joint_dirichlet_0.3,B0,1,7,486,122,True,True,0.9180327868852459,0.47863247863247865,0.0,,,0.10526315789473684,"equal_opportunity_gap,equalized_odds_gap",0.7898750191088766
adult_core,2008,joint_dirichlet_0.3,B0,1,8,1460,365,True,True,0.9397260273972603,0.4844632768361582,0.0,,,0.09166666666666667,"equal_opportunity_gap,equalized_odds_gap",1.0259579867124557
adult_core,2008,joint_dirichlet_0.3,B0,1,9,2724,681,True,True,0.9765051395007343,0.49405646359583955,0.0,,,0.09467455621301779,"equal_opportunity_gap,equalized_odds_gap",1.4099580002948642
adult_core,2008,joint_dirichlet_0.3,B0,2,0,2682,671,True,False,0.9135618479880775,0.8691216034436373,0.6901792382374907,0.48043052837573386,0.48043052837573386,0.26321882001493646,,1.4146250032354146
adult_core,2008,joint_dirichlet_0.3,B0,2,1,1276,319,False,False,,,,,,,,0.0213750172406435
adult_core,2008,joint_dirichlet_0.3,B0,2,2,3120,780,True,True,0.9948717948717949,0.4987146529562982,0.0,,,0.0052631578947368585,"equal_opportunity_gap,equalized_odds_gap",1.4579580165445805
adult_core,2008,joint_dirichlet_0.3,B0,2,3,2115,529,True,True,0.8601134215500945,0.5108706517393043,0.05063291139240506,,,0.9367088607594937,"equal_opportunity_gap,equalized_odds_gap",1.2234159803483635
adult_core,2008,joint_dirichlet_0.3,B0,2,4,1698,425,True,True,0.8894117647058823,0.49106983617417005,0.004807692307692308,,,0.22596153846153844,"equal_opportunity_gap,equalized_odds_gap",1.0995420161634684
adult_core,2008,joint_dirichlet_0.3,B0,2,5,666,167,True,False,0.7365269461077845,0.7330717814588783,0.48948345190225795,,,0.13099288586452218,"equal_opportunity_gap,equalized_odds_gap",0.9017499978654087
adult_core,2008,joint_dirichlet_0.3,B0,2,6,4280,1071,True,True,0.6862745098039216,0.6475510667805402,0.08052521496630258,0.13383781341766432,0.13383781341766432,0.061817336741808115,,1.8045420001726598
adult_core,2008,joint_dirichlet_0.3,B0,2,7,486,122,True,True,0.9262295081967213,0.5715957861880608,0.010526315789473684,,,0.09473684210526312,"equal_opportunity_gap,equalized_odds_gap",0.7797500002197921
adult_core,2008,joint_dirichlet_0.3,B0,2,8,1460,365,True,True,0.936986301369863,0.4837340876944837,0.008,,,0.08366666666666667,"equal_opportunity_gap,equalized_odds_gap",1.028333994327113
adult_core,2008,joint_dirichlet_0.3,B0,2,9,2724,681,True,True,0.9765051395007343,0.49405646359583955,0.0,,,0.09467455621301779,"equal_opportunity_gap,equalized_odds_gap",1.3814159901812673
adult_core,2008,joint_dirichlet_0.3,B0,3,0,2682,671,True,False,0.8688524590163934,0.8363596053652589,0.7620985810306199,0.863013698630137,0.863013698630137,0.02888971869554402,,1.3861249899491668
adult_core,2008,joint_dirichlet_0.3,B0,3,1,1276,319,False,False,,,,,,,,0.023917004000395536
adult_core,2008,joint_dirichlet_0.3,B0,3,2,3120,780,True,True,0.9948717948717949,0.4987146529562982,0.0,,,0.0052631578947368585,"equal_opportunity_gap,equalized_odds_gap",1.4526670274790376
adult_core,2008,joint_dirichlet_0.3,B0,3,3,2115,529,True,True,0.8620037807183365,0.5228050664195243,0.06329113924050633,,,0.9240506329113924,"equal_opportunity_gap,equalized_odds_gap",1.200625003548339
adult_core,2008,joint_dirichlet_0.3,B0,3,4,1698,425,True,True,0.8917647058823529,0.51125,0.009615384615384616,,,0.22115384615384615,"equal_opportunity_gap,equalized_odds_gap",1.0841659968718886
adult_core,2008,joint_dirichlet_0.3,B0,3,5,666,167,True,False,0.6407185628742516,0.6391529818496111,0.387256418187442,,,0.4627281163006496,"equal_opportunity_gap,equalized_odds_gap",0.8422920072916895
adult_core,2008,joint_dirichlet_0.3,B0,3,6,4280,1071,True,True,0.6554621848739496,0.5935492231443038,0.086218917034627,0.1951660266546194,0.1951660266546194,0.08122240297466876,,1.7576249956618994
adult_core,2008,joint_dirichlet_0.3,B0,3,7,486,122,True,True,0.9262295081967213,0.5715957861880608,0.010526315789473684,,,0.09473684210526312,"equal_opportunity_gap,equalized_odds_gap",0.7679999980609864
adult_core,2008,joint_dirichlet_0.3,B0,3,8,1460,365,True,True,0.936986301369863,0.4837340876944837,0.008,,,0.08366666666666667,"equal_opportunity_gap,equalized_odds_gap",1.0210000036749989
adult_core,2008,joint_dirichlet_0.3,B0,3,9,2724,681,True,True,0.9765051395007343,0.49405646359583955,0.0,,,0.09467455621301779,"equal_opportunity_gap,equalized_odds_gap",1.4151249779388309
adult_core,2008,joint_dirichlet_0.3,B0,4,0,2682,671,True,False,0.7660208643815202,0.7372611028115235,0.6459920338561116,0.7201565557729941,0.7201565557729941,0.19627831715210353,,1.3825830246787518
adult_core,2008,joint_dirichlet_0.3,B0,4,1,1276,319,False,False,,,,,,,,0.020500010577961802
adult_core,2008,joint_dirichlet_0.3,B0,4,2,3120,780,True,True,0.9948717948717949,0.4987146529562982,0.0,,,0.0052631578947368585,"equal_opportunity_gap,equalized_odds_gap",1.455708988942206
adult_core,2008,joint_dirichlet_0.3,B0,4,3,2115,529,True,True,0.8620037807183365,0.5228050664195243,0.06329113924050633,,,0.9240506329113924,"equal_opportunity_gap,equalized_odds_gap",1.201375009259209
adult_core,2008,joint_dirichlet_0.3,B0,4,4,1698,425,True,True,0.8964705882352941,0.5493541546173125,0.019230769230769232,,,0.21153846153846156,"equal_opportunity_gap,equalized_odds_gap",1.0889590193983167
adult_core,2008,joint_dirichlet_0.3,B0,4,5,666,167,True,False,0.5389221556886228,0.5235466301085627,0.23383854005567584,,,0.6489328796783174,"equal_opportunity_gap,equalized_odds_gap",0.8107080066110939
adult_core,2008,joint_dirichlet_0.3,B0,4,6,4280,1071,True,True,0.6479925303454716,0.5765160088563425,0.0778913936013634,0.16297718545290263,0.16297718545290263,0.10310635990394301,,1.756915997248143
adult_core,2008,joint_dirichlet_0.3,B0,4,7,486,122,True,True,0.9262295081967213,0.5715957861880608,0.010526315789473684,,,0.09473684210526312,"equal_opportunity_gap,equalized_odds_gap",0.7891250133980066
adult_core,2008,joint_dirichlet_0.3,B0,4,8,1460,365,True,True,0.9342465753424658,0.4830028328611898,0.0038333333333333336,,,0.08783333333333332,"equal_opportunity_gap,equalized_odds_gap",1.0325829789508134
adult_core,2008,joint_dirichlet_0.3,B0,4,9,2724,681,True,True,0.9765051395007343,0.49405646359583955,0.0,,,0.09467455621301779,"equal_opportunity_gap,equalized_odds_gap",1.3759589928667992
adult_core,2008,joint_dirichlet_0.3,B0,5,0,2682,671,True,False,0.698956780923994,0.6790781149373035,0.572603933283545,0.6223091976516634,0.6223091976516634,0.31706497386109034,,1.3948749983683228
adult_core,2008,joint_dirichlet_0.3,B0,5,1,1276,319,False,False,,,,,,,,0.0213750172406435
adult_core,2008,joint_dirichlet_0.3,B0,5,2,3120,780,True,True,0.9948717948717949,0.4987146529562982,0.0,,,0.0052631578947368585,"equal_opportunity_gap,equalized_odds_gap",1.4397079939953983
adult_core,2008,joint_dirichlet_0.3,B0,5,3,2115,529,True,True,0.8638941398865785,0.534467585802288,0.0759493670886076,,,0.9113924050632911,"equal_opportunity_gap,equalized_odds_gap",1.2014160165563226
adult_core,2008,joint_dirichlet_0.3,B0,5,4,1698,425,True,True,0.8964705882352941,0.5493541546173125,0.019230769230769232,,,0.21153846153846156,"equal_opportunity_gap,equalized_odds_gap",1.0874159925151616
adult_core,2008,joint_dirichlet_0.3,B0,5,5,666,167,True,False,0.5029940119760479,0.47877260933328325,0.1772347664707702,,,0.705536653263223,"equal_opportunity_gap,equalized_odds_gap",0.8489169995300472
adult_core,2008,joint_dirichlet_0.3,B0,5,6,4280,1071,True,True,0.6451914098972923,0.5703481301307388,0.07084204818343792,0.15224757171899705,0.15224757171899705,0.10612750794019676,,1.749707997078076
adult_core,2008,joint_dirichlet_0.3,B0,5,7,486,122,True,True,0.9262295081967213,0.5715957861880608,0.010526315789473684,,,0.09473684210526312,"equal_opportunity_gap,equalized_odds_gap",0.7491669966839254
adult_core,2008,joint_dirichlet_0.3,B0,5,8,1460,365,True,True,0.936986301369863,0.5236879432624113,0.00033333333333333305,,,0.08366666666666667,"equal_opportunity_gap,equalized_odds_gap",1.018125010887161
adult_core,2008,joint_dirichlet_0.3,B0,5,9,2724,681,True,True,0.9750367107195301,0.49368029739776953,0.001953125,,,0.09272143121301779,"equal_opportunity_gap,equalized_odds_gap",1.365333009744063
adult_core,2008,joint_dirichlet_0.3,B1,1,0,2682,671,True,True,0.7928464977645305,0.5519726002392196,0.12626338063231268,0.00195694716242667,0.1298701298701299,0.8492656211102814,,1.561083015985787
adult_core,2008,joint_dirichlet_0.3,B1,1,1,1276,319,False,False,,,,,,,,0.023416010662913322
adult_core,2008,joint_dirichlet_0.3,B1,1,2,3120,780,True,True,0.9948717948717949,0.4987146529562982,0.0,,,0.0052631578947368585,"equal_opportunity_gap,equalized_odds_gap",1.5497079875785857
adult_core,2008,joint_dirichlet_0.3,B1,1,3,2115,529,True,True,0.8601134215500945,0.5108706517393043,0.05063291139240506,,,0.9367088607594937,"equal_opportunity_gap,equalized_odds_gap",1.3972920132800937
adult_core,2008,joint_dirichlet_0.3,B1,1,4,1698,425,True,True,0.8894117647058823,0.49106983617417005,0.004807692307692308,,,0.22596153846153844,"equal_opportunity_gap,equalized_odds_gap",1.1995420209132135
adult_core,2008,joint_dirichlet_0.3,B1,1,5,666,167,True,True,0.7125748502994012,0.6120789779326364,0.23399319517476025,,,0.7094030312403341,"equal_opportunity_gap,equalized_odds_gap",0.8435829950030893
adult_core,2008,joint_dirichlet_0.3,B1,1,6,4280,1071,True,True,0.7441643323996265,0.7422206059072798,0.16461383530869933,0.15281228823130788,0.15281228823130788,0.014447284840034103,,1.8554999842308462
adult_core,2008,joint_dirichlet_0.3,B1,1,7,486,122,True,True,0.9180327868852459,0.47863247863247865,0.0,,,0.10526315789473684,"equal_opportunity_gap,equalized_odds_gap",0.7695000094827265
adult_core,2008,joint_dirichlet_0.3,B1,1,8,1460,365,True,True,0.9397260273972603,0.4844632768361582,0.0,,,0.09166666666666667,"equal_opportunity_gap,equalized_odds_gap",1.0359580046497285
adult_core,2008,joint_dirichlet_0.3,B1,1,9,2724,681,True,True,0.9765051395007343,0.49405646359583955,0.0,,,0.09467455621301779,"equal_opportunity_gap,equalized_odds_gap",1.3865420187357813
adult_core,2008,joint_dirichlet_0.3,B1,2,0,2682,671,True,False,0.9135618479880775,0.8691216034436373,0.6901792382374907,0.48043052837573386,0.48043052837573386,0.26321882001493646,,1.3833749981131405
adult_core,2008,joint_dirichlet_0.3,B1,2,1,1276,319,False,False,,,,,,,,0.02116599353030324
adult_core,2008,joint_dirichlet_0.3,B1,2,2,3120,780,True,True,0.9948717948717949,0.4987146529562982,0.0,,,0.0052631578947368585,"equal_opportunity_gap,equalized_odds_gap",1.460792002035305
adult_core,2008,joint_dirichlet_0.3,B1,2,3,2115,529,True,True,0.8601134215500945,0.5108706517393043,0.05063291139240506,,,0.9367088607594937,"equal_opportunity_gap,equalized_odds_gap",1.3012080162297934
adult_core,2008,joint_dirichlet_0.3,B1,2,4,1698,425,True,True,0.8894117647058823,0.49106983617417005,0.004807692307692308,,,0.22596153846153844,"equal_opportunity_gap,equalized_odds_gap",1.1115840170532465
adult_core,2008,joint_dirichlet_0.3,B1,2,5,666,167,True,False,0.7365269461077845,0.7330717814588783,0.48948345190225795,,,0.13099288586452218,"equal_opportunity_gap,equalized_odds_gap",0.8537500107195228
adult_core,2008,joint_dirichlet_0.3,B1,2,6,4280,1071,True,True,0.6862745098039216,0.6475510667805402,0.08052521496630258,0.13383781341766432,0.13383781341766432,0.061817336741808115,,1.7534999933559448
adult_core,2008,joint_dirichlet_0.3,B1,2,7,486,122,True,True,0.9262295081967213,0.5715957861880608,0.010526315789473684,,,0.09473684210526312,"equal_opportunity_gap,equalized_odds_gap",0.772083003539592
adult_core,2008,joint_dirichlet_0.3,B1,2,8,1460,365,True,True,0.936986301369863,0.4837340876944837,0.008,,,0.08366666666666667,"equal_opportunity_gap,equalized_odds_gap",1.0140409867744893
adult_core,2008,joint_dirichlet_0.3,B1,2,9,2724,681,True,True,0.9765051395007343,0.49405646359583955,0.0,,,0.09467455621301779,"equal_opportunity_gap,equalized_odds_gap",1.3748750207014382
adult_core,2008,joint_dirichlet_0.3,B1,3,0,2682,671,True,False,0.8688524590163934,0.8363596053652589,0.7620985810306199,0.863013698630137,0.863013698630137,0.02888971869554402,,1.4102919958531857
adult_core,2008,joint_dirichlet_0.3,B1,3,1,1276,319,False,False,,,,,,,,0.021292013116180897
adult_core,2008,joint_dirichlet_0.3,B1,3,2,3120,780,True,True,0.9948717948717949,0.4987146529562982,0.0,,,0.0052631578947368585,"equal_opportunity_gap,equalized_odds_gap",1.4505409926641732
adult_core,2008,joint_dirichlet_0.3,B1,3,3,2115,529,True,True,0.8620037807183365,0.5228050664195243,0.06329113924050633,,,0.9240506329113924,"equal_opportunity_gap,equalized_odds_gap",1.2119160091970116
adult_core,2008,joint_dirichlet_0.3,B1,3,4,1698,425,True,True,0.8917647058823529,0.51125,0.009615384615384616,,,0.22115384615384615,"equal_opportunity_gap,equalized_odds_gap",1.1038750235456973
adult_core,2008,joint_dirichlet_0.3,B1,3,5,666,167,True,False,0.6407185628742516,0.6391529818496111,0.387256418187442,,,0.4627281163006496,"equal_opportunity_gap,equalized_odds_gap",0.8920420077629387
adult_core,2008,joint_dirichlet_0.3,B1,3,6,4280,1071,True,True,0.6554621848739496,0.5935492231443038,0.086218917034627,0.1951660266546194,0.1951660266546194,0.08122240297466876,,1.7762499919626862
adult_core,2008,joint_dirichlet_0.3,B1,3,7,486,122,True,True,0.9262295081967213,0.5715957861880608,0.010526315789473684,,,0.09473684210526312,"equal_opportunity_gap,equalized_odds_gap",0.7776250131428242
adult_core,2008,joint_dirichlet_0.3,B1,3,8,1460,365,True,True,0.936986301369863,0.4837340876944837,0.008,,,0.08366666666666667,"equal_opportunity_gap,equalized_odds_gap",1.0199170210398734
adult_core,2008,joint_dirichlet_0.3,B1,3,9,2724,681,True,True,0.9765051395007343,0.49405646359583955,0.0,,,0.09467455621301779,"equal_opportunity_gap,equalized_odds_gap",1.4288750244304538
adult_core,2008,joint_dirichlet_0.3,B1,4,0,2682,671,True,False,0.7660208643815202,0.7372611028115235,0.6459920338561116,0.7201565557729941,0.7201565557729941,0.19627831715210353,,1.4217079733498394
adult_core,2008,joint_dirichlet_0.3,B1,4,1,1276,319,False,False,,,,,,,,0.021500018192455173
adult_core,2008,joint_dirichlet_0.3,B1,4,2,3120,780,True,True,0.9948717948717949,0.4987146529562982,0.0,,,0.0052631578947368585,"equal_opportunity_gap,equalized_odds_gap",1.4671250246465206
adult_core,2008,joint_dirichlet_0.3,B1,4,3,2115,529,True,True,0.8620037807183365,0.5228050664195243,0.06329113924050633,,,0.9240506329113924,"equal_opportunity_gap,equalized_odds_gap",1.3392499822657555
adult_core,2008,joint_dirichlet_0.3,B1,4,4,1698,425,True,True,0.8964705882352941,0.5493541546173125,0.019230769230769232,,,0.21153846153846156,"equal_opportunity_gap,equalized_odds_gap",1.0975839977618307
adult_core,2008,joint_dirichlet_0.3,B1,4,5,666,167,True,False,0.5389221556886228,0.5235466301085627,0.23383854005567584,,,0.6489328796783174,"equal_opportunity_gap,equalized_odds_gap",0.8112500072456896
adult_core,2008,joint_dirichlet_0.3,B1,4,6,4280,1071,True,True,0.6479925303454716,0.5765160088563425,0.0778913936013634,0.16297718545290263,0.16297718545290263,0.10310635990394301,,1.7595000099390745
adult_core,2008,joint_dirichlet_0.3,B1,4,7,486,122,True,True,0.9262295081967213,0.5715957861880608,0.010526315789473684,,,0.09473684210526312,"equal_opportunity_gap,equalized_odds_gap",0.7665419834665954
adult_core,2008,joint_dirichlet_0.3,B1,4,8,1460,365,True,True,0.9342465753424658,0.4830028328611898,0.0038333333333333336,,,0.08783333333333332,"equal_opportunity_gap,equalized_odds_gap",1.0186670115217566
adult_core,2008,joint_dirichlet_0.3,B1,4,9,2724,681,True,True,0.9765051395007343,0.49405646359583955,0.0,,,0.09467455621301779,"equal_opportunity_gap,equalized_odds_gap",1.3906249951105565
adult_core,2008,joint_dirichlet_0.3,B1,5,0,2682,671,True,False,0.698956780923994,0.6790781149373035,0.572603933283545,0.6223091976516634,0.6223091976516634,0.31706497386109034,,1.4722080086357892
adult_core,2008,joint_dirichlet_0.3,B1,5,1,1276,319,False,False,,,,,,,,0.021791987819597125
adult_core,2008,joint_dirichlet_0.3,B1,5,2,3120,780,True,True,0.9948717948717949,0.4987146529562982,0.0,,,0.0052631578947368585,"equal_opportunity_gap,equalized_odds_gap",1.4671669923700392
adult_core,2008,joint_dirichlet_0.3,B1,5,3,2115,529,True,True,0.8638941398865785,0.534467585802288,0.0759493670886076,,,0.9113924050632911,"equal_opportunity_gap,equalized_odds_gap",1.2407090107444674
adult_core,2008,joint_dirichlet_0.3,B1,5,4,1698,425,True,True,0.8964705882352941,0.5493541546173125,0.019230769230769232,,,0.21153846153846156,"equal_opportunity_gap,equalized_odds_gap",1.0966250265482813
adult_core,2008,joint_dirichlet_0.3,B1,5,5,666,167,True,False,0.5029940119760479,0.47877260933328325,0.1772347664707702,,,0.705536653263223,"equal_opportunity_gap,equalized_odds_gap",0.8139169949572533
adult_core,2008,joint_dirichlet_0.3,B1,5,6,4280,1071,True,True,0.6451914098972923,0.5703481301307388,0.07084204818343792,0.15224757171899705,0.15224757171899705,0.10612750794019676,,1.766291999956593
adult_core,2008,joint_dirichlet_0.3,B1,5,7,486,122,True,True,0.9262295081967213,0.5715957861880608,0.010526315789473684,,,0.09473684210526312,"equal_opportunity_gap,equalized_odds_gap",0.7936249894555658
adult_core,2008,joint_dirichlet_0.3,B1,5,8,1460,365,True,True,0.936986301369863,0.5236879432624113,0.00033333333333333305,,,0.08366666666666667,"equal_opportunity_gap,equalized_odds_gap",1.0291250073350966
adult_core,2008,joint_dirichlet_0.3,B1,5,9,2724,681,True,True,0.9750367107195301,0.49368029739776953,0.001953125,,,0.09272143121301779,"equal_opportunity_gap,equalized_odds_gap",1.4519589894916862
adult_core,2008,joint_dirichlet_0.3,B3,1,0,2682,671,True,True,0.7928464977645305,0.5519726002392196,0.12626338063231268,0.00195694716242667,0.1298701298701299,0.8492656211102814,,1.5632080030627549
adult_core,2008,joint_dirichlet_0.3,B3,1,1,1276,319,False,False,,,,,,,,0.023833999875932932
adult_core,2008,joint_dirichlet_0.3,B3,1,2,3120,780,True,True,0.9948717948717949,0.4987146529562982,0.0,,,0.0052631578947368585,"equal_opportunity_gap,equalized_odds_gap",1.5583329950459301
adult_core,2008,joint_dirichlet_0.3,B3,1,3,2115,529,True,True,0.8601134215500945,0.5108706517393043,0.05063291139240506,,,0.9367088607594937,"equal_opportunity_gap,equalized_odds_gap",1.2369589821901172
adult_core,2008,joint_dirichlet_0.3,B3,1,4,1698,425,True,True,0.8894117647058823,0.49106983617417005,0.004807692307692308,,,0.22596153846153844,"equal_opportunity_gap,equalized_odds_gap",1.1131660139653832
adult_core,2008,joint_dirichlet_0.3,B3,1,5,666,167,True,True,0.7125748502994012,0.6120789779326364,0.23399319517476025,,,0.7094030312403341,"equal_opportunity_gap,equalized_odds_gap",0.8998329867608845
adult_core,2008,joint_dirichlet_0.3,B3,1,6,4280,1071,True,True,0.7441643323996265,0.7422206059072798,0.16461383530869933,0.15281228823130788,0.15281228823130788,0.014447284840034103,,1.8484999891370535
adult_core,2008,joint_dirichlet_0.3,B3,1,7,486,122,True,True,0.9180327868852459,0.47863247863247865,0.0,,,0.10526315789473684,"equal_opportunity_gap,equalized_odds_gap",0.769916019635275
adult_core,2008,joint_dirichlet_0.3,B3,1,8,1460,365,True,True,0.9397260273972603,0.4844632768361582,0.0,,,0.09166666666666667,"equal_opportunity_gap,equalized_odds_gap",1.033417007420212
adult_core,2008,joint_dirichlet_0.3,B3,1,9,2724,681,True,True,0.9765051395007343,0.49405646359583955,0.0,,,0.09467455621301779,"equal_opportunity_gap,equalized_odds_gap",1.4002500101923943
adult_core,2008,joint_dirichlet_0.3,B3,2,0,2682,671,True,False,0.9135618479880775,0.8691216034436373,0.6901792382374907,0.48043052837573386,0.48043052837573386,0.26321882001493646,,1.3925830135121942
adult_core,2008,joint_dirichlet_0.3,B3,2,1,1276,319,False,False,,,,,,,,0.028207985451444983
adult_core,2008,joint_dirichlet_0.3,B3,2,2,3120,780,True,True,0.9948717948717949,0.4987146529562982,0.0,,,0.0052631578947368585,"equal_opportunity_gap,equalized_odds_gap",1.4706660003867
adult_core,2008,joint_dirichlet_0.3,B3,2,3,2115,529,True,True,0.8601134215500945,0.5108706517393043,0.05063291139240506,,,0.9367088607594937,"equal_opportunity_gap,equalized_odds_gap",1.206833025207743
adult_core,2008,joint_dirichlet_0.3,B3,2,4,1698,425,True,True,0.8894117647058823,0.49106983617417005,0.004807692307692308,,,0.22596153846153844,"equal_opportunity_gap,equalized_odds_gap",1.1225829948671162
adult_core,2008,joint_dirichlet_0.3,B3,2,5,666,167,True,False,0.7365269461077845,0.7330717814588783,0.48948345190225795,,,0.13099288586452218,"equal_opportunity_gap,equalized_odds_gap",0.8434999908786267
adult_core,2008,joint_dirichlet_0.3,B3,2,6,4280,1071,True,True,0.6862745098039216,0.6475510667805402,0.08052521496630258,0.13383781341766432,0.13383781341766432,0.061817336741808115,,1.7632090020924807
adult_core,2008,joint_dirichlet_0.3,B3,2,7,486,122,True,True,0.9262295081967213,0.5715957861880608,0.010526315789473684,,,0.09473684210526312,"equal_opportunity_gap,equalized_odds_gap",0.7805000059306622
adult_core,2008,joint_dirichlet_0.3,B3,2,8,1460,365,True,True,0.936986301369863,0.4837340876944837,0.008,,,0.08366666666666667,"equal_opportunity_gap,equalized_odds_gap",1.0372910182923079
adult_core,2008,joint_dirichlet_0.3,B3,2,9,2724,681,True,True,0.9765051395007343,0.49405646359583955,0.0,,,0.09467455621301779,"equal_opportunity_gap,equalized_odds_gap",1.372167025692761
adult_core,2008,joint_dirichlet_0.3,B3,3,0,2682,671,True,False,0.7958271236959762,0.7652989580700424,0.6848269853124223,0.7592954990215264,0.7592954990215264,0.15744336569579287,,1.4014999906066805
adult_core,2008,joint_dirichlet_0.3,B3,3,1,1276,319,False,False,,,,,,,,0.020917010260745883
adult_core,2008,joint_dirichlet_0.3,B3,3,2,3120,780,True,True,0.9948717948717949,0.4987146529562982,0.0,,,0.0052631578947368585,"equal_opportunity_gap,equalized_odds_gap",1.4509580214507878
adult_core,2008,joint_dirichlet_0.3,B3,3,3,2115,529,True,True,0.8563327032136105,0.48614519427402864,0.02531645569620253,,,0.9620253164556962,"equal_opportunity_gap,equalized_odds_gap",1.2309580051805824
adult_core,2008,joint_dirichlet_0.3,B3,3,4,1698,425,True,True,0.8894117647058823,0.49106983617417005,0.004807692307692308,,,0.22596153846153844,"equal_opportunity_gap,equalized_odds_gap",1.1103749857284129
adult_core,2008,joint_dirichlet_0.3,B3,3,5,666,167,True,False,0.5269461077844312,0.5089149450958496,0.21497061552737395,,,0.6678008042066192,"equal_opportunity_gap,equalized_odds_gap",0.868290982907638
adult_core,2008,joint_dirichlet_0.3,B3,3,6,4280,1071,True,True,0.6227824463118581,0.5304140583623467,0.05647222867766674,0.09645358030268805,0.09645358030268805,0.14412425439615772,,1.7944159917533398
adult_core,2008,joint_dirichlet_0.3,B3,3,7,486,122,True,True,0.9262295081967213,0.5715957861880608,0.010526315789473684,,,0.09473684210526312,"equal_opportunity_gap,equalized_odds_gap",0.7910419953987002
adult_core,2008,joint_dirichlet_0.3,B3,3,8,1460,365,True,True,0.936986301369863,0.4837340876944837,0.008,,,0.08366666666666667,"equal_opportunity_gap,equalized_odds_gap",1.014249981380999
adult_core,2008,joint_dirichlet_0.3,B3,3,9,2724,681,True,True,0.9765051395007343,0.49405646359583955,0.0,,,0.09467455621301779,"equal_opportunity_gap,equalized_odds_gap",1.4017499925103039
adult_core,2008,joint_dirichlet_0.3,B3,4,0,2682,671,True,False,0.6065573770491803,0.5974365966730297,0.4611526014438636,0.49706457925636005,0.49706457925636005,0.45415733134179737,,1.3713329972233623
adult_core,2008,joint_dirichlet_0.3,B3,4,1,1276,319,False,False,,,,,,,,0.02037500962615013
adult_core,2008,joint_dirichlet_0.3,B3,4,2,3120,780,True,True,0.9948717948717949,0.4987146529562982,0.0,,,0.0052631578947368585,"equal_opportunity_gap,equalized_odds_gap",1.470709015848115
adult_core,2008,joint_dirichlet_0.3,B3,4,3,2115,529,True,True,0.8563327032136105,0.48614519427402864,0.02531645569620253,,,0.9620253164556962,"equal_opportunity_gap,equalized_odds_gap",1.19237502804026
adult_core,2008,joint_dirichlet_0.3,B3,4,4,1698,425,True,True,0.8894117647058823,0.49106983617417005,0.004807692307692308,,,0.22596153846153844,"equal_opportunity_gap,equalized_odds_gap",1.0913749865721911
adult_core,2008,joint_dirichlet_0.3,B3,4,5,666,167,True,False,0.46107784431137727,0.41888339004021036,0.11815651098051344,,,0.7974017939993814,"equal_opportunity_gap,equalized_odds_gap",0.8266249787993729
adult_core,2008,joint_dirichlet_0.3,B3,4,6,4280,1071,True,False,0.5957049486461251,0.47100010152388494,0.03881013246572159,0.0718319403659363,0.0718319403659363,0.1733286854132775,,1.7364160157740116
adult_core,2008,joint_dirichlet_0.3,B3,4,7,486,122,True,True,0.9262295081967213,0.5715957861880608,0.010526315789473684,,,0.09473684210526312,"equal_opportunity_gap,equalized_odds_gap",0.7533750031143427
adult_core,2008,joint_dirichlet_0.3,B3,4,8,1460,365,True,True,0.936986301369863,0.4837340876944837,0.008,,,0.08366666666666667,"equal_opportunity_gap,equalized_odds_gap",1.0107499838341027
adult_core,2008,joint_dirichlet_0.3,B3,4,9,2724,681,True,True,0.9765051395007343,0.49405646359583955,0.0,,,0.09467455621301779,"equal_opportunity_gap,equalized_odds_gap",1.3853340060450137
adult_core,2008,joint_dirichlet_0.3,B3,5,0,2682,671,True,False,0.45603576751117736,0.45599227018802546,0.27844162310181725,0.29354207436399216,0.29354207436399216,0.6753298481453821,,1.3815830170642585
adult_core,2008,joint_dirichlet_0.3,B3,5,1,1276,319,False,False,,,,,,,,0.020209001377224922
adult_core,2008,joint_dirichlet_0.3,B3,5,2,3120,780,True,True,0.9948717948717949,0.4987146529562982,0.0,,,0.0052631578947368585,"equal_opportunity_gap,equalized_odds_gap",1.4356249885167927
adult_core,2008,joint_dirichlet_0.3,B3,5,3,2115,529,True,True,0.8563327032136105,0.48614519427402864,0.02531645569620253,,,0.9620253164556962,"equal_opportunity_gap,equalized_odds_gap",1.195208984427154
adult_core,2008,joint_dirichlet_0.3,B3,5,4,1698,425,True,True,0.8894117647058823,0.49106983617417005,0.004807692307692308,,,0.22596153846153844,"equal_opportunity_gap,equalized_odds_gap",1.0784160112962127
adult_core,2008,joint_dirichlet_0.3,B3,5,5,666,167,True,False,0.41317365269461076,0.34177927927927926,0.04964429322610578,,,0.8987008969996907,"equal_opportunity_gap,equalized_odds_gap",0.8157079864758998
adult_core,2008,joint_dirichlet_0.3,B3,5,6,4280,1071,True,False,0.5695611577964519,0.40759933816550903,0.012355720814935318,0.0536480686695279,0.0536480686695279,0.18769850491904871,,1.747458998579532
adult_core,2008,joint_dirichlet_0.3,B3,5,7,486,122,True,True,0.9262295081967213,0.5715957861880608,0.010526315789473684,,,0.09473684210526312,"equal_opportunity_gap,equalized_odds_gap",0.7773750112392008
adult_core,2008,joint_dirichlet_0.3,B3,5,8,1460,365,True,True,0.9397260273972603,0.4844632768361582,0.0,,,0.09166666666666667,"equal_opportunity_gap,equalized_odds_gap",1.0248330072499812
adult_core,2008,joint_dirichlet_0.3,B3,5,9,2724,681,True,True,0.9765051395007343,0.49405646359583955,0.0,,,0.09467455621301779,"equal_opportunity_gap,equalized_odds_gap",1.5464589814655483
adult_core,2009,iid,B0,1,0,2051,513,True,True,0.7699805068226121,0.5119800064495323,0.030720638057594583,0.032919589854290346,0.032919589854290346,0.1903938452851497,,1.3716250250581652
adult_core,2009,iid,B0,1,1,2051,513,True,True,0.7699805068226121,0.5288449564134496,0.03310750579425923,0.059488692232055065,0.059488692232055065,0.1769121055446603,,1.2365830189082772
adult_core,2009,iid,B0,1,2,2051,513,True,True,0.7738791423001949,0.5021417575798139,0.00902754165249915,0.0528322440087146,0.0528322440087146,0.21035362121727308,,1.2121670006308705
adult_core,2009,iid,B0,1,3,2051,513,True,True,0.7485380116959064,0.4696718355571583,0.016927899686520375,0.05357142857142857,0.05357142857142857,0.18307210031347954,,1.2055000115651637
adult_core,2009,iid,B0,1,4,2051,513,True,True,0.7680311890838206,0.48600223964165734,0.00902754165249915,0.06930693069306931,0.06930693069306931,0.13196191771506294,,1.1935409856960177
adult_core,2009,iid,B0,1,5,2051,513,True,True,0.7543859649122807,0.4522574740695546,0.00036690194982179087,0.03753753753753754,0.03753753753753754,0.20866238032007833,,1.1971670028287917
adult_core,2009,iid,B0,1,6,2051,513,True,True,0.7680311890838206,0.5048624009473368,0.022675026123301984,0.029937228392081128,0.029937228392081128,0.18113897596656214,,1.1870829912368208
adult_core,2009,iid,B0,1,7,2050,513,True,True,0.7719298245614035,0.5071884262642352,0.016770251032950243,0.028556593977154723,0.028556593977154723,0.17686885872018332,,1.202125014970079
adult_core,2009,iid,B0,1,8,2050,513,True,True,0.7524366471734892,0.46506777893639206,0.008617723957616622,0.020157325467059978,0.020157325467059978,0.2191757258841338,,1.197624980704859
adult_core,2009,iid,B0,1,9,2050,513,True,True,0.7680311890838206,0.49876429679866663,0.028985507246376812,0.08490566037735849,0.08490566037735849,0.1590579710144927,,1.1837079946417361
adult_core,2009,iid,B0,2,0,2051,513,True,True,0.7699805068226121,0.5119800064495323,0.030720638057594583,0.032919589854290346,0.032919589854290346,0.1903938452851497,,1.1794999882113189
adult_core,2009,iid,B0,2,1,2051,513,True,True,0.7699805068226121,0.5288449564134496,0.03310750579425923,0.059488692232055065,0.059488692232055065,0.1769121055446603,,1.1692499974742532
adult_core,2009,iid,B0,2,2,2051,513,True,True,0.7758284600389863,0.5095398428731762,0.011968718123087385,0.04357298474945534,0.04357298474945534,0.20741244474668474,,1.1907500156667084
adult_core,2009,iid,B0,2,3,2051,513,True,True,0.746588693957115,0.46235085456304414,0.01405433646812957,0.044642857142857144,0.044642857142857144,0.18594566353187036,,1.2391660129651427
adult_core,2009,iid,B0,2,4,2051,513,True,True,0.7719298245614035,0.501010101010101,0.006188371302278138,0.03572965992251399,0.03572965992251399,0.1348010880652839,,1.181416999315843
adult_core,2009,iid,B0,2,5,2051,513,True,True,0.7524366471734892,0.45144776835706285,0.006464462925431547,0.03753753753753754,0.03753753753753754,0.20256481934446857,,1.2520419841166586
adult_core,2009,iid,B0,2,6,2051,513,True,True,0.7680311890838206,0.510782545979084,0.028422152560083593,0.03911154031868663,0.03911154031868663,0.18113897596656214,,1.207124994834885
adult_core,2009,iid,B0,2,7,2050,513,True,True,0.7719298245614035,0.5071884262642352,0.016770251032950243,0.028556593977154723,0.028556593977154723,0.17686885872018332,,1.1920410033781081
adult_core,2009,iid,B0,2,8,2050,513,True,True,0.7543859649122807,0.47253231492361925,0.01152470070180267,0.011307767944936084,0.011307767944936084,0.21626874913994776,,1.1549160117283463
adult_core,2009,iid,B0,2,9,2050,513,True,True,0.7680311890838206,0.5048624009473368,0.034782608695652174,0.09433962264150944,0.09433962264150944,0.1590579710144927,,1.1590409849304706
adult_core,2009,iid,B0,3,0,2051,513,True,True,0.7699805068226121,0.5177649608055573,0.03640245623941276,0.04209390178089585,0.04209390178089585,0.1903938452851497,,1.531124988105148
adult_core,2009,iid,B0,3,1,2051,513,True,True,0.7699805068226121,0.5288449564134496,0.03310750579425923,0.059488692232055065,0.059488692232055065,0.1769121055446603,,1.3696670066565275
adult_core,2009,iid,B0,3,2,2051,513,True,True,0.7797270955165692,0.5240366851953725,0.017851071064263854,0.025054466230936823,0.025054466230936823,0.2015300918055083,,1.234916999237612
adult_core,2009,iid,B0,3,3,2051,513,True,True,0.7524366471734892,0.48403012615923147,0.022675026123301984,0.07142857142857142,0.07142857142857142,0.177324973876698,,1.1887080036103725
adult_core,2009,iid,B0,3,4,2051,513,True,True,0.7738791423001949,0.5143948296122209,0.015011900714042847,0.0555316401205338,0.0555316401205338,0.13185991159469568,,1.2032499944325536
adult_core,2009,iid,B0,3,5,2051,513,True,True,0.7543859649122807,0.45922294357807375,0.003599133412537564,0.028528528528528524,0.028528528528528524,0.1996994898315746,,1.2249999854248017
adult_core,2009,iid,B0,3,6,2051,513,True,True,0.7699805068226121,0.5233843537414966,0.037042842215256014,0.05746016417189764,0.05746016417189764,0.17826541274817131,,1.194833021145314
adult_core,2009,iid,B0,3,7,2050,513,True,True,0.7738791423001949,0.5143948296122209,0.019652095413353703,0.03790238836967809,0.03790238836967809,0.1739870143397798,,1.1994590167887509
adult_core,2009,iid,B0,3,8,2050,513,True,True,0.7563352826510721,0.47989747998669835,0.014431677445988719,0.0024582104228121904,0.004329004329004329,0.2133617723957617,,1.2262079981155694
adult_core,2009,iid,B0,3,9,2050,513,True,True,0.7680311890838206,0.5048624009473368,0.034782608695652174,0.09433962264150944,0.09433962264150944,0.1590579710144927,,1.2485420156735927
adult_core,2009,iid,B0,4,0,2051,513,True,True,0.7699805068226121,0.5177649608055573,0.03640245623941276,0.04209390178089585,0.04209390178089585,0.1903938452851497,,1.2226249964442104
adult_core,2009,iid,B0,4,1,2051,513,True,True,0.7719298245614035,0.5354879153026398,0.03592440720270993,0.06833824975417896,0.06833824975417896,0.1740952041362096,,1.207458000862971
adult_core,2009,iid,B0,4,2,2051,513,True,True,0.7797270955165692,0.5240366851953725,0.017851071064263854,0.025054466230936823,0.025054466230936823,0.2015300918055083,,1.194875017972663
adult_core,2009,iid,B0,4,3,2051,513,True,True,0.7543859649122807,0.49107142857142855,0.025548589341692792,0.08035714285714286,0.08035714285714286,0.17445141065830716,,1.1920420220121741
adult_core,2009,iid,B0,4,4,2051,513,True,True,0.7738791423001949,0.5143948296122209,0.015011900714042847,0.0555316401205338,0.0555316401205338,0.13185991159469568,,1.184666994959116
adult_core,2009,iid,B0,4,5,2051,513,True,True,0.7563352826510721,0.4734919084019607,0.003966035362359352,0.01051051051051051,0.0136986301369863,0.18787126983017677,,1.1891660105902702
adult_core,2009,iid,B0,4,6,2051,513,True,True,0.7680311890838206,0.5221182825159497,0.039916405433646815,0.05746016417189764,0.05746016417189764,0.18113897596656214,,1.211124996189028
adult_core,2009,iid,B0,4,7,2050,513,True,True,0.7758284600389863,0.5215056815877624,0.013627999027811536,0.017653167185877464,0.017653167185877464,0.18001111072532194,,1.1841249943245202
adult_core,2009,iid,B0,4,8,2050,513,True,True,0.7582846003898636,0.49324453508380606,0.023152607678546856,0.015240904621435597,0.015240904621435597,0.21045479565157565,,1.1887500004377216
adult_core,2009,iid,B0,4,9,2050,513,True,True,0.7719298245614035,0.5190046880634691,0.04057971014492753,0.11320754716981132,0.11320754716981132,0.15326086956521734,,1.1749169789254665
adult_core,2009,iid,B0,5,0,2051,513,True,True,0.7699805068226121,0.5233843537414966,0.042084274421230944,0.051268213707501356,0.051268213707501356,0.1903938452851497,,1.1756249878089875
adult_core,2009,iid,B0,5,1,2051,513,True,True,0.7777777777777778,0.554931506849315,0.044375111428062046,0.09488692232055065,0.09488692232055065,0.1656444999108575,,1.2101250176783651
adult_core,2009,iid,B0,5,2,2051,513,True,True,0.7816764132553606,0.5367945823927766,0.026674600476028563,0.006535947712418305,0.006535947712418305,0.19858891533492007,,1.1727499950211495
adult_core,2009,iid,B0,5,3,2051,513,True,True,0.7524366471734892,0.4957860277216689,0.02523510971786834,0.08928571428571429,0.08928571428571429,0.16839080459770117,,1.1682919866871089
adult_core,2009,iid,B0,5,4,2051,513,True,True,0.7777777777777778,0.5285230570783619,0.020894253655219318,0.07533362031855359,0.07533362031855359,0.12597755865351912,,1.1764169903472066
adult_core,2009,iid,B0,5,5,2051,513,True,True,0.7563352826510721,0.47989747998669835,0.001764623663428614,0.0015015015015014954,0.009496949464717394,0.18787126983017677,,1.1617080017458647
adult_core,2009,iid,B0,5,6,2051,513,True,True,0.7699805068226121,0.5288449564134496,0.04278996865203762,0.06663447609850315,0.06663447609850315,0.17826541274817131,,1.1618749995250255
adult_core,2009,iid,B0,5,7,2050,513,True,True,0.7758284600389863,0.5215056815877624,0.013627999027811536,0.017653167185877464,0.017653167185877464,0.18001111072532194,,1.202374987769872
adult_core,2009,iid,B0,5,8,2050,513,True,True,0.7524366471734892,0.4899917805002153,0.02304940140360534,0.015240904621435597,0.015240904621435597,0.21035158937663412,,1.1984159937128425
adult_core,2009,iid,B0,5,9,2050,513,True,True,0.7777777777777778,0.5395408163265306,0.04927536231884058,0.14150943396226415,0.14150943396226415,0.14456521739130435,,1.1960410047322512
adult_core,2009,iid,B1,1,0,2051,513,True,True,0.7699805068226121,0.5119800064495323,0.030720638057594583,0.032919589854290346,0.032919589854290346,0.1903938452851497,,1.4108340255916119
adult_core,2009,iid,B1,1,1,2051,513,True,True,0.7699805068226121,0.5288449564134496,0.03310750579425923,0.059488692232055065,0.059488692232055065,0.1769121055446603,,1.2486659979913384
adult_core,2009,iid,B1,1,2,2051,513,True,True,0.7738791423001949,0.5021417575798139,0.00902754165249915,0.0528322440087146,0.0528322440087146,0.21035362121727308,,1.22733399621211
adult_core,2009,iid,B1,1,3,2051,513,True,True,0.7485380116959064,0.4696718355571583,0.016927899686520375,0.05357142857142857,0.05357142857142857,0.18307210031347954,,1.2174159928690642
adult_core,2009,iid,B1,1,4,2051,513,True,True,0.7680311890838206,0.48600223964165734,0.00902754165249915,0.06930693069306931,0.06930693069306931,0.13196191771506294,,1.2207500112708658
adult_core,2009,iid,B1,1,5,2051,513,True,True,0.7543859649122807,0.4522574740695546,0.00036690194982179087,0.03753753753753754,0.03753753753753754,0.20866238032007833,,1.2007920013274997
adult_core,2009,iid,B1,1,6,2051,513,True,True,0.7680311890838206,0.5048624009473368,0.022675026123301984,0.029937228392081128,0.029937228392081128,0.18113897596656214,,1.224208011990413
adult_core,2009,iid,B1,1,7,2050,513,True,True,0.7719298245614035,0.5071884262642352,0.016770251032950243,0.028556593977154723,0.028556593977154723,0.17686885872018332,,1.1906659929081798
adult_core,2009,iid,B1,1,8,2050,513,True,True,0.7524366471734892,0.46506777893639206,0.008617723957616622,0.020157325467059978,0.020157325467059978,0.2191757258841338,,1.18583400035277
adult_core,2009,iid,B1,1,9,2050,513,True,True,0.7680311890838206,0.49876429679866663,0.028985507246376812,0.08490566037735849,0.08490566037735849,0.1590579710144927,,1.1769580014515668
adult_core,2009,iid,B1,2,0,2051,513,True,True,0.7699805068226121,0.5119800064495323,0.030720638057594583,0.032919589854290346,0.032919589854290346,0.1903938452851497,,1.1786670074798167
adult_core,2009,iid,B1,2,1,2051,513,True,True,0.7699805068226121,0.5288449564134496,0.03310750579425923,0.059488692232055065,0.059488692232055065,0.1769121055446603,,1.1787920084316283
adult_core,2009,iid,B1,2,2,2051,513,True,True,0.7758284600389863,0.5095398428731762,0.011968718123087385,0.04357298474945534,0.04357298474945534,0.20741244474668474,,1.1763329966925085
adult_core,2009,iid,B1,2,3,2051,513,True,True,0.746588693957115,0.46235085456304414,0.01405433646812957,0.044642857142857144,0.044642857142857144,0.18594566353187036,,1.1677919828798622
adult_core,2009,iid,B1,2,4,2051,513,True,True,0.7719298245614035,0.501010101010101,0.006188371302278138,0.03572965992251399,0.03572965992251399,0.1348010880652839,,1.1740000045392662
adult_core,2009,iid,B1,2,5,2051,513,True,True,0.7524366471734892,0.45144776835706285,0.006464462925431547,0.03753753753753754,0.03753753753753754,0.20256481934446857,,1.191916991956532
adult_core,2009,iid,B1,2,6,2051,513,True,True,0.7680311890838206,0.510782545979084,0.028422152560083593,0.03911154031868663,0.03911154031868663,0.18113897596656214,,1.1675000132527202
adult_core,2009,iid,B1,2,7,2050,513,True,True,0.7719298245614035,0.5071884262642352,0.016770251032950243,0.028556593977154723,0.028556593977154723,0.17686885872018332,,1.172042015241459
adult_core,2009,iid,B1,2,8,2050,513,True,True,0.7543859649122807,0.47253231492361925,0.01152470070180267,0.011307767944936084,0.011307767944936084,0.21626874913994776,,1.1827089765574783
adult_core,2009,iid,B1,2,9,2050,513,True,True,0.7680311890838206,0.5048624009473368,0.034782608695652174,0.09433962264150944,0.09433962264150944,0.1590579710144927,,1.1801660002674907
adult_core,2009,iid,B1,3,0,2051,513,True,True,0.7699805068226121,0.5177649608055573,0.03640245623941276,0.04209390178089585,0.04209390178089585,0.1903938452851497,,1.2294579937588423
adult_core,2009,iid,B1,3,1,2051,513,True,True,0.7699805068226121,0.5288449564134496,0.03310750579425923,0.059488692232055065,0.059488692232055065,0.1769121055446603,,1.199457998154685
adult_core,2009,iid,B1,3,2,2051,513,True,True,0.7797270955165692,0.5240366851953725,0.017851071064263854,0.025054466230936823,0.025054466230936823,0.2015300918055083,,1.1815830075647682
adult_core,2009,iid,B1,3,3,2051,513,True,True,0.7524366471734892,0.48403012615923147,0.022675026123301984,0.07142857142857142,0.07142857142857142,0.177324973876698,,1.1760829947888851
adult_core,2009,iid,B1,3,4,2051,513,True,True,0.7738791423001949,0.5143948296122209,0.015011900714042847,0.0555316401205338,0.0555316401205338,0.13185991159469568,,1.1964580044150352
adult_core,2009,iid,B1,3,5,2051,513,True,True,0.7543859649122807,0.45922294357807375,0.003599133412537564,0.028528528528528524,0.028528528528528524,0.1996994898315746,,1.171958982013166
adult_core,2009,iid,B1,3,6,2051,513,True,True,0.7699805068226121,0.5233843537414966,0.037042842215256014,0.05746016417189764,0.05746016417189764,0.17826541274817131,,1.1567090114112943
adult_core,2009,iid,B1,3,7,2050,513,True,True,0.7738791423001949,0.5143948296122209,0.019652095413353703,0.03790238836967809,0.03790238836967809,0.1739870143397798,,1.1549580085556954
adult_core,2009,iid,B1,3,8,2050,513,True,True,0.7563352826510721,0.47989747998669835,0.014431677445988719,0.0024582104228121904,0.004329004329004329,0.2133617723957617,,1.168084010714665
adult_core,2009,iid,B1,3,9,2050,513,True,True,0.7680311890838206,0.5048624009473368,0.034782608695652174,0.09433962264150944,0.09433962264150944,0.1590579710144927,,1.155667006969452
adult_core,2009,iid,B1,4,0,2051,513,True,True,0.7699805068226121,0.5177649608055573,0.03640245623941276,0.04209390178089585,0.04209390178089585,0.1903938452851497,,1.1829580180346966
adult_core,2009,iid,B1,4,1,2051,513,True,True,0.7719298245614035,0.5354879153026398,0.03592440720270993,0.06833824975417896,0.06833824975417896,0.1740952041362096,,1.1747079843189567
adult_core,2009,iid,B1,4,2,2051,513,True,True,0.7797270955165692,0.5240366851953725,0.017851071064263854,0.025054466230936823,0.025054466230936823,0.2015300918055083,,1.1936670052818954
adult_core,2009,iid,B1,4,3,2051,513,True,True,0.7543859649122807,0.49107142857142855,0.025548589341692792,0.08035714285714286,0.08035714285714286,0.17445141065830716,,1.1754169827327132
adult_core,2009,iid,B1,4,4,2051,513,True,True,0.7738791423001949,0.5143948296122209,0.015011900714042847,0.0555316401205338,0.0555316401205338,0.13185991159469568,,1.171625015558675
adult_core,2009,iid,B1,4,5,2051,513,True,True,0.7563352826510721,0.4734919084019607,0.003966035362359352,0.01051051051051051,0.0136986301369863,0.18787126983017677,,1.1555830133147538
adult_core,2009,iid,B1,4,6,2051,513,True,True,0.7680311890838206,0.5221182825159497,0.039916405433646815,0.05746016417189764,0.05746016417189764,0.18113897596656214,,1.1469580058474094
adult_core,2009,iid,B1,4,7,2050,513,True,True,0.7758284600389863,0.5215056815877624,0.013627999027811536,0.017653167185877464,0.017653167185877464,0.18001111072532194,,1.1562919826246798
adult_core,2009,iid,B1,4,8,2050,513,True,True,0.7582846003898636,0.49324453508380606,0.023152607678546856,0.015240904621435597,0.015240904621435597,0.21045479565157565,,1.146750000771135
adult_core,2009,iid,B1,4,9,2050,513,True,True,0.7719298245614035,0.5190046880634691,0.04057971014492753,0.11320754716981132,0.11320754716981132,0.15326086956521734,,1.1792919831350446
adult_core,2009,iid,B1,5,0,2051,513,True,True,0.7699805068226121,0.5233843537414966,0.042084274421230944,0.051268213707501356,0.051268213707501356,0.1903938452851497,,1.197417004732415
adult_core,2009,iid,B1,5,1,2051,513,True,True,0.7777777777777778,0.554931506849315,0.044375111428062046,0.09488692232055065,0.09488692232055065,0.1656444999108575,,1.1624580074567348
adult_core,2009,iid,B1,5,2,2051,513,True,True,0.7816764132553606,0.5367945823927766,0.026674600476028563,0.006535947712418305,0.006535947712418305,0.19858891533492007,,1.1927080049645156
adult_core,2009,iid,B1,5,3,2051,513,True,True,0.7524366471734892,0.4957860277216689,0.02523510971786834,0.08928571428571429,0.08928571428571429,0.16839080459770117,,1.164042012533173
adult_core,2009,iid,B1,5,4,2051,513,True,True,0.7777777777777778,0.5285230570783619,0.020894253655219318,0.07533362031855359,0.07533362031855359,0.12597755865351912,,1.162207976449281
adult_core,2009,iid,B1,5,5,2051,513,True,True,0.7563352826510721,0.47989747998669835,0.001764623663428614,0.0015015015015014954,0.009496949464717394,0.18787126983017677,,1.1483750131446868
adult_core,2009,iid,B1,5,6,2051,513,True,True,0.7699805068226121,0.5288449564134496,0.04278996865203762,0.06663447609850315,0.06663447609850315,0.17826541274817131,,1.1484169808682054
adult_core,2009,iid,B1,5,7,2050,513,True,True,0.7758284600389863,0.5215056815877624,0.013627999027811536,0.017653167185877464,0.017653167185877464,0.18001111072532194,,1.143875007983297
adult_core,2009,iid,B1,5,8,2050,513,True,True,0.7524366471734892,0.4899917805002153,0.02304940140360534,0.015240904621435597,0.015240904621435597,0.21035158937663412,,1.1676249851007015
adult_core,2009,iid,B1,5,9,2050,513,True,True,0.7777777777777778,0.5395408163265306,0.04927536231884058,0.14150943396226415,0.14150943396226415,0.14456521739130435,,1.1710830149240792
adult_core,2009,iid,B3,1,0,2051,513,True,True,0.7699805068226121,0.5119800064495323,0.030720638057594583,0.032919589854290346,0.032919589854290346,0.1903938452851497,,1.3405829959083349
adult_core,2009,iid,B3,1,1,2051,513,True,True,0.7699805068226121,0.5288449564134496,0.03310750579425923,0.059488692232055065,0.059488692232055065,0.1769121055446603,,1.2718329962808639
adult_core,2009,iid,B3,1,2,2051,513,True,True,0.7738791423001949,0.5021417575798139,0.00902754165249915,0.0528322440087146,0.0528322440087146,0.21035362121727308,,1.2240830110386014
adult_core,2009,iid,B3,1,3,2051,513,True,True,0.7485380116959064,0.4696718355571583,0.016927899686520375,0.05357142857142857,0.05357142857142857,0.18307210031347954,,1.209375011967495
adult_core,2009,iid,B3,1,4,2051,513,True,True,0.7680311890838206,0.48600223964165734,0.00902754165249915,0.06930693069306931,0.06930693069306931,0.13196191771506294,,1.209624984767288
adult_core,2009,iid,B3,1,5,2051,513,True,True,0.7543859649122807,0.4522574740695546,0.00036690194982179087,0.03753753753753754,0.03753753753753754,0.20866238032007833,,1.1852500028908253
adult_core,2009,iid,B3,1,6,2051,513,True,True,0.7680311890838206,0.5048624009473368,0.022675026123301984,0.029937228392081128,0.029937228392081128,0.18113897596656214,,1.1868329893331975
adult_core,2009,iid,B3,1,7,2050,513,True,True,0.7719298245614035,0.5071884262642352,0.016770251032950243,0.028556593977154723,0.028556593977154723,0.17686885872018332,,1.1847499990835786
adult_core,2009,iid,B3,1,8,2050,513,True,True,0.7524366471734892,0.46506777893639206,0.008617723957616622,0.020157325467059978,0.020157325467059978,0.2191757258841338,,1.2043750029988587
adult_core,2009,iid,B3,1,9,2050,513,True,True,0.7680311890838206,0.49876429679866663,0.028985507246376812,0.08490566037735849,0.08490566037735849,0.1590579710144927,,1.18937500519678
adult_core,2009,iid,B3,2,0,2051,513,True,True,0.7699805068226121,0.5119800064495323,0.030720638057594583,0.032919589854290346,0.032919589854290346,0.1903938452851497,,1.2167910172138363
adult_core,2009,iid,B3,2,1,2051,513,True,True,0.7699805068226121,0.5288449564134496,0.03310750579425923,0.059488692232055065,0.059488692232055065,0.1769121055446603,,1.1885829735547304
adult_core,2009,iid,B3,2,2,2051,513,True,True,0.7758284600389863,0.5095398428731762,0.011968718123087385,0.04357298474945534,0.04357298474945534,0.20741244474668474,,1.18116702651605
adult_core,2009,iid,B3,2,3,2051,513,True,True,0.746588693957115,0.46235085456304414,0.01405433646812957,0.044642857142857144,0.044642857142857144,0.18594566353187036,,1.2276670022401959
adult_core,2009,iid,B3,2,4,2051,513,True,True,0.7719298245614035,0.501010101010101,0.006188371302278138,0.03572965992251399,0.03572965992251399,0.1348010880652839,,1.1754589795600623
adult_core,2009,iid,B3,2,5,2051,513,True,True,0.7524366471734892,0.45144776835706285,0.006464462925431547,0.03753753753753754,0.03753753753753754,0.20256481934446857,,1.1728329991456121
adult_core,2009,iid,B3,2,6,2051,513,True,True,0.7680311890838206,0.510782545979084,0.028422152560083593,0.03911154031868663,0.03911154031868663,0.18113897596656214,,1.1762079957406968
adult_core,2009,iid,B3,2,7,2050,513,True,True,0.7719298245614035,0.5071884262642352,0.016770251032950243,0.028556593977154723,0.028556593977154723,0.17686885872018332,,1.1620000004768372
adult_core,2009,iid,B3,2,8,2050,513,True,True,0.7543859649122807,0.47253231492361925,0.01152470070180267,0.011307767944936084,0.011307767944936084,0.21626874913994776,,1.1699169990606606
adult_core,2009,iid,B3,2,9,2050,513,True,True,0.7680311890838206,0.5048624009473368,0.034782608695652174,0.09433962264150944,0.09433962264150944,0.1590579710144927,,1.1565829918254167
adult_core,2009,iid,B3,3,0,2051,513,True,True,0.7699805068226121,0.5177649608055573,0.03640245623941276,0.04209390178089585,0.04209390178089585,0.1903938452851497,,1.1863749823532999
adult_core,2009,iid,B3,3,1,2051,513,True,True,0.7699805068226121,0.5288449564134496,0.03310750579425923,0.059488692232055065,0.059488692232055065,0.1769121055446603,,1.1750829871743917
adult_core,2009,iid,B3,3,2,2051,513,True,True,0.7797270955165692,0.5240366851953725,0.017851071064263854,0.025054466230936823,0.025054466230936823,0.2015300918055083,,1.171709009213373
adult_core,2009,iid,B3,3,3,2051,513,True,True,0.7524366471734892,0.48403012615923147,0.022675026123301984,0.07142857142857142,0.07142857142857142,0.177324973876698,,1.1860840022563934
adult_core,2009,iid,B3,3,4,2051,513,True,True,0.7738791423001949,0.5143948296122209,0.015011900714042847,0.0555316401205338,0.0555316401205338,0.13185991159469568,,1.1624170001596212
adult_core,2009,iid,B3,3,5,2051,513,True,True,0.7543859649122807,0.45922294357807375,0.003599133412537564,0.028528528528528524,0.028528528528528524,0.1996994898315746,,1.1561250139493495
adult_core,2009,iid,B3,3,6,2051,513,True,True,0.7699805068226121,0.5233843537414966,0.037042842215256014,0.05746016417189764,0.05746016417189764,0.17826541274817131,,1.1631670058704913
adult_core,2009,iid,B3,3,7,2050,513,True,True,0.7738791423001949,0.5143948296122209,0.019652095413353703,0.03790238836967809,0.03790238836967809,0.1739870143397798,,1.1668750084936619
adult_core,2009,iid,B3,3,8,2050,513,True,True,0.7563352826510721,0.47989747998669835,0.014431677445988719,0.0024582104228121904,0.004329004329004329,0.2133617723957617,,1.1644999904092401
adult_core,2009,iid,B3,3,9,2050,513,True,True,0.7680311890838206,0.5048624009473368,0.034782608695652174,0.09433962264150944,0.09433962264150944,0.1590579710144927,,1.172042015241459
adult_core,2009,iid,B3,4,0,2051,513,True,True,0.7699805068226121,0.5177649608055573,0.03640245623941276,0.04209390178089585,0.04209390178089585,0.1903938452851497,,1.170957984868437
adult_core,2009,iid,B3,4,1,2051,513,True,True,0.7719298245614035,0.5354879153026398,0.03592440720270993,0.06833824975417896,0.06833824975417896,0.1740952041362096,,1.172415999462828
adult_core,2009,iid,B3,4,2,2051,513,True,True,0.7797270955165692,0.5240366851953725,0.017851071064263854,0.025054466230936823,0.025054466230936823,0.2015300918055083,,1.1624579783529043
adult_core,2009,iid,B3,4,3,2051,513,True,True,0.7543859649122807,0.49107142857142855,0.025548589341692792,0.08035714285714286,0.08035714285714286,0.17445141065830716,,1.169041992397979
adult_core,2009,iid,B3,4,4,2051,513,True,True,0.7738791423001949,0.5143948296122209,0.015011900714042847,0.0555316401205338,0.0555316401205338,0.13185991159469568,,1.1585419997572899
adult_core,2009,iid,B3,4,5,2051,513,True,True,0.7563352826510721,0.4734919084019607,0.003966035362359352,0.01051051051051051,0.0136986301369863,0.18787126983017677,,1.1595000105444342
adult_core,2009,iid,B3,4,6,2051,513,True,True,0.7680311890838206,0.5221182825159497,0.039916405433646815,0.05746016417189764,0.05746016417189764,0.18113897596656214,,1.1537500249687582
adult_core,2009,iid,B3,4,7,2050,513,True,True,0.7758284600389863,0.5215056815877624,0.013627999027811536,0.017653167185877464,0.017653167185877464,0.18001111072532194,,1.1538340186234564
adult_core,2009,iid,B3,4,8,2050,513,True,True,0.7582846003898636,0.49324453508380606,0.023152607678546856,0.015240904621435597,0.015240904621435597,0.21045479565157565,,1.1983750155195594
adult_core,2009,iid,B3,4,9,2050,513,True,True,0.7719298245614035,0.5190046880634691,0.04057971014492753,0.11320754716981132,0.11320754716981132,0.15326086956521734,,1.1556669778656214
adult_core,2009,iid,B3,5,0,2051,513,True,True,0.7699805068226121,0.5233843537414966,0.042084274421230944,0.051268213707501356,0.051268213707501356,0.1903938452851497,,1.1690420215018094
adult_core,2009,iid,B3,5,1,2051,513,True,True,0.7777777777777778,0.554931506849315,0.044375111428062046,0.09488692232055065,0.09488692232055065,0.1656444999108575,,1.1696660076268017
adult_core,2009,iid,B3,5,2,2051,513,True,True,0.7816764132553606,0.5367945823927766,0.026674600476028563,0.006535947712418305,0.006535947712418305,0.19858891533492007,,1.1696660076268017
adult_core,2009,iid,B3,5,3,2051,513,True,True,0.7524366471734892,0.4957860277216689,0.02523510971786834,0.08928571428571429,0.08928571428571429,0.16839080459770117,,1.1594580137170851
adult_core,2009,iid,B3,5,4,2051,513,True,True,0.7777777777777778,0.5285230570783619,0.020894253655219318,0.07533362031855359,0.07533362031855359,0.12597755865351912,,1.157917024102062
adult_core,2009,iid,B3,5,5,2051,513,True,True,0.7563352826510721,0.47989747998669835,0.001764623663428614,0.0015015015015014954,0.009496949464717394,0.18787126983017677,,1.1560830171220005
adult_core,2009,iid,B3,5,6,2051,513,True,True,0.7699805068226121,0.5288449564134496,0.04278996865203762,0.06663447609850315,0.06663447609850315,0.17826541274817131,,1.156124984845519
adult_core,2009,iid,B3,5,7,2050,513,True,True,0.7758284600389863,0.5215056815877624,0.013627999027811536,0.017653167185877464,0.017653167185877464,0.18001111072532194,,1.150333002442494
adult_core,2009,iid,B3,5,8,2050,513,True,True,0.7524366471734892,0.4899917805002153,0.02304940140360534,0.015240904621435597,0.015240904621435597,0.21035158937663412,,1.1607499909587204
adult_core,2009,iid,B3,5,9,2050,513,True,True,0.7777777777777778,0.5395408163265306,0.04927536231884058,0.14150943396226415,0.14150943396226415,0.14456521739130435,,1.147833012510091
adult_core,2009,joint_dirichlet_0.3,B0,1,0,3541,886,True,True,0.801354401805869,0.528495403967102,0.06265118529269476,,,0.8245283018867925,"equal_opportunity_gap,equalized_odds_gap",1.7718750168569386
adult_core,2009,joint_dirichlet_0.3,B0,1,1,418,105,True,True,0.9523809523809523,0.4878048780487805,0.0,,,0.1785714285714286,"equal_opportunity_gap,equalized_odds_gap",0.8587079937569797
adult_core,2009,joint_dirichlet_0.3,B0,1,2,899,225,True,False,0.7866666666666666,0.44029850746268656,,,,,"comparison_groups,subgroup_accuracy_gap",0.8982080034911633
adult_core,2009,joint_dirichlet_0.3,B0,1,3,2920,731,True,True,0.9822161422708618,0.49551414768806074,0.0,0.0,0.0,0.04592099792099802,,1.4696659927722067
adult_core,2009,joint_dirichlet_0.3,B0,1,4,575,144,True,True,0.7222222222222222,0.6425024826216484,0.2272727272727273,,,0.42424242424242425,"equal_opportunity_gap,equalized_odds_gap",0.9023339953273535
adult_core,2009,joint_dirichlet_0.3,B0,1,5,2802,701,True,False,0.9985734664764622,0.49964311206281226,,,,,"comparison_groups,subgroup_accuracy_gap",1.4078329841140658
adult_core,2009,joint_dirichlet_0.3,B0,1,6,7557,1890,True,True,0.9513227513227513,0.48752711496746204,0.0,0.0,0.0,0.03686493496893761,,2.72287501138635
adult_core,2009,joint_dirichlet_0.3,B0,1,7,180,46,True,False,0.8478260869565217,0.4588235294117647,,,,,"comparison_groups,subgroup_accuracy_gap",0.6195000023581088
adult_core,2009,joint_dirichlet_0.3,B0,1,8,1456,365,True,True,0.8410958904109589,0.4733830845771144,0.0031746031746031633,0.0,0.023255813953488413,0.18666666666666665,,1.0269159974996
adult_core,2009,joint_dirichlet_0.3,B0,1,9,156,40,True,False,0.7,0.48051948051948057,,,,,"comparison_groups,subgroup_accuracy_gap",0.6180419877637178
adult_core,2009,joint_dirichlet_0.3,B0,2,0,3541,886,True,False,0.8837471783295711,0.8095566031632744,0.5826318335752299,,,0.24300919206579585,"equal_opportunity_gap,equalized_odds_gap",1.6524580132681876
adult_core,2009,joint_dirichlet_0.3,B0,2,1,418,105,True,True,0.9523809523809523,0.4878048780487805,0.0,,,0.1785714285714286,"equal_opportunity_gap,equalized_odds_gap",0.7385829812847078
adult_core,2009,joint_dirichlet_0.3,B0,2,2,899,225,True,False,0.7866666666666666,0.44029850746268656,,,,,"comparison_groups,subgroup_accuracy_gap",0.8664159977342933
adult_core,2009,joint_dirichlet_0.3,B0,2,3,2920,731,True,True,0.9822161422708618,0.49551414768806074,0.0,0.0,0.0,0.04592099792099802,,1.4300839975476265
adult_core,2009,joint_dirichlet_0.3,B0,2,4,575,144,True,False,0.7430555555555556,0.7409442310497398,0.5378787878787878,,,0.2803030303030303,"equal_opportunity_gap,equalized_odds_gap",0.7820410246495157
adult_core,2009,joint_dirichlet_0.3,B0,2,5,2802,701,True,False,0.9985734664764622,0.49964311206281226,,,,,"comparison_groups,subgroup_accuracy_gap",1.3586669811047614
adult_core,2009,joint_dirichlet_0.3,B0,2,6,7557,1890,True,True,0.9523809523809523,0.509068239803281,0.0021436227224008574,0.07142857142857142,0.07142857142857142,0.039008557691338486,,2.542666014051065
adult_core,2009,joint_dirichlet_0.3,B0,2,7,180,46,True,False,0.8260869565217391,0.4523809523809524,,,,,"comparison_groups,subgroup_accuracy_gap",0.5996249965392053
adult_core,2009,joint_dirichlet_0.3,B0,2,8,1456,365,True,True,0.8876712328767123,0.7473877888624432,0.21650793650793654,0.10294117647058831,0.25290697674418605,0.10158730158730156,,1.0311660007573664
adult_core,2009,joint_dirichlet_0.3,B0,2,9,156,40,True,False,0.65,0.6419437340153453,,,,,"comparison_groups,subgroup_accuracy_gap",0.6295829953160137
adult_core,2009,joint_dirichlet_0.3,B0,3,0,3541,886,True,False,0.8160270880361173,0.770963940832325,0.6561199806482826,,,0.11253023705853893,"equal_opportunity_gap,equalized_odds_gap",1.6471660055685788
adult_core,2009,joint_dirichlet_0.3,B0,3,1,418,105,True,True,0.9523809523809523,0.4878048780487805,0.0,,,0.1785714285714286,"equal_opportunity_gap,equalized_odds_gap",0.7211249903775752
adult_core,2009,joint_dirichlet_0.3,B0,3,2,899,225,True,False,0.7866666666666666,0.44029850746268656,,,,,"comparison_groups,subgroup_accuracy_gap",0.8352499862667173
adult_core,2009,joint_dirichlet_0.3,B0,3,3,2920,731,True,True,0.9822161422708618,0.49551414768806074,0.0,0.0,0.0,0.04592099792099802,,1.4312909916043282
adult_core,2009,joint_dirichlet_0.3,B0,3,4,575,144,True,False,0.7083333333333334,0.7069199457259159,0.36363636363636365,,,0.31818181818181823,"equal_opportunity_gap,equalized_odds_gap",0.9032920061144978
adult_core,2009,joint_dirichlet_0.3,B0,3,5,2802,701,True,False,0.9971469329529244,0.4992857142857143,,,,,"comparison_groups,subgroup_accuracy_gap",1.4117500104475766
adult_core,2009,joint_dirichlet_0.3,B0,3,6,7557,1890,True,True,0.9523809523809523,0.519035016286645,0.002170502004186448,0.055803571428571425,0.055803571428571425,0.03689181425072319,,2.5575420004315674
adult_core,2009,joint_dirichlet_0.3,B0,3,7,180,46,True,False,0.8260869565217391,0.4523809523809524,,,,,"comparison_groups,subgroup_accuracy_gap",0.618958001723513
adult_core,2009,joint_dirichlet_0.3,B0,3,8,1456,365,True,False,0.8191780821917808,0.7203259960991919,0.32000000000000006,0.22058823529411764,0.24709302325581395,0.11492063492063498,,1.0558749781921506
adult_core,2009,joint_dirichlet_0.3,B0,3,9,156,40,True,False,0.625,0.6228786926461345,,,,,"comparison_groups,subgroup_accuracy_gap",0.6272080063354224
adult_core,2009,joint_dirichlet_0.3,B0,4,0,3541,886,True,False,0.6896162528216704,0.6601220575414124,0.51903725205612,,,0.2882680212868892,"equal_opportunity_gap,equalized_odds_gap",1.652708015171811
adult_core,2009,joint_dirichlet_0.3,B0,4,1,418,105,True,True,0.9523809523809523,0.4878048780487805,0.0,,,0.1785714285714286,"equal_opportunity_gap,equalized_odds_gap",0.7292500231415033
adult_core,2009,joint_dirichlet_0.3,B0,4,2,899,225,True,False,0.7866666666666666,0.44029850746268656,,,,,"comparison_groups,subgroup_accuracy_gap",0.8489589963573962
adult_core,2009,joint_dirichlet_0.3,B0,4,3,2920,731,True,True,0.9822161422708618,0.49551414768806074,0.0,0.0,0.0,0.04592099792099802,,1.4386670081876218
adult_core,2009,joint_dirichlet_0.3,B0,4,4,575,144,True,True,0.625,0.6160379221805253,0.2727272727272727,,,0.40909090909090906,"equal_opportunity_gap,equalized_odds_gap",0.7961659866850823
adult_core,2009,joint_dirichlet_0.3,B0,4,5,2802,701,True,False,0.9971469329529244,0.4992857142857143,,,,,"comparison_groups,subgroup_accuracy_gap",1.3698750117328018
adult_core,2009,joint_dirichlet_0.3,B0,4,6,7557,1890,True,True,0.9523809523809523,0.519035016286645,0.002170502004186448,0.055803571428571425,0.055803571428571425,0.03689181425072319,,2.5722080026753247
adult_core,2009,joint_dirichlet_0.3,B0,4,7,180,46,True,False,0.8260869565217391,0.4523809523809524,,,,,"comparison_groups,subgroup_accuracy_gap",0.6090829847380519
adult_core,2009,joint_dirichlet_0.3,B0,4,8,1456,365,True,False,0.6931506849315069,0.6234895372826408,0.2917460317460317,0.22426470588235292,0.22426470588235292,0.08476190476190482,,1.0438339959364384
adult_core,2009,joint_dirichlet_0.3,B0,4,9,156,40,True,False,0.625,0.6247654784240151,,,,,"comparison_groups,subgroup_accuracy_gap",0.6138339813333005
adult_core,2009,joint_dirichlet_0.3,B0,5,0,3541,886,True,False,0.6297968397291196,0.6099200532620309,0.46226415094339623,,,0.3776487663280116,"equal_opportunity_gap,equalized_odds_gap",1.6379169828724116
adult_core,2009,joint_dirichlet_0.3,B0,5,1,418,105,True,True,0.9523809523809523,0.4878048780487805,0.0,,,0.1785714285714286,"equal_opportunity_gap,equalized_odds_gap",0.7201250118669122
adult_core,2009,joint_dirichlet_0.3,B0,5,2,899,225,True,False,0.7911111111111111,0.4618046719934857,,,,,"comparison_groups,subgroup_accuracy_gap",0.8349159907083958
adult_core,2009,joint_dirichlet_0.3,B0,5,3,2920,731,True,True,0.9822161422708618,0.49551414768806074,0.0,0.0,0.0,0.04592099792099802,,1.423499983502552
adult_core,2009,joint_dirichlet_0.3,B0,5,4,575,144,True,False,0.5972222222222222,0.5836490528414755,0.24242424242424243,,,0.43939393939393945,"equal_opportunity_gap,equalized_odds_gap",0.8158330165315419
adult_core,2009,joint_dirichlet_0.3,B0,5,5,2802,701,True,False,0.9971469329529244,0.4992857142857143,,,,,"comparison_groups,subgroup_accuracy_gap",1.3641249970532954
adult_core,2009,joint_dirichlet_0.3,B0,5,6,7557,1890,True,True,0.9529100529100529,0.5291545719955997,0.0011255699247716099,0.040178571428571425,0.040178571428571425,0.03584688217130838,,2.5630829914007336
adult_core,2009,joint_dirichlet_0.3,B0,5,7,180,46,True,False,0.8260869565217391,0.4523809523809524,,,,,"comparison_groups,subgroup_accuracy_gap",0.6467500061262399
adult_core,2009,joint_dirichlet_0.3,B0,5,8,1456,365,True,False,0.6027397260273972,0.5527754539846714,0.2965079365079365,0.2647058823529412,0.2647058823529412,0.09587301587301589,,1.086167001631111
adult_core,2009,joint_dirichlet_0.3,B0,5,9,156,40,True,False,0.6,0.6,,,,,"comparison_groups,subgroup_accuracy_gap",0.611708004726097
adult_core,2009,joint_dirichlet_0.3,B1,1,0,3541,886,True,True,0.801354401805869,0.528495403967102,0.06265118529269476,,,0.8245283018867925,"equal_opportunity_gap,equalized_odds_gap",1.7715409921947867
adult_core,2009,joint_dirichlet_0.3,B1,1,1,418,105,True,True,0.9523809523809523,0.4878048780487805,0.0,,,0.1785714285714286,"equal_opportunity_gap,equalized_odds_gap",0.7575839990749955
adult_core,2009,joint_dirichlet_0.3,B1,1,2,899,225,True,False,0.7866666666666666,0.44029850746268656,,,,,"comparison_groups,subgroup_accuracy_gap",0.8852079918142408
adult_core,2009,joint_dirichlet_0.3,B1,1,3,2920,731,True,True,0.9822161422708618,0.49551414768806074,0.0,0.0,0.0,0.04592099792099802,,1.4558339898940176
adult_core,2009,joint_dirichlet_0.3,B1,1,4,575,144,True,True,0.7222222222222222,0.6425024826216484,0.2272727272727273,,,0.42424242424242425,"equal_opportunity_gap,equalized_odds_gap",0.7877500029280782
adult_core,2009,joint_dirichlet_0.3,B1,1,5,2802,701,True,False,0.9985734664764622,0.49964311206281226,,,,,"comparison_groups,subgroup_accuracy_gap",1.3907919928897172
adult_core,2009,joint_dirichlet_0.3,B1,1,6,7557,1890,True,True,0.9513227513227513,0.48752711496746204,0.0,0.0,0.0,0.03686493496893761,,2.718000003369525
adult_core,2009,joint_dirichlet_0.3,B1,1,7,180,46,True,False,0.8478260869565217,0.4588235294117647,,,,,"comparison_groups,subgroup_accuracy_gap",0.6156250019557774
adult_core,2009,joint_dirichlet_0.3,B1,1,8,1456,365,True,True,0.8410958904109589,0.4733830845771144,0.0031746031746031633,0.0,0.023255813953488413,0.18666666666666665,,1.0437919991090894
adult_core,2009,joint_dirichlet_0.3,B1,1,9,156,40,True,False,0.7,0.48051948051948057,,,,,"comparison_groups,subgroup_accuracy_gap",0.6229999999050051
adult_core,2009,joint_dirichlet_0.3,B1,2,0,3541,886,True,False,0.8837471783295711,0.8095566031632744,0.5826318335752299,,,0.24300919206579585,"equal_opportunity_gap,equalized_odds_gap",1.6572909953538328
adult_core,2009,joint_dirichlet_0.3,B1,2,1,418,105,True,True,0.9523809523809523,0.4878048780487805,0.0,,,0.1785714285714286,"equal_opportunity_gap,equalized_odds_gap",0.7245419838000089
adult_core,2009,joint_dirichlet_0.3,B1,2,2,899,225,True,False,0.7866666666666666,0.44029850746268656,,,,,"comparison_groups,subgroup_accuracy_gap",0.8469170134048909
adult_core,2009,joint_dirichlet_0.3,B1,2,3,2920,731,True,True,0.9822161422708618,0.49551414768806074,0.0,0.0,0.0,0.04592099792099802,,1.417125022271648
adult_core,2009,joint_dirichlet_0.3,B1,2,4,575,144,True,False,0.7430555555555556,0.7409442310497398,0.5378787878787878,,,0.2803030303030303,"equal_opportunity_gap,equalized_odds_gap",0.862584012793377
adult_core,2009,joint_dirichlet_0.3,B1,2,5,2802,701,True,False,0.9985734664764622,0.49964311206281226,,,,,"comparison_groups,subgroup_accuracy_gap",1.4077499799896032
adult_core,2009,joint_dirichlet_0.3,B1,2,6,7557,1890,True,True,0.9523809523809523,0.509068239803281,0.0021436227224008574,0.07142857142857142,0.07142857142857142,0.039008557691338486,,2.568041003542021
adult_core,2009,joint_dirichlet_0.3,B1,2,7,180,46,True,False,0.8260869565217391,0.4523809523809524,,,,,"comparison_groups,subgroup_accuracy_gap",0.6199170020408928
adult_core,2009,joint_dirichlet_0.3,B1,2,8,1456,365,True,True,0.8876712328767123,0.7473877888624432,0.21650793650793654,0.10294117647058831,0.25290697674418605,0.10158730158730156,,1.0314589890185744
adult_core,2009,joint_dirichlet_0.3,B1,2,9,156,40,True,False,0.65,0.6419437340153453,,,,,"comparison_groups,subgroup_accuracy_gap",0.6131659902166575
adult_core,2009,joint_dirichlet_0.3,B1,3,0,3541,886,True,False,0.8160270880361173,0.770963940832325,0.6561199806482826,,,0.11253023705853893,"equal_opportunity_gap,equalized_odds_gap",1.6619579982943833
adult_core,2009,joint_dirichlet_0.3,B1,3,1,418,105,True,True,0.9523809523809523,0.4878048780487805,0.0,,,0.1785714285714286,"equal_opportunity_gap,equalized_odds_gap",0.72429099236615
adult_core,2009,joint_dirichlet_0.3,B1,3,2,899,225,True,False,0.7866666666666666,0.44029850746268656,,,,,"comparison_groups,subgroup_accuracy_gap",0.8442079997621477
adult_core,2009,joint_dirichlet_0.3,B1,3,3,2920,731,True,True,0.9822161422708618,0.49551414768806074,0.0,0.0,0.0,0.04592099792099802,,1.4323329960461706
adult_core,2009,joint_dirichlet_0.3,B1,3,4,575,144,True,False,0.7083333333333334,0.7069199457259159,0.36363636363636365,,,0.31818181818181823,"equal_opportunity_gap,equalized_odds_gap",0.8022080000955611
adult_core,2009,joint_dirichlet_0.3,B1,3,5,2802,701,True,False,0.9971469329529244,0.4992857142857143,,,,,"comparison_groups,subgroup_accuracy_gap",1.3672919885721058
adult_core,2009,joint_dirichlet_0.3,B1,3,6,7557,1890,True,True,0.9523809523809523,0.519035016286645,0.002170502004186448,0.055803571428571425,0.055803571428571425,0.03689181425072319,,2.5730000052135438
adult_core,2009,joint_dirichlet_0.3,B1,3,7,180,46,True,False,0.8260869565217391,0.4523809523809524,,,,,"comparison_groups,subgroup_accuracy_gap",0.6064169865567237
adult_core,2009,joint_dirichlet_0.3,B1,3,8,1456,365,True,False,0.8191780821917808,0.7203259960991919,0.32000000000000006,0.22058823529411764,0.24709302325581395,0.11492063492063498,,1.034749991958961
adult_core,2009,joint_dirichlet_0.3,B1,3,9,156,40,True,False,0.625,0.6228786926461345,,,,,"comparison_groups,subgroup_accuracy_gap",0.6076249992474914
adult_core,2009,joint_dirichlet_0.3,B1,4,0,3541,886,True,False,0.6896162528216704,0.6601220575414124,0.51903725205612,,,0.2882680212868892,"equal_opportunity_gap,equalized_odds_gap",1.6564579855185002
adult_core,2009,joint_dirichlet_0.3,B1,4,1,418,105,True,True,0.9523809523809523,0.4878048780487805,0.0,,,0.1785714285714286,"equal_opportunity_gap,equalized_odds_gap",0.7461670029442757
adult_core,2009,joint_dirichlet_0.3,B1,4,2,899,225,True,False,0.7866666666666666,0.44029850746268656,,,,,"comparison_groups,subgroup_accuracy_gap",0.844458001665771
adult_core,2009,joint_dirichlet_0.3,B1,4,3,2920,731,True,True,0.9822161422708618,0.49551414768806074,0.0,0.0,0.0,0.04592099792099802,,1.4547500177286565
adult_core,2009,joint_dirichlet_0.3,B1,4,4,575,144,True,True,0.625,0.6160379221805253,0.2727272727272727,,,0.40909090909090906,"equal_opportunity_gap,equalized_odds_gap",0.8280829933937639
adult_core,2009,joint_dirichlet_0.3,B1,4,5,2802,701,True,False,0.9971469329529244,0.4992857142857143,,,,,"comparison_groups,subgroup_accuracy_gap",1.3794999977108091
adult_core,2009,joint_dirichlet_0.3,B1,4,6,7557,1890,True,True,0.9523809523809523,0.519035016286645,0.002170502004186448,0.055803571428571425,0.055803571428571425,0.03689181425072319,,2.844667003955692
adult_core,2009,joint_dirichlet_0.3,B1,4,7,180,46,True,False,0.8260869565217391,0.4523809523809524,,,,,"comparison_groups,subgroup_accuracy_gap",0.6865000177640468
adult_core,2009,joint_dirichlet_0.3,B1,4,8,1456,365,True,False,0.6931506849315069,0.6234895372826408,0.2917460317460317,0.22426470588235292,0.22426470588235292,0.08476190476190482,,1.0519579809624702
adult_core,2009,joint_dirichlet_0.3,B1,4,9,156,40,True,False,0.625,0.6247654784240151,,,,,"comparison_groups,subgroup_accuracy_gap",0.6460410077124834
adult_core,2009,joint_dirichlet_0.3,B1,5,0,3541,886,True,False,0.6297968397291196,0.6099200532620309,0.46226415094339623,,,0.3776487663280116,"equal_opportunity_gap,equalized_odds_gap",1.6627500008326024
adult_core,2009,joint_dirichlet_0.3,B1,5,1,418,105,True,True,0.9523809523809523,0.4878048780487805,0.0,,,0.1785714285714286,"equal_opportunity_gap,equalized_odds_gap",0.733291992219165
adult_core,2009,joint_dirichlet_0.3,B1,5,2,899,225,True,False,0.7911111111111111,0.4618046719934857,,,,,"comparison_groups,subgroup_accuracy_gap",0.8567920012865216
adult_core,2009,joint_dirichlet_0.3,B1,5,3,2920,731,True,True,0.9822161422708618,0.49551414768806074,0.0,0.0,0.0,0.04592099792099802,,1.4425000117626041
adult_core,2009,joint_dirichlet_0.3,B1,5,4,575,144,True,False,0.5972222222222222,0.5836490528414755,0.24242424242424243,,,0.43939393939393945,"equal_opportunity_gap,equalized_odds_gap",0.909958005649969
adult_core,2009,joint_dirichlet_0.3,B1,5,5,2802,701,True,False,0.9971469329529244,0.4992857142857143,,,,,"comparison_groups,subgroup_accuracy_gap",1.448874972993508
adult_core,2009,joint_dirichlet_0.3,B1,5,6,7557,1890,True,True,0.9529100529100529,0.5291545719955997,0.0011255699247716099,0.040178571428571425,0.040178571428571425,0.03584688217130838,,2.6274590054526925
adult_core,2009,joint_dirichlet_0.3,B1,5,7,180,46,True,False,0.8260869565217391,0.4523809523809524,,,,,"comparison_groups,subgroup_accuracy_gap",0.6317090010270476
adult_core,2009,joint_dirichlet_0.3,B1,5,8,1456,365,True,False,0.6027397260273972,0.5527754539846714,0.2965079365079365,0.2647058823529412,0.2647058823529412,0.09587301587301589,,1.0520830110181123
adult_core,2009,joint_dirichlet_0.3,B1,5,9,156,40,True,False,0.6,0.6,,,,,"comparison_groups,subgroup_accuracy_gap",0.6419999990612268
adult_core,2009,joint_dirichlet_0.3,B3,1,0,3541,886,True,True,0.801354401805869,0.528495403967102,0.06265118529269476,,,0.8245283018867925,"equal_opportunity_gap,equalized_odds_gap",1.807207998353988
adult_core,2009,joint_dirichlet_0.3,B3,1,1,418,105,True,True,0.9523809523809523,0.4878048780487805,0.0,,,0.1785714285714286,"equal_opportunity_gap,equalized_odds_gap",0.7937919872347265
adult_core,2009,joint_dirichlet_0.3,B3,1,2,899,225,True,False,0.7866666666666666,0.44029850746268656,,,,,"comparison_groups,subgroup_accuracy_gap",0.8828330028336495
adult_core,2009,joint_dirichlet_0.3,B3,1,3,2920,731,True,True,0.9822161422708618,0.49551414768806074,0.0,0.0,0.0,0.04592099792099802,,1.4944169961381704
adult_core,2009,joint_dirichlet_0.3,B3,1,4,575,144,True,True,0.7222222222222222,0.6425024826216484,0.2272727272727273,,,0.42424242424242425,"equal_opportunity_gap,equalized_odds_gap",0.8052909979596734
adult_core,2009,joint_dirichlet_0.3,B3,1,5,2802,701,True,False,0.9985734664764622,0.49964311206281226,,,,,"comparison_groups,subgroup_accuracy_gap",1.4010829909238964
adult_core,2009,joint_dirichlet_0.3,B3,1,6,7557,1890,True,True,0.9513227513227513,0.48752711496746204,0.0,0.0,0.0,0.03686493496893761,,2.7255839959252626
adult_core,2009,joint_dirichlet_0.3,B3,1,7,180,46,True,False,0.8478260869565217,0.4588235294117647,,,,,"comparison_groups,subgroup_accuracy_gap",0.6248749850783497
adult_core,2009,joint_dirichlet_0.3,B3,1,8,1456,365,True,True,0.8410958904109589,0.4733830845771144,0.0031746031746031633,0.0,0.023255813953488413,0.18666666666666665,,1.0379999876022339
adult_core,2009,joint_dirichlet_0.3,B3,1,9,156,40,True,False,0.7,0.48051948051948057,,,,,"comparison_groups,subgroup_accuracy_gap",0.6277500069700181
adult_core,2009,joint_dirichlet_0.3,B3,2,0,3541,886,True,False,0.8837471783295711,0.803114084576932,0.5470004837929366,,,0.29658925979680695,"equal_opportunity_gap,equalized_odds_gap",1.6644999850541353
adult_core,2009,joint_dirichlet_0.3,B3,2,1,418,105,True,True,0.9523809523809523,0.4878048780487805,0.0,,,0.1785714285714286,"equal_opportunity_gap,equalized_odds_gap",0.7440829940605909
adult_core,2009,joint_dirichlet_0.3,B3,2,2,899,225,True,False,0.7866666666666666,0.44029850746268656,,,,,"comparison_groups,subgroup_accuracy_gap",0.8514169894624501
adult_core,2009,joint_dirichlet_0.3,B3,2,3,2920,731,True,True,0.9822161422708618,0.49551414768806074,0.0,0.0,0.0,0.04592099792099802,,1.4642500027548522
adult_core,2009,joint_dirichlet_0.3,B3,2,4,575,144,True,False,0.7638888888888888,0.7559322033898306,0.6363636363636364,,,0.25757575757575757,"equal_opportunity_gap,equalized_odds_gap",0.9241249936167151
adult_core,2009,joint_dirichlet_0.3,B3,2,5,2802,701,True,False,0.9985734664764622,0.49964311206281226,,,,,"comparison_groups,subgroup_accuracy_gap",1.4458750083576888
adult_core,2009,joint_dirichlet_0.3,B3,2,6,7557,1890,True,True,0.9523809523809523,0.519035016286645,0.002170502004186448,0.055803571428571425,0.055803571428571425,0.03689181425072319,,2.65704098274
adult_core,2009,joint_dirichlet_0.3,B3,2,7,180,46,True,False,0.8260869565217391,0.4523809523809524,,,,,"comparison_groups,subgroup_accuracy_gap",0.6273339968174696
adult_core,2009,joint_dirichlet_0.3,B3,2,8,1456,365,True,True,0.8849315068493151,0.7286533559898045,0.13968253968253963,0.044117647058823595,0.15116279069767447,0.0984126984126984,,1.0539169888943434
adult_core,2009,joint_dirichlet_0.3,B3,2,9,156,40,True,False,0.7,0.6799999999999999,,,,,"comparison_groups,subgroup_accuracy_gap",0.6307089934125543
adult_core,2009,joint_dirichlet_0.3,B3,3,0,3541,886,True,False,0.7573363431151241,0.7190690595472129,0.6036526366715046,,,0.21134494436381235,"equal_opportunity_gap,equalized_odds_gap",1.658082997892052
adult_core,2009,joint_dirichlet_0.3,B3,3,1,418,105,True,True,0.9523809523809523,0.4878048780487805,0.0,,,0.1785714285714286,"equal_opportunity_gap,equalized_odds_gap",0.7736670086160302
adult_core,2009,joint_dirichlet_0.3,B3,3,2,899,225,True,False,0.7866666666666666,0.44029850746268656,,,,,"comparison_groups,subgroup_accuracy_gap",0.8544579904992133
adult_core,2009,joint_dirichlet_0.3,B3,3,3,2920,731,True,True,0.9822161422708618,0.49551414768806074,0.0,0.0,0.0,0.04592099792099802,,1.4769590052310377
adult_core,2009,joint_dirichlet_0.3,B3,3,4,575,144,True,False,0.6319444444444444,0.6239467849223947,0.2803030303030303,,,0.4015151515151515,"equal_opportunity_gap,equalized_odds_gap",0.8116250101011246
adult_core,2009,joint_dirichlet_0.3,B3,3,5,2802,701,True,False,0.9985734664764622,0.49964311206281226,,,,,"comparison_groups,subgroup_accuracy_gap",1.430041011190042
adult_core,2009,joint_dirichlet_0.3,B3,3,6,7557,1890,True,True,0.9523809523809523,0.519035016286645,0.002170502004186448,0.055803571428571425,0.055803571428571425,0.03689181425072319,,2.55012497655116
adult_core,2009,joint_dirichlet_0.3,B3,3,7,180,46,True,False,0.8260869565217391,0.4523809523809524,,,,,"comparison_groups,subgroup_accuracy_gap",0.6113750278018415
adult_core,2009,joint_dirichlet_0.3,B3,3,8,1456,365,True,False,0.7643835616438356,0.6755354337219879,0.3301587301587301,0.23529411764705876,0.26308139534883723,0.09777777777777774,,1.0298750130459666
adult_core,2009,joint_dirichlet_0.3,B3,3,9,156,40,True,False,0.65,0.6491228070175439,,,,,"comparison_groups,subgroup_accuracy_gap",0.6264999974519014
adult_core,2009,joint_dirichlet_0.3,B3,4,0,3541,886,True,False,0.49209932279909707,0.48926521828243497,0.30118529269472666,,,0.5447750362844703,"equal_opportunity_gap,equalized_odds_gap",1.6519589989911765
adult_core,2009,joint_dirichlet_0.3,B3,4,1,418,105,True,True,0.9523809523809523,0.4878048780487805,0.0,,,0.1785714285714286,"equal_opportunity_gap,equalized_odds_gap",0.7261660066433251
adult_core,2009,joint_dirichlet_0.3,B3,4,2,899,225,True,False,0.7866666666666666,0.44029850746268656,,,,,"comparison_groups,subgroup_accuracy_gap",0.8415409829467535
adult_core,2009,joint_dirichlet_0.3,B3,4,3,2920,731,True,True,0.9822161422708618,0.49551414768806074,0.0,0.0,0.0,0.04592099792099802,,1.4582500152755529
adult_core,2009,joint_dirichlet_0.3,B3,4,4,575,144,True,False,0.4652777777777778,0.4074074074074074,0.09848484848484848,,,0.5833333333333333,"equal_opportunity_gap,equalized_odds_gap",0.7692499784752727
adult_core,2009,joint_dirichlet_0.3,B3,4,5,2802,701,True,False,0.9985734664764622,0.49964311206281226,,,,,"comparison_groups,subgroup_accuracy_gap",1.5917920100037009
adult_core,2009,joint_dirichlet_0.3,B3,4,6,7557,1890,True,True,0.9518518518518518,0.49841203181185856,0.0010718113612004287,0.03571428571428571,0.03571428571428571,0.037936746330137994,,2.7291250007692724
adult_core,2009,joint_dirichlet_0.3,B3,4,7,180,46,True,False,0.8478260869565217,0.4588235294117647,,,,,"comparison_groups,subgroup_accuracy_gap",0.671125017106533
adult_core,2009,joint_dirichlet_0.3,B3,4,8,1456,365,True,False,0.4931506849315068,0.47142443385075417,0.26,0.2683823529411764,0.2683823529411764,0.08476190476190476,,1.1127920006401837
adult_core,2009,joint_dirichlet_0.3,B3,4,9,156,40,True,False,0.5,0.48849104859335035,,,,,"comparison_groups,subgroup_accuracy_gap",0.6440840079449117
adult_core,2009,joint_dirichlet_0.3,B3,5,0,3541,886,True,False,0.3656884875846501,0.36314429693295475,0.1662070633768747,,,0.7097968069666183,"equal_opportunity_gap,equalized_odds_gap",1.6466669912915677
adult_core,2009,joint_dirichlet_0.3,B3,5,1,418,105,True,True,0.9523809523809523,0.4878048780487805,0.0,,,0.1785714285714286,"equal_opportunity_gap,equalized_odds_gap",0.756875000661239
adult_core,2009,joint_dirichlet_0.3,B3,5,2,899,225,True,False,0.7866666666666666,0.44029850746268656,,,,,"comparison_groups,subgroup_accuracy_gap",0.8677919977344573
adult_core,2009,joint_dirichlet_0.3,B3,5,3,2920,731,True,True,0.9822161422708618,0.49551414768806074,0.0,0.0,0.0,0.04592099792099802,,1.467082998715341
adult_core,2009,joint_dirichlet_0.3,B3,5,4,575,144,True,False,0.4305555555555556,0.3524895810484755,0.06060606060606061,,,0.6212121212121212,"equal_opportunity_gap,equalized_odds_gap",0.8729590044822544
adult_core,2009,joint_dirichlet_0.3,B3,5,5,2802,701,True,False,0.9985734664764622,0.49964311206281226,,,,,"comparison_groups,subgroup_accuracy_gap",1.428207993740216
adult_core,2009,joint_dirichlet_0.3,B3,5,6,7557,1890,True,True,0.9518518518518518,0.49841203181185856,0.0010718113612004287,0.03571428571428571,0.03571428571428571,0.037936746330137994,,2.6253329997416586
adult_core,2009,joint_dirichlet_0.3,B3,5,7,180,46,True,False,0.8478260869565217,0.4588235294117647,,,,,"comparison_groups,subgroup_accuracy_gap",0.6313329795375466
adult_core,2009,joint_dirichlet_0.3,B3,5,8,1456,365,True,False,0.36712328767123287,0.3652173913043478,0.1349206349206349,0.15073529411764705,0.15073529411764705,0.014920634920634945,,1.0391660034656525
adult_core,2009,joint_dirichlet_0.3,B3,5,9,156,40,True,False,0.45,0.4270833333333333,,,,,"comparison_groups,subgroup_accuracy_gap",0.6448329950217158
adult_core,2010,iid,B0,1,0,2051,513,True,True,0.7758284600389863,0.4968228922342104,0.023255813953488372,0.07547169811320754,0.07547169811320754,0.1842920049539012,,1.4371669967658818
adult_core,2010,iid,B0,1,1,2051,513,True,True,0.7660818713450293,0.5153061224489796,0.0020594648852583844,0.06891891891891891,0.06891891891891891,0.18701325672354718,,1.3010840048082173
adult_core,2010,iid,B0,1,2,2051,513,True,True,0.7953216374269005,0.5521885521885521,0.04398826979472141,0.14285714285714285,0.14285714285714285,0.176720316442747,,1.2592499842867255
adult_core,2010,iid,B0,1,3,2051,513,True,True,0.7407407407407407,0.45965359668643924,0.017543859649122806,0.04504504504504504,0.04504504504504504,0.17836257309941517,,1.2178749893791974
adult_core,2010,iid,B0,1,4,2051,513,True,True,0.7602339181286549,0.48191603786752935,0.014619883040935672,0.007936507936507936,0.007936507936507936,0.1842105263157895,,1.2073750258423388
adult_core,2010,iid,B0,1,5,2051,513,True,True,0.7563352826510721,0.4530683611241417,0.011937525801568736,0.031132075471698117,0.031132075471698117,0.17806522636576305,,1.207916997373104
adult_core,2010,iid,B0,1,6,2051,513,True,True,0.7621832358674464,0.533941975455737,0.01804368471035138,0.02882205513784461,0.02882205513784461,0.17616334283000956,,1.2127920053899288
adult_core,2010,iid,B0,1,7,2050,513,True,True,0.7699805068226121,0.5177649608055573,0.02450945793337098,0.034909909909909914,0.034909909909909914,0.20849802371541493,,1.2386250018607825
adult_core,2010,iid,B0,1,8,2050,513,True,True,0.7660818713450293,0.4849742319791178,0.010162889518413598,0.0010482180293501092,0.0010549124707760734,0.17645184135977332,,1.332042011199519
adult_core,2010,iid,B0,1,9,2050,513,True,True,0.7641325536062378,0.49034016733309793,0.01957931638913234,0.008664627930682983,0.008664627930682983,0.19284837861524984,,1.2492910027503967
adult_core,2010,iid,B0,2,0,2051,513,True,True,0.7758284600389863,0.5032794752839546,0.02024563093436081,0.08490566037735849,0.08490566037735849,0.1754678684464015,,1.2401250132825226
adult_core,2010,iid,B0,2,1,2051,513,True,True,0.7660818713450293,0.5153061224489796,0.0020594648852583844,0.06891891891891891,0.06891891891891891,0.18701325672354718,,1.2590420083142817
adult_core,2010,iid,B0,2,2,2051,513,True,True,0.7992202729044834,0.5661573325232157,0.04985337243401759,0.1619047619047619,0.1619047619047619,0.1708552138034508,,1.204583008075133
adult_core,2010,iid,B0,2,3,2051,513,True,True,0.7426900584795322,0.4605506341214709,0.014619883040935672,0.04504504504504504,0.04504504504504504,0.17543859649122806,,1.2162499770056456
adult_core,2010,iid,B0,2,4,2051,513,True,True,0.7621832358674464,0.4892773207990599,0.008771929824561403,0.03968253968253968,0.03968253968253968,0.1900584795321637,,1.2505410122685134
adult_core,2010,iid,B0,2,5,2051,513,True,True,0.7602339181286549,0.4687250039993601,0.006123572313196643,0.01226415094339623,0.013422818791946308,0.17225127287739095,,1.2308750010561198
adult_core,2010,iid,B0,2,6,2051,513,True,True,0.7602339181286549,0.5275924802910855,0.015194681861348529,0.03759398496240601,0.03759398496240601,0.17901234567901236,,1.2296659988351166
adult_core,2010,iid,B0,2,7,2050,513,True,True,0.7738791423001949,0.5314625850340137,0.030191276115189156,0.016891891891891886,0.016891891891891886,0.2028162055335968,,1.231333997566253
adult_core,2010,iid,B0,2,8,2050,513,True,True,0.7641325536062378,0.4839506172839506,0.012995750708215296,0.0010482180293501092,0.00510349546672749,0.17928470254957507,,1.346749981166795
adult_core,2010,iid,B0,2,9,2050,513,True,True,0.7641325536062378,0.496540760627124,0.025293602103418057,0.01783893985728849,0.01783893985728849,0.19284837861524984,,1.2459999998100102
adult_core,2010,iid,B0,3,0,2051,513,True,True,0.7816764132553606,0.5253139458030404,0.02896656116691895,0.11320754716981132,0.11320754716981132,0.16674693821384345,,1.2832079955842346
adult_core,2010,iid,B0,3,1,2051,513,True,True,0.7699805068226121,0.5288449564134496,0.00783981170606763,0.050900900900900894,0.050900900900900894,0.18123290990273788,,1.2540000025182962
adult_core,2010,iid,B0,3,2,2051,513,True,True,0.8011695906432749,0.5730023501762632,0.05278592375366569,0.17142857142857143,0.17142857142857143,0.16792266248380272,,1.2187920219730586
adult_core,2010,iid,B0,3,3,2051,513,True,True,0.7407407407407407,0.45965359668643924,0.017543859649122806,0.04504504504504504,0.04504504504504504,0.17836257309941517,,1.2140420149080455
adult_core,2010,iid,B0,3,4,2051,513,True,True,0.7641325536062378,0.496540760627124,0.011695906432748537,0.03042328042328042,0.03042328042328042,0.1871345029239766,,1.1861249804496765
adult_core,2010,iid,B0,3,5,2051,513,True,True,0.7680311890838206,0.49876429679866663,0.005504334663547543,0.02547169811320754,0.02547169811320754,0.16062336590064674,,1.1927910090889782
adult_core,2010,iid,B0,3,6,2051,513,True,True,0.7680311890838206,0.5525496031018888,0.026590693257359924,0.002506265664160401,0.002506265664160401,0.16761633428300093,,1.2406249879859388
adult_core,2010,iid,B0,3,7,2050,513,True,True,0.7738791423001949,0.5314625850340137,0.030191276115189156,0.016891891891891886,0.016891891891891886,0.2028162055335968,,1.18862499948591
adult_core,2010,iid,B0,3,8,2050,513,True,True,0.7680311890838206,0.49876429679866663,0.018661473087818695,0.019916142557651992,0.019916142557651992,0.17361898016997168,,1.1865419801324606
adult_core,2010,iid,B0,3,9,2050,513,True,True,0.7641325536062378,0.496540760627124,0.025293602103418057,0.01783893985728849,0.01783893985728849,0.19284837861524984,,1.2297499924898148
adult_core,2010,iid,B0,4,0,2051,513,True,True,0.783625730994152,0.5324608146609411,0.03187353791110499,0.12264150943396226,0.12264150943396226,0.1638399614696574,,1.292874978389591
adult_core,2010,iid,B0,4,1,2051,513,True,True,0.7719298245614035,0.5354879153026398,0.010729985116472253,0.04189189189189188,0.04189189189189188,0.17834273649233334,,1.2152499984949827
adult_core,2010,iid,B0,4,2,2051,513,True,True,0.8050682261208577,0.5864237342792648,0.05865102639296188,0.19047619047619047,0.19047619047619047,0.16205755984450654,,1.2005410098936409
adult_core,2010,iid,B0,4,3,2051,513,True,True,0.746588693957115,0.48677892015021856,0.03216374269005848,0.08108108108108109,0.08108108108108109,0.16959064327485385,,1.182540989248082
adult_core,2010,iid,B0,4,4,2051,513,True,True,0.7660818713450293,0.5037084811351177,0.014619883040935672,0.021164021164021163,0.021164021164021163,0.18421052631578938,,1.181041996460408
adult_core,2010,iid,B0,4,5,2051,513,True,True,0.7738791423001949,0.5202515317639471,0.014225264896105684,0.05377358490566038,0.05377358490566038,0.1519024356680887,,1.1895000061485916
adult_core,2010,iid,B0,4,6,2051,513,True,True,0.7660818713450293,0.5511287405938284,0.029439696106362774,0.002506265664160401,0.005566029266540982,0.17046533713200385,,1.1818750062957406
adult_core,2010,iid,B0,4,7,2050,513,True,True,0.7777777777777778,0.5448163138231632,0.035873094297007344,0.0011261261261261146,0.012448132780082987,0.19713438735177857,,1.1638749856501818
adult_core,2010,iid,B0,4,8,2050,513,True,True,0.7738791423001949,0.5202515317639471,0.027160056657223795,0.04821802935010483,0.04821802935010483,0.16512039660056654,,1.1732089915312827
adult_core,2010,iid,B0,4,9,2050,513,True,True,0.7699805068226121,0.5177649608055573,0.024872918492550397,0.019367991845056054,0.019367991845056054,0.1932690622261175,,1.1596249823924154
adult_core,2010,iid,B0,5,0,2051,513,True,True,0.783625730994152,0.5381489622281882,0.03768749139947709,0.1320754716981132,0.1320754716981132,0.1638399614696574,,1.2071660021319985
adult_core,2010,iid,B0,5,1,2051,513,True,True,0.7719298245614035,0.5354879153026398,0.010729985116472253,0.04189189189189188,0.04189189189189188,0.17834273649233334,,1.1709999816957861
adult_core,2010,iid,B0,5,2,2051,513,True,True,0.8050682261208577,0.5913262379708113,0.06451612903225806,0.2,0.2,0.16205755984450654,,1.1630830122157931
adult_core,2010,iid,B0,5,3,2051,513,True,True,0.746588693957115,0.48677892015021856,0.03216374269005848,0.08108108108108109,0.08108108108108109,0.16959064327485385,,1.162166998255998
adult_core,2010,iid,B0,5,4,2051,513,True,True,0.7660818713450293,0.5037084811351177,0.014619883040935672,0.021164021164021163,0.021164021164021163,0.18421052631578938,,1.1634999827947468
adult_core,2010,iid,B0,5,5,2051,513,True,True,0.7738791423001949,0.5202515317639471,0.014225264896105684,0.05377358490566038,0.05377358490566038,0.1519024356680887,,1.159334002295509
adult_core,2010,iid,B0,5,6,2051,513,True,True,0.7719298245614035,0.5690159049294511,0.037986704653371325,0.023809523809523808,0.023809523809523808,0.16191832858499533,,1.156457990873605
adult_core,2010,iid,B0,5,7,2050,513,True,True,0.7777777777777778,0.5448163138231632,0.035873094297007344,0.0011261261261261146,0.012448132780082987,0.19713438735177857,,1.1679999879561365
adult_core,2010,iid,B0,5,8,2050,513,True,True,0.7777777777777778,0.5341119112867249,0.03282577903682719,0.06708595387840671,0.06708595387840671,0.15945467422096316,,1.174500008346513
adult_core,2010,iid,B0,5,9,2050,513,True,True,0.7738791423001949,0.5314625850340137,0.03058720420683611,0.0010193679918450438,0.012448132780082987,0.18755477651183172,,1.1515829828567803
adult_core,2010,iid,B1,1,0,2051,513,True,True,0.7758284600389863,0.4968228922342104,0.023255813953488372,0.07547169811320754,0.07547169811320754,0.1842920049539012,,1.3521669898182154
adult_core,2010,iid,B1,1,1,2051,513,True,True,0.7660818713450293,0.5153061224489796,0.0020594648852583844,0.06891891891891891,0.06891891891891891,0.18701325672354718,,1.2366249866317958
adult_core,2010,iid,B1,1,2,2051,513,True,True,0.7953216374269005,0.5521885521885521,0.04398826979472141,0.14285714285714285,0.14285714285714285,0.176720316442747,,1.2084589980076998
adult_core,2010,iid,B1,1,3,2051,513,True,True,0.7407407407407407,0.45965359668643924,0.017543859649122806,0.04504504504504504,0.04504504504504504,0.17836257309941517,,1.2028749915771186
adult_core,2010,iid,B1,1,4,2051,513,True,True,0.7602339181286549,0.48191603786752935,0.014619883040935672,0.007936507936507936,0.007936507936507936,0.1842105263157895,,1.2015420070383698
adult_core,2010,iid,B1,1,5,2051,513,True,True,0.7563352826510721,0.4530683611241417,0.011937525801568736,0.031132075471698117,0.031132075471698117,0.17806522636576305,,1.1848750000353903
adult_core,2010,iid,B1,1,6,2051,513,True,True,0.7621832358674464,0.533941975455737,0.01804368471035138,0.02882205513784461,0.02882205513784461,0.17616334283000956,,1.2100840103812516
adult_core,2010,iid,B1,1,7,2050,513,True,True,0.7699805068226121,0.5177649608055573,0.02450945793337098,0.034909909909909914,0.034909909909909914,0.20849802371541493,,1.1882500257343054
adult_core,2010,iid,B1,1,8,2050,513,True,True,0.7660818713450293,0.4849742319791178,0.010162889518413598,0.0010482180293501092,0.0010549124707760734,0.17645184135977332,,1.2365000147838145
adult_core,2010,iid,B1,1,9,2050,513,True,True,0.7641325536062378,0.49034016733309793,0.01957931638913234,0.008664627930682983,0.008664627930682983,0.19284837861524984,,1.1949589825235307
adult_core,2010,iid,B1,2,0,2051,513,True,True,0.7758284600389863,0.5032794752839546,0.02024563093436081,0.08490566037735849,0.08490566037735849,0.1754678684464015,,1.1885419953614473
adult_core,2010,iid,B1,2,1,2051,513,True,True,0.7660818713450293,0.5153061224489796,0.0020594648852583844,0.06891891891891891,0.06891891891891891,0.18701325672354718,,1.1956669914070517
adult_core,2010,iid,B1,2,2,2051,513,True,True,0.7992202729044834,0.5661573325232157,0.04985337243401759,0.1619047619047619,0.1619047619047619,0.1708552138034508,,1.1621250014286488
adult_core,2010,iid,B1,2,3,2051,513,True,True,0.7426900584795322,0.4605506341214709,0.014619883040935672,0.04504504504504504,0.04504504504504504,0.17543859649122806,,1.1878329969476908
adult_core,2010,iid,B1,2,4,2051,513,True,True,0.7621832358674464,0.4892773207990599,0.008771929824561403,0.03968253968253968,0.03968253968253968,0.1900584795321637,,1.1695409775711596
adult_core,2010,iid,B1,2,5,2051,513,True,True,0.7602339181286549,0.4687250039993601,0.006123572313196643,0.01226415094339623,0.013422818791946308,0.17225127287739095,,1.1565000168047845
adult_core,2010,iid,B1,2,6,2051,513,True,True,0.7602339181286549,0.5275924802910855,0.015194681861348529,0.03759398496240601,0.03759398496240601,0.17901234567901236,,1.1658750008791685
adult_core,2010,iid,B1,2,7,2050,513,True,True,0.7738791423001949,0.5314625850340137,0.030191276115189156,0.016891891891891886,0.016891891891891886,0.2028162055335968,,1.1614170216489583
adult_core,2010,iid,B1,2,8,2050,513,True,True,0.7641325536062378,0.4839506172839506,0.012995750708215296,0.0010482180293501092,0.00510349546672749,0.17928470254957507,,1.1766660027205944
adult_core,2010,iid,B1,2,9,2050,513,True,True,0.7641325536062378,0.496540760627124,0.025293602103418057,0.01783893985728849,0.01783893985728849,0.19284837861524984,,1.1465839925222099
adult_core,2010,iid,B1,3,0,2051,513,True,True,0.7816764132553606,0.5253139458030404,0.02896656116691895,0.11320754716981132,0.11320754716981132,0.16674693821384345,,1.177792000817135
adult_core,2010,iid,B1,3,1,2051,513,True,True,0.7699805068226121,0.5288449564134496,0.00783981170606763,0.050900900900900894,0.050900900900900894,0.18123290990273788,,1.1690829996950924
adult_core,2010,iid,B1,3,2,2051,513,True,True,0.8011695906432749,0.5730023501762632,0.05278592375366569,0.17142857142857143,0.17142857142857143,0.16792266248380272,,1.162542001111433
adult_core,2010,iid,B1,3,3,2051,513,True,True,0.7407407407407407,0.45965359668643924,0.017543859649122806,0.04504504504504504,0.04504504504504504,0.17836257309941517,,1.1585830070544034
adult_core,2010,iid,B1,3,4,2051,513,True,True,0.7641325536062378,0.496540760627124,0.011695906432748537,0.03042328042328042,0.03042328042328042,0.1871345029239766,,1.2350000033620745
adult_core,2010,iid,B1,3,5,2051,513,True,True,0.7680311890838206,0.49876429679866663,0.005504334663547543,0.02547169811320754,0.02547169811320754,0.16062336590064674,,1.2964159832336009
adult_core,2010,iid,B1,3,6,2051,513,True,True,0.7680311890838206,0.5525496031018888,0.026590693257359924,0.002506265664160401,0.002506265664160401,0.16761633428300093,,1.178584003355354
adult_core,2010,iid,B1,3,7,2050,513,True,True,0.7738791423001949,0.5314625850340137,0.030191276115189156,0.016891891891891886,0.016891891891891886,0.2028162055335968,,1.1892080074176192
adult_core,2010,iid,B1,3,8,2050,513,True,True,0.7680311890838206,0.49876429679866663,0.018661473087818695,0.019916142557651992,0.019916142557651992,0.17361898016997168,,1.255583018064499
adult_core,2010,iid,B1,3,9,2050,513,True,True,0.7641325536062378,0.496540760627124,0.025293602103418057,0.01783893985728849,0.01783893985728849,0.19284837861524984,,1.2339169916231185
adult_core,2010,iid,B1,4,0,2051,513,True,True,0.783625730994152,0.5324608146609411,0.03187353791110499,0.12264150943396226,0.12264150943396226,0.1638399614696574,,1.2090420059394091
adult_core,2010,iid,B1,4,1,2051,513,True,True,0.7719298245614035,0.5354879153026398,0.010729985116472253,0.04189189189189188,0.04189189189189188,0.17834273649233334,,1.1803749948740005
adult_core,2010,iid,B1,4,2,2051,513,True,True,0.8050682261208577,0.5864237342792648,0.05865102639296188,0.19047619047619047,0.19047619047619047,0.16205755984450654,,1.1650419910438359
adult_core,2010,iid,B1,4,3,2051,513,True,True,0.746588693957115,0.48677892015021856,0.03216374269005848,0.08108108108108109,0.08108108108108109,0.16959064327485385,,1.178542006528005
adult_core,2010,iid,B1,4,4,2051,513,True,True,0.7660818713450293,0.5037084811351177,0.014619883040935672,0.021164021164021163,0.021164021164021163,0.18421052631578938,,1.1597080156207085
adult_core,2010,iid,B1,4,5,2051,513,True,True,0.7738791423001949,0.5202515317639471,0.014225264896105684,0.05377358490566038,0.05377358490566038,0.1519024356680887,,1.161583000794053
adult_core,2010,iid,B1,4,6,2051,513,True,True,0.7660818713450293,0.5511287405938284,0.029439696106362774,0.002506265664160401,0.005566029266540982,0.17046533713200385,,1.157875027274713
adult_core,2010,iid,B1,4,7,2050,513,True,True,0.7777777777777778,0.5448163138231632,0.035873094297007344,0.0011261261261261146,0.012448132780082987,0.19713438735177857,,1.1544580047484487
adult_core,2010,iid,B1,4,8,2050,513,True,True,0.7738791423001949,0.5202515317639471,0.027160056657223795,0.04821802935010483,0.04821802935010483,0.16512039660056654,,1.1647079954855144
adult_core,2010,iid,B1,4,9,2050,513,True,True,0.7699805068226121,0.5177649608055573,0.024872918492550397,0.019367991845056054,0.019367991845056054,0.1932690622261175,,1.1522920103743672
adult_core,2010,iid,B1,5,0,2051,513,True,True,0.783625730994152,0.5381489622281882,0.03768749139947709,0.1320754716981132,0.1320754716981132,0.1638399614696574,,1.2267089914530516
adult_core,2010,iid,B1,5,1,2051,513,True,True,0.7719298245614035,0.5354879153026398,0.010729985116472253,0.04189189189189188,0.04189189189189188,0.17834273649233334,,1.211458002217114
adult_core,2010,iid,B1,5,2,2051,513,True,True,0.8050682261208577,0.5913262379708113,0.06451612903225806,0.2,0.2,0.16205755984450654,,1.1661250027827919
adult_core,2010,iid,B1,5,3,2051,513,True,True,0.746588693957115,0.48677892015021856,0.03216374269005848,0.08108108108108109,0.08108108108108109,0.16959064327485385,,1.1624160106293857
adult_core,2010,iid,B1,5,4,2051,513,True,True,0.7660818713450293,0.5037084811351177,0.014619883040935672,0.021164021164021163,0.021164021164021163,0.18421052631578938,,1.1742080096155405
adult_core,2010,iid,B1,5,5,2051,513,True,True,0.7738791423001949,0.5202515317639471,0.014225264896105684,0.05377358490566038,0.05377358490566038,0.1519024356680887,,1.1657499999273568
adult_core,2010,iid,B1,5,6,2051,513,True,True,0.7719298245614035,0.5690159049294511,0.037986704653371325,0.023809523809523808,0.023809523809523808,0.16191832858499533,,1.1608749919105321
adult_core,2010,iid,B1,5,7,2050,513,True,True,0.7777777777777778,0.5448163138231632,0.035873094297007344,0.0011261261261261146,0.012448132780082987,0.19713438735177857,,1.1614999966695905
adult_core,2010,iid,B1,5,8,2050,513,True,True,0.7777777777777778,0.5341119112867249,0.03282577903682719,0.06708595387840671,0.06708595387840671,0.15945467422096316,,1.2109160015825182
adult_core,2010,iid,B1,5,9,2050,513,True,True,0.7738791423001949,0.5314625850340137,0.03058720420683611,0.0010193679918450438,0.012448132780082987,0.18755477651183172,,1.1703750060405582
adult_core,2010,iid,B3,1,0,2051,513,True,True,0.7758284600389863,0.4968228922342104,0.023255813953488372,0.07547169811320754,0.07547169811320754,0.1842920049539012,,1.4144589949864894
adult_core,2010,iid,B3,1,1,2051,513,True,True,0.7660818713450293,0.5153061224489796,0.0020594648852583844,0.06891891891891891,0.06891891891891891,0.18701325672354718,,1.2452910013962537
adult_core,2010,iid,B3,1,2,2051,513,True,True,0.7953216374269005,0.5521885521885521,0.04398826979472141,0.14285714285714285,0.14285714285714285,0.176720316442747,,1.2182079954072833
adult_core,2010,iid,B3,1,3,2051,513,True,True,0.7407407407407407,0.45965359668643924,0.017543859649122806,0.04504504504504504,0.04504504504504504,0.17836257309941517,,1.204958010930568
adult_core,2010,iid,B3,1,4,2051,513,True,True,0.7602339181286549,0.48191603786752935,0.014619883040935672,0.007936507936507936,0.007936507936507936,0.1842105263157895,,1.3050419802311808
adult_core,2010,iid,B3,1,5,2051,513,True,True,0.7563352826510721,0.4530683611241417,0.011937525801568736,0.031132075471698117,0.031132075471698117,0.17806522636576305,,1.237165997736156
adult_core,2010,iid,B3,1,6,2051,513,True,True,0.7621832358674464,0.533941975455737,0.01804368471035138,0.02882205513784461,0.02882205513784461,0.17616334283000956,,1.2180839839857072
adult_core,2010,iid,B3,1,7,2050,513,True,True,0.7699805068226121,0.5177649608055573,0.02450945793337098,0.034909909909909914,0.034909909909909914,0.20849802371541493,,1.197666017105803
adult_core,2010,iid,B3,1,8,2050,513,True,True,0.7660818713450293,0.4849742319791178,0.010162889518413598,0.0010482180293501092,0.0010549124707760734,0.17645184135977332,,1.197666977532208
adult_core,2010,iid,B3,1,9,2050,513,True,True,0.7641325536062378,0.49034016733309793,0.01957931638913234,0.008664627930682983,0.008664627930682983,0.19284837861524984,,1.2027090124320239
adult_core,2010,iid,B3,2,0,2051,513,True,True,0.7758284600389863,0.5032794752839546,0.02024563093436081,0.08490566037735849,0.08490566037735849,0.1754678684464015,,1.1985419841948897
adult_core,2010,iid,B3,2,1,2051,513,True,True,0.7660818713450293,0.5153061224489796,0.0020594648852583844,0.06891891891891891,0.06891891891891891,0.18701325672354718,,1.1764999944716692
adult_core,2010,iid,B3,2,2,2051,513,True,True,0.7992202729044834,0.5661573325232157,0.04985337243401759,0.1619047619047619,0.1619047619047619,0.1708552138034508,,1.1764579976443201
adult_core,2010,iid,B3,2,3,2051,513,True,True,0.7426900584795322,0.4605506341214709,0.014619883040935672,0.04504504504504504,0.04504504504504504,0.17543859649122806,,1.1782500077970326
adult_core,2010,iid,B3,2,4,2051,513,True,True,0.7621832358674464,0.4892773207990599,0.008771929824561403,0.03968253968253968,0.03968253968253968,0.1900584795321637,,1.1830829898826778
adult_core,2010,iid,B3,2,5,2051,513,True,True,0.7602339181286549,0.4687250039993601,0.006123572313196643,0.01226415094339623,0.013422818791946308,0.17225127287739095,,1.1554999800864607
adult_core,2010,iid,B3,2,6,2051,513,True,True,0.7602339181286549,0.5275924802910855,0.015194681861348529,0.03759398496240601,0.03759398496240601,0.17901234567901236,,1.1550420022103935
adult_core,2010,iid,B3,2,7,2050,513,True,True,0.7738791423001949,0.5314625850340137,0.030191276115189156,0.016891891891891886,0.016891891891891886,0.2028162055335968,,1.1740830086637288
adult_core,2010,iid,B3,2,8,2050,513,True,True,0.7641325536062378,0.4839506172839506,0.012995750708215296,0.0010482180293501092,0.00510349546672749,0.17928470254957507,,1.1527499882504344
adult_core,2010,iid,B3,2,9,2050,513,True,True,0.7641325536062378,0.496540760627124,0.025293602103418057,0.01783893985728849,0.01783893985728849,0.19284837861524984,,1.1637500138022006
adult_core,2010,iid,B3,3,0,2051,513,True,True,0.7816764132553606,0.5253139458030404,0.02896656116691895,0.11320754716981132,0.11320754716981132,0.16674693821384345,,1.1772080033551902
adult_core,2010,iid,B3,3,1,2051,513,True,True,0.7699805068226121,0.5288449564134496,0.00783981170606763,0.050900900900900894,0.050900900900900894,0.18123290990273788,,1.1644999904092401
adult_core,2010,iid,B3,3,2,2051,513,True,True,0.8011695906432749,0.5730023501762632,0.05278592375366569,0.17142857142857143,0.17142857142857143,0.16792266248380272,,1.161541003966704
adult_core,2010,iid,B3,3,3,2051,513,True,True,0.7407407407407407,0.45965359668643924,0.017543859649122806,0.04504504504504504,0.04504504504504504,0.17836257309941517,,1.157458988018334
adult_core,2010,iid,B3,3,4,2051,513,True,True,0.7641325536062378,0.496540760627124,0.011695906432748537,0.03042328042328042,0.03042328042328042,0.1871345029239766,,1.1603330203797668
adult_core,2010,iid,B3,3,5,2051,513,True,True,0.7680311890838206,0.49876429679866663,0.005504334663547543,0.02547169811320754,0.02547169811320754,0.16062336590064674,,1.1757080210372806
adult_core,2010,iid,B3,3,6,2051,513,True,True,0.7680311890838206,0.5525496031018888,0.026590693257359924,0.002506265664160401,0.002506265664160401,0.16761633428300093,,1.1628750071395189
adult_core,2010,iid,B3,3,7,2050,513,True,True,0.7738791423001949,0.5314625850340137,0.030191276115189156,0.016891891891891886,0.016891891891891886,0.2028162055335968,,1.1515830119606107
adult_core,2010,iid,B3,3,8,2050,513,True,True,0.7680311890838206,0.49876429679866663,0.018661473087818695,0.019916142557651992,0.019916142557651992,0.17361898016997168,,1.167374983197078
adult_core,2010,iid,B3,3,9,2050,513,True,True,0.7641325536062378,0.496540760627124,0.025293602103418057,0.01783893985728849,0.01783893985728849,0.19284837861524984,,1.1632500099949539
adult_core,2010,iid,B3,4,0,2051,513,True,True,0.783625730994152,0.5324608146609411,0.03187353791110499,0.12264150943396226,0.12264150943396226,0.1638399614696574,,1.185000000987202
adult_core,2010,iid,B3,4,1,2051,513,True,True,0.7719298245614035,0.5354879153026398,0.010729985116472253,0.04189189189189188,0.04189189189189188,0.17834273649233334,,1.1857089994009584
adult_core,2010,iid,B3,4,2,2051,513,True,True,0.8050682261208577,0.5864237342792648,0.05865102639296188,0.19047619047619047,0.19047619047619047,0.16205755984450654,,1.1671669781208038
adult_core,2010,iid,B3,4,3,2051,513,True,True,0.746588693957115,0.48677892015021856,0.03216374269005848,0.08108108108108109,0.08108108108108109,0.16959064327485385,,1.154666009824723
adult_core,2010,iid,B3,4,4,2051,513,True,True,0.7660818713450293,0.5037084811351177,0.014619883040935672,0.021164021164021163,0.021164021164021163,0.18421052631578938,,1.1543750006239861
adult_core,2010,iid,B3,4,5,2051,513,True,True,0.7738791423001949,0.5202515317639471,0.014225264896105684,0.05377358490566038,0.05377358490566038,0.1519024356680887,,1.1611669906415045
adult_core,2010,iid,B3,4,6,2051,513,True,True,0.7660818713450293,0.5511287405938284,0.029439696106362774,0.002506265664160401,0.005566029266540982,0.17046533713200385,,1.1507089948281646
adult_core,2010,iid,B3,4,7,2050,513,True,True,0.7777777777777778,0.5448163138231632,0.035873094297007344,0.0011261261261261146,0.012448132780082987,0.19713438735177857,,1.1502499983180314
adult_core,2010,iid,B3,4,8,2050,513,True,True,0.7738791423001949,0.5202515317639471,0.027160056657223795,0.04821802935010483,0.04821802935010483,0.16512039660056654,,1.1543750006239861
adult_core,2010,iid,B3,4,9,2050,513,True,True,0.7699805068226121,0.5177649608055573,0.024872918492550397,0.019367991845056054,0.019367991845056054,0.1932690622261175,,1.1446250136941671
adult_core,2010,iid,B3,5,0,2051,513,True,True,0.783625730994152,0.5381489622281882,0.03768749139947709,0.1320754716981132,0.1320754716981132,0.1638399614696574,,1.2017909903079271
adult_core,2010,iid,B3,5,1,2051,513,True,True,0.7719298245614035,0.5354879153026398,0.010729985116472253,0.04189189189189188,0.04189189189189188,0.17834273649233334,,1.1958339891862124
adult_core,2010,iid,B3,5,2,2051,513,True,True,0.8050682261208577,0.5913262379708113,0.06451612903225806,0.2,0.2,0.16205755984450654,,1.173833996290341
adult_core,2010,iid,B3,5,3,2051,513,True,True,0.746588693957115,0.48677892015021856,0.03216374269005848,0.08108108108108109,0.08108108108108109,0.16959064327485385,,1.1711250117514282
adult_core,2010,iid,B3,5,4,2051,513,True,True,0.7660818713450293,0.5037084811351177,0.014619883040935672,0.021164021164021163,0.021164021164021163,0.18421052631578938,,1.160457992227748
adult_core,2010,iid,B3,5,5,2051,513,True,True,0.7738791423001949,0.5202515317639471,0.014225264896105684,0.05377358490566038,0.05377358490566038,0.1519024356680887,,1.1592500086408108
adult_core,2010,iid,B3,5,6,2051,513,True,True,0.7719298245614035,0.5690159049294511,0.037986704653371325,0.023809523809523808,0.023809523809523808,0.16191832858499533,,1.1632499808911234
adult_core,2010,iid,B3,5,7,2050,513,True,True,0.7777777777777778,0.5448163138231632,0.035873094297007344,0.0011261261261261146,0.012448132780082987,0.19713438735177857,,1.153249992057681
adult_core,2010,iid,B3,5,8,2050,513,True,True,0.7777777777777778,0.5341119112867249,0.03282577903682719,0.06708595387840671,0.06708595387840671,0.15945467422096316,,1.1694999993778765
adult_core,2010,iid,B3,5,9,2050,513,True,True,0.7738791423001949,0.5314625850340137,0.03058720420683611,0.0010193679918450438,0.012448132780082987,0.18755477651183172,,1.1566250177565962
adult_core,2010,joint_dirichlet_0.3,B0,1,0,2628,657,True,True,0.9665144596651446,0.4914860681114551,0.0,0.0,0.0,0.08676941315945474,,1.5587910020258278
adult_core,2010,joint_dirichlet_0.3,B0,1,1,5578,1395,True,True,1.0,1.0,0.0,,,0.0,"equal_opportunity_gap,equalized_odds_gap",2.53124997834675
adult_core,2010,joint_dirichlet_0.3,B0,1,2,168,43,True,False,0.9302325581395349,0.4819277108433735,,,,,"comparison_groups,subgroup_accuracy_gap",0.6655410106759518
adult_core,2010,joint_dirichlet_0.3,B0,1,3,753,189,True,True,0.798941798941799,0.49107142857142855,0.011363636363636364,,,0.21590909090909094,"equal_opportunity_gap,equalized_odds_gap",0.8505419827997684
adult_core,2010,joint_dirichlet_0.3,B0,1,4,2374,594,True,True,0.8097643097643098,0.48759876331157675,0.010291595197255532,0.002105263157894721,0.04629629629629628,0.6397941680960548,,1.3436249864753336
adult_core,2010,joint_dirichlet_0.3,B0,1,5,1322,331,True,False,0.851963746223565,0.8469342493936448,0.6980183377698905,,,0.19872079266489195,"equal_opportunity_gap,equalized_odds_gap",1.0377910220995545
adult_core,2010,joint_dirichlet_0.3,B0,1,6,2172,543,True,True,0.8176795580110497,0.4952062576882988,0.04065040650406504,0.0,,0.8048780487804879,"equalized_odds_gap,false_positive_rate_gap",1.2457499979063869
adult_core,2010,joint_dirichlet_0.3,B0,1,7,681,171,True,True,0.7543859649122807,0.43,0.007692307692307693,0.0,0.007874015748031496,0.8960600375234522,,0.8724999788682908
adult_core,2010,joint_dirichlet_0.3,B0,1,8,903,226,True,False,0.8628318584070797,0.5199725933538883,,,,,"comparison_groups,subgroup_accuracy_gap",0.8462500118184835
adult_core,2010,joint_dirichlet_0.3,B0,1,9,3927,982,True,True,0.9898167006109979,0.49744114636642783,0.0,,,0.059523809523809534,"equal_opportunity_gap,equalized_odds_gap",1.757292018737644
adult_core,2010,joint_dirichlet_0.3,B0,2,0,2628,657,True,True,0.9665144596651446,0.4914860681114551,0.0,0.0,0.0,0.08676941315945474,,1.3598750228993595
adult_core,2010,joint_dirichlet_0.3,B0,2,1,5578,1395,True,True,1.0,1.0,0.0,,,0.0,"equal_opportunity_gap,equalized_odds_gap",2.134792011929676
adult_core,2010,joint_dirichlet_0.3,B0,2,2,168,43,True,False,0.9767441860465116,0.8938271604938272,,,,,"comparison_groups,subgroup_accuracy_gap",0.6295419880189002
adult_core,2010,joint_dirichlet_0.3,B0,2,3,753,189,True,True,0.7936507936507936,0.4665267424187595,0.005681818181818182,,,0.22159090909090906,"equal_opportunity_gap,equalized_odds_gap",0.8652920078020543
adult_core,2010,joint_dirichlet_0.3,B0,2,4,2374,594,True,False,0.8653198653198653,0.7404583488082495,0.444253859348199,0.4726315789473684,0.4726315789473684,0.3259005145797599,,1.2768339947797358
adult_core,2010,joint_dirichlet_0.3,B0,2,5,1322,331,True,False,0.8126888217522659,0.8116141587721231,0.6276619343389529,,,0.26353149955634425,"equal_opportunity_gap,equalized_odds_gap",0.9883329912554473
adult_core,2010,joint_dirichlet_0.3,B0,2,6,2172,543,True,False,0.9023941068139963,0.8160674911322021,0.47113821138211376,0.035964912280701755,,0.3573170731707317,"equalized_odds_gap,false_positive_rate_gap",1.2532909750007093
adult_core,2010,joint_dirichlet_0.3,B0,2,7,681,171,True,True,0.7543859649122807,0.43,0.007692307692307693,0.0,0.007874015748031496,0.8960600375234522,,0.8236250141635537
adult_core,2010,joint_dirichlet_0.3,B0,2,8,903,226,True,False,0.8628318584070797,0.5199725933538883,,,,,"comparison_groups,subgroup_accuracy_gap",0.8321669884026051
adult_core,2010,joint_dirichlet_0.3,B0,2,9,3927,982,True,True,0.9898167006109979,0.49744114636642783,0.0,,,0.059523809523809534,"equal_opportunity_gap,equalized_odds_gap",1.7275410064030439
adult_core,2010,joint_dirichlet_0.3,B0,3,0,2628,657,True,True,0.9665144596651446,0.4914860681114551,0.0,0.0,0.0,0.08676941315945474,,1.3542090018745512
adult_core,2010,joint_dirichlet_0.3,B0,3,1,5578,1395,True,True,1.0,1.0,0.0,,,0.0,"equal_opportunity_gap,equalized_odds_gap",2.1183750068303198
adult_core,2010,joint_dirichlet_0.3,B0,3,2,168,43,True,False,0.813953488372093,0.6126126126126126,,,,,"comparison_groups,subgroup_accuracy_gap",0.6221669900696725
adult_core,2010,joint_dirichlet_0.3,B0,3,3,753,189,True,True,0.7936507936507936,0.4665267424187595,0.005681818181818182,,,0.22159090909090906,"equal_opportunity_gap,equalized_odds_gap",0.8556249958928674
adult_core,2010,joint_dirichlet_0.3,B0,3,4,2374,594,True,True,0.7861952861952862,0.7161968466316292,0.24356775300171524,0.30000000000000004,0.30000000000000004,0.24528301886792458,,1.2960419990122318
adult_core,2010,joint_dirichlet_0.3,B0,3,5,1322,331,True,False,0.6858006042296072,0.669736741115972,0.4035048802129547,,,0.5285048802129547,"equal_opportunity_gap,equalized_odds_gap",1.0002499911934137
adult_core,2010,joint_dirichlet_0.3,B0,3,6,2172,543,True,False,0.8729281767955801,0.818161081317188,0.6733449477351917,0.31390977443609025,,0.08797909407665505,"equalized_odds_gap,false_positive_rate_gap",1.2233330053277314
adult_core,2010,joint_dirichlet_0.3,B0,3,7,681,171,True,True,0.7485380116959064,0.4280936454849498,0.015384615384615385,0.0,0.015748031496062992,0.8883677298311445,,0.8137919940054417
adult_core,2010,joint_dirichlet_0.3,B0,3,8,903,226,True,False,0.8628318584070797,0.5199725933538883,,,,,"comparison_groups,subgroup_accuracy_gap",0.8294580038636923
adult_core,2010,joint_dirichlet_0.3,B0,3,9,3927,982,True,True,0.9898167006109979,0.49744114636642783,0.0,,,0.059523809523809534,"equal_opportunity_gap,equalized_odds_gap",1.6977079794742167
adult_core,2010,joint_dirichlet_0.3,B0,4,0,2628,657,True,True,0.9665144596651446,0.4914860681114551,0.0,0.0,0.0,0.08676941315945474,,1.4180410071276128
adult_core,2010,joint_dirichlet_0.3,B0,4,1,5578,1395,True,True,1.0,1.0,0.0,,,0.0,"equal_opportunity_gap,equalized_odds_gap",2.138375013601035
adult_core,2010,joint_dirichlet_0.3,B0,4,2,168,43,True,False,0.627906976744186,0.5113636363636364,,,,,"comparison_groups,subgroup_accuracy_gap",0.6464580073952675
adult_core,2010,joint_dirichlet_0.3,B0,4,3,753,189,True,True,0.798941798941799,0.49107142857142855,0.011363636363636364,,,0.21590909090909094,"equal_opportunity_gap,equalized_odds_gap",0.8569589990656823
adult_core,2010,joint_dirichlet_0.3,B0,4,4,2374,594,True,True,0.6683501683501684,0.6235075335171535,0.274442538593482,0.6336842105263157,0.6336842105263157,0.12521440823327623,,1.3002080086153
adult_core,2010,joint_dirichlet_0.3,B0,4,5,1322,331,True,False,0.6465256797583081,0.6209367200117457,0.33285270629991126,,,0.5991570541259982,"equal_opportunity_gap,equalized_odds_gap",1.0002499911934137
adult_core,2010,joint_dirichlet_0.3,B0,4,6,2172,543,True,False,0.7697974217311234,0.7245880486429241,0.6137630662020906,0.20939849624060158,,0.15046457607433217,"equalized_odds_gap,false_positive_rate_gap",1.2445419852156192
adult_core,2010,joint_dirichlet_0.3,B0,4,7,681,171,True,True,0.7485380116959064,0.4280936454849498,0.015384615384615385,0.0,0.015748031496062992,0.8883677298311445,,0.8450000023003668
adult_core,2010,joint_dirichlet_0.3,B0,4,8,903,226,True,False,0.8672566371681416,0.5472756410256411,,,,,"comparison_groups,subgroup_accuracy_gap",0.8453750051558018
adult_core,2010,joint_dirichlet_0.3,B0,4,9,3927,982,True,True,0.9887983706720977,0.4971838197644649,0.0012285012285012285,,,0.05829530829530827,"equal_opportunity_gap,equalized_odds_gap",1.7205409822054207
adult_core,2010,joint_dirichlet_0.3,B0,5,0,2628,657,True,True,0.9665144596651446,0.4914860681114551,0.0,0.0,0.0,0.08676941315945474,,1.3738750130869448
adult_core,2010,joint_dirichlet_0.3,B0,5,1,5578,1395,True,True,0.9985663082437276,0.4996413199426112,0.0006159935095318022,,,0.000615993509531787,"equal_opportunity_gap,equalized_odds_gap",2.1414159855339676
adult_core,2010,joint_dirichlet_0.3,B0,5,2,168,43,True,False,0.5813953488372093,0.4798387096774194,,,,,"comparison_groups,subgroup_accuracy_gap",0.6469170039054006
adult_core,2010,joint_dirichlet_0.3,B0,5,3,753,189,True,True,0.798941798941799,0.49107142857142855,0.011363636363636364,,,0.21590909090909094,"equal_opportunity_gap,equalized_odds_gap",0.8344579837284982
adult_core,2010,joint_dirichlet_0.3,B0,5,4,2374,594,True,False,0.6043771043771043,0.5762642406360134,0.3704974271012007,0.5389473684210526,0.5389473684210526,0.12521440823327623,,1.2872499937657267
adult_core,2010,joint_dirichlet_0.3,B0,5,5,1322,331,True,False,0.622356495468278,0.5892280963018119,0.289374445430346,,,0.6426353149955635,"equal_opportunity_gap,equalized_odds_gap",0.9916670096572489
adult_core,2010,joint_dirichlet_0.3,B0,5,6,2172,543,True,False,0.6961325966850829,0.6595481921988107,0.576829268292683,0.38684210526315793,,0.2036585365853658,"equalized_odds_gap,false_positive_rate_gap",1.245584018761292
adult_core,2010,joint_dirichlet_0.3,B0,5,7,681,171,True,True,0.7485380116959064,0.4280936454849498,0.015384615384615385,0.0,0.015748031496062992,0.8883677298311445,,0.818000000435859
adult_core,2010,joint_dirichlet_0.3,B0,5,8,903,226,True,False,0.8672566371681416,0.5472756410256411,,,,,"comparison_groups,subgroup_accuracy_gap",0.8385420078411698
adult_core,2010,joint_dirichlet_0.3,B0,5,9,3927,982,True,True,0.9887983706720977,0.4971838197644649,0.0012285012285012285,,,0.05829530829530827,"equal_opportunity_gap,equalized_odds_gap",1.7095840012189
adult_core,2010,joint_dirichlet_0.3,B1,1,0,2628,657,True,True,0.9665144596651446,0.4914860681114551,0.0,0.0,0.0,0.08676941315945474,,1.5018330013845116
adult_core,2010,joint_dirichlet_0.3,B1,1,1,5578,1395,True,True,1.0,1.0,0.0,,,0.0,"equal_opportunity_gap,equalized_odds_gap",2.259750006487593
adult_core,2010,joint_dirichlet_0.3,B1,1,2,168,43,True,False,0.9302325581395349,0.4819277108433735,,,,,"comparison_groups,subgroup_accuracy_gap",0.6363339780364186
adult_core,2010,joint_dirichlet_0.3,B1,1,3,753,189,True,True,0.798941798941799,0.49107142857142855,0.011363636363636364,,,0.21590909090909094,"equal_opportunity_gap,equalized_odds_gap",0.8890420140232891
adult_core,2010,joint_dirichlet_0.3,B1,1,4,2374,594,True,True,0.8097643097643098,0.48759876331157675,0.010291595197255532,0.002105263157894721,0.04629629629629628,0.6397941680960548,,1.2830000196117908
adult_core,2010,joint_dirichlet_0.3,B1,1,5,1322,331,True,False,0.851963746223565,0.8469342493936448,0.6980183377698905,,,0.19872079266489195,"equal_opportunity_gap,equalized_odds_gap",1.005958009045571
adult_core,2010,joint_dirichlet_0.3,B1,1,6,2172,543,True,True,0.8176795580110497,0.4952062576882988,0.04065040650406504,0.0,,0.8048780487804879,"equalized_odds_gap,false_positive_rate_gap",1.296083995839581
adult_core,2010,joint_dirichlet_0.3,B1,1,7,681,171,True,True,0.7543859649122807,0.43,0.007692307692307693,0.0,0.007874015748031496,0.8960600375234522,,0.8304159855470061
adult_core,2010,joint_dirichlet_0.3,B1,1,8,903,226,True,False,0.8628318584070797,0.5199725933538883,,,,,"comparison_groups,subgroup_accuracy_gap",0.8405830012634397
adult_core,2010,joint_dirichlet_0.3,B1,1,9,3927,982,True,True,0.9898167006109979,0.49744114636642783,0.0,,,0.059523809523809534,"equal_opportunity_gap,equalized_odds_gap",1.7559170082677156
adult_core,2010,joint_dirichlet_0.3,B1,2,0,2628,657,True,True,0.9665144596651446,0.4914860681114551,0.0,0.0,0.0,0.08676941315945474,,1.3752909726463258
adult_core,2010,joint_dirichlet_0.3,B1,2,1,5578,1395,True,True,1.0,1.0,0.0,,,0.0,"equal_opportunity_gap,equalized_odds_gap",2.1325830020941794
adult_core,2010,joint_dirichlet_0.3,B1,2,2,168,43,True,False,0.9767441860465116,0.8938271604938272,,,,,"comparison_groups,subgroup_accuracy_gap",0.6277080101426691
adult_core,2010,joint_dirichlet_0.3,B1,2,3,753,189,True,True,0.7936507936507936,0.4665267424187595,0.005681818181818182,,,0.22159090909090906,"equal_opportunity_gap,equalized_odds_gap",0.8464999846182764
adult_core,2010,joint_dirichlet_0.3,B1,2,4,2374,594,True,False,0.8653198653198653,0.7404583488082495,0.444253859348199,0.4726315789473684,0.4726315789473684,0.3259005145797599,,1.2799999967683107
adult_core,2010,joint_dirichlet_0.3,B1,2,5,1322,331,True,False,0.8126888217522659,0.8116141587721231,0.6276619343389529,,,0.26353149955634425,"equal_opportunity_gap,equalized_odds_gap",0.9948340011760592
adult_core,2010,joint_dirichlet_0.3,B1,2,6,2172,543,True,False,0.9023941068139963,0.8160674911322021,0.47113821138211376,0.035964912280701755,,0.3573170731707317,"equalized_odds_gap,false_positive_rate_gap",1.2437919795047492
adult_core,2010,joint_dirichlet_0.3,B1,2,7,681,171,True,True,0.7543859649122807,0.43,0.007692307692307693,0.0,0.007874015748031496,0.8960600375234522,,0.828499993076548
adult_core,2010,joint_dirichlet_0.3,B1,2,8,903,226,True,False,0.8628318584070797,0.5199725933538883,,,,,"comparison_groups,subgroup_accuracy_gap",0.840124994283542
adult_core,2010,joint_dirichlet_0.3,B1,2,9,3927,982,True,True,0.9898167006109979,0.49744114636642783,0.0,,,0.059523809523809534,"equal_opportunity_gap,equalized_odds_gap",1.7069170135073364
adult_core,2010,joint_dirichlet_0.3,B1,3,0,2628,657,True,True,0.9665144596651446,0.4914860681114551,0.0,0.0,0.0,0.08676941315945474,,1.371499995002523
adult_core,2010,joint_dirichlet_0.3,B1,3,1,5578,1395,True,True,1.0,1.0,0.0,,,0.0,"equal_opportunity_gap,equalized_odds_gap",2.1377080120146275
adult_core,2010,joint_dirichlet_0.3,B1,3,2,168,43,True,False,0.813953488372093,0.6126126126126126,,,,,"comparison_groups,subgroup_accuracy_gap",0.6270000012591481
adult_core,2010,joint_dirichlet_0.3,B1,3,3,753,189,True,True,0.7936507936507936,0.4665267424187595,0.005681818181818182,,,0.22159090909090906,"equal_opportunity_gap,equalized_odds_gap",0.8984999731183052
adult_core,2010,joint_dirichlet_0.3,B1,3,4,2374,594,True,True,0.7861952861952862,0.7161968466316292,0.24356775300171524,0.30000000000000004,0.30000000000000004,0.24528301886792458,,1.321207993896678
adult_core,2010,joint_dirichlet_0.3,B1,3,5,1322,331,True,False,0.6858006042296072,0.669736741115972,0.4035048802129547,,,0.5285048802129547,"equal_opportunity_gap,equalized_odds_gap",1.0054580052383244
adult_core,2010,joint_dirichlet_0.3,B1,3,6,2172,543,True,False,0.8729281767955801,0.818161081317188,0.6733449477351917,0.31390977443609025,,0.08797909407665505,"equalized_odds_gap,false_positive_rate_gap",1.2376249942462891
adult_core,2010,joint_dirichlet_0.3,B1,3,7,681,171,True,True,0.7485380116959064,0.4280936454849498,0.015384615384615385,0.0,0.015748031496062992,0.8883677298311445,,0.8148750057443976
adult_core,2010,joint_dirichlet_0.3,B1,3,8,903,226,True,False,0.8628318584070797,0.5199725933538883,,,,,"comparison_groups,subgroup_accuracy_gap",0.8659579907543957
adult_core,2010,joint_dirichlet_0.3,B1,3,9,3927,982,True,True,0.9898167006109979,0.49744114636642783,0.0,,,0.059523809523809534,"equal_opportunity_gap,equalized_odds_gap",1.7149999912362546
adult_core,2010,joint_dirichlet_0.3,B1,4,0,2628,657,True,True,0.9665144596651446,0.4914860681114551,0.0,0.0,0.0,0.08676941315945474,,1.3679169933311641
adult_core,2010,joint_dirichlet_0.3,B1,4,1,5578,1395,True,True,1.0,1.0,0.0,,,0.0,"equal_opportunity_gap,equalized_odds_gap",2.1322499960660934
adult_core,2010,joint_dirichlet_0.3,B1,4,2,168,43,True,False,0.627906976744186,0.5113636363636364,,,,,"comparison_groups,subgroup_accuracy_gap",0.6278749788179994
adult_core,2010,joint_dirichlet_0.3,B1,4,3,753,189,True,True,0.798941798941799,0.49107142857142855,0.011363636363636364,,,0.21590909090909094,"equal_opportunity_gap,equalized_odds_gap",0.8977910038083792
adult_core,2010,joint_dirichlet_0.3,B1,4,4,2374,594,True,True,0.6683501683501684,0.6235075335171535,0.274442538593482,0.6336842105263157,0.6336842105263157,0.12521440823327623,,1.2949589872732759
adult_core,2010,joint_dirichlet_0.3,B1,4,5,1322,331,True,False,0.6465256797583081,0.6209367200117457,0.33285270629991126,,,0.5991570541259982,"equal_opportunity_gap,equalized_odds_gap",1.0016250016633421
adult_core,2010,joint_dirichlet_0.3,B1,4,6,2172,543,True,False,0.7697974217311234,0.7245880486429241,0.6137630662020906,0.20939849624060158,,0.15046457607433217,"equalized_odds_gap,false_positive_rate_gap",1.2312080070842057
adult_core,2010,joint_dirichlet_0.3,B1,4,7,681,171,True,True,0.7485380116959064,0.4280936454849498,0.015384615384615385,0.0,0.015748031496062992,0.8883677298311445,,0.8325839880853891
adult_core,2010,joint_dirichlet_0.3,B1,4,8,903,226,True,False,0.8672566371681416,0.5472756410256411,,,,,"comparison_groups,subgroup_accuracy_gap",0.8461249817628413
adult_core,2010,joint_dirichlet_0.3,B1,4,9,3927,982,True,True,0.9887983706720977,0.4971838197644649,0.0012285012285012285,,,0.05829530829530827,"equal_opportunity_gap,equalized_odds_gap",1.7125419981312007
adult_core,2010,joint_dirichlet_0.3,B1,5,0,2628,657,True,True,0.9665144596651446,0.4914860681114551,0.0,0.0,0.0,0.08676941315945474,,1.3727909827139229
adult_core,2010,joint_dirichlet_0.3,B1,5,1,5578,1395,True,True,0.9985663082437276,0.4996413199426112,0.0006159935095318022,,,0.000615993509531787,"equal_opportunity_gap,equalized_odds_gap",2.1413330105133355
adult_core,2010,joint_dirichlet_0.3,B1,5,2,168,43,True,False,0.5813953488372093,0.4798387096774194,,,,,"comparison_groups,subgroup_accuracy_gap",0.6267499993555248
adult_core,2010,joint_dirichlet_0.3,B1,5,3,753,189,True,True,0.798941798941799,0.49107142857142855,0.011363636363636364,,,0.21590909090909094,"equal_opportunity_gap,equalized_odds_gap",0.8474999922327697
adult_core,2010,joint_dirichlet_0.3,B1,5,4,2374,594,True,False,0.6043771043771043,0.5762642406360134,0.3704974271012007,0.5389473684210526,0.5389473684210526,0.12521440823327623,,1.2768750020768493
adult_core,2010,joint_dirichlet_0.3,B1,5,5,1322,331,True,False,0.622356495468278,0.5892280963018119,0.289374445430346,,,0.6426353149955635,"equal_opportunity_gap,equalized_odds_gap",0.9910829830914736
adult_core,2010,joint_dirichlet_0.3,B1,5,6,2172,543,True,False,0.6961325966850829,0.6595481921988107,0.576829268292683,0.38684210526315793,,0.2036585365853658,"equalized_odds_gap,false_positive_rate_gap",1.2575419968925416
adult_core,2010,joint_dirichlet_0.3,B1,5,7,681,171,True,True,0.7485380116959064,0.4280936454849498,0.015384615384615385,0.0,0.015748031496062992,0.8883677298311445,,0.8275419822894037
adult_core,2010,joint_dirichlet_0.3,B1,5,8,903,226,True,False,0.8672566371681416,0.5472756410256411,,,,,"comparison_groups,subgroup_accuracy_gap",0.8319170156028122
adult_core,2010,joint_dirichlet_0.3,B1,5,9,3927,982,True,True,0.9887983706720977,0.4971838197644649,0.0012285012285012285,,,0.05829530829530827,"equal_opportunity_gap,equalized_odds_gap",1.7039590165950358
adult_core,2010,joint_dirichlet_0.3,B3,1,0,2628,657,True,True,0.9665144596651446,0.4914860681114551,0.0,0.0,0.0,0.08676941315945474,,1.5211660065688193
adult_core,2010,joint_dirichlet_0.3,B3,1,1,5578,1395,True,True,1.0,1.0,0.0,,,0.0,"equal_opportunity_gap,equalized_odds_gap",2.2278749966062605
adult_core,2010,joint_dirichlet_0.3,B3,1,2,168,43,True,False,0.9302325581395349,0.4819277108433735,,,,,"comparison_groups,subgroup_accuracy_gap",0.6474580150097609
adult_core,2010,joint_dirichlet_0.3,B3,1,3,753,189,True,True,0.798941798941799,0.49107142857142855,0.011363636363636364,,,0.21590909090909094,"equal_opportunity_gap,equalized_odds_gap",0.866875023348257
adult_core,2010,joint_dirichlet_0.3,B3,1,4,2374,594,True,True,0.8097643097643098,0.48759876331157675,0.010291595197255532,0.002105263157894721,0.04629629629629628,0.6397941680960548,,1.3025410007685423
adult_core,2010,joint_dirichlet_0.3,B3,1,5,1322,331,True,False,0.851963746223565,0.8469342493936448,0.6980183377698905,,,0.19872079266489195,"equal_opportunity_gap,equalized_odds_gap",1.0095409816130996
adult_core,2010,joint_dirichlet_0.3,B3,1,6,2172,543,True,True,0.8176795580110497,0.4952062576882988,0.04065040650406504,0.0,,0.8048780487804879,"equalized_odds_gap,false_positive_rate_gap",1.242958998773247
adult_core,2010,joint_dirichlet_0.3,B3,1,7,681,171,True,True,0.7543859649122807,0.43,0.007692307692307693,0.0,0.007874015748031496,0.8960600375234522,,0.8269170066341758
adult_core,2010,joint_dirichlet_0.3,B3,1,8,903,226,True,False,0.8628318584070797,0.5199725933538883,,,,,"comparison_groups,subgroup_accuracy_gap",0.837958010379225
adult_core,2010,joint_dirichlet_0.3,B3,1,9,3927,982,True,True,0.9898167006109979,0.49744114636642783,0.0,,,0.059523809523809534,"equal_opportunity_gap,equalized_odds_gap",1.7569169867783785
adult_core,2010,joint_dirichlet_0.3,B3,2,0,2628,657,True,True,0.9665144596651446,0.4914860681114551,0.0,0.0,0.0,0.08676941315945474,,1.362083974527195
adult_core,2010,joint_dirichlet_0.3,B3,2,1,5578,1395,True,True,1.0,1.0,0.0,,,0.0,"equal_opportunity_gap,equalized_odds_gap",2.132875000825152
adult_core,2010,joint_dirichlet_0.3,B3,2,2,168,43,True,False,0.9767441860465116,0.8938271604938272,,,,,"comparison_groups,subgroup_accuracy_gap",0.6205420067999512
adult_core,2010,joint_dirichlet_0.3,B3,2,3,753,189,True,True,0.7936507936507936,0.4665267424187595,0.005681818181818182,,,0.22159090909090906,"equal_opportunity_gap,equalized_odds_gap",0.8470829925499856
adult_core,2010,joint_dirichlet_0.3,B3,2,4,2374,594,True,False,0.867003367003367,0.7493095140153964,0.43567753001715265,0.46842105263157896,0.46842105263157896,0.3276157804459692,,1.2799590185750276
adult_core,2010,joint_dirichlet_0.3,B3,2,5,1322,331,True,False,0.7794561933534743,0.7768161455687433,0.5678793256433008,,,0.32331410825199636,"equal_opportunity_gap,equalized_odds_gap",0.9852920193225145
adult_core,2010,joint_dirichlet_0.3,B3,2,6,2172,543,True,False,0.9023941068139963,0.8177956175727608,0.47688734030197444,0.03358395989974938,,0.34680603948896627,"equalized_odds_gap,false_positive_rate_gap",1.221666985657066
adult_core,2010,joint_dirichlet_0.3,B3,2,7,681,171,True,True,0.7543859649122807,0.43,0.007692307692307693,0.0,0.007874015748031496,0.8960600375234522,,0.8461670076940209
adult_core,2010,joint_dirichlet_0.3,B3,2,8,903,226,True,False,0.8628318584070797,0.5199725933538883,,,,,"comparison_groups,subgroup_accuracy_gap",0.8514170185662806
adult_core,2010,joint_dirichlet_0.3,B3,2,9,3927,982,True,True,0.9898167006109979,0.49744114636642783,0.0,,,0.059523809523809534,"equal_opportunity_gap,equalized_odds_gap",1.713500008918345
adult_core,2010,joint_dirichlet_0.3,B3,3,0,2628,657,True,True,0.9665144596651446,0.4914860681114551,0.0,0.0,0.0,0.08676941315945474,,1.368583005387336
adult_core,2010,joint_dirichlet_0.3,B3,3,1,5578,1395,True,True,1.0,1.0,0.0,,,0.0,"equal_opportunity_gap,equalized_odds_gap",2.124500024365261
adult_core,2010,joint_dirichlet_0.3,B3,3,2,168,43,True,False,0.5813953488372093,0.4798387096774194,,,,,"comparison_groups,subgroup_accuracy_gap",0.6264580006245524
adult_core,2010,joint_dirichlet_0.3,B3,3,3,753,189,True,True,0.7883597883597884,0.4408284023668639,0.0,,,0.2272727272727273,"equal_opportunity_gap,equalized_odds_gap",0.8586669864598662
adult_core,2010,joint_dirichlet_0.3,B3,3,4,2374,594,True,False,0.5622895622895623,0.5436655674928199,0.31389365351629506,0.47789473684210526,0.47789473684210526,0.16809605488850776,,1.3085829850751907
adult_core,2010,joint_dirichlet_0.3,B3,3,5,1322,331,True,False,0.552870090634441,0.48123517451711284,0.15624075717243419,,,0.7921103223898255,"equal_opportunity_gap,equalized_odds_gap",0.9917920106090605
adult_core,2010,joint_dirichlet_0.3,B3,3,6,2172,543,True,False,0.6537753222836096,0.6239168877099912,0.5278164924506388,0.32969924812030077,,0.268931475029036,"equalized_odds_gap,false_positive_rate_gap",1.2234579771757126
adult_core,2010,joint_dirichlet_0.3,B3,3,7,681,171,True,True,0.7602339181286549,0.4318936877076412,0.0,0.0,0.0,0.9037523452157599,,0.8268330129794776
adult_core,2010,joint_dirichlet_0.3,B3,3,8,903,226,True,False,0.8584070796460177,0.4911342527441599,,,,,"comparison_groups,subgroup_accuracy_gap",0.8385419787373394
adult_core,2010,joint_dirichlet_0.3,B3,3,9,3927,982,True,True,0.9898167006109979,0.49744114636642783,0.0,,,0.059523809523809534,"equal_opportunity_gap,equalized_odds_gap",1.7299170140177011
adult_core,2010,joint_dirichlet_0.3,B3,4,0,2628,657,True,True,0.9665144596651446,0.4914860681114551,0.0,0.0,0.0,0.08676941315945474,,1.4110000047367066
adult_core,2010,joint_dirichlet_0.3,B3,4,1,5578,1395,True,True,1.0,1.0,0.0,,,0.0,"equal_opportunity_gap,equalized_odds_gap",2.143249992514029
adult_core,2010,joint_dirichlet_0.3,B3,4,2,168,43,True,False,0.3488372093023256,0.31900452488687786,,,,,"comparison_groups,subgroup_accuracy_gap",0.6282079848460853
adult_core,2010,joint_dirichlet_0.3,B3,4,3,753,189,True,True,0.7883597883597884,0.4408284023668639,0.0,,,0.2272727272727273,"equal_opportunity_gap,equalized_odds_gap",0.8519589900970459
adult_core,2010,joint_dirichlet_0.3,B3,4,4,2374,594,True,False,0.3552188552188552,0.3545584793247748,0.1680960548885077,0.20210526315789473,0.20210526315789473,0.47169811320754723,,1.2818330142181367
adult_core,2010,joint_dirichlet_0.3,B3,4,5,1322,331,True,False,0.4984894259818731,0.3834051530658048,0.059782608695652176,,,0.9021739130434783,"equal_opportunity_gap,equalized_odds_gap",0.9892919915728271
adult_core,2010,joint_dirichlet_0.3,B3,4,6,2172,543,True,False,0.427255985267035,0.426134915537613,0.25220673635307783,0.02969924812030078,,0.593321718931475,"equalized_odds_gap,false_positive_rate_gap",1.2272919993847609
adult_core,2010,joint_dirichlet_0.3,B3,4,7,681,171,True,True,0.7602339181286549,0.4318936877076412,0.0,0.0,0.0,0.9037523452157599,,0.8109170012176037
adult_core,2010,joint_dirichlet_0.3,B3,4,8,903,226,True,False,0.8584070796460177,0.4911342527441599,,,,,"comparison_groups,subgroup_accuracy_gap",0.8340420026797801
adult_core,2010,joint_dirichlet_0.3,B3,4,9,3927,982,True,True,0.9898167006109979,0.49744114636642783,0.0,,,0.059523809523809534,"equal_opportunity_gap,equalized_odds_gap",1.723666995530948
adult_core,2010,joint_dirichlet_0.3,B3,5,0,2628,657,True,True,0.9665144596651446,0.4914860681114551,0.0,0.0,0.0,0.08676941315945474,,1.3885420048609376
adult_core,2010,joint_dirichlet_0.3,B3,5,1,5578,1395,True,True,1.0,1.0,0.0,,,0.0,"equal_opportunity_gap,equalized_odds_gap",2.1505419863387942
adult_core,2010,joint_dirichlet_0.3,B3,5,2,168,43,True,False,0.18604651162790697,0.1842818428184282,,,,,"comparison_groups,subgroup_accuracy_gap",0.6234160100575536
adult_core,2010,joint_dirichlet_0.3,B3,5,3,753,189,True,True,0.7883597883597884,0.4408284023668639,0.0,,,0.2272727272727273,"equal_opportunity_gap,equalized_odds_gap",0.8661249885335565
adult_core,2010,joint_dirichlet_0.3,B3,5,4,2374,594,True,False,0.28114478114478114,0.27188119891946827,0.08576329331046312,0.10526315789473684,0.10526315789473684,0.5471698113207548,,1.280249998671934
adult_core,2010,joint_dirichlet_0.3,B3,5,5,1322,331,True,False,0.49244712990936557,0.37191650853889946,0.04891304347826087,,,0.9130434782608696,"equal_opportunity_gap,equalized_odds_gap",1.0135000047739595
adult_core,2010,joint_dirichlet_0.3,B3,5,6,2172,543,True,False,0.30386740331491713,0.2994744027303754,0.11370499419279909,0.01979949874686715,,0.7318234610917538,"equalized_odds_gap,false_positive_rate_gap",1.3114579778630286
adult_core,2010,joint_dirichlet_0.3,B3,5,7,681,171,True,True,0.7602339181286549,0.4318936877076412,0.0,0.0,0.0,0.9037523452157599,,0.8686250075697899
adult_core,2010,joint_dirichlet_0.3,B3,5,8,903,226,True,False,0.8584070796460177,0.4911342527441599,,,,,"comparison_groups,subgroup_accuracy_gap",0.8442089892923832
adult_core,2010,joint_dirichlet_0.3,B3,5,9,3927,982,True,True,0.9898167006109979,0.49744114636642783,0.0,,,0.059523809523809534,"equal_opportunity_gap,equalized_odds_gap",1.722541986964643
